=== perf snapshot 2025-12-16T14:23:18 ===
binary: /usr/local/bin/skaks
--- version ---
skaks version 0.1
Optimizations:
 - Bitboard move generation with precomputed attack masks
 - Alpha-beta search with transposition table caching
 - Zobrist hashing for incremental board state keys
 - Repetition detection through historical position tracking
 - Move ordering seeded by cached transposition moves
--- perf ---
[case] startpos
[perf] depth=4 iterations=3 fen="rnbqkbnr/pppppppp/8/8/8/8/PPPPPPPP/RNBQKBNR w KQkq - 0 1"
[perf] iter=1/3 nodes=72759 elapsed_ms=102 nps=713323
[perf] iter=2/3 nodes=72759 elapsed_ms=89 nps=817516
[perf] iter=3/3 nodes=72759 elapsed_ms=88 nps=826806
[perf] total_nodes=218277 total_ms=279 total_nps=782354 avg_nodes=72759 avg_ms=93
[case] balanced_midgame
[perf] depth=4 iterations=3 fen="r2q1rk1/pp1bbppp/2n1pn2/2pp4/3P1B2/2P1PN2/PP1NBPPP/R2Q1RK1 w - - 0 9"
[perf] iter=1/3 nodes=13414 elapsed_ms=31 nps=432709
[perf] iter=2/3 nodes=13414 elapsed_ms=29 nps=462551
[perf] iter=3/3 nodes=13414 elapsed_ms=31 nps=432709
[perf] total_nodes=40242 total_ms=91 total_nps=442219 avg_nodes=13414 avg_ms=30
[case] simplified_endgame
[perf] depth=4 iterations=3 fen="8/5k2/3p4/4p3/4P3/3P4/5K2/8 w - - 0 1"
[perf] iter=1/3 nodes=1126 elapsed_ms=0 nps=0
[perf] iter=2/3 nodes=1126 elapsed_ms=0 nps=0
[perf] iter=3/3 nodes=1126 elapsed_ms=0 nps=0
[perf] total_nodes=3378 total_ms=0 total_nps=0 avg_nodes=1126 avg_ms=0
=== perf snapshot 2025-12-16T22:43:24 ===
binary: /usr/local/bin/skaks
--- version ---
skaks version 0.3
Optimizations:
 - Bitboard move generation with precomputed attack masks
 - Alpha-beta search with transposition table caching
 - Zobrist hashing for incremental board state keys
 - Repetition detection through historical position tracking
 - Move ordering seeded by cached transposition moves
 - PV search with some reductions
 - Root move exclusion support for iterative deepening
--- perf ---
[case] startpos
[perf] depth=4 iterations=3 fen="rnbqkbnr/pppppppp/8/8/8/8/PPPPPPPP/RNBQKBNR w KQkq - 0 1"
[perf] iter=1/3 nodes=6950 elapsed_ms=8 nps=868750
[perf] iter=2/3 nodes=6950 elapsed_ms=9 nps=772222
[perf] iter=3/3 nodes=6950 elapsed_ms=9 nps=772222
[perf] total_nodes=20850 total_ms=26 total_nps=801923 avg_nodes=6950 avg_ms=8
[case] balanced_midgame
[perf] depth=4 iterations=3 fen="r2q1rk1/pp1bbppp/2n1pn2/2pp4/3P1B2/2P1PN2/PP1NBPPP/R2Q1RK1 w - - 0 9"
[perf] iter=1/3 nodes=14267 elapsed_ms=25 nps=570680
[perf] iter=2/3 nodes=14267 elapsed_ms=25 nps=570680
[perf] iter=3/3 nodes=14267 elapsed_ms=25 nps=570680
[perf] total_nodes=42801 total_ms=75 total_nps=570680 avg_nodes=14267 avg_ms=25
[case] simplified_endgame
[perf] depth=4 iterations=3 fen="8/5k2/3p4/4p3/4P3/3P4/5K2/8 w - - 0 1"
[perf] iter=1/3 nodes=611 elapsed_ms=0 nps=0
[perf] iter=2/3 nodes=611 elapsed_ms=0 nps=0
[perf] iter=3/3 nodes=611 elapsed_ms=0 nps=0
[perf] total_nodes=1833 total_ms=0 total_nps=0 avg_nodes=611 avg_ms=0
=== perf snapshot 2025-12-16T22:49:52 ===
binary: /usr/local/bin/skaks
--- version ---
skaks version 0.3
Optimizations:
 - Bitboard move generation with precomputed attack masks
 - Alpha-beta search with transposition table caching
 - Zobrist hashing for incremental board state keys
 - Repetition detection through historical position tracking
 - Move ordering seeded by cached transposition moves
 - PV search with some reductions
 - Root move exclusion support for iterative deepening
--- perf ---
[case] startpos
[perf] depth=8 iterations=3 fen="rnbqkbnr/pppppppp/8/8/8/8/PPPPPPPP/RNBQKBNR w KQkq - 0 1"
[perf] iter=1/3 nodes=4494098 elapsed_ms=6678 nps=672970
[perf] iter=2/3 nodes=4494098 elapsed_ms=6503 nps=691080
[perf] iter=3/3 nodes=4494098 elapsed_ms=6482 nps=693319
[perf] total_nodes=13482294 total_ms=19663 total_nps=685668 avg_nodes=4494098 avg_ms=6554
[case] balanced_midgame
[perf] depth=8 iterations=3 fen="r2q1rk1/pp1bbppp/2n1pn2/2pp4/3P1B2/2P1PN2/PP1NBPPP/R2Q1RK1 w - - 0 9"
[perf] iter=1/3 nodes=7160648 elapsed_ms=14014 nps=510963
[perf] iter=2/3 nodes=7160648 elapsed_ms=14156 nps=505838
[perf] iter=3/3 nodes=7160648 elapsed_ms=14084 nps=508424
[perf] total_nodes=21481944 total_ms=42254 total_nps=508400 avg_nodes=7160648 avg_ms=14084
[case] simplified_endgame
[perf] depth=8 iterations=3 fen="8/5k2/3p4/4p3/4P3/3P4/5K2/8 w - - 0 1"
[perf] iter=1/3 nodes=31799 elapsed_ms=21 nps=1514238
[perf] iter=2/3 nodes=31799 elapsed_ms=20 nps=1589950
[perf] iter=3/3 nodes=31799 elapsed_ms=20 nps=1589950
[perf] total_nodes=95397 total_ms=61 total_nps=1563885 avg_nodes=31799 avg_ms=20
=== perf snapshot 2025-12-17T09:30:52 ===
binary: /usr/local/bin/skaks
--- version ---
skaks version 0.3
Optimizations:
 - Bitboard move generation with precomputed attack masks
 - Alpha-beta search with transposition table caching
 - Zobrist hashing for incremental board state keys
 - Repetition detection through historical position tracking
 - Move ordering seeded by cached transposition moves
 - PV search with some reductions
 - Root move exclusion support for iterative deepening
--- perf ---
[case] startpos
[perf] depth=8 iterations=3 fen="rnbqkbnr/pppppppp/8/8/8/8/PPPPPPPP/RNBQKBNR w KQkq - 0 1"
[perf] iter=1/3 nodes=4494098 elapsed_ms=5772 nps=778603
[perf] iter=2/3 nodes=4494098 elapsed_ms=5790 nps=776182
[perf] iter=3/3 nodes=4494098 elapsed_ms=5776 nps=778064
[perf] total_nodes=13482294 total_ms=17338 total_nps=777615 avg_nodes=4494098 avg_ms=5779
[case] balanced_midgame
[perf] depth=8 iterations=3 fen="r2q1rk1/pp1bbppp/2n1pn2/2pp4/3P1B2/2P1PN2/PP1NBPPP/R2Q1RK1 w - - 0 9"
[perf] iter=1/3 nodes=7160648 elapsed_ms=12194 nps=587227
[perf] iter=2/3 nodes=7160648 elapsed_ms=12252 nps=584447
[perf] iter=3/3 nodes=7160648 elapsed_ms=12228 nps=585594
[perf] total_nodes=21481944 total_ms=36674 total_nps=585754 avg_nodes=7160648 avg_ms=12224
[case] simplified_endgame
[perf] depth=8 iterations=3 fen="8/5k2/3p4/4p3/4P3/3P4/5K2/8 w - - 0 1"
[perf] iter=1/3 nodes=31799 elapsed_ms=18 nps=1766611
[perf] iter=2/3 nodes=31799 elapsed_ms=18 nps=1766611
[perf] iter=3/3 nodes=31799 elapsed_ms=18 nps=1766611
[perf] total_nodes=95397 total_ms=54 total_nps=1766611 avg_nodes=31799 avg_ms=18

[case] startpos
[perf] depth=1 iterations=3 fen="rnbqkbnr/pppppppp/8/8/8/8/PPPPPPPP/RNBQKBNR w KQkq - 0 1"
[perf] iter=1/3 nodes=21 elapsed_ms=0 nps=0
[perf] iter=2/3 nodes=21 elapsed_ms=0 nps=0
[perf] iter=3/3 nodes=21 elapsed_ms=0 nps=0
[perf] total_nodes=63 total_ms=0 total_nps=0 avg_nodes=21 avg_ms=0
[case] balanced_midgame
[perf] depth=1 iterations=3 fen="r2q1rk1/pp1bbppp/2n1pn2/2pp4/3P1B2/2P1PN2/PP1NBPPP/R2Q1RK1 w - - 0 9"
[perf] iter=1/3 nodes=41 elapsed_ms=0 nps=0
[perf] iter=2/3 nodes=41 elapsed_ms=0 nps=0
[perf] iter=3/3 nodes=41 elapsed_ms=0 nps=0
[perf] total_nodes=123 total_ms=0 total_nps=0 avg_nodes=41 avg_ms=0
[case] simplified_endgame
[perf] depth=1 iterations=3 fen="8/5k2/3p4/4p3/4P3/3P4/5K2/8 w - - 0 1"
[perf] iter=1/3 nodes=10 elapsed_ms=0 nps=0
[perf] iter=2/3 nodes=10 elapsed_ms=0 nps=0
[perf] iter=3/3 nodes=10 elapsed_ms=0 nps=0
[perf] total_nodes=30 total_ms=0 total_nps=0 avg_nodes=10 avg_ms=0

[case] startpos
[perf] depth=2 iterations=3 fen="rnbqkbnr/pppppppp/8/8/8/8/PPPPPPPP/RNBQKBNR w KQkq - 0 1"
[perf] iter=1/3 nodes=167 elapsed_ms=0 nps=0
[perf] iter=2/3 nodes=167 elapsed_ms=0 nps=0
[perf] iter=3/3 nodes=167 elapsed_ms=0 nps=0
[perf] total_nodes=501 total_ms=0 total_nps=0 avg_nodes=167 avg_ms=0
[case] balanced_midgame
[perf] depth=2 iterations=3 fen="r2q1rk1/pp1bbppp/2n1pn2/2pp4/3P1B2/2P1PN2/PP1NBPPP/R2Q1RK1 w - - 0 9"
[perf] iter=1/3 nodes=220 elapsed_ms=0 nps=0
[perf] iter=2/3 nodes=220 elapsed_ms=0 nps=0
[perf] iter=3/3 nodes=220 elapsed_ms=0 nps=0
[perf] total_nodes=660 total_ms=0 total_nps=0 avg_nodes=220 avg_ms=0
[case] simplified_endgame
[perf] depth=2 iterations=3 fen="8/5k2/3p4/4p3/4P3/3P4/5K2/8 w - - 0 1"
[perf] iter=1/3 nodes=44 elapsed_ms=0 nps=0
[perf] iter=2/3 nodes=44 elapsed_ms=0 nps=0
[perf] iter=3/3 nodes=44 elapsed_ms=0 nps=0
[perf] total_nodes=132 total_ms=0 total_nps=0 avg_nodes=44 avg_ms=0

[case] startpos
[perf] depth=3 iterations=3 fen="rnbqkbnr/pppppppp/8/8/8/8/PPPPPPPP/RNBQKBNR w KQkq - 0 1"
[perf] iter=1/3 nodes=2279 elapsed_ms=3 nps=759666
[perf] iter=2/3 nodes=2279 elapsed_ms=3 nps=759666
[perf] iter=3/3 nodes=2279 elapsed_ms=3 nps=759666
[perf] total_nodes=6837 total_ms=9 total_nps=759666 avg_nodes=2279 avg_ms=3
[case] balanced_midgame
[perf] depth=3 iterations=3 fen="r2q1rk1/pp1bbppp/2n1pn2/2pp4/3P1B2/2P1PN2/PP1NBPPP/R2Q1RK1 w - - 0 9"
[perf] iter=1/3 nodes=2645 elapsed_ms=4 nps=661250
[perf] iter=2/3 nodes=2645 elapsed_ms=4 nps=661250
[perf] iter=3/3 nodes=2645 elapsed_ms=4 nps=661250
[perf] total_nodes=7935 total_ms=12 total_nps=661250 avg_nodes=2645 avg_ms=4
[case] simplified_endgame
[perf] depth=3 iterations=3 fen="8/5k2/3p4/4p3/4P3/3P4/5K2/8 w - - 0 1"
[perf] iter=1/3 nodes=221 elapsed_ms=0 nps=0
[perf] iter=2/3 nodes=221 elapsed_ms=0 nps=0
[perf] iter=3/3 nodes=221 elapsed_ms=0 nps=0
[perf] total_nodes=663 total_ms=0 total_nps=0 avg_nodes=221 avg_ms=0
=== perf snapshot 2025-12-17T09:34:26 ===
binary: /usr/local/bin/skaks
--- version ---
skaks version 0.3
Optimizations:
 - Bitboard move generation with precomputed attack masks
 - Alpha-beta search with transposition table caching
 - Zobrist hashing for incremental board state keys
 - Repetition detection through historical position tracking
 - Move ordering seeded by cached transposition moves
 - PV search with some reductions
 - Root move exclusion support for iterative deepening
--- perf ---
[case] startpos
[perf] depth=1 iterations=3 fen="rnbqkbnr/pppppppp/8/8/8/8/PPPPPPPP/RNBQKBNR w KQkq - 0 1"
[perf] iter=1/3 nodes=21 elapsed_ms=0 nps=0
[perf] iter=2/3 nodes=21 elapsed_ms=0 nps=0
[perf] iter=3/3 nodes=21 elapsed_ms=0 nps=0
[perf] total_nodes=63 total_ms=0 total_nps=0 avg_nodes=21 avg_ms=0
[case] balanced_midgame
[perf] depth=1 iterations=3 fen="r2q1rk1/pp1bbppp/2n1pn2/2pp4/3P1B2/2P1PN2/PP1NBPPP/R2Q1RK1 w - - 0 9"
[perf] iter=1/3 nodes=41 elapsed_ms=0 nps=0
[perf] iter=2/3 nodes=41 elapsed_ms=0 nps=0
[perf] iter=3/3 nodes=41 elapsed_ms=0 nps=0
[perf] total_nodes=123 total_ms=0 total_nps=0 avg_nodes=41 avg_ms=0
[case] simplified_endgame
[perf] depth=1 iterations=3 fen="8/5k2/3p4/4p3/4P3/3P4/5K2/8 w - - 0 1"
[perf] iter=1/3 nodes=10 elapsed_ms=0 nps=0
[perf] iter=2/3 nodes=10 elapsed_ms=0 nps=0
[perf] iter=3/3 nodes=10 elapsed_ms=0 nps=0
[perf] total_nodes=30 total_ms=0 total_nps=0 avg_nodes=10 avg_ms=0
[case] startpos
[perf] depth=2 iterations=3 fen="rnbqkbnr/pppppppp/8/8/8/8/PPPPPPPP/RNBQKBNR w KQkq - 0 1"
[perf] iter=1/3 nodes=167 elapsed_ms=0 nps=0
[perf] iter=2/3 nodes=167 elapsed_ms=0 nps=0
[perf] iter=3/3 nodes=167 elapsed_ms=0 nps=0
[perf] total_nodes=501 total_ms=0 total_nps=0 avg_nodes=167 avg_ms=0
[case] balanced_midgame
[perf] depth=2 iterations=3 fen="r2q1rk1/pp1bbppp/2n1pn2/2pp4/3P1B2/2P1PN2/PP1NBPPP/R2Q1RK1 w - - 0 9"
[perf] iter=1/3 nodes=220 elapsed_ms=0 nps=0
[perf] iter=2/3 nodes=220 elapsed_ms=0 nps=0
[perf] iter=3/3 nodes=220 elapsed_ms=0 nps=0
[perf] total_nodes=660 total_ms=0 total_nps=0 avg_nodes=220 avg_ms=0
[case] simplified_endgame
[perf] depth=2 iterations=3 fen="8/5k2/3p4/4p3/4P3/3P4/5K2/8 w - - 0 1"
[perf] iter=1/3 nodes=44 elapsed_ms=0 nps=0
[perf] iter=2/3 nodes=44 elapsed_ms=0 nps=0
[perf] iter=3/3 nodes=44 elapsed_ms=0 nps=0
[perf] total_nodes=132 total_ms=0 total_nps=0 avg_nodes=44 avg_ms=0
[case] startpos
[perf] depth=3 iterations=3 fen="rnbqkbnr/pppppppp/8/8/8/8/PPPPPPPP/RNBQKBNR w KQkq - 0 1"
[perf] iter=1/3 nodes=2279 elapsed_ms=3 nps=759666
[perf] iter=2/3 nodes=2279 elapsed_ms=3 nps=759666
[perf] iter=3/3 nodes=2279 elapsed_ms=3 nps=759666
[perf] total_nodes=6837 total_ms=9 total_nps=759666 avg_nodes=2279 avg_ms=3
[case] balanced_midgame
[perf] depth=3 iterations=3 fen="r2q1rk1/pp1bbppp/2n1pn2/2pp4/3P1B2/2P1PN2/PP1NBPPP/R2Q1RK1 w - - 0 9"
[perf] iter=1/3 nodes=2645 elapsed_ms=4 nps=661250
[perf] iter=2/3 nodes=2645 elapsed_ms=4 nps=661250
[perf] iter=3/3 nodes=2645 elapsed_ms=4 nps=661250
[perf] total_nodes=7935 total_ms=12 total_nps=661250 avg_nodes=2645 avg_ms=4
[case] simplified_endgame
[perf] depth=3 iterations=3 fen="8/5k2/3p4/4p3/4P3/3P4/5K2/8 w - - 0 1"
[perf] iter=1/3 nodes=221 elapsed_ms=0 nps=0
[perf] iter=2/3 nodes=221 elapsed_ms=0 nps=0
[perf] iter=3/3 nodes=221 elapsed_ms=0 nps=0
[perf] total_nodes=663 total_ms=0 total_nps=0 avg_nodes=221 avg_ms=0
[case] startpos
[perf] depth=8 iterations=3 fen="rnbqkbnr/pppppppp/8/8/8/8/PPPPPPPP/RNBQKBNR w KQkq - 0 1"
[perf] iter=1/3 nodes=4494098 elapsed_ms=5981 nps=751395
[perf] iter=2/3 nodes=4494098 elapsed_ms=5757 nps=780631
[perf] iter=3/3 nodes=4494098 elapsed_ms=5755 nps=780903
[perf] total_nodes=13482294 total_ms=17493 total_nps=770725 avg_nodes=4494098 avg_ms=5831
[case] balanced_midgame
[perf] depth=8 iterations=3 fen="r2q1rk1/pp1bbppp/2n1pn2/2pp4/3P1B2/2P1PN2/PP1NBPPP/R2Q1RK1 w - - 0 9"
[perf] iter=1/3 nodes=7160648 elapsed_ms=12014 nps=596025
[perf] iter=2/3 nodes=7160648 elapsed_ms=12252 nps=584447
[perf] iter=3/3 nodes=7160648 elapsed_ms=12228 nps=585594
[perf] total_nodes=21481944 total_ms=36494 total_nps=588643 avg_nodes=7160648 avg_ms=12164
[case] simplified_endgame
[perf] depth=8 iterations=3 fen="8/5k2/3p4/4p3/4P3/3P4/5K2/8 w - - 0 1"
[perf] iter=1/3 nodes=31799 elapsed_ms=18 nps=1766611
[perf] iter=2/3 nodes=31799 elapsed_ms=18 nps=1766611
[perf] iter=3/3 nodes=31799 elapsed_ms=18 nps=1766611
[perf] total_nodes=95397 total_ms=54 total_nps=1766611 avg_nodes=31799 avg_ms=18
=== perf snapshot 2025-12-17T22:31:25 ===
binary: /usr/local/bin/skaks
--- version ---
skaks version 0.4
Optimizations:
 - Bitboard move generation with precomputed attack masks
 - Alpha-beta search with transposition table caching
 - Zobrist hashing for incremental board state keys
 - Repetition detection through historical position tracking
 - Move ordering seeded by cached transposition moves
 - PV search with some reductions
 - Root move exclusion support for iterative deepening
 - Quiescence search to reduce horizon effect
--- perf ---
[case] startpos
[perf] depth=1 iterations=3 fen="rnbqkbnr/pppppppp/8/8/8/8/PPPPPPPP/RNBQKBNR w KQkq - 0 1"
[perf] iter=1/3 nodes=41 elapsed_ms=0 nps=0
[perf] iter=2/3 nodes=41 elapsed_ms=0 nps=0
[perf] iter=3/3 nodes=41 elapsed_ms=0 nps=0
[perf] total_nodes=123 total_ms=0 total_nps=0 avg_nodes=41 avg_ms=0
[case] balanced_midgame
[perf] depth=1 iterations=3 fen="r2q1rk1/pp1bbppp/2n1pn2/2pp4/3P1B2/2P1PN2/PP1NBPPP/R2Q1RK1 w - - 0 9"
[perf] iter=1/3 nodes=108 elapsed_ms=0 nps=0
[perf] iter=2/3 nodes=108 elapsed_ms=0 nps=0
[perf] iter=3/3 nodes=108 elapsed_ms=0 nps=0
[perf] total_nodes=324 total_ms=0 total_nps=0 avg_nodes=108 avg_ms=0
[case] simplified_endgame
[perf] depth=1 iterations=3 fen="8/5k2/3p4/4p3/4P3/3P4/5K2/8 w - - 0 1"
[perf] iter=1/3 nodes=20 elapsed_ms=0 nps=0
[perf] iter=2/3 nodes=20 elapsed_ms=0 nps=0
[perf] iter=3/3 nodes=20 elapsed_ms=0 nps=0
[perf] total_nodes=60 total_ms=0 total_nps=0 avg_nodes=20 avg_ms=0
[case] startpos
[perf] depth=2 iterations=3 fen="rnbqkbnr/pppppppp/8/8/8/8/PPPPPPPP/RNBQKBNR w KQkq - 0 1"
[perf] iter=1/3 nodes=298 elapsed_ms=0 nps=0
[perf] iter=2/3 nodes=298 elapsed_ms=0 nps=0
[perf] iter=3/3 nodes=298 elapsed_ms=0 nps=0
[perf] total_nodes=894 total_ms=0 total_nps=0 avg_nodes=298 avg_ms=0
[case] balanced_midgame
[perf] depth=2 iterations=3 fen="r2q1rk1/pp1bbppp/2n1pn2/2pp4/3P1B2/2P1PN2/PP1NBPPP/R2Q1RK1 w - - 0 9"
[perf] iter=1/3 nodes=1535 elapsed_ms=3 nps=511666
[perf] iter=2/3 nodes=1535 elapsed_ms=3 nps=511666
[perf] iter=3/3 nodes=1535 elapsed_ms=3 nps=511666
[perf] total_nodes=4605 total_ms=9 total_nps=511666 avg_nodes=1535 avg_ms=3
[case] simplified_endgame
[perf] depth=2 iterations=3 fen="8/5k2/3p4/4p3/4P3/3P4/5K2/8 w - - 0 1"
[perf] iter=1/3 nodes=97 elapsed_ms=0 nps=0
[perf] iter=2/3 nodes=97 elapsed_ms=0 nps=0
[perf] iter=3/3 nodes=97 elapsed_ms=0 nps=0
[perf] total_nodes=291 total_ms=0 total_nps=0 avg_nodes=97 avg_ms=0
[case] startpos
[perf] depth=3 iterations=3 fen="rnbqkbnr/pppppppp/8/8/8/8/PPPPPPPP/RNBQKBNR w KQkq - 0 1"
[perf] iter=1/3 nodes=4031 elapsed_ms=3 nps=1343666
[perf] iter=2/3 nodes=4031 elapsed_ms=3 nps=1343666
[perf] iter=3/3 nodes=4031 elapsed_ms=3 nps=1343666
[perf] total_nodes=12093 total_ms=9 total_nps=1343666 avg_nodes=4031 avg_ms=3
[case] balanced_midgame
[perf] depth=3 iterations=3 fen="r2q1rk1/pp1bbppp/2n1pn2/2pp4/3P1B2/2P1PN2/PP1NBPPP/R2Q1RK1 w - - 0 9"
[perf] iter=1/3 nodes=12701 elapsed_ms=27 nps=470407
[perf] iter=2/3 nodes=12701 elapsed_ms=25 nps=508040
[perf] iter=3/3 nodes=12701 elapsed_ms=26 nps=488500
[perf] total_nodes=38103 total_ms=78 total_nps=488500 avg_nodes=12701 avg_ms=26
[case] simplified_endgame
[perf] depth=3 iterations=3 fen="8/5k2/3p4/4p3/4P3/3P4/5K2/8 w - - 0 1"
[perf] iter=1/3 nodes=375 elapsed_ms=0 nps=0
[perf] iter=2/3 nodes=375 elapsed_ms=0 nps=0
[perf] iter=3/3 nodes=375 elapsed_ms=0 nps=0
[perf] total_nodes=1125 total_ms=0 total_nps=0 avg_nodes=375 avg_ms=0
[case] startpos
[perf] depth=8 iterations=3 fen="rnbqkbnr/pppppppp/8/8/8/8/PPPPPPPP/RNBQKBNR w KQkq - 0 1"
[perf] iter=1/3 nodes=5734256 elapsed_ms=7166 nps=800203
[perf] iter=2/3 nodes=5734256 elapsed_ms=7207 nps=795650
[perf] iter=3/3 nodes=5734256 elapsed_ms=7290 nps=786592
[perf] total_nodes=17202768 total_ms=21663 total_nps=794108 avg_nodes=5734256 avg_ms=7221
[case] balanced_midgame
[perf] depth=8 iterations=3 fen="r2q1rk1/pp1bbppp/2n1pn2/2pp4/3P1B2/2P1PN2/PP1NBPPP/R2Q1RK1 w - - 0 9"
[perf] iter=1/3 nodes=6826607 elapsed_ms=14407 nps=473839
[perf] iter=2/3 nodes=6826607 elapsed_ms=14408 nps=473806
[perf] iter=3/3 nodes=6826607 elapsed_ms=14516 nps=470281
[perf] total_nodes=20479821 total_ms=43331 total_nps=472636 avg_nodes=6826607 avg_ms=14443
[case] simplified_endgame
[perf] depth=8 iterations=3 fen="8/5k2/3p4/4p3/4P3/3P4/5K2/8 w - - 0 1"
[perf] iter=1/3 nodes=52355 elapsed_ms=34 nps=1539852
[perf] iter=2/3 nodes=52355 elapsed_ms=35 nps=1495857
[perf] iter=3/3 nodes=52355 elapsed_ms=38 nps=1377763
[perf] total_nodes=157065 total_ms=107 total_nps=1467897 avg_nodes=52355 avg_ms=35
=== perf snapshot 2025-12-17T23:47:03 ===
binary: /usr/local/bin/skaks
--- version ---
skaks version 0.4
Optimizations:
 - Bitboard move generation with precomputed attack masks
 - Alpha-beta search with transposition table caching
 - Zobrist hashing for incremental board state keys
 - Repetition detection through historical position tracking
 - Move ordering seeded by cached transposition moves
 - PV search with some reductions
 - Root move exclusion support for iterative deepening
 - Quiescence search to reduce horizon effect
 - Killer move heuristic for quiet move ordering
--- perf ---
[case] startpos
[perf] depth=1 iterations=3 fen="rnbqkbnr/pppppppp/8/8/8/8/PPPPPPPP/RNBQKBNR w KQkq - 0 1"
[perf] iter=1/3 nodes=41 elapsed_ms=0 nps=0
[perf] iter=2/3 nodes=41 elapsed_ms=0 nps=0
[perf] iter=3/3 nodes=41 elapsed_ms=0 nps=0
[perf] total_nodes=123 total_ms=0 total_nps=0 avg_nodes=41 avg_ms=0
[case] balanced_midgame
[perf] depth=1 iterations=3 fen="r2q1rk1/pp1bbppp/2n1pn2/2pp4/3P1B2/2P1PN2/PP1NBPPP/R2Q1RK1 w - - 0 9"
[perf] iter=1/3 nodes=108 elapsed_ms=0 nps=0
[perf] iter=2/3 nodes=108 elapsed_ms=0 nps=0
[perf] iter=3/3 nodes=108 elapsed_ms=0 nps=0
[perf] total_nodes=324 total_ms=0 total_nps=0 avg_nodes=108 avg_ms=0
[case] simplified_endgame
[perf] depth=1 iterations=3 fen="8/5k2/3p4/4p3/4P3/3P4/5K2/8 w - - 0 1"
[perf] iter=1/3 nodes=20 elapsed_ms=0 nps=0
[perf] iter=2/3 nodes=20 elapsed_ms=0 nps=0
[perf] iter=3/3 nodes=20 elapsed_ms=0 nps=0
[perf] total_nodes=60 total_ms=0 total_nps=0 avg_nodes=20 avg_ms=0
[case] startpos
[perf] depth=2 iterations=3 fen="rnbqkbnr/pppppppp/8/8/8/8/PPPPPPPP/RNBQKBNR w KQkq - 0 1"
[perf] iter=1/3 nodes=200 elapsed_ms=0 nps=0
[perf] iter=2/3 nodes=200 elapsed_ms=0 nps=0
[perf] iter=3/3 nodes=200 elapsed_ms=0 nps=0
[perf] total_nodes=600 total_ms=0 total_nps=0 avg_nodes=200 avg_ms=0
[case] balanced_midgame
[perf] depth=2 iterations=3 fen="r2q1rk1/pp1bbppp/2n1pn2/2pp4/3P1B2/2P1PN2/PP1NBPPP/R2Q1RK1 w - - 0 9"
[perf] iter=1/3 nodes=1221 elapsed_ms=3 nps=407000
[perf] iter=2/3 nodes=1221 elapsed_ms=3 nps=407000
[perf] iter=3/3 nodes=1221 elapsed_ms=3 nps=407000
[perf] total_nodes=3663 total_ms=9 total_nps=407000 avg_nodes=1221 avg_ms=3
[case] simplified_endgame
[perf] depth=2 iterations=3 fen="8/5k2/3p4/4p3/4P3/3P4/5K2/8 w - - 0 1"
[perf] iter=1/3 nodes=78 elapsed_ms=0 nps=0
[perf] iter=2/3 nodes=78 elapsed_ms=0 nps=0
[perf] iter=3/3 nodes=78 elapsed_ms=0 nps=0
[perf] total_nodes=234 total_ms=0 total_nps=0 avg_nodes=78 avg_ms=0
[case] startpos
[perf] depth=3 iterations=3 fen="rnbqkbnr/pppppppp/8/8/8/8/PPPPPPPP/RNBQKBNR w KQkq - 0 1"
[perf] iter=1/3 nodes=1216 elapsed_ms=1 nps=1216000
[perf] iter=2/3 nodes=1216 elapsed_ms=1 nps=1216000
[perf] iter=3/3 nodes=1216 elapsed_ms=1 nps=1216000
[perf] total_nodes=3648 total_ms=3 total_nps=1216000 avg_nodes=1216 avg_ms=1
[case] balanced_midgame
[perf] depth=3 iterations=3 fen="r2q1rk1/pp1bbppp/2n1pn2/2pp4/3P1B2/2P1PN2/PP1NBPPP/R2Q1RK1 w - - 0 9"
[perf] iter=1/3 nodes=6246 elapsed_ms=9 nps=694000
[perf] iter=2/3 nodes=6246 elapsed_ms=10 nps=624600
[perf] iter=3/3 nodes=6246 elapsed_ms=10 nps=624600
[perf] total_nodes=18738 total_ms=29 total_nps=646137 avg_nodes=6246 avg_ms=9
[case] simplified_endgame
[perf] depth=3 iterations=3 fen="8/5k2/3p4/4p3/4P3/3P4/5K2/8 w - - 0 1"
[perf] iter=1/3 nodes=255 elapsed_ms=0 nps=0
[perf] iter=2/3 nodes=255 elapsed_ms=0 nps=0
[perf] iter=3/3 nodes=255 elapsed_ms=0 nps=0
[perf] total_nodes=765 total_ms=0 total_nps=0 avg_nodes=255 avg_ms=0
[case] startpos
[perf] depth=8 iterations=3 fen="rnbqkbnr/pppppppp/8/8/8/8/PPPPPPPP/RNBQKBNR w KQkq - 0 1"
[perf] iter=1/3 nodes=558896 elapsed_ms=834 nps=670139
[perf] iter=2/3 nodes=558896 elapsed_ms=888 nps=629387
[perf] iter=3/3 nodes=558896 elapsed_ms=793 nps=704786
[perf] total_nodes=1676688 total_ms=2515 total_nps=666675 avg_nodes=558896 avg_ms=838
[case] balanced_midgame
[perf] depth=8 iterations=3 fen="r2q1rk1/pp1bbppp/2n1pn2/2pp4/3P1B2/2P1PN2/PP1NBPPP/R2Q1RK1 w - - 0 9"
[perf] iter=1/3 nodes=3028134 elapsed_ms=4562 nps=663773
[perf] iter=2/3 nodes=3028134 elapsed_ms=4493 nps=673967
[perf] iter=3/3 nodes=3028134 elapsed_ms=4544 nps=666402
[perf] total_nodes=9084402 total_ms=13599 total_nps=668019 avg_nodes=3028134 avg_ms=4533
[case] simplified_endgame
[perf] depth=8 iterations=3 fen="8/5k2/3p4/4p3/4P3/3P4/5K2/8 w - - 0 1"
[perf] iter=1/3 nodes=8761 elapsed_ms=5 nps=1752200
[perf] iter=2/3 nodes=8761 elapsed_ms=5 nps=1752200
[perf] iter=3/3 nodes=8761 elapsed_ms=5 nps=1752200
[perf] total_nodes=26283 total_ms=15 total_nps=1752200 avg_nodes=8761 avg_ms=5
=== perf snapshot 2025-12-20T09:55:37 ===
binary: /usr/local/bin/skaks
--- version ---
skaks version 0.6
Optimizations:
 - Bitboard move generation with precomputed attack masks
 - Alpha-beta search with transposition table caching
 - Zobrist hashing for incremental board state keys
 - Repetition detection through historical position tracking
 - Move ordering seeded by cached transposition moves
 - PV search with some reductions
 - Root move exclusion support for iterative deepening
 - Quiescence search to reduce horizon effect
 - Killer move heuristic for quiet move ordering
 - Support for polyglot book of moves
--- perf ---
[case] startpos
[perf] depth=1 iterations=3 fen="rnbqkbnr/pppppppp/8/8/8/8/PPPPPPPP/RNBQKBNR w KQkq - 0 1"
[perf] iter=1/3 nodes=41 elapsed_ms=0 nps=0
[perf] iter=2/3 nodes=41 elapsed_ms=0 nps=0
[perf] iter=3/3 nodes=41 elapsed_ms=0 nps=0
[perf] total_nodes=123 total_ms=0 total_nps=0 avg_nodes=41 avg_ms=0
[case] balanced_midgame
[perf] depth=1 iterations=3 fen="r2q1rk1/pp1bbppp/2n1pn2/2pp4/3P1B2/2P1PN2/PP1NBPPP/R2Q1RK1 w - - 0 9"
[perf] iter=1/3 nodes=98 elapsed_ms=0 nps=0
[perf] iter=2/3 nodes=98 elapsed_ms=0 nps=0
[perf] iter=3/3 nodes=98 elapsed_ms=0 nps=0
[perf] total_nodes=294 total_ms=0 total_nps=0 avg_nodes=98 avg_ms=0
[case] simplified_endgame
[perf] depth=1 iterations=3 fen="8/5k2/3p4/4p3/4P3/3P4/5K2/8 w - - 0 1"
[perf] iter=1/3 nodes=20 elapsed_ms=0 nps=0
[perf] iter=2/3 nodes=20 elapsed_ms=0 nps=0
[perf] iter=3/3 nodes=20 elapsed_ms=0 nps=0
[perf] total_nodes=60 total_ms=0 total_nps=0 avg_nodes=20 avg_ms=0
[case] startpos
[perf] depth=2 iterations=3 fen="rnbqkbnr/pppppppp/8/8/8/8/PPPPPPPP/RNBQKBNR w KQkq - 0 1"
[perf] iter=1/3 nodes=200 elapsed_ms=0 nps=0
[perf] iter=2/3 nodes=200 elapsed_ms=0 nps=0
[perf] iter=3/3 nodes=200 elapsed_ms=0 nps=0
[perf] total_nodes=600 total_ms=0 total_nps=0 avg_nodes=200 avg_ms=0
[case] balanced_midgame
[perf] depth=2 iterations=3 fen="r2q1rk1/pp1bbppp/2n1pn2/2pp4/3P1B2/2P1PN2/PP1NBPPP/R2Q1RK1 w - - 0 9"
[perf] iter=1/3 nodes=1315 elapsed_ms=4 nps=328750
[perf] iter=2/3 nodes=1315 elapsed_ms=5 nps=263000
[perf] iter=3/3 nodes=1315 elapsed_ms=4 nps=328750
[perf] total_nodes=3945 total_ms=13 total_nps=303461 avg_nodes=1315 avg_ms=4
[case] simplified_endgame
[perf] depth=2 iterations=3 fen="8/5k2/3p4/4p3/4P3/3P4/5K2/8 w - - 0 1"
[perf] iter=1/3 nodes=77 elapsed_ms=0 nps=0
[perf] iter=2/3 nodes=77 elapsed_ms=0 nps=0
[perf] iter=3/3 nodes=77 elapsed_ms=0 nps=0
[perf] total_nodes=231 total_ms=0 total_nps=0 avg_nodes=77 avg_ms=0
[case] startpos
[perf] depth=3 iterations=3 fen="rnbqkbnr/pppppppp/8/8/8/8/PPPPPPPP/RNBQKBNR w KQkq - 0 1"
[perf] iter=1/3 nodes=1216 elapsed_ms=2 nps=608000
[perf] iter=2/3 nodes=1216 elapsed_ms=2 nps=608000
[perf] iter=3/3 nodes=1216 elapsed_ms=2 nps=608000
[perf] total_nodes=3648 total_ms=6 total_nps=608000 avg_nodes=1216 avg_ms=2
[case] balanced_midgame
[perf] depth=3 iterations=3 fen="r2q1rk1/pp1bbppp/2n1pn2/2pp4/3P1B2/2P1PN2/PP1NBPPP/R2Q1RK1 w - - 0 9"
[perf] iter=1/3 nodes=7183 elapsed_ms=20 nps=359150
[perf] iter=2/3 nodes=7183 elapsed_ms=17 nps=422529
[perf] iter=3/3 nodes=7183 elapsed_ms=16 nps=448937
[perf] total_nodes=21549 total_ms=53 total_nps=406584 avg_nodes=7183 avg_ms=17
[case] simplified_endgame
[perf] depth=3 iterations=3 fen="8/5k2/3p4/4p3/4P3/3P4/5K2/8 w - - 0 1"
[perf] iter=1/3 nodes=254 elapsed_ms=0 nps=0
[perf] iter=2/3 nodes=254 elapsed_ms=0 nps=0
[perf] iter=3/3 nodes=254 elapsed_ms=0 nps=0
[perf] total_nodes=762 total_ms=0 total_nps=0 avg_nodes=254 avg_ms=0
[case] startpos
[perf] depth=4 iterations=3 fen="rnbqkbnr/pppppppp/8/8/8/8/PPPPPPPP/RNBQKBNR w KQkq - 0 1"
[perf] iter=1/3 nodes=3531 elapsed_ms=5 nps=706200
[perf] iter=2/3 nodes=3531 elapsed_ms=5 nps=706200
[perf] iter=3/3 nodes=3531 elapsed_ms=5 nps=706200
[perf] total_nodes=10593 total_ms=15 total_nps=706200 avg_nodes=3531 avg_ms=5
[case] balanced_midgame
[perf] depth=4 iterations=3 fen="r2q1rk1/pp1bbppp/2n1pn2/2pp4/3P1B2/2P1PN2/PP1NBPPP/R2Q1RK1 w - - 0 9"
[perf] iter=1/3 nodes=30632 elapsed_ms=73 nps=419616
[perf] iter=2/3 nodes=30632 elapsed_ms=73 nps=419616
[perf] iter=3/3 nodes=30632 elapsed_ms=79 nps=387746
[perf] total_nodes=91896 total_ms=225 total_nps=408426 avg_nodes=30632 avg_ms=75
[case] simplified_endgame
[perf] depth=4 iterations=3 fen="8/5k2/3p4/4p3/4P3/3P4/5K2/8 w - - 0 1"
[perf] iter=1/3 nodes=513 elapsed_ms=0 nps=0
[perf] iter=2/3 nodes=513 elapsed_ms=0 nps=0
[perf] iter=3/3 nodes=513 elapsed_ms=0 nps=0
[perf] total_nodes=1539 total_ms=0 total_nps=0 avg_nodes=513 avg_ms=0
[case] startpos
[perf] depth=8 iterations=3 fen="rnbqkbnr/pppppppp/8/8/8/8/PPPPPPPP/RNBQKBNR w KQkq - 0 1"
[perf] iter=1/3 nodes=910602 elapsed_ms=1712 nps=531893
[perf] iter=2/3 nodes=910602 elapsed_ms=1703 nps=534704
[perf] iter=3/3 nodes=910602 elapsed_ms=1727 nps=527273
[perf] total_nodes=2731806 total_ms=5142 total_nps=531273 avg_nodes=910602 avg_ms=1714
[case] balanced_midgame
[perf] depth=8 iterations=3 fen="r2q1rk1/pp1bbppp/2n1pn2/2pp4/3P1B2/2P1PN2/PP1NBPPP/R2Q1RK1 w - - 0 9"
[perf] iter=1/3 nodes=3118819 elapsed_ms=5942 nps=524876
[perf] iter=2/3 nodes=3118819 elapsed_ms=6035 nps=516788
[perf] iter=3/3 nodes=3118819 elapsed_ms=6036 nps=516702
[perf] total_nodes=9356457 total_ms=18013 total_nps=519428 avg_nodes=3118819 avg_ms=6004
[case] simplified_endgame
[perf] depth=8 iterations=3 fen="8/5k2/3p4/4p3/4P3/3P4/5K2/8 w - - 0 1"
[perf] iter=1/3 nodes=8347 elapsed_ms=5 nps=1669400
[perf] iter=2/3 nodes=8347 elapsed_ms=5 nps=1669400
[perf] iter=3/3 nodes=8347 elapsed_ms=5 nps=1669400
[perf] total_nodes=25041 total_ms=15 total_nps=1669400 avg_nodes=8347 avg_ms=5
=== perf snapshot 2025-12-21T23:39:51 ===
binary: /usr/local/bin/skaks
--- version ---
skaks version 0.6
Optimizations:
 - Bitboard move generation with precomputed attack masks
 - Alpha-beta search with transposition table caching
 - Zobrist hashing for incremental board state keys
 - Repetition detection through historical position tracking
 - Move ordering seeded by cached transposition moves
 - PV search with some reductions
 - Root move exclusion support for iterative deepening
 - Quiescence search to reduce horizon effect
 - Killer move heuristic for quiet move ordering
 - Support for polyglot book of moves
--- perf ---
[case] startpos
[perf] depth=1 iterations=3 fen="rnbqkbnr/pppppppp/8/8/8/8/PPPPPPPP/RNBQKBNR w KQkq - 0 1"
[perf] iter=1/3 nodes=41 elapsed_ms=0 nps=0
[perf] iter=2/3 nodes=41 elapsed_ms=0 nps=0
[perf] iter=3/3 nodes=41 elapsed_ms=0 nps=0
[perf] total_nodes=123 total_ms=0 total_nps=0 avg_nodes=41 avg_ms=0
[case] balanced_midgame
[perf] depth=1 iterations=3 fen="r2q1rk1/pp1bbppp/2n1pn2/2pp4/3P1B2/2P1PN2/PP1NBPPP/R2Q1RK1 w - - 0 9"
[perf] iter=1/3 nodes=98 elapsed_ms=0 nps=0
[perf] iter=2/3 nodes=98 elapsed_ms=0 nps=0
[perf] iter=3/3 nodes=98 elapsed_ms=0 nps=0
[perf] total_nodes=294 total_ms=0 total_nps=0 avg_nodes=98 avg_ms=0
[case] simplified_endgame
[perf] depth=1 iterations=3 fen="8/5k2/3p4/4p3/4P3/3P4/5K2/8 w - - 0 1"
[perf] iter=1/3 nodes=20 elapsed_ms=0 nps=0
[perf] iter=2/3 nodes=20 elapsed_ms=0 nps=0
[perf] iter=3/3 nodes=20 elapsed_ms=0 nps=0
[perf] total_nodes=60 total_ms=0 total_nps=0 avg_nodes=20 avg_ms=0
[case] startpos
[perf] depth=2 iterations=3 fen="rnbqkbnr/pppppppp/8/8/8/8/PPPPPPPP/RNBQKBNR w KQkq - 0 1"
[perf] iter=1/3 nodes=200 elapsed_ms=0 nps=0
[perf] iter=2/3 nodes=200 elapsed_ms=0 nps=0
[perf] iter=3/3 nodes=200 elapsed_ms=0 nps=0
[perf] total_nodes=600 total_ms=0 total_nps=0 avg_nodes=200 avg_ms=0
[case] balanced_midgame
[perf] depth=2 iterations=3 fen="r2q1rk1/pp1bbppp/2n1pn2/2pp4/3P1B2/2P1PN2/PP1NBPPP/R2Q1RK1 w - - 0 9"
[perf] iter=1/3 nodes=1315 elapsed_ms=4 nps=328750
[perf] iter=2/3 nodes=1315 elapsed_ms=4 nps=328750
[perf] iter=3/3 nodes=1315 elapsed_ms=4 nps=328750
[perf] total_nodes=3945 total_ms=12 total_nps=328750 avg_nodes=1315 avg_ms=4
[case] simplified_endgame
[perf] depth=2 iterations=3 fen="8/5k2/3p4/4p3/4P3/3P4/5K2/8 w - - 0 1"
[perf] iter=1/3 nodes=77 elapsed_ms=0 nps=0
[perf] iter=2/3 nodes=77 elapsed_ms=0 nps=0
[perf] iter=3/3 nodes=77 elapsed_ms=0 nps=0
[perf] total_nodes=231 total_ms=0 total_nps=0 avg_nodes=77 avg_ms=0
[case] startpos
[perf] depth=3 iterations=3 fen="rnbqkbnr/pppppppp/8/8/8/8/PPPPPPPP/RNBQKBNR w KQkq - 0 1"
[perf] iter=1/3 nodes=1216 elapsed_ms=1 nps=1216000
[perf] iter=2/3 nodes=1216 elapsed_ms=1 nps=1216000
[perf] iter=3/3 nodes=1216 elapsed_ms=1 nps=1216000
[perf] total_nodes=3648 total_ms=3 total_nps=1216000 avg_nodes=1216 avg_ms=1
[case] balanced_midgame
[perf] depth=3 iterations=3 fen="r2q1rk1/pp1bbppp/2n1pn2/2pp4/3P1B2/2P1PN2/PP1NBPPP/R2Q1RK1 w - - 0 9"
[perf] iter=1/3 nodes=7183 elapsed_ms=17 nps=422529
[perf] iter=2/3 nodes=7183 elapsed_ms=16 nps=448937
[perf] iter=3/3 nodes=7183 elapsed_ms=16 nps=448937
[perf] total_nodes=21549 total_ms=49 total_nps=439775 avg_nodes=7183 avg_ms=16
[case] simplified_endgame
[perf] depth=3 iterations=3 fen="8/5k2/3p4/4p3/4P3/3P4/5K2/8 w - - 0 1"
[perf] iter=1/3 nodes=254 elapsed_ms=0 nps=0
[perf] iter=2/3 nodes=254 elapsed_ms=0 nps=0
[perf] iter=3/3 nodes=254 elapsed_ms=0 nps=0
[perf] total_nodes=762 total_ms=0 total_nps=0 avg_nodes=254 avg_ms=0
[case] startpos
[perf] depth=4 iterations=3 fen="rnbqkbnr/pppppppp/8/8/8/8/PPPPPPPP/RNBQKBNR w KQkq - 0 1"
[perf] iter=1/3 nodes=3531 elapsed_ms=5 nps=706200
[perf] iter=2/3 nodes=3531 elapsed_ms=5 nps=706200
[perf] iter=3/3 nodes=3531 elapsed_ms=5 nps=706200
[perf] total_nodes=10593 total_ms=15 total_nps=706200 avg_nodes=3531 avg_ms=5
[case] balanced_midgame
[perf] depth=4 iterations=3 fen="r2q1rk1/pp1bbppp/2n1pn2/2pp4/3P1B2/2P1PN2/PP1NBPPP/R2Q1RK1 w - - 0 9"
[perf] iter=1/3 nodes=30632 elapsed_ms=75 nps=408426
[perf] iter=2/3 nodes=30632 elapsed_ms=76 nps=403052
[perf] iter=3/3 nodes=30632 elapsed_ms=80 nps=382900
[perf] total_nodes=91896 total_ms=231 total_nps=397818 avg_nodes=30632 avg_ms=77
[case] simplified_endgame
[perf] depth=4 iterations=3 fen="8/5k2/3p4/4p3/4P3/3P4/5K2/8 w - - 0 1"
[perf] iter=1/3 nodes=513 elapsed_ms=0 nps=0
[perf] iter=2/3 nodes=513 elapsed_ms=0 nps=0
[perf] iter=3/3 nodes=513 elapsed_ms=0 nps=0
[perf] total_nodes=1539 total_ms=0 total_nps=0 avg_nodes=513 avg_ms=0
[case] startpos
[perf] depth=8 iterations=3 fen="rnbqkbnr/pppppppp/8/8/8/8/PPPPPPPP/RNBQKBNR w KQkq - 0 1"
[perf] iter=1/3 nodes=580332 elapsed_ms=1031 nps=562882
[perf] iter=2/3 nodes=580332 elapsed_ms=1046 nps=554810
[perf] iter=3/3 nodes=580332 elapsed_ms=1031 nps=562882
[perf] total_nodes=1740996 total_ms=3108 total_nps=560166 avg_nodes=580332 avg_ms=1036
[case] balanced_midgame
[perf] depth=8 iterations=3 fen="r2q1rk1/pp1bbppp/2n1pn2/2pp4/3P1B2/2P1PN2/PP1NBPPP/R2Q1RK1 w - - 0 9"
[perf] iter=1/3 nodes=2380341 elapsed_ms=4797 nps=496214
[perf] iter=2/3 nodes=2380341 elapsed_ms=4803 nps=495594
[perf] iter=3/3 nodes=2380341 elapsed_ms=4754 nps=500702
[perf] total_nodes=7141023 total_ms=14354 total_nps=497493 avg_nodes=2380341 avg_ms=4784
[case] simplified_endgame
[perf] depth=8 iterations=3 fen="8/5k2/3p4/4p3/4P3/3P4/5K2/8 w - - 0 1"
[perf] iter=1/3 nodes=8347 elapsed_ms=5 nps=1669400
[perf] iter=2/3 nodes=8347 elapsed_ms=5 nps=1669400
[perf] iter=3/3 nodes=8347 elapsed_ms=5 nps=1669400
[perf] total_nodes=25041 total_ms=15 total_nps=1669400 avg_nodes=8347 avg_ms=5
=== perf snapshot 2025-12-22T20:27:58 ===
binary: /usr/local/bin/skaks
--- version ---
skaks version 0.6
Optimizations:
 - Bitboard move generation with precomputed attack masks
 - Alpha-beta search with transposition table caching
 - Zobrist hashing for incremental board state keys
 - Repetition detection through historical position tracking
 - Move ordering seeded by cached transposition moves
 - PV search with some reductions
 - Root move exclusion support for iterative deepening
 - Quiescence search to reduce horizon effect
 - Killer move heuristic for quiet move ordering
 - Support for polyglot book of moves
 - Null move pruning
--- perf ---
[case] startpos
[perf] depth=1 iterations=3 fen="rnbqkbnr/pppppppp/8/8/8/8/PPPPPPPP/RNBQKBNR w KQkq - 0 1"
[perf] iter=1/3 nodes=41 elapsed_ms=0 nps=0
[perf] iter=2/3 nodes=41 elapsed_ms=0 nps=0
[perf] iter=3/3 nodes=41 elapsed_ms=0 nps=0
[perf] total_nodes=123 total_ms=0 total_nps=0 avg_nodes=41 avg_ms=0
[case] balanced_midgame
[perf] depth=1 iterations=3 fen="r2q1rk1/pp1bbppp/2n1pn2/2pp4/3P1B2/2P1PN2/PP1NBPPP/R2Q1RK1 w - - 0 9"
[perf] iter=1/3 nodes=98 elapsed_ms=0 nps=0
[perf] iter=2/3 nodes=98 elapsed_ms=0 nps=0
[perf] iter=3/3 nodes=98 elapsed_ms=0 nps=0
[perf] total_nodes=294 total_ms=0 total_nps=0 avg_nodes=98 avg_ms=0
[case] simplified_endgame
[perf] depth=1 iterations=3 fen="8/5k2/3p4/4p3/4P3/3P4/5K2/8 w - - 0 1"
[perf] iter=1/3 nodes=20 elapsed_ms=0 nps=0
[perf] iter=2/3 nodes=20 elapsed_ms=0 nps=0
[perf] iter=3/3 nodes=20 elapsed_ms=0 nps=0
[perf] total_nodes=60 total_ms=0 total_nps=0 avg_nodes=20 avg_ms=0
[case] startpos
[perf] depth=2 iterations=3 fen="rnbqkbnr/pppppppp/8/8/8/8/PPPPPPPP/RNBQKBNR w KQkq - 0 1"
[perf] iter=1/3 nodes=200 elapsed_ms=0 nps=0
[perf] iter=2/3 nodes=200 elapsed_ms=0 nps=0
[perf] iter=3/3 nodes=200 elapsed_ms=0 nps=0
[perf] total_nodes=600 total_ms=0 total_nps=0 avg_nodes=200 avg_ms=0
[case] balanced_midgame
[perf] depth=2 iterations=3 fen="r2q1rk1/pp1bbppp/2n1pn2/2pp4/3P1B2/2P1PN2/PP1NBPPP/R2Q1RK1 w - - 0 9"
[perf] iter=1/3 nodes=1315 elapsed_ms=4 nps=328750
[perf] iter=2/3 nodes=1315 elapsed_ms=4 nps=328750
[perf] iter=3/3 nodes=1315 elapsed_ms=4 nps=328750
[perf] total_nodes=3945 total_ms=12 total_nps=328750 avg_nodes=1315 avg_ms=4
[case] simplified_endgame
[perf] depth=2 iterations=3 fen="8/5k2/3p4/4p3/4P3/3P4/5K2/8 w - - 0 1"
[perf] iter=1/3 nodes=77 elapsed_ms=0 nps=0
[perf] iter=2/3 nodes=77 elapsed_ms=0 nps=0
[perf] iter=3/3 nodes=77 elapsed_ms=0 nps=0
[perf] total_nodes=231 total_ms=0 total_nps=0 avg_nodes=77 avg_ms=0
[case] startpos
[perf] depth=3 iterations=3 fen="rnbqkbnr/pppppppp/8/8/8/8/PPPPPPPP/RNBQKBNR w KQkq - 0 1"
[perf] iter=1/3 nodes=1216 elapsed_ms=1 nps=1216000
[perf] iter=2/3 nodes=1216 elapsed_ms=1 nps=1216000
[perf] iter=3/3 nodes=1216 elapsed_ms=1 nps=1216000
[perf] total_nodes=3648 total_ms=3 total_nps=1216000 avg_nodes=1216 avg_ms=1
[case] balanced_midgame
[perf] depth=3 iterations=3 fen="r2q1rk1/pp1bbppp/2n1pn2/2pp4/3P1B2/2P1PN2/PP1NBPPP/R2Q1RK1 w - - 0 9"
[perf] iter=1/3 nodes=7134 elapsed_ms=16 nps=445875
[perf] iter=2/3 nodes=7134 elapsed_ms=15 nps=475600
[perf] iter=3/3 nodes=7134 elapsed_ms=15 nps=475600
[perf] total_nodes=21402 total_ms=46 total_nps=465260 avg_nodes=7134 avg_ms=15
[case] simplified_endgame
[perf] depth=3 iterations=3 fen="8/5k2/3p4/4p3/4P3/3P4/5K2/8 w - - 0 1"
[perf] iter=1/3 nodes=254 elapsed_ms=0 nps=0
[perf] iter=2/3 nodes=254 elapsed_ms=0 nps=0
[perf] iter=3/3 nodes=254 elapsed_ms=0 nps=0
[perf] total_nodes=762 total_ms=0 total_nps=0 avg_nodes=254 avg_ms=0
[case] startpos
[perf] depth=4 iterations=3 fen="rnbqkbnr/pppppppp/8/8/8/8/PPPPPPPP/RNBQKBNR w KQkq - 0 1"
[perf] iter=1/3 nodes=3194 elapsed_ms=4 nps=798500
[perf] iter=2/3 nodes=3194 elapsed_ms=4 nps=798500
[perf] iter=3/3 nodes=3194 elapsed_ms=4 nps=798500
[perf] total_nodes=9582 total_ms=12 total_nps=798500 avg_nodes=3194 avg_ms=4
[case] balanced_midgame
[perf] depth=4 iterations=3 fen="r2q1rk1/pp1bbppp/2n1pn2/2pp4/3P1B2/2P1PN2/PP1NBPPP/R2Q1RK1 w - - 0 9"
[perf] iter=1/3 nodes=20690 elapsed_ms=41 nps=504634
[perf] iter=2/3 nodes=20690 elapsed_ms=46 nps=449782
[perf] iter=3/3 nodes=20690 elapsed_ms=40 nps=517250
[perf] total_nodes=62070 total_ms=127 total_nps=488740 avg_nodes=20690 avg_ms=42
[case] simplified_endgame
[perf] depth=4 iterations=3 fen="8/5k2/3p4/4p3/4P3/3P4/5K2/8 w - - 0 1"
[perf] iter=1/3 nodes=500 elapsed_ms=0 nps=0
[perf] iter=2/3 nodes=500 elapsed_ms=0 nps=0
[perf] iter=3/3 nodes=500 elapsed_ms=0 nps=0
[perf] total_nodes=1500 total_ms=0 total_nps=0 avg_nodes=500 avg_ms=0
[case] startpos
[perf] depth=8 iterations=3 fen="rnbqkbnr/pppppppp/8/8/8/8/PPPPPPPP/RNBQKBNR w KQkq - 0 1"
[perf] iter=1/3 nodes=409587 elapsed_ms=725 nps=564947
[perf] iter=2/3 nodes=409587 elapsed_ms=721 nps=568081
[perf] iter=3/3 nodes=409587 elapsed_ms=728 nps=562619
[perf] total_nodes=1228761 total_ms=2174 total_nps=565207 avg_nodes=409587 avg_ms=724
[case] balanced_midgame
[perf] depth=8 iterations=3 fen="r2q1rk1/pp1bbppp/2n1pn2/2pp4/3P1B2/2P1PN2/PP1NBPPP/R2Q1RK1 w - - 0 9"
[perf] iter=1/3 nodes=1717513 elapsed_ms=3022 nps=568336
[perf] iter=2/3 nodes=1717513 elapsed_ms=3017 nps=569278
[perf] iter=3/3 nodes=1717513 elapsed_ms=2987 nps=574995
[perf] total_nodes=5152539 total_ms=9026 total_nps=570855 avg_nodes=1717513 avg_ms=3008
[case] simplified_endgame
[perf] depth=8 iterations=3 fen="8/5k2/3p4/4p3/4P3/3P4/5K2/8 w - - 0 1"
[perf] iter=1/3 nodes=5093 elapsed_ms=3 nps=1697666
[perf] iter=2/3 nodes=5093 elapsed_ms=3 nps=1697666
[perf] iter=3/3 nodes=5093 elapsed_ms=3 nps=1697666
[perf] total_nodes=15279 total_ms=9 total_nps=1697666 avg_nodes=5093 avg_ms=3
=== perf snapshot 2025-12-23T22:08:52 ===
binary: /usr/local/bin/skaks
--- version ---
skaks version 0.6
Optimizations:
 - Bitboard move generation with precomputed attack masks
 - Alpha-beta search with transposition table caching
 - Zobrist hashing for incremental board state keys
 - Repetition detection through historical position tracking
 - Move ordering seeded by cached transposition moves
 - PV search with some reductions
 - Root move exclusion support for iterative deepening
 - Quiescence search to reduce horizon effect
 - Killer move heuristic for quiet move ordering
 - Support for polyglot book of moves
 - Null move pruning + historical heuristic
--- perf ---
[case] startpos
[perf] depth=1 iterations=3 fen="rnbqkbnr/pppppppp/8/8/8/8/PPPPPPPP/RNBQKBNR w KQkq - 0 1"
[perf] iter=1/3 nodes=41 elapsed_ms=0 nps=0
[perf] iter=2/3 nodes=41 elapsed_ms=0 nps=0
[perf] iter=3/3 nodes=41 elapsed_ms=0 nps=0
[perf] total_nodes=123 total_ms=0 total_nps=0 avg_nodes=41 avg_ms=0
[case] balanced_midgame
[perf] depth=1 iterations=3 fen="r2q1rk1/pp1bbppp/2n1pn2/2pp4/3P1B2/2P1PN2/PP1NBPPP/R2Q1RK1 w - - 0 9"
[perf] iter=1/3 nodes=123 elapsed_ms=0 nps=0
[perf] iter=2/3 nodes=123 elapsed_ms=0 nps=0
[perf] iter=3/3 nodes=123 elapsed_ms=0 nps=0
[perf] total_nodes=369 total_ms=0 total_nps=0 avg_nodes=123 avg_ms=0
[case] simplified_endgame
[perf] depth=1 iterations=3 fen="8/5k2/3p4/4p3/4P3/3P4/5K2/8 w - - 0 1"
[perf] iter=1/3 nodes=20 elapsed_ms=0 nps=0
[perf] iter=2/3 nodes=20 elapsed_ms=0 nps=0
[perf] iter=3/3 nodes=20 elapsed_ms=0 nps=0
[perf] total_nodes=60 total_ms=0 total_nps=0 avg_nodes=20 avg_ms=0
[case] startpos
[perf] depth=2 iterations=3 fen="rnbqkbnr/pppppppp/8/8/8/8/PPPPPPPP/RNBQKBNR w KQkq - 0 1"
[perf] iter=1/3 nodes=200 elapsed_ms=0 nps=0
[perf] iter=2/3 nodes=200 elapsed_ms=0 nps=0
[perf] iter=3/3 nodes=200 elapsed_ms=0 nps=0
[perf] total_nodes=600 total_ms=0 total_nps=0 avg_nodes=200 avg_ms=0
[case] balanced_midgame
[perf] depth=2 iterations=3 fen="r2q1rk1/pp1bbppp/2n1pn2/2pp4/3P1B2/2P1PN2/PP1NBPPP/R2Q1RK1 w - - 0 9"
[perf] iter=1/3 nodes=1082 elapsed_ms=3 nps=360666
[perf] iter=2/3 nodes=1082 elapsed_ms=3 nps=360666
[perf] iter=3/3 nodes=1082 elapsed_ms=3 nps=360666
[perf] total_nodes=3246 total_ms=9 total_nps=360666 avg_nodes=1082 avg_ms=3
[case] simplified_endgame
[perf] depth=2 iterations=3 fen="8/5k2/3p4/4p3/4P3/3P4/5K2/8 w - - 0 1"
[perf] iter=1/3 nodes=77 elapsed_ms=0 nps=0
[perf] iter=2/3 nodes=77 elapsed_ms=0 nps=0
[perf] iter=3/3 nodes=77 elapsed_ms=0 nps=0
[perf] total_nodes=231 total_ms=0 total_nps=0 avg_nodes=77 avg_ms=0
[case] startpos
[perf] depth=3 iterations=3 fen="rnbqkbnr/pppppppp/8/8/8/8/PPPPPPPP/RNBQKBNR w KQkq - 0 1"
[perf] iter=1/3 nodes=1251 elapsed_ms=1 nps=1251000
[perf] iter=2/3 nodes=1251 elapsed_ms=1 nps=1251000
[perf] iter=3/3 nodes=1251 elapsed_ms=1 nps=1251000
[perf] total_nodes=3753 total_ms=3 total_nps=1251000 avg_nodes=1251 avg_ms=1
[case] balanced_midgame
[perf] depth=3 iterations=3 fen="r2q1rk1/pp1bbppp/2n1pn2/2pp4/3P1B2/2P1PN2/PP1NBPPP/R2Q1RK1 w - - 0 9"
[perf] iter=1/3 nodes=5662 elapsed_ms=10 nps=566200
[perf] iter=2/3 nodes=5662 elapsed_ms=10 nps=566200
[perf] iter=3/3 nodes=5662 elapsed_ms=9 nps=629111
[perf] total_nodes=16986 total_ms=29 total_nps=585724 avg_nodes=5662 avg_ms=9
[case] simplified_endgame
[perf] depth=3 iterations=3 fen="8/5k2/3p4/4p3/4P3/3P4/5K2/8 w - - 0 1"
[perf] iter=1/3 nodes=256 elapsed_ms=0 nps=0
[perf] iter=2/3 nodes=256 elapsed_ms=0 nps=0
[perf] iter=3/3 nodes=256 elapsed_ms=0 nps=0
[perf] total_nodes=768 total_ms=0 total_nps=0 avg_nodes=256 avg_ms=0
[case] startpos
[perf] depth=4 iterations=3 fen="rnbqkbnr/pppppppp/8/8/8/8/PPPPPPPP/RNBQKBNR w KQkq - 0 1"
[perf] iter=1/3 nodes=2928 elapsed_ms=3 nps=976000
[perf] iter=2/3 nodes=2928 elapsed_ms=3 nps=976000
[perf] iter=3/3 nodes=2928 elapsed_ms=3 nps=976000
[perf] total_nodes=8784 total_ms=9 total_nps=976000 avg_nodes=2928 avg_ms=3
[case] balanced_midgame
[perf] depth=4 iterations=3 fen="r2q1rk1/pp1bbppp/2n1pn2/2pp4/3P1B2/2P1PN2/PP1NBPPP/R2Q1RK1 w - - 0 9"
[perf] iter=1/3 nodes=11479 elapsed_ms=20 nps=573950
[perf] iter=2/3 nodes=11479 elapsed_ms=19 nps=604157
[perf] iter=3/3 nodes=11479 elapsed_ms=20 nps=573950
[perf] total_nodes=34437 total_ms=59 total_nps=583677 avg_nodes=11479 avg_ms=19
[case] simplified_endgame
[perf] depth=4 iterations=3 fen="8/5k2/3p4/4p3/4P3/3P4/5K2/8 w - - 0 1"
[perf] iter=1/3 nodes=459 elapsed_ms=0 nps=0
[perf] iter=2/3 nodes=459 elapsed_ms=0 nps=0
[perf] iter=3/3 nodes=459 elapsed_ms=0 nps=0
[perf] total_nodes=1377 total_ms=0 total_nps=0 avg_nodes=459 avg_ms=0
[case] startpos
[perf] depth=8 iterations=3 fen="rnbqkbnr/pppppppp/8/8/8/8/PPPPPPPP/RNBQKBNR w KQkq - 0 1"
[perf] iter=1/3 nodes=275672 elapsed_ms=375 nps=735125
[perf] iter=2/3 nodes=275672 elapsed_ms=394 nps=699675
[perf] iter=3/3 nodes=275672 elapsed_ms=416 nps=662673
[perf] total_nodes=827016 total_ms=1185 total_nps=697903 avg_nodes=275672 avg_ms=395
[case] balanced_midgame
[perf] depth=8 iterations=3 fen="r2q1rk1/pp1bbppp/2n1pn2/2pp4/3P1B2/2P1PN2/PP1NBPPP/R2Q1RK1 w - - 0 9"
[perf] iter=1/3 nodes=1456551 elapsed_ms=1977 nps=736748
[perf] iter=2/3 nodes=1456551 elapsed_ms=1907 nps=763791
[perf] iter=3/3 nodes=1456551 elapsed_ms=1848 nps=788176
[perf] total_nodes=4369653 total_ms=5732 total_nps=762326 avg_nodes=1456551 avg_ms=1910
[case] simplified_endgame
[perf] depth=8 iterations=3 fen="8/5k2/3p4/4p3/4P3/3P4/5K2/8 w - - 0 1"
[perf] iter=1/3 nodes=4381 elapsed_ms=1 nps=4381000
[perf] iter=2/3 nodes=4381 elapsed_ms=1 nps=4381000
[perf] iter=3/3 nodes=4381 elapsed_ms=1 nps=4381000
[perf] total_nodes=13143 total_ms=3 total_nps=4381000 avg_nodes=4381 avg_ms=1
=== perf snapshot 2025-12-24T00:10:35 ===
binary: /usr/local/bin/skaks
--- version ---
skaks version 0.7
Optimizations:
 - Bitboard move generation with precomputed attack masks
 - Alpha-beta search with transposition table caching
 - Zobrist hashing for incremental board state keys
 - Repetition detection through historical position tracking
 - Move ordering seeded by cached transposition moves
 - PV search with some reductions
 - Root move exclusion support for iterative deepening
 - Quiescence search to reduce horizon effect
 - Killer move heuristic for quiet move ordering
 - Support for polyglot book of moves
 - Null move pruning, historical heuristic and SEE sorting
--- perf ---
[case] startpos
[perf] depth=1 iterations=3 fen="rnbqkbnr/pppppppp/8/8/8/8/PPPPPPPP/RNBQKBNR w KQkq - 0 1"
[perf] iter=1/3 nodes=41 elapsed_ms=0 nps=0
[perf] iter=2/3 nodes=41 elapsed_ms=0 nps=0
[perf] iter=3/3 nodes=41 elapsed_ms=0 nps=0
[perf] total_nodes=123 total_ms=0 total_nps=0 avg_nodes=41 avg_ms=0
[case] balanced_midgame
[perf] depth=1 iterations=3 fen="r2q1rk1/pp1bbppp/2n1pn2/2pp4/3P1B2/2P1PN2/PP1NBPPP/R2Q1RK1 w - - 0 9"
[perf] iter=1/3 nodes=119 elapsed_ms=0 nps=0
[perf] iter=2/3 nodes=119 elapsed_ms=0 nps=0
[perf] iter=3/3 nodes=119 elapsed_ms=0 nps=0
[perf] total_nodes=357 total_ms=0 total_nps=0 avg_nodes=119 avg_ms=0
[case] simplified_endgame
[perf] depth=1 iterations=3 fen="8/5k2/3p4/4p3/4P3/3P4/5K2/8 w - - 0 1"
[perf] iter=1/3 nodes=20 elapsed_ms=0 nps=0
[perf] iter=2/3 nodes=20 elapsed_ms=0 nps=0
[perf] iter=3/3 nodes=20 elapsed_ms=0 nps=0
[perf] total_nodes=60 total_ms=0 total_nps=0 avg_nodes=20 avg_ms=0
[case] startpos
[perf] depth=2 iterations=3 fen="rnbqkbnr/pppppppp/8/8/8/8/PPPPPPPP/RNBQKBNR w KQkq - 0 1"
[perf] iter=1/3 nodes=200 elapsed_ms=0 nps=0
[perf] iter=2/3 nodes=200 elapsed_ms=0 nps=0
[perf] iter=3/3 nodes=200 elapsed_ms=0 nps=0
[perf] total_nodes=600 total_ms=0 total_nps=0 avg_nodes=200 avg_ms=0
[case] balanced_midgame
[perf] depth=2 iterations=3 fen="r2q1rk1/pp1bbppp/2n1pn2/2pp4/3P1B2/2P1PN2/PP1NBPPP/R2Q1RK1 w - - 0 9"
[perf] iter=1/3 nodes=1083 elapsed_ms=2 nps=541500
[perf] iter=2/3 nodes=1083 elapsed_ms=2 nps=541500
[perf] iter=3/3 nodes=1083 elapsed_ms=2 nps=541500
[perf] total_nodes=3249 total_ms=6 total_nps=541500 avg_nodes=1083 avg_ms=2
[case] simplified_endgame
[perf] depth=2 iterations=3 fen="8/5k2/3p4/4p3/4P3/3P4/5K2/8 w - - 0 1"
[perf] iter=1/3 nodes=77 elapsed_ms=0 nps=0
[perf] iter=2/3 nodes=77 elapsed_ms=0 nps=0
[perf] iter=3/3 nodes=77 elapsed_ms=0 nps=0
[perf] total_nodes=231 total_ms=0 total_nps=0 avg_nodes=77 avg_ms=0
[case] startpos
[perf] depth=3 iterations=3 fen="rnbqkbnr/pppppppp/8/8/8/8/PPPPPPPP/RNBQKBNR w KQkq - 0 1"
[perf] iter=1/3 nodes=1251 elapsed_ms=1 nps=1251000
[perf] iter=2/3 nodes=1251 elapsed_ms=1 nps=1251000
[perf] iter=3/3 nodes=1251 elapsed_ms=1 nps=1251000
[perf] total_nodes=3753 total_ms=3 total_nps=1251000 avg_nodes=1251 avg_ms=1
[case] balanced_midgame
[perf] depth=3 iterations=3 fen="r2q1rk1/pp1bbppp/2n1pn2/2pp4/3P1B2/2P1PN2/PP1NBPPP/R2Q1RK1 w - - 0 9"
[perf] iter=1/3 nodes=5711 elapsed_ms=10 nps=571100
[perf] iter=2/3 nodes=5711 elapsed_ms=9 nps=634555
[perf] iter=3/3 nodes=5711 elapsed_ms=9 nps=634555
[perf] total_nodes=17133 total_ms=28 total_nps=611892 avg_nodes=5711 avg_ms=9
[case] simplified_endgame
[perf] depth=3 iterations=3 fen="8/5k2/3p4/4p3/4P3/3P4/5K2/8 w - - 0 1"
[perf] iter=1/3 nodes=256 elapsed_ms=0 nps=0
[perf] iter=2/3 nodes=256 elapsed_ms=0 nps=0
[perf] iter=3/3 nodes=256 elapsed_ms=0 nps=0
[perf] total_nodes=768 total_ms=0 total_nps=0 avg_nodes=256 avg_ms=0
[case] startpos
[perf] depth=4 iterations=3 fen="rnbqkbnr/pppppppp/8/8/8/8/PPPPPPPP/RNBQKBNR w KQkq - 0 1"
[perf] iter=1/3 nodes=2928 elapsed_ms=3 nps=976000
[perf] iter=2/3 nodes=2928 elapsed_ms=3 nps=976000
[perf] iter=3/3 nodes=2928 elapsed_ms=3 nps=976000
[perf] total_nodes=8784 total_ms=9 total_nps=976000 avg_nodes=2928 avg_ms=3
[case] balanced_midgame
[perf] depth=4 iterations=3 fen="r2q1rk1/pp1bbppp/2n1pn2/2pp4/3P1B2/2P1PN2/PP1NBPPP/R2Q1RK1 w - - 0 9"
[perf] iter=1/3 nodes=11512 elapsed_ms=25 nps=460480
[perf] iter=2/3 nodes=11512 elapsed_ms=25 nps=460480
[perf] iter=3/3 nodes=11512 elapsed_ms=24 nps=479666
[perf] total_nodes=34536 total_ms=74 total_nps=466702 avg_nodes=11512 avg_ms=24
[case] simplified_endgame
[perf] depth=4 iterations=3 fen="8/5k2/3p4/4p3/4P3/3P4/5K2/8 w - - 0 1"
[perf] iter=1/3 nodes=459 elapsed_ms=0 nps=0
[perf] iter=2/3 nodes=459 elapsed_ms=0 nps=0
[perf] iter=3/3 nodes=459 elapsed_ms=0 nps=0
[perf] total_nodes=1377 total_ms=0 total_nps=0 avg_nodes=459 avg_ms=0
[case] startpos
[perf] depth=8 iterations=3 fen="rnbqkbnr/pppppppp/8/8/8/8/PPPPPPPP/RNBQKBNR w KQkq - 0 1"
[perf] iter=1/3 nodes=315164 elapsed_ms=445 nps=708233
[perf] iter=2/3 nodes=315164 elapsed_ms=440 nps=716281
[perf] iter=3/3 nodes=315164 elapsed_ms=404 nps=780108
[perf] total_nodes=945492 total_ms=1289 total_nps=733508 avg_nodes=315164 avg_ms=429
[case] balanced_midgame
[perf] depth=8 iterations=3 fen="r2q1rk1/pp1bbppp/2n1pn2/2pp4/3P1B2/2P1PN2/PP1NBPPP/R2Q1RK1 w - - 0 9"
[perf] iter=1/3 nodes=1364592 elapsed_ms=1755 nps=777545
[perf] iter=2/3 nodes=1364592 elapsed_ms=1757 nps=776660
[perf] iter=3/3 nodes=1364592 elapsed_ms=1785 nps=764477
[perf] total_nodes=4093776 total_ms=5297 total_nps=772848 avg_nodes=1364592 avg_ms=1765
[case] simplified_endgame
[perf] depth=8 iterations=3 fen="8/5k2/3p4/4p3/4P3/3P4/5K2/8 w - - 0 1"
[perf] iter=1/3 nodes=4381 elapsed_ms=1 nps=4381000
[perf] iter=2/3 nodes=4381 elapsed_ms=1 nps=4381000
[perf] iter=3/3 nodes=4381 elapsed_ms=1 nps=4381000
[perf] total_nodes=13143 total_ms=3 total_nps=4381000 avg_nodes=4381 avg_ms=1
=== perf snapshot 2025-12-24T12:40:35 ===
binary: /usr/local/bin/skaks
--- version ---
skaks version 0.7
Optimizations:
 - Bitboard move generation with precomputed attack masks
 - Alpha-beta search with transposition table caching
 - Zobrist hashing for incremental board state keys
 - Repetition detection through historical position tracking
 - Move ordering seeded by cached transposition moves
 - PV search with some reductions
 - Root move exclusion support for iterative deepening
 - Quiescence search to reduce horizon effect
 - Killer move heuristic for quiet move ordering
 - Support for polyglot book of moves
 - Null move pruning, historical heuristic and SEE sorting
--- perf ---
[case] startpos
Polyglot book loaded from /Users/ktxc111/work/repos/skaks/book/baron30.bin
[perf] depth=1 iterations=3 fen="rnbqkbnr/pppppppp/8/8/8/8/PPPPPPPP/RNBQKBNR w KQkq - 0 1"
[perf] iter=1/3 nodes=41 elapsed_ms=0 nps=0
[perf] iter=2/3 nodes=41 elapsed_ms=0 nps=0
[perf] iter=3/3 nodes=41 elapsed_ms=0 nps=0
[perf] total_nodes=123 total_ms=0 total_nps=0 avg_nodes=41 avg_ms=0
[case] balanced_midgame
Polyglot book loaded from /Users/ktxc111/work/repos/skaks/book/baron30.bin
[perf] depth=1 iterations=3 fen="r2q1rk1/pp1bbppp/2n1pn2/2pp4/3P1B2/2P1PN2/PP1NBPPP/R2Q1RK1 w - - 0 9"
[perf] iter=1/3 nodes=98 elapsed_ms=0 nps=0
[perf] iter=2/3 nodes=98 elapsed_ms=0 nps=0
[perf] iter=3/3 nodes=98 elapsed_ms=0 nps=0
[perf] total_nodes=294 total_ms=0 total_nps=0 avg_nodes=98 avg_ms=0
[case] simplified_endgame
Polyglot book loaded from /Users/ktxc111/work/repos/skaks/book/baron30.bin
[perf] depth=1 iterations=3 fen="8/5k2/3p4/4p3/4P3/3P4/5K2/8 w - - 0 1"
[perf] iter=1/3 nodes=20 elapsed_ms=0 nps=0
[perf] iter=2/3 nodes=20 elapsed_ms=0 nps=0
[perf] iter=3/3 nodes=20 elapsed_ms=0 nps=0
[perf] total_nodes=60 total_ms=0 total_nps=0 avg_nodes=20 avg_ms=0
[case] startpos
Polyglot book loaded from /Users/ktxc111/work/repos/skaks/book/baron30.bin
[perf] depth=2 iterations=3 fen="rnbqkbnr/pppppppp/8/8/8/8/PPPPPPPP/RNBQKBNR w KQkq - 0 1"
[perf] iter=1/3 nodes=200 elapsed_ms=0 nps=0
[perf] iter=2/3 nodes=200 elapsed_ms=0 nps=0
[perf] iter=3/3 nodes=200 elapsed_ms=0 nps=0
[perf] total_nodes=600 total_ms=0 total_nps=0 avg_nodes=200 avg_ms=0
[case] balanced_midgame
Polyglot book loaded from /Users/ktxc111/work/repos/skaks/book/baron30.bin
[perf] depth=2 iterations=3 fen="r2q1rk1/pp1bbppp/2n1pn2/2pp4/3P1B2/2P1PN2/PP1NBPPP/R2Q1RK1 w - - 0 9"
[perf] iter=1/3 nodes=975 elapsed_ms=2 nps=487500
[perf] iter=2/3 nodes=975 elapsed_ms=2 nps=487500
[perf] iter=3/3 nodes=975 elapsed_ms=2 nps=487500
[perf] total_nodes=2925 total_ms=6 total_nps=487500 avg_nodes=975 avg_ms=2
[case] simplified_endgame
Polyglot book loaded from /Users/ktxc111/work/repos/skaks/book/baron30.bin
[perf] depth=2 iterations=3 fen="8/5k2/3p4/4p3/4P3/3P4/5K2/8 w - - 0 1"
[perf] iter=1/3 nodes=77 elapsed_ms=0 nps=0
[perf] iter=2/3 nodes=77 elapsed_ms=0 nps=0
[perf] iter=3/3 nodes=77 elapsed_ms=0 nps=0
[perf] total_nodes=231 total_ms=0 total_nps=0 avg_nodes=77 avg_ms=0
[case] startpos
Polyglot book loaded from /Users/ktxc111/work/repos/skaks/book/baron30.bin
[perf] depth=3 iterations=3 fen="rnbqkbnr/pppppppp/8/8/8/8/PPPPPPPP/RNBQKBNR w KQkq - 0 1"
[perf] iter=1/3 nodes=1251 elapsed_ms=2 nps=625500
[perf] iter=2/3 nodes=1251 elapsed_ms=2 nps=625500
[perf] iter=3/3 nodes=1251 elapsed_ms=2 nps=625500
[perf] total_nodes=3753 total_ms=6 total_nps=625500 avg_nodes=1251 avg_ms=2
[case] balanced_midgame
Polyglot book loaded from /Users/ktxc111/work/repos/skaks/book/baron30.bin
[perf] depth=3 iterations=3 fen="r2q1rk1/pp1bbppp/2n1pn2/2pp4/3P1B2/2P1PN2/PP1NBPPP/R2Q1RK1 w - - 0 9"
[perf] iter=1/3 nodes=4985 elapsed_ms=11 nps=453181
[perf] iter=2/3 nodes=4985 elapsed_ms=10 nps=498500
[perf] iter=3/3 nodes=4985 elapsed_ms=10 nps=498500
[perf] total_nodes=14955 total_ms=31 total_nps=482419 avg_nodes=4985 avg_ms=10
[case] simplified_endgame
Polyglot book loaded from /Users/ktxc111/work/repos/skaks/book/baron30.bin
[perf] depth=3 iterations=3 fen="8/5k2/3p4/4p3/4P3/3P4/5K2/8 w - - 0 1"
[perf] iter=1/3 nodes=256 elapsed_ms=0 nps=0
[perf] iter=2/3 nodes=256 elapsed_ms=0 nps=0
[perf] iter=3/3 nodes=256 elapsed_ms=0 nps=0
[perf] total_nodes=768 total_ms=0 total_nps=0 avg_nodes=256 avg_ms=0
[case] startpos
Polyglot book loaded from /Users/ktxc111/work/repos/skaks/book/baron30.bin
[perf] depth=4 iterations=3 fen="rnbqkbnr/pppppppp/8/8/8/8/PPPPPPPP/RNBQKBNR w KQkq - 0 1"
[perf] iter=1/3 nodes=2899 elapsed_ms=5 nps=579800
[perf] iter=2/3 nodes=2899 elapsed_ms=4 nps=724750
[perf] iter=3/3 nodes=2899 elapsed_ms=4 nps=724750
[perf] total_nodes=8697 total_ms=13 total_nps=669000 avg_nodes=2899 avg_ms=4
[case] balanced_midgame
Polyglot book loaded from /Users/ktxc111/work/repos/skaks/book/baron30.bin
[perf] depth=4 iterations=3 fen="r2q1rk1/pp1bbppp/2n1pn2/2pp4/3P1B2/2P1PN2/PP1NBPPP/R2Q1RK1 w - - 0 9"
[perf] iter=1/3 nodes=17406 elapsed_ms=45 nps=386800
[perf] iter=2/3 nodes=17406 elapsed_ms=45 nps=386800
[perf] iter=3/3 nodes=17406 elapsed_ms=45 nps=386800
[perf] total_nodes=52218 total_ms=135 total_nps=386800 avg_nodes=17406 avg_ms=45
[case] simplified_endgame
Polyglot book loaded from /Users/ktxc111/work/repos/skaks/book/baron30.bin
[perf] depth=4 iterations=3 fen="8/5k2/3p4/4p3/4P3/3P4/5K2/8 w - - 0 1"
[perf] iter=1/3 nodes=459 elapsed_ms=0 nps=0
[perf] iter=2/3 nodes=459 elapsed_ms=0 nps=0
[perf] iter=3/3 nodes=459 elapsed_ms=0 nps=0
[perf] total_nodes=1377 total_ms=0 total_nps=0 avg_nodes=459 avg_ms=0
[case] startpos
Polyglot book loaded from /Users/ktxc111/work/repos/skaks/book/baron30.bin
[perf] depth=8 iterations=3 fen="rnbqkbnr/pppppppp/8/8/8/8/PPPPPPPP/RNBQKBNR w KQkq - 0 1"
[perf] iter=1/3 nodes=273169 elapsed_ms=564 nps=484342
[perf] iter=2/3 nodes=273169 elapsed_ms=556 nps=491311
[perf] iter=3/3 nodes=273169 elapsed_ms=554 nps=493084
[perf] total_nodes=819507 total_ms=1674 total_nps=489550 avg_nodes=273169 avg_ms=558
[case] balanced_midgame
Polyglot book loaded from /Users/ktxc111/work/repos/skaks/book/baron30.bin
[perf] depth=8 iterations=3 fen="r2q1rk1/pp1bbppp/2n1pn2/2pp4/3P1B2/2P1PN2/PP1NBPPP/R2Q1RK1 w - - 0 9"
[perf] iter=1/3 nodes=2299516 elapsed_ms=5097 nps=451150
[perf] iter=2/3 nodes=2299516 elapsed_ms=5146 nps=446855
[perf] iter=3/3 nodes=2299516 elapsed_ms=4973 nps=462400
[perf] total_nodes=6898548 total_ms=15216 total_nps=453374 avg_nodes=2299516 avg_ms=5072
[case] simplified_endgame
Polyglot book loaded from /Users/ktxc111/work/repos/skaks/book/baron30.bin
[perf] depth=8 iterations=3 fen="8/5k2/3p4/4p3/4P3/3P4/5K2/8 w - - 0 1"
[perf] iter=1/3 nodes=4287 elapsed_ms=2 nps=2143500
[perf] iter=2/3 nodes=4287 elapsed_ms=2 nps=2143500
[perf] iter=3/3 nodes=4287 elapsed_ms=2 nps=2143500
[perf] total_nodes=12861 total_ms=6 total_nps=2143500 avg_nodes=4287 avg_ms=2
=== perf snapshot 2025-12-24T13:10:15 ===
binary: /usr/local/bin/skaks
--- version ---
skaks version 0.8
Optimizations:
 - Bitboard move generation with precomputed attack masks
 - Alpha-beta search with transposition table caching
 - Zobrist hashing for incremental board state keys
 - Repetition detection through historical position tracking
 - Move ordering seeded by cached transposition moves
 - PV search with some reductions
 - Root move exclusion support for iterative deepening
 - Quiescence search to reduce horizon effect
 - Killer move heuristic for quiet move ordering
 - Support for polyglot book of moves
 - Null move pruning, historical heuristic and SEE sorting
 - Time management for search limits
--- perf ---
[case] startpos
Polyglot book loaded from /Users/ktxc111/work/repos/skaks/book/baron30.bin
[perf] depth=1 iterations=3 fen="rnbqkbnr/pppppppp/8/8/8/8/PPPPPPPP/RNBQKBNR w KQkq - 0 1"
[perf] iter=1/3 nodes=41 elapsed_ms=0 nps=0
[perf] iter=2/3 nodes=41 elapsed_ms=0 nps=0
[perf] iter=3/3 nodes=41 elapsed_ms=0 nps=0
[perf] total_nodes=123 total_ms=0 total_nps=0 avg_nodes=41 avg_ms=0
[case] balanced_midgame
Polyglot book loaded from /Users/ktxc111/work/repos/skaks/book/baron30.bin
[perf] depth=1 iterations=3 fen="r2q1rk1/pp1bbppp/2n1pn2/2pp4/3P1B2/2P1PN2/PP1NBPPP/R2Q1RK1 w - - 0 9"
[perf] iter=1/3 nodes=98 elapsed_ms=0 nps=0
[perf] iter=2/3 nodes=98 elapsed_ms=0 nps=0
[perf] iter=3/3 nodes=98 elapsed_ms=0 nps=0
[perf] total_nodes=294 total_ms=0 total_nps=0 avg_nodes=98 avg_ms=0
[case] simplified_endgame
Polyglot book loaded from /Users/ktxc111/work/repos/skaks/book/baron30.bin
[perf] depth=1 iterations=3 fen="8/5k2/3p4/4p3/4P3/3P4/5K2/8 w - - 0 1"
[perf] iter=1/3 nodes=20 elapsed_ms=0 nps=0
[perf] iter=2/3 nodes=20 elapsed_ms=0 nps=0
[perf] iter=3/3 nodes=20 elapsed_ms=0 nps=0
[perf] total_nodes=60 total_ms=0 total_nps=0 avg_nodes=20 avg_ms=0
[case] startpos
Polyglot book loaded from /Users/ktxc111/work/repos/skaks/book/baron30.bin
[perf] depth=2 iterations=3 fen="rnbqkbnr/pppppppp/8/8/8/8/PPPPPPPP/RNBQKBNR w KQkq - 0 1"
[perf] iter=1/3 nodes=200 elapsed_ms=0 nps=0
[perf] iter=2/3 nodes=200 elapsed_ms=0 nps=0
[perf] iter=3/3 nodes=200 elapsed_ms=0 nps=0
[perf] total_nodes=600 total_ms=0 total_nps=0 avg_nodes=200 avg_ms=0
[case] balanced_midgame
Polyglot book loaded from /Users/ktxc111/work/repos/skaks/book/baron30.bin
[perf] depth=2 iterations=3 fen="r2q1rk1/pp1bbppp/2n1pn2/2pp4/3P1B2/2P1PN2/PP1NBPPP/R2Q1RK1 w - - 0 9"
[perf] iter=1/3 nodes=975 elapsed_ms=2 nps=487500
[perf] iter=2/3 nodes=975 elapsed_ms=2 nps=487500
[perf] iter=3/3 nodes=975 elapsed_ms=1 nps=975000
[perf] total_nodes=2925 total_ms=5 total_nps=585000 avg_nodes=975 avg_ms=1
[case] simplified_endgame
Polyglot book loaded from /Users/ktxc111/work/repos/skaks/book/baron30.bin
[perf] depth=2 iterations=3 fen="8/5k2/3p4/4p3/4P3/3P4/5K2/8 w - - 0 1"
[perf] iter=1/3 nodes=77 elapsed_ms=0 nps=0
[perf] iter=2/3 nodes=77 elapsed_ms=0 nps=0
[perf] iter=3/3 nodes=77 elapsed_ms=0 nps=0
[perf] total_nodes=231 total_ms=0 total_nps=0 avg_nodes=77 avg_ms=0
[case] startpos
Polyglot book loaded from /Users/ktxc111/work/repos/skaks/book/baron30.bin
[perf] depth=3 iterations=3 fen="rnbqkbnr/pppppppp/8/8/8/8/PPPPPPPP/RNBQKBNR w KQkq - 0 1"
[perf] iter=1/3 nodes=1251 elapsed_ms=2 nps=625500
[perf] iter=2/3 nodes=1251 elapsed_ms=1 nps=1251000
[perf] iter=3/3 nodes=1251 elapsed_ms=1 nps=1251000
[perf] total_nodes=3753 total_ms=4 total_nps=938250 avg_nodes=1251 avg_ms=1
[case] balanced_midgame
Polyglot book loaded from /Users/ktxc111/work/repos/skaks/book/baron30.bin
[perf] depth=3 iterations=3 fen="r2q1rk1/pp1bbppp/2n1pn2/2pp4/3P1B2/2P1PN2/PP1NBPPP/R2Q1RK1 w - - 0 9"
[perf] iter=1/3 nodes=4985 elapsed_ms=9 nps=553888
[perf] iter=2/3 nodes=4985 elapsed_ms=9 nps=553888
[perf] iter=3/3 nodes=4985 elapsed_ms=9 nps=553888
[perf] total_nodes=14955 total_ms=27 total_nps=553888 avg_nodes=4985 avg_ms=9
[case] simplified_endgame
Polyglot book loaded from /Users/ktxc111/work/repos/skaks/book/baron30.bin
[perf] depth=3 iterations=3 fen="8/5k2/3p4/4p3/4P3/3P4/5K2/8 w - - 0 1"
[perf] iter=1/3 nodes=256 elapsed_ms=0 nps=0
[perf] iter=2/3 nodes=256 elapsed_ms=0 nps=0
[perf] iter=3/3 nodes=256 elapsed_ms=0 nps=0
[perf] total_nodes=768 total_ms=0 total_nps=0 avg_nodes=256 avg_ms=0
[case] startpos
Polyglot book loaded from /Users/ktxc111/work/repos/skaks/book/baron30.bin
[perf] depth=4 iterations=3 fen="rnbqkbnr/pppppppp/8/8/8/8/PPPPPPPP/RNBQKBNR w KQkq - 0 1"
[perf] iter=1/3 nodes=2899 elapsed_ms=4 nps=724750
[perf] iter=2/3 nodes=2899 elapsed_ms=4 nps=724750
[perf] iter=3/3 nodes=2899 elapsed_ms=4 nps=724750
[perf] total_nodes=8697 total_ms=12 total_nps=724750 avg_nodes=2899 avg_ms=4
[case] balanced_midgame
Polyglot book loaded from /Users/ktxc111/work/repos/skaks/book/baron30.bin
[perf] depth=4 iterations=3 fen="r2q1rk1/pp1bbppp/2n1pn2/2pp4/3P1B2/2P1PN2/PP1NBPPP/R2Q1RK1 w - - 0 9"
[perf] iter=1/3 nodes=17406 elapsed_ms=40 nps=435150
[perf] iter=2/3 nodes=17406 elapsed_ms=40 nps=435150
[perf] iter=3/3 nodes=17406 elapsed_ms=40 nps=435150
[perf] total_nodes=52218 total_ms=120 total_nps=435150 avg_nodes=17406 avg_ms=40
[case] simplified_endgame
Polyglot book loaded from /Users/ktxc111/work/repos/skaks/book/baron30.bin
[perf] depth=4 iterations=3 fen="8/5k2/3p4/4p3/4P3/3P4/5K2/8 w - - 0 1"
[perf] iter=1/3 nodes=459 elapsed_ms=0 nps=0
[perf] iter=2/3 nodes=459 elapsed_ms=0 nps=0
[perf] iter=3/3 nodes=459 elapsed_ms=0 nps=0
[perf] total_nodes=1377 total_ms=0 total_nps=0 avg_nodes=459 avg_ms=0
[case] startpos
Polyglot book loaded from /Users/ktxc111/work/repos/skaks/book/baron30.bin
[perf] depth=8 iterations=3 fen="rnbqkbnr/pppppppp/8/8/8/8/PPPPPPPP/RNBQKBNR w KQkq - 0 1"
[perf] iter=1/3 nodes=273169 elapsed_ms=489 nps=558627
[perf] iter=2/3 nodes=273169 elapsed_ms=495 nps=551856
[perf] iter=3/3 nodes=273169 elapsed_ms=506 nps=539859
[perf] total_nodes=819507 total_ms=1490 total_nps=550004 avg_nodes=273169 avg_ms=496
[case] balanced_midgame
Polyglot book loaded from /Users/ktxc111/work/repos/skaks/book/baron30.bin
[perf] depth=8 iterations=3 fen="r2q1rk1/pp1bbppp/2n1pn2/2pp4/3P1B2/2P1PN2/PP1NBPPP/R2Q1RK1 w - - 0 9"
[perf] iter=1/3 nodes=2299516 elapsed_ms=4652 nps=494306
[perf] iter=2/3 nodes=2299516 elapsed_ms=4713 nps=487909
[perf] iter=3/3 nodes=2299516 elapsed_ms=4762 nps=482888
[perf] total_nodes=6898548 total_ms=14127 total_nps=488323 avg_nodes=2299516 avg_ms=4709
[case] simplified_endgame
Polyglot book loaded from /Users/ktxc111/work/repos/skaks/book/baron30.bin
[perf] depth=8 iterations=3 fen="8/5k2/3p4/4p3/4P3/3P4/5K2/8 w - - 0 1"
[perf] iter=1/3 nodes=4287 elapsed_ms=2 nps=2143500
[perf] iter=2/3 nodes=4287 elapsed_ms=2 nps=2143500
[perf] iter=3/3 nodes=4287 elapsed_ms=2 nps=2143500
[perf] total_nodes=12861 total_ms=6 total_nps=2143500 avg_nodes=4287 avg_ms=2
=== perf snapshot 2025-12-24T13:44:05 ===
binary: /usr/local/bin/skaks
--- version ---
skaks version 0.8
Optimizations:
 - Bitboard move generation with precomputed attack masks
 - Alpha-beta search with transposition table caching
 - Zobrist hashing for incremental board state keys
 - Repetition detection through historical position tracking
 - Move ordering seeded by cached transposition moves
 - PV search with some reductions
 - Root move exclusion support for iterative deepening
 - Quiescence search to reduce horizon effect
 - Killer move heuristic for quiet move ordering
 - Support for polyglot book of moves
 - Null move pruning, historical heuristic and SEE sorting
 - Time management for search limits
--- perf ---
[case] startpos
Polyglot book loaded from /Users/ktxc111/work/repos/skaks/book/baron30.bin
[perf] depth=1 iterations=3 fen="rnbqkbnr/pppppppp/8/8/8/8/PPPPPPPP/RNBQKBNR w KQkq - 0 1"
[perf] iter=1/3 nodes=41 elapsed_ms=0 nps=0
[perf] iter=2/3 nodes=41 elapsed_ms=0 nps=0
[perf] iter=3/3 nodes=41 elapsed_ms=0 nps=0
[perf] total_nodes=123 total_ms=0 total_nps=0 avg_nodes=41 avg_ms=0
[case] balanced_midgame
Polyglot book loaded from /Users/ktxc111/work/repos/skaks/book/baron30.bin
[perf] depth=1 iterations=3 fen="r2q1rk1/pp1bbppp/2n1pn2/2pp4/3P1B2/2P1PN2/PP1NBPPP/R2Q1RK1 w - - 0 9"
[perf] iter=1/3 nodes=98 elapsed_ms=0 nps=0
[perf] iter=2/3 nodes=98 elapsed_ms=0 nps=0
[perf] iter=3/3 nodes=98 elapsed_ms=0 nps=0
[perf] total_nodes=294 total_ms=0 total_nps=0 avg_nodes=98 avg_ms=0
[case] simplified_endgame
Polyglot book loaded from /Users/ktxc111/work/repos/skaks/book/baron30.bin
[perf] depth=1 iterations=3 fen="8/5k2/3p4/4p3/4P3/3P4/5K2/8 w - - 0 1"
[perf] iter=1/3 nodes=20 elapsed_ms=0 nps=0
[perf] iter=2/3 nodes=20 elapsed_ms=0 nps=0
[perf] iter=3/3 nodes=20 elapsed_ms=0 nps=0
[perf] total_nodes=60 total_ms=0 total_nps=0 avg_nodes=20 avg_ms=0
[case] startpos
Polyglot book loaded from /Users/ktxc111/work/repos/skaks/book/baron30.bin
[perf] depth=2 iterations=3 fen="rnbqkbnr/pppppppp/8/8/8/8/PPPPPPPP/RNBQKBNR w KQkq - 0 1"
[perf] iter=1/3 nodes=200 elapsed_ms=0 nps=0
[perf] iter=2/3 nodes=200 elapsed_ms=0 nps=0
[perf] iter=3/3 nodes=200 elapsed_ms=0 nps=0
[perf] total_nodes=600 total_ms=0 total_nps=0 avg_nodes=200 avg_ms=0
[case] balanced_midgame
Polyglot book loaded from /Users/ktxc111/work/repos/skaks/book/baron30.bin
[perf] depth=2 iterations=3 fen="r2q1rk1/pp1bbppp/2n1pn2/2pp4/3P1B2/2P1PN2/PP1NBPPP/R2Q1RK1 w - - 0 9"
[perf] iter=1/3 nodes=975 elapsed_ms=2 nps=487500
[perf] iter=2/3 nodes=975 elapsed_ms=2 nps=487500
[perf] iter=3/3 nodes=975 elapsed_ms=2 nps=487500
[perf] total_nodes=2925 total_ms=6 total_nps=487500 avg_nodes=975 avg_ms=2
[case] simplified_endgame
Polyglot book loaded from /Users/ktxc111/work/repos/skaks/book/baron30.bin
[perf] depth=2 iterations=3 fen="8/5k2/3p4/4p3/4P3/3P4/5K2/8 w - - 0 1"
[perf] iter=1/3 nodes=77 elapsed_ms=0 nps=0
[perf] iter=2/3 nodes=77 elapsed_ms=0 nps=0
[perf] iter=3/3 nodes=77 elapsed_ms=0 nps=0
[perf] total_nodes=231 total_ms=0 total_nps=0 avg_nodes=77 avg_ms=0
[case] startpos
Polyglot book loaded from /Users/ktxc111/work/repos/skaks/book/baron30.bin
[perf] depth=3 iterations=3 fen="rnbqkbnr/pppppppp/8/8/8/8/PPPPPPPP/RNBQKBNR w KQkq - 0 1"
[perf] iter=1/3 nodes=1251 elapsed_ms=2 nps=625500
[perf] iter=2/3 nodes=1251 elapsed_ms=2 nps=625500
[perf] iter=3/3 nodes=1251 elapsed_ms=1 nps=1251000
[perf] total_nodes=3753 total_ms=5 total_nps=750600 avg_nodes=1251 avg_ms=1
[case] balanced_midgame
Polyglot book loaded from /Users/ktxc111/work/repos/skaks/book/baron30.bin
[perf] depth=3 iterations=3 fen="r2q1rk1/pp1bbppp/2n1pn2/2pp4/3P1B2/2P1PN2/PP1NBPPP/R2Q1RK1 w - - 0 9"
[perf] iter=1/3 nodes=4985 elapsed_ms=10 nps=498500
[perf] iter=2/3 nodes=4985 elapsed_ms=10 nps=498500
[perf] iter=3/3 nodes=4985 elapsed_ms=10 nps=498500
[perf] total_nodes=14955 total_ms=30 total_nps=498500 avg_nodes=4985 avg_ms=10
[case] simplified_endgame
Polyglot book loaded from /Users/ktxc111/work/repos/skaks/book/baron30.bin
[perf] depth=3 iterations=3 fen="8/5k2/3p4/4p3/4P3/3P4/5K2/8 w - - 0 1"
[perf] iter=1/3 nodes=256 elapsed_ms=0 nps=0
[perf] iter=2/3 nodes=256 elapsed_ms=0 nps=0
[perf] iter=3/3 nodes=256 elapsed_ms=0 nps=0
[perf] total_nodes=768 total_ms=0 total_nps=0 avg_nodes=256 avg_ms=0
[case] startpos
Polyglot book loaded from /Users/ktxc111/work/repos/skaks/book/baron30.bin
[perf] depth=4 iterations=3 fen="rnbqkbnr/pppppppp/8/8/8/8/PPPPPPPP/RNBQKBNR w KQkq - 0 1"
[perf] iter=1/3 nodes=2899 elapsed_ms=4 nps=724750
[perf] iter=2/3 nodes=2899 elapsed_ms=4 nps=724750
[perf] iter=3/3 nodes=2899 elapsed_ms=5 nps=579800
[perf] total_nodes=8697 total_ms=13 total_nps=669000 avg_nodes=2899 avg_ms=4
[case] balanced_midgame
Polyglot book loaded from /Users/ktxc111/work/repos/skaks/book/baron30.bin
[perf] depth=4 iterations=3 fen="r2q1rk1/pp1bbppp/2n1pn2/2pp4/3P1B2/2P1PN2/PP1NBPPP/R2Q1RK1 w - - 0 9"
[perf] iter=1/3 nodes=17406 elapsed_ms=43 nps=404790
[perf] iter=2/3 nodes=17406 elapsed_ms=43 nps=404790
[perf] iter=3/3 nodes=17406 elapsed_ms=42 nps=414428
[perf] total_nodes=52218 total_ms=128 total_nps=407953 avg_nodes=17406 avg_ms=42
[case] simplified_endgame
Polyglot book loaded from /Users/ktxc111/work/repos/skaks/book/baron30.bin
[perf] depth=4 iterations=3 fen="8/5k2/3p4/4p3/4P3/3P4/5K2/8 w - - 0 1"
[perf] iter=1/3 nodes=459 elapsed_ms=0 nps=0
[perf] iter=2/3 nodes=459 elapsed_ms=0 nps=0
[perf] iter=3/3 nodes=459 elapsed_ms=0 nps=0
[perf] total_nodes=1377 total_ms=0 total_nps=0 avg_nodes=459 avg_ms=0
[case] startpos
Polyglot book loaded from /Users/ktxc111/work/repos/skaks/book/baron30.bin
[perf] depth=8 iterations=3 fen="rnbqkbnr/pppppppp/8/8/8/8/PPPPPPPP/RNBQKBNR w KQkq - 0 1"
[perf] iter=1/3 nodes=273169 elapsed_ms=536 nps=509643
[perf] iter=2/3 nodes=273169 elapsed_ms=508 nps=537734
[perf] iter=3/3 nodes=273169 elapsed_ms=525 nps=520321
[perf] total_nodes=819507 total_ms=1569 total_nps=522311 avg_nodes=273169 avg_ms=523
[case] balanced_midgame
Polyglot book loaded from /Users/ktxc111/work/repos/skaks/book/baron30.bin
[perf] depth=8 iterations=3 fen="r2q1rk1/pp1bbppp/2n1pn2/2pp4/3P1B2/2P1PN2/PP1NBPPP/R2Q1RK1 w - - 0 9"
[perf] iter=1/3 nodes=2299516 elapsed_ms=4786 nps=480467
[perf] iter=2/3 nodes=2299516 elapsed_ms=4934 nps=466055
[perf] iter=3/3 nodes=2299516 elapsed_ms=4853 nps=473833
[perf] total_nodes=6898548 total_ms=14573 total_nps=473378 avg_nodes=2299516 avg_ms=4857
[case] simplified_endgame
Polyglot book loaded from /Users/ktxc111/work/repos/skaks/book/baron30.bin
[perf] depth=8 iterations=3 fen="8/5k2/3p4/4p3/4P3/3P4/5K2/8 w - - 0 1"
[perf] iter=1/3 nodes=4287 elapsed_ms=2 nps=2143500
[perf] iter=2/3 nodes=4287 elapsed_ms=2 nps=2143500
[perf] iter=3/3 nodes=4287 elapsed_ms=2 nps=2143500
[perf] total_nodes=12861 total_ms=6 total_nps=2143500 avg_nodes=4287 avg_ms=2
=== perf snapshot 2025-12-24T14:03:52 ===
binary: /usr/local/bin/skaks
--- version ---
skaks version 0.8
Optimizations:
 - Bitboard move generation with precomputed attack masks
 - Alpha-beta search with transposition table caching
 - Zobrist hashing for incremental board state keys
 - Repetition detection through historical position tracking
 - Move ordering seeded by cached transposition moves
 - PV search with some reductions
 - Root move exclusion support for iterative deepening
 - Quiescence search to reduce horizon effect
 - Killer move heuristic for quiet move ordering
 - Support for polyglot book of moves
 - Null move pruning, historical heuristic and SEE sorting
 - Time management for search limits
--- perf ---
[case] startpos
Polyglot book loaded from /Users/ktxc111/work/repos/skaks/book/baron30.bin
[perf] depth=1 iterations=3 fen="rnbqkbnr/pppppppp/8/8/8/8/PPPPPPPP/RNBQKBNR w KQkq - 0 1"
[perf] iter=1/3 nodes=41 elapsed_ms=0 nps=0
[perf] iter=2/3 nodes=41 elapsed_ms=0 nps=0
[perf] iter=3/3 nodes=41 elapsed_ms=0 nps=0
[perf] total_nodes=123 total_ms=0 total_nps=0 avg_nodes=41 avg_ms=0
[case] balanced_midgame
Polyglot book loaded from /Users/ktxc111/work/repos/skaks/book/baron30.bin
[perf] depth=1 iterations=3 fen="r2q1rk1/pp1bbppp/2n1pn2/2pp4/3P1B2/2P1PN2/PP1NBPPP/R2Q1RK1 w - - 0 9"
[perf] iter=1/3 nodes=98 elapsed_ms=0 nps=0
[perf] iter=2/3 nodes=98 elapsed_ms=0 nps=0
[perf] iter=3/3 nodes=98 elapsed_ms=0 nps=0
[perf] total_nodes=294 total_ms=0 total_nps=0 avg_nodes=98 avg_ms=0
[case] simplified_endgame
Polyglot book loaded from /Users/ktxc111/work/repos/skaks/book/baron30.bin
[perf] depth=1 iterations=3 fen="8/5k2/3p4/4p3/4P3/3P4/5K2/8 w - - 0 1"
[perf] iter=1/3 nodes=20 elapsed_ms=0 nps=0
[perf] iter=2/3 nodes=20 elapsed_ms=0 nps=0
[perf] iter=3/3 nodes=20 elapsed_ms=0 nps=0
[perf] total_nodes=60 total_ms=0 total_nps=0 avg_nodes=20 avg_ms=0
[case] startpos
Polyglot book loaded from /Users/ktxc111/work/repos/skaks/book/baron30.bin
[perf] depth=2 iterations=3 fen="rnbqkbnr/pppppppp/8/8/8/8/PPPPPPPP/RNBQKBNR w KQkq - 0 1"
[perf] iter=1/3 nodes=200 elapsed_ms=0 nps=0
[perf] iter=2/3 nodes=200 elapsed_ms=0 nps=0
[perf] iter=3/3 nodes=200 elapsed_ms=0 nps=0
[perf] total_nodes=600 total_ms=0 total_nps=0 avg_nodes=200 avg_ms=0
[case] balanced_midgame
Polyglot book loaded from /Users/ktxc111/work/repos/skaks/book/baron30.bin
[perf] depth=2 iterations=3 fen="r2q1rk1/pp1bbppp/2n1pn2/2pp4/3P1B2/2P1PN2/PP1NBPPP/R2Q1RK1 w - - 0 9"
[perf] iter=1/3 nodes=975 elapsed_ms=2 nps=487500
[perf] iter=2/3 nodes=975 elapsed_ms=2 nps=487500
[perf] iter=3/3 nodes=975 elapsed_ms=2 nps=487500
[perf] total_nodes=2925 total_ms=6 total_nps=487500 avg_nodes=975 avg_ms=2
[case] simplified_endgame
Polyglot book loaded from /Users/ktxc111/work/repos/skaks/book/baron30.bin
[perf] depth=2 iterations=3 fen="8/5k2/3p4/4p3/4P3/3P4/5K2/8 w - - 0 1"
[perf] iter=1/3 nodes=77 elapsed_ms=0 nps=0
[perf] iter=2/3 nodes=77 elapsed_ms=0 nps=0
[perf] iter=3/3 nodes=77 elapsed_ms=0 nps=0
[perf] total_nodes=231 total_ms=0 total_nps=0 avg_nodes=77 avg_ms=0
[case] startpos
Polyglot book loaded from /Users/ktxc111/work/repos/skaks/book/baron30.bin
[perf] depth=3 iterations=3 fen="rnbqkbnr/pppppppp/8/8/8/8/PPPPPPPP/RNBQKBNR w KQkq - 0 1"
[perf] iter=1/3 nodes=1251 elapsed_ms=2 nps=625500
[perf] iter=2/3 nodes=1251 elapsed_ms=2 nps=625500
[perf] iter=3/3 nodes=1251 elapsed_ms=2 nps=625500
[perf] total_nodes=3753 total_ms=6 total_nps=625500 avg_nodes=1251 avg_ms=2
[case] balanced_midgame
Polyglot book loaded from /Users/ktxc111/work/repos/skaks/book/baron30.bin
[perf] depth=3 iterations=3 fen="r2q1rk1/pp1bbppp/2n1pn2/2pp4/3P1B2/2P1PN2/PP1NBPPP/R2Q1RK1 w - - 0 9"
[perf] iter=1/3 nodes=4985 elapsed_ms=11 nps=453181
[perf] iter=2/3 nodes=4985 elapsed_ms=12 nps=415416
[perf] iter=3/3 nodes=4985 elapsed_ms=11 nps=453181
[perf] total_nodes=14955 total_ms=34 total_nps=439852 avg_nodes=4985 avg_ms=11
[case] simplified_endgame
Polyglot book loaded from /Users/ktxc111/work/repos/skaks/book/baron30.bin
[perf] depth=3 iterations=3 fen="8/5k2/3p4/4p3/4P3/3P4/5K2/8 w - - 0 1"
[perf] iter=1/3 nodes=256 elapsed_ms=0 nps=0
[perf] iter=2/3 nodes=256 elapsed_ms=0 nps=0
[perf] iter=3/3 nodes=256 elapsed_ms=0 nps=0
[perf] total_nodes=768 total_ms=0 total_nps=0 avg_nodes=256 avg_ms=0
[case] startpos
Polyglot book loaded from /Users/ktxc111/work/repos/skaks/book/baron30.bin
[perf] depth=4 iterations=3 fen="rnbqkbnr/pppppppp/8/8/8/8/PPPPPPPP/RNBQKBNR w KQkq - 0 1"
[perf] iter=1/3 nodes=2899 elapsed_ms=5 nps=579800
[perf] iter=2/3 nodes=2899 elapsed_ms=5 nps=579800
[perf] iter=3/3 nodes=2899 elapsed_ms=5 nps=579800
[perf] total_nodes=8697 total_ms=15 total_nps=579800 avg_nodes=2899 avg_ms=5
[case] balanced_midgame
Polyglot book loaded from /Users/ktxc111/work/repos/skaks/book/baron30.bin
[perf] depth=4 iterations=3 fen="r2q1rk1/pp1bbppp/2n1pn2/2pp4/3P1B2/2P1PN2/PP1NBPPP/R2Q1RK1 w - - 0 9"
[perf] iter=1/3 nodes=17406 elapsed_ms=47 nps=370340
[perf] iter=2/3 nodes=17406 elapsed_ms=45 nps=386800
[perf] iter=3/3 nodes=17406 elapsed_ms=46 nps=378391
[perf] total_nodes=52218 total_ms=138 total_nps=378391 avg_nodes=17406 avg_ms=46
[case] simplified_endgame
Polyglot book loaded from /Users/ktxc111/work/repos/skaks/book/baron30.bin
[perf] depth=4 iterations=3 fen="8/5k2/3p4/4p3/4P3/3P4/5K2/8 w - - 0 1"
[perf] iter=1/3 nodes=459 elapsed_ms=0 nps=0
[perf] iter=2/3 nodes=459 elapsed_ms=0 nps=0
[perf] iter=3/3 nodes=459 elapsed_ms=0 nps=0
[perf] total_nodes=1377 total_ms=0 total_nps=0 avg_nodes=459 avg_ms=0
[case] startpos
Polyglot book loaded from /Users/ktxc111/work/repos/skaks/book/baron30.bin
[perf] depth=8 iterations=3 fen="rnbqkbnr/pppppppp/8/8/8/8/PPPPPPPP/RNBQKBNR w KQkq - 0 1"
[perf] iter=1/3 nodes=273169 elapsed_ms=563 nps=485202
[perf] iter=2/3 nodes=273169 elapsed_ms=551 nps=495769
[perf] iter=3/3 nodes=273169 elapsed_ms=544 nps=502148
[perf] total_nodes=819507 total_ms=1658 total_nps=494274 avg_nodes=273169 avg_ms=552
[case] balanced_midgame
Polyglot book loaded from /Users/ktxc111/work/repos/skaks/book/baron30.bin
[perf] depth=8 iterations=3 fen="r2q1rk1/pp1bbppp/2n1pn2/2pp4/3P1B2/2P1PN2/PP1NBPPP/R2Q1RK1 w - - 0 9"
[perf] iter=1/3 nodes=2299516 elapsed_ms=5029 nps=457251
[perf] iter=2/3 nodes=2299516 elapsed_ms=4960 nps=463612
[perf] iter=3/3 nodes=2299516 elapsed_ms=4962 nps=463425
[perf] total_nodes=6898548 total_ms=14951 total_nps=461410 avg_nodes=2299516 avg_ms=4983
[case] simplified_endgame
Polyglot book loaded from /Users/ktxc111/work/repos/skaks/book/baron30.bin
[perf] depth=8 iterations=3 fen="8/5k2/3p4/4p3/4P3/3P4/5K2/8 w - - 0 1"
[perf] iter=1/3 nodes=4287 elapsed_ms=2 nps=2143500
[perf] iter=2/3 nodes=4287 elapsed_ms=2 nps=2143500
[perf] iter=3/3 nodes=4287 elapsed_ms=2 nps=2143500
[perf] total_nodes=12861 total_ms=6 total_nps=2143500 avg_nodes=4287 avg_ms=2
=== perf snapshot 2025-12-24T14:07:43 ===
binary: /usr/local/bin/skaks
--- version ---
skaks version 0.9
Optimizations:
 - Bitboard move generation with precomputed attack masks
 - Alpha-beta search with transposition table caching
 - Zobrist hashing for incremental board state keys
 - Repetition detection through historical position tracking
 - Move ordering seeded by cached transposition moves
 - PV search with some reductions
 - Root move exclusion support for iterative deepening
 - Quiescence search to reduce horizon effect
 - Killer move heuristic for quiet move ordering
 - Support for polyglot book of moves
 - Null move pruning, historical heuristic and SEE sorting
 - Time management for search limits
 - Incremental evaluation with piece-square tables
--- perf ---
[case] startpos
Polyglot book loaded from /Users/ktxc111/work/repos/skaks/book/baron30.bin
[perf] depth=1 iterations=3 fen="rnbqkbnr/pppppppp/8/8/8/8/PPPPPPPP/RNBQKBNR w KQkq - 0 1"
[perf] iter=1/3 nodes=41 elapsed_ms=0 nps=0
[perf] iter=2/3 nodes=41 elapsed_ms=0 nps=0
[perf] iter=3/3 nodes=41 elapsed_ms=0 nps=0
[perf] total_nodes=123 total_ms=0 total_nps=0 avg_nodes=41 avg_ms=0
[case] balanced_midgame
Polyglot book loaded from /Users/ktxc111/work/repos/skaks/book/baron30.bin
[perf] depth=1 iterations=3 fen="r2q1rk1/pp1bbppp/2n1pn2/2pp4/3P1B2/2P1PN2/PP1NBPPP/R2Q1RK1 w - - 0 9"
[perf] iter=1/3 nodes=98 elapsed_ms=0 nps=0
[perf] iter=2/3 nodes=98 elapsed_ms=0 nps=0
[perf] iter=3/3 nodes=98 elapsed_ms=0 nps=0
[perf] total_nodes=294 total_ms=0 total_nps=0 avg_nodes=98 avg_ms=0
[case] simplified_endgame
Polyglot book loaded from /Users/ktxc111/work/repos/skaks/book/baron30.bin
[perf] depth=1 iterations=3 fen="8/5k2/3p4/4p3/4P3/3P4/5K2/8 w - - 0 1"
[perf] iter=1/3 nodes=20 elapsed_ms=0 nps=0
[perf] iter=2/3 nodes=20 elapsed_ms=0 nps=0
[perf] iter=3/3 nodes=20 elapsed_ms=0 nps=0
[perf] total_nodes=60 total_ms=0 total_nps=0 avg_nodes=20 avg_ms=0
[case] startpos
Polyglot book loaded from /Users/ktxc111/work/repos/skaks/book/baron30.bin
[perf] depth=2 iterations=3 fen="rnbqkbnr/pppppppp/8/8/8/8/PPPPPPPP/RNBQKBNR w KQkq - 0 1"
[perf] iter=1/3 nodes=200 elapsed_ms=0 nps=0
[perf] iter=2/3 nodes=200 elapsed_ms=0 nps=0
[perf] iter=3/3 nodes=200 elapsed_ms=0 nps=0
[perf] total_nodes=600 total_ms=0 total_nps=0 avg_nodes=200 avg_ms=0
[case] balanced_midgame
Polyglot book loaded from /Users/ktxc111/work/repos/skaks/book/baron30.bin
[perf] depth=2 iterations=3 fen="r2q1rk1/pp1bbppp/2n1pn2/2pp4/3P1B2/2P1PN2/PP1NBPPP/R2Q1RK1 w - - 0 9"
[perf] iter=1/3 nodes=975 elapsed_ms=2 nps=487500
[perf] iter=2/3 nodes=975 elapsed_ms=2 nps=487500
[perf] iter=3/3 nodes=975 elapsed_ms=2 nps=487500
[perf] total_nodes=2925 total_ms=6 total_nps=487500 avg_nodes=975 avg_ms=2
[case] simplified_endgame
Polyglot book loaded from /Users/ktxc111/work/repos/skaks/book/baron30.bin
[perf] depth=2 iterations=3 fen="8/5k2/3p4/4p3/4P3/3P4/5K2/8 w - - 0 1"
[perf] iter=1/3 nodes=77 elapsed_ms=0 nps=0
[perf] iter=2/3 nodes=77 elapsed_ms=0 nps=0
[perf] iter=3/3 nodes=77 elapsed_ms=0 nps=0
[perf] total_nodes=231 total_ms=0 total_nps=0 avg_nodes=77 avg_ms=0
[case] startpos
Polyglot book loaded from /Users/ktxc111/work/repos/skaks/book/baron30.bin
[perf] depth=3 iterations=3 fen="rnbqkbnr/pppppppp/8/8/8/8/PPPPPPPP/RNBQKBNR w KQkq - 0 1"
[perf] iter=1/3 nodes=1251 elapsed_ms=2 nps=625500
[perf] iter=2/3 nodes=1251 elapsed_ms=2 nps=625500
[perf] iter=3/3 nodes=1251 elapsed_ms=2 nps=625500
[perf] total_nodes=3753 total_ms=6 total_nps=625500 avg_nodes=1251 avg_ms=2
[case] balanced_midgame
Polyglot book loaded from /Users/ktxc111/work/repos/skaks/book/baron30.bin
[perf] depth=3 iterations=3 fen="r2q1rk1/pp1bbppp/2n1pn2/2pp4/3P1B2/2P1PN2/PP1NBPPP/R2Q1RK1 w - - 0 9"
[perf] iter=1/3 nodes=4985 elapsed_ms=11 nps=453181
[perf] iter=2/3 nodes=4985 elapsed_ms=12 nps=415416
[perf] iter=3/3 nodes=4985 elapsed_ms=11 nps=453181
[perf] total_nodes=14955 total_ms=34 total_nps=439852 avg_nodes=4985 avg_ms=11
[case] simplified_endgame
Polyglot book loaded from /Users/ktxc111/work/repos/skaks/book/baron30.bin
[perf] depth=3 iterations=3 fen="8/5k2/3p4/4p3/4P3/3P4/5K2/8 w - - 0 1"
[perf] iter=1/3 nodes=256 elapsed_ms=0 nps=0
[perf] iter=2/3 nodes=256 elapsed_ms=0 nps=0
[perf] iter=3/3 nodes=256 elapsed_ms=0 nps=0
[perf] total_nodes=768 total_ms=0 total_nps=0 avg_nodes=256 avg_ms=0
[case] startpos
Polyglot book loaded from /Users/ktxc111/work/repos/skaks/book/baron30.bin
[perf] depth=4 iterations=3 fen="rnbqkbnr/pppppppp/8/8/8/8/PPPPPPPP/RNBQKBNR w KQkq - 0 1"
[perf] iter=1/3 nodes=2899 elapsed_ms=4 nps=724750
[perf] iter=2/3 nodes=2899 elapsed_ms=4 nps=724750
[perf] iter=3/3 nodes=2899 elapsed_ms=4 nps=724750
[perf] total_nodes=8697 total_ms=12 total_nps=724750 avg_nodes=2899 avg_ms=4
[case] balanced_midgame
Polyglot book loaded from /Users/ktxc111/work/repos/skaks/book/baron30.bin
[perf] depth=4 iterations=3 fen="r2q1rk1/pp1bbppp/2n1pn2/2pp4/3P1B2/2P1PN2/PP1NBPPP/R2Q1RK1 w - - 0 9"
[perf] iter=1/3 nodes=17406 elapsed_ms=46 nps=378391
[perf] iter=2/3 nodes=17406 elapsed_ms=45 nps=386800
[perf] iter=3/3 nodes=17406 elapsed_ms=46 nps=378391
[perf] total_nodes=52218 total_ms=137 total_nps=381153 avg_nodes=17406 avg_ms=45
[case] simplified_endgame
Polyglot book loaded from /Users/ktxc111/work/repos/skaks/book/baron30.bin
[perf] depth=4 iterations=3 fen="8/5k2/3p4/4p3/4P3/3P4/5K2/8 w - - 0 1"
[perf] iter=1/3 nodes=459 elapsed_ms=0 nps=0
[perf] iter=2/3 nodes=459 elapsed_ms=0 nps=0
[perf] iter=3/3 nodes=459 elapsed_ms=0 nps=0
[perf] total_nodes=1377 total_ms=0 total_nps=0 avg_nodes=459 avg_ms=0
[case] startpos
Polyglot book loaded from /Users/ktxc111/work/repos/skaks/book/baron30.bin
[perf] depth=8 iterations=3 fen="rnbqkbnr/pppppppp/8/8/8/8/PPPPPPPP/RNBQKBNR w KQkq - 0 1"
[perf] iter=1/3 nodes=273169 elapsed_ms=573 nps=476734
[perf] iter=2/3 nodes=273169 elapsed_ms=572 nps=477568
[perf] iter=3/3 nodes=273169 elapsed_ms=547 nps=499394
[perf] total_nodes=819507 total_ms=1692 total_nps=484342 avg_nodes=273169 avg_ms=564
[case] balanced_midgame
Polyglot book loaded from /Users/ktxc111/work/repos/skaks/book/baron30.bin
[perf] depth=8 iterations=3 fen="r2q1rk1/pp1bbppp/2n1pn2/2pp4/3P1B2/2P1PN2/PP1NBPPP/R2Q1RK1 w - - 0 9"
[perf] iter=1/3 nodes=2299516 elapsed_ms=5086 nps=452126
[perf] iter=2/3 nodes=2299516 elapsed_ms=5012 nps=458802
[perf] iter=3/3 nodes=2299516 elapsed_ms=4953 nps=464267
[perf] total_nodes=6898548 total_ms=15051 total_nps=458344 avg_nodes=2299516 avg_ms=5017
[case] simplified_endgame
Polyglot book loaded from /Users/ktxc111/work/repos/skaks/book/baron30.bin
[perf] depth=8 iterations=3 fen="8/5k2/3p4/4p3/4P3/3P4/5K2/8 w - - 0 1"
[perf] iter=1/3 nodes=4287 elapsed_ms=2 nps=2143500
[perf] iter=2/3 nodes=4287 elapsed_ms=2 nps=2143500
[perf] iter=3/3 nodes=4287 elapsed_ms=2 nps=2143500
[perf] total_nodes=12861 total_ms=6 total_nps=2143500 avg_nodes=4287 avg_ms=2
=== perf snapshot 2025-12-24T14:14:24 ===
binary: /usr/local/bin/skaks
--- version ---
skaks version 0.9
Optimizations:
 - Bitboard move generation with precomputed attack masks
 - Alpha-beta search with transposition table caching
 - Zobrist hashing for incremental board state keys
 - Repetition detection through historical position tracking
 - Move ordering seeded by cached transposition moves
 - PV search with some reductions
 - Root move exclusion support for iterative deepening
 - Quiescence search to reduce horizon effect
 - Killer move heuristic for quiet move ordering
 - Support for polyglot book of moves
 - Null move pruning, historical heuristic and SEE sorting
 - Time management for search limits
 - Incremental evaluation with piece-square tables
--- perf ---
[case] startpos
Polyglot book loaded from /Users/ktxc111/work/repos/skaks/book/baron30.bin
[perf] depth=1 iterations=3 fen="rnbqkbnr/pppppppp/8/8/8/8/PPPPPPPP/RNBQKBNR w KQkq - 0 1"
[perf] iter=1/3 nodes=41 elapsed_ms=0 nps=0
[perf] iter=2/3 nodes=41 elapsed_ms=0 nps=0
[perf] iter=3/3 nodes=41 elapsed_ms=0 nps=0
[perf] total_nodes=123 total_ms=0 total_nps=0 avg_nodes=41 avg_ms=0
[case] balanced_midgame
Polyglot book loaded from /Users/ktxc111/work/repos/skaks/book/baron30.bin
[perf] depth=1 iterations=3 fen="r2q1rk1/pp1bbppp/2n1pn2/2pp4/3P1B2/2P1PN2/PP1NBPPP/R2Q1RK1 w - - 0 9"
[perf] iter=1/3 nodes=98 elapsed_ms=0 nps=0
[perf] iter=2/3 nodes=98 elapsed_ms=0 nps=0
[perf] iter=3/3 nodes=98 elapsed_ms=0 nps=0
[perf] total_nodes=294 total_ms=0 total_nps=0 avg_nodes=98 avg_ms=0
[case] simplified_endgame
Polyglot book loaded from /Users/ktxc111/work/repos/skaks/book/baron30.bin
[perf] depth=1 iterations=3 fen="8/5k2/3p4/4p3/4P3/3P4/5K2/8 w - - 0 1"
[perf] iter=1/3 nodes=20 elapsed_ms=0 nps=0
[perf] iter=2/3 nodes=20 elapsed_ms=0 nps=0
[perf] iter=3/3 nodes=20 elapsed_ms=0 nps=0
[perf] total_nodes=60 total_ms=0 total_nps=0 avg_nodes=20 avg_ms=0
[case] startpos
Polyglot book loaded from /Users/ktxc111/work/repos/skaks/book/baron30.bin
[perf] depth=2 iterations=3 fen="rnbqkbnr/pppppppp/8/8/8/8/PPPPPPPP/RNBQKBNR w KQkq - 0 1"
[perf] iter=1/3 nodes=200 elapsed_ms=0 nps=0
[perf] iter=2/3 nodes=200 elapsed_ms=0 nps=0
[perf] iter=3/3 nodes=200 elapsed_ms=0 nps=0
[perf] total_nodes=600 total_ms=0 total_nps=0 avg_nodes=200 avg_ms=0
[case] balanced_midgame
Polyglot book loaded from /Users/ktxc111/work/repos/skaks/book/baron30.bin
[perf] depth=2 iterations=3 fen="r2q1rk1/pp1bbppp/2n1pn2/2pp4/3P1B2/2P1PN2/PP1NBPPP/R2Q1RK1 w - - 0 9"
[perf] iter=1/3 nodes=1017 elapsed_ms=2 nps=508500
[perf] iter=2/3 nodes=1017 elapsed_ms=2 nps=508500
[perf] iter=3/3 nodes=1017 elapsed_ms=2 nps=508500
[perf] total_nodes=3051 total_ms=6 total_nps=508500 avg_nodes=1017 avg_ms=2
[case] simplified_endgame
Polyglot book loaded from /Users/ktxc111/work/repos/skaks/book/baron30.bin
[perf] depth=2 iterations=3 fen="8/5k2/3p4/4p3/4P3/3P4/5K2/8 w - - 0 1"
[perf] iter=1/3 nodes=77 elapsed_ms=0 nps=0
[perf] iter=2/3 nodes=77 elapsed_ms=0 nps=0
[perf] iter=3/3 nodes=77 elapsed_ms=0 nps=0
[perf] total_nodes=231 total_ms=0 total_nps=0 avg_nodes=77 avg_ms=0
[case] startpos
Polyglot book loaded from /Users/ktxc111/work/repos/skaks/book/baron30.bin
[perf] depth=3 iterations=3 fen="rnbqkbnr/pppppppp/8/8/8/8/PPPPPPPP/RNBQKBNR w KQkq - 0 1"
[perf] iter=1/3 nodes=1251 elapsed_ms=2 nps=625500
[perf] iter=2/3 nodes=1251 elapsed_ms=2 nps=625500
[perf] iter=3/3 nodes=1251 elapsed_ms=2 nps=625500
[perf] total_nodes=3753 total_ms=6 total_nps=625500 avg_nodes=1251 avg_ms=2
[case] balanced_midgame
Polyglot book loaded from /Users/ktxc111/work/repos/skaks/book/baron30.bin
[perf] depth=3 iterations=3 fen="r2q1rk1/pp1bbppp/2n1pn2/2pp4/3P1B2/2P1PN2/PP1NBPPP/R2Q1RK1 w - - 0 9"
[perf] iter=1/3 nodes=5011 elapsed_ms=10 nps=501100
[perf] iter=2/3 nodes=5011 elapsed_ms=9 nps=556777
[perf] iter=3/3 nodes=5011 elapsed_ms=9 nps=556777
[perf] total_nodes=15033 total_ms=28 total_nps=536892 avg_nodes=5011 avg_ms=9
[case] simplified_endgame
Polyglot book loaded from /Users/ktxc111/work/repos/skaks/book/baron30.bin
[perf] depth=3 iterations=3 fen="8/5k2/3p4/4p3/4P3/3P4/5K2/8 w - - 0 1"
[perf] iter=1/3 nodes=256 elapsed_ms=0 nps=0
[perf] iter=2/3 nodes=256 elapsed_ms=0 nps=0
[perf] iter=3/3 nodes=256 elapsed_ms=0 nps=0
[perf] total_nodes=768 total_ms=0 total_nps=0 avg_nodes=256 avg_ms=0
[case] startpos
Polyglot book loaded from /Users/ktxc111/work/repos/skaks/book/baron30.bin
[perf] depth=4 iterations=3 fen="rnbqkbnr/pppppppp/8/8/8/8/PPPPPPPP/RNBQKBNR w KQkq - 0 1"
[perf] iter=1/3 nodes=2899 elapsed_ms=4 nps=724750
[perf] iter=2/3 nodes=2899 elapsed_ms=4 nps=724750
[perf] iter=3/3 nodes=2899 elapsed_ms=4 nps=724750
[perf] total_nodes=8697 total_ms=12 total_nps=724750 avg_nodes=2899 avg_ms=4
[case] balanced_midgame
Polyglot book loaded from /Users/ktxc111/work/repos/skaks/book/baron30.bin
[perf] depth=4 iterations=3 fen="r2q1rk1/pp1bbppp/2n1pn2/2pp4/3P1B2/2P1PN2/PP1NBPPP/R2Q1RK1 w - - 0 9"
[perf] iter=1/3 nodes=17768 elapsed_ms=46 nps=386260
[perf] iter=2/3 nodes=17768 elapsed_ms=46 nps=386260
[perf] iter=3/3 nodes=17768 elapsed_ms=44 nps=403818
[perf] total_nodes=53304 total_ms=136 total_nps=391941 avg_nodes=17768 avg_ms=45
[case] simplified_endgame
Polyglot book loaded from /Users/ktxc111/work/repos/skaks/book/baron30.bin
[perf] depth=4 iterations=3 fen="8/5k2/3p4/4p3/4P3/3P4/5K2/8 w - - 0 1"
[perf] iter=1/3 nodes=459 elapsed_ms=0 nps=0
[perf] iter=2/3 nodes=459 elapsed_ms=0 nps=0
[perf] iter=3/3 nodes=459 elapsed_ms=0 nps=0
[perf] total_nodes=1377 total_ms=0 total_nps=0 avg_nodes=459 avg_ms=0
[case] startpos
Polyglot book loaded from /Users/ktxc111/work/repos/skaks/book/baron30.bin
[perf] depth=8 iterations=3 fen="rnbqkbnr/pppppppp/8/8/8/8/PPPPPPPP/RNBQKBNR w KQkq - 0 1"
[perf] iter=1/3 nodes=274675 elapsed_ms=553 nps=496699
[perf] iter=2/3 nodes=274675 elapsed_ms=544 nps=504917
[perf] iter=3/3 nodes=274675 elapsed_ms=543 nps=505847
[perf] total_nodes=824025 total_ms=1640 total_nps=502454 avg_nodes=274675 avg_ms=546
[case] balanced_midgame
Polyglot book loaded from /Users/ktxc111/work/repos/skaks/book/baron30.bin
[perf] depth=8 iterations=3 fen="r2q1rk1/pp1bbppp/2n1pn2/2pp4/3P1B2/2P1PN2/PP1NBPPP/R2Q1RK1 w - - 0 9"
[perf] iter=1/3 nodes=1505204 elapsed_ms=2990 nps=503412
[perf] iter=2/3 nodes=1505204 elapsed_ms=3015 nps=499238
[perf] iter=3/3 nodes=1505204 elapsed_ms=2946 nps=510931
[perf] total_nodes=4515612 total_ms=8951 total_nps=504481 avg_nodes=1505204 avg_ms=2983
[case] simplified_endgame
Polyglot book loaded from /Users/ktxc111/work/repos/skaks/book/baron30.bin
[perf] depth=8 iterations=3 fen="8/5k2/3p4/4p3/4P3/3P4/5K2/8 w - - 0 1"
[perf] iter=1/3 nodes=4287 elapsed_ms=2 nps=2143500
[perf] iter=2/3 nodes=4287 elapsed_ms=2 nps=2143500
[perf] iter=3/3 nodes=4287 elapsed_ms=2 nps=2143500
[perf] total_nodes=12861 total_ms=6 total_nps=2143500 avg_nodes=4287 avg_ms=2
=== perf snapshot 2025-12-24T14:15:03 ===
binary: /usr/local/bin/skaks
--- version ---
skaks version 0.9
Optimizations:
 - Bitboard move generation with precomputed attack masks
 - Alpha-beta search with transposition table caching
 - Zobrist hashing for incremental board state keys
 - Repetition detection through historical position tracking
 - Move ordering seeded by cached transposition moves
 - PV search with some reductions
 - Root move exclusion support for iterative deepening
 - Quiescence search to reduce horizon effect
 - Killer move heuristic for quiet move ordering
 - Support for polyglot book of moves
 - Null move pruning, historical heuristic and SEE sorting
 - Time management for search limits
 - Incremental evaluation with piece-square tables
--- perf ---
[case] startpos
Polyglot book loaded from /Users/ktxc111/work/repos/skaks/book/baron30.bin
[perf] depth=1 iterations=3 fen="rnbqkbnr/pppppppp/8/8/8/8/PPPPPPPP/RNBQKBNR w KQkq - 0 1"
[perf] iter=1/3 nodes=41 elapsed_ms=0 nps=0
[perf] iter=2/3 nodes=41 elapsed_ms=0 nps=0
[perf] iter=3/3 nodes=41 elapsed_ms=0 nps=0
[perf] total_nodes=123 total_ms=0 total_nps=0 avg_nodes=41 avg_ms=0
[case] balanced_midgame
Polyglot book loaded from /Users/ktxc111/work/repos/skaks/book/baron30.bin
[perf] depth=1 iterations=3 fen="r2q1rk1/pp1bbppp/2n1pn2/2pp4/3P1B2/2P1PN2/PP1NBPPP/R2Q1RK1 w - - 0 9"
[perf] iter=1/3 nodes=98 elapsed_ms=0 nps=0
[perf] iter=2/3 nodes=98 elapsed_ms=0 nps=0
[perf] iter=3/3 nodes=98 elapsed_ms=0 nps=0
[perf] total_nodes=294 total_ms=0 total_nps=0 avg_nodes=98 avg_ms=0
[case] simplified_endgame
Polyglot book loaded from /Users/ktxc111/work/repos/skaks/book/baron30.bin
[perf] depth=1 iterations=3 fen="8/5k2/3p4/4p3/4P3/3P4/5K2/8 w - - 0 1"
[perf] iter=1/3 nodes=20 elapsed_ms=0 nps=0
[perf] iter=2/3 nodes=20 elapsed_ms=0 nps=0
[perf] iter=3/3 nodes=20 elapsed_ms=0 nps=0
[perf] total_nodes=60 total_ms=0 total_nps=0 avg_nodes=20 avg_ms=0
[case] startpos
Polyglot book loaded from /Users/ktxc111/work/repos/skaks/book/baron30.bin
[perf] depth=2 iterations=3 fen="rnbqkbnr/pppppppp/8/8/8/8/PPPPPPPP/RNBQKBNR w KQkq - 0 1"
[perf] iter=1/3 nodes=200 elapsed_ms=0 nps=0
[perf] iter=2/3 nodes=200 elapsed_ms=0 nps=0
[perf] iter=3/3 nodes=200 elapsed_ms=0 nps=0
[perf] total_nodes=600 total_ms=0 total_nps=0 avg_nodes=200 avg_ms=0
[case] balanced_midgame
Polyglot book loaded from /Users/ktxc111/work/repos/skaks/book/baron30.bin
[perf] depth=2 iterations=3 fen="r2q1rk1/pp1bbppp/2n1pn2/2pp4/3P1B2/2P1PN2/PP1NBPPP/R2Q1RK1 w - - 0 9"
[perf] iter=1/3 nodes=1017 elapsed_ms=2 nps=508500
[perf] iter=2/3 nodes=1017 elapsed_ms=2 nps=508500
[perf] iter=3/3 nodes=1017 elapsed_ms=2 nps=508500
[perf] total_nodes=3051 total_ms=6 total_nps=508500 avg_nodes=1017 avg_ms=2
[case] simplified_endgame
Polyglot book loaded from /Users/ktxc111/work/repos/skaks/book/baron30.bin
[perf] depth=2 iterations=3 fen="8/5k2/3p4/4p3/4P3/3P4/5K2/8 w - - 0 1"
[perf] iter=1/3 nodes=77 elapsed_ms=0 nps=0
[perf] iter=2/3 nodes=77 elapsed_ms=0 nps=0
[perf] iter=3/3 nodes=77 elapsed_ms=0 nps=0
[perf] total_nodes=231 total_ms=0 total_nps=0 avg_nodes=77 avg_ms=0
[case] startpos
Polyglot book loaded from /Users/ktxc111/work/repos/skaks/book/baron30.bin
[perf] depth=3 iterations=3 fen="rnbqkbnr/pppppppp/8/8/8/8/PPPPPPPP/RNBQKBNR w KQkq - 0 1"
[perf] iter=1/3 nodes=1251 elapsed_ms=2 nps=625500
[perf] iter=2/3 nodes=1251 elapsed_ms=2 nps=625500
[perf] iter=3/3 nodes=1251 elapsed_ms=2 nps=625500
[perf] total_nodes=3753 total_ms=6 total_nps=625500 avg_nodes=1251 avg_ms=2
[case] balanced_midgame
Polyglot book loaded from /Users/ktxc111/work/repos/skaks/book/baron30.bin
[perf] depth=3 iterations=3 fen="r2q1rk1/pp1bbppp/2n1pn2/2pp4/3P1B2/2P1PN2/PP1NBPPP/R2Q1RK1 w - - 0 9"
[perf] iter=1/3 nodes=5011 elapsed_ms=10 nps=501100
[perf] iter=2/3 nodes=5011 elapsed_ms=10 nps=501100
[perf] iter=3/3 nodes=5011 elapsed_ms=10 nps=501100
[perf] total_nodes=15033 total_ms=30 total_nps=501100 avg_nodes=5011 avg_ms=10
[case] simplified_endgame
Polyglot book loaded from /Users/ktxc111/work/repos/skaks/book/baron30.bin
[perf] depth=3 iterations=3 fen="8/5k2/3p4/4p3/4P3/3P4/5K2/8 w - - 0 1"
[perf] iter=1/3 nodes=256 elapsed_ms=0 nps=0
[perf] iter=2/3 nodes=256 elapsed_ms=0 nps=0
[perf] iter=3/3 nodes=256 elapsed_ms=0 nps=0
[perf] total_nodes=768 total_ms=0 total_nps=0 avg_nodes=256 avg_ms=0
[case] startpos
Polyglot book loaded from /Users/ktxc111/work/repos/skaks/book/baron30.bin
[perf] depth=4 iterations=3 fen="rnbqkbnr/pppppppp/8/8/8/8/PPPPPPPP/RNBQKBNR w KQkq - 0 1"
[perf] iter=1/3 nodes=2899 elapsed_ms=4 nps=724750
[perf] iter=2/3 nodes=2899 elapsed_ms=4 nps=724750
[perf] iter=3/3 nodes=2899 elapsed_ms=4 nps=724750
[perf] total_nodes=8697 total_ms=12 total_nps=724750 avg_nodes=2899 avg_ms=4
[case] balanced_midgame
Polyglot book loaded from /Users/ktxc111/work/repos/skaks/book/baron30.bin
[perf] depth=4 iterations=3 fen="r2q1rk1/pp1bbppp/2n1pn2/2pp4/3P1B2/2P1PN2/PP1NBPPP/R2Q1RK1 w - - 0 9"
[perf] iter=1/3 nodes=17768 elapsed_ms=44 nps=403818
[perf] iter=2/3 nodes=17768 elapsed_ms=44 nps=403818
[perf] iter=3/3 nodes=17768 elapsed_ms=43 nps=413209
[perf] total_nodes=53304 total_ms=131 total_nps=406900 avg_nodes=17768 avg_ms=43
[case] simplified_endgame
Polyglot book loaded from /Users/ktxc111/work/repos/skaks/book/baron30.bin
[perf] depth=4 iterations=3 fen="8/5k2/3p4/4p3/4P3/3P4/5K2/8 w - - 0 1"
[perf] iter=1/3 nodes=459 elapsed_ms=0 nps=0
[perf] iter=2/3 nodes=459 elapsed_ms=0 nps=0
[perf] iter=3/3 nodes=459 elapsed_ms=0 nps=0
[perf] total_nodes=1377 total_ms=0 total_nps=0 avg_nodes=459 avg_ms=0
[case] startpos
Polyglot book loaded from /Users/ktxc111/work/repos/skaks/book/baron30.bin
[perf] depth=8 iterations=3 fen="rnbqkbnr/pppppppp/8/8/8/8/PPPPPPPP/RNBQKBNR w KQkq - 0 1"
[perf] iter=1/3 nodes=274675 elapsed_ms=538 nps=510548
[perf] iter=2/3 nodes=274675 elapsed_ms=531 nps=517278
[perf] iter=3/3 nodes=274675 elapsed_ms=542 nps=506780
[perf] total_nodes=824025 total_ms=1611 total_nps=511499 avg_nodes=274675 avg_ms=537
[case] balanced_midgame
Polyglot book loaded from /Users/ktxc111/work/repos/skaks/book/baron30.bin
[perf] depth=8 iterations=3 fen="r2q1rk1/pp1bbppp/2n1pn2/2pp4/3P1B2/2P1PN2/PP1NBPPP/R2Q1RK1 w - - 0 9"
[perf] iter=1/3 nodes=1505204 elapsed_ms=2939 nps=512148
[perf] iter=2/3 nodes=1505204 elapsed_ms=3076 nps=489338
[perf] iter=3/3 nodes=1505204 elapsed_ms=2963 nps=508000
[perf] total_nodes=4515612 total_ms=8978 total_nps=502964 avg_nodes=1505204 avg_ms=2992
[case] simplified_endgame
Polyglot book loaded from /Users/ktxc111/work/repos/skaks/book/baron30.bin
[perf] depth=8 iterations=3 fen="8/5k2/3p4/4p3/4P3/3P4/5K2/8 w - - 0 1"
[perf] iter=1/3 nodes=4287 elapsed_ms=2 nps=2143500
[perf] iter=2/3 nodes=4287 elapsed_ms=2 nps=2143500
[perf] iter=3/3 nodes=4287 elapsed_ms=2 nps=2143500
[perf] total_nodes=12861 total_ms=6 total_nps=2143500 avg_nodes=4287 avg_ms=2
=== perf snapshot 2025-12-24T14:15:52 ===
binary: /usr/local/bin/skaks
--- version ---
skaks version 0.9
Optimizations:
 - Bitboard move generation with precomputed attack masks
 - Alpha-beta search with transposition table caching
 - Zobrist hashing for incremental board state keys
 - Repetition detection through historical position tracking
 - Move ordering seeded by cached transposition moves
 - PV search with some reductions
 - Root move exclusion support for iterative deepening
 - Quiescence search to reduce horizon effect
 - Killer move heuristic for quiet move ordering
 - Support for polyglot book of moves
 - Null move pruning, historical heuristic and SEE sorting
 - Time management for search limits
 - Incremental evaluation with piece-square tables
--- perf ---
[case] startpos
Polyglot book loaded from /Users/ktxc111/work/repos/skaks/book/baron30.bin
[perf] depth=1 iterations=3 fen="rnbqkbnr/pppppppp/8/8/8/8/PPPPPPPP/RNBQKBNR w KQkq - 0 1"
[perf] iter=1/3 nodes=41 elapsed_ms=0 nps=0
[perf] iter=2/3 nodes=41 elapsed_ms=0 nps=0
[perf] iter=3/3 nodes=41 elapsed_ms=0 nps=0
[perf] total_nodes=123 total_ms=0 total_nps=0 avg_nodes=41 avg_ms=0
[case] balanced_midgame
Polyglot book loaded from /Users/ktxc111/work/repos/skaks/book/baron30.bin
[perf] depth=1 iterations=3 fen="r2q1rk1/pp1bbppp/2n1pn2/2pp4/3P1B2/2P1PN2/PP1NBPPP/R2Q1RK1 w - - 0 9"
[perf] iter=1/3 nodes=98 elapsed_ms=0 nps=0
[perf] iter=2/3 nodes=98 elapsed_ms=0 nps=0
[perf] iter=3/3 nodes=98 elapsed_ms=0 nps=0
[perf] total_nodes=294 total_ms=0 total_nps=0 avg_nodes=98 avg_ms=0
[case] simplified_endgame
Polyglot book loaded from /Users/ktxc111/work/repos/skaks/book/baron30.bin
[perf] depth=1 iterations=3 fen="8/5k2/3p4/4p3/4P3/3P4/5K2/8 w - - 0 1"
[perf] iter=1/3 nodes=20 elapsed_ms=0 nps=0
[perf] iter=2/3 nodes=20 elapsed_ms=0 nps=0
[perf] iter=3/3 nodes=20 elapsed_ms=0 nps=0
[perf] total_nodes=60 total_ms=0 total_nps=0 avg_nodes=20 avg_ms=0
[case] startpos
Polyglot book loaded from /Users/ktxc111/work/repos/skaks/book/baron30.bin
[perf] depth=2 iterations=3 fen="rnbqkbnr/pppppppp/8/8/8/8/PPPPPPPP/RNBQKBNR w KQkq - 0 1"
[perf] iter=1/3 nodes=200 elapsed_ms=0 nps=0
[perf] iter=2/3 nodes=200 elapsed_ms=0 nps=0
[perf] iter=3/3 nodes=200 elapsed_ms=0 nps=0
[perf] total_nodes=600 total_ms=0 total_nps=0 avg_nodes=200 avg_ms=0
[case] balanced_midgame
Polyglot book loaded from /Users/ktxc111/work/repos/skaks/book/baron30.bin
[perf] depth=2 iterations=3 fen="r2q1rk1/pp1bbppp/2n1pn2/2pp4/3P1B2/2P1PN2/PP1NBPPP/R2Q1RK1 w - - 0 9"
[perf] iter=1/3 nodes=1017 elapsed_ms=2 nps=508500
[perf] iter=2/3 nodes=1017 elapsed_ms=2 nps=508500
[perf] iter=3/3 nodes=1017 elapsed_ms=2 nps=508500
[perf] total_nodes=3051 total_ms=6 total_nps=508500 avg_nodes=1017 avg_ms=2
[case] simplified_endgame
Polyglot book loaded from /Users/ktxc111/work/repos/skaks/book/baron30.bin
[perf] depth=2 iterations=3 fen="8/5k2/3p4/4p3/4P3/3P4/5K2/8 w - - 0 1"
[perf] iter=1/3 nodes=77 elapsed_ms=0 nps=0
[perf] iter=2/3 nodes=77 elapsed_ms=0 nps=0
[perf] iter=3/3 nodes=77 elapsed_ms=0 nps=0
[perf] total_nodes=231 total_ms=0 total_nps=0 avg_nodes=77 avg_ms=0
[case] startpos
Polyglot book loaded from /Users/ktxc111/work/repos/skaks/book/baron30.bin
[perf] depth=3 iterations=3 fen="rnbqkbnr/pppppppp/8/8/8/8/PPPPPPPP/RNBQKBNR w KQkq - 0 1"
[perf] iter=1/3 nodes=1251 elapsed_ms=2 nps=625500
[perf] iter=2/3 nodes=1251 elapsed_ms=2 nps=625500
[perf] iter=3/3 nodes=1251 elapsed_ms=2 nps=625500
[perf] total_nodes=3753 total_ms=6 total_nps=625500 avg_nodes=1251 avg_ms=2
[case] balanced_midgame
Polyglot book loaded from /Users/ktxc111/work/repos/skaks/book/baron30.bin
[perf] depth=3 iterations=3 fen="r2q1rk1/pp1bbppp/2n1pn2/2pp4/3P1B2/2P1PN2/PP1NBPPP/R2Q1RK1 w - - 0 9"
[perf] iter=1/3 nodes=5011 elapsed_ms=10 nps=501100
[perf] iter=2/3 nodes=5011 elapsed_ms=10 nps=501100
[perf] iter=3/3 nodes=5011 elapsed_ms=10 nps=501100
[perf] total_nodes=15033 total_ms=30 total_nps=501100 avg_nodes=5011 avg_ms=10
[case] simplified_endgame
Polyglot book loaded from /Users/ktxc111/work/repos/skaks/book/baron30.bin
[perf] depth=3 iterations=3 fen="8/5k2/3p4/4p3/4P3/3P4/5K2/8 w - - 0 1"
[perf] iter=1/3 nodes=256 elapsed_ms=0 nps=0
[perf] iter=2/3 nodes=256 elapsed_ms=0 nps=0
[perf] iter=3/3 nodes=256 elapsed_ms=0 nps=0
[perf] total_nodes=768 total_ms=0 total_nps=0 avg_nodes=256 avg_ms=0
[case] startpos
Polyglot book loaded from /Users/ktxc111/work/repos/skaks/book/baron30.bin
[perf] depth=4 iterations=3 fen="rnbqkbnr/pppppppp/8/8/8/8/PPPPPPPP/RNBQKBNR w KQkq - 0 1"
[perf] iter=1/3 nodes=2899 elapsed_ms=4 nps=724750
[perf] iter=2/3 nodes=2899 elapsed_ms=4 nps=724750
[perf] iter=3/3 nodes=2899 elapsed_ms=5 nps=579800
[perf] total_nodes=8697 total_ms=13 total_nps=669000 avg_nodes=2899 avg_ms=4
[case] balanced_midgame
Polyglot book loaded from /Users/ktxc111/work/repos/skaks/book/baron30.bin
[perf] depth=4 iterations=3 fen="r2q1rk1/pp1bbppp/2n1pn2/2pp4/3P1B2/2P1PN2/PP1NBPPP/R2Q1RK1 w - - 0 9"
[perf] iter=1/3 nodes=17768 elapsed_ms=50 nps=355360
[perf] iter=2/3 nodes=17768 elapsed_ms=47 nps=378042
[perf] iter=3/3 nodes=17768 elapsed_ms=47 nps=378042
[perf] total_nodes=53304 total_ms=144 total_nps=370166 avg_nodes=17768 avg_ms=48
[case] simplified_endgame
Polyglot book loaded from /Users/ktxc111/work/repos/skaks/book/baron30.bin
[perf] depth=4 iterations=3 fen="8/5k2/3p4/4p3/4P3/3P4/5K2/8 w - - 0 1"
[perf] iter=1/3 nodes=459 elapsed_ms=0 nps=0
[perf] iter=2/3 nodes=459 elapsed_ms=0 nps=0
[perf] iter=3/3 nodes=459 elapsed_ms=0 nps=0
[perf] total_nodes=1377 total_ms=0 total_nps=0 avg_nodes=459 avg_ms=0
[case] startpos
Polyglot book loaded from /Users/ktxc111/work/repos/skaks/book/baron30.bin
[perf] depth=8 iterations=3 fen="rnbqkbnr/pppppppp/8/8/8/8/PPPPPPPP/RNBQKBNR w KQkq - 0 1"
[perf] iter=1/3 nodes=274675 elapsed_ms=563 nps=487877
[perf] iter=2/3 nodes=274675 elapsed_ms=555 nps=494909
[perf] iter=3/3 nodes=274675 elapsed_ms=548 nps=501231
[perf] total_nodes=824025 total_ms=1666 total_nps=494612 avg_nodes=274675 avg_ms=555
[case] balanced_midgame
Polyglot book loaded from /Users/ktxc111/work/repos/skaks/book/baron30.bin
[perf] depth=8 iterations=3 fen="r2q1rk1/pp1bbppp/2n1pn2/2pp4/3P1B2/2P1PN2/PP1NBPPP/R2Q1RK1 w - - 0 9"
[perf] iter=1/3 nodes=1505204 elapsed_ms=3005 nps=500899
[perf] iter=2/3 nodes=1505204 elapsed_ms=2975 nps=505950
[perf] iter=3/3 nodes=1505204 elapsed_ms=2933 nps=513196
[perf] total_nodes=4515612 total_ms=8913 total_nps=506632 avg_nodes=1505204 avg_ms=2971
[case] simplified_endgame
Polyglot book loaded from /Users/ktxc111/work/repos/skaks/book/baron30.bin
[perf] depth=8 iterations=3 fen="8/5k2/3p4/4p3/4P3/3P4/5K2/8 w - - 0 1"
[perf] iter=1/3 nodes=4287 elapsed_ms=2 nps=2143500
[perf] iter=2/3 nodes=4287 elapsed_ms=2 nps=2143500
[perf] iter=3/3 nodes=4287 elapsed_ms=2 nps=2143500
[perf] total_nodes=12861 total_ms=6 total_nps=2143500 avg_nodes=4287 avg_ms=2
=== perf snapshot 2025-12-24T14:16:35 ===
binary: /usr/local/bin/skaks
--- version ---
skaks version 0.9
Optimizations:
 - Bitboard move generation with precomputed attack masks
 - Alpha-beta search with transposition table caching
 - Zobrist hashing for incremental board state keys
 - Repetition detection through historical position tracking
 - Move ordering seeded by cached transposition moves
 - PV search with some reductions
 - Root move exclusion support for iterative deepening
 - Quiescence search to reduce horizon effect
 - Killer move heuristic for quiet move ordering
 - Support for polyglot book of moves
 - Null move pruning, historical heuristic and SEE sorting
 - Time management for search limits
 - Incremental evaluation with piece-square tables
--- perf ---
[case] startpos
Polyglot book loaded from /Users/ktxc111/work/repos/skaks/book/baron30.bin
[perf] depth=1 iterations=3 fen="rnbqkbnr/pppppppp/8/8/8/8/PPPPPPPP/RNBQKBNR w KQkq - 0 1"
[perf] iter=1/3 nodes=41 elapsed_ms=0 nps=0
[perf] iter=2/3 nodes=41 elapsed_ms=0 nps=0
[perf] iter=3/3 nodes=41 elapsed_ms=0 nps=0
[perf] total_nodes=123 total_ms=0 total_nps=0 avg_nodes=41 avg_ms=0
[case] balanced_midgame
Polyglot book loaded from /Users/ktxc111/work/repos/skaks/book/baron30.bin
[perf] depth=1 iterations=3 fen="r2q1rk1/pp1bbppp/2n1pn2/2pp4/3P1B2/2P1PN2/PP1NBPPP/R2Q1RK1 w - - 0 9"
[perf] iter=1/3 nodes=98 elapsed_ms=0 nps=0
[perf] iter=2/3 nodes=98 elapsed_ms=0 nps=0
[perf] iter=3/3 nodes=98 elapsed_ms=0 nps=0
[perf] total_nodes=294 total_ms=0 total_nps=0 avg_nodes=98 avg_ms=0
[case] simplified_endgame
Polyglot book loaded from /Users/ktxc111/work/repos/skaks/book/baron30.bin
[perf] depth=1 iterations=3 fen="8/5k2/3p4/4p3/4P3/3P4/5K2/8 w - - 0 1"
[perf] iter=1/3 nodes=20 elapsed_ms=0 nps=0
[perf] iter=2/3 nodes=20 elapsed_ms=0 nps=0
[perf] iter=3/3 nodes=20 elapsed_ms=0 nps=0
[perf] total_nodes=60 total_ms=0 total_nps=0 avg_nodes=20 avg_ms=0
[case] startpos
Polyglot book loaded from /Users/ktxc111/work/repos/skaks/book/baron30.bin
[perf] depth=2 iterations=3 fen="rnbqkbnr/pppppppp/8/8/8/8/PPPPPPPP/RNBQKBNR w KQkq - 0 1"
[perf] iter=1/3 nodes=200 elapsed_ms=0 nps=0
[perf] iter=2/3 nodes=200 elapsed_ms=0 nps=0
[perf] iter=3/3 nodes=200 elapsed_ms=0 nps=0
[perf] total_nodes=600 total_ms=0 total_nps=0 avg_nodes=200 avg_ms=0
[case] balanced_midgame
Polyglot book loaded from /Users/ktxc111/work/repos/skaks/book/baron30.bin
[perf] depth=2 iterations=3 fen="r2q1rk1/pp1bbppp/2n1pn2/2pp4/3P1B2/2P1PN2/PP1NBPPP/R2Q1RK1 w - - 0 9"
[perf] iter=1/3 nodes=975 elapsed_ms=2 nps=487500
[perf] iter=2/3 nodes=975 elapsed_ms=2 nps=487500
[perf] iter=3/3 nodes=975 elapsed_ms=2 nps=487500
[perf] total_nodes=2925 total_ms=6 total_nps=487500 avg_nodes=975 avg_ms=2
[case] simplified_endgame
Polyglot book loaded from /Users/ktxc111/work/repos/skaks/book/baron30.bin
[perf] depth=2 iterations=3 fen="8/5k2/3p4/4p3/4P3/3P4/5K2/8 w - - 0 1"
[perf] iter=1/3 nodes=77 elapsed_ms=0 nps=0
[perf] iter=2/3 nodes=77 elapsed_ms=0 nps=0
[perf] iter=3/3 nodes=77 elapsed_ms=0 nps=0
[perf] total_nodes=231 total_ms=0 total_nps=0 avg_nodes=77 avg_ms=0
[case] startpos
Polyglot book loaded from /Users/ktxc111/work/repos/skaks/book/baron30.bin
[perf] depth=3 iterations=3 fen="rnbqkbnr/pppppppp/8/8/8/8/PPPPPPPP/RNBQKBNR w KQkq - 0 1"
[perf] iter=1/3 nodes=1251 elapsed_ms=2 nps=625500
[perf] iter=2/3 nodes=1251 elapsed_ms=2 nps=625500
[perf] iter=3/3 nodes=1251 elapsed_ms=1 nps=1251000
[perf] total_nodes=3753 total_ms=5 total_nps=750600 avg_nodes=1251 avg_ms=1
[case] balanced_midgame
Polyglot book loaded from /Users/ktxc111/work/repos/skaks/book/baron30.bin
[perf] depth=3 iterations=3 fen="r2q1rk1/pp1bbppp/2n1pn2/2pp4/3P1B2/2P1PN2/PP1NBPPP/R2Q1RK1 w - - 0 9"
[perf] iter=1/3 nodes=4985 elapsed_ms=11 nps=453181
[perf] iter=2/3 nodes=4985 elapsed_ms=12 nps=415416
[perf] iter=3/3 nodes=4985 elapsed_ms=11 nps=453181
[perf] total_nodes=14955 total_ms=34 total_nps=439852 avg_nodes=4985 avg_ms=11
[case] simplified_endgame
Polyglot book loaded from /Users/ktxc111/work/repos/skaks/book/baron30.bin
[perf] depth=3 iterations=3 fen="8/5k2/3p4/4p3/4P3/3P4/5K2/8 w - - 0 1"
[perf] iter=1/3 nodes=256 elapsed_ms=0 nps=0
[perf] iter=2/3 nodes=256 elapsed_ms=0 nps=0
[perf] iter=3/3 nodes=256 elapsed_ms=0 nps=0
[perf] total_nodes=768 total_ms=0 total_nps=0 avg_nodes=256 avg_ms=0
[case] startpos
Polyglot book loaded from /Users/ktxc111/work/repos/skaks/book/baron30.bin
[perf] depth=4 iterations=3 fen="rnbqkbnr/pppppppp/8/8/8/8/PPPPPPPP/RNBQKBNR w KQkq - 0 1"
[perf] iter=1/3 nodes=2899 elapsed_ms=4 nps=724750
[perf] iter=2/3 nodes=2899 elapsed_ms=4 nps=724750
[perf] iter=3/3 nodes=2899 elapsed_ms=4 nps=724750
[perf] total_nodes=8697 total_ms=12 total_nps=724750 avg_nodes=2899 avg_ms=4
[case] balanced_midgame
Polyglot book loaded from /Users/ktxc111/work/repos/skaks/book/baron30.bin
[perf] depth=4 iterations=3 fen="r2q1rk1/pp1bbppp/2n1pn2/2pp4/3P1B2/2P1PN2/PP1NBPPP/R2Q1RK1 w - - 0 9"
[perf] iter=1/3 nodes=17406 elapsed_ms=45 nps=386800
[perf] iter=2/3 nodes=17406 elapsed_ms=45 nps=386800
[perf] iter=3/3 nodes=17406 elapsed_ms=45 nps=386800
[perf] total_nodes=52218 total_ms=135 total_nps=386800 avg_nodes=17406 avg_ms=45
[case] simplified_endgame
Polyglot book loaded from /Users/ktxc111/work/repos/skaks/book/baron30.bin
[perf] depth=4 iterations=3 fen="8/5k2/3p4/4p3/4P3/3P4/5K2/8 w - - 0 1"
[perf] iter=1/3 nodes=459 elapsed_ms=0 nps=0
[perf] iter=2/3 nodes=459 elapsed_ms=0 nps=0
[perf] iter=3/3 nodes=459 elapsed_ms=0 nps=0
[perf] total_nodes=1377 total_ms=0 total_nps=0 avg_nodes=459 avg_ms=0
[case] startpos
Polyglot book loaded from /Users/ktxc111/work/repos/skaks/book/baron30.bin
[perf] depth=8 iterations=3 fen="rnbqkbnr/pppppppp/8/8/8/8/PPPPPPPP/RNBQKBNR w KQkq - 0 1"
[perf] iter=1/3 nodes=273169 elapsed_ms=559 nps=488674
[perf] iter=2/3 nodes=273169 elapsed_ms=542 nps=504001
[perf] iter=3/3 nodes=273169 elapsed_ms=543 nps=503073
[perf] total_nodes=819507 total_ms=1644 total_nps=498483 avg_nodes=273169 avg_ms=548
[case] balanced_midgame
Polyglot book loaded from /Users/ktxc111/work/repos/skaks/book/baron30.bin
[perf] depth=8 iterations=3 fen="r2q1rk1/pp1bbppp/2n1pn2/2pp4/3P1B2/2P1PN2/PP1NBPPP/R2Q1RK1 w - - 0 9"
[perf] iter=1/3 nodes=2299516 elapsed_ms=5051 nps=455259
[perf] iter=2/3 nodes=2299516 elapsed_ms=4965 nps=463145
[perf] iter=3/3 nodes=2299516 elapsed_ms=4978 nps=461935
[perf] total_nodes=6898548 total_ms=14994 total_nps=460087 avg_nodes=2299516 avg_ms=4998
[case] simplified_endgame
Polyglot book loaded from /Users/ktxc111/work/repos/skaks/book/baron30.bin
[perf] depth=8 iterations=3 fen="8/5k2/3p4/4p3/4P3/3P4/5K2/8 w - - 0 1"
[perf] iter=1/3 nodes=4287 elapsed_ms=2 nps=2143500
[perf] iter=2/3 nodes=4287 elapsed_ms=2 nps=2143500
[perf] iter=3/3 nodes=4287 elapsed_ms=2 nps=2143500
[perf] total_nodes=12861 total_ms=6 total_nps=2143500 avg_nodes=4287 avg_ms=2
=== perf snapshot 2025-12-24T14:42:50 ===
binary: /usr/local/bin/skaks
--- version ---
skaks version 0.9
Optimizations:
 - Bitboard move generation with precomputed attack masks
 - Alpha-beta search with transposition table caching
 - Zobrist hashing for incremental board state keys
 - Repetition detection through historical position tracking
 - Move ordering seeded by cached transposition moves
 - PV search with some reductions
 - Root move exclusion support for iterative deepening
 - Quiescence search to reduce horizon effect
 - Killer move heuristic for quiet move ordering
 - Support for polyglot book of moves
 - Null move pruning, historical heuristic and SEE sorting
 - Time management for search limits
 - Incremental evaluation with piece-square tables
--- perf ---
[case] startpos
Polyglot book loaded from /Users/ktxc111/work/repos/skaks/book/baron30.bin
[perf] depth=1 iterations=3 fen="rnbqkbnr/pppppppp/8/8/8/8/PPPPPPPP/RNBQKBNR w KQkq - 0 1"
[perf] iter=1/3 nodes=41 elapsed_ms=0 nps=0
[perf] iter=2/3 nodes=41 elapsed_ms=0 nps=0
[perf] iter=3/3 nodes=41 elapsed_ms=0 nps=0
[perf] total_nodes=123 total_ms=0 total_nps=0 avg_nodes=41 avg_ms=0
[case] balanced_midgame
Polyglot book loaded from /Users/ktxc111/work/repos/skaks/book/baron30.bin
[perf] depth=1 iterations=3 fen="r2q1rk1/pp1bbppp/2n1pn2/2pp4/3P1B2/2P1PN2/PP1NBPPP/R2Q1RK1 w - - 0 9"
[perf] iter=1/3 nodes=98 elapsed_ms=0 nps=0
[perf] iter=2/3 nodes=98 elapsed_ms=0 nps=0
[perf] iter=3/3 nodes=98 elapsed_ms=0 nps=0
[perf] total_nodes=294 total_ms=0 total_nps=0 avg_nodes=98 avg_ms=0
[case] simplified_endgame
Polyglot book loaded from /Users/ktxc111/work/repos/skaks/book/baron30.bin
[perf] depth=1 iterations=3 fen="8/5k2/3p4/4p3/4P3/3P4/5K2/8 w - - 0 1"
[perf] iter=1/3 nodes=20 elapsed_ms=0 nps=0
[perf] iter=2/3 nodes=20 elapsed_ms=0 nps=0
[perf] iter=3/3 nodes=20 elapsed_ms=0 nps=0
[perf] total_nodes=60 total_ms=0 total_nps=0 avg_nodes=20 avg_ms=0
[case] startpos
Polyglot book loaded from /Users/ktxc111/work/repos/skaks/book/baron30.bin
[perf] depth=2 iterations=3 fen="rnbqkbnr/pppppppp/8/8/8/8/PPPPPPPP/RNBQKBNR w KQkq - 0 1"
[perf] iter=1/3 nodes=200 elapsed_ms=0 nps=0
[perf] iter=2/3 nodes=200 elapsed_ms=0 nps=0
[perf] iter=3/3 nodes=200 elapsed_ms=0 nps=0
[perf] total_nodes=600 total_ms=0 total_nps=0 avg_nodes=200 avg_ms=0
[case] balanced_midgame
Polyglot book loaded from /Users/ktxc111/work/repos/skaks/book/baron30.bin
[perf] depth=2 iterations=3 fen="r2q1rk1/pp1bbppp/2n1pn2/2pp4/3P1B2/2P1PN2/PP1NBPPP/R2Q1RK1 w - - 0 9"
[perf] iter=1/3 nodes=975 elapsed_ms=1 nps=975000
[perf] iter=2/3 nodes=975 elapsed_ms=1 nps=975000
[perf] iter=3/3 nodes=975 elapsed_ms=1 nps=975000
[perf] total_nodes=2925 total_ms=3 total_nps=975000 avg_nodes=975 avg_ms=1
[case] simplified_endgame
Polyglot book loaded from /Users/ktxc111/work/repos/skaks/book/baron30.bin
[perf] depth=2 iterations=3 fen="8/5k2/3p4/4p3/4P3/3P4/5K2/8 w - - 0 1"
[perf] iter=1/3 nodes=77 elapsed_ms=0 nps=0
[perf] iter=2/3 nodes=77 elapsed_ms=0 nps=0
[perf] iter=3/3 nodes=77 elapsed_ms=0 nps=0
[perf] total_nodes=231 total_ms=0 total_nps=0 avg_nodes=77 avg_ms=0
[case] startpos
Polyglot book loaded from /Users/ktxc111/work/repos/skaks/book/baron30.bin
[perf] depth=3 iterations=3 fen="rnbqkbnr/pppppppp/8/8/8/8/PPPPPPPP/RNBQKBNR w KQkq - 0 1"
[perf] iter=1/3 nodes=1251 elapsed_ms=2 nps=625500
[perf] iter=2/3 nodes=1251 elapsed_ms=2 nps=625500
[perf] iter=3/3 nodes=1251 elapsed_ms=2 nps=625500
[perf] total_nodes=3753 total_ms=6 total_nps=625500 avg_nodes=1251 avg_ms=2
[case] balanced_midgame
Polyglot book loaded from /Users/ktxc111/work/repos/skaks/book/baron30.bin
[perf] depth=3 iterations=3 fen="r2q1rk1/pp1bbppp/2n1pn2/2pp4/3P1B2/2P1PN2/PP1NBPPP/R2Q1RK1 w - - 0 9"
[perf] iter=1/3 nodes=4985 elapsed_ms=10 nps=498500
[perf] iter=2/3 nodes=4985 elapsed_ms=9 nps=553888
[perf] iter=3/3 nodes=4985 elapsed_ms=10 nps=498500
[perf] total_nodes=14955 total_ms=29 total_nps=515689 avg_nodes=4985 avg_ms=9
[case] simplified_endgame
Polyglot book loaded from /Users/ktxc111/work/repos/skaks/book/baron30.bin
[perf] depth=3 iterations=3 fen="8/5k2/3p4/4p3/4P3/3P4/5K2/8 w - - 0 1"
[perf] iter=1/3 nodes=256 elapsed_ms=0 nps=0
[perf] iter=2/3 nodes=256 elapsed_ms=0 nps=0
[perf] iter=3/3 nodes=256 elapsed_ms=0 nps=0
[perf] total_nodes=768 total_ms=0 total_nps=0 avg_nodes=256 avg_ms=0
[case] startpos
Polyglot book loaded from /Users/ktxc111/work/repos/skaks/book/baron30.bin
[perf] depth=4 iterations=3 fen="rnbqkbnr/pppppppp/8/8/8/8/PPPPPPPP/RNBQKBNR w KQkq - 0 1"
[perf] iter=1/3 nodes=2899 elapsed_ms=4 nps=724750
[perf] iter=2/3 nodes=2899 elapsed_ms=4 nps=724750
[perf] iter=3/3 nodes=2899 elapsed_ms=4 nps=724750
[perf] total_nodes=8697 total_ms=12 total_nps=724750 avg_nodes=2899 avg_ms=4
[case] balanced_midgame
Polyglot book loaded from /Users/ktxc111/work/repos/skaks/book/baron30.bin
[perf] depth=4 iterations=3 fen="r2q1rk1/pp1bbppp/2n1pn2/2pp4/3P1B2/2P1PN2/PP1NBPPP/R2Q1RK1 w - - 0 9"
[perf] iter=1/3 nodes=17406 elapsed_ms=43 nps=404790
[perf] iter=2/3 nodes=17406 elapsed_ms=44 nps=395590
[perf] iter=3/3 nodes=17406 elapsed_ms=42 nps=414428
[perf] total_nodes=52218 total_ms=129 total_nps=404790 avg_nodes=17406 avg_ms=43
[case] simplified_endgame
Polyglot book loaded from /Users/ktxc111/work/repos/skaks/book/baron30.bin
[perf] depth=4 iterations=3 fen="8/5k2/3p4/4p3/4P3/3P4/5K2/8 w - - 0 1"
[perf] iter=1/3 nodes=459 elapsed_ms=0 nps=0
[perf] iter=2/3 nodes=459 elapsed_ms=0 nps=0
[perf] iter=3/3 nodes=459 elapsed_ms=0 nps=0
[perf] total_nodes=1377 total_ms=0 total_nps=0 avg_nodes=459 avg_ms=0
[case] startpos
Polyglot book loaded from /Users/ktxc111/work/repos/skaks/book/baron30.bin
[perf] depth=8 iterations=3 fen="rnbqkbnr/pppppppp/8/8/8/8/PPPPPPPP/RNBQKBNR w KQkq - 0 1"
[perf] iter=1/3 nodes=273169 elapsed_ms=543 nps=503073
[perf] iter=2/3 nodes=273169 elapsed_ms=540 nps=505868
[perf] iter=3/3 nodes=273169 elapsed_ms=529 nps=516387
[perf] total_nodes=819507 total_ms=1612 total_nps=508379 avg_nodes=273169 avg_ms=537
[case] balanced_midgame
Polyglot book loaded from /Users/ktxc111/work/repos/skaks/book/baron30.bin
[perf] depth=8 iterations=3 fen="r2q1rk1/pp1bbppp/2n1pn2/2pp4/3P1B2/2P1PN2/PP1NBPPP/R2Q1RK1 w - - 0 9"
[perf] iter=1/3 nodes=2299516 elapsed_ms=4865 nps=472665
[perf] iter=2/3 nodes=2299516 elapsed_ms=4834 nps=475696
[perf] iter=3/3 nodes=2299516 elapsed_ms=4842 nps=474910
[perf] total_nodes=6898548 total_ms=14541 total_nps=474420 avg_nodes=2299516 avg_ms=4847
[case] simplified_endgame
Polyglot book loaded from /Users/ktxc111/work/repos/skaks/book/baron30.bin
[perf] depth=8 iterations=3 fen="8/5k2/3p4/4p3/4P3/3P4/5K2/8 w - - 0 1"
[perf] iter=1/3 nodes=4287 elapsed_ms=2 nps=2143500
[perf] iter=2/3 nodes=4287 elapsed_ms=2 nps=2143500
[perf] iter=3/3 nodes=4287 elapsed_ms=2 nps=2143500
[perf] total_nodes=12861 total_ms=6 total_nps=2143500 avg_nodes=4287 avg_ms=2
=== perf snapshot 2025-12-30T19:01:05 ===
binary: /usr/local/bin/skaks
--- version ---
skaks version 0.9.8
Optimizations:
 - Bitboard move generation with precomputed attack masks
 - Alpha-beta search with transposition table caching
 - Zobrist hashing for incremental board state keys
 - Repetition detection through historical position tracking
 - Move ordering seeded by cached transposition moves
 - PV search with some reductions
 - Root move exclusion support for iterative deepening
 - Quiescence search to reduce horizon effect
 - Killer move heuristic for quiet move ordering
 - Support for polyglot book of moves
 - Null move pruning, historical heuristic and SEE sorting
 - Time management for search limits
 - Incremental evaluation with piece-square tables
 - MVV-LVA and SEE for capture move ordering
 - Threaded UCI search support, with pondering
 - Parammeter loading from external file
 - NNUE evaluation function, self play training infrastructure
--- perf ---
[case] startpos
Polyglot book loaded from /Users/ktxc111/work/repos/skaks/book/baron30.bin
[perf] depth=1 iterations=3 fen="rnbqkbnr/pppppppp/8/8/8/8/PPPPPPPP/RNBQKBNR w KQkq - 0 1"
[perf] iter=1/3 nodes=41 elapsed_ms=1 nps=41000
[perf] iter=2/3 nodes=41 elapsed_ms=1 nps=41000
[perf] iter=3/3 nodes=41 elapsed_ms=0 nps=0
[perf] total_nodes=123 total_ms=2 total_nps=61500 avg_nodes=41 avg_ms=0
[case] balanced_midgame
Polyglot book loaded from /Users/ktxc111/work/repos/skaks/book/baron30.bin
[perf] depth=1 iterations=3 fen="r2q1rk1/pp1bbppp/2n1pn2/2pp4/3P1B2/2P1PN2/PP1NBPPP/R2Q1RK1 w - - 0 9"
[perf] iter=1/3 nodes=138 elapsed_ms=1 nps=138000
[perf] iter=2/3 nodes=138 elapsed_ms=0 nps=0
[perf] iter=3/3 nodes=138 elapsed_ms=0 nps=0
[perf] total_nodes=414 total_ms=1 total_nps=414000 avg_nodes=138 avg_ms=0
[case] simplified_endgame
Polyglot book loaded from /Users/ktxc111/work/repos/skaks/book/baron30.bin
[perf] depth=1 iterations=3 fen="8/5k2/3p4/4p3/4P3/3P4/5K2/8 w - - 0 1"
[perf] iter=1/3 nodes=20 elapsed_ms=28 nps=714
[perf] iter=2/3 nodes=20 elapsed_ms=1 nps=20000
[perf] iter=3/3 nodes=20 elapsed_ms=0 nps=0
[perf] total_nodes=60 total_ms=29 total_nps=2068 avg_nodes=20 avg_ms=9
[case] startpos
Polyglot book loaded from /Users/ktxc111/work/repos/skaks/book/baron30.bin
[perf] depth=2 iterations=3 fen="rnbqkbnr/pppppppp/8/8/8/8/PPPPPPPP/RNBQKBNR w KQkq - 0 1"
[perf] iter=1/3 nodes=232 elapsed_ms=1 nps=232000
[perf] iter=2/3 nodes=232 elapsed_ms=0 nps=0
[perf] iter=3/3 nodes=232 elapsed_ms=0 nps=0
[perf] total_nodes=696 total_ms=1 total_nps=696000 avg_nodes=232 avg_ms=0
[case] balanced_midgame
Polyglot book loaded from /Users/ktxc111/work/repos/skaks/book/baron30.bin
[perf] depth=2 iterations=3 fen="r2q1rk1/pp1bbppp/2n1pn2/2pp4/3P1B2/2P1PN2/PP1NBPPP/R2Q1RK1 w - - 0 9"
[perf] iter=1/3 nodes=688 elapsed_ms=4 nps=172000
[perf] iter=2/3 nodes=688 elapsed_ms=2 nps=344000
[perf] iter=3/3 nodes=688 elapsed_ms=3 nps=229333
[perf] total_nodes=2064 total_ms=9 total_nps=229333 avg_nodes=688 avg_ms=3
[case] simplified_endgame
Polyglot book loaded from /Users/ktxc111/work/repos/skaks/book/baron30.bin
[perf] depth=2 iterations=3 fen="8/5k2/3p4/4p3/4P3/3P4/5K2/8 w - - 0 1"
[perf] iter=1/3 nodes=76 elapsed_ms=1 nps=76000
[perf] iter=2/3 nodes=76 elapsed_ms=0 nps=0
[perf] iter=3/3 nodes=76 elapsed_ms=0 nps=0
[perf] total_nodes=228 total_ms=1 total_nps=228000 avg_nodes=76 avg_ms=0
[case] startpos
Polyglot book loaded from /Users/ktxc111/work/repos/skaks/book/baron30.bin
[perf] depth=3 iterations=3 fen="rnbqkbnr/pppppppp/8/8/8/8/PPPPPPPP/RNBQKBNR w KQkq - 0 1"
[perf] iter=1/3 nodes=1292 elapsed_ms=4 nps=323000
[perf] iter=2/3 nodes=1292 elapsed_ms=2 nps=646000
[perf] iter=3/3 nodes=1292 elapsed_ms=2 nps=646000
[perf] total_nodes=3876 total_ms=8 total_nps=484500 avg_nodes=1292 avg_ms=2
[case] balanced_midgame
Polyglot book loaded from /Users/ktxc111/work/repos/skaks/book/baron30.bin
[perf] depth=3 iterations=3 fen="r2q1rk1/pp1bbppp/2n1pn2/2pp4/3P1B2/2P1PN2/PP1NBPPP/R2Q1RK1 w - - 0 9"
[perf] iter=1/3 nodes=5104 elapsed_ms=16 nps=319000
[perf] iter=2/3 nodes=5104 elapsed_ms=14 nps=364571
[perf] iter=3/3 nodes=5104 elapsed_ms=13 nps=392615
[perf] total_nodes=15312 total_ms=43 total_nps=356093 avg_nodes=5104 avg_ms=14
[case] simplified_endgame
Polyglot book loaded from /Users/ktxc111/work/repos/skaks/book/baron30.bin
[perf] depth=3 iterations=3 fen="8/5k2/3p4/4p3/4P3/3P4/5K2/8 w - - 0 1"
[perf] iter=1/3 nodes=293 elapsed_ms=1 nps=293000
[perf] iter=2/3 nodes=293 elapsed_ms=0 nps=0
[perf] iter=3/3 nodes=293 elapsed_ms=0 nps=0
[perf] total_nodes=879 total_ms=1 total_nps=879000 avg_nodes=293 avg_ms=0
[case] startpos
Polyglot book loaded from /Users/ktxc111/work/repos/skaks/book/baron30.bin
[perf] depth=4 iterations=3 fen="rnbqkbnr/pppppppp/8/8/8/8/PPPPPPPP/RNBQKBNR w KQkq - 0 1"
[perf] iter=1/3 nodes=2746 elapsed_ms=7 nps=392285
[perf] iter=2/3 nodes=2746 elapsed_ms=6 nps=457666
[perf] iter=3/3 nodes=2746 elapsed_ms=5 nps=549200
[perf] total_nodes=8238 total_ms=18 total_nps=457666 avg_nodes=2746 avg_ms=6
[case] balanced_midgame
Polyglot book loaded from /Users/ktxc111/work/repos/skaks/book/baron30.bin
[perf] depth=4 iterations=3 fen="r2q1rk1/pp1bbppp/2n1pn2/2pp4/3P1B2/2P1PN2/PP1NBPPP/R2Q1RK1 w - - 0 9"
[perf] iter=1/3 nodes=12852 elapsed_ms=49 nps=262285
[perf] iter=2/3 nodes=12852 elapsed_ms=37 nps=347351
[perf] iter=3/3 nodes=12852 elapsed_ms=37 nps=347351
[perf] total_nodes=38556 total_ms=123 total_nps=313463 avg_nodes=12852 avg_ms=41
[case] simplified_endgame
Polyglot book loaded from /Users/ktxc111/work/repos/skaks/book/baron30.bin
[perf] depth=4 iterations=3 fen="8/5k2/3p4/4p3/4P3/3P4/5K2/8 w - - 0 1"
[perf] iter=1/3 nodes=499 elapsed_ms=1 nps=499000
[perf] iter=2/3 nodes=499 elapsed_ms=1 nps=499000
[perf] iter=3/3 nodes=499 elapsed_ms=0 nps=0
[perf] total_nodes=1497 total_ms=2 total_nps=748500 avg_nodes=499 avg_ms=0
[case] startpos
Polyglot book loaded from /Users/ktxc111/work/repos/skaks/book/baron30.bin
[perf] depth=8 iterations=3 fen="rnbqkbnr/pppppppp/8/8/8/8/PPPPPPPP/RNBQKBNR w KQkq - 0 1"
[perf] iter=1/3 nodes=246290 elapsed_ms=569 nps=432847
[perf] iter=2/3 nodes=246290 elapsed_ms=566 nps=435141
[perf] iter=3/3 nodes=246290 elapsed_ms=560 nps=439803
[perf] total_nodes=738870 total_ms=1695 total_nps=435911 avg_nodes=246290 avg_ms=565
[case] balanced_midgame
Polyglot book loaded from /Users/ktxc111/work/repos/skaks/book/baron30.bin
[perf] depth=8 iterations=3 fen="r2q1rk1/pp1bbppp/2n1pn2/2pp4/3P1B2/2P1PN2/PP1NBPPP/R2Q1RK1 w - - 0 9"
[perf] iter=1/3 nodes=1271045 elapsed_ms=3167 nps=401340
[perf] iter=2/3 nodes=1271045 elapsed_ms=3140 nps=404791
[perf] iter=3/3 nodes=1271045 elapsed_ms=3171 nps=400834
[perf] total_nodes=3813135 total_ms=9478 total_nps=402314 avg_nodes=1271045 avg_ms=3159
[case] simplified_endgame
Polyglot book loaded from /Users/ktxc111/work/repos/skaks/book/baron30.bin
[perf] depth=8 iterations=3 fen="8/5k2/3p4/4p3/4P3/3P4/5K2/8 w - - 0 1"
[perf] iter=1/3 nodes=4039 elapsed_ms=5 nps=807800
[perf] iter=2/3 nodes=4039 elapsed_ms=5 nps=807800
[perf] iter=3/3 nodes=4039 elapsed_ms=3 nps=1346333
[perf] total_nodes=12117 total_ms=13 total_nps=932076 avg_nodes=4039 avg_ms=4
