trial,loss,mae,mse,rmse,error_count,evaluated,val_mae,val_mse,val_rmse,val_error_count
0,395.5010758968369,395.5010758968369,206264.06991792444,454.1630433202645,0,65062,384.8974961958777,197253.3611841195,444.13214383122454,0
1,465.3844794196305,465.3844794196305,257718.7951338723,507.6601177302313,0,65062,422.80550560243466,225553.13030847974,474.9243416676805,0
2,412.3044634348775,412.3044634348775,218310.16582644248,467.23673424340524,0,65062,403.91644764144417,211494.20722091576,459.8849934721895,0
3,415.1535458485752,415.1535458485752,220701.59257323784,469.78888085313156,0,65062,406.63660257297,213586.14054502698,462.1538061565943,0
4,423.72852048814974,423.72852048814974,226856.6843164981,476.29474521193083,0,65062,415.34333932770784,219724.14815327156,468.74742468974864,0
5,451.6987488856783,451.6987488856783,247067.07869416865,497.058425835604,0,65062,444.7822658735648,240846.63425093374,490.7612803094125,0
6,431.85387783959914,431.85387783959914,232808.94250099905,482.5027901484084,0,65062,430.0644625812699,230247.7476829437,479.8413776269651,0
7,429.8696013033722,429.8696013033722,231237.6882358366,480.87180020857596,0,65062,422.12906349425924,224449.85018674782,473.76138528456266,0
8,440.34238111339954,440.34238111339954,239056.0232701116,488.9335571119164,0,65062,433.5133490109282,232784.36574906626,482.4773214867889,0
9,435.7846669330792,435.7846669330792,235664.8990501368,485.4532923465828,0,65062,423.2426338359386,225233.48333102782,474.5876982508373,0
10,428.91557283821584,428.91557283821584,230383.1687467339,479.9824671243043,0,65062,420.9254392032093,223480.69470189515,472.7374479580554,0
11,456.7166087731702,456.7166087731702,250774.2804094556,500.7736818258879,0,65062,447.5473786139162,242468.69608521234,492.41110475416,0
12,441.3498048015739,441.3498048015739,239625.9068734438,489.515992459331,0,65062,425.47655277355096,226840.07580578225,476.27730977423465,0
13,460.72521594786514,460.72521594786514,253911.50932956257,503.8963279580062,0,65062,456.93000414995157,249925.3483192696,499.92534274556397,0
14,455.3487750146015,455.3487750146015,249947.42642402631,499.94742365975475,0,65062,450.06722921565915,244807.9991700097,494.78075869015936,0
15,445.7857428299161,445.7857428299161,242871.4876886662,492.81993434586855,0,65062,440.12339189376127,237393.78171254668,487.2307273895466,0
16,450.6437551873598,450.6437551873598,246367.19372291045,496.3538996753329,0,65062,449.425508369069,244056.15728316503,494.02040168718236,0
17,439.6906335495374,439.6906335495374,238318.17801481663,488.17842846116895,0,65062,432.2445704800111,231941.63674090468,481.6031942802131,0
18,414.0977375426516,414.0977375426516,219666.4061817958,468.6858288681191,0,65062,405.5011758196154,212538.4072485821,461.0188794925671,0
19,451.0449724877809,451.0449724877809,246812.98542928282,496.8027631055234,0,65062,443.8388435468253,240327.36491907595,490.2319501206301,0
20,424.13339583781624,424.13339583781624,227106.9956810427,476.5574421631066,0,65062,416.02296306543093,220211.6140545027,469.26710310280936,0
21,426.1377147951185,426.1377147951185,228217.5075466478,477.7211608738384,0,65062,417.53755706183426,220676.55346520958,469.7622307776665,0
22,408.99569641265253,408.99569641265253,215674.33970674127,464.4075146966738,0,65062,400.2756951168903,208567.12173191312,456.6914951385816,0
23,337.77858043097353,337.77858043097353,165557.25059174327,406.887270127419,0,65062,337.2730668142205,164500.6253977037,405.5867667931286,0
24,406.10662137653316,406.10662137653316,213987.8240908672,462.5881798002054,0,65062,392.17429796652374,203180.31954627196,450.7552767813949,0
25,372.36022563093667,372.36022563093667,189488.97447050505,435.30331318576594,0,65062,362.97938857379995,181834.6623322728,426.4207573890755,0
26,456.73745043189575,456.73745043189575,250622.63419507546,500.6222470037418,0,65062,450.438649882418,244682.72693318577,494.6541488082211,0
27,430.2871722357136,430.2871722357136,231442.80753742583,481.08503150422985,0,65062,421.85779499239175,223902.95725549868,473.18385143144803,0
28,417.8042021456457,417.8042021456457,222508.71090651993,471.7082900549024,0,65062,386.2884216350809,199247.08797897358,446.37102054117895,0
29,387.36875595585747,387.36875595585747,201146.51695306017,448.49360859778164,0,65062,380.00705491769264,194797.6850186748,441.35890726105754,0
30,430.7894777289355,430.7894777289355,231758.6385755126,481.41316826143486,0,65062,424.52400055332686,225569.28371835663,474.9413476613261,0
31,407.20074697980385,407.20074697980385,214619.8571055301,463.2708247942343,0,65062,398.53506709088396,207486.69829851986,455.50707820902176,0
32,410.3490977836525,410.3490977836525,216876.6073130245,465.70012595341274,0,65062,402.717526628856,210536.80412228525,458.8428969944781,0
33,414.17240478312993,414.17240478312993,219724.74244566722,468.74805860469144,0,65062,406.20307096417207,213011.44003319961,461.5316240878837,0
34,408.9041683317451,408.9041683317451,215880.3716608773,464.62928411893853,0,65062,399.150781574215,207701.50601742978,455.7428068740414,0
35,409.6368079677846,409.6368079677846,216698.54922996525,465.5089142325475,0,65062,401.9998616682805,210399.63632590952,458.69340122342015,0
36,405.95267590913284,405.95267590913284,213865.3124558114,462.45574107779373,0,65062,398.6381242218841,207610.40019366442,455.64284279868195,0
37,442.6657188527866,442.6657188527866,240661.82464418554,490.57295547572284,0,65062,434.96403375293954,233853.17734126435,483.5836818393114,0
38,376.23585195659524,376.23585195659524,192494.5031354708,438.7419550663816,0,65062,368.70383178862915,186079.60658458984,431.36945485811793,0
39,344.2593679874581,344.2593679874581,170041.40390704252,412.36076911733795,0,65062,338.6941485682667,165365.14676995436,406.6511364424725,0
40,394.94998616704066,394.94998616704066,205602.02539116534,453.43359534904926,0,65062,386.43173329644486,198520.18771614332,445.5560432943799,0
41,426.3624389044296,426.3624389044296,228526.7229258246,478.04468716410247,0,65062,417.78019089777285,221179.39894867892,470.29713899691006,0
42,397.06164888875225,397.06164888875225,206985.2305032123,454.9562951572517,0,65062,386.21953243878824,198643.90994605064,445.69486192466996,0
43,384.2820386708063,384.2820386708063,198113.5305708401,445.09946143625035,0,65062,376.2761101120487,191384.01383317195,437.4745864998011,0
44,384.01414035842737,384.01414035842737,198639.9208139928,445.6903867192928,0,65062,376.9081477382764,192657.60727624845,438.92779278173816,0
45,351.3908118410132,351.3908118410132,175318.48121791522,418.71049809852536,0,65062,345.1152303223129,170220.95642550837,412.57842457587185,0
46,388.21554824628817,388.21554824628817,201497.58556453843,448.884824386544,0,65062,381.52330889472955,195661.01673813805,442.3358641780452,0
47,373.4790661215456,373.4790661215456,190774.03518182656,436.7768711617255,0,65062,371.26559690136946,187944.0809240559,433.5251791119587,0
48,369.6434016783991,369.6434016783991,188255.89427008084,433.88465549046657,0,65062,364.1936644072486,183376.0716558307,428.2243239889938,0
49,407.3684485567612,407.3684485567612,214735.10482309182,463.3951929218643,0,65062,398.8275003458293,207433.18854613364,455.4483379551776,0
50,413.7665611263103,413.7665611263103,219686.38154375827,468.7071383537467,0,65062,405.47503112463687,212602.7454696362,461.08865250582363,0
51,432.4014171098337,432.4014171098337,233229.13096738496,482.9380197990059,0,65062,424.07165583068195,226057.98035689583,475.45555034818534,0
52,385.5240847191909,385.5240847191909,198866.8866004734,445.94493673599817,0,65062,377.52234057269334,192261.80619726103,438.47668831679186,0
53,371.97224186160895,371.97224186160895,189064.4503089361,434.8154209649608,0,65062,364.5058790980772,182817.51487065986,427.57164881533,0
54,379.4681073437644,379.4681073437644,194504.09849067044,441.0261879873693,0,65062,371.37128233503944,187644.63618757782,433.17968118042864,0
55,419.2892625495681,419.2892625495681,223648.14865820293,472.9145257424463,0,65062,410.8824180384562,216649.46811453867,465.4561935505195,0
56,392.4486182410624,392.4486182410624,204582.62070025515,452.3081037304717,0,65062,386.02061142620005,199160.5288421635,446.27405127585394,0
57,375.2777350834589,375.2777350834589,191436.57028680335,437.53465038417625,0,65062,368.09517222299075,185333.92557753492,430.50426894228923,0
58,391.07646552519134,391.07646552519134,202629.69722726016,450.14408496309284,0,65062,383.5620417761793,196327.90870106514,443.08905278856207,0
59,341.37956103409056,341.37956103409056,168483.68603793305,410.46764310714315,0,65062,380.87660810623873,194745.32867616543,441.29959061409227,0
60,373.37293658356646,373.37293658356646,190106.3989118072,436.0119251944919,0,65062,366.96209710886706,184438.6411675197,429.4632011797049,0
61,408.63868310227167,408.63868310227167,215398.08127632106,464.1099883393171,0,65062,400.06792087425646,208231.0420528427,456.3233963461031,0
62,349.82894777289357,349.82894777289357,174156.08999108544,417.3201289071562,0,65062,344.16087978973576,169511.78821413752,411.71809313429196,0
63,332.3060465402232,332.3060465402232,161897.0237004703,402.36429227811743,0,65062,322.8016323142897,154497.1131553465,393.06120789941417,0
64,370.2783345116965,370.2783345116965,188347.04246718515,433.98968013903874,0,65062,357.3823488725965,178483.4938442385,422.47306877982,0
65,366.1475515661984,366.1475515661984,185488.22372506224,430.68343795073224,0,65062,360.03638124221885,180342.3874671462,424.6673845106853,0
66,363.3810519197074,363.3810519197074,183087.51815191662,427.8872727155093,0,65062,363.4098768847697,182385.40849356758,427.06604699222765,0
67,402.8316682548953,402.8316682548953,211407.11868679107,459.7902986001239,0,65062,398.9542122008577,207831.59026144695,455.8855012625944,0
68,332.4617441824721,332.4617441824721,162286.92284282684,402.84851103464047,0,65062,325.9269608521234,156869.89099460506,396.06803834013806,0
69,364.89763610094985,364.89763610094985,184244.02240939412,429.23655763389274,0,65062,363.02213307511414,182530.36201410982,427.2357218376172,0
70,374.11860994128676,374.11860994128676,191329.56283237526,437.4123487424369,0,65062,368.70258680315396,186868.54018536452,432.2829399656717,0
71,367.35626018259507,367.35626018259507,185839.84640804157,431.09145944688066,0,65062,361.02019643104165,180461.61087287316,424.807734007837,0
72,366.68111954750856,366.68111954750856,186283.08236758783,431.605239040941,0,65062,361.7106100428828,181899.72859316642,426.49704406146407,0
73,393.020964618364,393.020964618364,204956.77043435493,452.7215153207929,0,65062,386.2478904412782,199249.59192142758,446.37382530949054,0
74,367.9090713473302,367.9090713473302,186401.05434816022,431.74188394011554,0,65062,360.4147184949509,180222.79513072348,424.5265540937616,0
75,428.93922719867203,428.93922719867203,230448.39841996864,480.0504123735013,0,65062,420.68999861668283,223447.18743947987,472.70200701867117,0
76,395.71222833604867,395.71222833604867,205937.44878731057,453.8033150907016,0,65062,387.49619587771474,199088.9268225204,446.19382203535764,0
77,353.5865943254127,353.5865943254127,176279.54700132183,419.85657908543226,0,65062,347.82570203347626,171431.31581131552,414.042649749172,0
78,391.05653069379974,391.05653069379974,203196.22443208017,450.7729189204695,0,65062,383.8602849633421,197048.71683497026,443.9016972652507,0
79,321.012695582675,321.012695582675,154968.96056069594,393.6609715995427,0,65062,309.1960160464795,146004.97274865126,382.10597057446154,0
80,332.72363284251946,332.72363284251946,162735.85046570963,403.4053178451043,0,65062,318.02365472402823,151927.66675888782,389.7789973291119,0
81,402.31463834496327,402.31463834496327,211378.64420091605,459.7593329133364,0,65062,395.20625259371974,205302.77161433117,453.10348885694003,0
82,379.237511911715,379.237511911715,194199.92531738957,440.6812059952064,0,65062,372.0005533268779,187940.4910776041,433.52103879466347,0
83,363.03558144539056,363.03558144539056,183186.70927730473,428.0031650318777,0,65062,356.6826670355513,178045.7691243602,421.95470032262966,0
84,347.16694844917157,347.16694844917157,172093.06661338414,414.84101365870777,0,65062,340.9100843823489,167042.1279568405,408.7078760641156,0
85,343.73932556638283,343.73932556638283,169740.51916633366,411.9957756656416,0,65062,338.5758749481256,165340.4784894176,406.62080429980165,0
86,387.7766899265316,387.7766899265316,201148.70586517476,448.4960488846861,0,65062,381.1344584313183,195373.93512242357,442.0112386833886,0
87,326.758722449356,326.758722449356,158736.02532968554,398.41689890074383,0,65062,320.9539355374187,153864.29685986997,392.25539748978593,0
88,385.6049306815038,385.6049306815038,198838.46847622268,445.9130727801358,0,65062,378.3770922672569,192687.16226310693,438.9614587445086,0
89,365.6895883926101,365.6895883926101,185262.43361716517,430.42122812097125,0,65062,370.5721399917001,187599.19324941208,433.1272252461303,0
90,385.1623989425471,385.1623989425471,198467.12308259815,445.49649053903687,0,65062,368.62927099183844,186118.61460782957,431.41466665822753,0
91,368.0343825889152,368.0343825889152,186426.12097691433,431.77091261097513,0,65062,360.4967492045926,180082.33849771752,424.3610944675743,0
92,393.12269834926684,393.12269834926684,204169.59160493067,451.8512936851356,0,65062,385.3358694148568,197751.4783510859,444.69256610728934,0
93,371.42962097691435,371.42962097691435,188746.49417478713,434.4496451544035,0,65062,364.4421081754046,183067.7122700235,427.86412828142477,0
94,405.49036303833265,405.49036303833265,213144.9057514371,461.6761914496318,0,65062,397.52787384147183,206547.21939410706,454.4746630936724,0
95,328.49795579600993,328.49795579600993,159953.14758230612,399.9414301898543,0,65062,322.43436159911465,154774.9885184673,393.4145250476491,0
96,329.22790568995725,329.22790568995725,160139.4992468722,400.17433606725984,0,65062,323.40116198644347,155309.2415271822,394.092935139901,0
97,379.60325535642926,379.60325535642926,194636.6730964311,441.1764648034062,0,65062,372.3246645455803,188706.09780052566,434.4031512322691,0
98,339.33672497002857,339.33672497002857,167279.0623097968,408.9976311787109,0,65062,332.19034444598145,161346.92931249135,401.6801330816491,0
99,320.80816759398726,320.80816759398726,154739.29779287448,393.36916222916415,0,65062,315.90012449854754,150367.01231152302,387.771856007528,0
100,365.0794934062894,365.0794934062894,184369.74590390705,429.3829827833272,0,65062,358.2734818093789,178682.72803983954,422.70879815759633,0
101,377.10897297961947,377.10897297961947,192626.1705450186,438.89198049750075,0,65062,369.1702863466593,185963.17609627888,431.23447925262064,0
102,375.88052934124374,375.88052934124374,192037.93561525928,438.2213317665621,0,65062,368.40282196707705,185846.5209572555,431.0992008311492,0
103,327.397866650272,327.397866650272,158869.03722603054,398.58378946719665,0,65062,322.0767741043021,154378.69677687093,392.9105455149695,0
104,372.7443822815161,372.7443822815161,189817.79408871537,435.68083970805435,0,65062,365.60395628717663,183962.57615161157,428.90858717401727,0
105,361.70371338108265,361.70371338108265,181838.6714979558,426.4254583135906,0,65062,354.8972195324388,176215.04883109697,419.7797622933923,0
106,329.1587562632566,329.1587562632566,160382.98194030309,400.47844129279054,0,65062,319.52192557753494,152896.95642550837,391.0204041038119,0
107,382.73165595893147,382.73165595893147,196689.7932279979,443.49723023712096,0,65062,374.94715728316504,189926.36367409048,435.8054195097744,0
108,351.17962866189174,351.17962866189174,174807.1461221604,418.09944525454756,0,65062,344.8275003458293,169107.74519297274,411.2271211787627,0
109,327.46967507915525,327.46967507915525,158931.39165718853,398.6620017724144,0,65062,321.8955595518052,154253.618342786,392.7513441642002,0
110,366.9122221880668,366.9122221880668,185379.37335157234,430.5570500544293,0,65062,360.89625121040257,180016.1215935814,424.2830677667698,0
111,387.59059051366387,387.59059051366387,200109.69974793275,447.33622673324004,0,65062,379.4263383593858,193296.6068612533,439.65509989223744,0
112,369.2224800959085,369.2224800959085,186997.68453167749,432.4322889559445,0,65062,362.8681698713515,181882.7312214691,426.4771168790526,0
113,415.71530232701116,415.71530232701116,220429.09675386554,469.49877183424616,0,65062,382.85295338221056,196440.59925300872,443.21619922224045,0
114,342.8767329624051,342.8767329624051,169012.5398235529,411.11134723278184,0,65062,356.67256882003045,177631.7811592198,421.4638551041119,0
115,328.578540469091,328.578540469091,159888.54128369864,399.8606523324077,0,65062,316.9579471572832,151101.46368792365,388.71771722925575,0
116,354.9212443515416,354.9212443515416,177773.3008207556,421.6317123044181,0,65062,338.61363950753906,165094.0760824457,406.3177033830125,0
117,389.2320555777566,389.2320555777566,201761.0580984292,449.17820305356446,0,65062,393.68916862636604,203579.267256882,451.19759225519147,0
118,342.9280378715687,342.9280378715687,169321.51283391227,411.4869534188323,0,65062,337.2678102088809,164891.9318024623,406.06887568793337,0
119,356.3675570993821,356.3675570993821,178799.31662106913,422.84668216869,0,65062,349.84091852261724,173422.03928620834,416.43971867031166,0
120,352.2074790200117,352.2074790200117,176234.9161876364,419.80342565019214,0,65062,344.6955318854613,169999.59800802323,412.3100750746011,0
121,377.9943745965387,377.9943745965387,193322.62641787835,439.68468976970115,0,65062,371.0148014939826,187375.26269193526,432.86864369221206,0
122,354.6899880114352,354.6899880114352,177560.9063662353,421.3797650175377,0,65062,347.1965693733573,171169.94439064877,413.7268958995158,0
123,373.061095570379,373.061095570379,190043.22192677754,435.93947048504054,0,65062,366.0470327846175,183970.06667588878,428.91731916056824,0
124,333.2868187267529,333.2868187267529,163591.61201623068,404.46459921262664,0,65062,326.6224927375847,157897.39549038594,397.3630524978209,0
125,363.8099812486551,363.8099812486551,183669.33640220098,428.56660672782357,0,65062,343.9731636464241,169074.45953797206,411.186648054107,0
126,346.4575942946728,346.4575942946728,172087.82831760476,414.83469999218335,0,65062,338.32798450684743,165206.09226725687,406.4555231107788,0
127,336.2419230887461,336.2419230887461,165536.94018013586,406.8623110834129,0,65062,328.97606861253286,159502.53755706182,399.3776878558213,0
128,334.4314346315822,334.4314346315822,163595.2354369678,404.46907846826537,0,65062,328.1084520680592,158425.92806750588,398.02754687019575,0
129,345.4383357412929,345.4383357412929,171048.66073898744,413.58029539496613,0,65062,338.84036519573937,165468.5791949094,406.77829243324845,0
130,335.0566536534383,335.0566536534383,164232.68903507423,405.25632510187205,0,65062,328.8681698713515,158944.4761377784,398.67841192843434,0
131,356.0338139005871,356.0338139005871,178843.03968522334,422.89837985646545,0,65062,348.5029741319685,172449.05574768296,415.26985894437723,0
132,409.0316774768682,409.0316774768682,215973.9275921429,464.72995125356715,0,65062,400.7850325079541,209251.16793470742,457.4397970604519,0
133,397.37631797362513,397.37631797362513,207028.59423319294,455.00394968966253,0,65062,389.02337806058927,199717.25605201273,446.89736635161853,0
134,345.2615812609511,345.2615812609511,170628.00570225323,413.0714292979523,0,65062,339.3806888919629,165475.69553188546,406.78703953283156,0
135,388.98424579631734,388.98424579631734,201393.85821216684,448.7692705747207,0,65062,380.2218840780191,193844.0207497579,440.2772089828838,0
136,351.27585994897174,351.27585994897174,175177.71027635178,418.54236377737413,0,65062,344.3130446811454,169270.3838705215,411.4248216509567,0
137,357.59660016599554,357.59660016599554,179321.84399495865,423.46410000725996,0,65062,351.2581269885185,173626.041914511,416.684583245542,0
138,345.1922781347023,345.1922781347023,170875.3688481756,413.37074019356476,0,65062,338.9506155761516,165348.83580024898,406.6310807110654,0
139,326.36160892686974,326.36160892686974,158396.8672497003,397.9910391575422,0,65062,320.28095172222993,153407.73315811314,391.6729926330295,0
140,336.5859795272202,336.5859795272202,165019.99967723095,406.2265373867529,0,65062,330.1993360077466,159603.21828745332,399.5037149857975,0
141,323.02983308229074,323.02983308229074,156318.90576680706,395.37185758069205,0,65062,317.86803153963206,152080.0240697192,389.9743889920455,0
142,347.04342012234486,347.04342012234486,172326.1531615997,415.1218533895797,0,65062,339.11370867339883,165734.4997925024,407.10502304995254,0
143,334.538655436353,334.538655436353,164017.66121545603,404.9909396708228,0,65062,326.85737999723335,157746.26615022824,397.17284165741773,0
144,342.31408502659,342.31408502659,168794.6763241216,410.84629282022445,0,65062,336.1192419421773,163515.7866924886,404.37085292153364,0
145,328.7550182902462,328.7550182902462,159902.17154406567,399.8776957321647,0,65062,323.1691796929036,155428.43574491632,394.2441321629484,0
146,352.5315237773201,352.5315237773201,175713.784697673,419.1822809920202,0,65062,346.5011758196154,170720.53714206666,413.18341828063075,0
147,389.4297131966432,389.4297131966432,201296.36718822047,448.6606369943997,0,65062,370.43449993083414,186942.76843270162,432.36878753293655,0
148,374.0877778119332,374.0877778119332,190873.34168946542,436.89053742266543,0,65062,366.222160741458,184287.85115506986,429.2876088999889,0
149,363.3344963265808,363.3344963265808,183387.35063477914,428.23749326136675,0,65062,356.29243325494537,177028.97274865126,420.7481108081785,0
150,324.3211398358489,324.3211398358489,157087.55590052565,396.34272530289445,0,65062,318.64476414441833,152352.10776040948,390.32308125501555,0
151,333.86818726752944,333.86818726752944,163246.24256862685,404.0374271879115,0,65062,327.34167934707426,157805.02047309448,397.24680045671164,0
152,370.14861209308043,370.14861209308043,187949.75637084627,433.53172475707737,0,65062,363.1980910222714,182240.79692903583,426.89670522157445,0
153,338.0203190802619,338.0203190802619,166064.10015062557,407.5096319728229,0,65062,331.3743256328676,160377.74450131416,400.47190226196165,0
154,358.7924902400787,358.7924902400787,180324.90665826443,424.6468022466017,0,65062,351.197676027113,173741.16945635635,416.822707462485,0
155,357.65672742922135,357.65672742922135,179610.44323875688,423.80472300194685,0,65062,362.20141098353855,181310.69027528013,425.8059302960448,0
156,345.5046109864437,345.5046109864437,171836.07572776737,414.53115169763464,0,65062,350.43339327707844,173867.7492045926,416.974518651431,0
157,332.6267867572469,332.6267867572469,162526.6023485291,403.1458822170073,0,65062,319.20141098353855,152634.17111633698,390.68423453773636,0
158,375.76991177645937,375.76991177645937,191975.38206633672,438.14995385864955,0,65062,355.8362152441555,177592.62719601605,421.41740257850773,0
159,354.3017122129661,354.3017122129661,176980.979250561,420.6910734144011,0,65062,357.23364227417346,178011.0989071794,421.91361545603075,0
160,381.31059604684765,381.31059604684765,195697.92551719898,442.37758252108455,0,65062,374.8052289389957,189895.39756536172,435.7698906135688,0
161,393.62315944791123,393.62315944791123,204330.98521410348,452.0298499149182,0,65062,386.32507954073867,198202.47171116338,445.1993617596092,0
162,336.0527343149611,336.0527343149611,164930.4211521318,406.1162655596693,0,65062,329.604371282335,159428.869829852,399.285449058505,0
163,332.52549875503365,332.52549875503365,162362.65303864007,402.9424934635711,0,65062,326.5944113985337,157380.4491630931,396.71204816981935,0
164,319.78895515047185,319.78895515047185,154280.43882757984,392.78548703787396,0,65062,314.0610042882833,149490.11855028357,386.63952016094214,0
165,340.8703851710676,340.8703851710676,167976.10972610742,409.8488864521989,0,65062,334.88449301424816,162813.7676027113,403.50188054420676,0
166,367.60955703790233,367.60955703790233,185915.08015431435,431.1787102285018,0,65062,360.81048554433534,180220.88297136532,424.52430197971626,0
167,402.5780025206726,402.5780025206726,211072.09443300238,459.425831264419,0,65062,394.3620141098354,204385.34997925026,452.08997995891286,0
168,327.73821892963633,327.73821892963633,158854.41972272602,398.5654522443284,0,65062,353.7734126435192,175572.90634942593,419.0142078133222,0
169,370.86611232362975,370.86611232362975,188352.5833973748,433.9960638040106,0,65062,363.71890994605064,182071.3445843132,426.69818910362534,0
170,326.17930589284066,326.17930589284066,158265.22560019675,397.8256221011874,0,65062,315.58652649052425,150722.32715451653,388.22973502105236,0
171,321.6298453782546,321.6298453782546,156071.34888260427,395.05866511520065,0,65062,312.56702171807996,149277.48582099876,386.3644468904958,0
172,386.1437859272694,386.1437859272694,199019.80872091235,446.11636231022993,0,65062,378.1197952690552,192071.23225895697,438.2593207895948,0
173,366.37680981217915,366.37680981217915,185141.4218745197,430.2806315354198,0,65062,359.64725411536864,179453.10139715037,423.6190522121855,0
174,323.0485229473425,323.0485229473425,156776.64739786665,395.9503092534045,0,65062,379.91437266565225,194128.4179001245,440.60006570599205,0
175,403.3586117856814,403.3586117856814,211739.88807598906,460.1520271344994,0,65062,395.23322727901507,204797.19587771475,452.5452418020929,0
176,355.59939749777135,355.59939749777135,177917.19590544404,421.8023185159655,0,65062,346.32826117028634,170535.01217319132,412.95885045993543,0
177,349.8472226491654,349.8472226491654,174258.86099412868,417.44324284162116,0,65062,339.2281090053949,166001.62512104024,407.432970095745,0
178,319.3070916971504,319.3070916971504,154348.2749992315,392.87183024395057,0,65062,321.34181767879375,154222.48720431596,392.7117100422598,0
179,330.94737327472257,330.94737327472257,161434.98736589713,401.78973028923616,0,65062,324.4102918799281,155965.99170009684,394.92529888587393,0
180,335.91646429559495,335.91646429559495,164567.65093295625,405.66938624076164,0,65062,329.2680868723198,159271.13335177756,399.0878767286443,0
181,332.94457594294676,332.94457594294676,162710.5094525222,403.37390774878116,0,65062,326.5242772167658,157535.51943560658,396.907444419485,0
182,344.3555377947189,344.3555377947189,170444.37133810826,412.84909027162485,0,65062,348.5205422603403,172038.8129755153,414.77561762417434,0
183,391.68496203621163,391.68496203621163,202915.54964495404,450.46148519596437,0,65062,384.5103057131,196572.22838566883,443.36466749806397,0
184,367.99955427131044,367.99955427131044,186563.37335157234,431.9298245682652,0,65062,354.2617236132245,176003.9936367409,419.5282989700944,0
185,346.0309089791276,346.0309089791276,171797.06232516677,414.4840917636849,0,65062,338.5588601466316,165708.81532715453,407.0734765704522,0
186,346.87384341090035,346.87384341090035,172075.0705480926,414.8193227757027,0,65062,339.87176649605755,165951.0262830267,407.3708706854562,0
187,322.82756447696045,322.82756447696045,156925.2480557007,396.13791544827,0,65062,315.7483746022963,151300.934430765,388.9742079248507,0
188,351.11983953767174,351.11983953767174,175084.24329101472,418.43069114372423,0,65062,343.9423156729838,168909.31456633005,410.9857838980931,0
189,329.96941378992346,329.96941378992346,160472.21892963635,400.58983877482007,0,65062,324.33918937612395,155993.1116336976,394.95963291670404,0
190,316.1810734376441,316.1810734376441,152302.65508284405,390.2597277235304,0,65062,309.7840641859178,147144.32245123805,383.593955180785,0
191,361.6405736067136,361.6405736067136,182346.91123851095,427.0209728321443,0,65062,349.6054779360907,172819.01590814773,415.71506576999076,0
192,335.36492883710923,335.36492883710923,165188.4431311672,406.4338115009223,0,65062,312.3393277078434,148997.2415271822,386.00160819248174,0
193,333.4365528265347,333.4365528265347,163571.49025544865,404.43972388410197,0,65062,323.1991976760271,155789.60616959468,394.70192065607523,0
194,377.1411884049061,377.1411884049061,193317.9239802035,439.67934222590384,0,65062,388.5305021441417,199811.75446119794,447.0030810421757,0
195,328.8854169868741,328.8854169868741,159822.07354523378,399.7775300654525,0,65062,336.2726518190621,164008.62567436713,404.97978427863177,0
196,360.21702376195014,360.21702376195014,181339.54999846302,425.83981730042933,0,65062,354.9081477382764,176410.44943975654,420.0124396250146,0
197,341.51493959607757,341.51493959607757,168226.3058467308,410.15400259747656,0,65062,335.011343200996,162860.75155623184,403.56009658566575,0
198,340.0204420399004,340.0204420399004,167623.67111370692,409.4186990279107,0,65062,333.23972886982983,161924.37432563287,402.3982782339319,0
199,317.85733607943195,317.85733607943195,153255.10562232946,391.47810363075155,0,65062,309.55097523862224,147137.05381103887,383.58448067021544,0
200,322.0124804033076,322.0124804033076,155896.0025514125,394.83667832587753,0,65062,317.32590953105546,151872.671600498,389.7084443535936,0
201,319.29107620423594,319.29107620423594,153252.09403338353,391.47425717840446,0,65062,314.68847696776874,149434.0753907871,386.56703867607115,0
202,338.8782853278411,338.8782853278411,166775.31789677538,408.3813388204404,0,65062,332.25176372942315,161148.30156314842,401.43281077055525,0
203,333.12003934708434,333.12003934708434,162924.6409885955,403.63924609556426,0,65062,327.15728316502975,157909.1016738138,397.377782058602,0
204,338.75592511758015,338.75592511758015,166706.06793520026,408.2965441137119,0,65062,331.7529395490386,160871.8649882418,401.0883506015125,0
205,330.6732347606898,330.6732347606898,161532.0568688328,401.91050853247515,0,65062,323.9645870798174,155978.5594134735,394.94121007242774,0
206,351.9058897666841,351.9058897666841,175318.42711567428,418.71043349273526,0,65062,345.2070825840365,169421.85087840643,411.6088566569073,0
207,370.41256032707264,370.41256032707264,188054.71645507362,433.65276022997205,0,65062,352.0928205837599,174195.87508645732,417.36779354240707,0
208,346.02883403522793,346.02883403522793,171311.39012019304,413.89780154066176,0,65062,337.3084797344031,164246.29810485544,405.2731154479105,0
209,343.00604039224123,343.00604039224123,169212.09097476254,411.35397284426773,0,65062,336.5367270715175,163765.84700511827,404.67993155717306,0
210,348.1858381236359,348.1858381236359,172618.7785035812,415.4741610540675,0,65062,341.38483884354685,166852.14815327156,408.4753947954167,0
211,319.82957794104084,319.82957794104084,154944.91626448618,393.63043107016784,0,65062,316.2844100152165,151405.83759856134,389.1090304767564,0
212,333.30255756048075,333.30255756048075,163395.24163105962,404.2217728315233,0,65062,327.67561211785863,158343.38815880482,397.9238471853689,0
213,326.8571055301097,326.8571055301097,159748.35223325444,399.685316509444,0,65062,319.73246645455805,153553.14234333934,391.8585744159994,0
214,325.5507823307,325.5507823307,157886.37350527188,397.3491833454196,0,65062,319.6067229215659,152740.8301286485,390.8207135358213,0
215,369.1894193231072,369.1894193231072,187139.09913620853,432.5957687451514,0,65062,362.0478627749343,181054.5906764421,425.5051006467985,0
216,350.97153484368755,350.97153484368755,174627.23270111586,417.884233611554,0,65062,339.6659288974962,165725.75390787108,407.0942813499977,0
217,354.14781285543023,354.14781285543023,176799.32641173035,420.4751198486426,0,65062,348.5551251902061,171719.13141513348,414.3900715692082,0
218,325.1605699179244,325.1605699179244,158252.86737265994,397.81008958127234,0,65062,325.73993636740903,157359.09033061282,396.6851274381393,0
219,338.8738587808552,338.8738587808552,166894.16542682363,408.52682338718427,0,65062,331.9687370314013,161056.4697745193,401.31841444733044,0
220,358.2484706894962,358.2484706894962,179597.88042175156,423.78990127391137,0,65062,351.7186332826117,173966.14331166138,417.0924877190446,0
221,364.93080446343487,364.93080446343487,184237.02849589623,429.22841063459003,0,65062,336.6976068612533,164293.5436436575,405.33139977511917,0
222,334.41649503550457,334.41649503550457,164006.72358673267,404.97743589826416,0,65062,326.3653340711025,157638.99419006778,397.0377742609232,0
223,356.44197842058344,356.44197842058344,178285.2778273032,422.2384134908893,0,65062,346.25010374878957,170342.8734264767,412.7261482223736,0
224,344.053641142295,344.053641142295,170014.3879683994,412.3280101671476,0,65062,345.139438373219,169306.34984091853,411.46852837236355,0
225,331.5861024868587,331.5861024868587,162268.93493898129,402.8261845250148,0,65062,321.894591229769,154904.33503942454,393.5788803269613,0
226,326.05101288002214,326.05101288002214,158299.06736651194,397.8681532449059,0,65062,320.20016599806337,153444.7689860285,391.72026879653356,0
227,374.0,374.0,190585.81242507146,436.56135012741504,0,65062,360.9080094065569,180235.6289943284,424.54166932626106,0
228,366.18520795548864,366.18520795548864,185097.21302757369,430.2292563594132,0,65062,358.2769401023655,178347.8826947019,422.31254148403156,0
229,343.18099658787,343.18099658787,169365.5975531032,411.54051751085603,0,65062,337.60284963342093,164463.1195186056,405.54052759077683,0
230,362.03112415849495,362.03112415849495,182157.28771018414,426.798884382544,0,65062,358.31027804675614,178144.23723889887,422.07136510180226,0
231,382.14925763118254,382.14925763118254,196095.3476530079,442.82654352805895,0,65062,374.9536588739798,190131.68626366026,436.04092269379976,0
232,347.8719990163229,347.8719990163229,173139.40001844394,416.1002283326025,0,65062,340.75169456356343,167159.05021441416,408.85088995184316,0
233,339.5183209861363,339.5183209861363,167188.6830254219,408.8871274880415,0,65062,333.08382902199475,161859.8521233919,402.3180981802731,0
234,317.136854077649,317.136854077649,152267.0300021518,390.2140822704273,0,65062,312.0755291188269,148143.70092682252,384.8944023064281,0
235,362.57185453874763,362.57185453874763,182581.02920291416,427.29501425000757,0,65062,355.32715451653064,176323.12961682113,419.90847766724255,0
236,360.40006455381024,360.40006455381024,181227.55926654575,425.7083030274906,0,65062,353.4339466039563,175133.4784894176,418.48952016677504,0
237,358.82270757123973,358.82270757123973,179937.0774492023,424.1899072929509,0,65062,354.3019781435883,175799.9934984092,419.2850981115465,0
238,351.6742184377978,351.6742184377978,175067.22329470352,418.4103527575573,0,65062,347.29519988933464,171076.46078295753,413.6139030339255,0
239,316.2673296240509,316.2673296240509,152362.72652239402,390.3366835469016,0,65062,310.0183981186886,147348.81601881312,383.8604121537061,0
240,319.0686729581015,319.0686729581015,154605.47450124496,393.1990265771839,0,65062,312.4722644902476,149353.25826532024,386.46249270184063,0
241,354.9563646982878,354.9563646982878,177633.31116473518,421.46567020901614,0,65062,347.59966800387326,171331.21980910221,413.9217556605381,0
242,356.33630998124863,356.33630998124863,178448.40965540562,422.4315443422823,0,65062,349.4108452068059,172673.24125051874,415.5396987659768,0
243,322.2182994681996,322.2182994681996,156179.1259875196,395.1950480301083,0,65062,315.79900401161984,151092.43477659428,388.7061033436371,0
244,346.93512342073717,346.93512342073717,172620.3402754296,415.47604055520407,0,65062,341.90219947433945,168000.3119380274,409.8784111636369,0
245,367.0214103470536,367.0214103470536,186142.2958870001,431.4421118609078,0,65062,361.35980080232395,180944.4448748098,425.37565148326223,0
246,392.86406811963974,392.86406811963974,203648.81881897268,451.274660067428,0,65062,378.47655277355096,192468.44169318024,438.71225386713354,0
247,355.47937352064184,355.47937352064184,177979.83936860226,421.8765688783892,0,65062,343.87010651542397,168585.75031124637,410.5919511038257,0
248,348.68523869539825,348.68523869539825,173910.19192462575,417.02540920743155,0,65062,341.10900539493707,167407.65762899432,409.154808879224,0
249,328.0949402108758,328.0949402108758,159833.31878823278,399.791594194066,0,65062,321.0727624844377,154084.31387467147,392.53574853084586,0
250,332.49142356521475,332.49142356521475,162786.69808797762,403.4683359174269,0,65062,328.0004149951584,158747.37764559413,398.4311454261503,0
251,399.72360210260985,399.72360210260985,208531.02774276843,456.6519766110385,0,65062,390.6323142896666,200631.29381657214,447.9188473558264,0
252,337.83555685346283,337.83555685346283,166872.39244105623,408.50017434642086,0,65062,328.3456909669387,159390.5523585558,399.2374636210332,0
253,363.8255049030156,363.8255049030156,183558.58167593987,428.4373719412674,0,65062,356.37086733988104,177235.4371282335,420.9933932120948,0
254,341.80958162983,341.80958162983,168823.03761027943,410.880807060003,0,65062,334.7397980356896,162757.08562733434,403.4316368696614,0
255,380.6008422735237,380.6008422735237,195050.45196889123,441.6451652275741,0,65062,372.1404066952552,188212.35150089915,433.83447477223285,0
256,378.6345178445175,378.6345178445175,193945.9762226799,440.39297930675497,0,65062,370.73426476691105,187310.729284825,432.79409571391454,0
257,373.597706802742,373.597706802742,190712.33617165167,436.7062355538923,0,65062,365.4724028219671,183855.03582791533,428.7832037614292,0
258,328.44448372321784,328.44448372321784,160097.72667609356,400.12213969748484,0,65062,322.4369899017845,155043.30100982156,393.7553821979092,0
259,367.0209031385448,367.0209031385448,185796.55820601888,431.0412488451875,0,65062,356.32037626227697,177029.38138055056,420.74859640948364,0
260,360.399019396883,360.399019396883,181360.39213365712,425.86428839908274,0,65062,352.9402406971919,174952.1357034168,418.2728005780639,0
261,349.0599120838585,349.0599120838585,173569.07712643326,416.6162228315566,0,65062,342.1986443491493,167661.9900401162,409.4654931005984,0
262,401.3854477267837,401.3854477267837,210029.7253696474,458.29000138520087,0,65062,393.09890717941624,202739.64974408632,450.26619875811946,0
263,325.4499400571762,325.4499400571762,158065.70093141927,397.57477401291357,0,65062,317.12947848941764,151592.35011758195,389.34862285306974,0
264,328.76540837969935,328.76540837969935,160633.04508007746,400.7905251875067,0,65062,321.9035827915341,155011.1363950754,393.7145366824489,0
265,379.04169868740587,379.04169868740587,194132.39025852265,440.6045735787619,0,65062,371.18923779222575,187459.09212892517,432.9654629747333,0
266,340.50156773539084,340.50156773539084,167612.59655405613,409.40517406849676,0,65062,334.26504357449164,162287.7432563287,402.8495292988794,0
267,337.81972580000615,337.81972580000615,165800.82492084472,407.18647438347546,0,65062,331.634527597178,160566.17319131276,400.70709151612573,0
268,337.69601303372167,337.69601303372167,166232.6867603209,407.7164293480469,0,65062,331.0275280121732,160508.86152994883,400.6355719727703,0
269,345.1431096492576,345.1431096492576,171306.85575297408,413.8923238633136,0,65062,337.94605062940934,165221.83621524417,406.47489001812176,0
270,379.67669300052256,379.67669300052256,194480.8465617411,440.9998260336858,0,65062,371.87259648637433,187854.94798727348,433.42236673627434,0
271,325.46878362177614,325.46878362177614,158055.38772248008,397.5618036513066,0,65062,317.4870659842302,151804.70881173052,389.6212376292269,0
272,356.35523039562264,356.35523039562264,179057.53705696104,423.1519077789453,0,65062,332.8060589293125,162084.86443491493,402.5976458387641,0
273,323.4693369401494,323.4693369401494,156555.99827856506,395.67157881071654,0,65062,318.1694563563425,152095.49301424818,389.99422177033364,0
274,321.8342042974394,321.8342042974394,155427.38549383666,394.24280018008784,0,65062,314.8010789874118,149740.05713100013,386.96260430563586,0
275,349.3301466293689,349.3301466293689,173893.1868679106,417.00502019509383,0,65062,337.17083967353716,164543.76179277909,405.63994107185636,0
276,333.8709999692601,333.8709999692601,163716.36800282807,404.61879343751207,0,65062,326.3949370590677,157664.75238622216,397.07021090258354,0
277,334.7905382558175,334.7905382558175,164257.90728843256,405.28743786161516,0,65062,316.9800802323973,151439.07829575322,389.15174199244336,0
278,349.89685223325444,349.89685223325444,174142.82061725738,417.3042302891949,0,65062,338.27901507815744,165003.3710056716,406.20606963174686,0
279,333.37244474501244,333.37244474501244,163894.152039593,404.83842707874584,0,65062,326.37086733988104,158104.05879098078,397.62301089220273,0
280,343.40256985644464,343.40256985644464,169379.89127293965,411.55788325937783,0,65062,337.2074975791949,164075.83773689307,405.0627577757465,0
281,355.52293197258,355.52293197258,177977.19994774216,421.87344067592375,0,65062,337.3357310831374,164294.80896389543,405.33296061866895,0
282,333.66408963757647,333.66408963757647,163027.70730995052,403.7668972438807,0,65062,326.46603956287174,157295.81781712547,396.60536786221826,0
283,337.3671267406474,337.3671267406474,165798.98810365496,407.1842188784518,0,65062,331.4227417346798,160804.24996541708,401.0040523054812,0
284,333.5678429805416,333.5678429805416,163661.84290369187,404.55140946941697,0,65062,318.9977866924886,153074.52109558723,391.2473911677715,0
285,315.3874150809997,315.3874150809997,151855.18883526482,389.68601313784,0,65062,307.834278600083,145911.56729838153,381.9837264837097,0
286,363.1379760843503,363.1379760843503,182945.7791183794,427.7216140416327,0,65062,356.40130031816295,177075.82196707706,420.8037808374315,0
287,326.1015339214903,326.1015339214903,159074.658510344,398.84164590767597,0,65062,352.4374048969429,175835.56812837184,419.3275189256864,0
288,396.1215609726107,396.1215609726107,206181.34768374782,454.07196311129786,0,65062,391.4079402406972,201359.56314842994,448.73105881856446,0
289,329.3332052503766,329.3332052503766,160255.37645630323,400.3190932947156,0,65062,323.5332687785309,155384.95172222992,394.18897970672634,0
290,355.63576281085733,355.63576281085733,178192.26629983707,422.12825811574976,0,65062,348.72029326324525,172099.6844653479,414.84898995339006,0
291,308.921705450186,308.921705450186,147820.72466262948,384.47460860586034,0,65062,302.49246092128925,142763.48485267672,377.84055480146213,0
292,312.29132212351294,312.29132212351294,149792.76680704558,387.0307052509472,0,65062,306.55415686816985,145172.2581269885,381.01477415841566,0
293,377.1372383265193,377.1372383265193,192750.73144077958,439.03386138290017,0,65062,369.88974961958775,186469.34721261586,431.8209666199823,0
294,381.7197135040423,381.7197135040423,196092.90814915005,442.82378905062234,0,65062,374.3011481532715,189740.28565500068,435.5918796935965,0
295,321.8911038701546,321.8911038701546,156566.4907165473,395.6848376126476,0,65062,315.2703001798312,151022.50836906902,388.6161452758609,0
296,320.0840582828686,320.0840582828686,155637.76531615996,394.50952500055047,0,65062,314.54073869138193,150713.4072485821,388.2182469289435,0
297,329.48312378961606,329.48312378961606,160982.9806799668,401.22684441593236,0,65062,322.9230875639784,155454.56425508368,394.27726824543623,0
298,377.8495588822969,377.8495588822969,193403.0463557837,439.77613208970735,0,65062,370.44805643934154,187211.67644210818,432.67964643845704,0
299,348.1140450647075,348.1140450647075,172882.31419261626,415.7911906144913,0,65062,322.1326601189653,154635.6042329506,393.2373382995956,0
300,324.575512587993,324.575512587993,157250.48602871108,396.5482140026747,0,65062,318.04274450131413,152003.66343892654,389.87647202534106,0
301,311.73097968091975,311.73097968091975,149239.2403399834,386.3149496718751,0,65062,306.1210402545304,144725.28109005396,380.4277606721859,0
302,343.78254587931514,343.78254587931514,170225.785035812,412.5842762828123,0,65062,336.9359524138885,164258.05367270714,405.2876184547304,0
303,373.9906858073837,373.9906858073837,190756.85973379237,436.7572091377455,0,65062,366.51168903029463,184354.39051044403,429.3651016447937,0
304,323.74805570071624,323.74805570071624,156890.3018659125,396.093804377085,0,65062,315.66081062387605,150514.12173191312,387.961495166612,0
305,333.8682487473487,333.8682487473487,163386.67498693554,404.2111762271493,0,65062,329.4733711440033,159452.0740074699,399.31450513031695,0
306,333.09055977375425,333.09055977375425,162853.32731855768,403.5508980519777,0,65062,326.90040116198645,157642.2543920321,397.04187989685937,0
307,335.04793888905965,335.04793888905965,164959.63783775477,406.1522348058112,0,65062,327.8948678932079,159045.65804398948,398.80528838518364,0
308,345.30716854692446,345.30716854692446,170840.9835695183,413.32914676988156,0,65062,337.7396597039701,164797.14510997373,405.9521463300493,0
309,336.0536872521595,336.0536872521595,165180.47396329654,406.4240076118739,0,65062,328.3776455941347,158872.09544888642,398.5876258100425,0
310,327.81987949955425,327.81987949955425,159394.67045279886,399.2426210373823,0,65062,321.69428689998614,154291.5971780329,392.7996909087798,0
311,378.14773600565616,378.14773600565616,193469.1925855338,439.8513300940828,0,65062,370.82307373080647,187168.1599114677,432.62935627563195,0
312,313.42630106667485,313.42630106667485,150612.46334265778,388.0882159286182,0,65062,307.21967077050766,145677.0221330751,381.6765936405783,0
313,331.0639851218837,331.0639851218837,162084.5038117488,402.59719796807923,0,65062,355.2401438649882,177204.40683358695,420.9565379389979,0
314,387.7118594571332,387.7118594571332,200190.45948479912,447.4264850059718,0,65062,382.035827915341,194761.1350117582,441.3174990998637,0
315,343.56275552549874,343.56275552549874,170203.3229227506,412.55705414251565,0,65062,336.7101950477244,164278.4407248582,405.312769012843,0
316,384.001475515662,384.001475515662,197530.33429651716,444.44384830540423,0,65062,375.95269055194353,190643.82431871627,436.6277869292291,0
317,330.87416617995143,330.87416617995143,161695.99998463003,402.1144115604787,0,65062,324.1635080924056,156091.88186471158,395.0846515175091,0
318,355.66106175647843,355.66106175647843,178040.90135563002,421.9489321655288,0,65062,349.06460091298936,172289.2615852815,415.077416375887,0
319,313.2359441763241,313.2359441763241,150532.43277181766,387.9850934917702,0,65062,306.8153271545165,145287.56729838153,381.16606262675265,0
320,322.63729980633855,322.63729980633855,156322.24730257294,395.37608337198765,0,65062,316.5047724443215,151257.4924609213,388.91836220590216,0
321,330.5003688789155,330.5003688789155,160996.45896222064,401.24364040096714,0,65062,324.74712961682116,156337.5970397012,395.395494460548,0
322,317.73520641849314,317.73520641849314,153107.12597214963,391.2890568009149,0,65062,311.47489279291744,148068.36325909532,384.79652189059004,0
323,354.30609265008763,354.30609265008763,176862.2058498048,420.54988509070455,0,65062,357.4984091852262,177847.8622216074,421.72012309303835,0
324,375.77338538624696,375.77338538624696,191957.47606898035,438.1295197415718,0,65062,369.0142481671047,185976.1593581408,431.2495325888955,0
325,342.94769604377365,342.94769604377365,169686.66184562418,411.930408983877,0,65062,336.82058375985616,164383.57532162126,405.44244390741983,0
326,337.78615781869604,337.78615781869604,166366.14729027697,407.88006483558,0,65062,330.84423848388434,160416.96901369485,400.52087213239565,0
327,323.3736743413974,323.3736743413974,156809.8505732993,395.992235496227,0,65062,317.39839535205425,151953.12726518192,389.81165614329944,0
328,382.93249515846423,382.93249515846423,196869.62992222802,443.6999322991024,0,65062,389.1048554433532,199783.0924055886,446.97101964846513,0
329,344.3695244535981,344.3695244535981,170466.06971811503,412.8753682627665,0,65062,342.6787937474063,168137.93152579886,410.04625534907507,0
330,342.7892318096585,342.7892318096585,169470.4185699794,411.66784981338947,0,65062,335.58500484161016,163154.2097108867,403.92351963074236,0
331,331.50903753342965,331.50903753342965,162254.96798438413,402.8088479469935,0,65062,324.99073177479596,156787.18273620142,395.9636128941666,0
332,329.1448618241062,329.1448618241062,160766.033675571,400.9563987213211,0,65062,324.31193802738966,156397.24318716282,395.4709131999,0
333,321.8628231532999,321.8628231532999,155691.93832037135,394.57817770420525,0,65062,323.5728316502974,155856.568543367,394.78673805406254,0
334,334.71627063416435,334.71627063416435,164146.60665211643,405.15010385302435,0,65062,317.926545856965,151839.94120901922,389.66644865707804,0
335,365.8941778611171,365.8941778611171,185066.93008207556,430.19406095630325,0,65062,359.5024208050906,179306.0319546272,423.4454297245717,0
336,343.8093664504626,343.8093664504626,170429.24464357074,412.83076998156366,0,65062,336.58666482224373,164109.66897219533,405.1045161093558,0
337,358.59889028926256,358.59889028926256,180012.477898005,424.27877380091144,0,65062,349.67588878129754,172589.27113017015,415.43864905683745,0
338,363.11230825981374,363.11230825981374,183105.71321201316,427.908533698515,0,65062,356.86803153963206,177570.41900677825,421.3910523572828,0
339,330.4202606744336,330.4202606744336,161770.8287018536,402.2074448612974,0,65062,350.7252732051459,174561.8606999585,417.8060084536345,0
340,359.3489440841044,359.3489440841044,181107.23154836925,425.56695307362537,0,65062,372.7382763867755,188688.85253838706,434.3833014037108,0
341,315.87147643785926,315.87147643785926,151765.6744643571,389.5711417242775,0,65062,321.60824457048,154675.9737169733,393.2886646179537,0
342,333.9474962343611,333.9474962343611,164165.99188466385,405.17402666590544,0,65062,328.92945082307375,159520.68239037212,399.4004035931513,0
343,384.64290983984506,384.64290983984506,198099.88178967754,445.08412888989596,0,65062,377.72195324387883,192083.45303638125,438.27326297229365,0
344,311.63588577049586,311.63588577049586,149883.97368663736,387.1485163172363,0,65062,304.9672153824872,144560.5707566745,380.21121860970186,0
345,330.4279917617042,330.4279917617042,161259.85380098983,401.5717293348597,0,65062,324.06999585004843,155908.80979388574,394.852896397995,0
346,321.5658141465064,321.5658141465064,155949.47946574038,394.90439281646434,0,65062,314.6099045511136,150193.61087287316,387.54820457960216,0
347,347.4005410224094,347.4005410224094,172376.72029756234,415.18275529887114,0,65062,341.49536588739795,166867.88850463412,408.4946615374969,0
348,311.60051950447263,311.60051950447263,149552.0719467585,386.7196296372328,0,65062,305.4672845483469,144466.42951998895,380.0873972127844,0
349,359.0940948633611,359.0940948633611,180270.49236113246,424.58272734666497,0,65062,350.55083690690276,173044.88670632176,415.9866424614158,0
350,371.8295933109957,371.8295933109957,189089.32395253758,434.84402255583274,0,65062,356.66108728731496,177259.13667173882,421.02153943918216,0
351,332.3638683102272,332.3638683102272,162372.4857520519,402.9546944161985,0,65062,325.8185087840642,156878.08438234887,396.07838161448404,0
352,310.4992468722142,310.4992468722142,148908.27481479204,385.8863496093015,0,65062,343.16060312629685,169057.63923087565,411.1661941732025,0
353,362.3690940948634,362.3690940948634,183083.66733269804,427.8827728861002,0,65062,363.55249688753634,182245.45787799143,426.90216429293423,0
354,312.64247948111034,312.64247948111034,150192.34660785098,387.54657346937154,0,65062,302.8583483192696,142746.15174989626,377.817617045442,0
355,350.5725154468046,350.5725154468046,175061.48573668193,418.4034963246387,0,65062,330.8630515977314,160960.77230598975,401.1991678779877,0
356,318.4968798991731,318.4968798991731,153238.608496511,391.45703275903855,0,65062,320.519850601743,153545.14068335868,391.84836440051487,0
357,333.73022655313395,333.73022655313395,163142.85260213335,403.9094608970349,0,65062,328.0928205837599,158274.00207497578,397.83665250323,0
358,341.32785650610185,341.32785650610185,168418.17474101626,410.3878345431505,0,65062,334.6978835246922,162768.33158113156,403.44557449689734,0
359,332.35277120285264,332.35277120285264,162721.56549137746,403.3876119706423,0,65062,326.1837045234472,157521.32798450685,396.8895664848181,0
360,360.87083089975715,360.87083089975715,181649.97494697364,426.20414703164687,0,65062,354.0990455111357,175746.0475861115,419.22076235094977,0
361,312.40307706495344,312.40307706495344,150130.71459530908,387.46704968978855,0,65062,306.026283026698,145040.729284825,380.8421317092228,0
362,325.9151117395715,325.9151117395715,158747.454074575,398.4312413385464,0,65062,319.4686678655416,153225.04509614056,391.4397081239211,0
363,316.63593188036026,316.63593188036026,152452.3613322677,390.4514839673012,0,65062,310.1837045234472,147193.74436298243,383.6583693378556,0
364,321.5343825889152,321.5343825889152,155296.7397251852,394.0770733310747,0,65062,330.20652925715865,160022.63259095312,400.02828973830475,0
365,337.8975131413114,337.8975131413114,166475.32279979097,408.0138757441847,0,65062,331.27901507815744,160739.2267256882,400.9229685683875,0
366,384.8607174694906,384.8607174694906,198148.5821831484,445.1388347281648,0,65062,377.1047171116337,191356.1350117582,437.4427219782702,0
367,305.2663305769881,305.2663305769881,145432.28772555408,381.355854452969,0,65062,319.04163784755843,152740.32812283857,390.8200712896391,0
368,334.3412591066982,334.3412591066982,163775.31875749285,404.6916341580251,0,65062,326.05339604371284,157039.96763037765,396.2826865135262,0
369,327.0907288432572,327.0907288432572,158972.89036611232,398.71404586007793,0,65062,320.4823627057684,153470.45165306405,391.7530493219728,0
370,331.83036180873626,331.83036180873626,162082.9174479727,402.59522780079334,0,65062,325.4809793885738,156730.1358417485,395.8915708142174,0
371,350.5147858965295,350.5147858965295,174204.65529802343,417.37831196412617,0,65062,343.93014248167106,168313.5422603403,410.2603347392242,0
372,343.003688789155,343.003688789155,169664.91669484493,411.90401393388356,0,65062,336.3537142066676,163876.87688476968,404.81709065301294,0
373,316.5279886877133,316.5279886877133,152776.14598383082,390.8658925818814,0,65062,309.6862636602573,147133.96126711855,383.5804495371454,0
374,375.6397436291537,375.6397436291537,191948.65130183517,438.11944866877934,0,65062,367.91326601189655,185214.30308479734,430.36531352421673,0
375,327.36388368018197,327.36388368018197,160225.30046724662,400.28152651258665,0,65062,322.62913266011896,155714.6880619726,394.6070045779378,0
376,338.10612953797914,338.10612953797914,166721.65606652116,408.315632895094,0,65062,335.2610319546272,163337.88380135564,404.15081813767944,0
377,355.1953213857551,355.1953213857551,177630.29531831175,421.46209238591285,0,65062,349.5931664130585,172360.08120071932,415.16271653499825,0
378,373.8563524023239,373.8563524023239,190537.67160554547,436.50621027145246,0,65062,366.66274726794853,184138.89459122976,429.1140810917649,0
379,354.4856444622053,354.4856444622053,177467.5245919277,421.26894567713833,0,65062,347.2546686955319,171215.72527320514,413.78221961945775,0
380,376.9654944514463,376.9654944514463,192599.364959577,438.86144164141035,0,65062,364.17595794715726,182412.62276940103,427.0979077089948,0
381,335.862162245243,335.862162245243,165174.74836309982,406.41696367536116,0,65062,325.8207220915756,157200.69553188546,396.4854291545724,0
382,334.3253973133319,334.3253973133319,163789.10594509853,404.7086679885897,0,65062,327.8896112878683,158196.71323834555,397.73950424661814,0
383,321.80801389443917,321.80801389443917,155801.86033322063,394.71744366473166,0,65062,315.6361875778116,150585.38636049247,388.05332927381573,0
384,305.76325658602565,305.76325658602565,145769.2480249608,381.7973913281242,0,65062,299.09627887674645,140309.69829851986,374.5793618160507,0
385,325.999754080723,325.999754080723,158955.7936737266,398.69260549165773,0,65062,315.27846175127956,150564.0304329783,388.02581155507977,0
386,315.82671912944573,315.82671912944573,151943.93599950816,389.7998665976018,0,65062,309.3679623737723,146591.4678378752,382.8726522459853,0
387,313.52016538071376,313.52016538071376,150915.93069687375,388.47899646811504,0,65062,307.07137916724304,145646.54018536452,381.6366599075153,0
388,344.3697088930559,344.3697088930559,170916.79127601365,413.42084039875596,0,65062,337.37128233503944,164710.94190067783,405.84595833971025,0
389,348.95413605484,348.95413605484,173370.73634379514,416.37811703281807,0,65062,307.8633282611703,145468.33559275142,381.4031142934617,0
390,310.47586917094463,310.47586917094463,148462.2406473825,385.30798155161864,0,65062,303.9499239175543,143072.20722091576,378.2488694245044,0
391,333.4440379945283,333.4440379945283,163184.50195198428,403.96101538636657,0,65062,326.88656799004013,157532.38857379998,396.9035003294881,0
392,329.89139589929607,329.89139589929607,160905.068365559,401.12974006617736,0,65062,323.4571863328261,155479.34071102503,394.30868708541664,0
393,311.96849159263473,311.96849159263473,149981.29501091267,387.2741858308047,0,65062,305.3650574076636,144591.54599529674,380.2519506791474,0
394,343.9116534997387,343.9116534997387,170378.22621499494,412.7689743851819,0,65062,336.7756259510306,164104.61654447365,405.0982801055488,0
395,308.75927576772926,308.75927576772926,147229.90144784976,383.7054879042646,0,65062,303.0291879928067,142640.20915755982,377.6773876704294,0
396,331.3963296547908,331.3963296547908,161894.2641480434,402.360863091881,0,65062,324.52386222160743,156058.30723474894,395.0421588068151,0
397,363.38317297347146,363.38317297347146,183079.44483723218,427.8778386843985,0,65062,356.23115230322315,176606.7739659704,420.2460873892467,0
398,354.44319264701363,354.44319264701363,177064.2830684578,420.7900700687432,0,65062,348.75307788075804,171676.35080924057,414.3384495907187,0
399,315.3498509114383,315.3498509114383,151431.55808305924,389.1420795584297,0,65062,330.1516115645317,159805.759856135,399.7571260854958,0
400,385.2507219061781,385.2507219061781,198415.9395327927,445.4390413207992,0,57833,384.5944113985337,197043.3248028773,443.8956237708109,0
401,381.112565490291,381.112565490291,195510.20868708176,442.16536350904033,0,57833,380.5725549868585,194118.37584728177,440.5886696764702,0
402,331.44526481420644,331.44526481420644,162295.73620597238,402.85944969179064,0,57833,327.3180246230461,158399.63383593858,397.99451483147175,0
403,371.4011031763872,371.4011031763872,188980.84571092628,434.7192723021678,0,57833,368.7734126435192,185962.3440309863,431.23351450343733,0
404,340.6431449172618,340.6431449172618,168309.08476129547,410.25490217826217,0,57833,327.76545856965004,158571.60540877024,398.21050389055563,0
405,367.5898189614926,367.5898189614926,186125.89960749054,431.4231097281305,0,57833,348.23115230322315,171896.0314013003,414.60346284287147,0
406,334.723306762575,334.723306762575,163763.67055141527,404.6772424431787,0,57833,333.27860008299905,161846.53700373496,402.3015498400857,0
407,342.2479899019591,342.2479899019591,168688.10668649388,410.7165770777872,0,57833,338.3970812007193,165364.7267256882,406.65061997455285,0
408,315.9602303183304,315.9602303183304,152593.3311777013,390.6319638453839,0,57833,316.06743671323835,151511.9869276525,389.24540707329163,0
409,327.4159908702644,327.4159908702644,159620.54825099857,399.52540376176154,0,57833,324.6791395767049,156821.37467146217,396.006786143195,0
410,341.13708436359866,341.13708436359866,168189.09817924022,410.1086419221622,0,57833,337.1016738138055,164341.68626366026,405.3907821641487,0
411,312.0170317984542,312.0170317984542,149808.77068455727,387.0513799026652,0,57833,349.62947848941764,174516.82037626227,417.7521039758654,0
412,393.6689087545173,393.6689087545173,205131.22514827174,452.914147657447,0,57833,401.649744086319,209829.93138746714,458.0719718422719,0
413,329.31542544913805,329.31542544913805,160505.2240589283,400.631032321422,0,57833,324.81020888089637,156522.0426061696,395.62866757373587,0
414,345.54019331523523,345.54019331523523,171333.4051147269,413.924395409025,0,57833,345.7317747959607,170138.71697330198,412.478747298939,0
415,366.2029464146767,366.2029464146767,185307.2182145142,430.4732491276481,0,57833,365.23495642550836,183387.27949923917,428.2374102051795,0
416,313.6876523783999,313.6876523783999,150500.8312900939,387.9443662306412,0,57833,308.7433254945359,146485.96866786553,382.7348542631903,0
417,371.5124237027303,371.5124237027303,189357.08716476752,435.1517978415894,0,57833,373.0289113293678,189232.02282473372,435.00807213744173,0
418,330.74211955112133,330.74211955112133,162002.23493507167,402.4950123108008,0,57833,318.64434914925994,153140.52787384146,391.3317363488955,0
419,341.4324001867446,341.4324001867446,168367.64663773277,410.3262685202262,0,57833,337.10042882833034,164445.43671323833,405.5187254779221,0
420,325.2884339391005,325.2884339391005,158119.71798108346,397.6427014055249,0,57833,320.43429243325494,153971.86187577812,392.3924844792241,0
421,325.55423374198125,325.55423374198125,157837.13858869503,397.28722429584246,0,57833,321.09856135011756,154090.95524968876,392.5442080195411,0
422,328.8630539657289,328.8630539657289,159826.72047101136,399.7833419128558,0,57833,324.44432148291605,156080.94480564393,395.070809862794,0
423,333.4317258312728,333.4317258312728,163278.75854615876,404.07766400304627,0,57833,329.263660257297,159486.9261308618,399.35814268756536,0
424,317.43570279943975,317.43570279943975,153072.79803918177,391.2451891578755,0,57833,312.7070134181768,149211.1825978697,386.2786333695791,0
425,316.5975654038352,316.5975654038352,152302.74616568396,390.2598444186693,0,57833,311.8292294923226,148360.82646285792,385.17635761149455,0
426,344.4114087112894,344.4114087112894,170397.87503674373,412.7927749328272,0,57833,322.82016876469777,155326.4300733158,394.1147422684361,0
427,395.7789151522487,395.7789151522487,205753.76089775734,453.6008828229475,0,57833,393.26469774519296,203091.07518328953,450.6562716564472,0
428,310.1991596493352,310.1991596493352,148558.8903912991,385.43337996507137,0,57833,305.2727209849218,144642.47108867063,380.3189070880787,0
429,328.1057354797434,328.1057354797434,159678.65275880552,399.59811405811905,0,57833,323.84147184949506,155873.05076774105,394.8076123477624,0
430,369.9053654487922,369.9053654487922,187714.78451749,433.2606427053928,0,57833,367.00705491769264,184516.65832065293,429.55402258697677,0
431,328.72328947140903,328.72328947140903,160521.9168986565,400.6518649634075,0,57833,324.4705353437543,156818.26165444736,396.0028556140061,0
432,306.55577265575016,306.55577265575016,145906.87527882005,381.97758478583535,0,57833,301.5242772167658,141845.64711578365,376.6240129303808,0
433,330.46221015683085,330.46221015683085,161202.00876662115,401.49969958472093,0,57833,325.89777285931666,157263.40531193803,396.564503343325,0
434,320.50319022011655,320.50319022011655,155323.37490705997,394.11086626361873,0,57833,315.75224789044125,151313.31594964725,388.9901232032084,0
435,326.92901976380267,326.92901976380267,158977.2047101136,398.7194561469425,0,57833,322.3323419560105,155023.9378198921,393.7307935885789,0
436,357.0624384002213,357.0624384002213,179309.80668476474,423.4498868635635,0,57833,354.13328261170284,176070.20784340848,419.60720661519684,0
437,355.6063147338025,355.6063147338025,178147.9636885515,422.0757795568842,0,57833,351.37550145248304,173818.46348042606,416.91541525881007,0
438,340.3985959573254,340.3985959573254,167591.7701658223,409.3797383430478,0,57833,336.0767741043021,163668.00816157146,404.559029267141,0
439,321.72081683467917,321.72081683467917,155995.1372399841,394.9621972290311,0,57833,318.20445428136674,152785.17014801493,390.8774362226796,0
440,329.874310514758,329.874310514758,161025.21665830928,401.2794745041282,0,57833,325.2512104025453,157101.06529257158,396.35976749989595,0
441,357.1681911711307,357.1681911711307,179386.08835785798,423.53994895152215,0,57833,353.7421496749205,175814.26255360353,419.3021137003766,0
442,319.22950564556567,319.22950564556567,154163.14000657064,392.63614200245325,0,57833,314.2470604509614,150048.1769262692,387.3605257718824,0
443,332.8392094478931,332.8392094478931,162692.08825411097,403.35107320312284,0,57833,318.30854890026285,152554.6285101674,390.5824221725389,0
444,311.5459512734944,311.5459512734944,149119.35277436758,386.15975032927446,0,57833,306.7992806750588,145249.78766081063,381.11650142812056,0
445,324.34006536060724,324.34006536060724,157619.02455345565,397.0126251814363,0,57833,319.05325771199335,153180.51998893346,391.3828304728421,0
446,321.6239171407328,321.6239171407328,155507.97707191395,394.3449975236328,0,57833,316.69103610457876,151394.50165998063,389.09446367171637,0
447,328.07262289696195,328.07262289696195,160063.62412463472,400.0795222510579,0,57833,323.68529533822107,156129.89500622492,395.1327561797742,0
448,352.0545190462193,352.0545190462193,175648.47272318573,419.1043697257113,0,57833,348.5047724443215,172009.92364089086,414.74079090546525,0
449,340.699514118237,340.699514118237,167945.7361886812,409.81183022050647,0,57833,336.41375017291466,164029.3801355651,405.00540753867114,0
450,361.34134490688706,361.34134490688706,181730.24321754015,426.2983030901485,0,57833,357.9709503389127,178160.57061834278,422.0907137314712,0
451,318.83063302958516,318.83063302958516,153988.5854442965,392.4137936468295,0,57833,314.29367824042055,150184.5721399917,387.53654297368104,0
452,336.46125914270397,336.46125914270397,165156.25165562914,406.3942072121958,0,57833,331.8829713653341,161266.61529948818,401.5801480395765,0
453,321.9893486417789,321.9893486417789,156382.4168900109,395.4521676385286,0,57833,316.9521372250657,152204.48844930143,390.1339365516687,0
454,318.4237546037729,318.4237546037729,154211.10219079073,392.6972143914325,0,57833,313.38138055056027,150045.2595103057,387.35675999045856,0
455,322.87560735220376,322.87560735220376,156164.31340238272,395.1763067320493,0,57833,318.4243325494536,152323.96258126988,390.28702589411023,0
456,350.4562792869123,350.4562792869123,175055.21906178133,418.3960074639591,0,57833,346.8032922949232,171351.03153963204,413.9456867025335,0
457,330.4140542596787,330.4140542596787,161660.98158490827,402.0708663717234,0,57833,326.0859039977867,157711.89569788353,397.12957041485026,0
458,329.9109504953919,329.9109504953919,161523.4942679785,401.89985601885763,0,57833,325.1762346105962,157367.13653340712,396.6952691089309,0
459,338.7656182456383,338.7656182456383,166686.26766724882,408.2722959830226,0,57833,334.5464102918799,162721.7853091714,403.38788443528074,0
460,314.8626908512441,314.8626908512441,151355.0605709543,389.0437771908893,0,57833,308.18508784064187,146216.89182459537,382.3831740866684,0
461,334.20291183234485,334.20291183234485,164124.8136703958,405.12320801256965,0,57833,319.26898602849633,153255.45255222023,391.47854673304926,0
462,353.26777099579823,353.26777099579823,176606.28867601542,420.24551000101764,0,57833,349.7571586664822,172989.19497855857,415.9196977525332,0
463,331.97560216485397,331.97560216485397,162534.07267477046,403.15514715152835,0,57833,327.3648499100844,158450.51106653755,398.05842669957076,0
464,340.0822194940605,340.0822194940605,167824.62633790396,409.6640408162571,0,57833,335.986858486651,163904.23488725966,404.85087981534593,0
465,367.18319990316945,367.18319990316945,186030.9204433455,431.31301909790005,0,57833,363.9044819477106,182694.09330474478,427.42729592849446,0
466,331.909100340636,331.909100340636,162507.23052582436,403.1218556786823,0,57833,327.5021441416517,158584.62885599668,398.22685602053093,0
467,337.68592326180556,337.68592326180556,166016.5127868172,407.45123976595926,0,57833,333.40067782542536,162080.8163646424,402.5926183682985,0
468,331.317880794702,331.317880794702,161703.7574568153,402.1240572967692,0,57833,326.72036242910497,157751.33538525383,397.17922325475917,0
469,328.8269673024052,328.8269673024052,160493.70138156417,400.6166514032638,0,57833,324.4448748097939,156604.46659288974,395.73282223349855,0
470,350.4841180640811,350.4841180640811,174748.05125101586,418.02876844903375,0,57833,346.1491907594411,170607.64165168072,413.046779011386,0
471,356.5616862345028,356.5616862345028,178866.70451126518,422.92635826023565,0,57833,353.09959883801355,175222.2119241942,418.59552305799235,0
472,315.2747047533415,315.2747047533415,151930.84975705913,389.78308038838617,0,57833,310.59565638400886,148067.76137778393,384.7957398124152,0
473,317.62244739162765,317.62244739162765,153614.18133245726,391.9364506300189,0,57833,312.6646147461613,149486.56418591784,386.6349236500989,0
474,314.9887434509709,314.9887434509709,151806.57614164922,389.6236339618648,0,57833,310.0568543366994,147760.32826117027,384.39605651095104,0
475,332.83843134542565,332.83843134542565,162855.66802690504,403.55379818173566,0,57833,328.4661087287315,158936.82853783373,398.6688206241287,0
476,311.26002455345565,311.26002455345565,149522.28698148116,386.68111795312836,0,57833,306.3524000553327,145582.32335039423,381.5525171590331,0
477,343.02476094963083,343.02476094963083,169649.44078640224,411.88522768655133,0,57833,338.8011481532715,165732.3757781159,407.1024143604603,0
478,316.1541853267166,316.1541853267166,151979.7415143603,389.845791966978,0,57833,311.5120348595933,148153.50733158115,384.90714118028666,0
479,355.39022703300884,355.39022703300884,177979.90619542476,421.8766480802472,0,57833,349.8321344584313,172975.45725549868,415.9031825503367,0
480,329.62398630539656,329.62398630539656,161041.434198468,401.29968128378573,0,57833,324.19158943145663,156548.44459814637,395.66203330386196,0
481,343.1472515691733,343.1472515691733,170076.22041049227,412.40298302812056,0,57833,339.2138608382902,166240.63784755845,407.7261799879405,0
482,354.6217903273218,354.6217903273218,177619.09442705722,421.4488040403688,0,57833,355.93629824318714,177166.91845345136,420.91200797013545,0
483,324.5071671882835,324.5071671882835,157405.90892742897,396.74413534093856,0,57833,333.8656799004012,162759.4646562457,403.4345853496521,0
484,346.383466187125,346.383466187125,171885.95118703853,414.59130621256224,0,57833,342.49591921427583,168141.61723613224,410.05074958611186,0
485,310.5217436411737,310.5217436411737,149057.2773675929,386.0793666690735,0,57833,305.514179001245,144930.17319131276,380.6969571605646,0
486,323.75669600401153,323.75669600401153,157194.94961354244,396.47818302340727,0,57833,317.4553880204731,152162.72126158528,390.08040358570344,0
487,332.3549357633185,332.3549357633185,162851.3555063718,403.5484549671474,0,57833,328.03465209572556,158960.0714483331,398.69797020844373,0
488,306.8344716684246,306.8344716684246,146914.42062490273,383.29416982900057,0,57833,301.7573661640614,142882.53133213447,377.9980573126461,0
489,327.8594919855446,327.8594919855446,160122.12069233827,400.15262174867513,0,57833,323.41617097800525,156133.16081062387,395.13688869887085,0
490,335.70859198035726,335.70859198035726,165426.2046063666,406.72620349120194,0,57833,331.33725273205147,161454.88380135564,401.8144892874766,0
491,351.4521985717497,351.4521985717497,175155.43366244185,418.51575079373276,0,57833,347.3336561073454,171392.198229354,413.9954084640964,0
492,311.46762229177114,311.46762229177114,149624.04971210207,386.81268039207566,0,57833,306.44681145386636,145609.80979388574,381.5885346729979,0
493,317.86270814241004,317.86270814241004,153640.05657669497,391.96945872949715,0,57833,312.9446673122147,149630.52109558723,386.8210453111196,0
494,334.3494544637145,334.3494544637145,164018.9315096917,404.9925079673594,0,57833,329.91990593443074,160075.23156729838,400.0940284074462,0
495,348.6868396936005,348.6868396936005,173413.14612764338,416.429040927315,0,57833,344.96002213307514,169644.5430903306,411.87928218147925,0
496,351.1759203223073,351.1759203223073,175240.09262877595,418.61688048712983,0,57833,349.4661087287315,172812.44909392725,415.7071674796181,0
497,332.6995659917348,332.6995659917348,162983.73478809677,403.7124407150426,0,57833,328.18826947018954,159021.79513072348,398.77536926285137,0
498,347.2658343852126,347.2658343852126,172958.16366088565,415.8823916215805,0,57833,343.5679900401162,169285.51431733297,411.44320910343504,0
499,327.66821710787957,327.66821710787957,159757.36731623815,399.69659407635453,0,57833,323.14227417346797,155862.9740628026,394.79485060319945,0
500,349.8098490481213,349.8098490481213,174334.65358878148,417.53401488834595,0,57833,346.167796375709,170658.96832203623,413.1089061277138,0
501,342.1196375771618,342.1196375771618,169195.89737693014,411.33428908483927,0,57833,338.1552081892378,165364.47641444183,406.6503122025628,0
502,353.84614320543636,353.84614320543636,177280.16492314078,421.0465115912264,0,57833,359.70556093512243,179755.63916170978,423.97598889761406,0
503,311.43354140369684,311.43354140369684,149749.70954299447,386.97507612635013,0,57833,336.58714898326184,165054.9797344031,406.2695899700138,0
504,319.9314751093666,319.9314751093666,154908.0397523905,393.5835867416101,0,57833,315.2879374740628,150971.8710056716,388.5509889392531,0
505,316.2740649802016,316.2740649802016,152506.9375961821,390.52136637600523,0,57833,311.65721399917,148687.5819615438,385.60028781309774,0
506,331.57384192416094,331.57384192416094,162252.9818269846,402.806382554925,0,57833,327.0874256467008,158277.09918384286,397.84054492201125,0
507,329.8675150865423,329.8675150865423,161225.03152179552,401.5283695105434,0,57833,325.4822935399087,157329.13563425094,396.6473693777017,0
508,337.81915169539883,337.81915169539883,166684.10217349956,408.26964395298796,0,57833,333.65666067229216,162846.89210125883,403.54292473200275,0
509,333.9597115833521,333.9597115833521,164111.78994691613,405.10713391264306,0,57833,329.7820583759856,160255.52614469497,400.3192802560164,0
510,337.66517386267356,337.66517386267356,166873.1491708886,408.50110057488047,0,57833,333.7171116336976,163044.74602296305,403.7879963829572,0
511,317.4586308854806,317.4586308854806,153755.62628603046,392.116852846228,0,57833,312.6853645040808,149745.03852538386,386.9690407841225,0
512,317.77381425829543,317.77381425829543,153323.00013832934,391.56480962712845,0,57833,313.2234057269332,149494.73149813252,386.6454855525052,0
513,317.42140300520464,317.42140300520464,153457.87446613525,391.73699655015383,0,57833,313.67616544473645,150174.69995850048,387.5238056668267,0
514,326.2502031711998,326.2502031711998,159369.53884460428,399.211145691856,0,57833,322.425508369069,155921.7121316918,394.86923421772406,0
515,346.8854460256255,346.8854460256255,172884.3845555306,415.79368027367923,0,57833,342.8521925577535,169059.33248028773,411.168253249552,0
516,342.7690418964951,342.7690418964951,169625.51083291546,411.85617736403503,0,57833,338.84264766911053,165883.74429381656,407.2882815571994,0
517,324.1767157159407,324.1767157159407,157698.9303338924,397.11324623322804,0,57833,323.0907456079679,155915.28344169317,394.86109385667913,0
518,322.9088928466447,322.9088928466447,157561.3752010098,396.9400146130518,0,57833,317.8745331304468,153422.03167796377,391.6912453425067,0
519,322.997855895423,322.997855895423,156859.36093579791,396.0547448722183,0,57833,318.31179969567023,152894.26172361322,391.0169583580912,0
520,361.8904604637491,361.8904604637491,182290.70411356838,426.95515468672863,0,57833,358.57048001106654,178794.42481671047,422.8408977579043,0
521,319.89308872097246,319.89308872097246,154823.05654211264,393.47561111473306,0,57833,314.94805643934154,150821.63902337805,388.3576174396198,0
522,341.3228087769958,341.3228087769958,168493.5707295143,410.47968369885774,0,57833,336.8170563010098,164378.68951445568,405.4364185842901,0
523,337.2340705133747,337.2340705133747,165966.70599830546,407.39011524373717,0,57833,332.5352054226034,161862.9266841887,402.32191921916046,0
524,310.389569968703,310.389569968703,149443.5435132191,386.5792848992547,0,57833,305.2754876193111,145418.21904827777,381.33740840399827,0
525,366.53747860218215,366.53747860218215,185876.8222986876,431.1343436780322,0,57833,363.5444044819477,182522.16482224374,427.2261284404826,0
526,341.3142842321858,341.3142842321858,169297.91369979078,411.4582769853959,0,57833,337.93297828192004,165821.63874671463,407.21203168216266,0
527,327.6979233309702,327.6979233309702,160605.0029913717,400.75554018799505,0,57833,328.70307096417207,160086.94362982432,400.1086647772381,0
528,320.956063147338,320.956063147338,155590.75244237718,394.4499365475639,0,57833,316.3095863881588,151649.5216489141,389.42203539208475,0
529,317.7255719053136,317.7255719053136,153304.22929815156,391.54083988538355,0,57833,313.2724443214829,149611.56930419145,386.7965476890809,0
530,317.2951429114865,317.2951429114865,152989.3974374492,391.13859108690514,0,57833,312.6189652787384,149202.35834831928,386.26721107067743,0
531,355.39659018207595,355.39659018207595,178107.91539432504,422.028334824008,0,57833,351.6939410706875,174492.81221469084,417.7233680495871,0
532,331.58739819826053,331.58739819826053,162777.79257517334,403.45729956858304,0,57833,326.9984783510859,158787.66067229214,398.48169427502205,0
533,359.8397973475351,359.8397973475351,181427.23671606177,425.9427622534063,0,57833,356.51715313321347,177853.66599806337,421.7270041129254,0
534,334.4136046893642,334.4136046893642,164514.13497484135,405.60342081254856,0,57833,330.1831511965694,160566.67616544475,400.7077191238581,0
535,312.67502982726126,312.67502982726126,150443.97529092387,387.8710807612806,0,57833,307.62906349425924,146344.1673122147,382.549561903049,0
536,335.8818148807774,335.8818148807774,165440.8210364325,406.7441714842789,0,57833,331.5843823488726,161573.7351639231,401.96235540647723,0
537,323.6867532377708,323.6867532377708,157486.1553092525,396.845253605549,0,57833,319.1659288974962,153538.94003319961,391.84045226750084,0
538,325.53851607213875,325.53851607213875,158683.65817094047,398.35117443148135,0,57833,320.97364780744226,154716.6949093927,393.34043131795227,0
539,348.05853059671813,348.05853059671813,173235.75973924922,416.21600130130656,0,57833,347.7002351639231,171631.09226725687,414.28383056457426,0
540,323.6498711808137,323.6498711808137,157390.29804782735,396.72446111605893,0,57833,328.3969428689999,159378.53375293955,399.2224113861089,0
541,353.8403333736794,353.8403333736794,176978.57863157714,420.6882202196505,0,57833,350.151542398672,173228.74401715313,416.207573233781,0
542,332.0935624989193,332.0935624989193,162647.24937319523,403.2954864279976,0,57833,325.85827915340985,157711.66834970258,397.12928417544657,0
543,318.3961060294296,318.3961060294296,154106.5000605191,392.56400759687466,0,57833,313.651542398672,150159.27624844376,387.5039048170273,0
544,322.771203292238,322.771203292238,157259.93434544292,396.5601270241915,0,57833,317.02303223129064,152665.1660672292,390.7239000460929,0
545,340.4477374509363,340.4477374509363,168314.00895682396,410.26090351972846,0,57833,336.4062802600636,164538.13681007054,405.63300754508447,0
546,335.52186467933535,335.52186467933535,165006.1151937475,406.20944744521574,0,57833,337.2148983261862,164810.748028773,405.9689003221466,0
547,321.5331385195304,321.5331385195304,156129.69930662424,395.1325085419121,0,57833,321.056439341541,154788.31511965694,393.431461781664,0
548,331.5167119118842,331.5167119118842,162582.58993999966,403.2153146149085,0,57833,328.56460091298936,159733.45089223958,399.66667473313254,0
549,328.11593726764994,328.11593726764994,160493.0843808898,400.6158813388329,0,57833,323.27929174159635,156379.53368377368,395.4485221666326,0
550,319.79885186658134,319.79885186658134,155112.22082548027,393.8428885043886,0,57833,309.5948955595518,147608.34313183013,384.1983122449006,0
551,322.4408555668909,322.4408555668909,156742.70347379523,395.9074430644052,0,57833,317.49315257988656,152686.33503942454,390.75098853288205,0
552,317.15188560164614,317.15188560164614,153392.65255131153,391.6537406323493,0,57833,312.2584036519574,149404.58555816847,386.52889356187654,0
553,341.2521051994536,341.2521051994536,168842.62253384746,410.9046392216173,0,57833,336.971918660949,164964.8600082999,406.1586635888737,0
554,338.68272439610604,338.68272439610604,167308.42978922068,409.0335313751437,0,57833,334.6427583344861,163476.21379167243,404.3219185150274,0
555,338.55466602112983,338.55466602112983,166990.7624366711,408.6450323161547,0,57833,334.230668142205,163045.29430073316,403.78867530025303,0
556,314.2328774229246,314.2328774229246,151408.6355540954,389.11262579630517,0,57833,309.6520265596901,147548.39957117167,384.1202930999242,0
557,315.17481368768694,315.17481368768694,152023.46305742397,389.90186336746837,0,57833,310.3452068059206,148143.6238068889,384.8943021231789,0
558,344.2997250704615,344.2997250704615,170959.04404059966,413.47193863743604,0,57833,324.2543228662332,156762.34091852262,395.93224283773935,0
559,317.1056144415818,317.1056144415818,153078.88390711186,391.2529666432088,0,57833,311.1655830681975,148478.34098768848,385.32887380481685,0
560,362.4627116006432,362.4627116006432,183277.21418567255,428.1088812272791,0,57833,359.14573246645455,179855.32680868724,424.09353544788587,0
561,337.3326128680857,337.3326128680857,166475.56621651998,408.0141740387458,0,57833,332.9690136948402,162481.86941485683,403.090398564462,0
562,334.14918817975894,334.14918817975894,164209.47618141893,405.2276843719083,0,57833,329.7201549315258,160334.53257711994,400.4179473713934,0
563,367.31326405339513,367.31326405339513,186467.6473985441,431.81899842242245,0,57833,363.9845760132798,182888.68218287453,427.6548633920518,0
564,347.411218508464,347.411218508464,172684.7755952484,415.55357728606833,0,57833,343.367270715175,168753.23267395212,410.79585279546353,0
565,313.4882506527415,313.4882506527415,151122.29073366418,388.7445057279449,0,57833,308.61841195186054,147099.72506570758,383.5358197948499,0
566,324.13855411270384,324.13855411270384,158084.30683173967,397.5981725709258,0,57833,319.46410291879926,154085.27970673676,392.5369787761871,0
567,324.49504608095725,324.49504608095725,158576.30875105908,398.21640944473785,0,57833,319.8790980771891,154652.57628994327,393.2589176229107,0
568,320.0478619473311,320.0478619473311,155110.76911106115,393.84104548797495,0,57833,315.31076220777425,151114.3961128787,388.73435159872184,0
569,334.5344180658102,334.5344180658102,164733.8838898207,405.8742217606591,0,57833,330.301286484991,160869.0193664407,401.0848032105439,0
570,307.1994535991562,307.1994535991562,147385.95915826605,383.9087901549873,0,57833,302.03859454973025,143257.43021164753,378.4936329869335,0
571,323.13246762229176,323.13246762229176,157438.8115435824,396.7855989619361,0,57833,318.10139715036655,153314.58334486096,391.55406184186234,0
572,318.26102744108033,318.26102744108033,153852.7072086871,392.24062411826634,0,57833,313.61301701480147,149941.3564116752,387.22261867261216,0
573,353.1570383690972,353.1570383690972,176629.95326197846,420.27366472571,0,57833,349.4685986996818,172933.26082445704,415.8524507856808,0
574,325.10232912005256,325.10232912005256,158342.70947382983,397.9229944019695,0,57833,320.64338082722367,154364.98782680868,392.8930997444581,0
575,321.7994224750575,321.7994224750575,156174.41152974946,395.18908326236624,0,57833,315.50774657628995,151290.16869553187,388.9603690551672,0
576,320.9057112721111,320.9057112721111,155588.4294779797,394.4469919748149,0,57833,318.0637709226726,152836.28828330335,390.9428197106366,0
577,304.0345650407207,304.0345650407207,145233.6110352221,381.0952781591791,0,57833,299.94501314151336,141909.86076912435,376.70925230092814,0
578,362.9009562014767,362.9009562014767,183575.23474486885,428.4568061600479,0,57833,359.79430073315814,180140.4642412505,424.42957512554483,0
579,313.0722770736431,313.0722770736431,150718.70556602633,388.22507075925216,0,57833,308.8760547793609,147091.82003043298,383.52551418443204,0
580,313.4338180623519,313.4338180623519,150612.270814241,388.08796788130525,0,57833,308.475515285655,146516.13867754876,382.7742659552086,0
581,309.2396209776425,309.2396209776425,148525.8107827711,385.3904653501058,0,57833,304.5732466454558,144694.72582653203,380.3875994647197,0
582,339.815728044542,339.815728044542,168534.3776909377,410.5293871222104,0,57833,335.4356757504496,164417.13079264076,405.4838230961141,0
583,319.45925336745455,319.45925336745455,155031.94347517853,393.7409598647041,0,57833,314.44570480011066,150949.70701341817,388.52246654912784,0
584,319.5524008783912,319.5524008783912,154699.67381944566,393.3187941345362,0,57833,314.8001106653756,150727.88020473096,388.23688671316506,0
585,325.9268756592257,325.9268756592257,158665.94357892554,398.328938917229,0,57833,321.13279845068473,154636.03236962235,393.23788267360806,0
586,322.79776252312695,322.79776252312695,157014.792540591,396.2509211857949,0,57833,317.14213584174854,152397.9356065846,390.38178185794555,0
587,316.62924281984334,316.62924281984334,153317.38099355038,391.5576343190749,0,57833,311.5411536865403,149120.7277631761,386.16153066194477,0
588,329.1884391264503,329.1884391264503,161151.33399616135,401.4365877646946,0,57833,324.5109282058376,157196.87861391617,396.48061568494893,0
589,336.9238842875175,336.9238842875175,166201.74262099495,407.6784794675762,0,57833,332.7752801217319,162408.00546410293,402.9987660826059,0
590,335.2357477564712,335.2357477564712,164868.40950668303,406.0399112238636,0,57833,328.2599944667312,159240.7720984922,399.0498366100307,0
591,331.4788269673024,331.4788269673024,162286.6501305483,402.8481725545597,0,57833,326.5583068197538,158152.23336561074,397.6835844809423,0
592,336.06581017758026,336.06581017758026,165729.87567651688,407.0993437436578,0,57833,330.1063770922673,160715.797344031,400.8937481977375,0
593,331.14451956495424,331.14451956495424,162813.64935244585,403.50173401417476,0,57833,326.0912989348458,158498.9026144695,398.1192065380286,0
594,344.68479933601924,344.68479933601924,171508.9429910259,414.1363821146675,0,57833,341.02240973855305,167818.89818785447,409.6570494790178,0
595,329.3345667698373,329.3345667698373,161377.74481697302,401.71848951345646,0,57833,324.6831511965694,157215.12788767464,396.50362909773554,0
596,322.4433800771186,322.4433800771186,156286.28928120623,395.3306075694193,0,57833,317.9407940240697,152393.48485267672,390.37608130196287,0
597,326.3522556325973,326.3522556325973,159473.2079608528,399.3409670455221,0,57833,321.5489002628303,155332.328399502,394.1222252036822,0
598,342.6940846921308,342.6940846921308,169723.05398302007,411.97457929224237,0,57833,338.4377507262415,165935.3074422465,407.3515771937633,0
599,334.23296387875433,334.23296387875433,163939.9480746287,404.8949840077408,0,57833,329.91700096832204,160151.40171531332,400.18920739484383,0
600,352.4317604136047,352.4317604136047,176605.49637750073,420.2445673384734,0,57833,348.76262276940105,172916.41167519713,415.8321917254569,0
601,311.81980875970464,311.81980875970464,150046.69743917833,387.3586160642078,0,57833,306.79423156729837,145892.8768156038,381.9592606752765,0
602,308.48024484290977,308.48024484290977,147767.00658793421,384.40474319125434,0,57833,303.6059620971089,143875.5730391479,379.3093368731488,0
603,338.4036276866149,338.4036276866149,167026.78140508014,408.6891011576895,0,57833,334.1630930972472,163174.6865403237,403.94886624463214,0
604,314.9016997216122,314.9016997216122,152506.5944357028,390.5209270137809,0,57833,313.0895697883525,150386.85800248996,387.79744455384173,0
605,335.52954195701415,335.52954195701415,165220.15994328496,406.47282805039373,0,57833,334.5300871489833,163427.35233088947,404.2614900418904,0
606,360.66947936299346,360.66947936299346,181864.597375201,426.45585630308915,0,57833,357.37294231567296,178341.93069580855,422.30549451292785,0
607,356.1752286756696,356.1752286756696,178869.9163799215,422.930155439313,0,57833,352.6364642412505,175264.51860561626,418.6460540905841,0
608,332.3973164110456,332.3973164110456,162782.71488596476,403.4633996857271,0,57833,331.29762069442523,161126.5647392447,401.4057358076049,0
609,342.76670758909273,342.76670758909273,169822.48233707398,412.0952345478821,0,57833,339.56639922534237,166699.02621386084,408.2879207297968,0
610,343.6544187574568,343.6544187574568,170510.73407915895,412.9294541191739,0,57833,339.4875501452483,166594.42945082308,408.1598087156832,0
611,326.98027077965867,326.98027077965867,159451.50516141302,399.3137928514529,0,57833,319.0749066260894,153270.6940794024,391.498012867757,0
612,342.0607957394567,342.0607957394567,168960.41042311484,411.0479417575459,0,57833,340.1429658320653,166494.5661225619,408.03745676415775,0
613,347.37342001971194,347.37342001971194,173475.80345131672,416.5042658260738,0,57833,343.651542398672,169742.80481394383,411.998549528932,0
614,345.29275673058635,345.29275673058635,171694.25054899452,414.3600494123372,0,57833,341.3972195324388,167947.46361875779,409.8139378044112,0
615,329.3863365206716,329.3863365206716,161813.3728148289,402.26032965584477,0,57833,324.8496334209434,157891.52220224097,397.3556620991338,0
616,339.8089153251604,339.8089153251604,167973.12107274393,409.84524039293655,0,57833,335.757988656799,164165.85288421635,405.1738551340848,0
617,321.4452302318745,321.4452302318745,156668.85816056575,395.8141712477785,0,57833,321.52116475307787,155594.49972333657,394.4546865272823,0
618,314.4598931405945,314.4598931405945,151469.01123925787,389.1901993103859,0,57833,309.74989625121043,147605.4321482916,384.194523839541,0
619,334.26630124669305,334.26630124669305,164368.76528971348,405.4241794586424,0,57833,330.46313459676304,160742.17996956702,400.9266516079556,0
620,326.9254404924524,326.9254404924524,159506.98931405944,399.3832611841155,0,57833,322.43076497440865,155610.01729146493,394.47435568293275,0
621,341.59770373316275,341.59770373316275,169274.81085193573,411.43020167695,0,57833,337.5777424263384,165392.3763314428,406.68461531196726,0
622,331.4211436377155,331.4211436377155,162909.01034011724,403.6198834796389,0,57833,323.56218010789877,156345.42246507123,395.4053900303728,0
623,325.2574135873982,325.2574135873982,158245.63543305726,397.8009997889111,0,57833,320.6624014386499,154262.78551666898,392.7630144459493,0
624,351.37030760984214,351.37030760984214,175408.76829837635,418.8182998609019,0,57833,348.6179969567022,172211.2696776871,414.9834571132771,0
625,348.8632614597202,348.8632614597202,174058.7329898155,417.20346713542006,0,57833,344.90441278185085,170208.5215105824,412.5633545415569,0
626,322.7487593588436,322.7487593588436,157145.20320578216,396.4154426933721,0,57833,323.93235578918245,156846.75819615438,396.03883420209485,0
627,315.04117026611107,315.04117026611107,152062.05332595576,389.95134738317773,0,57833,310.5026283026698,148173.08804813944,384.9325759768059,0
628,339.3976795255304,339.3976795255304,167759.2919267546,409.5842916015635,0,57833,332.8546133628441,162272.71240835523,402.83087320655454,0
629,350.6013521691768,350.6013521691768,174896.25978247714,418.20600160982525,0,57833,350.5497994190068,173588.79049661086,416.6398810683044,0
630,333.6130582885204,333.6130582885204,163809.63726592084,404.73403274980575,0,57833,329.8192696085212,160205.5041499516,400.25679775608006,0
631,331.4440198502585,331.4440198502585,162467.7731053205,403.07291288961665,0,57833,327.4277908424402,158720.01487065986,398.39680579876625,0
632,316.24925215707293,316.24925215707293,152313.4838068231,390.2736012169195,0,57833,311.78281920044265,148440.91381933878,385.28030551708554,0
633,320.96277211972404,320.96277211972404,155572.2992409178,394.42654479752986,0,57833,316.36955318854615,151729.81581131552,389.52511576445943,0
634,326.6016461189978,326.6016461189978,159396.96607473242,399.24549599805437,0,57833,321.93560658458983,155393.47205699267,394.1997869824294,0
635,353.0244669998098,353.0244669998098,176946.69717981084,420.65032649435904,0,57833,354.6563148429935,176903.0422603403,420.59843349724963,0
636,340.28750021613956,340.28750021613956,168440.93017827193,410.41555791450196,0,57833,330.8725273205146,161156.11460782957,401.4425421001486,0
637,337.44562792869124,337.44562792869124,166232.92741168538,407.71672446894473,0,57833,332.75570618342783,162190.75708950064,402.7291361318431,0
638,336.6355022219148,336.6355022219148,165929.85013746476,407.3448786194136,0,57833,332.06895836215244,161988.41534098767,402.47784453431433,0
639,351.02505489945185,351.02505489945185,175261.9080455795,418.6429362184193,0,57833,336.6678655415687,164945.83953520542,406.13524783648785,0
640,320.3957429149448,320.3957429149448,155733.7763041862,394.631190232331,0,57833,312.678862913266,149948.00684742013,387.231205931831,0
641,328.8828177684021,328.8828177684021,160750.85643144918,400.9374719721882,0,57833,324.41852261723614,156946.83282611702,396.16515852118675,0
642,308.9538671692632,308.9538671692632,148562.9429391524,385.43863706062524,0,57833,303.95096140545024,144465.04903859456,380.0855812032266,0
643,335.8895440319541,335.8895440319541,165316.3774315702,406.59116742936044,0,57833,331.73640890856274,161557.06840503527,401.9416231308164,0
644,326.2222952293673,326.2222952293673,159139.89493887572,398.92341989268533,0,57833,321.64815327154514,155202.33192696085,393.95727170209824,0
645,318.96820154583025,318.96820154583025,154853.3791088133,393.51414092610867,0,57833,308.2962373772306,147275.4297274865,383.76481043405545,0
646,308.33275119741324,308.33275119741324,148049.6279978559,384.7721767460011,0,57833,300.4737861391617,142236.1911744363,377.14213656715197,0
647,337.9131118911348,337.9131118911348,166538.7455777843,408.09158969253986,0,57833,333.70756674505463,162800.11135703415,403.484958030698,0
648,367.9171407327996,367.9171407327996,186978.81538222122,432.4104709442421,0,57833,364.99266841886845,183788.12823350393,428.70517635492104,0
649,335.13698061660295,335.13698061660295,165134.6981654073,406.3676883875086,0,57833,330.7888366302393,161141.31726379858,401.4241114629247,0
650,313.76859232618057,313.76859232618057,150647.6947590476,388.1336042641085,0,57833,309.4532438788214,146935.92467837874,383.3222204339043,0
651,353.30119481956666,353.30119481956666,176882.1718741895,420.5736224184649,0,57833,349.8528842163508,173322.5008299903,416.3201902742531,0
652,327.31566752546127,327.31566752546127,159902.68803278406,399.878341540004,0,57833,322.89839535205425,155959.03838705216,394.9164954608153,0
653,317.5101066864939,317.5101066864939,153767.39024432417,392.13185313657465,0,57833,312.5815465486236,149648.2466454558,386.8439564546095,0
654,316.2108830598447,316.2108830598447,152265.84403368318,390.21256262924595,0,57833,311.6339742703002,148511.09337391064,385.37137072428027,0
655,316.72026351736895,316.72026351736895,152846.1417011049,390.95542162899454,0,57833,311.956702171808,148818.4634112602,385.7699617793747,0
656,310.29268756592256,310.29268756592256,149445.91778050593,386.58235575425056,0,57833,305.31083137363396,145414.17595794715,381.3321071689967,0
657,336.25630695277783,336.25630695277783,165817.55943838292,407.20702282547006,0,57833,332.1354959192143,161947.7608936229,402.42733616595046,0
658,325.49051579548006,325.49051579548006,158414.6994795359,398.01344133023434,0,57833,321.28454834693594,154739.60312629686,393.3695503293269,0
659,309.33595006311276,309.33595006311276,148650.84782044854,385.5526524619543,0,57833,304.36152994881724,144559.9775210956,380.2104384694029,0
660,318.4613455985337,318.4613455985337,153913.19417979356,392.31772096069477,0,57833,314.17471296168213,150211.25121040255,387.5709628060422,0
661,319.1054761122542,319.1054761122542,154239.85791848943,392.7338257885224,0,57833,314.59800802323974,150433.97427030018,387.85818835020126,0
662,358.00636314906717,358.00636314906717,180366.0403575813,424.69523232264015,0,57833,354.88532300456495,177023.97662193942,420.7421735718199,0
663,357.856915601819,357.856915601819,179664.45584700778,423.86844167383794,0,57833,354.5287038317886,176144.65707566746,419.69591024415223,0
664,323.3675756056231,323.3675756056231,157679.9611121678,397.0893616204894,0,57833,329.9136810070549,160888.74062802602,401.1093873596404,0
665,355.5020490031643,355.5020490031643,178468.80286341708,422.45568153762247,0,57833,356.3732189791119,177744.44003319961,421.5974858003776,0
666,318.12107274393514,318.12107274393514,154371.02692234537,392.90078508746376,0,57833,313.1498132521787,150149.11149536588,387.4907889168024,0
667,346.77258658551347,346.77258658551347,172232.93017827193,415.0095543216709,0,57833,342.8315811315535,168613.21296168212,410.62539249501134,0
668,337.0325246831394,337.0325246831394,165666.5915307869,407.0216106434484,0,57833,332.7627611011205,161902.86540323697,402.3715514337923,0
669,329.86746321304446,329.86746321304446,161870.60683346877,402.3314638870154,0,57833,325.3168488034306,157811.4302808134,397.2548681650275,0
670,314.51124790344613,314.51124790344613,152290.96482976846,390.24474990673286,0,57833,307.35827915340985,146863.91132936784,383.2282757435415,0
671,350.6250583576851,350.6250583576851,174921.52831428422,418.2362111466249,0,57833,348.5318162954766,172247.4261308618,415.02701855525237,0
672,312.83635640551245,312.83635640551245,150285.77671917417,387.6670952236908,0,57833,308.3307511412367,146489.01300318164,382.7388313238959,0
673,320.46452717306727,320.46452717306727,155455.18878494977,394.27806023788565,0,57833,310.96313459676304,148407.44854060037,385.2368732878518,0
674,332.8389846627358,332.8389846627358,163297.48768004426,404.1008385045053,0,57833,317.6552081892378,152611.42267256882,390.65511985966447,0
675,347.6572890910034,347.6572890910034,172726.15202393098,415.60335901425407,0,57833,343.8349702586803,169039.10361045788,411.14365325328555,0
676,311.2782494423599,311.2782494423599,149588.14834091262,386.7662709452734,0,57833,306.3685848665099,145581.52711301701,381.55147373980486,0
677,326.1050092507738,326.1050092507738,158833.81714592015,398.53960549225235,0,57833,320.66343892654584,154186.29035827916,392.6656215640467,0
678,331.1392976328394,331.1392976328394,162905.1015337264,403.6150412629916,0,57833,326.5992530087149,158922.80854890027,398.65123673318794,0
679,346.7135718361489,346.7135718361489,172931.45961648194,415.8502850984738,0,57833,343.0431594964725,169335.2673952137,411.5036663205004,0
680,325.32503933740253,325.32503933740253,158755.89087545173,398.4418287221508,0,57833,320.6396458707982,154681.26836353575,393.29539580770046,0
681,310.43146646378364,310.43146646378364,148778.39902823648,385.7180304681601,0,57833,305.694840226864,144865.17388297137,380.61157875578533,0
682,337.05234035931045,337.05234035931045,165865.11714764926,407.2654136403548,0,57833,332.91942177341264,161990.10879789735,402.479948317798,0
683,330.87820102709526,330.87820102709526,162227.32970795222,402.7745395478123,0,57833,325.8348319269609,157705.0298796514,397.12092601580616,0
684,332.1801220756316,332.1801220756316,163238.39750661387,404.02771873550194,0,57833,329.1369484022686,160199.8073039148,400.24968120401394,0
685,331.5581761278163,331.5581761278163,162540.38341431363,403.16297376410154,0,57833,327.27604094618897,158725.04488864297,398.4031185729386,0
686,335.51755917901545,335.51755917901545,165479.3298116992,406.7915065628819,0,57833,331.1832895282888,161527.45607967908,401.9047848429763,0
687,313.3782442550101,313.3782442550101,150512.65218819704,387.9596012321348,0,57833,308.82895282888364,146710.4764836077,383.02803615872256,0
688,321.33778292670274,321.33778292670274,155369.78119758616,394.1697365318476,0,57833,316.9412090192281,151636.64683912022,389.4055043770186,0
689,338.17222001279544,338.17222001279544,166830.15700378676,408.4484753353681,0,57833,334.1558306819754,162985.01431733297,403.7140254156808,0
690,311.7597219580516,311.7597219580516,149901.48904604636,387.171136638627,0,57833,307.06868169871353,145993.80239313876,382.09135346555377,0
691,307.394446077499,307.394446077499,146802.3398578666,383.1479346908536,0,57833,311.32424955042194,148608.28537833726,385.4974518441558,0
692,326.9210485363028,326.9210485363028,159671.29654349593,399.5889094350542,0,57833,322.61536865403235,155881.94307649744,394.81887375921815,0
693,344.30007089378034,344.30007089378034,170713.63010737815,413.1750598806493,0,57833,340.44611979526906,166979.2744501314,408.6309758818235,0
694,343.575968737572,343.575968737572,170176.8826275656,412.5250084874438,0,57833,339.64248167104716,166338.15361737445,407.8457473327072,0
695,325.1839088409732,325.1839088409732,158057.96498538897,397.56504497426454,0,57833,321.76767187716143,154744.6954627196,393.3760229890983,0
696,317.6852661974997,317.6852661974997,153523.7632493559,391.82108576409706,0,57833,316.7447088117305,151831.3514317333,389.6554265395688,0
697,332.0700638044023,332.0700638044023,163149.47836010583,403.9176628473999,0,57833,310.32694701895144,147812.00518743947,384.4632689704434,0
698,367.3739560458562,367.3739560458562,186426.56632026698,431.77142832784455,0,57833,365.92142758334484,184507.93000414994,429.54386272434385,0
699,359.6492659900057,359.6492659900057,180852.98296820154,425.2681306754617,0,57833,322.6671047171116,155995.2640060866,394.96235770777776,0
700,309.52807220790896,309.52807220790896,148771.01200006917,385.70845466500884,0,57833,304.47994190067783,144709.03105547102,380.40640249011454,0
701,323.5591444331091,323.5591444331091,156765.2281223523,395.93588890419153,0,57833,319.0145248305436,152968.9005394937,391.11238862952644,0
702,349.72761226289487,349.72761226289487,174150.98177511108,417.3140086015698,0,57833,345.97876608106236,170455.3586249827,412.86239671951563,0
703,326.8000968305293,326.8000968305293,160141.38360451645,400.17669048123787,0,57833,322.21911744362984,156139.7342647669,395.1452065567377,0
704,309.59464319679074,309.59464319679074,148210.77400446113,384.98152423780175,0,57833,304.7254115368654,144269.4199751003,379.8281453171951,0
705,332.2362664914495,332.2362664914495,163328.86462746182,404.1396598051988,0,57833,330.9540738691382,161050.1285101674,401.3105138295873,0
706,336.88250652741516,336.88250652741516,165892.76219459478,407.29935206748706,0,57833,332.8904412781851,162171.27140683358,402.70494336031385,0
707,323.86730759255096,323.86730759255096,157636.49158784776,397.0346226563217,0,57833,319.32231290634945,153597.8066122562,391.9155605640789,0
708,353.0588937112029,353.0588937112029,176387.64969826915,419.9852970024893,0,57833,343.56529257158667,169123.04239867203,411.2457202192772,0
709,329.6705514152819,329.6705514152819,161693.98099700862,402.11190108850127,0,57833,322.9269608521234,156328.89929450824,395.384495516084,0
710,356.0005187349783,356.0005187349783,178332.35152940362,422.29415284775564,0,57833,352.58493567575044,174748.60402545304,418.0294296164482,0
711,324.04092818978785,324.04092818978785,157116.8261200353,396.3796489730966,0,57833,319.6807303914788,153380.58514317332,391.63833461903766,0
712,354.03254197430533,354.03254197430533,177202.06816177614,420.9537601230997,0,57833,350.56944252317055,173603.77113017015,416.657858596439,0
713,324.1011014472706,324.1011014472706,157703.66238998497,397.1192042573426,0,57833,319.6978143588325,153868.9476414442,392.26132570194096,0
714,336.3352411253091,336.3352411253091,165744.66131793268,407.1175030847147,0,57833,333.4679070410845,162635.44701895144,403.28085377184897,0
715,332.95480089222417,332.95480089222417,163816.33342555288,404.7423049615062,0,57833,326.9802877299765,158989.72382072208,398.7351549847619,0
716,335.49736309719367,335.49736309719367,164815.27710822542,405.97447839516394,0,57833,331.2570203347628,160948.49840918524,401.18387107308445,0
717,308.1390209741843,308.1390209741843,147711.5276745111,384.3325743083861,0,57833,303.29485406003596,143767.9165168073,379.16739906907515,0
718,333.0273027510245,333.0273027510245,163455.75961821104,404.29662330795077,0,57833,328.81276801770645,159617.44425231704,399.52151913547414,0
719,313.01359085643145,313.01359085643145,150085.08279010255,387.4081604588403,0,57833,308.27576428275006,146129.47053534375,382.26884588643077,0
720,333.5168502412118,333.5168502412118,163679.02581571075,404.5726459064067,0,57833,329.2587494812561,159745.61536865402,399.681892720516,0
721,330.4435875711099,330.4435875711099,161383.46459633773,401.7256085891684,0,57833,325.9980633559275,157515.87107483746,396.8826918307694,0
722,319.91539432503936,319.91539432503936,154869.99341206579,393.5352505329933,0,57833,315.25079540738693,150879.8761931111,388.4325889946814,0
723,342.0151643525323,342.0151643525323,169431.89772275343,411.6210608347846,0,57833,338.08251487065985,165562.412712685,406.89361350687847,0
724,327.65894904293395,327.65894904293395,159721.88380336485,399.6522035512439,0,57833,323.3323419560105,155927.4118826947,394.8764514157494,0
725,319.2572925492366,319.2572925492366,154551.82333615757,393.1307967282105,0,57833,314.660049799419,150747.05678517083,388.2615829375485,0
726,322.84095585565336,322.84095585565336,156935.32925838188,396.15063960365114,0,57833,318.26594273066814,153003.6961543782,391.15686898529367,0
727,313.28793249528815,313.28793249528815,150907.4036795601,388.4680214374925,0,57833,315.60029049661085,151412.88345552635,389.11808420520157,0
728,331.92218975325505,331.92218975325505,162719.50709802363,403.3850605786283,0,57833,328.16800387328817,159111.17256882004,398.8874184137926,0
729,313.5859457403213,313.5859457403213,150561.95300261097,388.0231346229384,0,57833,308.7889057960991,146648.53354544198,382.9471680864633,0
730,363.12152231424966,363.12152231424966,183319.159113309,428.1578670459168,0,57833,360.0161156453175,179978.2525245539,424.23843829214,0
731,314.3978351460239,314.3978351460239,150817.63117943043,388.35245741391986,0,57833,309.7002351639231,146973.9793885738,383.37185523793187,0
732,331.546677502464,331.546677502464,162066.848909792,402.5752711106235,0,57833,329.472679485406,159639.70258680315,399.54937440421946,0
733,327.09587951515573,327.09587951515573,159114.34980028705,398.89140101071,0,57833,325.61052704385116,157166.88553050216,396.4427897320144,0
734,359.1959953659675,359.1959953659675,180711.5897152145,425.10185804723847,0,57833,355.61052704385116,177237.30785724166,420.9956150095172,0
735,345.4485501357357,345.4485501357357,171321.77967596354,413.9103522213035,0,57833,341.5874256467008,167652.0755982847,409.4533863558643,0
736,308.3521691767676,308.3521691767676,147970.5349368008,384.6693839348289,0,57833,303.3694840226864,143917.5949647254,379.36472551454415,0
737,311.901768886276,311.901768886276,149973.66214790865,387.26433110720205,0,57833,307.1702863466593,146160.99100843823,382.3100718114005,0
738,326.9765358878149,326.9765358878149,159093.00544671726,398.8646455211558,0,57833,322.54274450131413,155251.9859593305,394.02028622817187,0
739,332.42022720592047,332.42022720592047,163416.12188542873,404.2475997274798,0,57833,327.98001106653754,159443.64441831512,399.30394991574417,0
740,318.6870644787578,318.6870644787578,153996.86471391766,392.4243426622738,0,57833,314.05547101950475,150151.53326877853,387.49391384740295,0
741,320.61124271609634,320.61124271609634,155009.7179119188,393.71273526762985,0,57833,316.2293539908701,151335.24913542674,389.0183146529566,0
742,336.8499991354417,336.8499991354417,166303.89601092803,407.803746930957,0,57833,332.54910776040947,162314.4239175543,402.8826428596227,0
743,322.19986858713884,322.19986858713884,156206.90233949476,395.23018905379024,0,57833,317.3613224512381,152113.70687508647,390.01757252088845,0
744,318.03359673542786,318.03359673542786,154009.61079314578,392.4405825002631,0,57833,312.32169041361186,149462.64663162263,386.6039920016639,0
745,314.6332024968444,314.6332024968444,151332.64136392716,389.014962904934,0,57833,309.7370314013003,147244.8309586388,383.7249417989907,0
746,310.73070738159873,310.73070738159873,148925.02953331143,385.90805839385035,0,57833,305.94259233642276,145080.22160741457,380.89397685893454,0
747,344.73362958864317,344.73362958864317,170974.27907941834,413.490361531461,0,57833,340.83808272236826,167188.87557061834,408.8873629382771,0
748,319.6533639963343,319.6533639963343,154635.90311759722,393.2377183302706,0,57833,315.2314981325218,150979.26746437958,388.56050682535863,0
749,345.3751491363063,345.3751491363063,171329.58572095516,413.919781746361,0,57833,341.57013418176786,167575.5702725135,409.3599519646658,0
750,323.7380042536268,323.7380042536268,157896.1816609894,397.3615251392482,0,57833,318.9587079817402,153778.51397150368,392.14603653677756,0
751,344.5534556395138,344.5534556395138,171159.3003648436,413.7140321101565,0,57833,340.7312906349426,167382.46707705077,409.12402407711375,0
752,359.7444538585237,359.7444538585237,181081.47647536875,425.5366922785493,0,57833,356.5959330474478,177663.2018259787,421.5011290921754,0
753,320.26668165234383,320.26668165234383,155212.96272024623,393.9707637886931,0,57833,315.64725411536864,151383.309171393,389.08008066642657,0
754,316.23415696920443,316.23415696920443,152973.64387114623,391.11845248101787,0,57833,311.471918660949,148888.7045926131,385.8609912813332,0
755,335.359068351979,335.359068351979,164711.6472429236,405.84682731656727,0,57833,325.38974961958775,157177.5993221746,396.4563019075048,0
756,314.1786523265264,314.1786523265264,151124.41761623987,388.7472412972726,0,57833,309.576289943284,147388.07552911883,383.91154649100986,0
757,316.7960679888645,316.7960679888645,153301.66550239484,391.5375658891428,0,57833,312.1994051736063,149374.32127541845,386.48974278164025,0
758,314.9621496377501,314.9621496377501,151483.14685387237,389.2083591777961,0,57833,310.26283026698025,147577.71669663853,384.1584525903843,0
759,315.6463264917953,315.6463264917953,151820.9115556862,389.6420300168941,0,57833,310.9707428413335,147914.8653340711,384.59701680339526,0
760,308.5903204053049,308.5903204053049,147790.34084346308,384.435093147677,0,57833,303.7153133213446,143805.2166274727,379.21658274325597,0
761,334.8103850742656,334.8103850742656,164477.4811094012,405.558233931209,0,57833,332.4728178171255,161754.4356065846,402.18706543918665,0
762,339.3439212906126,339.3439212906126,167354.64639565645,409.09002236140697,0,57833,335.8065430903306,163794.30204730944,404.71508749651207,0
763,349.1486002801169,349.1486002801169,173965.87316929782,417.09216387903746,0,57833,345.41541015354824,170270.73689306958,412.638748656824,0
764,334.67687998201717,334.67687998201717,164414.15299223625,405.4801511692481,0,57833,330.5304329782819,160510.0436436575,400.63704726804474,0
765,338.8126329258382,338.8126329258382,167205.09496308336,408.9071960275135,0,57833,334.782473371144,163369.53942454004,404.1899793717554,0
766,316.8555150173776,316.8555150173776,153035.96712949354,391.198117492267,0,57833,312.18958362152443,149165.07739659704,386.2189500744326,0
767,330.7174277661543,330.7174277661543,161979.73245378936,402.4670576007301,0,57833,326.3647807442247,158036.13957670494,397.53759517397214,0
768,360.12899209793716,360.12899209793716,181334.41443466532,425.83378733335064,0,57833,356.9676303776456,177863.0776040946,421.73816237577387,0
769,316.3931319488873,316.3931319488873,152632.88212612175,390.68258487693276,0,57833,311.6383317194633,148737.98167104716,385.6656345476573,0
770,333.0656372659208,333.0656372659208,163178.95255304064,403.954146597161,0,57833,328.7454696361876,159266.77631760962,399.0824179509912,0
771,329.0464440717238,329.0464440717238,160604.62453962272,400.7550680148945,0,57833,324.5802323972887,156745.0565085074,395.91041475125076,0
772,313.6160496602286,313.6160496602286,151008.3774834437,388.5979638179332,0,57833,308.64566330059483,146984.49847835107,383.38557416568386,0
773,331.3570798678955,331.3570798678955,162438.16910760294,403.0361883349967,0,57833,326.9676995435053,158599.54647945773,398.24558563712634,0
774,321.5410060000346,321.5410060000346,156099.6212024277,395.0944459270817,0,57833,318.1543090330613,152888.22098492185,391.00923388702967,0
775,313.4270226341362,313.4270226341362,150771.76354330571,388.29339878924765,0,57833,309.9333241112187,147733.19449439755,384.36076086718003,0
776,320.65384814898067,320.65384814898067,155262.69417114797,394.0338743955245,0,57833,316.07207082584034,151456.81560381796,389.1745310317955,0
777,326.5726661248768,326.5726661248768,159327.54283886362,399.15854348725094,0,57833,321.95289804952273,155226.59074560797,393.9880591408932,0
778,340.2773330105649,340.2773330105649,168182.06032887797,410.1000613617096,0,57833,336.29395490385946,164305.04136118412,405.3455826343543,0
779,307.8367022288313,307.8367022288313,147117.49928241663,383.5589906160676,0,57833,303.0284963342094,143171.5677133767,378.3801893775316,0
780,333.3246416405858,333.3246416405858,163559.86827589784,404.42535562931494,0,57833,329.20210264213586,159824.29962650436,399.7803142058203,0
781,334.03202323932703,334.03202323932703,164336.1532343126,405.3839577910214,0,57833,329.8963203762623,160537.3748097939,400.6711554501945,0
782,313.7174277661543,313.7174277661543,150798.1383984922,388.3273598376661,0,57833,306.82106792087427,145547.694771061,381.5071359372731,0
783,304.56495426486606,304.56495426486606,145025.84131897014,380.822585095698,0,57833,298.59607137916726,140360.62166274726,374.64732971522335,0
784,328.6174329535041,328.6174329535041,160150.71350267148,400.188347534847,0,57833,324.21738829713655,156222.3876746438,395.2497788419923,0
785,335.4638182352636,335.4638182352636,165081.2094306019,406.3018698339966,0,57833,331.210056716005,161112.0338221054,401.3876353627568,0
786,332.95467985406253,332.95467985406253,163589.03006933758,404.4614073917777,0,57833,327.8539217042468,159208.69401023653,399.0096415003484,0
787,316.14728615150517,316.14728615150517,152340.18570712223,390.3078089240878,0,57833,311.29741319684604,148391.79471572832,385.21655560960556,0
788,337.67930074524924,337.67930074524924,166245.09852506354,407.7316501389898,0,57833,332.21835661917277,161575.99024761378,401.96516048982875,0
789,317.19964380198155,317.19964380198155,152589.24114260025,390.62672865870337,0,57833,310.1840503527459,147080.24878959745,383.51042852782695,0
790,355.3637542579496,355.3637542579496,178280.6120035274,422.23288834898614,0,57833,351.9383040531194,174704.16157144832,417.9762691486782,0
791,327.8917227188629,327.8917227188629,159858.98895094497,399.8236973353943,0,57833,321.11163369760686,154355.45511135703,392.88096812057086,0
792,322.0986633928726,322.0986633928726,155833.61122542492,394.7576613891425,0,57833,314.14379582238206,149699.07988656798,386.9096533902559,0
793,325.29882592983245,325.29882592983245,158217.2287275431,397.7652935181036,0,57833,320.76691105270436,154168.64780744223,392.6431558138283,0
794,343.8194629363858,343.8194629363858,170178.98488752096,412.5275565189809,0,57833,339.67063217595796,166363.0106515424,407.8762197671524,0
795,313.77071913959156,313.77071913959156,151220.39652101742,388.8706681160427,0,57833,308.89715036657907,147131.00006916586,383.57658957392835,0
796,352.3896737156987,352.3896737156987,175855.55347293068,419.35134848111636,0,57833,348.62539770369347,172096.9424540047,414.8456851095413,0
797,318.1479259246451,318.1479259246451,154001.2376497847,392.4299143156453,0,57833,314.02745884631344,150379.30536727072,387.7877065705806,0
798,311.77670188300795,311.77670188300795,149311.92772292637,386.40901609942586,0,57833,311.031954627196,148222.68418868448,384.9969924410897,0
799,310.63204398872614,310.63204398872614,148825.29145989314,385.7788115745772,0,57833,305.9091160603126,144834.32148291604,380.5710465641285,0
800,339.1205194266249,339.1205194266249,166876.87000501444,408.5056548017597,0,57833,329.41222852400057,159649.4015769816,399.561511631165,0
801,314.40578908235784,314.40578908235784,151495.76494389016,389.2245687824577,0,57833,307.02102642135844,145833.301286485,381.88126595381055,0
802,351.20937872840767,351.20937872840767,175300.23194369997,418.68870529750376,0,57833,347.8022548070272,171657.62615852815,414.31585313445123,0
803,313.02417304998875,313.02417304998875,150770.73841924162,388.29207874902835,0,57833,308.1658597316365,146685.25134873425,382.9951061681262,0
804,317.082669064375,317.082669064375,153160.17426037038,391.3568375030266,0,57833,312.38546133628444,149150.34949508923,386.1998828263536,0
805,319.9445126484879,319.9445126484879,155063.53817024882,393.78107898964475,0,57833,315.6819062110942,151291.55132106793,388.96214638582495,0
806,317.0370376774506,317.0370376774506,152860.84939394463,390.9742311124157,0,57833,310.0284271683497,147429.0628717665,383.96492401229375,0
807,313.2215690003977,313.2215690003977,150340.74550861964,387.7379856405865,0,57833,308.28212754184534,146239.30868723197,382.4124850043889,0
808,314.9070254007228,314.9070254007228,151726.72093787283,389.52114312046376,0,57833,310.08452068059205,147649.2308756398,384.2515203296401,0
809,316.49872909930315,316.49872909930315,152400.8591115799,390.38552625780056,0,57833,311.71503665790567,148307.19463272928,385.10673148197407,0
810,309.5165390002248,309.5165390002248,148665.24306191967,385.5713203311673,0,57833,304.58472817817125,144627.30225480703,380.29896430940624,0
811,333.59619940172564,333.59619940172564,163598.36071101273,404.4729418774669,0,57833,329.35827915340985,159743.46797620694,399.67920633453895,0
812,311.3332180588937,311.3332180588937,149461.43502844396,386.6024250162484,0,57833,306.52019643104165,145552.0103057131,381.5127917982739,0
813,310.4765618245638,310.4765618245638,149263.37715491155,386.346188223608,0,57833,305.51279568405033,145125.4221884078,380.9533070973499,0
814,334.3625784586655,334.3625784586655,164223.7622291771,405.24531117482053,0,57833,330.0769124360216,160246.31152303223,400.3077710000547,0
815,305.81840817526324,305.81840817526324,146540.52495979803,382.8061192820695,0,57833,300.6377783925854,142427.8326877853,377.3961217179971,0
816,309.8017222001279,309.8017222001279,148522.98032265317,385.38679313470664,0,57833,304.8749481256052,144458.8627749343,380.0774431282845,0
817,342.7169954870057,342.7169954870057,169577.8044714955,411.79825700395514,0,57833,338.60872873149816,165702.19774519297,407.0653482491392,0
818,321.3787629899884,321.3787629899884,155941.66071274187,394.89449314056264,0,57833,316.6965002074976,151979.39272375155,389.84534462239196,0
819,346.7850535161586,346.7850535161586,172309.2089291581,415.10144414246275,0,57833,347.53769539355375,171432.64158251486,414.0442507540889,0
820,318.9166219978213,318.9166219978213,153967.16914218524,392.38650479111186,0,57833,316.72465071240833,151513.862429105,389.24781621623134,0
821,349.826102744108,349.826102744108,174274.39090138848,417.46184364728293,0,57833,346.233503942454,170545.50560243463,412.9715554398809,0
822,316.15032939671124,316.15032939671124,152642.03312987395,390.694296259715,0,57833,308.5168764697745,146880.59295891548,383.2500397376568,0
823,323.82451195684126,323.82451195684126,157184.3787975723,396.4648519069153,0,57833,319.60942039009547,153409.73433393278,391.67554727597275,0
824,316.30926979406223,316.30926979406223,152676.84038524717,390.7388391051588,0,57833,311.62871766496056,148648.62498270854,385.5497697868701,0
825,326.20370722597823,326.20370722597823,158955.03257655664,398.6916509993113,0,57833,321.74609212892517,155077.8467976207,393.7992468220587,0
826,323.50761675859803,323.50761675859803,156987.45314958587,396.21642210991945,0,57833,319.09710886706324,153148.0503527459,391.34134761451656,0
827,330.7266093752702,330.7266093752702,161563.83338232496,401.95003841562817,0,57833,326.4438373218979,157622.45725549868,397.0169483227368,0
828,339.2956789376308,339.2956789376308,167136.47351857935,408.8232790810466,0,57833,335.2223682390372,163249.26442108175,404.0411667405708,0
829,329.1107153355351,329.1107153355351,160762.89426452026,400.9524837989163,0,57833,324.7063909254392,156802.79672153824,395.98332884294285,0
830,327.8503795410925,327.8503795410925,159964.6066259748,399.95575583553585,0,57833,323.2704385115507,155999.54613362844,394.96777860178474,0
831,310.70065533518925,310.70065533518925,149361.5161413034,386.4731764835736,0,57833,305.8777147599945,145433.3986720155,381.35731102473375,0
832,316.4165960610724,316.4165960610724,152415.89229332734,390.4047800595266,0,57833,311.81442799834,148461.53873288145,385.3070707019032,0
833,307.79843687859875,307.79843687859875,147271.31075683434,383.75944386664196,0,57833,302.31581131553463,142921.36408908563,378.0494201676358,0
834,319.8780108242699,319.8780108242699,154981.27735030174,393.67661519361513,0,57833,305.5589984783511,144947.42191174437,380.7196106214446,0
835,335.3671779088064,335.3671779088064,164872.49290197637,406.0449395103655,0,57833,331.23101397150367,160945.61931110805,401.18028280451176,0
836,308.3516850241212,308.3516850241212,147715.81835630175,384.3381562586543,0,57833,303.5201272651819,143776.72942315674,379.17902028350244,0
837,326.2036899348123,326.2036899348123,158871.24150571474,398.58655459726026,0,57833,321.5911606031263,154894.3438234887,393.5661873478065,0
838,312.9483685784933,312.9483685784933,151023.18888869678,388.61702084275305,0,57833,307.92122008576564,146825.6842578503,383.1783974310795,0
839,325.54052184738816,325.54052184738816,158177.5931215742,397.71546754127405,0,57833,321.26379858901646,154503.40904689446,393.0692166106301,0
840,331.1166289142877,331.1166289142877,162367.40701675514,402.9483924980408,0,57833,326.88310969705356,158463.4328399502,398.07465736963235,0
841,316.44007746442344,316.44007746442344,152991.68680511127,391.1415176187658,0,57833,311.67761792779083,148834.82632452622,385.7911693190063,0
842,338.42512060588246,338.42512060588246,167268.26510815625,408.9844313762521,0,57833,334.3310278046756,163305.34762761102,404.1105636179423,0
843,305.6555253920772,305.6555253920772,146312.17045631388,382.5077390802883,0,57833,300.62954765527735,142238.54115368653,377.1452520630301,0
844,344.0841561046461,344.0841561046461,170325.42072864974,412.70500448704246,0,57833,340.08652649052425,166484.34811177204,408.02493564949197,0
845,318.31817474452305,318.31817474452305,153961.9753255062,392.37988649458856,0,57833,313.21814912159357,149726.4058652649,386.9449649049137,0
846,328.24629536769663,328.24629536769663,160559.6825687756,400.6989924728731,0,57833,327.51189652787383,158996.46846036796,398.74361243832857,0
847,322.8789099648989,322.8789099648989,156769.28535611156,395.94101247043295,0,57833,319.3173329644487,153431.77106100429,391.7036776199635,0
848,321.0367264364636,321.0367264364636,155920.9470890322,394.86826548740555,0,57833,316.0793332411122,151738.5255913681,389.53629560205053,0
849,314.74189476596405,314.74189476596405,151439.02429408816,389.15167260862205,0,57833,310.0733849771753,147568.61550698575,384.1466067883273,0
850,336.13326301592514,336.13326301592514,165593.57873532412,406.93190921249237,0,57833,332.0303638124222,161705.9917692627,402.12683542541987,0
851,312.60273546245224,312.60273546245224,150651.2409523974,388.138172500976,0,57833,307.64109835385256,146467.19484022688,382.71032758501156,0
852,332.847474625214,332.847474625214,163061.1500354469,403.80830852701246,0,57833,320.80598976345277,153979.68771614332,392.40245630747944,0
853,344.45102277246554,344.45102277246554,170795.338854979,413.2739271415256,0,57833,337.407732743118,164833.0977313598,405.9964257618037,0
854,306.9101378105926,306.9101378105926,146768.01044386422,383.10313290792106,0,57833,301.9495089223959,142758.6291326601,377.83412912634043,0
855,328.7640274583715,328.7640274583715,160402.95270866115,400.50337415390294,0,57833,324.46202794300734,156578.68045372804,395.70024065411945,0
856,337.83250047550706,337.83250047550706,166185.8221949406,407.6589532868628,0,57833,335.23620141098354,163427.6087287315,404.261807160572,0
857,308.3003302612695,308.3003302612695,147611.9124202445,384.2029573288635,0,57833,303.4730944805644,143661.40309863052,379.02691606089206,0
858,310.46117268687425,310.46117268687425,149160.7573703595,386.21335731737645,0,57833,306.23841471849494,145551.72921565914,381.512423409329,0
859,314.6538827313126,314.6538827313126,151763.55160548477,389.56841710472986,0,57833,310.17789459122974,147915.0661225619,384.5972778408109,0
860,345.42703992530215,345.42703992530215,171777.171614822,414.4600965289928,0,57833,341.60084382348873,167982.34105685435,409.85648836739716,0
861,327.10203517023155,327.10203517023155,159500.99016132657,399.37575059250474,0,57833,322.5744224650712,155557.091229769,394.40726569089594,0
862,320.15349368007884,320.15349368007884,155073.97190185534,393.7943269041028,0,57833,315.47890441278184,151063.7839258542,388.66924746608674,0
863,311.3435927584597,311.3435927584597,150004.40464786542,387.30402095494105,0,57833,306.4515147323281,145914.94923225895,381.9881532616672,0
864,315.76515138415783,315.76515138415783,152031.24098697974,389.9118374542888,0,57833,311.1510582376539,148135.22714068336,384.88339421269313,0
865,311.52689640862485,311.52689640862485,149145.24245672885,386.1932708589429,0,57833,306.7680177064601,145172.758887813,381.01543129880315,0
866,324.1944391610326,324.1944391610326,158144.98153303476,397.67446678537806,0,57833,319.66302393138744,154136.55955180523,392.60229183208446,0
867,307.2963360019366,307.2963360019366,147035.60529455502,383.4522203541857,0,57833,302.513141513349,143062.736685572,378.23635029644095,0
868,309.31032455518476,309.31032455518476,147959.3441806581,384.65483771903627,0,57833,304.5300871489833,143971.83842855168,379.4362112774052,0
869,309.96218422008195,309.96218422008195,148879.34782909413,385.8488665644803,0,57833,305.08597316364643,144881.42198091024,380.6329228809697,0
870,318.1405771791192,318.1405771791192,154270.9986339979,392.773469870354,0,57833,313.4676303776456,150215.34963342093,387.5762500894771,0
871,340.42161049919594,340.42161049919594,168234.05268618264,410.16344630669204,0,57833,336.4374740628026,164415.02054226035,405.48122094896127,0
872,348.1632458976709,348.1632458976709,173504.6930818045,416.5389454562496,0,57833,354.3038456218011,176565.11142620002,420.19651524756847,0
873,328.83125551155916,328.83125551155916,160452.11031763873,400.5647392340453,0,57833,344.10001383317194,169787.56397842025,412.05286551414764,0
874,318.77502463991146,318.77502463991146,153901.14567807308,392.3023651191426,0,57833,314.29430073315814,150185.81871628165,387.538151304206,0
875,309.2384105960265,309.2384105960265,147876.08685352653,384.54659906638955,0,57833,304.1040946188961,143676.86339742702,379.04731023637015,0
876,310.3595179222935,310.3595179222935,148648.28855497728,385.549333490511,0,57833,304.8277078434085,144218.44923225895,379.76104227824493,0
877,315.5426140784673,315.5426140784673,152419.20457178427,390.4090221444482,0,57833,310.74629962650437,148438.62207774242,385.27733138317706,0
878,314.51316722286583,314.51316722286583,151225.51211246173,388.8772455575946,0,57833,309.79132660118967,147228.66115645316,383.70387169854456,0
879,321.20846229661265,321.20846229661265,155865.2997596528,394.7977960420407,0,57833,313.55187439479874,149798.80861806613,387.0385105103446,0
880,334.0424325212249,334.0424325212249,163829.9092213788,404.7590755268852,0,57833,329.93228662332274,160044.96673122147,400.0562044653494,0
881,314.3578060968651,314.3578060968651,151120.51902892813,388.7422269691423,0,57833,314.12491354267536,150161.6757504496,387.5070009050799,0
882,333.22710217349953,333.22710217349953,163889.71326059516,404.83294488047187,0,57833,332.6207635910914,162361.5639092544,402.9411419913017,0
883,303.2255978420625,303.2255978420625,144541.40570262654,380.1860146068323,0,57833,298.2903582791534,140556.88117305297,374.90916389580684,0
884,318.18326906783324,318.18326906783324,153874.15940725882,392.2679688774739,0,57833,313.4339466039563,149882.92931249135,387.1471675119054,0
885,311.70480521501565,311.70480521501565,149238.8998322757,386.3145089590549,0,57833,307.0898464517914,145352.0934430765,381.25069631815296,0
886,332.1890788995902,332.1890788995902,162443.19660055678,403.04242531097987,0,57833,327.90040116198645,158485.89030294647,398.10286397229856,0
887,336.17697508342985,336.17697508342985,165266.19910777584,406.52945662986815,0,57833,332.20362429104995,161400.30889472956,401.7465729719789,0
888,311.2889526740788,311.2889526740788,149119.5718361489,386.1600339705663,0,57833,309.3665790565777,147273.44791810762,383.76222836296387,0
889,317.9105355074093,317.9105355074093,153959.99730257812,392.37736594072055,0,57833,313.4994466731221,150169.3876746438,387.51695146747295,0
890,312.23194369996367,312.23194369996367,150128.3868725468,387.4640459094841,0,57833,306.12781850878406,145143.1561765113,380.97658218913045,0
891,317.0706862863763,317.0706862863763,153047.45752425087,391.2128033746478,0,57833,312.514179001245,149136.09226725687,386.1814240318362,0
892,338.6558193418982,338.6558193418982,166966.80936489548,408.61572334516876,0,57833,334.70231013971505,163077.75404620278,403.82886727697263,0
893,318.21401276088045,318.21401276088045,154289.37386959002,392.796860819419,0,57833,313.56349425923366,150231.54924609212,387.597148139782,0
894,331.863935815192,331.863935815192,162605.10734355816,403.243235955122,0,57833,327.6351500899156,158668.2569511689,398.3318427532111,0
895,306.1867273010219,306.1867273010219,146124.73568723738,382.26265274969955,0,57833,301.3038456218011,142154.23039147878,377.03346057277037,0
896,314.2723012812754,314.2723012812754,151196.56362284507,388.84002317514216,0,57833,309.58382902199475,147182.1660672292,383.643279710761,0
897,313.88323275638476,313.88323275638476,151019.9267373299,388.6128236913058,0,57833,309.25259371973993,147094.69414856826,383.5292611373587,0
898,307.29149447547246,307.29149447547246,147116.47275776806,383.55765245627424,0,57833,302.677064600913,143197.95677133766,378.41505885910203,0
899,308.10156830875104,308.10156830875104,147082.87932495287,383.51385806115644,0,57833,303.558237653894,143224.1027113017,378.44960392541265,0
900,313.777912264624,313.777912264624,151019.89618383968,388.6127843803388,0,57833,308.93263245262136,146974.41084520682,383.37241795049215,0
901,317.82406238652675,317.82406238652675,153731.6146317846,392.08623366777954,0,57833,313.2465762899433,149668.57276248443,386.87022728879566,0
902,324.6301765428043,324.6301765428043,157520.70193488148,396.8887777890444,0,57833,315.28212754184534,150897.16772720986,388.454846445774,0
903,317.9470717410475,317.9470717410475,154057.6723151142,392.50181186220556,0,57833,316.25916447641447,151758.56902752802,389.56202205493287,0
904,326.6377327823215,326.6377327823215,158928.14230629572,398.657926431039,0,57833,322.92640752524557,155452.92806750588,394.2751933199778,0
905,344.95519858904083,344.95519858904083,171107.3153389933,413.6512000937424,0,57833,341.16751971227,167247.93719739935,408.9595789285285,0
906,313.11951653900024,313.11951653900024,150978.1810557986,388.5591088313316,0,57833,308.71814912159357,147136.80474477797,383.58415601374617,0
907,313.86455829716596,313.86455829716596,151426.55724240484,389.13565403648744,0,57833,309.0890164614746,147427.65520818924,383.9630909451965,0
908,315.2866356578424,315.2866356578424,151789.70155447582,389.60197837597775,0,57833,310.85641167519714,147927.05699266843,384.6128663899174,0
909,311.6658828004772,311.6658828004772,149438.14872131828,386.572307235423,0,57833,307.91202102642137,146236.96500207498,382.4094206502698,0
910,310.5806892258745,310.5806892258745,148702.45276918024,385.6195700028465,0,57833,305.925508369069,144784.0800248997,380.5050328509463,0
911,329.14343022149984,329.14343022149984,161176.04734321235,401.467367718987,0,57833,324.723198229354,157193.76414441832,396.4766880213997,0
912,336.99303166012487,336.99303166012487,165692.47363961753,407.0534039160188,0,57833,332.9810485544335,161789.67492045925,402.2308726595452,0
913,341.8157107533761,341.8157107533761,169276.83914028323,411.4326665935548,0,57833,337.92924332549455,165490.84416931804,406.8056589691422,0
914,313.5004927982294,313.5004927982294,150585.41216952258,388.053362528303,0,57833,308.82494120901924,146693.39735786416,383.00574063304083,0
915,311.0703058807255,311.0703058807255,149058.2608718206,386.08064037428835,0,57833,306.70251763729425,145212.12055609352,381.0670814385487,0
916,310.0063804402331,310.0063804402331,148919.48166271852,385.9008702539015,0,57833,305.14877576428273,144693.78205837597,380.3863589278353,0
917,315.8318779935331,315.8318779935331,151869.26694101983,389.70407611548,0,57833,311.15832065292574,148009.11931110805,384.7195333110967,0
918,310.4516452544395,310.4516452544395,148747.1783583767,385.67755749897697,0,57833,305.76573523308895,144778.58438234887,380.4978112714301,0
919,332.29643974893224,332.29643974893224,162987.59504089362,403.717221630306,0,57833,334.3805505602435,163264.0149398257,404.05942006074514,0
920,345.4087112894022,345.4087112894022,171665.57391108884,414.325444440827,0,57833,342.88546133628444,168785.6724304883,410.83533493419026,0
921,328.3564919682534,328.3564919682534,160748.33653796275,400.93432945803323,0,57833,323.94390648775766,156639.10893622908,395.77658967683914,0
922,314.8125464700085,314.8125464700085,151058.6031158681,388.6625826033014,0,57833,311.9877576428275,148609.86422741733,385.49949964613097,0
923,319.72206179862707,319.72206179862707,155268.58004945272,394.0413430713238,0,57833,315.49661087287313,151539.39147876608,389.28060763254837,0
924,316.8009095153286,316.8009095153286,153236.93892760188,391.45490024727223,0,57833,311.39756536173746,148602.70258680315,385.49021075353284,0
925,356.2073902443242,356.2073902443242,178752.709076133,422.7915669406534,0,57833,353.20611426200026,175481.9316641306,418.90563575121615,0
926,307.32422665260316,307.32422665260316,147257.0769283973,383.7408981701029,0,57833,302.31013971503666,143208.77299764837,378.42935007428844,0
927,306.66429201321046,306.66429201321046,146414.91020697527,382.6420131232001,0,57833,301.7299764836077,142384.79416240143,377.33909704985706,0
928,321.14728615150517,321.14728615150517,155465.21925198415,394.2907800747871,0,57833,316.69968183704526,151654.00401161987,389.427790497314,0
929,317.42480936489545,317.42480936489545,152986.7517334394,391.1352090178528,0,57833,319.03548208604235,153122.10243463828,391.3081936717378,0
930,334.8392613213909,334.8392613213909,164481.73463247626,405.5634779322175,0,57833,332.8492875916448,161859.59295891548,402.31777609113357,0
931,339.10160289108296,339.10160289108296,166869.78678263276,408.496985034936,0,57833,327.0100290496611,157869.19470189515,397.3275659980001,0
932,317.0308993135407,317.0308993135407,152830.1582141684,390.934979522386,0,57833,308.85737999723335,146658.63217595796,382.9603532690531,0
933,308.78991233378866,308.78991233378866,147604.5230404786,384.19334070293127,0,57833,304.30598976345277,143835.53686540324,379.25655810467305,0
934,349.9600746978369,349.9600746978369,174362.42793906594,417.56727354890484,0,57833,346.3959745469636,170703.90628026007,413.1632925130935,0
935,310.23759791122717,310.23759791122717,148209.93517541888,384.98043479561255,0,57833,305.65513902337807,144414.30861806613,380.0188266626617,0
936,306.1346290180347,306.1346290180347,146578.44476337038,382.85564481063926,0,57833,301.2104717111634,142584.2547378614,377.603303399032,0
937,316.2278456936351,316.2278456936351,152020.82034478584,389.8984744068459,0,57833,312.7553603541292,148775.5632175958,385.71435443550166,0
938,313.3943942040012,313.3943942040012,150199.2798575208,387.5555184196463,0,57833,307.8924470881173,145727.46334209433,381.7426663894073,0
939,359.4995072017706,359.4995072017706,180694.61392284682,425.0818908432195,0,57833,337.4724719878268,165186.6990593443,406.4316659161098,0
940,310.13551086749777,310.13551086749777,148904.98768868984,385.88209039639275,0,57833,301.96410291879926,142767.44563563424,377.84579610686984,0
941,327.79968184254665,327.79968184254665,160233.25922915983,400.29146784456924,0,57833,323.46168211370866,156286.91845345136,395.3314033231503,0
942,327.59153078692094,327.59153078692094,159432.8528175955,399.29043667184857,0,57833,323.39777285931666,155660.68813113848,394.53857622688616,0
943,317.17429495270864,317.17429495270864,153513.72941054415,391.80828144711813,0,57833,306.35163923087566,145720.39839535207,381.73341273112584,0
944,324.6438365638995,324.6438365638995,158181.71371016547,397.72064782981215,0,57833,314.0542260340296,150454.25245538802,387.88432870559234,0
945,311.5554959970951,311.5554959970951,148982.24447979528,385.9821815573813,0,57833,306.99446673122145,145106.66274726795,380.9286845949881,0
946,359.0568879359535,359.0568879359535,180497.15655421646,424.84956932332705,0,57833,355.90365195739383,177083.28683082032,420.81265051186415,0
947,301.82686355540955,301.82686355540955,143256.00302595404,378.491747632566,0,57833,296.9416931802462,139327.94390648775,373.26658557455653,0
948,309.3313333218059,309.3313333218059,147481.10305534903,384.0326848789684,0,57833,304.80896389542124,143705.33739106377,379.08486832246916,0
949,333.91088133072816,333.91088133072816,163444.96647242922,404.2832750342626,0,57833,329.6343892654586,159567.4562180108,399.4589543595322,0
950,310.17246208911865,310.17246208911865,148428.08144139158,385.2636518559616,0,57833,305.42267256882,144586.5235163923,380.24534647565685,0
951,357.73454602043813,357.73454602043813,179856.17892898517,424.09454008391236,0,57833,354.5616959468806,176501.52047309448,420.120840322275,0
952,320.4073625784587,320.4073625784587,155443.4505040375,394.2631741667455,0,57833,312.22008576566606,149107.67616544475,386.14463114932045,0
953,364.95372883993565,364.95372883993565,184420.2130444556,429.44174581013385,0,57833,362.1365334071103,181239.1783095864,425.721949527607,0
954,313.10004668614806,313.10004668614806,150227.45576055194,387.5918675108547,0,57833,308.5094065569235,146319.47261031956,382.5172840674256,0
955,309.08751059083914,309.08751059083914,148160.37241713208,384.91605892341266,0,57833,304.2070134181768,144128.86436574906,379.64307496087565,0
956,309.76639634810573,309.76639634810573,147760.66180208532,384.39649036130044,0,57833,305.2257573661641,144000.61280951722,379.4741266667824,0
957,310.15987412031194,310.15987412031194,148596.0143170854,385.48153563703335,0,57833,305.4102227140683,144648.74789044127,380.3271590229145,0
958,338.86621824909656,338.86621824909656,166961.58324831843,408.60932839121335,0,57833,328.35399087010654,158748.45082307374,398.43249217787667,0
959,315.7149897117563,315.7149897117563,151553.23557484482,389.2983888675174,0,57833,308.13369760686123,145660.23011481532,381.6545953015833,0
960,328.10352221050266,328.10352221050266,160218.7429841094,400.2733353398767,0,57833,325.15603817955457,157181.89182459537,396.46171545887677,0
961,320.0855566890875,320.0855566890875,155307.87726730414,394.0912042501128,0,57833,317.51189652787383,152448.81747129618,390.4469457830298,0
962,306.07322808776996,306.07322808776996,145765.5691906005,381.79257351420614,0,57833,301.3036381242219,141834.26587356481,376.6089030726236,0
963,310.0174122041049,310.0174122041049,148683.76551449863,385.5953390725809,0,57833,305.1868861529949,144632.02144141652,380.30516883342057,0
964,304.94781526118305,304.94781526118305,145763.2139954697,381.7894891107791,0,57833,299.9118826947019,141645.99972333657,376.3588709241973,0
965,338.636055539225,338.636055539225,166667.12729756368,408.24885461880194,0,57833,334.7281781712547,162813.59219809104,403.50166319123275,0
966,328.2998461086231,328.2998461086231,160348.56702920477,400.4354717419584,0,57833,323.9149259925301,156291.68820030434,395.337435870048,0
967,328.6169142185258,328.6169142185258,160305.95784413742,400.382264647346,0,57833,324.32590953105546,156376.86401991977,395.44514666375636,0
968,310.0785191845486,310.0785191845486,148268.95317552262,385.0570778151242,0,57833,305.1981601881311,144262.5817540462,379.8191434802177,0
969,321.7172375633289,321.7172375633289,155518.84911728598,394.3587822241138,0,57833,317.35433669940517,151778.73723889887,389.5879069464283,0
970,315.3296560787094,315.3296560787094,151377.70584268498,389.0728798601683,0,57833,310.547931940794,147411.4661778946,383.94200887359875,0
971,314.64442446354155,314.64442446354155,151474.00029394982,389.19660879040276,0,57833,309.94528980495227,147447.8084797344,383.9893338098526,0
972,319.26061245309774,319.26061245309774,154820.8589040859,393.4728185073092,0,57833,314.6231152303223,150586.93463826255,388.0553241978037,0
973,301.8263794027631,301.8263794027631,143418.52846990473,378.70638820847046,0,57833,296.7769401023655,139320.0970397012,373.25607435070793,0
974,305.70177926097557,305.70177926097557,145761.60062594022,381.78737620034036,0,57833,298.4093235578918,140355.3234195601,374.64025867431826,0
975,308.08922241626755,308.08922241626755,147785.2214133799,384.4284347097388,0,57833,302.87107483746024,143582.53008714897,378.92285506043174,0
976,327.0962426296405,327.0962426296405,159710.2245603721,399.6376165482575,0,57833,325.13100013833173,157125.26117028634,396.3902889454866,0
977,318.44623311949925,318.44623311949925,153637.1896840904,391.9658016767412,0,57833,322.2717526628856,155118.21531332136,393.8504986836012,0
978,343.22310791416663,343.22310791416663,169944.99552158802,412.2438544376229,0,57833,343.3351085903998,168695.50110665377,410.7255788317228,0
979,312.63021112513616,312.63021112513616,150139.57192260475,387.4784793025346,0,57833,307.99087010651544,146144.76137778393,382.2888454791533,0
980,311.1021562083931,311.1021562083931,149362.55454498297,386.4745199168801,0,57833,306.29042744501317,145281.08458984646,381.15755874683435,0
981,307.8324313108433,307.8324313108433,146861.74794667403,383.22545315606845,0,57833,302.9261308618066,142799.93055747682,377.88878067161085,0
982,317.4232358687946,317.4232358687946,152884.4718759186,391.0044397138204,0,57833,312.91969843685155,149050.21379167243,386.07021873186807,0
983,313.3389587259869,313.3389587259869,150494.3129009389,387.935964949035,0,57833,308.63369760686123,146492.07124083553,382.7428265047374,0
984,314.4586308854806,314.4586308854806,150994.2658343852,388.5798062617063,0,57833,309.85336837736895,147083.7727209849,383.5150228100392,0
985,313.68656303494544,313.68656303494544,150666.64726021476,388.15801841545766,0,57833,308.75197122700234,146622.86014663163,382.9136458088581,0
986,327.55392250099425,327.55392250099425,160135.66417097504,400.16954428213927,0,57833,323.089431456633,156106.29139576704,395.1028871012803,0
987,311.1813843307454,311.1813843307454,149130.33574256912,386.17397082476845,0,57833,306.5024208050906,145263.04786277493,381.1338975514706,0
988,315.83791261044735,315.83791261044735,151926.2793906593,389.77721763933215,0,57833,312.0861114953659,148544.87930557478,385.41520378103246,0
989,311.23891203983885,311.23891203983885,149085.49637750073,386.11591054695054,0,57833,304.03776455941346,143654.54143035,379.0178642628207,0
990,326.54636626147703,326.54636626147703,158481.4260370377,398.0972570076786,0,57833,322.2776317609628,154618.42896666206,393.215499397801,0
991,306.221465253402,306.221465253402,146161.28715439283,382.31045912241643,0,57833,301.24844376815605,142068.11619864436,376.919243603513,0
992,311.3778119758615,311.3778119758615,149109.20351702315,386.14660883791686,0,57833,306.73052981048556,145217.14732328124,381.0736770275287,0
993,336.5816575311673,336.5816575311673,165547.20894644925,406.8749303489332,0,57833,332.5296721538249,161745.3773689307,402.17580405704507,0
994,305.3346359345011,305.3346359345011,145813.35839399652,381.8551536826451,0,57833,300.4091852261724,141795.46299626504,376.5573834042629,0
995,313.09247315546486,313.09247315546486,150338.97966558885,387.7357085252645,0,57833,308.52462304606445,146529.8469359524,382.7921719888645,0
996,318.71806753929417,318.71806753929417,153851.0792454135,392.2385489028501,0,57833,314.36630239313877,149942.91990593442,387.2246375244406,0
997,341.3629069908184,341.3629069908184,168813.64644752996,410.86937881464223,0,57833,337.35827915340985,164953.358970812,406.14450503584555,0
998,310.44082098455897,310.44082098455897,149030.93417253124,386.0452488666727,0,57833,310.4244708811731,148111.65576151613,384.8527715393461,0
999,330.02723358636075,330.02723358636075,161650.26958656823,402.0575451183179,0,57833,328.7099183842855,159586.66191727764,399.48299327665706,0
1000,313.28777687479464,313.28777687479464,150710.5855480435,388.21461274408966,0,57833,324.14587079817403,156665.3299903168,395.80971437082843,0
1001,341.5975826950011,341.5975826950011,168845.02859958846,410.9075669777675,0,57833,337.84396182044543,165102.91893761238,406.3285849378707,0
1002,310.62976155482164,310.62976155482164,149053.69109332043,386.0747221631072,0,57833,305.7238898879513,144967.3196846037,380.7457415186724,0
1003,334.54427403039784,334.54427403039784,164257.7549668874,405.287249943651,0,57833,330.5262138608383,160408.17706460092,400.50989633790687,0
1004,308.2692234537375,308.2692234537375,146821.6841941452,383.17317781147625,0,57833,303.6781712546687,142974.57497579194,378.1197891882835,0
1005,322.2054017602407,322.2054017602407,156346.5041585254,395.4067578564198,0,57833,317.6178586249827,152321.85454419698,390.2843252606963,0
1006,317.44446942057306,317.44446942057306,153635.40649802017,391.9635269996689,0,57833,311.46278876746436,148640.2456079679,385.53890284635077,0
1007,314.2842667681082,314.2842667681082,151426.93527916586,389.1361397752281,0,57833,309.2869691520266,147195.1155761516,383.660156357357,0
1008,320.8060104092819,320.8060104092819,155094.77090934242,393.82073448377804,0,57833,316.2436713238346,151195.32099875502,388.83842531153607,0
1009,318.94721007037504,318.94721007037504,154453.9896944651,393.0063481605165,0,57833,316.5001383317195,151746.8447226449,389.5469737048985,0
1010,306.30816315944185,306.30816315944185,146382.87202808086,382.60014640363227,0,57833,308.2599253008715,146604.00318162955,382.8890220176462,0
1011,342.67859180744557,342.67859180744557,169591.55860840695,411.81495675655947,0,57833,330.180937889058,160238.8543366994,400.29845657546497,0
1012,321.8091228191517,321.8091228191517,156020.1350612972,394.99384180173894,0,57833,316.54274450131413,151570.1034029603,389.32005265971117,0
1013,304.99099130254353,304.99099130254353,145132.91321563814,380.9631389198148,0,57833,300.0899156176511,141152.55111357034,375.70274302108885,0
1014,314.1234589248353,314.1234589248353,151274.37967942178,388.940072092632,0,57833,309.35980080232395,147183.61571448334,383.64516902273556,0
1015,310.9313367800391,310.9313367800391,148903.43340307436,385.88007645261285,0,57833,305.46583206529255,144395.9845760133,379.9947165106553,0
1016,315.08528003043244,315.08528003043244,151141.50683865612,388.7692205391987,0,57833,310.5583068197538,147263.45082307374,383.7492030259786,0
1017,313.1762661456262,313.1762661456262,150392.3099095672,387.8044738132442,0,57833,308.4516530640476,146301.0618342786,382.4932180238999,0
1018,304.5870350837757,304.5870350837757,145251.7247246382,381.11904272108757,0,57833,299.62318439618207,141159.15451653063,375.7115309869137,0
1019,329.1715629484896,329.1715629484896,160677.86801653035,400.84643944599327,0,57833,324.76532023793055,156582.50677825426,395.7050755022663,0
1020,322.7188456417616,322.7188456417616,156182.2785779745,395.19903666124304,0,57833,319.2465762899433,153035.03271545164,391.196923192721,0
1021,326.57302923936163,326.57302923936163,159112.063873567,398.88853565070906,0,57833,322.87017568128374,155592.35807165582,394.45197181869406,0
1022,313.22155170923173,313.22155170923173,150399.83891549808,387.8141809107786,0,57833,308.5729699820169,146438.99903167796,382.67348880171716,0
1023,306.97907768920857,306.97907768920857,146436.37924714264,382.6700657840154,0,57833,302.1684880343063,142387.60575459953,377.3428225825947,0
1024,309.31267615375305,309.31267615375305,148140.46817560907,384.89020275347235,0,57833,304.3812422188408,144016.71628164337,379.4953442160304,0
1025,326.62696038593884,326.62696038593884,158920.37115487698,398.6481796708433,0,57833,322.2567436713238,155057.7086733988,393.77367696863485,0
1026,325.5313575294382,325.5313575294382,158597.0427091799,398.24244212436713,0,57833,321.03223129063497,154545.37211232536,393.1225917094124,0
1027,348.64354261407846,348.64354261407846,173757.4696453582,416.8422599081794,0,57833,345.0400470327846,170085.87750726243,412.4146911874775,0
1028,314.46660211298047,314.46660211298047,151104.88432209985,388.7221170992202,0,57833,317.80640475861117,152305.48824180383,390.2633575443688,0
1029,326.8671173897256,326.8671173897256,159247.59185931907,399.05838151744047,0,57833,322.91326601189655,155433.80329229494,394.25093949449877,0
1030,317.3967285114035,317.3967285114035,153625.3097539467,391.9506470895879,0,57833,312.738138055056,149470.13376677272,386.6136750902284,0
1031,311.246502861688,311.246502861688,149031.51043521866,386.0459952327166,0,57833,306.4348457601328,144986.65257988658,380.77112886862443,0
1032,310.3473795238013,310.3473795238013,148213.20809918214,384.98468553850574,0,57833,305.56612256190346,144264.0920597593,379.8211316656293,0
1033,320.9911296318711,320.9911296318711,155207.42416959174,393.9637345868167,0,57833,316.4517222299073,151177.10672292157,388.81500321222376,0
1034,327.50837756989955,327.50837756989955,159511.64300658792,399.38908724023486,0,57833,323.2588186471158,155624.30100982156,394.49246001643877,0
1035,319.1036259574983,319.1036259574983,154085.10459426278,392.53675572392297,0,57833,319.4093927237516,153201.09828468668,391.40911880625197,0
1036,335.01945256168625,335.01945256168625,164462.0582366469,405.5392191103678,0,57833,332.5109282058376,161475.0353437543,401.8395641842081,0
1037,304.10506112427163,304.10506112427163,144905.17168398664,380.6641192494857,0,57833,299.30681975376956,140930.79637570895,375.40750708491294,0
1038,311.25905624816284,311.25905624816284,148979.00425362683,385.97798415664437,0,57833,306.61571448333103,145076.96417208467,380.88970079549887,0
1039,312.26683727283734,312.26683727283734,150009.59549046392,387.3107221475594,0,57833,307.45967630377646,145836.7497579195,381.885781036581,0
1040,322.15549945532825,322.15549945532825,156581.29436480903,395.70354353329844,0,57833,317.4536588739798,152371.64317332965,390.34810512327283,0
1041,316.69984265038994,316.69984265038994,152182.41121850847,390.10564110059784,0,57833,312.3441693180246,148416.54973025314,385.2486855658993,0
1042,311.3536907993706,311.3536907993706,149061.77168744488,386.08518708627616,0,57833,306.56978835246923,144962.5080924056,380.73942282406955,0
1043,326.0642193903135,326.0642193903135,159017.50170317985,398.76998596080404,0,57833,321.70161848111775,154982.04495780883,393.6775901137996,0
1044,309.2574481697301,309.2574481697301,147965.067314509,384.66227695799466,0,57833,304.41748512934015,143850.42592336424,379.2761868656721,0
1045,344.3594660487957,344.3594660487957,170724.97226496984,413.1887852604059,0,57833,340.64573246645455,166996.97344030987,408.6526317550272,0
1046,312.76072484567635,312.76072484567635,150550.10953953626,388.00787303808187,0,57833,307.8909254392032,146368.68647115782,382.5816075965464,0
1047,317.8551864852247,317.8551864852247,153418.76729548874,391.68707828506257,0,57833,313.2470604509614,149461.89528288838,386.6030202712964,0
1048,304.8019296941193,304.8019296941193,145282.5537668805,381.15948599881455,0,57833,299.88546133628444,141274.73232812283,375.86531141902793,0
1049,332.7289782650044,332.7289782650044,162986.0223920599,403.71527391474785,0,57833,328.59835385253837,159047.5049799419,398.80760396454565,0
1050,338.40136254387636,338.40136254387636,166733.80927843964,408.33051475298737,0,57833,334.3651265735233,162837.51466316226,403.5313056792029,0
1051,359.50434872823473,359.50434872823473,180651.13881348018,425.030750432813,0,57833,356.50269746852956,177282.0859039978,421.04879278297165,0
1052,314.52783013158574,314.52783013158574,151487.9576020611,389.21453929942174,0,57833,309.85101673813807,147464.7911191036,384.0114465990612,0
1053,322.4437777739353,322.4437777739353,156651.0439195615,395.79166731951483,0,57833,317.87190482777703,152493.52054226035,390.50418761168277,0
1054,304.35623260076426,304.35623260076426,144611.9700517006,380.27880568301543,0,57833,299.56529257158667,140704.3749481256,375.105818334141,0
1055,316.48027942524163,316.48027942524163,152016.29035325852,389.8926651698625,0,57833,311.86761654447366,148097.25757366163,384.8340649860166,0
1056,306.5084813168952,306.5084813168952,146615.820777065,382.9044538485613,0,57833,301.5013833171946,142509.96590123116,377.5049216914015,0
1057,331.3338232497017,331.3338232497017,162004.62090847787,402.4979762787359,0,57833,323.02157974823626,155598.62304606446,394.4599131040624,0
1058,336.60589974581984,336.60589974581984,165332.39705704356,406.61086687033287,0,57833,331.072416655139,160513.37646977452,400.64120665475053,0
1059,323.30218041602546,323.30218041602546,157146.34590977468,396.41688398676297,0,57833,318.7713376677272,152996.92917415962,391.1482189326185,0
1060,319.3628032438227,319.3628032438227,153921.74372762957,392.32861701337765,0,57833,314.88843546825285,150069.50594826395,387.3880560216899,0
1061,337.9454290802829,337.9454290802829,166292.1731883181,407.7893735598294,0,57833,333.8629824318716,162377.95801632313,402.9614845321115,0
1062,315.5800494527346,315.5800494527346,151740.98734286652,389.5394554379139,0,57833,310.9672153824872,147666.44321482917,384.27391690671533,0
1063,319.1339892448948,319.1339892448948,154397.91503121055,392.93500102588285,0,57833,301.46389542122006,142049.28627749343,376.8942640549116,0
1064,336.27328687773417,336.27328687773417,165304.3110853665,406.5763287322154,0,57833,319.50359662470606,153175.94113985336,391.3769808507564,0
1065,331.4814206421939,331.4814206421939,162008.0536544879,402.50224055834514,0,57833,327.22444321482914,158075.09759302807,397.5865913144306,0
1066,324.67534106824826,324.67534106824826,157671.0348244082,397.07812181535286,0,57833,320.227071517499,153685.5290496611,392.02745956075717,0
1067,330.41720125188044,330.41720125188044,161379.10255390522,401.7201794208317,0,57833,328.20148014939826,158781.35530502145,398.4737824562884,0
1068,327.1133954662563,327.1133954662563,159157.97072605605,398.94607496008285,0,57833,324.6980910222714,156504.93436159912,395.6070453892336,0
1069,307.2337765635537,307.2337765635537,146795.77014853113,383.1393612623625,0,57833,302.4208050906073,142854.36574906626,377.9607992227055,0
1070,337.83381460411874,337.83381460411874,166425.69444780663,407.9530542204662,0,57833,333.7425646700789,162600.679485406,403.2377456109559,0
1071,339.7036639980634,339.7036639980634,167291.52940362768,409.0128719290234,0,57833,330.1530640475861,159900.76781020887,399.8759405243192,0
1072,323.3404111839261,323.3404111839261,156990.70371587155,396.22052409721476,0,57833,316.6968460367962,151674.56958085488,389.45419445790395,0
1073,307.7564712188543,307.7564712188543,147410.49729393254,383.9407471133176,0,57833,304.73682390372113,144489.9405865265,380.1183244550656,0
1074,341.73968149672334,341.73968149672334,168833.76866149085,410.89386544640803,0,57833,337.84382348872595,165009.47226449024,406.21357961605645,0
1075,313.0322480244843,313.0322480244843,150647.13986824133,388.1328894441198,0,57833,312.20037349564257,148891.57428413336,385.8647098195601,0
1076,309.25232998461087,309.25232998461087,147703.65182508258,384.32232803349143,0,57833,304.55132106792087,143754.2634527597,379.1493946358872,0
1077,305.3552988778033,305.3552988778033,145841.92141165078,381.892552181436,0,57833,310.74885876331444,148248.12498270854,385.0300312738067,0
1078,338.92390157868346,338.92390157868346,166989.5865682223,408.64359357295973,0,57833,337.11661363950753,164467.59427306682,405.54604457825354,0
1079,303.06506665744473,303.06506665744473,144075.49402590215,379.5727782993693,0,57833,298.23364227417346,140138.01812145524,374.3501277166274,0
1080,315.4488095032248,315.4488095032248,151439.13673854028,389.15181708240846,0,57833,311.0091990593443,147629.9613362844,384.2264453890237,0
1081,315.3133678003908,315.3133678003908,151516.69880518044,389.2514596057161,0,57833,310.7587494812561,147649.3503942454,384.2516758509264,0
1082,309.70243632528144,309.70243632528144,148467.0135562741,385.31417513020995,0,57833,304.5431594964725,144182.57414580163,379.7138055770446,0
1083,343.30326975947986,343.30326975947986,170036.1383984922,412.3543844783176,0,57833,339.9715036657906,166455.06155761515,407.9890458794392,0
1084,312.3983365898363,312.3983365898363,149875.76413120536,387.13791358016766,0,57833,315.2877991423433,150653.24671462167,388.14075631737217,0
1085,310.0517005861705,310.0517005861705,147980.11194300832,384.68183209375553,0,57833,305.38553050214415,144084.81408216903,379.5850551354321,0
1086,327.6063147338025,327.6063147338025,159919.33954662562,399.8991617228343,0,57833,323.16164061419283,155889.43982570202,394.82836755443753,0
1087,320.3839849221033,320.3839849221033,155020.904552764,393.72694161406326,0,57833,315.849495089224,151012.78060589294,388.6036291723135,0
1088,317.2070098386734,317.2070098386734,152986.58687946328,391.13499827995867,0,57833,312.59496472541156,148988.343200996,385.99008173915036,0
1089,318.45135130461847,318.45135130461847,153867.38459011292,392.25933333715966,0,57833,313.8208604232951,149833.76428275002,387.0836657400439,0
1090,309.68102986184357,309.68102986184357,148068.75225217437,384.7970273432142,0,57833,304.9875501452483,144192.67837875226,379.7271104079247,0
1091,324.6093579790085,324.6093579790085,157442.97530821504,396.79084579689464,0,57833,320.2424263383594,153605.73156729838,391.925670972569,0
1092,304.5987584942853,304.5987584942853,145103.10376428682,380.92401311060297,0,57833,299.79111910361047,141071.61045787798,375.595008563583,0
1093,310.4238064772708,310.4238064772708,148345.08014455414,385.15591666824247,0,57833,305.88864296583205,144580.19421773413,380.23702373353143,0
1094,327.2812408140681,327.2812408140681,160203.07340099942,400.25376125777933,0,57833,322.86899986166827,156149.9950200581,395.15818986838434,0
1095,313.9796310065188,313.9796310065188,151374.70281673092,389.0690206335258,0,57833,309.20742841333515,147278.01127403515,383.76817386807255,0
1096,324.91188421835284,324.91188421835284,158212.92772292637,397.75988702095935,0,57833,320.37079817402133,154111.63819338774,392.5705518672889,0
1097,338.45600262825724,338.45600262825724,166721.2780246572,408.3151699663597,0,57833,334.55187439479874,162850.09510305713,403.54689331359884,0
1098,335.69206162571544,335.69206162571544,165387.2143067107,406.6782687908351,0,57833,331.5446119795269,161447.57850325078,401.80539879803854,0
1099,332.3145608908409,332.3145608908409,162531.3536216347,403.1517749206057,0,57833,329.5317471296168,159480.5664683912,399.35018025336007,0
1100,323.3578060968651,323.3578060968651,157042.89993602267,396.2863862612778,0,57833,308.6956702171808,146847.75404620278,383.20719466915386,0
1101,313.77396987878893,313.77396987878893,151337.227257794,389.02085709868305,0,57833,308.8770922672569,147181.28558583482,383.64213218289103,0
1102,339.7920218560337,339.7920218560337,167349.84199332562,409.0841502592414,0,57833,335.94805643934154,163511.67609627888,404.3657701837272,0
1103,319.02960247609496,319.02960247609496,154542.46483841405,393.11889402369616,0,57833,314.2873841471849,150379.03617374465,387.7873594816425,0
1104,321.32778863278753,321.32778863278753,155782.5889025297,394.6930312312718,0,57833,316.8288144971642,151733.38795130723,389.5297009873666,0
1105,315.7472031539087,315.7472031539087,152021.80920927497,389.89974250988547,0,57833,311.12774934292435,148010.3287453313,384.721105146743,0
1106,332.46890183805095,332.46890183805095,163090.17488285236,403.84424582114866,0,57833,328.29768986028495,159105.36865403238,398.8801432185267,0
1107,320.07286497328516,320.07286497328516,155540.9540573721,394.38680766142784,0,57833,311.3679623737723,148503.1662747268,385.3610855739417,0
1108,309.9035671675341,309.9035671675341,147918.68817111338,384.6019866967842,0,57833,304.20556093512243,143355.83414026836,378.6236048376651,0
1109,303.5041066519115,303.5041066519115,144570.90711185656,380.2248112786126,0,57833,298.53714206667587,140557.51556231844,374.9100099521463,0
1110,318.23827226669897,318.23827226669897,153874.015942455,392.26778601161607,0,57833,313.5421911744363,149712.10824457047,386.9264894583601,0
1111,348.22167274739337,348.22167274739337,173089.6349489046,416.0404246571535,0,57833,344.5616959468806,169398.4297274865,411.5804049362488,0
1112,311.0967440734529,311.0967440734529,149309.77967596354,386.40623659040955,0,57833,306.2603402960299,145218.46852953383,381.0754105548321,0
1113,313.46177787768227,313.46177787768227,150248.41223868725,387.6189007758616,0,57833,308.87294231567296,146344.90614192834,382.5505275671808,0
1114,320.1388307713589,320.1388307713589,154920.19371293206,393.59902656502095,0,57833,312.19055194356065,148801.74816710473,385.7482963891153,0
1115,306.2337073988899,306.2337073988899,146265.71061504676,382.4470036685433,0,57833,299.00608659565637,140856.144971642,375.308066755355,0
1116,345.904812131482,345.904812131482,172055.75337610015,414.79603828399826,0,57833,342.1977451929728,168333.98485267672,410.2852481538627,0
1117,335.621721162658,335.621721162658,165054.29752909238,406.2687503723273,0,57833,331.47765942730666,161020.25522202242,401.27329243549514,0
1118,315.3742845780091,315.3742845780091,152034.19454290802,389.91562490224476,0,57833,310.7563978420252,148007.77839258543,384.717790584976,0
1119,305.2231597876645,305.2231597876645,145485.09430601905,381.42508347776374,0,57833,300.3037072900816,141466.6052704385,376.12046643387873,0
1120,306.0546400843809,306.0546400843809,145854.04333166184,381.90842270322065,0,57833,301.24754461197955,141892.90309863052,376.6867439911186,0
1121,324.3287742292463,324.3287742292463,157764.66958311,397.19600902213256,0,57833,319.8084797344031,153673.29264075254,392.0118526789114,0
1122,330.7768747946674,330.7768747946674,161847.5680839659,402.3028313148764,0,57833,326.50947572278324,157830.27749342925,397.278589271344,0
1123,326.1882835059568,326.1882835059568,158670.83486936524,398.33507863275764,0,57833,321.7276248443768,154715.62415271823,393.33907020879354,0
1124,314.21091764217664,314.21091764217664,150966.860581329,388.5445413093961,0,57833,309.53894037902893,146893.19739936368,383.26648353249425,0
1125,359.1162139263051,359.1162139263051,180815.31485484066,425.2238408824706,0,57833,353.6238068889196,175720.70307096417,419.1905331361434,0
1126,354.8948178375668,354.8948178375668,177734.5443259039,421.5857496712904,0,57833,349.9285516668972,173018.0202655969,415.9543487759166,0
1127,311.61879895561356,311.61879895561356,149974.54204347,387.2654671455615,0,57833,305.8517083967354,145341.81048554432,381.23721025831713,0
1128,346.07241540297065,346.07241540297065,171741.82120934414,414.4174480030301,0,57833,337.835316087979,165081.00366579057,406.3016166172497,0
1129,310.1483582037937,310.1483582037937,148301.43371431535,385.09925177065116,0,57833,305.4082860699958,144421.21655830683,380.027915498726,0
1130,308.2363702384452,308.2363702384452,147181.56419345355,383.64249529145434,0,57833,303.5465486235994,143248.78129755153,378.4822073724887,0
1131,329.7200733145436,329.7200733145436,161112.63297771168,401.3883817173981,0,57833,325.31449716419974,157042.00006916586,396.2852508852252,0
1132,303.938374284578,303.938374284578,144426.28800165994,380.0345879017592,0,57833,304.8625674367132,144268.1111495366,379.8264223951996,0
1133,314.8392959037228,314.8392959037228,151938.10649629103,389.79238896660235,0,57833,309.93256328676165,147728.20383178862,384.354268653008,0
1134,347.0807843272872,347.0807843272872,172598.08021371881,415.4492510689107,0,57833,343.46029879651405,168875.1992668419,410.9442775691638,0
1135,326.5297321598395,326.5297321598395,158576.61169228642,398.2167898171628,0,57833,322.02289389957116,154592.07241665514,393.1819838403778,0
1136,322.6145453287915,322.6145453287915,156904.02470907613,396.1111267170819,0,57833,321.5782265873565,155342.73246645456,394.1354240187687,0
1137,344.969187142289,344.969187142289,171293.0407725693,413.8756344272628,0,57833,341.3039839535205,167582.49612671186,409.36841124677886,0
1138,315.9117113066934,315.9117113066934,152201.7460965193,390.1304219059561,0,57833,312.48699681837047,149055.6463549592,386.0772543869416,0
1139,351.0065360607266,351.0065360607266,174920.4378987775,418.23490755648015,0,57833,347.56978835246923,171302.5628717665,413.8871378428744,0
1140,316.7354451610672,316.7354451610672,152869.12193730223,390.9848103664671,0,57833,311.9674228800664,148709.56487757643,385.628791556824,0
1141,332.0547957048744,332.0547957048744,162574.00485881764,403.2046686967025,0,57833,327.99467422880065,158658.1772720985,398.31919018809333,0
1142,332.4668096069718,332.4668096069718,162863.6790240866,403.563723622536,0,57833,328.43138746714624,158938.2456079679,398.6705978724389,0
1143,302.6394446077499,302.6394446077499,144190.22487161309,379.72387977530866,0,57833,297.7276248443768,140178.85890164613,374.4046726493222,0
1144,324.2327909670949,324.2327909670949,157426.0334584061,396.7694966330024,0,57833,319.82936782404204,153481.21531332136,391.7667868940926,0
1145,308.4897204018467,308.4897204018467,147587.87145747239,384.171669254088,0,57833,303.05457186332825,143274.03326877853,378.51556542469757,0
1146,313.60532913734374,313.60532913734374,150531.34350630263,387.98368974262644,0,57833,307.71801078987414,145855.28226587357,381.9100447302657,0
1147,334.1788771116836,334.1788771116836,164071.24473916276,405.05708824703066,0,57833,330.11135703416795,160187.3859454973,400.23416389096184,0
1148,305.19350543807167,305.19350543807167,145411.28048000278,381.3283106196061,0,57833,301.3248720431595,142067.2478212754,376.9180916608745,0
1149,300.2295575190635,300.2295575190635,142274.23747687307,377.19257346463365,0,57833,295.41693180246233,138355.48250103748,371.96166805335935,0
1150,310.5778880569917,310.5778880569917,148769.3182957827,385.70625908297455,0,57833,304.3764697745193,143898.58327569513,379.3396674165452,0
1151,336.52680995279513,336.52680995279513,165205.00895682396,406.45419047762806,0,57833,324.5768432701619,156404.3979803569,395.47995901228285,0
1152,339.8956132312002,339.8956132312002,167654.89545761072,409.45682978503453,0,57833,335.67498962512104,163635.86574906626,404.51930207230686,0
1153,314.9378036761019,314.9378036761019,151637.21840471702,389.4062382714445,0,57833,302.2767326047863,142675.210056716,377.72372186125136,0
1154,304.9420745940899,304.9420745940899,145349.37366209604,381.2471293821057,0,57833,299.87142066675887,141213.1289943284,375.7833538015334,0
1155,316.05922224335586,316.05922224335586,151822.0574239621,389.64350042566105,0,57833,311.051805228939,147547.9369899018,384.1196909687159,0
1156,317.1095741185828,317.1095741185828,152655.64757145575,390.71171926556764,0,57833,312.4285516668972,148777.82182874533,385.7172822531359,0
1157,324.0066570988882,324.0066570988882,157745.06850759947,397.1713339449355,0,57833,319.45026974685294,153679.60658458984,392.01990585248325,0
1158,323.7907596009199,323.7907596009199,157413.01251880414,396.753087598325,0,57833,319.39977866924886,153445.65361737445,391.7213979569848,0
1159,312.20854875244237,312.20854875244237,150023.83851780125,387.3291087922534,0,57833,307.5345137640061,146054.44501314152,382.17070140598366,0
1160,310.1953383016617,310.1953383016617,148504.44540314353,385.3627452195445,0,57833,305.6236685572002,144638.9385115507,380.31426282950616,0
1161,315.4654954783601,315.4654954783601,152156.06819635848,390.07187567980145,0,57833,310.78275003458293,148170.4723336561,384.92917833499723,0
1162,317.2527449725935,317.2527449725935,153180.68078778553,391.38303589678685,0,57833,312.43083414026836,149052.52393138746,386.07321058497115,0
1163,305.80754932305086,305.80754932305086,145948.14254837204,382.03159888728055,0,57833,301.07732743118,142008.39977866923,376.84001881258473,0
1164,321.0629571351996,321.0629571351996,155495.99408642124,394.329803700432,0,57833,316.57034167934705,151538.20763591092,389.27908707752454,0
1165,317.07298601144674,317.07298601144674,152430.84166479346,390.42392557935466,0,57833,311.6460782957532,147885.06176511274,384.55826836139244,0
1166,314.0169626337904,314.0169626337904,150231.92068542182,387.5976272959134,0,57833,309.37107483746024,146303.77279015078,382.4967618034835,0
1167,335.9683917486556,335.9683917486556,165391.16355713867,406.6831242590952,0,57833,331.8614607829575,161394.16205560934,401.7389227540809,0
1168,333.69916829491814,333.69916829491814,163995.481818339,404.96355616072293,0,57833,329.51908977728596,160059.51410983538,400.0743857207499,0
1169,314.29498729099305,314.29498729099305,151083.28438780626,388.6943328475555,0,57833,309.5784340849357,147030.14434914925,383.4450995242334,0
1170,312.8819186277731,312.8819186277731,150282.2620303287,387.6625620695513,0,57833,308.0935122423572,146313.99239175543,382.5101206396445,0
1171,323.25526948282123,323.25526948282123,156621.76798713536,395.75468157323843,0,57833,318.9820860423295,152696.404827777,390.7638734936701,0
1172,312.8780281154358,312.8780281154358,149742.75622914254,386.96609183382276,0,57833,308.3018398118689,145892.39037211234,381.9586239006947,0
1173,326.5395881244272,326.5395881244272,159374.94945792196,399.2179222654238,0,57833,322.079125743533,155394.49024761378,394.20107844552354,0
1174,309.21133263015923,309.21133263015923,148576.5844932824,385.4563327969621,0,57833,307.0277355097524,146094.7792917416,382.2234677407205,0
1175,334.1053896564245,334.1053896564245,164344.43817543617,405.39417629689274,0,57833,329.91243602157977,160422.25494535896,400.52747089976106,0
1176,317.6297442636557,317.6297442636557,153454.06665744472,391.7321363603511,0,57833,313.5411536865403,149768.91381933878,386.99988865546044,0
1177,327.76966437846903,327.76966437846903,159711.9932391541,399.6398293953621,0,57833,323.5277355097524,155784.8914096002,394.69594805318206,0
1178,306.6103435754673,306.6103435754673,146546.7521311362,382.8142527795121,0,57833,302.00740074699127,142668.56141928345,377.714920832211,0
1179,311.46208911866927,311.46208911866927,149140.2477651168,386.1868042348376,0,57833,306.8019781435883,145234.7687785309,381.09679712447195,0
1180,323.2938287828748,323.2938287828748,156849.25872771602,396.0419911167451,0,57833,318.8970120348596,152896.66945635635,391.0200371545637,0
1181,318.8317223730396,318.8317223730396,153765.3868725468,392.1292986663287,0,57833,314.6178586249827,150119.75702033477,387.4529094229836,0
1182,333.04730863002095,333.04730863002095,163255.95277782582,404.0494434816435,0,57833,328.88843546825285,159347.48824180383,399.18352701709,0
1183,324.37890131931596,324.37890131931596,157852.33058980168,397.3063435056149,0,57833,319.3922395905381,153479.026628856,391.7639935329126,0
1184,329.6041187557277,329.6041187557277,161267.97373471892,401.5818393985452,0,57833,322.6792779084244,155506.88553050216,394.34361352823015,0
1185,324.34233050334586,324.34233050334586,157732.99866858023,397.15613890330366,0,57833,334.73122146908287,163234.8144971642,404.023284597762,0
1186,348.5906662286238,348.5906662286238,173332.00688188404,416.3316068735162,0,57833,346.5004841610181,170600.2729284825,413.03785895300507,0
1187,312.9037919526914,312.9037919526914,149723.12639842305,386.9407272418129,0,57833,308.4656937335731,145966.53900954488,382.0556752746187,0
1188,310.1696955025677,310.1696955025677,148574.71523178808,385.45390805099913,0,57833,305.45988380135566,144676.53568958363,380.363688710665,0
1189,321.90308301488767,321.90308301488767,156500.74267286842,395.60174756043284,0,57833,317.26532023793055,152433.81352884218,390.42773150589875,0
1190,331.1083637369668,331.1083637369668,162238.72571023463,402.788686174568,0,57833,331.6518882279707,161569.51078987413,401.95710068348603,0
1191,322.80806805802916,322.80806805802916,156519.50770321442,395.62546392164194,0,57833,322.1214552496888,155238.38331719465,394.0030245025978,0
1192,311.5800494527346,311.5800494527346,149711.12466930645,386.9252184457695,0,57833,313.0001383317195,149640.93802738967,386.8345098713269,0
1193,305.2819151695399,305.2819151695399,145731.43214081926,381.7478646185454,0,57833,299.43581408216903,141047.59987550144,375.56304380955993,0
1194,319.56822229522936,319.56822229522936,154816.80851762835,393.467671502537,0,57833,317.47689860284964,152461.13715589984,390.4627218517791,0
1195,345.21045078069614,345.21045078069614,171291.01876091506,413.8731916431832,0,57833,346.8032231290635,170989.20701341817,413.5084122643918,0
1196,329.7171165251673,329.7171165251673,160694.35180606227,400.8670001460114,0,57833,325.5579609904551,157011.77182182873,396.2471095438158,0
1197,319.9317690591877,319.9317690591877,155033.53348434286,393.7429789651402,0,57833,315.32667035551253,150989.27783925855,388.57338797099646,0
1198,325.4698355610119,325.4698355610119,158564.2324797261,398.2012462056417,0,57833,322.09454973025316,155414.07324664545,394.22591650809244,0
1199,326.9059533484343,326.9059533484343,159734.7113585669,399.6682516269799,0,57833,322.5214414165168,155758.58161571447,394.6626174540914,0
1200,317.46518423737314,317.46518423737314,152915.11821970154,391.04362700305137,0,57833,312.9885876331443,149049.63971503667,386.0694752438176,0
1201,326.0059308699186,326.0059308699186,158826.44637144884,398.5303581553717,0,57833,321.7126850186748,154824.35578918245,393.47726209932694,0
1202,336.50540348935726,336.50540348935726,165483.70665536978,406.79688624099595,0,57833,332.50795407386914,161588.69912851017,401.98096861482156,0
1203,314.32623242785263,314.32623242785263,151626.4095758477,389.3923594215065,0,57833,309.6225619034445,147630.6315534652,384.22731755233804,0
1204,314.86092715231786,314.86092715231786,151681.85471962375,389.46354735664767,0,57833,310.21946327292846,147603.2035551252,384.19162348380945,0
1205,326.6863036674563,326.6863036674563,159117.44787578026,398.8952843488881,0,57833,322.4214967492046,155256.00401161987,394.0253849837849,0
1206,319.5027752321339,319.5027752321339,154448.28354053915,392.9990884729113,0,57833,315.03990870106514,150540.3927929174,387.99535150941875,0
1207,325.038144312071,325.038144312071,158652.68011343005,398.3122896841498,0,57833,320.70279430073316,154653.97046617788,393.26069021220246,0
1208,311.08877284595303,311.08877284595303,149372.69076478828,386.4876333917921,0,57833,306.3965278738415,145448.90904689446,381.37764623387994,0
1209,322.60589974581984,322.60589974581984,156547.38334514896,395.66069219111085,0,57833,318.3036381242219,152723.97883524693,390.7991540871691,0
1210,348.77732436498195,348.77732436498195,173700.77324364983,416.7742473373923,0,57833,345.2783234195601,170131.31926960853,412.46977982587833,0
1211,311.2450849860806,311.2450849860806,149866.28601317588,387.12567211846834,0,57833,306.4388573799972,145780.29941900677,381.81186390551926,0
1212,319.688240278042,319.688240278042,154971.7362405547,393.66449705371537,0,57833,315.2697468529534,150982.93885738,388.56523114836205,0
1213,350.2484394722736,350.2484394722736,174769.33664170976,418.0542269152529,0,57833,346.8184396182045,171226.79312491353,413.7955934092502,0
1214,310.64651669462074,310.64651669462074,149287.01692805145,386.37678104157794,0,57833,305.8938304053119,145253.83517775626,381.1218114694517,0
1215,327.42859613023705,327.42859613023705,159522.7514740719,399.40299382211936,0,57833,323.47800525660534,155954.6413750173,394.9109284066691,0
1216,314.50953607801773,314.50953607801773,151443.04895129078,389.15684363928483,0,57833,305.6056854336699,144750.12705768432,380.46041457382177,0
1217,333.1710960870092,333.1710960870092,163691.5275707641,404.588096180256,0,57833,329.5695116890303,160196.75017291465,400.2458621558937,0
1218,342.6167585980323,342.6167585980323,169707.00798851866,411.9551043360413,0,57833,343.165721399917,168811.0561626781,410.8662266026232,0
1219,313.65199799422476,313.65199799422476,150848.06179862708,388.39163456313923,0,57833,309.0612117858625,146956.15749066262,383.3486109152642,0
1220,313.17972437881485,313.17972437881485,150648.17396642055,388.13422158632255,0,57833,308.76476691105273,146817.87128233505,383.16820233721774,0
1221,327.74723773624055,327.74723773624055,160127.94781526117,400.1599028079415,0,57833,323.43671323834553,156164.8962512104,395.17704418552756,0
1222,333.7039406567185,333.7039406567185,164059.16839866512,405.0421810116387,0,57833,329.6955318854613,160226.18342786,400.2826294355777,0
1223,313.60868362353676,313.60868362353676,151182.57619352272,388.8220366614047,0,57833,314.37225065707565,150610.1386083829,388.0852208064395,0
1224,322.70369858039527,322.70369858039527,156862.1399719883,396.0582532557405,0,57833,333.3929312491354,162193.5383178863,402.73258909341604,0
1225,308.62780765307,308.62780765307,147655.3522037591,384.2594855091532,0,57833,303.9171393000415,143674.79582238206,379.0445828954452,0
1226,325.21337298774057,325.21337298774057,158262.89604551034,397.8226942313753,0,57833,320.90372112325355,154386.74823627056,392.9207913005757,0
1227,343.9111061158854,343.9111061158854,170551.10592568258,412.97833590357084,0,57833,340.3647807442247,166984.9062110942,408.6378668345534,0
1228,322.0809399477807,322.0809399477807,156605.86255252192,395.7345859948583,0,57833,317.7438788214138,152755.7045926131,390.8397428519944,0
1229,315.53896564245326,315.53896564245326,152135.44230802482,390.0454362097124,0,57833,310.9202517637294,148193.5924055886,384.95920875540645,0
1230,313.32230733318346,313.32230733318346,151081.09838673423,388.6915208577803,0,57833,309.26414441831514,147497.32611702863,384.0538062785326,0
1231,315.1835975999862,315.1835975999862,152322.88954403196,390.2856512146353,0,57833,310.6502974131968,148362.31096970534,385.1782846549184,0
1232,307.44668268981377,307.44668268981377,147403.36524129822,383.9314590409312,0,57833,302.5723474892793,143427.2079817402,378.71784745604504,0
1233,335.3419500976951,335.3419500976951,165047.45202566008,406.2603254388251,0,57833,331.34174851293403,161191.19138193387,401.4862281348314,0
1234,315.57221655456226,315.57221655456226,152581.98001141218,390.61743434134144,0,57833,310.90067782542536,148469.69774519297,385.3176582317413,0
1235,341.03603478982586,341.03603478982586,168811.92888143446,410.86728864857866,0,57833,337.26158528150506,165199.52759717804,406.4474475220358,0
1236,311.6003146992202,311.6003146992202,149807.30093545208,387.049481249429,0,57833,306.94771061004286,145965.76428275002,382.0546613807375,0
1237,347.978956651047,347.978956651047,173292.32543703422,416.2839480895633,0,57833,344.4659012311523,169712.7277631761,411.96204650814144,0
1238,317.86027008801204,317.86027008801204,153964.08470942196,392.3825744212171,0,57833,313.1977451929728,149864.87806058928,387.1238536445272,0
1239,312.2079089793025,312.2079089793025,150454.86957273528,387.88512419624357,0,57833,307.47779775902615,146424.225342371,382.65418505795935,0
1240,306.54546712084795,306.54546712084795,146762.7395431674,383.09625362716275,0,57833,301.91831511965694,142959.00601742978,378.099201291711,0
1241,340.6264589421265,340.6264589421265,168529.36665917383,410.5232839427915,0,57833,330.9405865264905,161058.15832065293,401.32051819045205,0
1242,310.9034461293725,310.9034461293725,149248.06465166947,386.3263706397344,0,57833,301.8294369899018,142482.40946188962,377.4684218075594,0
1243,309.41571421160927,309.41571421160927,148306.8194110629,385.10624431585484,0,57833,304.71821828745334,144438.88947295616,380.0511669143461,0
1244,329.5754154202618,329.5754154202618,161405.9315096917,401.7535706246949,0,57833,325.2304606446258,157372.36782404204,396.7018626425165,0
1245,349.1344388152093,349.1344388152093,174026.02628257225,417.16426774422115,0,57833,345.4998616682805,170421.6583898188,412.8215817878455,0
1246,315.5399339477461,315.5399339477461,152564.6745456746,390.59528228804123,0,57833,310.9337391063771,148590.476829437,385.4743530112438,0
1247,333.3167914512476,333.3167914512476,163740.24736741997,404.6483008334768,0,57833,329.1215935814082,159819.39964033753,399.77418581036164,0
1248,308.6488164196912,308.6488164196912,147953.84100772915,384.64768426149294,0,57833,304.17021718079957,144172.84430764974,379.7009932929459,0
1249,329.0780350319022,329.0780350319022,160913.19661784795,401.1398716381207,0,57833,324.7575736616406,156954.54800110665,396.17489572297063,0
1250,312.5879515155707,312.5879515155707,149940.3811491709,387.2213593658941,0,57833,308.1808687231982,146251.69075944115,382.4286740811169,0
1251,346.9970432106237,346.9970432106237,172463.39989279478,415.2871294571923,0,57833,343.50906072762484,168924.313598008,411.0040311213602,0
1252,309.30800753894835,309.30800753894835,148566.11598914114,385.4427531931832,0,57833,304.5134873426477,144525.9104993775,380.1656356108183,0
1253,314.0123804748154,314.0123804748154,151167.9818788581,388.8032688633907,0,57833,309.44452898049525,147235.45697883525,383.71272715253434,0
1254,341.9834869365241,341.9834869365241,169247.99794235124,411.39761538243175,0,57833,338.22195324387883,165553.65742149675,406.8828546664221,0
1255,328.7214220254872,328.7214220254872,160732.45797382118,400.91452701769384,0,57833,322.6221469082861,155666.63376677272,394.546111077999,0
1256,339.80492106582744,339.80492106582744,167625.63380768764,409.42109594852053,0,57833,332.3235578918246,161604.86886152995,402.00108067209214,0
1257,330.8037279753774,330.8037279753774,162704.23699272043,403.3661326793815,0,57833,326.1854336699405,158438.2511412367,398.04302674615053,0
1258,328.08847889613196,328.08847889613196,159972.35614614494,399.965443690008,0,57833,323.7301839811869,156006.79160326463,394.97695072404497,0
1259,313.3265436688396,313.3265436688396,150759.76788338838,388.2779518378405,0,57833,307.6343892654586,146238.33324111218,382.4112096174904,0
1260,309.9458786505974,309.9458786505974,148892.37985233346,385.8657536661338,0,57833,304.669594688062,144626.17339881035,380.2974801373398,0
1261,320.685784932478,320.685784932478,154715.55238358723,393.3389789781674,0,57833,316.3499100843824,150999.78938995712,388.586913559833,0
1262,320.5792194767693,320.5792194767693,155158.27174796397,393.9013477356532,0,57833,316.209019228109,151303.4860976622,388.97748790599974,0
1263,320.658620510781,320.658620510781,155736.84422388603,394.63507728518766,0,57833,316.21987826808686,151817.3904412782,389.6375115941459,0
1264,326.11446751854476,326.11446751854476,159181.8424083136,398.97599227060465,0,57833,321.9257158666482,155336.32175957947,394.127291315356,0
1265,307.60657410129164,307.60657410129164,147219.95474901874,383.69252631373826,0,57833,303.12602019643106,143414.95047724442,378.701664212404,0
1266,339.3087856414158,339.3087856414158,167601.36716061764,409.39145955993956,0,57833,335.3456909669387,163811.64504080787,404.7365131055115,0
1267,320.0066743900541,320.0066743900541,155416.57053931148,394.2290838323721,0,57833,317.40081615714485,152593.53209295892,390.6322210122444,0
1268,327.48195666833817,327.48195666833817,159959.2689986686,399.9490830076606,0,57833,324.28212754184534,156652.43041914512,395.7934188679053,0
1269,317.6783670222883,317.6783670222883,154056.33563882211,392.50010909402573,0,57833,313.0758749481256,150040.54011619865,387.3506681499319,0
1270,311.0133314889423,311.0133314889423,149247.20906748742,386.3252633047539,0,57833,306.45926130861807,145428.23710056717,381.35054359547877,0
1271,321.2219839883803,321.2219839883803,155186.8583507686,393.93763256481174,0,57833,317.17457462996265,151690.80190897774,389.47503374282894,0
1272,311.2908719934985,311.2908719934985,149761.6422630678,386.9904937631773,0,57833,306.58445151473234,145898.63148429935,381.96679369324676,0
1273,323.93500250721905,323.93500250721905,158022.37340272855,397.52028049236503,0,57833,320.6049246092129,154655.17457462996,393.262221138301,0
1274,316.67004997146955,316.67004997146955,152660.18333823248,390.7175237153211,0,57833,311.99218425785034,148641.95566468392,385.54112058856174,0
1275,311.82710563173276,311.82710563173276,150295.08690540004,387.6791030032442,0,57833,307.1527182182875,146330.76027113016,382.53203822834257,0
1276,316.9753427973648,316.9753427973648,152959.80141095913,391.1007560858955,0,57833,312.4274450131415,149080.087287315,386.10890599326376,0
1277,311.74168727197275,311.74168727197275,149447.96377500735,386.5850020047433,0,57833,307.3425785032508,145638.58562733434,381.62623812748296,0
1278,309.4041810039251,309.4041810039251,148636.44137430188,385.53396915745554,0,57833,304.5043574491631,144516.47018951445,380.1532193596609,0
1279,317.06499749278095,317.06499749278095,152988.07473241922,391.13690024391616,0,57833,312.809793885738,149247.28980495228,386.325367798896,0
1280,321.35386371103004,321.35386371103004,155954.46713813912,394.91070780385166,0,57833,317.38428551666897,152331.17927790844,390.2962711555267,0
1281,373.4810056542113,373.4810056542113,190350.48607196583,436.29174421706153,0,57833,370.97364780744226,187568.97212615854,433.09233672065653,0
1282,321.13274428094684,321.13274428094684,155400.5588850656,394.2087757585638,0,57833,316.84285516668973,151654.69982016875,389.4286838692917,0
1283,332.65547351857936,332.65547351857936,163208.93489876023,403.99125596819573,0,57833,328.46147461612946,159396.95711716695,399.24548477993704,0
1284,335.63168087424134,335.63168087424134,165178.87584942853,406.422041539861,0,57833,337.04883109697056,164829.61861944944,405.9921410808951,0
1285,323.1130842252693,323.1130842252693,156774.27615721128,395.94731487561734,0,57833,322.83891271268504,155692.84582929866,394.57932767606906,0
1286,329.7694914668096,329.7694914668096,161427.65066657445,401.7806001620467,0,57833,325.6691796929036,157584.07615161157,396.96860852164565,0
1287,324.658015319973,324.658015319973,158067.4607058254,397.57698714315114,0,57833,320.3043989486789,154087.80156314842,392.54019101634475,0
1288,350.5983953798005,350.5983953798005,175065.10070375045,418.40781625556474,0,57833,332.7546686955319,162091.06965002074,402.60535223717625,0
1289,316.0782079435616,316.0782079435616,152319.09147026783,390.2807854228387,0,57833,307.52137225065707,145830.47171116338,381.8775611516908,0
1290,326.997561945602,326.997561945602,159567.80485190116,399.45939074191404,0,57833,322.2227832341956,155453.3606999585,394.27574196234605,0
1291,318.45961648193935,318.45961648193935,153869.1775456919,392.2616187516845,0,57833,314.2139991700097,150146.86816987136,387.4878942236407,0
1292,321.5103141804852,321.5103141804852,155639.8930714298,394.51222170096304,0,57833,316.24872043159496,151250.5381103887,388.9094214729038,0
1293,316.7908287655837,316.7908287655837,153175.3272353155,391.37619656197217,0,57833,312.3218287453313,149235.89687370314,386.31062226361723,0
1294,309.10611588539416,309.10611588539416,148069.4134836512,384.7978865374019,0,57833,304.621386083829,144326.6212477521,379.9034367411699,0
1295,304.9349679248872,304.9349679248872,145786.67515086543,381.82021312505896,0,57833,300.02123391893764,141764.5760824457,376.51636894356363,0
1296,329.34815762626874,329.34815762626874,160914.01611536666,401.1408930978823,0,57833,325.1576289943284,157112.41838428553,396.3740889416026,0
1297,327.01471478221777,327.01471478221777,159432.61214185672,399.29013529244213,0,57833,322.83787522478906,155635.8359385807,394.507079706538,0
1298,322.26728684315185,322.26728684315185,156427.72845953002,395.50945432382525,0,57833,317.9104993775073,152465.6901369484,390.4685520460622,0
1299,319.137897048398,319.137897048398,154634.3785036225,393.2357797856427,0,57833,314.6238068889196,150743.53582791533,388.2570486519405,0
1300,317.331903930282,317.331903930282,153291.449829682,391.52452008741676,0,57833,312.80986305159774,149423.50179831235,386.55336216143866,0
1301,325.30337350647557,325.30337350647557,159054.526204762,398.8164066393984,0,57833,320.9569788352469,155056.08147738277,393.771610806801,0
1302,315.3005031729289,315.3005031729289,152514.54197430532,390.53110244166896,0,57833,310.6842578503251,148526.64704661779,385.39155030516406,0
1303,310.6745975481127,310.6745975481127,149062.90930783463,386.08666035986613,0,57833,306.1484991008438,145162.57013418176,381.0020605379737,0
1304,314.8963394601698,314.8963394601698,152022.28177684022,389.9003485210551,0,57833,326.0018674782128,158342.54717111634,397.9227904645779,0
1305,335.1864160600349,335.1864160600349,165464.34018639877,406.7730819343861,0,57833,331.20646009129894,161663.29347074285,402.07374133452544,0
1306,311.7215603548147,311.7215603548147,149275.04267459756,386.36128516531977,0,57833,307.270092682252,145531.75287038318,381.4862420460051,0
1307,322.1462832638805,322.1462832638805,156709.4844120139,395.86548777585284,0,57833,317.76047862774936,152896.65894314565,391.0200237112489,0
1308,336.58421662372695,336.58421662372695,165812.20121729808,407.2004435376981,0,57833,332.75093373910636,162094.7956148845,402.6099795271902,0
1309,321.96329085470234,321.96329085470234,156081.72021164387,395.0717912122351,0,57833,314.0203347627611,149799.62207774242,387.03956138583874,0
1310,325.1207096294503,325.1207096294503,158713.37886673698,398.3884773267633,0,57833,320.7774242633836,154787.93567575046,393.4309795577243,0
1311,306.1787042000242,306.1787042000242,146113.04243252124,382.2473576527655,0,57833,301.49266841886845,142233.305228939,377.1383104763278,0
1312,330.9834696453582,330.9834696453582,162057.36508567774,402.5634919930988,0,57833,326.8017014801494,158278.6712546687,397.84252067202254,0
1313,316.99827088340567,316.99827088340567,153318.3879964726,391.55892021057645,0,57833,312.4555263521926,149360.0042882833,386.47122051749636,0
1314,325.03900887036815,325.03900887036815,158378.89895042623,397.96846476878824,0,57833,320.68674782127545,154389.88815880482,392.9247868979569,0
1315,325.23548838898205,325.23548838898205,158089.88252381858,397.6051842265372,0,57833,318.29941900677824,152575.4565638401,390.6090840774701,0
1316,320.4135873981983,320.4135873981983,155009.81576262688,393.7128595342383,0,57833,315.7868308203071,150994.91202102642,388.5806377330533,0
1317,349.86886379748586,349.86886379748586,174448.55179568758,417.6703865438482,0,57833,341.998962512104,167911.5733158113,409.7701469309487,0
1318,311.51332284335933,311.51332284335933,149119.97931976552,386.16056157997997,0,57833,306.3736339742703,144826.03070964172,380.5601538648545,0
1319,310.452406065741,310.452406065741,148411.22009925128,385.2417683731234,0,57833,306.01085903997784,144631.55201272652,380.30455165922814,0
1320,310.77435028443966,310.77435028443966,148978.16798367715,385.9769008421063,0,57833,306.15617651127405,144994.06875086456,380.78086710188654,0
1321,311.96413812183357,311.96413812183357,150166.92269119708,387.5137709697516,0,57833,315.04862359939136,151092.24795960714,388.7058630373449,0
1322,326.33282036207703,326.33282036207703,159285.18890598792,399.10548593822654,0,57833,324.091506432425,156644.34105685435,395.7831995636681,0
1323,307.14135528158664,307.14135528158664,147313.0129856656,383.81377383526194,0,57833,302.46396458707983,143417.91022271407,378.7055719456925,0
1324,317.4229246278077,317.4229246278077,153833.115141874,392.2156487722972,0,57833,312.742011343201,149727.25632867616,386.94606384957086,0
1325,345.38185810869226,345.38185810869226,171313.26911970673,413.9000714178565,0,57833,341.7599253008715,167595.95248305437,409.3848464257738,0
1326,326.6346895371155,326.6346895371155,159210.25092940018,399.01159247495576,0,57833,319.0702033476276,153332.65022824734,391.5771319015544,0
1327,309.73968149672334,309.73968149672334,148658.74530112566,385.5628940926832,0,57833,303.1012588186471,143575.18605616267,378.91316426875784,0
1328,317.4869192329639,317.4869192329639,153066.71234416336,391.2374117389125,0,57833,313.075252455388,149212.15589984783,386.27989321196594,0
1329,325.83374543945496,325.83374543945496,158340.59030311415,397.9203316030913,0,57833,321.722160741458,154714.38324802878,393.33749280742205,0
1330,328.1170784846022,328.1170784846022,160044.2835578303,400.05535061767426,0,57833,322.2577811592198,155118.965486236,393.8514510399016,0
1331,323.2107447305172,323.2107447305172,156884.51387616066,396.0864979725523,0,57833,316.55892931249133,151528.1119795269,389.2661197426857,0
1332,336.54458527138485,336.54458527138485,165590.22009925128,406.9277824126184,0,57833,332.6038871213169,161785.0352054226,402.2251051406695,0
1333,354.07966040150086,354.07966040150086,177288.95680666747,421.0569519752256,0,57833,350.7106792087426,173747.9903859455,416.8308894335274,0
1334,322.0340808880743,322.0340808880743,156901.23616274446,396.1076067973758,0,57833,317.5746299626504,152794.75778115922,390.8897002751022,0
1335,308.9940518389155,308.9940518389155,148054.0776200439,384.7779588542513,0,57833,304.42841333517777,144263.04136118412,379.8197485139288,0
1336,321.17536700499716,321.17536700499716,155434.91862777306,394.2523539914163,0,57833,316.81325217872455,151630.39618204455,389.3974783971316,0
1337,333.84206249027375,333.84206249027375,163816.733041689,404.74279862857225,0,57833,329.8216212477521,160044.59060727624,400.05573437619444,0
1338,313.19592620130373,313.19592620130373,150938.4024691785,388.5079181550596,0,57833,308.5748374602296,146893.461543782,383.2668281286316,0
1339,312.3115868102986,312.3115868102986,150565.19219130947,388.0273085638554,0,57833,307.480149398257,146462.32452621387,382.70396460738925,0
1340,313.3266992893331,313.3266992893331,150772.95549253887,388.2949336426357,0,57833,308.8171254668695,146839.8144971642,383.19683518677994,0
1341,332.1889405702627,332.1889405702627,162442.79551467157,403.0419277378863,0,57833,314.0800248997095,150157.14351915894,387.5011529262319,0
1342,308.5107637507997,308.5107637507997,148131.42688430482,384.87845728788824,0,57833,303.1347350947572,143784.13874671463,379.18879037586885,0
1343,353.9311119948818,353.9311119948818,177208.12214479622,420.96095085506,0,57833,350.55270438511553,173616.33137363396,416.67293093460484,0
1344,320.57894281811423,320.57894281811423,155409.5069596943,394.2201250059341,0,57833,316.1516807303915,151468.33621524417,389.18933209331954,0
1345,320.08470942195635,320.08470942195635,155135.6341362198,393.87261155888945,0,57833,315.71890994605064,151278.85378337253,388.94582371247094,0
1346,313.7324883716909,313.7324883716909,150728.88055262566,388.2381750325767,0,57833,309.28212754184534,146996.4934984092,383.40121739296706,0
1347,324.15209309563744,324.15209309563744,157461.08180450607,396.813661312846,0,57833,314.61647530778805,150219.4579471573,387.5815500603161,0
1348,330.256860270088,330.256860270088,161559.32445143777,401.94442955642234,0,57833,323.0103057131,155540.58410568544,394.38633863977265,0
1349,308.9996368855152,308.9996368855152,148547.6658655093,385.418818774472,0,57833,304.2887674643796,144602.2597178033,380.26603808097735,0
1350,311.86435080317466,311.86435080317466,149386.77846558194,386.5058582551912,0,57833,307.3311661363951,145617.4526213861,381.59854902945597,0
1351,308.3780540521847,308.3780540521847,147930.18660626287,384.61693489270965,0,57833,302.17429796652374,143081.78489417623,378.2615297570931,0
1352,315.5553057942697,315.5553057942697,152415.08035204813,390.4037401870634,0,57833,311.4239867201549,148629.50006916586,385.52496685580024,0
1353,315.8000103746996,315.8000103746996,151961.28608234052,389.82212107875625,0,57833,311.50428828330337,148332.78067505878,385.1399494665008,0
1354,317.17996645513807,317.17996645513807,153251.24861238393,391.47317738560827,0,57833,312.82763867754875,149492.83497025867,386.6430330036462,0
1355,305.7136064184808,305.7136064184808,145956.74419449104,382.0428564892832,0,57833,298.1083829021995,140226.3947295615,374.4681491523164,0
1356,336.8165926028392,336.8165926028392,166014.6062628603,407.4489001860973,0,57833,332.9550421911744,162236.49674920458,402.7859192538942,0
1357,324.4068438434804,324.4068438434804,157468.7791918109,396.8233601891538,0,57833,320.211855028358,153837.07172499655,392.22069262724597,0
1358,320.1035395016686,320.1035395016686,155306.33461864333,394.08924702235066,0,57833,315.51279568405033,151298.29049661086,388.9708093117154,0
1359,315.7363097193644,315.7363097193644,152640.09268064945,390.6918129173549,0,57833,311.29630654309034,148779.04813943838,385.7188718995201,0
1360,303.54792246641193,303.54792246641193,144988.8638839417,380.7740325756756,0,57833,298.70957255498683,141039.14683912022,375.5517898228155,0
1361,308.3330105649024,308.3330105649024,148007.87431051474,384.71791524507245,0,57833,304.37377230598975,144502.00525660533,380.13419374821484,0
1362,333.3931492400533,333.3931492400533,163615.8584890979,404.4945716435486,0,57833,329.40102365472404,159868.2920182598,399.835331128028,0
1363,313.6256289661612,313.6256289661612,150920.20903290508,388.48450295076776,0,57833,309.20445428136674,147098.64365749067,383.53441000448794,0
1364,313.4291494475473,313.4291494475473,150847.15179914582,388.3904630640997,0,57833,308.9285516668972,147034.33068197538,383.45055832789626,0
1365,323.3009181609116,323.3009181609116,157526.68168692614,396.8963110019116,0,57833,315.0120348595933,151182.6281643381,388.8221034925073,0
1366,329.86777445403146,329.86777445403146,161570.68827486038,401.9585653706864,0,57833,326.0456494674229,157851.832341956,397.30571647278873,0
1367,314.9073885152076,314.9073885152076,151618.47998547542,389.3821772827763,0,57833,310.39715036657907,147736.75390787108,384.3653911421671,0
1368,336.31186346895373,336.31186346895373,165480.97978662702,406.79353459295174,0,57833,332.34320099598835,161663.74823627056,402.0743068591558,0
1369,321.0968305292826,321.0968305292826,156081.08901492227,395.0709923734243,0,57833,316.6038871213169,152090.48879513072,389.9878059569693,0
1370,347.44675185447755,347.44675185447755,173033.7586844881,415.9732667906534,0,57833,343.8921012588186,169376.98879513072,411.5543570357757,0
1371,323.44339736828454,323.44339736828454,157897.3979907665,397.36305564403756,0,57833,317.2604094618896,152712.20701341817,390.7840925798006,0
1372,316.3137482060415,316.3137482060415,153019.41087268514,391.1769559581509,0,57833,310.4688753631208,148158.4445289805,384.91355461841107,0
1373,341.54740373143363,341.54740373143363,169101.86030467035,411.2199658390511,0,57833,337.770369345691,165351.63535758748,406.6345230764199,0
1374,308.08113015060604,308.08113015060604,147432.7050645825,383.9696668547953,0,57833,303.5594826393692,143632.14158251486,378.98831325321214,0
1375,331.7655836633064,331.7655836633064,163088.69439593313,403.8424128245238,0,57833,327.20251763729425,158810.88255637017,398.51083116569134,0
1376,308.78747427939066,308.78747427939066,148263.52573790052,385.05003017517157,0,57833,303.26068612532856,143834.40787107483,379.2550696708942,0
1377,318.02923936161017,318.02923936161017,154292.3876506493,392.8006971106967,0,57833,313.4284825010375,150246.5881173053,387.61654778570187,0
1378,321.1660470665537,321.1660470665537,155985.76653467744,394.9503342632811,0,57833,316.64006086595657,151930.26947018952,389.7823360161278,0
1379,341.6638770252278,341.6638770252278,169254.21743641174,411.40517429465046,0,57833,337.75418453451374,165433.4903859455,406.7351600070315,0
1380,328.3852298860512,328.3852298860512,160771.4996455311,400.96321482840676,0,57833,324.1038871213169,156802.92018259788,395.98348473465137,0
1381,315.3221171303581,315.3221171303581,151844.77333010564,389.67264893767646,0,57833,310.8159496472541,147942.20701341817,384.6325610415974,0
1382,311.0732453789359,311.0732453789359,149714.77718603564,386.9299383428939,0,57833,307.27687093650576,146385.86505740767,382.6040578161811,0
1383,309.63487973994086,309.63487973994086,148542.04931440527,385.4115324097156,0,57833,304.0451653064048,143932.98886429658,379.3850140217673,0
1384,332.25016858886795,332.25016858886795,163255.26816869262,404.04859629590675,0,57833,332.4089777285932,162010.68937612395,402.50551471517,0
1385,319.78353189355556,319.78353189355556,155461.2511714765,394.28574812117733,0,57833,313.11301701480147,150279.32494120902,387.6587738478378,0
1386,310.5925336745457,310.5925336745457,149244.9038784085,386.32227981105166,0,57833,306.0395628717665,145422.38414718496,381.3428695376183,0
1387,316.4681064444176,316.4681064444176,152778.86984939396,390.86937696549467,0,57833,311.8905104440448,148661.83047447779,385.56689494104364,0
1388,326.3072467276468,326.3072467276468,159420.83614891153,399.27538885950827,0,57833,322.0006224927376,155559.03548208604,394.4097304607051,0
1389,317.18062351944394,317.18062351944394,153652.73586014906,391.9856322113721,0,57833,312.67305298104856,149660.4537972057,386.85973400860127,0
1390,316.399010945308,316.399010945308,152426.28108519356,390.41808498735503,0,57833,311.96016046479457,148665.73080647393,385.57195282654305,0
1391,319.59379592965956,319.59379592965956,154889.55561703525,393.5601041988825,0,57833,314.4071102503804,150356.52870383178,387.7583380197411,0
1392,320.9412619092905,320.9412619092905,155878.68331229576,394.8147455608716,0,57833,317.2416655139023,152429.44127818508,390.42213215721404,0
1393,314.92486988397627,314.92486988397627,151544.76713986823,389.28751218073796,0,57833,310.3970812007193,147544.24463964588,384.11488468900274,0
1394,310.8813480192969,310.8813480192969,149410.9947780679,386.5371842113872,0,57833,306.1492599253009,145388.1583898188,381.29799158901795,0
1395,326.1536665917383,326.1536665917383,158981.326975948,398.7246254947743,0,57833,321.956702171808,155129.59371973993,393.86494350188104,0
1396,309.7574395241471,309.7574395241471,148373.69439593313,385.19306119909936,0,57833,305.2250657075667,144551.6631622631,380.1995044213802,0
1397,317.5923088893884,317.5923088893884,153994.02891082945,392.42072946116065,0,57833,313.003873288145,149908.41195186056,387.1800769046111,0
1398,335.96766551968597,335.96766551968597,165715.80623519444,407.0820632688137,0,57833,331.9563563425093,161833.38850463412,402.2852079117925,0
1399,333.4238237684367,333.4238237684367,163446.73480538794,404.28546202576706,0,57833,329.24609212892517,159647.9731636464,399.55972415102906,0
1400,325.36240554700606,325.36240554700606,158358.971867273,397.9434279734659,0,57833,319.79353990870106,153633.1758887813,391.9606815597469,0
1401,316.8299586741134,316.8299586741134,152996.40169107603,391.1475446568418,0,57833,311.20756674505463,148345.6372250657,385.15663985587173,0
1402,331.6993584977435,331.6993584977435,162580.12451368597,403.21225739514165,0,57833,324.5788490800941,156790.01224235716,395.96718581513437,0
1403,308.023792644338,308.023792644338,147575.16151678108,384.1551268911832,0,57833,303.3830405311938,143731.4641029188,379.1193269973437,0
1404,317.9306624245673,317.9306624245673,153953.19022011655,392.3686916920316,0,57833,313.38566883386363,150021.18882279706,387.32568830739467,0
1405,311.7310877872495,311.7310877872495,149395.57664309305,386.5172397747519,0,57833,307.862359939134,146084.15866648222,382.209574273699,0
1406,313.5241989867377,313.5241989867377,151220.49454463716,388.87079415229573,0,57833,309.0039424540047,147291.26068612532,383.7854357399787,0
1407,321.7905175245967,321.7905175245967,156090.8413362613,395.0833346729033,0,57833,317.4606446258127,152298.21980910221,390.2540452181146,0
1408,312.13345321875056,312.13345321875056,150223.09034634204,387.58623601250605,0,57833,311.7113708673399,148968.24380965554,385.96404471097503,0
1409,325.9071810212163,325.9071810212163,159062.34623830684,398.82621057085356,0,57833,324.2441554848527,156851.02171807995,396.04421687240927,0
1410,317.2886414330918,317.2886414330918,153332.85954385906,391.5773991739807,0,57833,312.71697330197816,149376.82971365334,386.49298792300664,0
1411,326.9719883111718,326.9719883111718,160025.8715093459,400.0323380794931,0,57833,322.5437819892101,155927.46631622632,394.8765203405063,0
1412,327.5174554320198,327.5174554320198,159961.1427212837,399.95142545224627,0,57833,323.2878683082031,156086.71475999447,395.07811222591727,0
1413,340.840765652828,340.840765652828,168486.4118064081,410.47096341447605,0,57833,336.9248167104717,164701.06397842025,405.8337886110769,0
1414,316.97767710476717,316.97767710476717,153129.34106824824,391.3174428366927,0,57833,312.5767741043021,149206.3337252732,386.27235692613726,0
1415,321.3056213580482,321.3056213580482,155795.57017619698,394.70947566051285,0,57833,316.92620002766637,151855.09316641305,389.6858903866203,0
1416,319.36712603530856,319.36712603530856,154631.0273200422,393.2315187266176,0,57833,314.9525522202241,150697.01646147462,388.19713608097965,0
1417,312.3350163401518,312.3350163401518,150237.59568066674,387.6049479568943,0,57833,313.9968875363121,150203.47122700236,387.5609258258659,0
1418,325.53516158594573,325.53516158594573,158485.52464855704,398.102404725916,0,57833,321.9205975930281,155052.6425508369,393.76724413139914,0
1419,321.0118617398371,321.0118617398371,155598.08017913648,394.4592249892712,0,57833,316.66191727763174,151753.13390510445,389.55504605267845,0
1420,319.09610430031296,319.09610430031296,154520.24703888784,393.09063463645106,0,57833,314.5886014663162,150488.5096140545,387.9284851800065,0
1421,331.0395448965124,331.0395448965124,162161.23797831687,402.69248562434944,0,57833,326.89839535205425,158191.1453174713,397.7325047283303,0
1422,311.0783462728892,311.0783462728892,149369.75719744782,386.4838382098892,0,57833,306.5637709226726,145463.3577949924,381.3965885990492,0
1423,314.27814569536423,314.27814569536423,151102.98352151885,388.71967215657975,0,57833,311.61467699543505,148334.55934430764,385.1422585802649,0
1424,319.7898431691249,319.7898431691249,154709.7007590822,393.33154050887174,0,57833,315.937889057961,151203.56397842025,388.84902465921175,0
1425,315.51636608856535,315.51636608856535,152553.41742603705,390.5808718127874,0,57833,306.7546686955319,145914.06384008852,381.9869943336926,0
1426,321.65303546418136,321.65303546418136,156502.00318157455,395.60334071083696,0,57833,316.38968045372803,151931.82182874533,389.78432732569604,0
1427,337.8611692286411,337.8611692286411,166837.6496291045,408.45764728929305,0,57833,336.2612394522064,164623.16952552221,405.7378088439901,0
1428,332.1707848460222,332.1707848460222,162688.0028530424,403.34600884729525,0,57833,328.2256882003043,159215.01265735234,399.0175593346142,0
1429,330.0542250963982,330.0542250963982,161415.71860356544,401.7657509091155,0,57833,325.8604924609213,157505.52503804123,396.869657492282,0
1430,313.76442515518823,313.76442515518823,150778.97331973095,388.30268260692065,0,57833,309.4523447226449,147041.63701756814,383.46008529906754,0
1431,321.3496792488717,321.3496792488717,155966.62594020716,394.92610187249863,0,57833,316.88995711716694,152015.40178447918,389.891525663843,0
1432,337.19262358860857,337.19262358860857,166109.9110023689,407.5658364023767,0,57833,333.3140130031816,162338.9695670217,402.9131042383974,0
1433,314.24562101222483,314.24562101222483,150981.46942057303,388.563340294183,0,57833,309.9816018813114,147290.07082584038,383.783885573431,0
1434,315.59502360244153,315.59502360244153,152407.16132657827,390.39359795798174,0,57833,311.0608659565638,148481.41236685571,385.3328591839213,0
1435,313.692182663877,313.692182663877,150859.69076478828,388.4066049448545,0,57833,309.2710610042883,147058.45338221054,383.48201181047665,0
1436,328.8531288364774,328.8531288364774,160890.89659882765,401.1120748604156,0,57833,320.4876884769678,154334.36097662195,392.85412175083763,0
1437,312.96856466031505,312.96856466031505,150599.4750229108,388.07148184697985,0,57833,305.71890994605064,144985.4634112602,380.7695673386467,0
1438,321.29075095533693,321.29075095533693,155749.02277246554,394.650507123031,0,57833,317.00643242495505,151855.17229215658,389.6859919116372,0
1439,320.92099666280495,320.92099666280495,155392.5313229471,394.19859376074277,0,57833,316.7089500622493,151567.71683497026,389.316987601325,0
1440,333.59606107239813,333.59606107239813,163519.75399858213,404.37575842102865,0,57833,329.6245677133767,159823.5109973717,399.779327876482,0
1441,317.4562619957464,317.4562619957464,153087.45193920427,391.2639159687541,0,57833,313.0944113985337,149249.26054779362,386.3279184161994,0
1442,342.8346791624159,342.8346791624159,170349.60659139245,412.73430508184373,0,57833,339.2109558721815,166639.9822935399,408.21560760649504,0
1443,314.4946310929746,314.4946310929746,151768.4736050352,389.5747343001535,0,57833,312.76525107207084,149542.37778392585,386.70709559552415,0
1444,329.30416890010895,329.30416890010895,160950.8665640724,401.18682252047165,0,57833,327.1193111080371,158289.78662332273,397.8564899851738,0
1445,314.9057804367749,314.9057804367749,151883.51197413242,389.7223524178879,0,57833,311.71704246783787,148890.54523447226,385.8633763840153,0
1446,324.2111943008317,324.2111943008317,158073.24326941365,397.58425933305466,0,57833,320.1495365887398,154244.30446811454,392.73948676968365,0
1447,319.73866131793267,319.73866131793267,154801.1284906541,393.4477455656013,0,57833,315.4361599114677,150926.20583759857,388.492221077332,0
1448,324.0636141995055,324.0636141995055,157894.66731796725,397.35961963688163,0,57833,319.745884631346,153822.5690966939,392.20220434961084,0
1449,320.4023308491692,320.4023308491692,155397.42565663203,394.2048016661289,0,57833,316.0287729976484,151418.97413196845,389.1259103837323,0
1450,315.2684972247679,315.2684972247679,151915.287379178,389.76311700721243,0,57833,310.9282750034583,148054.7772167658,384.7788679446492,0
1451,317.96425915999515,317.96425915999515,153844.5863607283,392.23027211158535,0,57833,313.70936505740764,149977.55415686817,387.269356077741,0
1452,320.5513115349368,320.5513115349368,155171.6358134629,393.9183110918594,0,57833,316.23495642550836,151388.25100290496,389.0864312757578,0
1453,325.7053585323258,325.7053585323258,158267.45650407206,397.8284259628415,0,57833,321.53223129063497,154459.22153824873,393.0130042864342,0
1454,315.7856587069666,315.7856587069666,152625.44792765376,390.673070389621,0,57833,311.2570203347628,148615.81601881312,385.50721915265495,0
1455,316.0745940898795,316.0745940898795,152543.4020714817,390.56805050014225,0,57833,311.76836353575874,148704.74208050905,385.6225383461255,0
1456,324.11661162312174,324.11661162312174,157392.2164508153,396.7268789114437,0,57833,319.9867893207913,153682.2490662609,392.02327617918417,0
1457,334.4351494821296,334.4351494821296,164154.38770252277,405.1597064152885,0,57833,330.4081477382764,160348.27451929727,400.43510650203643,0
1458,319.86004530285476,319.86004530285476,154924.13950512683,393.6040389847732,0,57833,305.6375017291465,145099.38117305297,380.9191268144105,0
1459,313.6929088928466,313.6929088928466,150739.69602130272,388.25210369205047,0,57833,309.18958362152443,146898.8603541292,383.2738712123867,0
1460,307.1335569657462,307.1335569657462,147101.60487956702,383.5382704236528,0,57833,302.3805505602435,143126.72167658043,378.3209241855127,0
1461,321.5751560527726,321.5751560527726,156266.3616966092,395.30540307034664,0,57833,316.7247890441278,152020.68743947987,389.89830397102253,0
1462,324.73316272716266,324.73316272716266,158194.12620822023,397.7362520668945,0,57833,322.19276525107205,155341.51452483053,394.1338789356106,0
1463,316.0681444849826,316.0681444849826,152504.85558418205,390.51870068433607,0,57833,311.60872873149816,148618.53638124221,385.5107474263749,0
1464,316.87220099251294,316.87220099251294,153132.6633237079,391.3216877758092,0,57833,312.4529672153825,149255.25653617375,386.3356785700406,0
1465,316.45629657807825,316.45629657807825,152583.25220894645,390.61906278233073,0,57833,312.1187577811592,148794.1253977037,385.7384157660521,0
1466,329.10210433489533,329.10210433489533,160767.94691612056,400.9587845603592,0,57833,325.11495365887396,157016.74989625122,396.25339102176935,0
1467,330.3656562862034,330.3656562862034,161894.5570694932,402.36122709512307,0,57833,318.58078572416656,153157.43844238485,391.3533421888522,0
1468,313.41210035792716,313.41210035792716,150891.8144312071,388.44795588496424,0,57833,308.46057545995296,146671.00145248306,382.9765024808742,0
1469,304.4278526101015,304.4278526101015,145504.57873532412,381.4506242429341,0,57833,299.6879928067506,141621.44134735095,376.32624323497686,0
1470,322.36577732436496,322.36577732436496,156609.6315944184,395.73934804921583,0,57833,320.76504357449164,154528.15043574493,393.10068740177104,0
1471,318.29541957014163,318.29541957014163,153796.81740528764,392.16937336473336,0,57833,315.6482916032646,151026.1659288975,388.6208511247145,0
1472,315.82375114553975,315.82375114553975,152101.39793889303,390.001792225232,0,57833,311.4608521233919,148317.56224927376,385.12019195216675,0
1473,342.3109816194906,342.3109816194906,169542.52850448707,411.75542316342,0,57833,338.68730114815327,165854.66378475583,407.2525798380605,0
1474,317.09231753497136,317.09231753497136,152772.03430567324,390.86063284203135,0,57833,312.3698990178448,148682.22561903443,385.59334229085755,0
1475,336.1669462071828,336.1669462071828,165408.41721854304,406.7043363655507,0,57833,325.44743394660395,157118.17713376676,396.38135316102694,0
1476,324.9063683364169,324.9063683364169,158277.23241056144,397.84071235930776,0,57833,326.4894867893208,158115.32971365334,397.63718351488876,0
1477,311.56704649594525,311.56704649594525,149884.20159770374,387.1488106629074,0,57833,316.8495642550837,152139.86408908563,390.0511044582307,0
1478,306.12167793474316,306.12167793474316,146352.6225684298,382.5606129339896,0,57833,301.3038456218011,142348.08362152442,377.2904499474171,0
1479,315.44939740286685,315.44939740286685,151827.78709387375,389.65085280783586,0,57833,311.0165306404759,147968.6215935814,384.66689692977405,0
1480,327.11846177787766,327.11846177787766,159623.54019331525,399.5291481147718,0,57833,322.93000414995157,155653.39922534238,394.529338865112,0
1481,315.78463852817595,315.78463852817595,152761.55684470804,390.8472295471826,0,57833,307.1189652787384,145947.0213030848,382.0301314073077,0
1482,311.01907215603546,311.01907215603546,149262.84543426763,386.3455000828502,0,57833,306.26573523308895,145282.01535482085,381.15877971630255,0
1483,320.5342278629848,320.5342278629848,155966.5927065862,394.92605979675005,0,57833,316.1386775487619,151971.35406003596,389.8350344184524,0
1484,337.03442671139317,337.03442671139317,166116.01943527051,407.5733301324689,0,57833,335.2593719739936,163637.0987688477,404.5208261249941,0
1485,341.58909273252294,341.58909273252294,168952.7613646188,411.03863731359706,0,57833,338.1429658320653,165430.7059759303,406.7317371141946,0
1486,321.9299880690955,321.9299880690955,156583.78280566458,395.7066878455109,0,57833,316.23592474754463,151663.89424540047,389.4404887083526,0
1487,326.7581830442827,326.7581830442827,159373.9036882057,399.21661249026914,0,57833,320.3532992115092,154081.30308479734,392.5319134602909,0
1488,312.8863278750886,312.8863278750886,150729.83713450798,388.23940698299543,0,57833,308.1238760547794,146604.68660948955,382.88991447867824,0
1489,348.6701018449674,348.6701018449674,174132.56303494546,417.2919398154552,0,57833,346.05581684880343,171074.47994190067,413.6115084737134,0
1490,307.72436152369755,307.72436152369755,147191.143689589,383.6549800140603,0,57833,303.25390787107483,143485.73115230323,378.7951044460623,0
1491,313.85663894316394,313.85663894316394,151203.127435893,388.8484633323025,0,57833,309.27714759994467,147319.74291049936,383.82254090985765,0
1492,310.2787163038404,310.2787163038404,149090.25226081995,386.12206911910636,0,57833,302.49467422880065,143312.75653617375,378.5667134550709,0
1493,316.6684246018709,316.6684246018709,152846.29607663443,390.9556190626174,0,57833,310.76331442799835,148058.50269746853,384.78370898138155,0
1494,325.8323275638476,325.8323275638476,158756.3661750212,398.44242516958604,0,57833,333.1823903721123,162120.35834831928,402.6417245496538,0
1495,306.5669081666177,306.5669081666177,146717.5036052081,383.03720916538657,0,57833,308.18944528980495,146710.10022133077,383.027544990345,0
1496,306.3665554268324,306.3665554268324,146313.77820621445,382.5098406658507,0,57833,302.1021579748236,142732.053741873,377.79895942402095,0
1497,307.30268185983783,307.30268185983783,147062.1663755987,383.48685293709707,0,57833,302.49031677963757,142999.59752386223,378.15287586353514,0
1498,315.8247540331645,315.8247540331645,152096.54793975758,389.9955742566287,0,57833,312.31380550560243,148762.45559551805,385.697362702311,0
1499,322.9242992755002,322.9242992755002,156728.81090380924,395.889897451058,0,57833,319.7894591229769,153586.47641444183,391.90110540089296,0
1500,309.22008196012655,309.22008196012655,148152.93138865352,384.9063930212819,0,57833,304.7271406833587,144330.5823073731,379.90864995071263,0
1501,316.8175436169661,316.8175436169661,153389.21198969448,391.6493482564403,0,57833,312.2414580163231,149283.43733573108,386.37214875781495,0
1502,325.4829422647969,325.4829422647969,158646.39944322445,398.3044055031584,0,57833,321.1505740766358,154675.2954073869,393.28780226112644,0
1503,307.43860771531826,307.43860771531826,147055.70762367506,383.4784317581304,0,57833,302.62339189376127,143085.06550006918,378.26586615774517,0
1504,307.0019539017516,307.0019539017516,146815.34196738887,383.164901794761,0,57833,302.1550006916586,142776.862429105,377.85825706090503,0
1505,313.2335344872305,313.2335344872305,150833.64112185084,388.3730695115855,0,57833,308.7110250380412,146961.3675473786,383.3554063103566,0
1506,316.82573962962323,316.82573962962323,152824.74135873982,390.9280513838062,0,57833,312.35973163646423,148958.3976345276,385.951289199204,0
1507,338.6689433368492,338.6689433368492,167124.38924143655,408.8084994730865,0,57833,333.5771890994605,162475.4239175543,403.0824033836683,0
1508,336.2116265799803,336.2116265799803,165319.597686442,406.5951274750375,0,57833,332.0279430073316,161390.36408908563,401.7341958174405,0
1509,338.54119620285996,338.54119620285996,167110.58176127815,408.79161165718426,0,57833,335.3490109282058,163746.24138885047,404.6557072238701,0
1510,316.04723946535717,316.04723946535717,152124.1306866322,390.0309355507999,0,57833,310.2148291603265,147437.30446811454,383.9756560878756,0
1511,311.1780644268843,311.1780644268843,149665.17854857954,386.8658405036293,0,57833,306.4606446258127,145674.38829713652,381.6731432746304,0
1512,325.08994864523714,325.08994864523714,158288.43153562845,397.85478699599486,0,57833,320.8368377368931,154313.37024484714,392.8274051601379,0
1513,322.85731329863575,322.85731329863575,156655.4653744402,395.79725286368546,0,57833,318.5054641029188,152810.08576566607,390.90930631754736,0
1514,312.6557155949026,312.6557155949026,150099.05299742363,387.4261903865349,0,57833,305.3794439064878,144494.8771614331,380.1248178709634,0
1515,308.71730672799265,308.71730672799265,147664.0265938132,384.2707724948818,0,57833,302.24913542675336,142604.3625674367,377.6299280611068,0
1516,307.694620718275,307.694620718275,146994.9667317967,383.3992263056835,0,57833,303.0901231152303,143166.37024484714,378.37332126465674,0
1517,305.03238635381183,305.03238635381183,145520.90045475768,381.4720179184283,0,57833,300.38359385807166,141714.99087010653,376.4505158319039,0
1518,331.3661058565179,331.3661058565179,162237.03197136582,402.7865836536339,0,57833,327.28192004426614,158329.95324387882,397.90696556340754,0
1519,319.0408244427922,319.0408244427922,153847.36306261132,392.2338117279173,0,57833,314.709019228109,150057.39154793194,387.3724197047745,0
1520,319.9703456504072,319.9703456504072,155122.4209534349,393.8558377800625,0,57833,315.4715728316503,151200.28897496196,388.8448134859998,0
1521,353.46371448826795,353.46371448826795,176934.760551934,420.6361379529034,0,57833,350.1534790427445,173399.37923640892,416.4125109028413,0
1522,315.15074438469384,315.15074438469384,151637.44123597254,389.40652438803914,0,57833,310.79561488449303,147807.04336699404,384.45681599757603,0
1523,333.1855342105718,333.1855342105718,163374.70356025107,404.19636757429066,0,57833,329.1662055609351,159437.67734126435,399.29647799757055,0
1524,336.7054622793215,336.7054622793215,165654.37087821832,407.006598077007,0,57833,332.8142205007608,161827.60298796513,402.27801703295336,0
1525,322.22518285407983,322.22518285407983,156661.65056282745,395.80506636831655,0,57833,317.13501175819613,152305.10831373633,390.26287078549547,0
1526,319.4286480037349,319.4286480037349,154274.06651911538,392.77737526379417,0,57833,315.15749066260895,150523.61979526904,387.9737359606563,0
1527,323.6656753064859,323.6656753064859,157447.78688637976,396.79690886696653,0,57833,319.24830543643657,153331.33019781436,391.57544636738186,0
1528,309.3408088807428,309.3408088807428,148214.29963861464,384.98610317596484,0,57833,304.87052151058236,144425.36422741733,380.0333725180163,0
1529,316.90929054346134,316.90929054346134,152772.76719174173,390.8615703695385,0,57833,312.61322451238067,148977.90925439203,385.97656568034284,0
1530,312.39660747324194,312.39660747324194,149936.39657289092,387.2162142432712,0,57833,307.93194079402406,146095.7653894038,382.22475768767754,0
1531,318.9027717739007,318.9027717739007,154305.86544014662,392.81785275130585,0,57833,313.91596348042606,150042.40468944528,387.3530749709434,0
1532,314.3847111510729,314.3847111510729,151228.03003475524,388.88048296971044,0,57833,308.3532992115092,146402.29879651405,382.6255333828547,0
1533,332.2213787975723,332.2213787975723,162680.80045994502,403.33708044258094,0,57833,328.0921289251625,158898.26213860838,398.6204487210966,0
1534,315.2119896944651,315.2119896944651,151991.55490809746,389.8609430400761,0,57833,307.73537142066675,146311.08286069997,382.5063174127977,0
1535,323.6604015008732,323.6604015008732,157043.36697041482,396.28697552457464,0,57833,319.4264766911053,153155.88795130723,391.3513612488236,0
1536,310.11951653900024,310.11951653900024,148902.32196150988,385.87863631135355,0,57833,302.11855028358,142845.8499100844,377.9495335492351,0
1537,317.12862898345236,317.12862898345236,153547.60838967373,391.8515131904861,0,57833,308.00463411260205,146631.01666897218,382.92429626359854,0
1538,320.17958604948734,320.17958604948734,155115.64075873635,393.84723022859555,0,57833,318.14427998340017,152665.39894867892,390.7241980587828,0
1539,334.922812235229,334.922812235229,164114.60271817129,405.11060553652663,0,57833,323.7382763867755,155908.6581823212,394.85270441307756,0
1540,313.1758338664776,313.1758338664776,150342.47478083448,387.74021558362307,0,57833,304.96140545026975,144215.71199336008,379.7574383647542,0
1541,305.842598516418,305.842598516418,145902.02159666625,381.971231373079,0,57833,301.1254668695532,141977.1209019228,376.7985149943174,0
1542,323.23384572821743,323.23384572821743,156746.41213494027,395.9121267843917,0,57833,319.0162539770369,152971.31975376955,391.1154813527196,0
1543,321.33904518181663,321.33904518181663,156133.04461120814,395.1367416619317,0,57833,316.87480979388573,152189.87411813528,390.11520621238964,0
1544,309.25246831393844,309.25246831393844,147878.63738695902,384.54991533864495,0,57833,304.77749342924335,144125.62698851846,379.6388112252466,0
1545,329.1963584804523,329.1963584804523,160688.34891843758,400.8595126954549,0,57833,320.90372112325355,154259.5321621248,392.75887279872467,0
1546,322.80414296336,322.80414296336,156733.9066277039,395.8963331829481,0,57833,318.0782265873565,152525.3665098907,390.54496093265715,0
1547,343.63384226998426,343.63384226998426,170030.1528193246,412.3471266049087,0,57833,339.9248858763314,166288.6942869,407.78510797587984,0
1548,329.7935607698027,329.7935607698027,160917.86995314094,401.1456966653649,0,57833,325.67616544473645,157128.54419698438,396.39443007815385,0
1549,323.33112582781456,323.33112582781456,156924.9192156727,396.13750039054963,0,57833,319.2220915755983,153129.98499100844,391.3182655984875,0
1550,326.81316895198245,326.81316895198245,159557.21525772483,399.44613561495976,0,57833,322.5157698160188,155641.64096002214,394.5144369475243,0
1551,327.64577317448516,327.64577317448516,159415.26657790533,399.2684142001535,0,57833,323.44369899017846,155588.5503527459,394.44714519533017,0
1552,325.4395068559473,325.4395068559473,158202.28089499075,397.7465033095712,0,57833,321.27943007331584,154395.7122700235,392.9321980571502,0
1553,329.23586879463284,329.23586879463284,160601.85133055522,400.7516080199245,0,57833,323.1951860561627,155595.4291049938,394.45586458435855,0
1554,325.2645721300987,325.2645721300987,158121.38716649663,397.64480025079746,0,57833,321.05450269746854,154304.9075944114,392.8166335510901,0
1555,323.4795359051061,323.4795359051061,157000.0903290509,396.232369108142,0,57833,318.212892516254,152627.33296444875,390.67548293238053,0
1556,321.61311016201824,321.61311016201824,155994.1203292238,394.9609098749189,0,57833,317.1779637570895,151967.6777562595,389.83031918548807,0
1557,321.1459374405616,321.1459374405616,155801.37618660627,394.7168303817387,0,57833,316.78261170286345,151826.33400193663,389.648988195705,0
1558,316.9699479535905,316.9699479535905,153368.00966576175,391.6222793276217,0,57833,312.4414165168073,149325.42066675887,386.42647511106026,0
1559,314.78870195217263,314.78870195217263,151672.5729082012,389.4516310252163,0,57833,310.3159496472541,147754.89237792225,384.3889857656203,0
1560,315.1619317690592,315.1619317690592,151708.6194733111,389.4979068920796,0,57833,310.7094342232674,147875.6542398672,384.5460365676224,0
1561,328.0711704390227,328.0711704390227,159757.9318728062,399.69730030712765,0,57833,323.8679623737723,155862.076428275,394.7937137648914,0
1562,312.9165874154894,312.9165874154894,150344.96680096138,387.7434290880522,0,57833,308.410568543367,146435.48844930143,382.6689018581225,0
1563,313.164421696955,313.164421696955,150766.81216606437,388.2870229174088,0,57833,308.5622492737585,146704.7885599668,383.02061114249034,0
1564,309.34653225667006,309.34653225667006,148225.69083395295,385.0008971859065,0,57833,304.73599391340434,144236.6578364919,379.7850152869277,0
1565,312.5939342589871,312.5939342589871,150263.38362180762,387.63821228280324,0,57833,308.18743947987275,146441.01729146493,382.67612584464285,0
1566,332.3683537080905,332.3683537080905,162547.04672073037,403.1712374670723,0,57833,328.2400746991285,158707.91347350948,398.38161789107374,0
1567,326.3587052374942,326.3587052374942,159187.29560977296,398.982826209065,0,57833,322.0470327846175,155129.89154793194,393.86532158585874,0
1568,337.4692995348676,337.4692995348676,166295.553715007,407.7935184808692,0,57833,333.5777424263384,162457.6066537557,403.06030151052545,0
1569,307.8414918817976,307.8414918817976,147086.1300814414,383.5180961590227,0,57833,303.1482224374049,143071.31090053948,378.2476845937586,0
1570,323.32260128300453,323.32260128300453,156549.86803382152,395.66383210222983,0,57833,319.441485682667,153031.1951168903,391.1920182172565,0
1571,318.0909515328619,318.0909515328619,153190.64340428475,391.3957631404366,0,57833,313.879374740628,149477.99764836076,386.62384516266036,0
1572,323.100963117943,323.100963117943,156388.86639116076,395.4603221451689,0,57833,318.8470742841333,152525.21199336008,390.5447631109142,0
1573,319.1911711306693,319.1911711306693,154109.9810661733,392.5684412509152,0,57833,313.15804398948677,149269.05540185363,386.3535368051568,0
1574,312.96486435080317,312.96486435080317,150437.00051873497,387.86208956114154,0,57833,307.42910499377507,145895.45220639094,381.9626319502877,0
1575,314.07988518665815,314.07988518665815,151533.0114294607,389.27241288005587,0,57833,315.82106792087427,151366.80792640752,389.05887462748814,0
1576,323.01492227620906,323.01492227620906,157037.99180398733,396.28019355499885,0,57833,318.6982293539909,153046.97018951445,391.21218052294137,0
1577,320.70129510832913,320.70129510832913,155097.66690297925,393.82441125834146,0,57833,319.34154101535484,153239.45594134735,391.45811518136566,0
1578,315.1941452112116,315.1941452112116,151493.56286203378,389.2217399658372,0,57833,310.02323972886984,147259.82459537973,383.74447826044315,0
1579,333.40283229298154,333.40283229298154,163770.70319713658,404.68593155326835,0,57833,329.6215935814082,160081.01556231844,400.10125663676496,0
1580,327.3417598948697,327.3417598948697,159713.8183390106,399.642112819721,0,57833,323.2119241942177,155857.30612809517,394.7876722088662,0
1581,320.4431725831273,320.4431725831273,155360.900385593,394.158471157976,0,57833,316.1375708950062,151445.10852123392,389.15948982548775,0
1582,308.27105631732746,308.27105631732746,147769.08294572303,384.4074439260028,0,57833,303.4688753631208,143707.7808133905,379.0880910994046,0
1583,310.6309373541058,310.6309373541058,149178.63795756747,386.236505210949,0,57833,306.08777147599943,145193.7437404897,381.04296836510406,0
1584,342.6706205799457,342.6706205799457,169444.07314163193,411.63585016569186,0,57833,338.9264766911053,165664.08832480287,407.0185356034819,0
1585,309.19860633202495,309.19860633202495,147707.05287638545,384.32675274613064,0,57833,304.57207082584034,143780.98665098907,379.18463398585794,0
1586,330.94003423650855,330.94003423650855,161400.71549115557,401.74707900762087,0,57833,326.8486650989072,157671.10070549176,397.0782047726767,0
1587,305.24349419881383,305.24349419881383,145834.1689174001,381.8824019477725,0,57833,300.23267395213725,141688.35855581684,376.4151412414448,0
1588,325.53784171666695,325.53784171666695,158509.68751404906,398.13275111958455,0,57833,321.24830543643657,154567.1066537557,393.15023420284984,0
1589,331.17647363961754,331.17647363961754,162166.65486832778,402.69921140763086,0,57833,327.05567851708395,158268.59973716974,397.82986280214027,0
1590,309.0793837428458,309.0793837428458,147730.318537859,384.3570196287028,0,57833,304.47862774934293,143734.90233780607,379.1238614724825,0
1591,320.3153044109764,320.3153044109764,155000.44574896686,393.7009598019376,0,57833,315.95787799142346,151047.33884354684,388.6480912645099,0
1592,346.95480089222417,346.95480089222417,172340.87747479812,415.1395879397653,0,57833,343.4119518605616,168663.0063632591,410.6860191962457,0
1593,330.178150882714,330.178150882714,161309.55916172426,401.63361308750575,0,57833,325.84078019089776,157280.49259925302,396.5860469043925,0
1594,325.24105614441584,325.24105614441584,158189.40974875935,397.730322893238,0,57833,321.70272513487345,154752.72126158528,393.3862240363601,0
1595,309.8828869330659,309.8828869330659,148324.0150260232,385.12856947521203,0,57833,305.06681422050076,144277.50975238622,379.8387944278286,0
1596,310.13585669081664,310.13585669081664,148486.98066847646,385.3400844299441,0,57833,305.6563148429935,144669.0693733573,380.35387387715315,0
1597,349.417028340221,349.417028340221,174200.33726419174,417.37313912635983,0,57833,346.0306404758611,170658.9919075944,413.1089346741297,0
1598,328.74308785641415,328.74308785641415,160624.95103141805,400.78042745550596,0,57833,324.5116198644349,156734.69283441693,395.8973261268847,0
1599,325.0808016184531,325.0808016184531,158059.0722943648,397.56643758542396,0,57833,320.9219809102227,154215.2203624291,392.7024578003416,0
1600,317.97143499386164,317.97143499386164,153978.23135580032,392.40060060580987,0,57833,313.33808272236826,149869.18384285516,387.12941485097093,0
1601,319.7325229540228,319.7325229540228,154663.34713744748,393.27261173065114,0,57833,315.32563286761655,150684.59081477384,388.18113145125153,0
1602,350.60593432815176,350.60593432815176,174833.3966247644,418.1308367302804,0,57833,347.31318301286484,171347.52496887537,413.94145113635983,0
1603,313.3609185067349,313.3609185067349,150845.0719831238,388.3877855740623,0,57833,308.79353990870106,146801.06342509337,383.14626896929764,0
1604,329.79074230975397,329.79074230975397,161311.61126000725,401.6361677687995,0,57833,325.65852815050494,157425.572485821,396.76891572528837,0
1605,328.46627358082753,328.46627358082753,160206.46551276953,400.25799868680895,0,57833,324.32418038456217,156277.4232258957,395.31939394102045,0
1606,317.11877301886466,317.11877301886466,152659.912990853,390.71717775246714,0,57833,312.79941900677824,148865.3708673399,385.8307541751174,0
1607,328.09274981411994,328.09274981411994,159873.36956408972,399.84168062383105,0,57833,323.890717941624,156035.49495089223,395.0132845245742,0
1608,321.0886518077914,321.0886518077914,155502.47823906766,394.33802535270127,0,57833,315.043297828192,150741.00677825426,388.2537917113679,0
1609,318.0858679300745,318.0858679300745,154118.5264468383,392.5793250374226,0,57833,313.50636325909534,150011.57594411398,387.3132788120154,0
1610,323.6748396244359,323.6748396244359,157203.73418290596,396.48926111927165,0,57833,319.351293401577,153190.32694701894,391.3953588726097,0
1611,310.34380025245105,310.34380025245105,148907.1290612626,385.88486503264494,0,57833,305.66060312629685,144894.29831235303,380.6498368741973,0
1612,321.7474106479,321.7474106479,156032.07123960368,395.0089508347927,0,57833,317.3742564670079,152014.08320652926,389.889834705304,0
1613,321.3019210485363,321.3019210485363,156005.05562568083,394.9747531497182,0,57833,316.82369622354406,151914.78233503943,389.7624691206677,0
1614,324.5871561219373,324.5871561219373,157837.653433161,397.28787224525365,0,57833,320.29658320652925,153897.39424540047,392.29758378735966,0
1615,340.53882731312575,340.53882731312575,168118.71965832656,410.02282821609646,0,57833,336.81256052012725,164426.4890026283,405.4953624921354,0
1616,324.6954852765722,324.6954852765722,158272.24809364896,397.83444809826227,0,57833,320.4306958085489,154298.82300456494,392.8088886526945,0
1617,331.98203447858486,331.98203447858486,162841.18702125084,403.53585593011536,0,57833,327.88988795130723,158877.51722229907,398.5944269834929,0
1618,317.3743537426729,317.3743537426729,153330.6610931475,391.5745919912929,0,57833,312.7878683082031,149257.64621662747,386.3387713091031,0
1619,319.2270330088358,319.2270330088358,154463.20306745285,393.01806964496285,0,57833,314.85578918245955,150493.88207220915,387.93540966533226,0
1620,308.4664119101551,308.4664119101551,147762.60097176352,384.39901270914254,0,57833,303.665721399917,143742.1027113017,379.1333574236138,0
1621,306.9965244756454,306.9965244756454,146845.8023965556,383.2046481927843,0,57833,302.3331027804676,142859.72181491216,377.9678846342797,0
1622,340.72085141701103,340.72085141701103,168398.4513167223,410.36380361421044,0,57833,335.3780605892931,163585.0683358694,404.4565098201158,0
1623,324.5051441218681,324.5051441218681,157594.03019037575,396.9811458877811,0,57833,318.94328399502007,152916.83898187854,391.0458272145076,0
1624,330.9915619110197,330.9915619110197,161891.52658516765,402.3574612023091,0,57833,327.7281781712547,158516.97966523725,398.1419089536258,0
1625,333.8232151193955,333.8232151193955,163669.0824615704,404.56035700692473,0,57833,330.25515285655,160075.3974961959,400.09423576976945,0
1626,329.1350267148514,329.1350267148514,160645.56364013624,400.8061422185746,0,57833,325.0486927652511,156856.24968875363,396.05081705351097,0
1627,350.4548787024709,350.4548787024709,174539.87330762713,417.7796947047895,0,57833,347.00663992253425,170896.5003458293,413.3962993857459,0
1628,321.6535023256618,321.6535023256618,155413.72605605796,394.22547616314444,0,57833,317.4533822105409,151760.06951168904,389.56394791059535,0
1629,312.7700447841198,312.7700447841198,150557.45207753358,388.0173347642262,0,57833,308.18591783095866,146548.43159496473,382.8164463485924,0
1630,321.2790967094911,321.2790967094911,155883.85859284492,394.82129956835524,0,57833,316.911606031263,151897.3227279015,389.7400707239397,0
1631,338.3856794563657,338.3856794563657,166854.72742206007,408.4785519731239,0,57833,334.3797205699267,162900.24429381656,403.60902404903754,0
1632,324.1169401552747,324.1169401552747,157420.3186934795,396.76229494935563,0,57833,319.8979111910361,153497.07096417208,391.7870224550222,0
1633,315.37853820483116,315.37853820483116,151285.77032144277,388.9547150009147,0,57833,311.03942454004704,147519.23696223545,384.0823309685509,0
1634,314.9776079401034,314.9776079401034,151749.30901042657,389.55013670954673,0,57833,310.5397703693457,147915.23364227416,384.597495626628,0
1635,323.19208756246434,323.19208756246434,156839.16321131535,396.02924539901767,0,57833,318.81207635910914,152795.56294093234,390.89073018035657,0
1636,314.5633807687652,314.5633807687652,151634.76305915308,389.4030855799079,0,57833,309.98049522755565,147534.05298104856,384.1016180401334,0
1637,317.84878875382566,317.84878875382566,153451.46786436808,391.7288192925919,0,57833,313.3950753907871,149489.77977590263,386.6390820596162,0
1638,326.95471443639445,326.95471443639445,159181.8554458527,398.97600860935574,0,57833,323.17319131276804,155492.54765527736,394.3254336905969,0
1639,316.1860529455501,316.1860529455501,152774.90975740494,390.8643111840795,0,57833,315.9562871766496,151257.84728178172,388.9188183693118,0
1640,329.2053844690748,329.2053844690748,160744.63930627843,400.9297186618603,0,57833,325.0761516115645,156893.82632452622,396.09825337222355,0
1641,311.7397506613871,311.7397506613871,149199.7282693272,386.2638065743763,0,57833,307.52476137778393,145610.37882141376,381.589280275814,0
1642,312.2435287811457,312.2435287811457,149776.25165562914,387.00936895071305,0,57833,307.53997786692486,145676.9476414442,381.6764960558145,0
1643,325.79923227223213,325.79923227223213,158388.97586153235,397.9811250066168,0,57833,322.23682390372113,154868.93567575046,393.5339066405212,0
1644,315.72640188127883,315.72640188127883,152286.32581743988,390.2388061398301,0,57833,316.7756951168903,151728.03133213447,389.52282517477005,0
1645,310.3968322583992,310.3968322583992,148624.33579444262,385.51826908000436,0,57833,305.93159496472543,144740.30495227556,380.447506171713,0
1646,320.1581277125517,320.1581277125517,155573.53242958174,394.42810806227,0,57833,315.6617789459123,151534.07788075806,389.2737826784101,0
1647,331.8293189009735,331.8293189009735,162602.78306503207,403.24035396402485,0,57833,328.34098768847696,159094.9424540047,398.8670736649049,0
1648,315.2947279235039,315.2947279235039,152274.97809209276,390.2242664059896,0,57833,317.1341817678794,152273.09558721815,390.2218543177946,0
1649,311.26621479086333,311.26621479086333,149494.34293569415,386.64498307322464,0,57833,306.68896112878684,145532.99591921427,381.4878712609541,0
1650,312.52020472740475,312.52020472740475,149979.55034322964,387.27193332751295,0,57833,308.0881864711578,146081.22305989763,382.20573394429556,0
1651,323.9652620476199,323.9652620476199,157451.05453633738,396.8010263801461,0,57833,319.68743947987275,153507.6236685572,391.8004896226614,0
1652,308.29668182525546,308.29668182525546,147522.98037452664,384.0872041275609,0,57833,303.61011204869277,143486.37522478905,378.7959546045721,0
1653,316.50785883492125,316.50785883492125,153214.88518665812,391.4267302914533,0,57833,317.1473232812284,152131.14151334902,390.03992297372463,0
1654,323.6486089256999,323.6486089256999,157282.64831497587,396.5887647361885,0,57833,319.58396735371423,153491.2122700235,391.77954549723944,0
1655,310.653450452164,310.653450452164,149348.1186001072,386.45584301457677,0,57833,305.2875224789044,144930.4232258957,380.6972855509948,0
1656,321.79629277402177,321.79629277402177,155780.3877889786,394.69024283478126,0,57833,317.56716004979944,152002.4072485821,389.8748610113021,0
1657,319.51088478896133,319.51088478896133,154151.16447357045,392.6208915398803,0,57833,315.33718356619175,150430.6044404482,387.85384417386945,0
1658,310.03705496861653,310.03705496861653,148260.2494942334,385.0457758426047,0,57833,305.5466177894591,144360.66738138054,379.94824302973234,0
1659,324.64480486919234,324.64480486919234,158253.10035792715,397.8103824159535,0,57833,314.6831511965694,150745.58369069028,388.25968589423536,0
1660,337.55459685646605,337.55459685646605,166464.64608441546,408.0007917693487,0,57833,344.0154239867202,169055.19995850048,411.1632278773243,0
1661,321.3250047550706,321.3250047550706,155945.4735012882,394.89932071515165,0,57833,315.5740766357726,151105.80121731912,388.7232964684766,0
1662,330.5027752321339,330.5027752321339,161863.08621375338,402.3221174802019,0,57833,327.8013556508507,158774.8180937889,398.46557955962635,0
1663,312.21325194957893,312.21325194957893,150130.18686563036,387.46636868976174,0,57833,307.64600912989346,146094.09116060313,382.2225675710464,0
1664,311.32066467241884,311.32066467241884,148920.64496048968,385.90237750043684,0,57833,306.9391340434362,145054.5984230184,380.8603397874586,0
1665,315.4031781163004,315.4031781163004,151767.34552936905,389.57328646785965,0,57833,311.0581684880343,147931.97046617788,384.61925389426085,0
1666,322.3690626458942,322.3690626458942,156372.9444089015,395.44019068488916,0,57833,318.0727624844377,152429.68142205008,390.4224397009604,0
1667,336.48947832552346,336.48947832552346,165878.1004270918,407.2813529086395,0,57833,332.58251487065985,161944.7725826532,402.4236232909957,0
1668,318.1043867687998,318.1043867687998,153832.85603375235,392.21531845881844,0,57833,313.6694563563425,149771.71718079955,387.003510553586,0
1669,327.57079867895493,327.57079867895493,159821.2039493023,399.7764424641631,0,57833,323.38525383870524,155847.8479734403,394.7756932404024,0
1670,336.2330330434181,336.2330330434181,165249.12646758772,406.5084580517209,0,57833,332.3627749342924,161432.89479872736,401.78712622323695,0
1671,309.2255286773987,309.2255286773987,148203.7322290042,384.97237852734867,0,57833,305.76393692073594,144933.72658735648,380.7016240934053,0
1672,315.1008247886155,315.1008247886155,151510.53108087077,389.24353698021855,0,57833,311.7882141375017,148252.117858625,385.03521638757275,0
1673,309.0002074939913,309.0002074939913,148170.20083689244,384.92882567676384,0,57833,304.1828053672707,144173.5065015908,379.70186528589875,0
1674,314.60050490204554,314.60050490204554,151354.2713156848,389.0427628367925,0,57833,310.2417346797621,147555.02054226035,384.1289113595335,0
1675,338.23491778050595,338.23491778050595,166583.63360019366,408.14658347240106,0,57833,334.4442523170563,162824.8708673399,403.5156389377491,0
1676,321.75441357010703,321.75441357010703,155418.35168502413,394.23134284963203,0,57833,317.580924055886,151661.60637709228,389.4375513186835,0
1677,337.51053896564247,337.51053896564247,166037.0653951896,407.47645992767434,0,57833,333.7609627887675,162242.99847835107,402.793990121937,0
1678,320.1921567271281,320.1921567271281,154883.66304704925,393.5526178887002,0,57833,318.545372803984,152643.70431594964,390.69643499262907,0
1679,311.25379973371605,311.25379973371605,149094.81360123114,386.1279756780531,0,57833,306.1875778115922,144796.15050491077,380.52089365094105,0
1680,308.02090501962545,308.02090501962545,146975.56362284507,383.3739214172569,0,57833,304.0899847835109,143542.4381657214,378.8699488818312,0
1681,320.94271436722977,320.94271436722977,155573.00555046427,394.4274401591049,0,57833,318.4573246645456,152910.51196569373,391.0377372654636,0
1682,314.97627652032577,314.97627652032577,151716.54095412654,389.5080755955216,0,57833,310.3576566606723,147699.54509614056,384.31698517778335,0
1683,310.9256825687756,310.9256825687756,148810.05244410632,385.75906009335193,0,57833,303.48111772029324,143263.5367270715,378.5016997677441,0
1684,306.7653761693151,306.7653761693151,146470.4155067176,382.7145352697198,0,57833,301.70493844238484,142255.92018259788,377.1682915922253,0
1685,331.9773658637802,331.9773658637802,162219.2047619871,402.7644532006109,0,57833,327.9070410845207,158391.43491492598,397.9842144041972,0
1686,322.4075009077862,322.4075009077862,156141.42249234865,395.1473427626063,0,57833,317.74699128510167,151920.1251902061,389.76932304916727,0
1687,314.13336676292084,314.13336676292084,150831.40032507392,388.37018464999846,0,57833,309.73288144971644,147000.05104440448,383.40585682068615,0
1688,320.18171286289834,320.18171286289834,154836.4191205713,393.4925909347866,0,57833,315.84133351777564,151031.72333656106,388.6280012255435,0
1689,319.03345840610035,319.03345840610035,154372.18103850744,392.9022537966758,0,57833,314.58182321206255,150354.54143035,387.75577549580095,0
1690,339.0269569277056,339.0269569277056,167075.59756540385,408.7488196501659,0,57833,335.2747959607138,163341.14545580302,404.15485331219645,0
1691,345.53206646724186,345.53206646724186,171177.51200871475,413.73604146691736,0,57833,341.90586526490523,167529.03188546133,409.3031051500359,0
1692,312.67985406255946,312.67985406255946,149960.0,387.2466913996813,0,57833,308.2090883939687,146078.01500899156,382.2015371619946,0
1693,319.9634118928639,319.9634118928639,155087.35375996403,393.8113174604864,0,57833,315.6197952690552,151177.78053672708,388.8158697079211,0
1694,342.16402400013834,342.16402400013834,169568.16381650616,411.7865512817364,0,57833,325.302047309448,157212.7992115092,396.5006925738077,0
1695,309.2815174727232,309.2815174727232,148148.2429408815,384.90030259910355,0,57833,304.5638400885323,144126.80924055885,379.64036829683806,0
1696,310.52310964328325,310.52310964328325,148791.00442653848,385.7343702945571,0,57833,305.9493014248167,144746.36263660257,380.45546735012573,0
1697,309.1219718845642,309.1219718845642,147812.45335707988,384.46385182105206,0,57833,304.67651127403514,144039.53084797345,379.5254021116023,0
1698,326.8193418982242,326.8193418982242,159057.8077741082,398.82052075351913,0,57833,323.46562456771335,155602.12906349427,394.4643571521948,0
1699,331.718119412792,331.718119412792,162071.4297719295,402.5809605184149,0,57833,328.5029049661087,158759.33248028773,398.4461475284806,0
1700,322.5116801825947,322.5116801825947,156287.25042795634,395.33182319155173,0,57833,318.38449301424816,152543.45974546965,390.56812433360415,0
1701,322.43146646378364,322.43146646378364,156017.8016876178,394.99088810707747,0,57833,318.16295476552773,152209.76428275002,390.1406980600076,0
1702,315.56682171078796,315.56682171078796,152144.17816817388,390.0566345649999,0,57833,309.94494397565364,147497.10554710196,384.0535191182369,0
1703,317.01877820621445,317.01877820621445,152621.64046478653,390.6681974064264,0,57833,312.6637847558445,148824.1880619726,385.7773814805277,0
1704,309.71877647709783,309.71877647709783,148071.80920927497,384.8009994910031,0,57833,305.26435191589434,144250.03817955457,379.8026305590241,0
1705,311.6321823180537,311.6321823180537,149541.72607334913,386.7062529535165,0,57833,307.0185364504081,145542.68432701618,381.5005692355074,0
1706,311.30577697854164,311.30577697854164,149379.5707813878,386.4965339836669,0,57833,306.69027528012174,145382.48097938858,381.2905466693196,0
1707,318.24624349419884,318.24624349419884,153885.24785157264,392.2821023849707,0,57833,313.739175542952,149800.37052151057,387.04052826740326,0
1708,306.14974149706916,306.14974149706916,146105.7968633825,382.2378799430827,0,57833,301.49232258956977,142205.44681145388,377.10137471435166,0
1709,315.5042103989072,315.5042103989072,152447.81766465513,390.44566544482876,0,57833,310.9567713376677,148446.88055056025,385.28804880317824,0
1710,314.1275569311639,314.1275569311639,150954.51906351047,388.52865925631596,0,57833,309.65991146769954,147101.3577949924,383.5379483114968,0
1711,321.86466204416166,321.86466204416166,156197.2652810679,395.2179971624115,0,57833,317.55076774104305,152275.87653894039,390.22541759724004,0
1712,314.648263102381,314.648263102381,151425.2893503709,389.1340249199123,0,57833,310.08251487065985,147382.0686816987,383.9037231933271,0
1713,313.3579962996905,313.3579962996905,150614.5601127384,388.0909173283219,0,57833,316.39887951307236,151425.88511550697,389.13479042037216,0
1714,333.9933256099459,333.9933256099459,163839.83604516453,404.77133797387944,0,57833,331.4204592613086,160917.46237377232,401.14518864592196,0
1715,330.6300382134767,330.6300382134767,161775.398665122,402.2131259234611,0,57833,328.9656937335731,159472.6360492461,399.3402509755886,0
1716,323.6489720401847,323.6489720401847,157201.61096605743,396.48658358897524,0,57833,323.0172914649329,155630.81256052013,394.50071300381717,0
1717,334.1001331419778,334.1001331419778,163847.59101205194,404.7809173022512,0,57833,330.0011066537557,159983.20348595933,399.97900380639896,0
1718,304.95272595231097,304.95272595231097,145140.50747842927,380.9731059778751,0,57833,300.32418038456217,141176.4537972057,375.734552306819,0
1719,314.8586274272474,314.8586274272474,151208.97205747582,388.8559785543689,0,57833,310.81145386637155,147612.88712131692,384.20422579835963,0
1720,316.2619092905435,316.2619092905435,152127.60325419743,390.03538718198047,0,57833,312.62809517222297,148868.32929865818,385.8345880019807,0
1721,320.9703110680753,320.9703110680753,155570.18937284942,394.4238701864397,0,57833,316.6660672292157,151709.58237653895,389.49914297279133,0
1722,314.314215067522,314.314215067522,151490.80085764182,389.21819183799954,0,57833,309.6828053672707,147381.08784064185,383.9024457341238,0
1723,320.2301972922034,320.2301972922034,154904.7903619041,393.57945876519534,0,57833,315.88947295614884,150975.8073039148,388.55605426233524,0
1724,308.5540435391558,308.5540435391558,147293.11323984576,383.7878492602987,0,57833,304.0562318439618,143441.24118135287,378.7363742517384,0
1725,314.8812096899694,314.8812096899694,151170.83424688326,388.806936984004,0,57833,307.8801355650851,145947.01888227972,382.03012823896455,0
1726,308.03587916933236,308.03587916933236,147443.3124513686,383.9834793990083,0,57833,302.6238760547794,143045.95476552774,378.2141652100404,0
1727,312.0366745629658,312.0366745629658,149769.8971348538,387.0011590872226,0,57833,303.97952690551944,143682.75874948126,379.0550866951679,0
1728,323.1183061573842,323.1183061573842,156726.5340722425,395.8870218537639,0,57833,322.55249688753634,154938.04440448195,393.6217021512939,0
1729,315.87026438192726,315.87026438192726,152109.77952034306,390.01253764506475,0,57833,311.4540738691382,148237.13950753908,385.0157652714225,0
1730,316.3136963325437,316.3136963325437,152608.9201321045,390.6519168417128,0,57833,311.64877576428273,148441.39466039563,385.28092953116123,0
1731,312.69973890339423,312.69973890339423,150059.97551570903,387.37575494048286,0,57833,308.1936644072486,146141.56231843962,382.2846613695606,0
1732,325.83696159632046,325.83696159632046,158129.6884650632,397.65523819643465,0,57833,321.68896112878684,154298.7665652234,392.80881681197457,0
1733,310.2012172980824,310.2012172980824,148098.41427904484,384.83556784559926,0,57833,305.73516392308755,144181.7942315673,379.7127785992556,0
1734,305.27638199643803,305.27638199643803,145805.4490169972,381.84479702753214,0,57833,300.90012449854754,141958.65790565778,376.7740143715564,0
1735,311.80834471668425,311.80834471668425,149573.5952483876,386.7474566799213,0,57833,310.56923502559135,147664.42025176372,384.27128470881576,0
1736,315.8875555478706,315.8875555478706,151901.8065637266,389.7458230228088,0,57833,311.4999308341403,148007.58251487065,384.7175360116441,0
1737,318.4847232548891,318.4847232548891,154182.27840506285,392.66051291804587,0,57833,313.9188684465348,150027.42585419837,387.33373962798333,0
1738,328.33141977763563,328.33141977763563,160299.23052582436,400.3738634399408,0,57833,324.1576289943284,156313.79450823073,395.36539366544304,0
1739,307.50592222433556,307.50592222433556,146851.55018760916,383.2121477557949,0,57833,302.9838843546825,142964.44549730254,378.10639441472364,0
1740,312.17121712517076,312.17121712517076,150455.03674372763,387.8853396865208,0,57833,307.5861806612256,146398.29941900677,382.6203071179139,0
1741,334.03734891843754,334.03734891843754,163688.11062887972,404.583873416724,0,57833,330.0666758887813,159841.6467007885,399.8020093756264,0
1742,323.06660557121364,323.06660557121364,156674.72171597532,395.82157813334953,0,57833,318.83635357587497,152797.5742149675,390.89330285253993,0
1743,317.45394497950997,317.45394497950997,152996.32967336988,391.1474525973164,0,57833,313.015977313598,149009.9562180108,386.0180775792901,0
1744,307.29208237511455,307.29208237511455,146670.73966420555,382.97616069959963,0,57833,302.61682113708673,142659.4975791949,377.7029223863576,0
1745,334.7252087908288,334.7252087908288,164219.2090847786,405.2396933726737,0,57833,330.8934845760133,160483.55609351225,400.603989113329,0
1746,336.4692995348676,336.4692995348676,165505.53222208773,406.82371147966256,0,57833,332.5761516115645,161628.2530087149,402.0301643020271,0
1747,310.5060086801653,310.5060086801653,148800.4920720004,385.74666825780935,0,57833,298.4692211924194,140120.44501314152,374.32665549375656,0
1748,305.7647536873411,305.7647536873411,145788.79949163971,381.8229949749487,0,57833,301.27887674643796,141863.3340711025,376.6474931167105,0
1749,317.7294451264849,317.7294451264849,152873.7436584649,390.9907206807662,0,57833,313.35212339189377,148982.76628855997,385.9828575060814,0
1750,312.5078761260872,312.5078761260872,149604.79169332387,386.7877863807541,0,57833,308.1235302254807,145764.85655000692,381.79164023064584,0
1751,314.3365725450867,314.3365725450867,150923.85314612763,388.48919308795143,0,57833,311.9385115506986,148354.05664683913,385.1675695678949,0
1752,323.3950166859751,323.3950166859751,157036.9392215517,396.2788654742411,0,57833,320.05097523862224,153906.26442108175,392.3088890416348,0
1753,306.74455760551933,306.74455760551933,146216.09800632857,382.3821360972928,0,57833,302.00995988380134,142214.08839396873,377.11283244404285,0
1754,309.4678816592603,309.4678816592603,148397.21152283298,385.223586405133,0,57833,305.3790980771891,144753.16828053672,380.46441131929373,0
1755,308.6472083412585,308.6472083412585,147587.5214842737,384.17121376317834,0,57833,304.8323419560105,144350.3246645456,379.93463209418746,0
1756,310.04616741306864,310.04616741306864,148920.73449414695,385.90249350599817,0,57833,305.6378475584452,145125.53741873012,380.95345833675026,0
1757,338.0279943976622,338.0279943976622,166695.97082980306,408.2841790099184,0,57833,334.1356342509337,162783.271199336,403.46408910748926,0
1758,309.11405253056216,309.11405253056216,147381.55165735824,383.9030498151301,0,57833,304.75148706598424,143563.46348042606,378.8976952693511,0
1759,306.52238341431365,306.52238341431365,146493.12311310152,382.7442006263472,0,57833,304.29326324526215,144064.526628856,379.55833099650965,0
1760,320.7234278007366,320.7234278007366,155727.85095014956,394.62368270309065,0,57833,317.0177064600913,152139.75390787108,390.0509632187454,0
1761,314.9156191101966,314.9156191101966,151407.97712378745,389.1117797288942,0,57833,310.58216904136117,147632.39320791257,384.229610009318,0
1762,351.10248474054606,351.10248474054606,175566.55608389675,419.0066301192581,0,57833,346.52234057269334,171261.4938442385,413.8375210686417,0
1763,332.96581536493005,332.96581536493005,163199.56187643734,403.9796552754078,0,57833,324.90102365472404,156591.40953105548,395.71632456983053,0
1764,321.07390244324176,321.07390244324176,155475.19843342036,394.30343446820285,0,57833,316.72942315672987,151490.83165029742,389.21823139505864,0
1765,312.4093337713762,312.4093337713762,150095.52087908288,387.4216319193894,0,57833,307.94854060035965,146140.87522478905,382.2837627009406,0
1766,323.6213580481732,323.6213580481732,157426.50867151972,396.77009548543316,0,57833,319.23205145939966,153347.7651819062,391.59643152345785,0
1767,312.2608026559231,312.2608026559231,149772.18198952154,387.0041110757372,0,57833,307.8535067090884,145847.2458154655,381.8995231935561,0
1768,306.0295678937631,306.0295678937631,145994.08994864524,382.09172975693315,0,57833,301.44729561488447,142128.1475307788,376.99886940252065,0
1769,309.86862172116264,309.86862172116264,148800.10149914408,385.7461620018326,0,57833,305.2435329921151,144691.12885599668,380.3828714019556,0
1770,313.688240278042,313.688240278042,150881.967907596,388.43528149177695,0,57833,306.4719878268087,145294.39908701065,381.1750242172363,0
1771,321.50695969429216,321.50695969429216,155608.68490308302,394.4726668643634,0,57833,316.678862913266,151533.2071517499,389.27266427499103,0
1772,316.49355904068614,316.49355904068614,152095.6209430602,389.99438578402663,0,57833,312.22444321482914,148243.9876193111,385.02465845619696,0
1773,317.2862725433576,317.2862725433576,153168.0407206958,391.3668876140338,0,57833,312.91624014386497,149261.61702863468,386.34391030354635,0
1774,333.30911417356873,333.30911417356873,163213.91828194977,403.99742360805936,0,57833,329.21655830681976,159352.96396458708,399.1903856114111,0
1775,316.8836131620355,316.8836131620355,152421.4129303339,390.41185039690316,0,57833,308.85316087978975,146176.2811592198,382.33006834307423,0
1776,310.98940051527677,310.98940051527677,149405.52383587224,386.53010728256635,0,57833,306.50684742011344,145361.1242218841,381.2625397569031,0
1777,308.0942368543911,308.0942368543911,147068.5676343956,383.49519897176754,0,57833,303.5164614746161,143107.49543505325,378.295513368918,0
1778,338.52333442844053,338.52333442844053,166896.6897791918,408.5299129552104,0,57833,334.700511827362,163105.6303776456,403.8633808327336,0
1779,321.39918385696745,321.39918385696745,155319.10495737728,394.1054490328411,0,57833,315.66343892654584,150465.3333794439,387.89861224222483,0
1780,317.9734926426089,317.9734926426089,153029.3073677658,391.18960539330004,0,57833,310.9381657213999,147407.0839673537,383.9363019660341,0
1781,320.3041170266111,320.3041170266111,155267.64573859217,394.04015752026106,0,57833,315.9212892516254,151258.4562180108,388.91960122628274,0
1782,315.89656424532706,315.89656424532706,152538.46565109884,390.5617309095949,0,57833,311.4388573799972,148465.18114538662,385.3117973088634,0
1783,324.5593000536026,324.5593000536026,158048.88696764823,397.55362778831267,0,57833,320.2277631760963,153971.69145109973,392.39226731817706,0
1784,313.00987325575363,313.00987325575363,150238.2529005931,387.605795752067,0,57833,310.05076774104305,147262.9524138885,383.7485536310052,0
1785,315.554614147632,315.554614147632,151834.27275085158,389.6591751144217,0,57833,311.1509890717942,147936.47606861254,384.62511107390344,0
1786,325.0973838465928,325.0973838465928,158229.78799301438,397.7810804865088,0,57833,320.85862498270853,154251.15963480427,392.748214044067,0
1787,354.58146732834194,354.58146732834194,177372.76354330571,421.1564596955693,0,57833,351.4206667588878,173923.40558860145,417.04125166295177,0
1788,323.81567617104423,323.81567617104423,157369.5237667076,396.6982779981627,0,57833,319.5602434638263,153404.9409323558,391.66942813086115,0
1789,321.27930420348247,321.27930420348247,155291.20924039907,394.0700562595426,0,57833,317.1657905657767,151473.34686678657,389.19576933310384,0
1790,311.46980097868,311.46980097868,149879.6882575692,387.1429816715902,0,57833,306.909531055471,145845.92142758335,381.89778924155,0
1791,304.78450019884843,304.78450019884843,145214.62452233155,381.07036689085595,0,57833,300.1684188684465,141258.12996265045,375.84322524511526,0
1792,315.4416682516902,315.4416682516902,152478.0050836028,390.4843211751309,0,57833,310.9107068750865,148383.08818647117,385.20525461949654,0
1793,320.2659208410423,320.2659208410423,155514.58141545486,394.3533712490041,0,57833,313.8357310831374,150021.52642135843,387.32612411423844,0
1794,313.6683727283731,313.6683727283731,150820.29652620477,388.3558890067264,0,57833,308.9545580301563,146658.19608521234,382.9597839006236,0
1795,309.7938374284578,309.7938374284578,148001.37912610447,384.70947366305455,0,57833,305.4245400470328,144183.61502282473,379.71517618186493,0
1796,312.5138069960057,312.5138069960057,149941.40219251983,387.2226777869806,0,57833,307.96140545026975,145933.19919767603,382.01204064489383,0
1797,306.72946241765084,306.72946241765084,146704.05853059673,383.0196581516368,0,57833,301.99391340434363,142594.1953243879,377.61646590739116,0
1798,321.3463593450106,321.3463593450106,156129.8016357443,395.1326380289843,0,57833,309.93076497440865,147640.76047862775,384.2404982281641,0
1799,308.85907699756194,308.85907699756194,148184.78268462644,384.94776617695345,0,57833,303.2846866786554,143552.97689860285,378.8838567405622,0
