mg_scale,eg_scale
1.1619995797356906,1.160857335922226
1.1232289817372485,0.980916420602646
1.1771170136793976,0.6034455351878597
0.8184436466079346,0.8021096486969975
1.3385747048194054,0.7448105355817463
0.6254752347815122,1.3243370282605
0.6680390375103326,1.355164901119941
0.8582027134401465,0.9144875336079814
1.348199399334481,0.9068761307884259
1.058861544402596,0.6967406230601907
1.2348351275679206,0.7715907042130161
1.1177581377545316,0.8996918224388415
1.3953749002060514,0.9412539637645149
0.8429436854473523,1.2614885635409712
0.6169025538877727,0.817277205529098
1.2595617772009073,0.7012153431107075
1.1498594891253333,0.7024625280333765
1.1091398196574225,0.8942026947280955
0.6160018369635109,1.1721532850191516
1.2254978002183297,0.6821637071716476
1.159499106501538,1.0663099531066365
0.6980130488936531,0.7486511127414306
0.6870899131591031,0.9109843213799426
0.715653753378225,0.9716517181026953
0.9434645977151295,0.9742333620392739
1.2618831947508373,1.208055223400569
0.7606364548047123,0.850252551195568
0.9287999315211228,0.6470830668819965
0.865431237248651,0.6681024346211117
1.267552442649406,0.9328895670436338
1.1521693834233062,0.641347787241854
1.0408002339264857,0.7850064057901972
0.6444085157825415,1.0490857297804017
1.0108814859116173,1.0552319123432605
1.0620047091667144,1.2480316352799692
0.8572520378027721,1.0294184653901173
0.7257335558312923,1.3003932614934257
1.1894645925413712,0.9085171887613045
1.222746534968325,1.1789312506272025
1.0336240135469186,1.1110315461599791
1.081627216832504,1.319254663980651
0.7793352248258125,0.8254361501449596
1.3014165571237426,1.0022159469105283
1.39123915410743,0.8181741787958264
1.1038190240040158,1.0447913115229395
0.8350231419991928,0.7087925166977548
1.2125579504656212,0.9066895489259122
1.1049900697105428,0.7241157205871355
0.8105723464134881,1.1170858100559227
1.297107534143319,1.182173995177445
1.0193527474418154,0.6716271431039489
0.8928635191318846,0.8574859016303319
0.8498579117380193,0.851637287305738
1.2065830520859933,0.8203759467942743
0.991322547128791,1.3730552434839105
0.9733630076426958,0.7874632174380426
0.8901563917632704,1.2657807084924335
1.3929067194468714,1.336789686109431
0.7277612380281295,1.1943489448961198
0.9668333387282009,0.8978082346296599
0.6246593606713389,1.1869903023232418
1.3866829216518055,0.7533975704006561
0.6252141293949531,1.392872496133028
1.277189155000277,1.229931022398683
0.8320070090041054,0.6648745404153686
0.9980776781283618,0.6932482130633973
1.2875144841652515,0.8268239852938225
0.9747239300244841,1.003584178641498
0.6542888305387742,1.3660624880633196
1.3273317828746043,1.1540231945538242
1.3154861698921259,0.8800012752941202
0.8817029294559999,0.8390150920528848
0.9456152578936752,0.7594686506180153
1.347938559494015,0.6774405883025982
1.1932404249103286,1.3788186074614732
1.1991078735123106,0.8442159567440857
0.6522131496748714,0.6910645400557405
1.3469008600279833,1.3469863425519424
1.2563451911617358,1.160577535109583
1.0646681760588128,1.3177479550520879
0.820479124056198,0.8450121262473707
1.0615645661250124,1.0453552810126492
0.7805227916360247,1.328360549424234
1.1237213842960896,0.9460105902861717
1.288592111508548,0.6013683441473473
1.1333882797026682,1.2574154370569528
1.1461618728555143,0.8547779009855743
0.8841272648569602,0.8850376095920685
0.7047715385032478,0.6812318907433738
0.6639143981104395,1.3027638770114542
0.6806443363274144,0.8044913388187517
1.0045229658941301,1.1361585561104235
1.2729117191308954,0.9010777397436954
0.8547600968494371,0.7409734506825857
0.6335976494150047,0.7208198548286591
1.3278886247278188,0.8525505627862416
1.2867911837420236,1.317992122999136
0.8927995474884941,1.1580326748511367
1.2028277277971724,0.725391433110218
1.3141800211728334,1.1844038375101675
1.1223850442408807,1.3041553504317083
0.7625801478216493,1.2504456644823767
1.006880108149042,0.9084106622728831
0.6390295530012378,0.7322524615555738
1.0281862132209496,1.0324543963417365
0.9289988149090953,0.7857068319455089
0.7648401046714765,1.0017810715822915
1.3556869571211998,1.0412618427973301
0.8274411724314528,0.6134092788362643
0.7585758434615537,1.3198161756572708
0.8930392614235714,0.8273654009893778
1.0673972197372932,1.2212281903053488
1.0718337059360588,1.1958214442493942
1.3536036396984241,0.8713582088918759
1.1113860651848957,1.124256530570936
1.2794499421523313,1.0876257523504411
1.0008662760142983,0.6126254609687866
0.6050767570858709,1.1498794868448514
0.9603323074178232,0.9858702387137618
1.0992900294015162,1.0224391565510713
0.7724430340368167,0.758508608244115
1.2004395025321077,1.328124170856095
0.8965978588632787,1.184911869298273
1.3874990109659966,1.0229511475304731
1.0178956627367102,0.6244258770744432
1.0052105827377467,1.0534359977215013
1.290929499304568,0.8279723486160815
1.0745590853008875,0.9738914040022857
1.367199309728037,0.8843488102935289
1.3212062330434549,0.7842651944580563
1.1779384648403655,0.8936144404337172
1.163713096199816,1.1167921456980445
1.0209377302406297,1.1123443281728516
0.8075695331019865,0.8614246816628246
1.2914602369095403,1.094985019883561
0.8218927618533044,0.6760506424462964
1.0001218357739967,0.659702471558976
1.068340878327299,0.6169861031106798
1.1441663049132207,1.1330844209235094
0.6883363042088713,1.2545705406100383
0.8589263474650882,0.7004203900814332
1.2834379989990887,0.7462829227119626
1.0826550448870482,0.6079414888865999
1.1062654355908221,0.6405686649474042
0.6861996681043128,0.820166995108502
0.9059439763810212,0.9922042966097612
1.1419419461636768,1.2724733236393067
1.0851580077255916,1.1867075338141697
0.8327224613742806,0.620461475826162
0.9330268124917688,0.8526830692353189
1.3597532778019437,1.211990700974948
0.878083029978801,0.6272144715229547
1.1634087356732965,0.8116424918756574
0.8835707265192029,0.9110914940732256
0.8396220020060613,1.0395386250226997
1.1305869769210533,0.8094935265992736
0.7032785405911237,1.0873283808436511
0.6301104334253506,0.705438998332437
0.915095385557598,0.9093040979159313
1.2015292934728508,1.0799703199066217
1.3330288940916373,1.2091431051841819
1.279743744304298,0.7562970024838689
1.2251530838519549,0.6431294870860637
0.6107251360390247,1.0968131502374925
1.1742341749660286,0.7213412572029071
0.956021201120719,1.3797578011323504
1.0532231496025133,1.0272934775638722
1.078400204985199,1.3572408688266697
0.7731742290590136,0.7491426933848407
0.6372152056170319,0.9297413256974284
1.08894167883084,1.1562156164961774
1.3652655576629702,0.8298088236916438
1.1308423173977833,0.9298947505953478
1.1735967201216329,0.8062275637326576
1.3477113758880628,0.6529230121144277
1.1316213580065124,1.219978884815858
1.2366691014642992,0.9867933471310623
1.0480493292349138,1.3166223086529905
1.2583864014358315,0.6452165104267344
1.3803687286636515,1.1439252524403973
0.834838929232883,1.136513500962923
1.143071783465873,0.9387030824216762
1.0210509408622035,1.154979008950517
0.8399681753560899,1.069057605037272
1.1500948722104698,0.8091740872388141
0.9656902160813805,1.0431222720376059
0.8451066366255267,1.1967150331181036
0.7196080154574355,1.09295811064132
1.1377174522590898,0.7227844497263872
1.339026861088535,1.0164912584981716
1.032807046065162,0.6956203709410628
1.274635415258358,1.188614045969727
1.15247079471808,1.0329965394112364
0.8354393925162459,1.3785925025934478
1.1335402699085875,0.6067166019819593
1.2544322731588489,1.0616466271015281
0.7466618588604809,0.8952857118098683
1.3807138155462342,1.2301015909440802
1.259745141540177,1.2947723292933677
0.759192243444061,1.3658829302485143
1.1797636367977935,1.3715927616905388
1.0629226443201705,1.2796150152104426
0.7769388947438189,0.6270335336503109
0.9992203021069781,0.8275644747729161
1.349227479608552,0.7841309680160815
0.8012242939927438,1.0079013365478278
1.3826713782626943,0.9778565817675675
0.7396926349361056,0.9488305737695066
0.7729965589718983,1.1129373272314096
1.152111387179764,1.067118721515277
1.1994460406742438,0.9987752478707826
0.9162825685548022,1.0176854673298772
0.8418568151726167,0.7624240364402809
1.0911343562307685,0.8395642313073838
0.8608500131998794,0.7735609370328671
0.6349047674920438,1.2579038543313317
1.0935680720538752,0.9032148899832037
0.8323267049507088,0.8927381286354192
1.3984773860773134,0.881397369709607
0.6409717217153759,1.3699434143868143
0.9164825033274181,1.1621762440750285
1.0497997150063136,0.6286933544232108
0.9484403607151755,1.0887587146673314
1.3823645969827,1.0321460324008924
1.0359843105614812,0.6646549604992258
0.8885461282185677,1.3430314675886692
1.0410651686160282,1.1111249392118059
1.1427382420084293,0.9617238515916697
0.82094893214476,1.183674269937918
0.6046155990986156,1.1996110082161597
0.9518327773435062,1.338766942316119
1.3646784577293072,0.8885582679004681
0.674131153530947,0.9169143159680023
1.177224013822049,1.0276353822988373
1.0035773156366945,1.358413574826365
0.6469219128419895,0.6991256667552477
1.052001913107707,0.6783951132018308
0.7719522847069673,1.1640652118699326
1.3632242733089228,1.0208660628886896
1.0580081101864325,1.2277072732731904
1.2713686637074062,0.9429871425879734
0.8596295985345913,0.7536411743219654
0.659898275435485,0.7471354101434803
0.9986857105677266,1.1126307507180633
0.7493011455676395,0.7288415500305692
1.3580587856708566,1.159291177178381
1.0257705784133793,1.095098493236252
1.303877249679673,0.6240166276100529
1.0589641302493202,1.2102433499400993
0.7290461728924326,1.1027923366582306
0.8006066908475624,1.1726866289509628
0.9296883326868076,1.275651861830724
0.6610080515629138,1.2054101929704992
0.9414707091291186,1.3666699365409445
1.2700776578126918,0.8690775401197461
0.9503981564732662,1.242980180220563
0.7441588307269803,0.6357860395712633
1.2490777251888967,1.0986431867081128
0.9774584136426717,1.1828382811284637
1.0660101770378851,1.3327184493541653
1.20234083476234,1.2593011508859986
1.176192142253172,0.8623835882113274
0.8552200272472202,1.2661959610800424
0.8004086906194141,1.3178632742625076
0.7568155507197795,1.2752967633639374
1.1464162064765748,1.0576779266157743
1.1281920474545273,1.2645466152661924
1.24730889691281,1.2188101382407774
0.9839387780286938,0.9287003695282625
1.059897457937574,0.7236952191708443
0.9091272463684364,1.29675885014526
1.3436063887567102,1.2014694341059053
1.3204570926861334,1.2418981904638713
1.342058852975512,0.7176898624933555
0.950640126856262,0.9391793461154114
1.159175815291964,1.1628239051221954
0.9379214626338706,0.7608979787887609
1.0082038431132951,1.0708236543781462
1.296715071672839,1.2465580687326137
1.1101739008397475,0.609317075702822
0.8528692189258371,1.3813293590777338
0.8722424809171435,1.056038902050448
0.7367873486558049,0.8031312592110962
0.6292774664338185,0.8803801934491062
1.1892335502874105,0.737315005572935
0.9392010579771186,0.6378796971398919
1.3720574818135254,1.0150272249304162
0.6030095088730685,0.9048596380266698
1.053730039534658,0.9549213142159203
1.1913894190556058,1.3072180138827396
1.041998724620296,1.206503818020611
0.8439019179808063,0.7333273974701302
0.8720970016835845,0.661659789295296
1.0064198779486768,1.308750688243095
1.0604660283226557,1.198018451332296
0.8712072485363946,1.3251032374963203
0.8786704800417469,1.29115153995921
1.2624737152706342,0.916512713894609
1.1279766783632645,0.6791273737964325
1.241606950125334,0.7641685109251599
1.2575579080864232,1.381821872526939
0.9592222144094334,1.2181417553073972
0.7678312665028753,0.6254637828716967
0.8506441113047728,1.2981377501314446
1.0921387030421927,0.9666953069433875
0.9951697124346943,1.3492895990377787
0.7594192847933975,1.1172233735399473
1.1868441834792196,0.83013564872615
0.6405533256836189,1.3309311410955802
0.9292167042454526,1.0252214231327827
1.0671184698272203,0.9627018552393876
0.8164746029045129,1.3463800852765293
1.0951077399838904,1.1393023122780395
1.3605333711415408,0.9262546141230219
1.138760926267828,1.0423607296400155
1.2685881299399802,0.7777184756703193
0.8665411743162188,1.3877190516634528
1.0253814870795765,1.2124373518865732
1.1402208406020684,0.7047307670159711
0.7928496439298938,1.078460018230707
1.2730336112944074,1.0992210731355283
1.1701520807355132,1.2055629912693107
1.0063135330820276,1.3490722358243354
1.0431231614749588,0.7019990792081887
0.9064185984035495,0.766892914870132
1.3862319606222628,1.215697384029082
1.3973639433934806,0.9505413709726324
1.205385715706385,0.8314811603546468
0.8811766859181831,0.9012468192009819
0.8397381297809041,1.197562006625764
0.8007833402824891,0.8088420884915032
0.7537075745275761,0.8270582781815783
0.7410008522733054,1.18577167415704
0.8678985499764028,1.2180310351374226
0.9716235199756773,0.6454444878175729
0.8426518274845334,0.8830684984040722
0.7217210309046489,1.1193075580910152
1.3662080168094661,0.725512733078591
1.3291598020846487,1.142326120697472
1.3224176742614464,1.3424162460352949
1.0074701747011057,0.9322345721408971
1.2655890233983738,0.6344220482100453
1.1208621239873608,1.018463743477855
0.6403316068983189,0.8390748547999961
1.3781633038545957,1.3298285638208618
1.344895221150607,1.2067057298332171
1.293003586308418,0.6012333207527023
0.8525091141018484,0.8182763401417887
0.6471585969453356,0.8200288949564487
0.8198485211019473,1.323443699364253
0.7682987169452415,1.0030654588028989
1.1267313945179847,1.0029085795901593
1.0155360744179962,1.3815327420113812
1.1557884686273632,1.0590577649265192
0.9452455002097264,0.6468851786866668
0.9561899826853644,1.0815599492144528
1.19481938107162,0.874357134306961
1.0199350287629019,1.007253448775724
1.3955678871170554,1.215542613038385
1.067214441180296,0.8770763778544358
1.216021488933181,1.1635113835423034
1.1416431963439257,1.1515415188483258
0.823476357565652,0.9983948357773764
1.1187439886874166,1.173519624167911
0.6350874732520791,0.7658830216605195
0.6226479685749592,1.0433522297115865
0.8191914261220818,0.9137873155339076
1.0464324340202045,1.2046566068156772
0.9957812433009483,1.260027644791783
0.6290677383275669,0.9526135558707537
1.1950334234905717,0.9865172300443893
0.6149475455946879,0.8846771029339731
0.8066159713260057,1.1506192365603023
0.9431494466600752,1.265965103539635
1.399839203893689,1.103564688831157
0.6662718607892362,0.7198912194254377
0.953388751177294,0.7353900667887778
0.6862583252594205,1.2638862914969224
0.8485121568593884,1.2697012290770675
0.8442018842682539,1.1480979552823105
1.2503040897450282,1.2787943903169343
1.1752478261015928,1.1855827769723195
0.7870882270979229,1.1245380079010023
0.8459037886449258,0.9782996520504724
0.6995508134869522,0.9333411931864908
0.9099310430633856,0.78859569044287
1.0428674039044754,0.9389977913870535
1.0173772148958264,0.8990609909103134
0.6103748563072303,1.0238636838358899
1.0919256823059165,0.8862209432302675
0.7676006141903657,0.9672753281111118
1.3788793338194438,1.290200954092305
1.279165653269871,0.6740308642298821
1.3567447612594905,0.7348821004970914
0.9159695165093662,0.8432411912119581
1.0948493537154111,1.0005490449266616
0.8248177372632464,1.004066908799291
1.071943868842503,0.9863735868643906
0.6390726814719078,1.1924313602826202
0.9941357723162915,0.7137654016017414
1.2495596502712127,0.9164037201984941
1.1568836965080358,0.7668136359738329
1.0005723880846886,1.2151053132943805
0.8380303623693512,1.0906853230238267
1.3271533494055965,0.6217789361552721
0.7657263975462776,1.2705311451175798
0.8745078090227957,0.6393409851427584
0.9602374770102293,0.6197848583355985
0.703178953791562,0.9277503502433603
1.324592210243452,1.0686540368408846
0.9605202719580461,1.3227720779678007
0.783848417412228,1.130987617503058
0.9681013337663446,1.313978767544575
1.1676346969780236,0.8205848334323054
1.1784913021110803,1.3060663305702265
1.0929444443522143,0.9901106629819523
1.091288576304985,0.7538378389301938
0.6231077020704321,0.6060744363943096
1.2352137197604378,1.266369139885531
0.8144854417839517,0.6448173441411309
0.6285477725796832,0.9156035968164472
1.215974417609405,1.2266662190543953
1.2452811510483919,0.9177483327349981
0.8451985920312406,0.9409626679126413
0.7121036215557444,0.9954923159962423
0.7688097320651991,1.2263845842579
0.9404501051553462,0.6473562661034704
0.7066865185327749,1.2693003412556236
0.8680640930593623,1.109282675078152
0.6430412516971443,0.9247635165892283
1.2328917578418164,0.7702536956683366
0.9856817319791179,1.3781151795687339
1.3133052317529914,1.313072471509562
1.3518012374052149,0.8485617273827979
0.8755959344342535,0.6296854033034951
1.105898750235288,0.9185327052825377
1.378045907177971,1.0617634962894207
1.3645163884763925,1.0364864372467748
1.0799167182800635,1.340160910799965
1.0654262368006604,0.9828510670948309
1.1339750959638502,1.128593364654169
1.338529771877885,0.7774497383631723
0.8531288660560028,0.9120168070202179
0.8828756657004144,1.2139511363100386
1.292372032210665,0.6283862310953161
0.7459046648465429,0.8628186607350203
1.1669923353685214,0.6992392407068327
1.1452274613011943,1.1379734021226784
0.7890889920298506,1.2254653248674412
1.1096950469749522,1.2292714566524885
1.3802236863826327,0.8025457581600287
0.8540334931412046,0.846824316513985
0.6925496919188806,0.6842592602383349
1.1297009652435621,0.6953254850070381
1.0159343318268417,1.1973095165325207
0.794531031776244,0.9153475152348044
1.2513543312402198,1.174230050921982
0.8194321804784352,1.3432700955671024
0.9319062288272926,1.0396933417933893
0.708471614432052,1.0459687425566846
0.6752652158991466,0.9267463709419673
1.005709208308175,1.2838213215381047
0.8151736181428361,0.6572450312827768
0.8280752216125054,1.3811582033189191
0.6901345969879777,1.3070679330063038
0.6258609764731632,1.1107568677672073
0.8432399378644949,0.8248447654152852
0.6755865238774564,1.2062518278420207
1.3233923326445902,1.3059173252902037
1.072835717954237,0.6026032695768754
0.8115260395987771,1.1927460740848654
0.8872219636727681,0.6286069602544744
0.8739679664903579,0.7619151151824096
0.7464563713529336,0.7145322698269811
0.7772749437800498,1.1196987667221077
0.6461477721236102,0.7860971737342644
1.3213419985344288,1.0049415612586579
0.8686517650799588,0.9122718808902234
0.8657944231076041,1.0426388168223273
1.082383699867699,1.0246865949276764
1.2555570673556509,1.2019902194547956
1.0279532640971387,0.840779048859471
1.2180061788859324,0.7156465434195827
0.8711200124645713,1.322198353802236
0.7741398881637497,1.3398718596929098
1.2623134157486935,1.180409800478797
0.8935881663516634,0.6235682502026852
1.14660094273644,1.0722925156228422
0.9721083955033382,0.7101076735224698
0.7785352597469761,0.7746504919360611
0.6769609433733734,0.7112498536207266
0.9688118344216932,0.9521009642251574
1.280580777953978,0.6615923271933957
0.8081301095654103,0.8498762015618683
0.7781158791790572,1.2370208027093272
0.7417852760995315,0.7350745816748955
0.6373880340085767,0.6023813763955567
1.3834544504760462,1.1205856674294927
1.0667987562758232,0.9481994771388862
1.242366328893624,1.1530361180335704
1.3529621973268309,1.3831384084674725
0.8532998657793022,1.354789099365524
0.8642100343873379,0.9040853126245816
0.7150800588643859,0.8355336858987794
0.8479420320036102,0.7756491969642197
0.9284987705919109,1.041858306125111
0.8672689484430955,1.0695627384456203
0.7143190072350951,0.8954975556537125
0.713079833235531,1.1541686516521228
0.8962011623808367,1.0486650220360658
0.7355706657846293,1.1452112170850883
0.8139655884692101,1.0715891835473648
1.1693463152552206,0.6726005081680976
0.811163339955258,0.6900541574679645
1.2458105442743408,1.2575955641703644
1.280290210891073,1.2611234689074724
0.7959636556942796,0.6463610434304591
0.9337333380344459,0.7528487363634155
1.2878436961747706,1.2969920228216167
1.2459779631663639,1.3673276849025042
0.6072372465418178,0.6720147906016051
0.7918271631602786,1.2740212911713158
0.9234958945491616,0.6568875417683929
0.8809459398657478,0.6923586929780909
0.9865016802627293,1.3371941087964472
1.2428386230467652,1.1088311804773112
1.1550473555720608,0.6182119879842335
1.2369055438000092,1.0954746104468063
1.3329222694988647,0.9572590926562559
1.2268527435449044,0.8966457719955986
1.3613800369552402,0.6683250117206427
0.6492638370381988,1.2415682331290685
1.3750505818118777,0.6016072979945344
0.6001023082877532,0.9619126371104448
1.1181217835052681,0.9541606024402995
1.1399503599597405,1.1618772090139324
0.9489859920401142,1.1898981989406372
0.9778636751867644,1.2134729464128564
1.240576555944132,1.3606317593508601
1.0057677454817842,0.9366353825111058
1.1404075651815566,1.2476810101426596
0.7806688665715137,1.25476198996869
0.9978972826951913,0.8540397101246981
1.0677642317622635,0.6439427025334895
1.0646152353443785,1.3835634757282793
0.6338854512963117,0.8912543746490911
0.8176164143570797,1.1229735965718848
0.7733525598244652,0.6957216368196455
1.379780903768495,0.920052965620869
0.917215645583477,1.393586554060204
1.1810000897611932,1.1052268820296005
0.6009082719179877,0.6089292372737625
0.9508885914291114,0.717012619102256
1.3121614287769423,0.6728558842014574
0.9568042019046421,0.6483213565969235
1.069723898639811,0.9029554240565021
0.7450697279188374,0.6232240352057137
1.1847283399356052,0.603079841291892
0.9196276051042298,0.7651760349176868
1.2486950970086743,0.7803383534181918
0.9397647068234946,0.7793363609113154
1.3889924562728446,0.7111626318187565
1.0143104159073246,1.3736289767564807
0.9644311932428274,0.8378023228071303
1.2543102355277664,1.3063418735656074
0.8189499956096311,1.239118212867119
0.6303117781676533,0.8882373981974603
1.2115190900880681,0.6045678840115833
1.2008530744600747,0.6505840298652931
0.8738733983690297,0.9466767280603485
0.9546738683447644,1.2444393702529986
0.9156980551422026,1.3275249755910583
0.838539205948009,1.0941818968379504
1.2799504869081537,0.6546969524084808
1.0453304014264655,1.1006716633844131
0.9252234729362476,1.1615247635166808
1.085287941670886,1.2585639167712608
0.9115811967390162,0.8089647964847473
0.9443289783902605,0.6337554911362306
1.1066410872440378,0.882217145087389
1.0188887310609624,0.8982035858615495
0.9702975247188825,0.7437889856839774
0.8510117343039213,0.6130442845679965
1.2011286828913426,1.1845085264188153
1.274018044495418,0.7385862714119986
0.8489642054442893,0.9684953319780678
1.1204795950559325,1.258102733262465
0.7856687861813436,1.108630599955184
1.265676248872654,0.9091740589569024
1.0991879885066815,0.9241275015169648
0.836887275903575,0.9942361436195788
0.8787856603854916,0.6730270561724682
0.7579113558537247,1.3565783833240859
0.6759072229628438,0.7632461215925986
1.315357068113754,1.1949255527721112
0.7408406363743061,0.6078192041261509
0.6281755089302766,1.1787521491340192
1.1661346171383324,1.330014350527429
0.9267501061270292,0.747375078810674
1.1890128900461987,1.0179969292102191
0.8049751209516024,1.3278697142587037
0.9858269182569938,0.8911565098955856
1.1235404710623513,0.6520149265384111
0.6400505883514035,1.3498665457907508
0.7848777058727825,0.9800539385103562
1.2817793979982746,1.0526019556390522
1.125169133643413,0.7523467687580049
1.1642181347964111,1.126035848378816
0.9516430409045384,1.0791008666504016
0.7330304489935633,0.7890172396260507
0.619322001728012,1.084639953050257
1.001420820013009,1.3404441184183888
0.7935216773255267,1.3710702284941816
1.06893508545383,0.7596620791844502
0.8214620159340361,0.8582373196400981
0.9498130767743393,1.2043092480901736
1.0265737940477426,1.3215320743346262
0.927733274289731,0.6063954567527957
0.7592052346058967,1.26889235516762
0.9624535577957994,0.6893158298558086
1.044954274923957,0.6446711568942903
0.6166826920303924,0.6664525953019433
0.7652257692228155,0.7681757021914637
0.6592861523195348,0.797057904579938
1.1194883781991125,0.7721140157608479
0.6321550394011656,0.8007406585061071
1.309331690110157,0.797415488296449
0.7544374115043538,0.9392210637129339
0.7108299815872113,1.0234509169903698
0.8951901696802784,0.9916417150472825
1.1473759694264092,1.107853274759014
1.1481282553764305,0.8730463727599833
0.9146451093773594,0.9024324266709085
1.3693462464248671,1.3441110099343874
0.9099095332478215,1.3843715328026065
1.1288732114292899,0.9461540808595277
0.6497936122461343,0.7188613376197903
0.6088974609609067,1.0549321096212363
1.0146604928061345,1.354054363351614
0.6530026889135351,1.1599263380181553
1.150624124402285,1.302561793905433
1.093859243698296,1.3753098758833684
1.1369469128654146,0.9008242956091113
1.0833507907612963,1.1385964113477667
1.3351353220522597,1.324933495884769
0.7836935931263963,1.1988693784946247
1.1926931013623845,0.6057950847348338
1.0562693140666801,0.891931600911469
1.019183666009657,1.0181961650801417
1.139465915186534,0.851426892818855
0.9034353324923007,1.3306386133551322
0.79469040592092,1.3329661874520333
0.9156360038313454,0.9401755960736964
1.3394868646710902,0.9308096777384778
0.7776924669629424,1.0600242836140084
0.7954816344472875,1.1003816048021697
0.768403432194354,0.9206960724468665
1.2287226194851466,1.3288572022863168
1.321679607865531,1.026661881972823
1.384270674788533,0.8232468293462621
0.8685685156682593,0.8384746303201163
1.2646797212174978,0.7215322262108579
0.9591009171237581,0.6421000213369645
0.8926271415698961,1.3301565503175679
0.6368128178344384,0.9317357088782525
0.8101578033473396,0.8626546364803418
0.8102762468874454,1.1851057059362107
1.0220908052110835,1.1698152396739685
0.7482305317104261,1.055394396776697
0.8284769663076081,0.7460374278996278
1.109061665569452,0.7106049732422374
1.0086994950028234,0.6677049185788018
1.3761994854145378,0.6767782882157759
1.0782572855361943,1.00225551677155
1.0031569491099979,1.238305151205906
1.157655319917993,1.3409235940270146
0.6449148179499422,1.3326354179760036
1.1957417401495656,1.0646437021292927
0.932892662868166,0.8530068904494179
0.9751065560685641,0.927343352534735
1.319242135883023,0.7347296427085548
0.8317532287323915,1.0398715833986996
0.6056883265010037,0.8949117503702464
1.1070162072545577,0.9694236834064521
1.224650057785826,0.8735732007191448
0.646400567310254,1.321848071770268
0.7190861148472578,1.258360088333351
0.6241592238970657,1.2979018643445888
1.3431011979139496,0.7696319210663438
0.9620192307500599,0.8596087326046364
0.6358491464436652,1.216293262063212
1.3018619028335277,0.697233212146215
0.6237121841701423,0.9326742047937119
1.3168776483413058,0.6115484374830931
1.3577630525318294,0.9557098280816974
1.1493072819642172,1.2779430495361042
0.7430718747198574,0.7127371673040188
0.7770753697085994,0.8542785674362718
0.8598516756840808,0.7239684021251381
1.1585580466599619,1.3135588041544524
0.7140708281985191,1.235433294003796
0.7353374947494669,0.672304262677942
0.7086737640312488,1.1544744458297123
0.8210942682060178,0.9199260370391114
1.0335012767158986,0.9337617075874756
0.8644420994200221,1.2400509782276887
1.3259327930885172,1.1601090114767394
0.6524689305417677,0.9879011060792358
0.7598320888271762,1.333686997592559
1.1045231071969615,1.0354009715316261
1.1122684312393745,1.0774747577294972
1.262233798196048,1.1391555105067377
0.8615960598604664,0.9748534771992043
0.6101895382801583,1.211126639764132
1.1808458584877055,1.3734591111637826
0.875965264638629,1.057585421975501
0.7825944212608054,1.060184067131984
0.6623483708712437,1.2311470246186222
1.0801382481152748,0.6189026936042323
1.2482487858170077,1.3722507925825362
1.1906516283184887,1.1117814900193916
0.7558255020221485,1.0198633573983276
1.3587359365938947,1.3097880036627922
1.2752336851971375,0.9986498121177969
1.0132405052481586,0.7697817105202869
0.9541940973652285,0.9234769052925306
0.8990776834004482,0.8156380677712178
1.3656330811639457,0.7798382653807837
0.9128556431819422,0.9733481138111957
0.6475215471519373,1.020041999855945
0.7252346565321587,0.9832571016578877
0.7473054690464507,1.2524372662688021
1.1360548372542811,0.8221976349804561
1.2826638609523038,0.7497884024083308
1.1984104754915363,0.8634167932211756
1.0997657013569833,0.8240805512644104
1.107390842151493,0.8774841772847812
1.03494660105576,0.7977221363119773
1.3185463158403166,0.7175837990358265
1.1945447194333578,1.191936020740283
0.7735065583440418,1.2318318018839198
0.7386069388441544,0.6263656873750404
0.7620155433535231,0.8717866293779356
1.023280167834481,1.0610516373068648
0.6984680806100327,1.130332100083941
0.815677510366965,0.8499809743461163
1.0939392450999608,1.1279345735102102
0.6545272552798644,1.164856825112316
1.2548486255854585,0.9767177823014901
1.2443853834727499,0.7374981830053158
1.120521508203634,0.9662791572036196
1.001221380442136,0.7283044608933181
0.7930143221249837,1.3758415769757169
1.13702454266312,0.7854334546263084
1.0217527124774304,0.6917759913078755
0.7214978846974642,1.1674197035170741
0.899320601064285,1.1990026864289933
0.7881881111683001,1.2818104429970165
0.7291752198306709,1.1560092073224733
1.1428970021933291,1.1791116647312205
1.1085238363997558,0.8495729162831099
0.8031100413238894,1.3718385366005308
1.2286251587882315,0.9992590706328202
1.1877078072210967,0.7739588233048681
1.1213715267894457,1.027088473050771
1.0236322897021797,1.0997726989695267
0.9630617799154524,1.0656845435810807
0.8299270937101272,0.6561004463434152
0.9040395944686893,1.0356383097245485
1.2788027211159871,1.1139155214183583
0.6173525957930126,0.7938587960038541
1.1064497796949262,0.8502396513362517
0.8127633756501969,0.8381540358829704
1.0898029699189236,0.9189040558522588
1.1904784881505845,1.1364469825639254
0.7509994494961147,1.2826232860316966
1.2189611485298055,1.1748986210604533
1.0765068619866802,1.3590991233805148
1.0177104761720022,0.8451794174979079
1.0160614451054948,1.206869953749861
0.7631624251801421,0.8074965112346622
1.0351552460674285,1.1244158475170911
1.0289153224828949,1.0716834373645798
1.0260317881410568,0.9960622463220066
0.7533527657644374,1.0351306723457847
0.8373857470754333,0.9948901955933707
0.9136356304345545,1.099161582978844
1.0468135532857286,0.8364184875598839
1.1214703864256657,1.0260312132026297
0.9356352501649219,0.6074211169564075
1.3368885861045254,0.9136678691559972
1.3755177004223338,1.2874317597033489
1.3090690307712092,1.0497530731171565
0.9787456217137944,1.067461499815067
1.1518580890490204,1.3417352861469904
0.9612971155788128,1.1353997921732386
1.3230607638826113,1.0407330741672869
0.9440606822435583,0.9686605603829841
1.0372551754406816,1.2248243227030793
1.145425100807083,1.182384044215168
1.107879918441812,0.7197308453271548
1.3341206542603492,0.7181643619778364
0.7795159274563401,0.859828820026481
1.2236255061291126,0.7889570805897216
0.7365809857626967,0.9499704865567851
0.7908833370494439,0.9689220870875539
0.9673108536446918,0.7329961328829429
1.2005046007323548,1.3867665086101275
0.6701530338920751,0.683909998987477
0.8694382545120992,1.33176624276849
1.2196144058098946,1.2804330074770527
1.3927766126859575,0.6988636654784939
1.175989681932394,0.7491039790754976
1.0165023728302094,1.3051392122427248
0.9981886878905477,1.0581400030339472
0.6993793049415603,0.776815583849933
0.946378898702493,1.016457947035295
0.9936476334296165,1.172855848643402
0.7111660524842635,1.2906824858680839
1.2928864934658226,0.6969644509334779
1.3744660870435506,1.169112913872209
0.6073761602287056,1.3276993720855796
0.9276591158162439,0.8111916796154545
0.7037551035111889,0.6459304510667466
1.3668038088773602,0.6238108100071991
0.6527782502445401,1.0641084270083563
0.7045564366699625,1.0654476849732775
1.2077685638700424,0.7306337110020159
1.228380212604967,0.8714805550087763
1.1935994609732168,0.7535983668989488
0.6677914166800785,1.2314113117734102
1.1834878114803984,1.0608392362670038
1.3503980243067142,1.0503647607859687
0.9761930987721932,1.3510081960466067
1.1275677369206107,0.8630472380317136
1.1910908574408596,0.6630791706856486
1.2877094217918565,1.2711217536746033
0.8824892938641291,0.9833628030388912
1.2900933201922224,0.8724843760199528
1.2540512365975085,1.3475620810693238
0.7426278894301537,1.0319134914738766
1.2140186147888414,0.9756579946367794
0.9360867418968561,1.2935590806229387
0.8459912177908387,1.2598066200170723
0.6200518649691207,0.6747324493941339
1.0781210652706468,0.6798323803009881
0.8839893920599633,0.9417134894325365
0.8251048235017059,1.0974219068677602
1.3070595138489898,1.0210143735398554
1.2526460408541256,1.2851576021755837
1.0625558367778773,1.1078374898719066
0.6748310319699679,1.2687287993196734
0.6005157137181037,1.3389060393894192
1.2372358698876924,0.7723884270673591
0.7320792525839386,1.3890758685582223
0.6541536485175486,1.2666191308064048
0.8016241377722713,1.315425120263307
0.6093061443990019,0.6937018037586098
1.3142495640210574,0.9898293496453345
0.861074938061618,1.3190372342546284
0.6653812705369225,1.2608239839723954
1.333634228501767,0.9722632923629642
1.0318808185729662,0.9190507276821056
0.9753785710940733,0.8744833430232122
0.7338647650122284,0.6623800858330622
1.3057522630466771,0.8732810664170841
0.8393720065863981,1.2946135177185485
0.7117480222345767,1.0858117233491484
1.037601275067769,1.2432737220795524
0.8027476094258298,0.8296083615442043
1.1680977362825822,0.7034699738257169
0.9834539207543305,0.7391437412740016
0.9795495122840241,0.7417685051315324
1.1722525687017127,1.1198897856945087
1.3651152859476952,1.3482261209227036
1.094715546380534,1.1375704751124047
1.1533090016896859,0.6705710814479278
1.2090797274538772,1.364305154820966
0.9693441288155726,1.3415492853016657
0.7907384277396262,1.2591983619414213
1.2888267056744063,0.7717301216739462
0.7564714018452611,1.1047179768237734
1.1632990505845995,0.6974272951030401
0.8405772116645314,1.3993815918566785
0.9828044344031404,0.8562922854268392
0.7526985240079048,0.74882997510592
0.9639943319396951,1.257267751363273
0.7687942441892995,0.9822803722887345
1.1848020744380279,1.084368111110007
1.2443002826101108,0.8334173622548471
0.9139236376523715,0.6742415890414248
0.7845235364549674,0.6595002652590776
1.2663915388974503,0.8302441587363601
0.6100091119590039,0.8482574461033481
0.9821321575858557,0.7522440430694856
0.6165659152528654,1.2989203732123573
0.7245538316630686,0.780736606505966
1.3040241093909914,1.217341486480161
0.9155099856577815,1.0817905569830062
1.3740824022816722,1.1925518605126486
1.0610110204107726,0.7525034532735052
0.6959916900124443,0.7280590207252695
1.3552029421620089,0.813829042490098
1.325473398094959,0.7798410321281023
1.3010894093838556,0.9096904499776348
0.6453222374242609,1.149756660973295
0.6204686557786023,1.377970674847081
1.0440213622160401,0.9059791714602432
1.3115467776570253,0.6194283416693036
0.6481446285714496,1.1434247419343617
1.162184539680502,1.3465859192515448
1.048749768774872,1.136887564434586
0.7632331451792554,1.0517992342297022
0.7423340114728202,0.7828074750796082
1.0975797546005395,0.7579127703051302
1.3324786340784989,0.9037573359230571
1.0534814113043753,1.2413046409804487
1.363503548050395,1.0039602049472542
0.7782573149411083,0.8879527710081673
0.8868061724677934,0.8680682703248086
1.156476463289208,0.7855188742618171
0.9249925338772895,0.955862370445093
0.7244660687805574,0.6636564895654979
0.837132811025772,1.031084530487786
1.1998361958274142,0.6662719153599757
1.137854350853568,0.8083377399153504
1.190178497388176,1.1147602126785614
0.8037396563171362,1.2438595165432167
0.7505319503700068,0.7190175860222237
1.0513999764205153,1.1296962659694048
1.1183537750040915,0.87295357707249
1.3730198335041808,1.2624692569988192
1.248360604423271,1.108240755795458
1.3148466345990983,1.297573268751728
0.9409455637385598,1.3357146488566563
1.096863576799097,0.8328620976900487
1.1348518150127478,1.053603116739772
0.6324557913175063,1.0143200343902603
0.9372422942149714,0.9523258769749994
0.8495685858762061,1.005241880501075
0.8762524215033383,1.1938123805703729
1.0924610646191066,0.8423327825144735
1.0548526969883547,0.6601663348226111
1.1798440435426008,1.29384900203511
1.1796493287646923,1.2484067197496598
1.0507185082592652,1.2272216957984927
0.9960222775945482,0.6068445097588766
1.2190449910769612,0.676818177100172
1.12337561649021,0.7640948914588969
1.0314399376009218,0.8040107447486387
0.6683208871709021,1.2495987168660494
0.859277271170908,0.76707501724247
0.7268606922008234,1.0857035775386064
1.1870342863717003,0.966779881249672
1.247805406146714,0.7340255169244374
1.3562862701591212,0.7005821418511686
1.2187229808471793,0.9938027285247593
0.7336655965791594,1.0961950897807058
1.2121757123842207,0.8330754075240283
1.3520179794785256,0.8355121547571115
1.2986496886973824,0.6731960799068636
0.9974862933189543,0.9760510441245183
0.9785879125172517,1.0765168166168428
0.8389239288576119,0.6461755377209317
0.8489264596897292,1.2117364706196883
1.1228552670790792,1.1798531822222356
1.103471389255148,0.9604285689346803
0.8505150191455825,1.0314862838794225
1.3692608211040174,0.7968102991843962
1.2312368554132158,0.8842651105546406
1.0136228564906935,1.1623614113604899
1.212692936149069,1.3331979917439924
0.7894178822979235,0.9414906368457052
0.6938343533546565,1.270638174067215
0.8240481841911338,1.1826625491885108
1.1422567862779038,1.3798553093853547
0.8087496663104443,0.7059453421229382
1.3575456160597326,0.7483050668426607
1.0998950190685723,0.602103702316215
1.197786783169474,1.3368711087954868
0.7599768720309289,1.1132734490823377
1.0153375940039362,1.3293280344764509
1.2104310921944554,0.669188817558263
0.7203152295562893,1.0383337083825608
0.6505414615522321,0.8114724945328653
0.7691842587607219,0.8820721332413152
0.6626584823865522,1.1249063856977157
1.312126263004831,1.0106192473459514
1.0644542755603688,1.223812520721491
1.0631706056258574,1.242539225535284
1.0145155891242181,1.3337732743492667
1.1164259768724043,1.0643608572442573
1.374878118946794,0.8429943279302023
1.3753483365129884,1.256874391170597
0.8594887501046744,1.199410867409758
1.2557071172626901,1.2770051930013278
1.272507968057939,0.6621220523892372
1.0642167687415303,0.9852212672036808
1.0710618322670171,1.0289364176756155
0.7435579529123084,1.0121399440315237
1.245138852576637,0.800289387554872
0.9261229538540567,1.016319285528028
0.6848201953559798,0.8888375776064741
0.6132135337584358,1.104887824125834
0.7476205196965899,1.069278871956099
1.3195201151725957,0.9050474530264312
1.2326469030930136,0.8999555380591195
0.7157720318574752,1.303111209698178
1.3972043284373448,1.2310065548061853
1.3902780605366432,0.6662029146640696
0.7502128756191307,0.7231868855172723
0.7164864370677031,1.172529866455716
0.951414494839436,1.0515766293714395
0.8616209225842484,1.3562797773610442
1.0462519499897283,0.7677819271437958
1.2366112725088207,0.720031539720356
1.295430697648892,0.8955566935149314
1.0304102195182596,0.6005932406434066
1.0861484169531912,1.2723025456916655
1.2270135795625947,1.061321715061136
0.8800520079255081,0.9537274034241303
0.6947539391760287,1.2048373859143329
1.1097884133910663,1.0348752699551556
1.1813904951760583,1.2411797421265423
1.341826643474019,0.8014229265618387
1.069586755863597,0.9829668397596683
1.1668035176138565,0.970977363573525
1.3657821722442878,1.3720443346661462
1.2997475583012406,0.8780443272913385
1.084431551472609,1.0804661253137329
1.0181282638933722,0.6904386487102557
1.3236958005738637,1.177254249952544
0.7565286983334969,0.9232243874884879
1.1556327309082368,1.246156167057535
0.8172225886457927,1.3068608464907776
0.7815791780330458,1.339544767390452
0.7263013737621196,0.823951643469979
1.2646131483271876,1.0471620564237019
0.9771680422533091,0.9183239005526483
0.8256387101015072,1.2873302982642736
1.379602580269295,0.6304674945217692
0.68362402305492,1.3443370124976854
0.7430152486280228,1.3390864458651555
0.6636127975649913,1.3649321176342188
1.3783122575348101,1.2821680203390424
0.9540476888278084,0.8814852159477851
0.8277686643123868,1.3137741465599513
0.612679460401231,1.04527589670242
1.1256416894776649,0.7869702734534614
0.6232338877128707,1.2018652819546713
1.2092645674201559,0.9114423089785036
1.2063273159149825,0.7725472809063929
0.894445529864376,0.8599588566387903
1.113543579448668,1.2186793554719455
1.1744724553129728,0.867975050468359
1.357416333271161,1.270174853565227
0.7325744288686895,1.2218979598830573
1.1855792188947714,0.7782728103119328
0.8510518001140658,0.8809842292970234
0.7641440849657011,0.9881726023785325
0.9896781919219102,1.1839720630808879
1.354441385280548,1.2655086395890849
1.2616901069766087,1.2532345775538039
0.6506250203823731,0.9887076047854432
0.8815553479298124,0.804652503008994
1.0353724619311946,1.2007430616272168
1.3760732071887105,0.8269526020776665
1.1230145021911353,1.1985665683050906
1.141060849814426,1.1941210398661557
1.253117511696101,1.1642714264088565
0.722899428173338,0.6694486524024146
1.157135238742152,0.6162731929207861
1.1139603824706177,0.7847274689641003
0.8518951223649124,1.2652208734456427
1.0072323709130235,0.8753351590599059
0.7246587945838543,0.7813557987845238
0.6843119378772345,1.0770278853821647
1.1645156668983034,1.0414043833382638
1.1875499162530452,1.1018515338772306
1.1061624431524175,1.3992090960113928
0.6273496822784929,1.114261779180433
1.3481177068406631,0.8732478387203157
1.2433814212968999,0.6339060726254238
1.1261552858508272,1.3860460911922503
1.207419700882384,1.3857118286152876
0.9687662522821152,1.1145600565780103
0.7419906767653766,1.2986506954549433
0.7654423776523569,0.8277414682654147
1.3914475746575332,0.8348679457822301
0.7445853167705485,0.7998659343331266
1.1390477739138531,0.9692437216703023
1.2951263468995418,1.1543976123335646
1.3537934415265798,1.3573051656201378
1.1560922638412996,1.2436969332380445
0.9526388137405521,1.0046569022043517
0.6262248672020809,0.6293469855410448
1.2403408526145243,0.6119372515323017
1.165385146753029,0.9002264608037711
1.274437942264401,1.1050661196912483
1.0298834288464782,1.1963403384047964
0.6935810609894404,1.0824408455258712
0.9674910344908807,0.7473174211633242
0.6815006566182701,0.8191985501978418
0.6578101883702712,0.8349010996340605
0.7389032911673119,1.3074759694447933
0.9596901227440442,0.9758419559182654
1.1535007601246585,0.8037693915699164
1.1263786229391508,1.1912444938693554
1.0496145940646064,0.7003095961429402
0.7529622269848162,0.7883948651371985
0.8482414009192278,1.330338368508331
1.1246542879715231,0.783589176591809
1.29042484389792,1.3033165997166254
1.1643286840341287,1.2160480512439067
1.0580897566510292,0.7982913854743333
0.7933069012332873,1.3484095466530797
1.132642252338996,1.3793184729774166
1.2519881378860476,0.7679076101260174
1.1789996589957403,1.0045381079490545
1.0383396348038225,0.9378999898930163
0.8971480791862141,0.8049251819771733
0.9436573150654433,1.3049655988405924
0.9892295514672895,0.8405241830948109
0.7609903693699458,0.678947228177424
1.0236931884499079,0.7049650320757832
1.0796962285695417,1.0676375094092792
0.9418904343025141,0.8616643708010875
0.9653428696207582,0.8154691105946106
1.2437172020624996,1.0786310323940127
1.3050341895147524,0.8964373334959134
0.9340247372745794,1.2241125765146914
0.6729020258298841,1.2904030809170128
1.2358672906854382,1.293426432106051
1.1325396962248684,0.6689498335466486
0.7767600454800402,0.9194098944815414
0.9595988998307536,0.890922930757386
0.8982695649921675,1.2245699020089624
1.0758298700469686,1.243499744229711
1.2842610739504772,1.2627115729425569
0.9488123099986305,1.2340883217712038
0.6077817095110822,0.7961439670895109
1.095429662919285,0.964826454732967
0.7359615042894935,0.9545745212000766
1.0552737591875203,1.2105830374038726
0.9283099455621123,1.315739537586531
0.7040294981872623,0.8077600075212863
1.2350853527402248,1.019699849095468
1.3426563682614907,0.7685283236248458
0.8168221437655365,0.9891610972806473
1.3186487232496265,1.3938098557355005
1.1422129044352753,0.804380178916304
1.2827479262137167,1.10965662983957
0.8292372705634321,1.079552901162828
1.370283807386341,0.6225884908442838
1.3425044446693055,0.8234645830193092
0.8038852629725782,0.8070519643396549
1.2450524779433279,1.127053294937626
0.8561846710827007,0.6039368255257275
1.02940497983679,1.1218146203504507
0.9274367030730353,1.232706838185777
0.6196445802365809,0.7083628144851608
0.6259566306854097,0.8663101739265641
0.6797547824238771,0.6874209727729732
1.1670473244975768,1.205020994142298
1.0726286152334377,0.8060704988030074
0.8849568256859713,0.7786784678589908
0.8937402789068668,0.7064308552415444
0.6069263020741763,1.062610233797976
1.0014548951654467,1.09378150486333
1.3382772790637687,0.6107984829413216
1.098003609921672,0.944191789344178
0.6762534527062727,1.0262867732606638
0.9478903175509162,0.6836552146573777
1.3604047064582168,0.8372998890260539
1.2800096058204358,0.6808803336320151
0.8040654031035596,1.0653578172049498
0.7098550097912191,1.363080254870211
0.8908233436668624,1.2289430380869146
0.7579870602805463,0.9425504872258478
1.1573858741220553,1.3047445801556377
1.2426542476937825,1.0983958330791737
1.0123363883472718,0.9113134189075028
0.6436261421943945,1.1466933196743667
0.7273264009891205,0.9293635177127324
0.7063623109512521,0.7244405907646964
1.2418447706430302,1.2093819349142683
0.6825331078856248,0.7817689045058799
1.268024959290956,0.6628230186856473
0.8167682014758642,1.1415330954936866
0.9846535603149796,1.3378645923706582
0.8978424449054335,1.2985001788213608
1.345040756695378,0.6544576506169122
0.8986117762672136,1.1180741371750225
1.1231802391654946,1.3247125846542784
1.174786039275649,1.0523867397821016
0.6220416963464411,0.9087627853566329
0.8126130152090703,0.7435893704546799
0.8104220104565083,0.7477920753963256
1.3577382851637696,1.1832484713475524
0.6216777584741306,1.2088858327482694
0.6721435532965173,0.8158483424668158
0.8187048489934365,1.3661022844276454
1.0195380389860165,1.0966760882945765
1.2978068676180803,0.6505291990933121
0.839196804364671,0.6633612708713467
1.3063152234842557,0.9700914650873504
0.7318113196082735,0.6365384390749231
1.3101205300384535,0.6251203486023684
0.6568285708505875,1.2361565197860318
0.7060790268996335,1.22291408189691
1.2910795834430904,0.7109733837208666
0.9832978093473821,1.3451304280544367
1.0953581247898139,1.178647420979313
1.20361369728213,0.7203997841549478
1.3660066166122962,0.7000439943719898
0.8940108738989863,0.8443323966628395
0.7295269488100733,1.1183828221600072
0.7774962633897109,0.8408203555968135
1.3983979502822013,0.8693137089102632
1.3066946462860705,1.1755583122169497
1.1737465456386715,0.7186572646998718
1.0043538962346252,0.9375184480776473
1.130958332334501,1.2214059139610116
0.9047114796763994,1.0001866774888328
0.8386164094896493,0.8832669054957485
1.2708665610927474,0.78269467532855
1.22623689436513,1.1747916696929264
1.399604062596053,1.2043792595434648
0.9401627428156163,1.112737546488552
0.6315280941327239,0.8469553096055298
0.9637302693249912,0.7683618017457964
1.3863005885810258,0.8336741604059026
1.1443994167541387,0.7207073979593744
0.710512478009295,1.056715179481449
0.6047365961650186,1.168221560563214
0.9065928642376863,0.7815732362324068
0.9348226711127037,0.7511181291745581
0.9816162803277964,0.9594295949563156
1.1436037033772148,1.2916143469858599
1.1245337011941128,1.1846993318279755
0.9044597016093581,0.9158994610900447
1.343004386978903,0.990448512227077
0.9080739805289182,0.9794450738605971
0.8183620986928466,1.1686248232073404
1.2875862382497398,1.0563967492317454
0.6159777247523575,0.756839098848793
0.6014447675551101,1.2052100338650447
1.249871889830767,1.0797408807821156
0.617189562440107,0.7732731986805996
1.2276245880501016,1.3795631566653364
1.055811469664245,1.0910222112720853
1.2281336750508283,0.6539746264463037
1.2717565312122578,0.9698279347903691
0.9341895754579753,1.1482940689151753
1.322131616006386,0.6249138090691551
0.8989217256443305,1.3602123340426913
1.1504292591072485,1.2851104196461605
0.8631014639733602,0.6860959523315829
0.6112337572549738,0.9250043580007155
0.6710320063373509,0.8285592571997866
1.0706232952899766,0.8908659789968187
1.147686311123195,1.1534091605708912
1.229357137614354,1.0075475633069078
1.119948920920062,1.3488213143715222
0.8468903902525305,1.3188669277892824
1.0343862316271233,1.3292316509623499
0.6253168183572154,1.2120673825048014
0.6550925219121916,0.6567792731968278
0.8393516647005764,0.6259824959319195
1.3548367877733614,0.6641716765883243
0.9697472627495165,0.6418434401671619
0.8607370656420512,1.3607218303936572
0.9549983448462362,1.3610993854485027
0.6328341995678719,1.0985069370181448
1.35411260821646,0.7298580401012797
0.6058927047462804,0.7691715967843584
1.2070262670266216,0.981818736659348
0.6529297198906518,1.3681021752575004
1.2177824002669946,1.1300469759948761
1.0650889936360575,1.0894659797942996
0.645934767754834,1.3257772481387797
0.7434373132897695,1.1073397290782303
0.679424690667062,1.0336158144032384
0.7797781717248856,1.0191546599399177
0.627061169895796,1.1046091181598565
0.62226054263432,1.0519119532600736
1.223511793893058,1.3318556810908588
1.3082337335416498,0.7648001026738285
0.8558669817442796,1.0081044966786123
0.8225608401917288,1.276179257986898
1.1484381664313266,0.8236042950700437
0.6374776326232001,1.178463069586464
1.1823788856597846,1.0061542262307241
0.9571348902816735,1.1510912247556928
0.9523637323245806,1.2854007455305578
1.0724309696637266,0.8856769534484092
1.0749763821867921,1.0809210570170993
1.3879071330705977,0.938744510680086
1.3768608598670007,1.1528811926134925
1.3847549399551549,0.7035800406991121
1.149670034322685,1.0809792573320158
0.9029769182316942,0.7315145338021463
0.9818995166928015,0.9697168595372112
0.751514062926859,0.7552953189664893
1.3264892831823152,0.7567196531570326
1.0893221273546692,1.1455999102225598
1.2223756770944165,1.1518175911519855
0.916672973059496,1.335656742750944
0.6540506538568954,0.6963349224651165
0.8481269914214151,0.6497755807737485
0.7343950725808919,1.2683065180658124
0.9246614548401695,0.6388312395239033
0.7652841248239658,1.1841397928326534
0.6345592676303188,1.0919357611962823
1.3696708807179279,0.910190463574182
1.0194391820351907,1.328171413784107
0.9429161371604203,1.3977157133593308
0.8264666508152333,0.6749868739981395
1.3499238730928536,1.2183467189659742
0.7617060429980899,1.1324036424625366
0.6711826281481297,0.7978570453281775
0.621771074002955,0.7095193282728625
1.344542861232723,0.8072920569398896
0.831886950811388,1.0719319580546542
0.8059050148315461,0.9665095541722242
1.2422083680313611,1.0390050260139119
0.6518210265927461,1.3920147802848999
0.6784352861910918,0.7103499291930747
1.1647127135972166,1.3740482079660823
1.3244041314180182,1.0664051334428306
1.3250569525798772,0.8076690894479885
1.044291194062703,0.9428540346678109
1.2989061231192527,0.8310251919332295
1.3869704786525623,1.0139183541324637
1.3757583908637616,0.6846171195627442
1.0213892707278402,0.8837734238329347
0.9555693227928217,1.1645349272539414
0.9389573126645794,1.3557425241964456
0.9743341743930463,0.9454946323984459
0.7361395812827838,1.068947599500976
1.121795578111036,1.200862609898305
1.2469385030551097,0.8311696389898697
0.8834727981215584,1.1422010832924365
0.6974754554240756,0.9313096588136198
1.0828181831561245,0.7045085883315321
1.3060441044657138,0.7010334604357805
1.0386546705495974,1.2864839486949637
0.9482539257766534,0.8763386340224366
0.9654582220517778,0.6095562057798313
1.1973108019820695,0.8807477356209703
1.3387839677197564,0.8594021401795929
0.7515425211224009,1.0238018116380452
0.7508490381590069,0.7605632124372742
1.2681770702864168,0.7193428262432173
0.922743874817252,1.3375021084973826
1.1743952786639857,1.2708831035665433
0.8551281346264772,1.3366049335849621
1.2840458437722488,1.0299480619770096
1.333377346139241,1.354569547682705
1.0002681975285919,1.195217358728362
0.6209692680266391,0.851287717284839
0.7459657910642334,1.076673409160616
1.391619162566219,0.8794657808683367
0.6024871906368965,1.2285735825926922
1.2673930845811716,0.9515758174714712
1.0089864840126654,1.1490956647640687
0.75028111521353,0.7425171202575302
1.1154346716824795,0.8287780436496527
0.8527946023382293,0.78253124335317
1.3103421632019265,1.0846535122354632
1.0294830023178254,1.1934243547425165
1.2896042183861385,1.246004693356982
1.117057448016742,1.0578048228180252
0.6521178503154808,0.6155146177220456
1.1866565419163662,1.3143271345188188
0.8178953427642773,0.6820067947225879
0.8478283719130757,0.7901849470796005
0.7014710588124946,0.9223399201497637
0.9342811722812215,1.105334780003742
0.6426578684425162,0.6445834635513117
1.2636283060761704,1.212702150856809
1.2249668493505341,0.7876629153557505
0.8806677091878171,1.3495660939347889
0.7567188199390364,1.239242667604784
0.7370794826186781,0.7945754464705768
0.7757738344132383,0.9288616847773864
0.6423733991927424,0.9116573844656225
1.1018130390521175,0.6025483596731818
1.062202694746952,1.1801766909603137
1.0476057479278542,0.7242039477673974
1.0767816512405433,0.6182564504498775
1.0499769188408805,1.252812792257874
0.8793396508334259,0.9786136101613571
0.6035744400826428,1.2952456610768457
0.9132059613578236,0.9270199382543567
0.720798099074365,1.2338383374480228
0.9349584952932128,0.7686897177281061
0.7490795969383901,0.6327758002398602
0.6230195892865736,0.989733896530762
0.7716958685538686,0.8122557036205998
0.8160610995894705,0.9517826921457326
0.9841301981206817,0.8324891389749138
0.8956980234817632,0.7028917721551495
0.667460762460918,1.153715216999469
1.2902819923622824,1.2436457810612498
0.9288766273402147,1.1188710945769218
1.096305728717717,0.7819394898263214
0.9453705370604721,0.7761687508407475
0.6611694855459533,1.1347605622760755
1.0184815236105782,0.6745252915798351
1.268898212316044,1.0648190704699065
0.8847007510696598,1.1056100988433146
1.3627247145437527,0.7384444541495121
1.3581839057831602,1.1652606503251217
0.6581618276895471,1.0599062043807796
0.7811743719450843,1.0633415336349186
0.8742989372495784,1.2928262686686482
1.1812543010903145,0.9798640619552217
1.0636794227277608,1.2808205657092604
0.6304675010623735,1.2143454921564865
0.6996991287586007,1.142751779137961
1.0066972242559884,1.144941992176531
1.3655267574001928,1.172988866681564
0.786623242143374,0.8251419410381811
1.167226264858833,1.3212070394778752
0.6356067512322199,0.9484539693315993
0.7556518168562224,0.8225952459662479
0.6616473048324041,0.7961878396734334
0.7266413185426548,0.6441863718975241
0.7750554503092105,0.9989132081922865
0.9971717845785366,0.9074383698339383
0.9727088728870223,1.1407833248369235
0.6670159580311399,1.3035355572271985
1.0681922343013364,1.2444929848959272
1.3218482348491598,0.7027235131149455
1.1806000296029873,1.1879975043143953
0.9760728532216361,1.2712152932255079
0.9211007542225542,0.711487055924184
1.158822943794649,0.7073386998812733
1.0470662999969118,0.6295195363671049
0.7082784142888775,0.8924200458408716
1.3080053616466512,0.856865218790381
1.256856500426137,1.1446329719933703
1.3025631032635594,0.7248501079457924
0.9783974240752941,1.2940017407398086
1.1514879838555117,1.1008291475951841
1.088334581900408,0.8762770613988264
1.0578259187530072,1.0401943990309217
1.2041484876400266,0.8026627571803666
0.7761795570056567,0.8520082290406311
0.9802582571099794,1.0660019618670624
0.9902017690589672,0.7906142865722888
1.3310688634461758,0.8289671064880185
0.936951230097792,0.8447217656827896
0.7372957509002213,0.8023567963385078
0.6738057165041381,0.8683709725281683
1.0308923312050058,1.1758701344296862
0.7162675650534884,0.8874110249527223
1.0406203517782802,0.7382700725556237
0.7637325695285491,0.7789157669733704
0.6030410398015484,0.8579873636144459
1.2110163601804427,1.089297502652152
0.9202656339878097,1.1577141779501412
1.3400921971938842,1.3650428274818374
0.6455181650963439,0.9592921544321709
0.7228317200046595,1.1872007582055382
0.9994985726071985,0.7069618791553508
0.7829345433570831,1.0880251972310773
0.747494133938714,1.302880001516704
0.9022750605761496,0.7693725067867507
1.3551518008371213,0.735536725554872
1.2833077108544235,0.6887526135930832
1.2891302067839345,0.7449761651185458
0.7405028988352205,0.9235647976853588
0.6615043840619292,0.6889612168215985
1.1457070435088803,1.0620908806250937
1.3309066894910244,1.2599458835314576
1.1054118351094808,1.3930069044496316
0.7510941944406082,0.9396889676790754
0.7535476525410998,0.8436571984491936
0.7810094375502128,1.2735756436452599
0.9899249377129029,0.7773330092154316
1.2277384474844786,0.8376513583026362
1.0104212319667263,0.6136604600207615
0.7553701147265857,0.88549714045947
1.2830968174461423,1.0947405117777858
0.9859420587677654,0.7877791802340084
0.6743264243556029,1.0161387300342557
0.9881615333503301,0.7947369952696555
0.7303314876227176,1.226951184622165
0.6488203912830851,0.9045595255824656
0.9124258868061,0.9797879550255297
1.167795449455272,0.7690686277137708
1.095973457298988,1.2668752689128797
0.6039931540915531,1.247369802614978
0.9714168014111118,1.1555474145889546
1.198667253620183,1.0763704537998775
0.7329398704598487,0.7317514847584584
1.3447112985977563,0.7364416780733398
1.0003983133961465,1.1350109389492071
0.6923973596006213,1.2351599996197167
1.154707263677702,0.9320585099480811
1.203142627639437,0.8915693617039294
0.6855519143953993,0.8284175596360969
1.3466402916984967,0.6633313976056108
1.0600871228489654,1.020440572457065
0.6452214780734216,1.026913865926961
0.7979907532902137,1.2719185504763872
1.3346235344898703,1.0128468771065053
1.0614233223650582,0.6319293399148869
0.6900009537263483,1.2898400934199326
0.9438015337360282,0.6409470640368128
1.11197713778999,0.6858802762813851
1.3986701846845206,1.3783689136492805
1.0416847703182495,0.7623146107955944
1.128785059349521,0.9902817561197219
0.6643957097897455,1.150368548173668
0.9036060028300309,0.7180162883057739
1.3853380709422651,1.2423691177992118
0.933839888237179,0.6070570308372052
0.6125223808266397,1.3988021193454423
0.9866709492682446,1.3450275608373485
1.0758625029389037,0.9212206114804913
0.8640924299260629,0.6309997253599398
0.6323082187172813,1.22110014665131
1.3742831773924233,1.3684463912041585
0.690576886219303,0.7052761465398583
0.6256113588937614,0.6834210501316607
0.8108961825221868,0.6143431171380694
0.9375748071546919,1.0298440378993534
1.0281122399377958,1.103378851060563
1.127120076379919,1.2515602669075507
1.1727019848926754,0.8533188917348373
1.0964907219124878,1.1223010402737117
1.0228462863998389,0.8357199892184393
0.624835951573925,1.1437945420960665
0.8569348048006581,0.6699124232015117
0.9578066955762073,0.6761840810047346
1.051808623480551,1.1946237127259787
0.7446839168608285,0.7334532470838463
0.9357581306114006,0.9635407825322906
1.3944951950378086,1.1184197554275106
1.2872939071637641,0.6535565953023538
0.6894955526024493,1.0854322094630768
0.9976427748906045,0.8899618568404615
1.246696796308203,1.1526369617639989
1.0805060250418796,0.9497824681717932
0.7339446977950034,0.8637454199560055
0.9141277380781925,0.8375309505720863
0.8795299650057623,0.7922354803700516
1.2857965148703019,0.6370510693047416
1.1130828116365459,1.0886344480301753
1.312895393965429,0.9510823272229342
1.3919720404007525,1.3869169432763806
1.0616093745968445,1.0635949322238298
0.752474763159568,0.6206579853874348
1.0366326527051937,0.8042284018798178
1.1910054450317713,0.9043227540051855
1.2958885716664916,0.7392235663574468
1.2612119830206039,0.9053158497376178
0.8561506571180589,0.9912598778218904
1.064894803121469,0.7971383158052413
0.6967504974943114,0.7457762086835145
1.1025435250179438,1.0822079665941082
1.2152393880221672,0.8466253020082681
1.209506024719364,0.6495958161188715
0.6278055391078865,1.3948454820726774
0.7804527137263935,1.273799453698663
0.6834159936549952,0.9349206016522679
0.9939198900270845,0.6449724493722471
1.3365903550694256,0.7427670409431332
0.7872337974366752,1.3287075068044003
1.1622564229314367,1.2133957292336581
1.3285960275092492,1.3624783480858507
0.70018962397479,0.9147674801637143
0.6716007645063719,0.9039852265211378
0.7296728551386986,1.2471481854934594
1.2769977288276615,1.0510169980059079
1.1201154053116147,0.7751028254915785
1.2550453774962234,1.3763643478086998
1.031738830044457,0.6726663253250105
0.6679191003470416,1.2558021459966768
0.9982552360262102,1.0436587617546702
1.2946623245197937,1.2589306757597702
1.2296802939175153,1.377368418527071
0.8090633639713174,0.9814594482313012
1.3875486186823476,1.2644485795273976
1.0284724825922806,1.2973995636860114
0.6878521594364548,0.9746691743642297
0.7552354187520118,1.1710683987218227
0.7620834171927577,0.6795756936886427
0.9679198885144462,0.8490530378397856
1.2943302375178753,0.9725100752878716
1.071646694804,1.0923223901538237
0.772264146666381,0.6524615043308921
0.7225484276417351,0.6466482706203481
0.8334705765489174,1.3644105623879328
1.3064307507668682,1.0440898022908007
0.6586007556009822,0.7107828521479402
0.9570166262859752,0.7837817915463705
1.2087915167022767,1.2128581696418974
0.7633945522163069,0.8864459634165996
1.0796073638348285,1.3409670199481274
0.8895886559488271,0.9358470267820307
1.134927712360559,0.6497124250896867
1.1960452526390846,1.025510377976505
1.1872283881437582,0.7676498734541874
0.7270841995844515,1.2587423091242171
1.233531563087877,0.9106472941976783
1.2265125978004554,0.8747671906529879
0.6212604815358727,1.135095047955933
1.1825183187968276,0.8003507673300337
0.8174198587112083,1.083831317085397
1.376486692204008,0.8360540051765096
0.8570501788855089,0.6815129595976043
1.1641520568207988,0.8788691788801015
0.9907469134363898,1.2834504987022357
1.0772222564300646,0.7232062592391221
0.760269708842477,1.1810833185235108
1.3052466279542823,1.1700595355351964
0.7665186748891126,0.8600202236722343
1.1689250272645837,0.8834020918102423
1.1273387996407518,1.1336038631077177
0.984578317522514,0.7982277681352783
1.01514985058718,1.178172013886812
0.9049126025800249,0.8097223577464334
0.7074976266665322,1.2489721247615673
0.6486636950056908,0.9197910472274945
1.2758847407251008,1.0168416046796838
1.232985780662459,0.9613611137212608
0.7754898830856444,1.3174620226387175
0.9191570427972985,0.8157683993536021
1.1445132310374835,0.8652698594313971
1.396526853234137,0.7508751266449377
1.0377921073845524,0.8553463416819123
1.0736203757383558,0.9545270872047769
1.097164192131185,1.0623657441135634
1.3617565190827592,1.2972112331160732
1.1791746222883868,1.20793801736027
1.2707175031492284,1.1029143737905658
0.7041682202747493,0.6734657102655954
1.3779001252754974,1.0920840327360268
1.1178624951592981,0.7811526869846626
1.28541582412351,0.8265564655521334
0.9110365333255878,1.3876696424848596
1.3601995827423599,1.0352396755114133
1.3937885197426811,0.7597425641960968
0.8603974801808172,1.139599550830888
1.265067791666685,1.2775709738455445
0.6472882688673802,0.8105061337803748
1.1786667451580883,0.9055960304951964
0.8997956612045441,0.9723420927840469
0.8330468849116246,1.3828382663022136
1.1714942105777086,0.7399830556886922
1.186487458421872,1.053016577913339
0.861819286431688,0.6368123304474502
1.369082469602011,1.1043028042950467
1.3391574825526202,1.1332270509384967
0.8166107025983329,0.8656949685258782
0.7220415984857698,0.6290646326755542
1.237002323311767,0.8590202249115158
0.7211861196113278,0.684799258115396
0.6785951074615394,0.9885998827198768
1.21563837059455,0.8338516164084901
1.3868659604446114,0.9238563715399821
1.3710019915973972,1.083576748975945
0.9873824474456155,0.9575074252420371
1.2724298141834447,0.6142021513209707
0.8953361695581724,1.2991217759013458
1.0756104880393793,0.6163523714627495
0.7243187611423032,1.1873984619816058
0.8879471734343829,1.1758108136802803
0.9708221088587217,0.7564254987060953
1.239458359707117,1.0541946676316927
1.3676692847914276,0.7894958134530813
0.8696190097631558,1.029627059340323
1.379847887271869,1.0572255069177032
0.6070527667163078,1.334679848355457
0.9241463585878105,1.1689374973798625
0.9565687584000974,1.073227926130018
1.2254252361748117,1.3908158568352829
1.2439774485195683,1.0879063802192488
0.8932698573991644,1.2487519947232295
0.9702065153467279,0.819692257868119
1.3936667131078169,0.7966009302198569
0.6857868462629388,1.131422999215982
1.1383440864608194,1.356138709668189
0.6571140054905218,1.2346318289709046
1.3630848310151404,1.3743755479539277
1.3468438120218489,0.8677727725130417
1.149096319796012,1.352343377983173
1.3439203842576715,0.7636865524950234
0.9321954038557305,0.7674167411580666
0.717934598785007,1.3535305851854855
1.2991579388566565,0.925675745094072
0.7918541007810076,1.2604951753926472
1.2593487542145299,1.3997049455056745
0.96473214068506,0.850412369830559
0.7442072369206213,1.0393914281326273
1.2364471385712417,1.1948058016136722
1.3924245243005144,1.3053026940933021
0.6376191818582315,1.387951612945872
1.341403344240587,1.3393775479312977
0.6098623999615767,1.086831211233699
0.8861507801778983,0.724544055094814
0.9794248075898048,0.6618691521434941
0.6033289310802932,1.09368587635212
1.122005541616247,0.8716679225364109
0.6021118140241098,0.6306524602303226
1.0249292896129552,1.3252800953792252
1.3513919496341766,1.1164423348688746
1.2314897876206996,1.0504431013098103
1.0098648776365413,0.75537804177078
0.7231957034905314,0.7372662600423456
1.266123052125195,1.1806889436131687
0.8645597224867295,1.370554642192574
1.189651620804783,1.2105288720766305
0.9473438898641384,1.260349425539037
0.8517888174385039,1.239693567248351
0.8407650099151589,0.6202215590091785
1.110059276923507,1.2378885033649354
1.2029655734992097,0.7766933573527268
0.6697998717247455,1.2863272178209568
1.3455030915846204,1.0326153193495498
1.0276991108811053,1.2725225611711344
0.9433356587363251,0.7660937605544486
0.9421435034275997,0.744195132762331
0.6730825301894875,1.3035137933434957
1.0768141961620112,0.8938727568833033
1.3113012654345442,1.158806143312093
1.2638905169110446,1.2607026066630747
0.7624389710235462,1.2153941621892366
1.0910353128859476,0.7166909742625812
0.8905542262462225,1.1653599490917812
1.2613910706978353,1.3296333517447754
0.6343931708225375,1.322638268798729
0.975702668028293,1.2878817207506028
0.9842729581377513,1.2924130533145446
0.9988670029938926,0.7752644707401634
0.6981557216782015,0.6996457677118517
1.2213265598656342,1.123715941346315
0.7099666014862449,0.7307402061931125
1.0667010602175835,0.7791481089218135
1.3618402002337882,1.2406097208131892
1.2539113145372554,1.38981865516056
0.8270359447185522,0.9649601349135144
0.9025845096903502,1.1069680743631274
1.307012520327583,0.9270917340601418
0.8266662994082787,1.137011500984121
1.1174502139286235,0.8166620432688183
1.2413635270767458,0.6949606811274509
1.0100801738085905,1.181391824264592
1.1300215198350645,1.2171450750954862
0.7119271299805936,1.0994275233523543
0.6224760451804958,0.7760086953974779
0.9312751184675236,1.2561904456081727
0.6660276473072891,1.3005425207026025
1.2824921431131957,0.607319323166237
0.6657309477543258,1.0236151085007617
1.152706564434661,0.8840774772900706
0.7126665476462752,1.092623550191191
1.0806517935023296,0.6480503328467526
0.9038749458596251,1.3448891650494361
0.8814035183654637,1.1519978009268073
1.0693738574680145,0.8556168349733714
1.0818200732614527,1.3456572228139336
1.266799839894458,0.7951162260810418
1.0593283468932433,1.288774862908956
0.9641549960354794,1.3328043725006342
1.2135840189745348,1.0150654826536711
0.6474284299070369,1.203585587866924
1.32831369387927,0.8300066478666818
1.372913923060476,0.8241686396054585
1.002139051387852,1.132251735187606
0.7697455521326584,1.3464193617403795
1.0455681306915199,0.9528860718054397
1.239920532673302,0.8618491105249422
1.3529312214330287,0.778799248744412
0.7124522609855439,1.2426587937069777
0.9797824766202655,1.2691511004434846
0.701165279792524,1.0694003051758683
0.999038797796103,1.2570338624350121
0.6482472944462728,0.9929085133198319
0.6476920390176117,1.272711917587983
1.2136508457499573,0.8065708724509149
0.7773760656145959,0.6090804636316245
0.7913282115446896,1.3589826240194318
0.701922263738761,1.0514133955463487
0.7172665716460682,1.117771285062106
0.847126747417796,1.203469562052566
0.8135482180675501,0.8755891625517526
1.1072046317054913,1.2785219797806993
1.1530883623654473,0.9345750573574435
0.7916531241460915,1.1130045474207984
1.359600104131659,1.0699922061740033
1.1628945432875057,0.6562396036518781
0.6197648565875512,1.226556179956333
1.2517032525497336,0.7771970348640568
0.9056808779289748,0.8685085465299529
0.6449925755699724,0.7509733054173005
1.2375125552232222,0.8921929921314472
1.1134258424700882,0.9998447303308914
1.358276986979222,0.7530777898339458
1.1055585511678272,0.9372795570523829
1.3663780140258526,1.1767697451780363
0.7577189024194437,0.990919000384443
0.9331443858256294,0.8163887549837843
0.7163631217641547,1.3885352294640056
0.683944280744839,1.3460670839121858
1.2764121428366733,0.889565252463113
1.10877176100667,1.0729956623978427
0.6413224320663601,1.319639167022895
1.3818322716940528,1.2200208888134512
1.0524772107579974,1.1367633294246953
0.9052102669955637,1.294497218962021
1.0934240728098354,1.3103450576043878
0.7943563806569078,1.335484346203451
1.085005043691751,1.1153476883443991
1.2238348376895738,1.0316239994659386
1.1328515541014155,1.3864648163655686
0.604053855127218,1.1090944020505913
0.6336424324893075,1.2384547405900148
0.6354526688465306,0.6948481875158862
1.1463557701787037,1.2452466548367567
0.7925638340068801,1.1195217230458696
1.1396831586826424,1.093576982468245
1.3032163637581848,1.1714910392718854
1.1150957934718835,0.8257187053853905
0.608629864734034,1.0709343695550608
1.1359992755855726,0.6690178388414258
0.958384181767177,1.166976985508276
0.8133457373778394,0.9134355066038533
1.0571013478078228,0.705698240799427
1.303403071221262,1.1038029617685252
0.9024213710051514,1.385057048629767
1.3381731449130174,1.045011073207728
1.329044190723487,1.2142197769817464
1.2272870960099342,1.1284449475083664
1.3377821453109562,1.0282589535986184
1.3953490367711017,1.2633538303066563
1.1060513627827837,1.288409229532509
0.9963531108353202,0.8950651188657738
1.074231791705576,0.6160541423867377
1.162465974167628,1.3519413434501015
0.9219155664376549,0.7590333289800597
0.8580241807963976,0.670784810956814
0.7964415803439372,1.3790327157308582
1.046123512939493,0.6325358956055174
1.2720803960339393,1.1247790978060364
0.9922186978835368,0.7347154824334319
0.8465352833950359,0.6335765299529451
0.8022949500441341,0.6959284648813713
1.3977774883575098,0.8457027019243556
0.7316261902127175,1.121745680986309
1.0857343767207752,0.9495529462340915
0.9695210580228847,0.7251829323986749
1.15092349329452,1.3347586205823463
0.9148517376699801,1.20579592289181
0.981450010200235,0.9171601982980634
0.9614887452793202,1.031324482297574
1.3451555337005041,1.274477208499386
1.0141840032341052,1.1909465419791025
1.1409112307246754,1.0631113344594803
1.1125455211514392,0.6650627975172223
0.9055276238797937,0.9826073831126294
0.8000811308507734,0.9966954186103614
0.6987729266075513,1.1595001549917554
1.081170994705273,0.9369381096514677
1.1907772936941061,1.1141548806635402
1.3146722125024035,1.182486845925061
1.025182517040475,1.2794488422979795
0.6419006832387975,1.1551195412714375
0.9183781968388272,0.729431543177729
0.919888282309623,1.1200164179536958
1.0715117909651242,0.7628198072213628
1.011851332528864,0.8692782728597295
0.8916356988285188,0.7958778587497537
0.7026485374346877,1.248183022843454
0.7235453405062088,0.8119969689668068
0.6109304724876894,1.304379651354642
0.9003299398930881,0.7931407075151178
1.3756587406404222,1.0603678169006991
0.6280304655862978,0.6123592406135261
1.351330907507221,1.395447670168245
1.3180371843856196,0.7994300023766504
0.7463371303997063,0.8001302140385252
1.0024523662848257,1.1590928853192717
0.974480074525059,0.9252491679331508
0.9494135440896145,1.0156851716109299
1.3515798113264512,0.8570535608537982
1.283822341191862,1.250014769312497
1.3507907536168373,1.2665382556058504
0.8541353636931747,1.2355328390697633
0.6238898746066082,1.306552387998917
0.6775765516720911,0.9353653645105924
0.8602303368799872,1.289971672040686
1.2464405812361972,0.6009952538124279
0.7092920103790241,0.7881451293496545
0.8691647553084199,0.6883860695587491
1.3297198710972762,0.9595838933568877
1.1525055032635971,0.8068594357337449
0.7116693869533512,0.8318126783128041
1.169588260244886,1.2640376243871674
0.7551864409453989,0.9456909077225162
0.6353549934983951,1.3273303190960777
1.04783434155556,0.9373811584132365
1.0163141197936885,0.8342660078191284
0.8753642635447942,1.2016310942546555
1.2051832181213165,0.6223832938385526
0.9071216600566452,0.7808193655067919
0.8612374719607687,1.1186783447975945
0.7941359000424756,1.0977895402809739
1.3587162579103822,0.9552050316881202
0.9093351246186498,0.7919432214408919
0.7415841935077758,0.9978009108154808
1.3736309215727165,1.1630591200153013
1.2684672301007252,1.128933985924203
0.631839885194946,0.6064859821911541
1.0544206066478394,0.6121715277903395
1.0530608476077765,0.6825881302088008
1.2921061678616486,0.8994031997857832
0.7017887106469897,0.6407727229169107
0.7079393643713715,1.063389462404634
1.0786217499356725,0.8185195961102874
0.6646241889321325,1.1886471610857914
0.9531890956713982,1.115089856856118
0.9004989159756486,0.9185615713898154
0.6243900960134263,0.6165568680688854
1.3715569458157972,1.0863303326797595
1.221681665918935,0.860590407450398
1.1965399932867458,1.121291264437294
0.8416907591426758,0.8473856500510791
0.6081935211249234,0.6082906955247428
0.9809929255166987,0.7930440694251766
0.7873819575688411,0.8053168917608875
0.9670866129932776,1.1691501571352916
1.3029655953204895,0.7017748443425624
1.3673561243054508,0.632938683601354
1.363694047202742,1.1378970634175407
1.2698387744604325,0.7359344836959381
1.3409725563833477,0.7320844142284876
0.7036118502751402,0.6870756606993399
1.0687870049259691,0.6188538373415652
1.0681468633897473,1.0112883291775123
0.7377396126772171,0.6061082776382637
0.9008648666580749,1.0343255606196482
1.1860327406510227,1.3260915530677972
0.6155193794208383,0.8291529168193094
1.3014691851486404,0.9972388113850342
1.1190024759021284,0.9876220503173023
1.1857327973571128,1.0996257922925294
1.0127809582391967,0.9875162949332281
1.1673824718699715,1.391009622744555
0.9763972681598047,1.3696909103017556
1.167857113840883,0.7157372391226832
1.0837051366043728,0.9994066916868101
0.7529265091149742,1.3808352546587936
0.7697717585145226,0.8696920220516676
1.1840620087437825,1.156458812343724
0.6398879995327678,0.7290855910456694
1.1051538224803368,0.8914909639335222
0.9398839585179517,1.3442615731198113
0.8766672819298794,0.8746929660504505
0.7417084177417118,0.6832868420606086
0.9362626895141091,0.902083749112251
1.003925507914302,1.3986826159408954
0.8797020931977255,0.9075599950493382
1.2435963425979208,0.9013110854528326
0.812986486266519,1.0264614762678828
1.168190006944085,1.279801353850739
0.8205399860277468,0.6513363243353812
0.951334187945218,1.3579892386443613
1.3049596741513863,0.7989718047458606
1.0633467615172112,0.6657170844997267
0.9386666807567285,0.8547008362846492
0.7486544213401194,1.1355913611182973
1.3332361388293783,1.3361805414647976
0.7836108149690583,0.8198602745430928
0.8231735940958851,0.6652640202424744
1.2944837535686966,0.7093992311129678
0.8013314442820608,1.2466568732520416
0.7745707413293018,1.3383517146498163
1.134586723229963,1.299548947063518
0.8270508286916654,0.9811277669757184
0.6075644757764976,1.0542871675024421
0.9557375867995754,1.171686203885001
1.218412233980569,1.315091313798112
1.2836378441863618,0.7953215854850191
0.6898192913401948,0.9449605159012211
1.3549026155873478,0.8304973982867652
1.1104261621783227,1.3663631854446987
1.1437122677103972,1.022601599928549
0.888754777289,0.7164447223285608
1.2243550110587615,0.8216400318168859
1.1610334551351595,0.7730494254565554
1.0357603265508095,1.3969885968953775
0.9058516322678765,1.2913664208033084
0.6850671134151392,1.2909871427318032
0.9999725570884317,1.3913566658394114
0.9205280801526011,0.7426276141395496
1.3073998339776811,0.7852268056846857
1.2761809822666397,1.1512571318675007
0.9618131547544497,0.6080881404485776
0.9645585611700627,1.101125458246273
0.6575095302013703,0.8307029070977404
1.2940209676036225,0.6373039547559802
0.7975403547851039,0.6572939468294369
1.1320613306272085,1.3017724278600409
1.1239693350190627,1.3245824750955628
1.0387989377081368,0.6653543764795173
1.3165015571478018,0.9519119477031582
1.2934351267623287,0.7611928044278224
0.6634287821039984,0.6903063546439091
0.7809124318036584,1.2225442886011084
0.9886104345505046,1.0064719129480801
0.9259504770589488,1.3632429138600042
0.7638636086687906,0.9712590612105874
0.9724404292444366,1.2388350587371129
1.3149001323932263,0.8852474793882728
0.8850909403936208,1.165073162072218
1.0384742282704928,0.6156732188305755
0.7298114843760366,0.9175897923998
0.8091877450186115,0.6261954149541817
0.8690823046583531,1.2473384013162385
0.9997938231758141,0.6751386419798667
1.0730542320249252,0.8335900761717971
0.6023439815100446,1.3927891216149986
0.668600154316259,1.016706734337756
1.289527749399011,1.3849341150324845
0.8316441904639524,0.6333030624387684
1.1626491409618247,0.7483581791176441
0.95854483321189,1.3670913827982
1.2796108535230728,0.6137633145464778
1.3091699374984933,0.7665914763861084
0.6120633011041697,1.281528412019583
1.3095406662806608,1.1411134893335921
0.9169653722041207,1.312327059696762
0.7618626727147573,1.2222164161480547
0.9212658524264993,0.830867631789241
0.6767624951321789,1.2189049369092477
1.3773987948567532,0.919356316181428
1.0902003576227384,0.6354194694770027
1.1552418580587567,0.8359268487290094
0.9875703328023457,0.9646082383398367
0.8048105458966847,0.6099349905699443
1.248529064493868,1.3387043618791719
0.8675011929169469,1.2318532916311677
0.6588802706045149,1.0136965198379082
1.1710477714569012,0.8935683860604514
0.8344588830678903,0.9919594991668329
0.7842588541091081,0.6638653129286409
1.1536573758263722,1.1584344326623222
0.7452391470145864,1.3268520371129622
0.6062178731040497,0.8777008998307413
0.891291861336508,1.0186915705212654
0.7265474989039891,0.9651435985615258
0.8428047135810457,0.9881568426379268
1.0908066318409608,1.2247841307292946
1.3163773067995599,1.0393014249123014
0.6055005655003534,0.8945047890532603
0.7161599315867003,0.9485827707826406
0.8534644824746896,1.0475712025377348
1.370577083429255,0.8702589681724164
1.2113491791784643,0.6174489400810522
0.8313298396290956,0.9556253331489932
0.6809028399436815,0.6254292951917386
1.012061291188108,0.6804502046958968
0.6201631162787817,1.2778017580606986
0.6508193058416241,0.6389258830512896
1.2960000147754231,1.210061109998417
0.8572845397580637,0.6723747230636636
0.9600673763743635,0.9707554710470265
1.375001244254356,1.0959763149554385
1.0761192549324963,1.162588998094832
0.6063323763432411,1.2232580704100409
1.1703453530712,1.1023405940674178
1.0327214119815857,1.3114673988095187
0.9599095482030819,0.914359838949292
0.6875834647106426,0.7647456405303885
1.1084327414312352,0.7614349044856936
0.8152588545533159,1.0363929705681532
0.9013925691256163,0.8786293404198889
0.7380310401860469,0.7867931331647874
1.0302091372554651,0.8437365336066966
0.8108551085421897,0.8280135189271685
0.7611395455550539,1.0870497890336468
1.1554102780711797,0.8430814487600031
0.896766522826308,1.1258048325703647
0.771284889093989,0.8019315144185313
1.3733586312955306,0.8773611296276275
1.0267895173741768,0.8414479327478798
0.9574919088528915,1.1275588390750715
0.7382245478499281,1.0849029731128337
0.8830862406619845,0.865819179825394
0.7830992084947963,1.2209176508195734
0.6916374072486421,0.944400874532949
0.9902867343855293,0.6816656618897339
1.3864608971214818,0.6384539739184903
0.9478286026178007,0.7635224947839425
0.7970616477310497,0.6211362778007465
0.6458953765941271,0.7870417631430393
1.2918141628446227,1.1703359549288441
1.0720278724273529,1.019281849551951
1.19251413660963,1.2773476786121138
0.9345314547103507,1.3500814171985427
1.2972715132018988,0.809321740976811
1.3004492119904683,0.824464068060411
0.8492086434299615,0.6701231756976271
0.7644573449802208,1.2793001423792625
1.118607806577907,0.6829083032256993
0.9160670784957586,1.0595719272827828
0.6393981897524185,1.2827722576744711
0.6003640046909391,0.8701255665530747
0.7096720805927388,0.6145997348711134
0.78944676836185,1.0118990502914464
1.1374609929242268,1.0705040709916716
0.6007578353942662,0.6558643842250906
1.0973533051489794,0.9791656791558012
1.3088756520871985,0.6402687845670559
1.318904804076492,0.7090482395382547
0.9519034724878894,0.6396401812686605
0.9527184965529777,0.7821447291737601
0.8447994184179447,0.9242539707298812
1.3571634096606529,0.7512396016686828
1.1083068849710944,1.2358609039770032
1.1663727814217015,0.9788056038665434
1.266705588393438,0.8372172798681405
1.2291978978500278,1.1531701575650035
0.8666646816059023,0.8769269312408238
1.3118591439347216,1.2373875046268346
0.6823603215717687,1.3924926808578078
1.3883914013174639,1.071491233364282
1.372396256355207,1.2231745085621668
0.7763765756927413,1.385392553022
1.0139213559587124,1.3723518704024145
1.138138654632224,0.770008685403108
1.1666067173702093,0.6177107265916675
1.1379470375587024,1.3961292365967766
1.1803519843867623,0.6853786016594559
1.1292345069529777,1.1683244245693682
1.1008440662627255,1.3740887203431618
1.3946859692127251,1.253614117069624
0.8085982039475407,1.023311929867575
1.0071932850830885,0.8353279342278034
1.0412558409580446,0.8778420550580883
0.6754468177824806,0.725057971303519
1.3775350089282228,1.0703582298542882
1.205030028183915,0.6930925679839272
1.361015484784465,0.6776720894347945
1.0482024012683062,1.01441778516746
1.0877293365440188,1.0612420459457166
1.2777534636673193,1.3914183314943884
0.7327791520501379,1.200307494363994
0.6339928013387742,1.1134318238573084
0.9635521362381922,0.6840453197380328
0.8460940465185767,1.3653222256238433
0.995633720633519,0.740682492596052
0.8123459595539341,0.6008485456274181
0.8705502317707128,1.1272161809572137
1.2816031736533782,1.0851954178333472
0.8096288420676603,1.1712238159606627
1.170043543227782,1.3095091980038052
1.1193288687716212,1.2635717252000642
1.1472742843771577,0.6112033675686241
1.2014070743659162,1.000803745335044
0.6178021422481201,1.2395061371760963
1.267938975503869,1.249861647507949
0.9805747525053377,1.3582506134361763
0.6386533875662865,1.3641449297312787
1.3464136126379949,0.8139685469362515
1.1833254891476592,1.3295020395700632
0.8010895705468316,0.8208467860354539
0.9909531714219637,0.6921534656948711
1.1264933719391588,1.1487308937122729
1.086884117710837,0.8588639795949219
0.7197527721453763,1.228290872272685
0.6942445919996432,1.389294313744828
1.2432156347053356,0.982189822022163
0.7101170361975289,0.9953139253766647
0.9911588029203087,0.7154116289859168
0.6750502766161142,0.7848761853438383
1.396911139110159,0.6979408876824181
0.7685532868035356,0.667915194807226
1.0685947100212305,0.9414157168041464
1.3849782663902117,0.7974516610711115
0.9459268082812187,0.8984435933193563
0.6158353725404182,0.7171944602603524
0.9880574462675473,0.6087330662079212
1.1601552232078052,1.3751881196495808
0.8864766526820826,1.0027187409449942
1.2741215521230544,1.3125701139150088
0.9769114821224838,0.8828092379458083
1.0903467949534615,0.7261398249732705
1.3664494397433857,1.0146566410873388
0.9843675911735519,0.6243065974968662
1.1343013680762093,1.3693574949308835
1.0937084055816921,1.3620118380977357
0.6555147022566477,0.7629862912513764
1.2200869550918267,0.8867720635274021
0.9895743826883361,1.1225780540116155
0.7348239738644127,1.1510299075475152
0.7803086534865592,1.020292036574578
1.3683117762502663,0.8926316604470828
0.7178386761283505,0.6208271294498333
0.9485940338239918,0.9803094683321805
1.3158088840602538,1.380393521058094
1.114208813691071,1.3485171597268608
0.9293127221028764,1.2980508576468268
1.1367916934965931,0.6685761723861386
1.0662701173863847,1.0586041673952793
1.098654069461325,0.8507559329611842
1.1487613126407745,1.0762123937676793
0.9711630326476671,1.1762173314250215
1.2703790030136999,1.0800148562907805
0.9746151947820159,1.2811129768896303
0.8025142904878667,0.6350442155011846
1.2299464969315888,0.6914906731218325
0.7085132460649317,0.9057971384876335
1.2150407731012263,1.2653894492109043
1.1745813394929625,0.961082107678574
0.8902719129559468,0.6773633106717136
0.6299597850134272,1.2441126636208757
1.326710119017232,1.313394491091786
0.9735328829272838,0.6757988538155857
0.8591930640271926,0.6994848046324338
1.1549458054821975,0.6989275076010153
1.3904942179723494,0.631682744744256
1.2147706133055194,1.2912880049730158
1.2419567178010205,1.360085646552569
0.8131900277448221,1.21664814171338
0.6977106859448472,0.6609467424186236
0.8943972790221393,1.2875384398636374
1.0211784659940557,0.7378988574059253
1.127688649915303,1.3079511869723288
1.2702235199637109,0.9080757623452227
0.6908737260107543,0.8724407783581839
0.6868841085480796,1.2960649105312878
1.0916509448343783,0.7287788823795944
1.28709810637444,0.6372501938014227
1.3076433960532843,0.7263388763202461
0.8963497918510605,0.9351874502325213
0.8029196389957757,1.3515358475222257
1.014744219860935,1.1440634810783066
0.87368517437278,1.3233499084906517
0.6292957468593843,0.7985117961161726
0.6441771257564335,0.6605441502742875
1.1331504922735904,0.6156970142311362
1.1145547239109388,1.006372182149797
0.6801643146323048,0.7096820250474767
0.6013475074911496,0.9674698858301568
0.9203553668384713,1.0606540808253744
0.7198903227451472,1.3629810185397422
1.2732302736878496,1.0283472656201986
1.1631366725241699,0.7067236861080145
0.7999384013421464,1.1911061823765958
1.324858616643215,0.6435949497753112
1.0077839995518945,0.9016499503526505
0.6932529169630225,0.6717215115561295
0.6936390181502705,1.3149665227224179
0.9767101065501236,0.6537042231864014
1.3308612518430998,0.8540984667071021
0.7927033226714975,1.1253474678588589
1.3678907993937348,0.7980545086968296
0.8452996219875046,0.7823972314026165
1.1290106213532236,1.311674110337343
0.8433781517780136,1.094475117916941
0.6771762814084274,1.1329004989358715
0.7003546215423806,0.6398417388122039
0.9426504003491916,1.0152739539572262
1.2309947684333526,0.9505883379339923
0.7899073859895204,0.7551843466923758
1.3187310202533378,1.2942722537466933
0.6793086627016045,0.8341630260577918
1.1656182437373368,1.0111446585671775
1.065911609397611,0.8439549310875472
0.6778270434052207,0.7380021542468107
1.302123541460872,1.1464791188683803
0.7028315867828656,0.8872743577491716
0.6214315119112477,1.2888360831790906
1.0054949983392882,0.930072857619722
1.2803962463078964,1.0020171394788608
1.3131343167844398,1.3888785531955197
1.1967684506780012,1.3894807881168703
0.9467274499153187,0.9633555884403799
1.089636198764845,1.3185423585451157
1.1757938998970232,1.3681929174120402
1.242460997839392,1.0159482995801046
0.9177184865725567,0.7134502826004617
0.6833599852525615,0.7234631641066268
0.9314943569890501,0.9591130313081664
0.6945890943771452,1.090773053127561
1.2390554077722755,1.1515132945748485
1.0018045161100562,0.838796833265588
1.1457838631188266,1.1660777017636863
1.2317570426639022,0.6645539645715584
1.3398121128391014,0.6184474781585962
0.9270018714268059,1.3512759615283945
1.0533731718082262,0.6856794247886537
1.016684314825111,1.3679801833072798
0.9401563966957172,1.0212660759344614
1.3411289476334116,1.2449522227073806
0.8638923897313282,1.0033244039487652
0.944879977342898,1.0142356488459843
0.8420286499291061,0.921428460719815
0.651188780962511,1.2409719063403335
1.2046538408354301,0.6737114704137287
0.7407137839861367,1.3958777992356028
0.9120601032854083,0.9453361095644446
1.1733415460221988,0.9070670809140297
1.29572156912703,1.2844908631445644
0.6407997527105367,1.3715084489136875
1.3791032977914617,0.6363248297168576
0.653737374920214,0.7061986714926416
1.1311621710667368,0.6458466508663969
0.8790039955682891,0.8884487554095554
0.6960136980739132,0.7142869557673976
0.6641941922241582,1.1815244080207719
0.8977323183720441,1.20946789650555
1.164889624135217,0.8875381658069462
0.7261682024123008,0.8928527494682421
1.0779308471648101,1.056212077285913
0.8148493798193744,1.1420096776465132
0.9927550368385807,1.3691593014101882
1.1302837644579522,0.7662833070232185
1.1655545461600454,1.0651834092769694
0.8474962179281205,0.8179571253479623
0.6918344757969981,0.6128160374077848
1.1344941873101066,0.761999828323039
0.7960790587240028,1.2159443579905655
0.8295634402198575,1.1921002459355503
1.3871455248544962,1.0668477245191657
0.9495022650571787,1.0761527456951967
1.361477792762513,0.9230523961801441
1.1067417039713625,1.3259430968879649
0.8221022068306909,0.9205050324834189
1.0814518720642825,1.3906632014316525
1.0594871753990882,0.8737925025502227
1.2671576686504387,0.7747669349098844
0.8940971681105238,1.3618657614121266
0.6816338656454738,1.1945488990911186
1.026196793340389,1.03673746203335
1.176695246972944,1.1403760950247488
1.1885008106448183,1.319461231591501
1.2789952896527237,1.158397793055053
1.2017964233015905,1.3486635819569828
1.2582127623683919,0.8130032813450376
1.1109902160860186,1.3173205120490608
1.3073229033073361,0.9979251626415976
0.9311970109530954,0.6943227643324833
0.8770591577288801,1.213012161757547
1.25369559561021,1.2866626909932966
0.7581987630423624,0.7548439242072867
0.7695184430166631,0.798620420631329
1.1162418421947948,0.6493961100999782
0.6183860204542951,0.8143954345038268
1.3476243597502364,0.8799415195448723
1.3417307426720073,0.6660675985197984
0.823287808679271,1.0792714899819356
0.941684232957664,0.869935914645609
1.3644200839360792,1.1867529647742514
1.2560382810600461,1.2790636183589061
1.328335539080025,0.7017431367661722
1.030673971719712,0.7130507427255546
0.740099153658966,1.2353215624101836
0.7860285578007615,1.1095573459717567
0.9544246753542185,1.0615249643967357
0.940977122628591,1.0346996184981816
1.29653502158676,1.126280267328787
1.1802672406686026,0.7423437794797212
0.9906460173789127,0.8903026205430138
0.9521647401054312,1.2407689962646509
1.0113307374443061,1.3525003128932211
1.0751873661146267,1.3343875697423146
1.1777110899157963,1.251850344533994
0.7293683067867314,1.2125510228621392
1.1516238154374197,1.2109937097321508
0.826278490278209,0.6792265761644851
0.8899096051357753,0.8881237890850092
0.9567052870680133,1.1252741191070466
1.239805418917574,0.9600597143645297
0.8923481261932062,1.2022511012611905
0.864722355974277,1.2684756044596148
0.6962752119462566,1.2988615008686106
0.9458445054697026,1.1672094633921177
0.7833154553548388,0.963030855413108
1.0100325916863622,1.1373357662627468
0.8255224601168334,1.059221485557414
1.2743277701440605,0.9347790187882373
0.7993722769601876,0.6591157217526179
0.9628575213547361,1.1064363400089443
1.1202648640912738,1.0147730014775658
0.8748133923426957,1.3269667147012212
0.7938415923299716,0.9743074779023879
1.2124360942811734,0.7012971322645447
0.6379024459702607,1.2170482708917736
1.2407724034845842,1.3839186431723076
0.6989924567907497,0.917043100765472
1.0085200622845678,1.0889890583507598
0.8577026325974119,0.9684420889877282
1.1341006289280684,0.8379486055033729
0.8843394998569172,0.7706605310123695
0.707728860839091,1.276437347186876
1.2297822349291323,1.2699153817092315
0.8063332383223338,1.3381737057699175
1.3364515103875916,0.8293095082875012
1.1295180129353195,0.7184444877549603
1.1607045243189538,0.7158516224529924
0.9391180567014404,0.8988454485778544
0.6065127314937944,1.3961912616009742
1.1751597482985403,1.3770512987360377
1.0960412618175979,0.8646693521246
1.1547380699966996,0.9090098327931648
1.0598051065226952,0.7083103756965715
1.3707495594394519,1.347690691021646
0.9006890890147206,1.222744096469829
0.8682512450630209,0.8262106207535123
0.870961459602596,1.2637562720401379
1.0712252006217626,0.9623219526960448
0.6905315729468944,0.9958926003224151
0.7495263052414375,1.3708805227316219
1.330182179887982,1.0214072884958774
1.1982411728937947,0.7719895807703556
1.3227306687748954,1.0043711045596246
1.1057215189272362,0.7603265759963744
1.0168134797945596,1.1456708057687592
0.8719131181694852,1.1694690858728114
0.8440898676337215,0.6052891621489834
0.774264422227963,0.8471957601920295
0.6559039485414976,0.6386850235052643
0.712305345831234,0.6607771201534506
1.1728960873634888,0.7997121908387448
0.787841236785051,0.6047555327345533
1.020661117260917,0.6939163769015408
0.9104654187097311,1.2595222320263795
0.760697387814594,1.2333248393344665
0.6041748393349408,1.3419911466262442
1.1152403197934844,1.149380360817403
0.8877187932861456,0.6875512896381095
1.1222055835288471,0.6693557455423038
1.3366841531418787,0.9560938913218057
0.6903759321003199,0.7133812317548028
1.3302972741385393,0.7431350478664349
1.15625040195611,1.1992336690172254
1.0984237119586069,0.6456451531090293
0.664973567285876,1.3359056971348462
0.9266997792733582,1.3266249791792664
0.9316662928798236,1.291713413857495
1.0882657664087594,1.0093759309072143
0.7914589000421286,1.0625138244303929
1.3695058002821245,0.8400102469580655
1.204922443878563,1.369845985378434
1.176419866814273,1.2214537200093525
0.6774005560200095,1.0108388744599834
1.2781082571642655,0.8708616558661094
0.6690280233910308,0.7918265856037608
0.9323433476340963,1.2760956139500201
0.627451366894932,1.2741323543004466
1.239526245850179,0.8771723385145148
0.666796021815075,0.7455545317308957
0.6694332745667647,1.0679958764059045
0.6726795583580015,0.6944699842539203
0.8995683113343507,1.3439240280352802
0.8870292838294053,1.15044216917447
0.6330241664468079,0.8529337614304724
0.6682649692817779,0.8511319102795485
0.9378731471301924,0.9439109438193374
1.3299368822691038,1.1863424673826848
0.7753182073597582,1.3765487684228905
1.0611550432300916,1.390156564920137
0.6306045672231467,0.7860316244325636
1.3700630608149014,0.6659067936563009
1.191760822456073,0.7194274800225283
1.203851614311168,1.084295649305167
0.9187662821522166,0.8790070715838925
1.255845769781303,0.733689362437529
1.334393864284101,1.0900200499980128
1.0988413403820572,1.0478564667388017
1.1826983746376327,0.9149496767044016
1.0231405713113697,1.2759932361113115
0.8821107622670619,1.398241399438769
0.8214066209019971,1.3822531195418937
1.0059359319587065,0.7365298920687539
1.345326365284665,0.6454154574839299
1.1076532687892922,1.2699566282721855
1.2573628388321583,0.8137040539149645
0.7039104750077018,1.2148077128825931
0.8340585277243324,0.686068356625491
1.0841903974812142,1.1881579336790917
1.332056371852043,1.0520680476660291
0.6119448701864472,1.0801880154854138
0.6307599690316611,0.9841658579761161
1.1405559034141324,0.7505364943468686
1.3546372842128551,0.8440960926142153
1.060560382920887,1.3775745228794054
0.798952306218192,0.7021378235708626
1.163601334038451,1.1751287138951605
0.8725780908993703,1.2203705943365222
1.371717149205483,1.395670722576884
0.9224509975131706,1.2299018385128617
1.0906150066218472,1.093437339005965
1.1363774801418187,0.8177692676010586
0.7307269835678556,1.3940032812751135
0.713459896585308,0.6542942433134208
0.6844832608027712,1.2922722918737894
0.9164614010594953,0.7995657742932146
1.2848539821296,1.1417454128521753
0.7850307270698716,0.9290359164802491
0.7357949947880357,1.0249853283912749
1.2642426406747527,1.376676878133083
1.3325319446573791,1.0666406738494314
0.8361281836939842,0.8383103854847059
0.8731678774948045,1.075926412200151
1.3625424643337727,0.9854839513973539
1.3560454421665675,0.8225464161382422
1.0341684583661592,1.1319661018162255
0.9068945506631122,1.1916506759426344
1.0380102090785317,0.8210569798152421
1.056514354576955,0.934240898326142
0.9851688608004057,1.0253560455747999
0.7439319699088285,1.1574315761803347
0.9327895613200474,0.6907040299605238
1.282234098649747,1.3491217909793516
1.2962904607662658,1.3455917859252269
1.2387871672020274,0.7831490112715234
0.9076021196549122,1.2267434634064545
0.725958996944972,1.2191043002373876
1.0678401093594214,0.8947779356402581
1.2414992603920396,1.155929439366639
0.6136350913214651,0.931844047288735
1.1049032887698282,0.9824539938791692
1.2918445714068831,1.1215966388735226
1.2532182344945146,0.6383058435973198
1.1355740536241932,0.8727844066083904
1.0550468314110544,1.359888559502168
0.9102294040900135,1.0507092549672876
1.2073166919322587,1.0480480098270506
1.112363053372683,0.6897407371457323
1.1009830164273002,0.7065647288388442
1.3772178407799471,0.8635918232547172
0.8069917567940499,0.8282046547971422
0.9777358688012874,0.9654882051733822
1.012821940687159,0.9451638021022802
1.180665749663095,1.3225260358790574
0.9461138267289415,0.7539782862930998
0.6397874704356735,0.6849766099263306
0.7519776224955038,1.3373915409678996
0.9197313064184629,1.3080437015286326
1.0006829947443339,1.3847385020534848
1.1859058378203318,1.3286321620251165
1.07764243399049,0.6863110565370361
1.269517166732992,1.181606661206708
0.8620098641945196,0.6393651390571644
1.1387002470620158,1.394408343445745
1.3990859499686086,0.9098250454853432
0.7906268310335749,1.2785725935475452
1.2598570343930229,1.2453172921195153
0.9904439764669237,0.6799954791208263
1.250114313302646,1.213183821289698
1.3134546242483687,1.2168347485021802
1.2198250085723839,1.3638900882612786
0.8829276183304443,1.354137875602171
0.6672663105617596,1.233096200452152
1.0872466898345672,0.8319094521616288
0.8187435757849586,0.6231487093298735
0.6333406356990363,0.6571150315389602
0.8567368222252578,1.1704918376018725
0.9732017081984838,1.1775231750084054
0.7931732909795989,1.2175228001373193
0.7319969309021855,1.3406090884252237
0.7589452985417116,1.3832608260214603
1.210847945608577,0.6105379763474179
0.8947182559152141,0.6300514246716858
1.1283854706954801,1.2806660641748742
0.9090525298024094,1.0538726942255523
1.1920859257524055,0.87933462896652
1.2480592340750207,0.7561565819900159
0.6999257382344614,0.6637265056960294
1.2692066358327363,1.1335307087995776
1.2146183189497086,0.9118530294894233
0.614247538620068,1.3436318273918983
1.104706683636433,0.7405524225465678
1.2342333181338376,1.0058974490540074
1.0478732217960975,1.0544597560298725
1.1005774339443124,0.7136267598484629
1.179245748476836,1.1019974151776524
1.2171481232257433,0.6703417099668695
1.0158003913034477,0.732636215912438
0.9531105828551952,1.0258789973065914
1.0103162890733217,1.3724881588864106
1.1863608172328335,0.6704133746053478
1.2210835431749696,0.897343669985284
0.6950944542149062,0.7924254354896312
1.2692867621002768,0.8131266785563278
0.7371894354355076,1.2610139704349015
1.1478864907483581,1.1895076544960503
0.7232974194667331,0.8585012207625883
0.6105241599858474,0.7377560103493361
1.099376158470852,0.8387145416788563
0.7250397400807531,0.6564487562310873
0.6089873821837116,1.0482575242700698
0.6886035969415921,1.0277992731581571
0.682041796753263,1.0825779187774
1.2206985309808165,0.9813250742328641
1.0585919132490664,0.8187021336541268
1.2594519850754793,1.2925388989168514
0.8363326283209689,0.7304220421321195
1.1350865324466894,1.1981500973698358
1.2440453226668815,1.22160138698926
1.3641536969109511,0.9173540608265527
0.9190105258010821,1.391986535986851
0.9944702511845414,1.3474197306985345
0.8655208711140838,1.236259867144836
1.2808535450461622,0.6488637018221619
1.2615945688729013,0.9781520431906009
1.1707998125827364,0.9357565975790003
0.6087436856616394,0.6785949796435186
1.218122117544095,1.008385647008644
1.157479772319176,1.0116560494421878
1.0407921584419428,1.3651858462789994
0.6117303484609278,1.1719260143755532
1.1939169813116184,1.3263920176962691
1.1116115612897632,0.746926078807957
1.3521687260821378,1.1960887599979
1.3998966165351,1.2136347134896668
1.3629687902962555,0.9195500279083243
0.6513383369113952,1.1381786244363048
1.2164604617327213,1.178004373998121
0.7382473585549884,1.125093873458745
0.7226300985752115,0.8124928949581235
1.2974414612159322,1.2790255690598402
1.39640807537325,1.1388962077068259
1.0089446080430136,1.0811982573482282
0.8948069280773691,0.9400099720755984
0.8981870809365455,0.9208894649742643
1.217574686879254,1.2673935129582221
1.0790350562920168,1.3379277943804897
1.3114119221580207,0.8420295106214364
1.2865031430869047,0.8563400450014182
0.6545964152779852,1.1140629991191346
0.6296542884168632,1.393257360040469
1.385661453979882,0.9306943801765886
1.309909987347781,0.7464329128601206
0.7177015655551127,1.1696349398171613
0.9032878775214109,0.8424067128939072
1.1880603517163284,0.9985010214501457
1.353512009851302,0.9471945224952936
0.9299809058790997,1.04631091173332
1.262724376111605,1.0274015073875953
1.0459708892350825,1.2860401361108655
1.3642579917429358,0.9862120914255422
0.8329582596323674,0.8645015368863742
0.7659718034339139,0.7125796657539696
1.0263754348984224,0.9772434175456219
0.9044930992490356,0.7098239907442597
1.1968712891036115,1.374647758511943
1.0840328880762748,0.8249925687896157
1.3837123091207535,0.7164995685768242
1.3242652674013256,0.9167382399713421
1.3712426980180807,1.1555125062417932
1.0302835168952034,1.2503210647125726
1.13363981169966,1.0409377822564898
1.145934413227772,1.3216407547461204
1.2304338427366617,0.6522749540331739
0.6313378158567619,0.7708073329081337
0.9726345146844342,0.7077324063564998
1.2343358972036471,1.0532488593210458
1.2226582457562496,1.0642726496496904
1.1852192898712979,0.6675261251742185
0.7628909776244519,1.362254558031191
1.0276385053088375,0.9579360332300508
1.0547048124752607,1.1162915906002047
1.3589304729550893,0.7456627052943621
0.7968903186853444,0.8565660185435353
0.9129885557806406,0.7764527830862834
0.6518439658179037,0.9774813838478827
0.8865923308811521,0.9490809332069612
1.0563476491538928,0.6872727407807726
1.1613516957737064,1.226190394193945
1.316030874447848,1.3790545884401455
0.9438549600808683,1.0182868740914006
1.0639754408144744,0.7216456059062694
1.0125301362363905,1.071124434234835
0.9455772736501381,1.0007993321344433
0.9245691658813119,1.3167481137115267
0.7016363973061572,0.6918936143900996
1.0243695851016985,1.0362703419920414
0.7469884423133797,0.8583321618801286
1.2628986029282305,0.9891120574209055
1.364824439864667,0.9018117962770762
0.9363293971282529,0.85765021509423
0.6264113371759822,0.9430503927841102
0.6609151606820822,1.310223585298114
0.8791872833519835,0.7645488516525653
1.0133013033969898,1.0535627277759005
0.8845882595593252,1.350421929886722
0.722112569318136,1.395032614221414
1.0023920406526183,0.7152287846777546
0.8413386125556971,1.2090176216235444
1.288116443586629,1.3900795358529803
1.086656034484482,0.7099508886781336
1.0957803561939572,0.6818163537953236
0.9934128113146468,1.1149689211805678
0.9691185120983099,1.3323761687874187
0.7759298538262387,0.9730143338649082
0.9122692368566562,1.158230839704434
1.3931677506474625,1.3829415160833007
1.2259274299932001,1.354276054727826
1.3734620020355746,0.8496052159245694
1.2925561847585048,1.24962598777222
1.2025627025549288,0.8362231361926061
1.0747251812388683,1.1055230516675267
0.6629676699541017,1.205619142734834
0.8353557957734904,0.6339587995853552
1.2339488060063322,1.2884883972962413
0.9954161009345781,1.13077771213243
0.803270307486682,1.202644569056377
1.278319935652178,1.3022449919898738
0.9216792993259988,1.0216155401126503
1.2898235220033214,1.3596490898215612
0.6788846439711914,0.6003928705579088
0.7010439418990573,0.9436366331306298
1.0287652779362468,0.8085553565930568
1.0733290917166876,1.0386342834068516
0.7868158919931111,1.0214736135974698
1.3959006302962544,0.6249722191188203
1.087373109775154,0.923722070018725
1.1915309082350567,1.239946595615045
0.736330947319549,1.2037654838025778
1.0738766129529496,1.370176957401123
0.6584922540869594,0.8097822861805012
1.3150772279409368,0.6849289503620114
0.7573525830011022,1.185431994288189
0.7167610030128659,0.92578689590216
0.7672821180732174,1.148568196184633
0.8614177243785206,0.8859379787873779
0.660775682444721,0.9765527507305283
0.8499337944770642,1.3883822191805502
1.0821675274013778,1.207085194952113
1.3758919833002885,1.3706900983244783
1.3372681475920338,1.284330220464381
0.6364564351827277,1.1662943552272935
0.8117338822995143,0.9487842366717631
1.0537634880292381,1.0000999780316173
1.0218832587278759,0.9244425686948096
1.198843773162619,0.9022838479583966
0.7385273829544259,1.106737781914616
0.6846643811753256,1.36261478560392
0.9730013981392645,0.6417556995726728
0.8129294469951422,1.2011666888958281
0.8968908449955874,1.353880546199576
1.007865436394065,0.8493143789951548
1.0299246970001876,1.302080043318096
0.6287147239468859,0.8961944984156525
1.2561600459634965,1.0034775137138114
0.6037048767199699,1.2101388924953222
1.0312576198232835,1.0672919704751178
1.2845068120856769,1.0302422772153244
0.7765864544832004,1.0539533774467253
1.0792788931189556,1.0898089703707736
0.8975835268418854,0.9129865915157763
0.914487111254244,1.3045247965889184
1.3104317957810885,1.350380861543192
0.9016187865193351,1.2772465134887407
0.6532459799214616,0.9565741425250782
1.272796241151238,1.0499169847052976
1.3350372730353883,0.7174072383073825
1.2673396387997453,0.8340109284886944
1.2861266170164471,1.2679794998048575
1.183988237569787,0.889201197984475
0.8448456923004316,1.029179898013327
0.8583066538853861,1.3322592370759017
1.0880782554899393,0.9001219817587526
1.2447534638139528,1.383821089008657
0.6169778483477754,1.296326665614113
0.8155115408272391,1.121192698788826
0.6617803660478494,1.069668951476595
1.0436759287664268,0.8272798251984552
1.2751198032026576,1.1567491211215906
0.7614156853101541,1.3384785758402036
1.1528945200484784,1.0241953634463312
1.3608251208400945,0.6433346740783181
1.0469048656882114,1.0902254369364277
0.9739825814669884,0.9628744376977654
0.9446674213720353,0.9355639922268887
0.6025952704995264,1.1547285122328521
1.3361369152680813,1.1473945548953357
1.2344901767523737,1.1270372938577613
0.983815282848427,1.3132467142036337
1.0346270990886979,1.085022349793763
1.3957389711080759,1.0921853076125383
1.3600034381533144,1.2830455254383608
0.9333327784457565,1.1266271432574593
0.7103531129327806,0.764368931440121
1.1142888735517416,1.363566231513732
1.3414956688331123,0.8839420343403204
0.7335555910124113,0.9553784477096998
0.661345342865379,1.0339307516363518
0.8290151683989061,1.2371257573052588
1.3251313398337519,1.3436832860168317
1.316783786087083,0.6222271797765312
1.2316352409054199,0.8168700724567388
1.2055158380283788,0.6247697151063764
0.8998418297174711,1.3603693026982013
0.917957494284558,0.7037301735897463
1.2509930863893652,0.6105902175874348
0.8336571158681656,1.2260773284832016
0.8893680564105246,1.284883644893364
0.6268270364445274,0.9551148301115762
0.9244748457901675,0.9991975789767855
0.6761447741565344,1.0085818267000066
0.8859754181622552,0.8819001382316216
0.9061324988220387,0.7540821697686049
0.7071120823143822,0.7759136353204718
1.3047679139763098,1.0467492249073906
0.9082891064564087,1.0794238685121518
0.6234462873742047,0.9870996472526052
1.3683389419665146,0.9654212727584506
0.7506370956527797,1.2028090965010656
1.0899298622991456,0.9893844632694038
0.6972948885360887,0.8993184841178377
1.1608375999999985,1.1723105126418116
0.6348349453240474,0.9721463337601152
0.8883283985770942,0.8144034309219494
1.286603399696216,0.6908824848103836
1.3498550203438464,0.9739255722656976
1.3687807420994584,1.2656194955821025
0.6990833466283162,0.7141738990788576
0.9220706538255731,1.0267244807527671
1.292297659010786,0.9426245076935487
1.3355189459215286,1.102135024283156
0.8854864724243188,1.306686842004097
0.8052285406951744,1.3958231875207041
0.9388186430977734,1.1657962624327554
0.7728722487865545,1.3019371618543676
1.1732006576190965,1.2525791752621598
1.135822075847014,0.6687008455718307
0.785400790902987,1.07351324053127
0.8818709301296047,1.152039503257031
0.8362763330118947,1.2402414066051195
0.7840251855835371,1.3092859457868307
1.1131214236777711,1.1189042953922819
1.297356330731272,1.0323050083243992
0.6289166521359135,1.1666438187638017
1.097012180288859,1.3340358845816023
1.2303429563203823,0.656502819603403
1.057125543910997,1.2153030400077185
1.2820587789734357,1.0417289225383222
1.1166149254320137,0.8150098181071235
0.9475252642848245,0.8288615461199809
1.266063090600459,1.012469942541972
0.6588334056454135,0.7467756212981187
1.2474807955040976,0.7182564672309887
0.9068133036285505,0.7120677979714827
0.8223528857880462,1.0317370402342065
0.9229402336301611,0.6552620214834679
1.3206782058493145,1.216579775374427
1.1285711045740756,0.9543727772292412
1.240237158549618,1.074136743249766
1.159758663673783,0.6014673774555015
1.098306310783803,0.8392093735737557
1.2410839792676909,0.6101090421670191
0.9666338595556532,1.2751976455310752
1.3611763060931625,0.9396553285016053
0.8431439297178729,1.2820352801994979
1.0399056057775304,0.7547026195866082
0.8586396860896217,1.398536865172591
0.7982839477867978,1.0598040388652472
0.8496882635094282,1.3613912399298669
1.0062054223618944,1.0587791118126368
0.9306420506464037,1.2920011443797939
1.3352828174974145,1.3121296566283724
0.6034717023031981,0.6779401147528104
0.6298978676058165,1.046228047253921
0.9921317252492796,0.8639119605943449
1.0395592202999002,1.1433403092881003
0.9973926486018808,1.208392797484969
0.8321919151733944,1.1043608455077898
0.9085433517935925,0.985755496444056
1.1300807541602278,0.922985498811248
0.8181256100822494,1.0820776243365893
1.342721829500954,0.8946429838397627
0.6384670759864537,0.9750532224754647
0.9650201688483717,0.7499622131501212
0.6625444488873172,0.8218469833912919
1.381058101484679,0.6191859467139533
0.7678469384059038,0.8676635682601037
0.991447956189526,1.358702664074632
0.877303644113328,1.2619564382865307
0.8513555807570421,1.1819114847768417
0.7391249866109038,1.3862902738849558
1.1071806932146175,1.366447202447879
1.2232286632294254,0.6752517972119618
1.0542243993731093,0.7592424494933012
0.8119626092167115,0.9535697453316234
0.687308375565896,0.7517707626768113
0.9073293907333083,1.196817495023145
1.1774333322324488,1.2733028933374448
0.6562457945171966,1.2749312057071742
1.2361328581719526,1.0915061723094077
1.2345629792057018,1.1739195747049012
1.0483391861690168,0.922013514941608
1.355453280790932,0.823030628318032
1.3493477664963784,1.0745844167651997
0.7628103324761453,1.1225425786796275
0.8955508498237238,0.7124505427519306
1.0048540408248272,1.345824212315687
1.3304733952947885,1.1424636753971797
1.3486042835038066,1.244960614581624
1.3314140020592897,0.7267216633643373
1.1843130723152018,1.0117058206837866
1.3123267189390433,1.1281065005579778
1.2886528103580601,0.7196409921925487
0.7181356737690071,0.9514525913862748
0.874210519813319,0.9859590561126694
0.724014913472205,1.3991207215593993
1.225832742951967,1.084069463821585
1.2995620768440714,1.1736965605391922
0.7411215035890327,0.7058474372434675
0.9931363866302203,0.6091449026363445
1.3127160433086016,1.0942898289411975
1.1800232522738612,1.1830475532078348
1.1820502441948086,1.2555999511889222
1.3053328397835255,1.2543489729304378
1.0914945275466288,1.0374129107808083
1.347061579322196,0.9273683502699577
0.7745476776057174,0.903609759401415
0.724933142907803,0.6929031094973007
0.7332041521738892,1.1156894755563203
1.0820371176136434,1.3768989299042267
1.0740718060966754,1.3480296816296364
1.1837863189709745,1.3110724317810558
0.9239689241855895,1.0771633724704182
1.0414566318430962,0.763885282767803
0.8974169834406838,1.04700460668696
1.356488493639785,1.0776568551624146
1.1893047689116476,0.8960530403380553
1.195926437970071,1.3608617750164953
0.6768608609646284,1.2344490617790975
1.2475861165053272,1.1074091248648794
0.7114657892868566,1.1760646855509775
0.8412445624597611,0.8825707618027814
1.0727659186868153,1.169379339583514
0.6978089929648208,0.6282709473335419
1.372270102605557,1.373196218904778
1.1627200271544766,1.14600767795462
0.881014772322829,0.8592193262152894
1.0050524693824416,0.6923188526599765
1.3776840368850722,1.0831685458677054
0.6325066097776966,1.2458112647922341
1.1565871750973142,0.979356917521267
1.0596783045785219,0.7105419703825919
0.7716168682866457,0.6323073446561219
0.7299501843797931,0.9884683904881915
1.1921747112886303,0.773347346979485
0.6583016312693352,0.8012496014155632
1.3591786836392843,0.794425468747892
1.3230136309372635,0.957281263728331
1.001032318675608,1.0377445013739257
1.0240985675289067,0.6486851843487724
0.966007300653672,1.2891550401446323
0.6150501644329843,0.7429444307365138
0.6135039040808224,1.2766711908930821
1.2098420084311274,0.6794204090514375
1.3860018666322373,1.2825034125308081
0.8473426130691766,1.1461868034124287
0.8578522833970363,0.9758085680410944
0.7193512309663301,0.9578636610101496
1.1598785426906715,0.9248947471959648
1.115811889731435,0.9064531896759793
0.6553382964707248,1.372708433167491
0.7301915997484193,0.8082716028653285
1.1709648582956032,1.1900201904658196
0.81460951486345,0.9364200432658878
1.3130194237861283,0.7558433163644647
1.0504416266868353,1.2919332382696764
0.7137101884785939,0.7434389785963519
0.7708077370294477,0.6738167507802397
0.6875133076541129,0.8488813091633123
1.2894205905562317,1.3534379778743655
1.3444370525717702,0.7070643753626541
1.285061003745332,0.9950860530099012
1.1088808202199898,0.6514064191009535
1.3318397493715284,0.6666107655779628
0.9893465008696438,1.0443904070080654
0.6852102351331087,1.0971846141651658
1.0255735242350694,0.7342729425975024
1.1955065491888477,1.1613782160735888
1.3156410716037121,0.9041991382460384
0.7636591512682831,0.6519816326196503
0.7034996351575997,0.9570607155327306
0.6725214706477544,0.906170104522835
1.1639474358993247,1.2347892719475477
0.9774096297499069,0.8630390614565875
1.1323519062801966,0.8259795823976098
0.8002340338654284,1.382630804408968
1.1494972043846778,1.2508519149712858
1.121716247980253,1.0686154078946726
0.862599667021204,0.834461006565651
1.3981806365758525,1.3882880161023399
0.6892774150962423,1.3628027196128563
1.2607930734959336,0.6584142766786469
0.890611386832339,0.7521336574449876
1.013083753677384,0.8975175839913395
0.7203846680091202,0.7329169383328946
1.0809353219974438,0.730049997684216
1.0204779012052547,1.3964340046502077
0.6341476811977584,0.6441323605887657
0.6180000937780881,0.7722349406198908
1.055611821471969,1.2367009073784345
1.1149402360723633,1.0420800792196414
0.8141997658428952,0.9434402441109985
1.294181736181828,1.3911753444076016
1.0777999265381015,0.6149028216969235
0.9947190332294908,0.7727056413799063
0.8758347313113874,0.6437301103456649
0.8306846628149565,0.9942909055031504
1.1778115810235863,1.0582562303865624
0.9317393127874289,1.2281100994396064
0.770932029670931,0.7055174257588326
1.05764721682608,1.3916417136385781
1.2199282550397643,1.3532021415340778
0.6658801821020065,0.9107700825881474
1.127421067075169,1.0098120032496567
1.070233689400044,1.3017500520279985
0.8180561865676935,1.307029126908155
0.8706807944275667,1.331581400843564
1.082957237885838,0.9641552520204668
0.9087706325161493,0.6127952616744071
1.1933648798232972,1.1026523522369929
1.270924842659709,1.3205434160281202
0.7796509482975265,0.9908566789839193
0.622202533508689,1.1457665236547538
0.866319183072564,1.0400867790133825
1.1025632372621748,0.8698584763995579
0.8079666659132582,1.1829654867410992
1.3262081631918416,1.1908304450011375
1.3210653263067806,1.385179673768454
1.2587642412557916,1.3527215788628404
0.7378309885682659,1.2029029381520118
0.7949034310749244,0.6381279212313535
0.7542573353763519,1.3634034001921114
1.0977258481022125,1.123856488026486
1.3831121417367753,0.7845986663552518
0.7673774486416005,0.9924274303424903
0.8574472738885266,0.8901308189373149
0.6052057964946327,1.3756626098461868
0.8546953493929849,1.2953646107965058
1.1413858663321745,0.610996716798759
1.300918868302741,0.7770064923078601
1.2604715224744285,1.1795110795648411
0.6798604204475649,1.0177637952201826
1.049071500477318,1.2278431926591231
1.3882829808675776,1.1264812517682659
1.374678778665866,1.1206878115544585
1.1981660759729542,0.6330910416723958
0.8026407278402401,0.6942246674195743
0.852140473624264,1.2535590829916887
0.962208652233913,1.1797496222119057
1.3767576530847838,1.2003760187547945
0.7571019614893646,0.8904707122474017
1.1147878090881056,0.981678339425874
1.1244287539790863,0.7284783304047643
1.3358755018725572,0.9420138955983186
1.0340571976316395,1.340077799592315
1.0845955260967322,0.7161051127378603
1.2392761390696783,1.1137441530591508
0.9970462029673676,0.8971104568308907
1.0229610576966839,0.6356322242821526
1.3226437120862709,0.8107005232287195
1.3312642491477782,1.2256883713932378
0.8409707573380899,1.2486356357946269
1.322018086278776,1.3689035963735694
1.1180578386560402,1.0126916358722837
0.8378281785716613,0.7920602436375171
0.6950076531770925,1.2258351308282611
1.150873969588824,1.260254869946177
0.7615127547789713,1.0249511667057463
1.3940275344792417,1.001209030317955
0.9112672579102211,0.6366526389267981
0.8776050512821347,1.131735568712529
0.9576616380667833,1.292783772635256
1.1738819799450018,0.6434906494136958
1.1665543093893527,0.6313604585769216
1.0584219577627412,0.616730056197515
0.8455764522064615,0.8194751722958682
1.2430018462763277,1.163901992182499
1.1484951997552528,0.7265676534781759
1.302430046310807,1.0379297384181114
1.1687131273613267,1.2207379719835885
0.7666441736842556,0.6492402947633155
0.8676364012901374,0.7324258030360818
1.1684688346014644,0.9302312783892557
1.3463038706079273,0.8536579143932234
1.1212332910335001,0.6765035978537791
0.7147891245862656,0.6361339899511265
0.6700557338155763,0.6410402995899988
1.3899209200878238,1.3242802504825448
1.1912351939224683,0.8560910947606895
0.8772545867399932,1.2144990202002088
1.3607029439708522,1.103987821700975
1.0876550030518954,0.9367717321133976
1.3844651459940807,1.3147042913429394
0.8556053564847629,0.6041733193849879
1.3422191658422593,1.3729570714658372
0.9829822573737066,0.746685716424231
0.8157538687965505,1.092977985694371
1.116016369936475,1.373341901550666
1.150370394286326,1.357883695867151
0.9931183641164603,1.1603210840546736
0.7560653273369272,1.2731641936584852
1.171987385970247,1.0103155061670355
0.9254275561767218,1.3975617376451122
0.7649879195393442,0.9334686408960022
1.2584556952397197,0.8036189566181895
0.9803515719097251,0.9850762859846884
1.0352434012732814,1.2331507237035195
0.9419627719578683,0.6976611847758594
0.6790937807269917,0.9548437454393037
0.9279931231616843,0.861266979680524
1.0814322659410294,1.2757833346524097
0.974203574757194,1.308490125415005
1.3908927047867787,1.2193250974259386
1.3975513327195752,0.6788766451182218
0.692129311875009,1.1842781664139133
1.074714429430446,1.2949216546957403
0.8600095860852695,1.2375514969746768
0.6591880920264799,0.8055362383336311
1.0308122642679542,1.1871878899577744
1.381462758339004,1.1159056600846533
1.1225074989561539,0.6954948849162604
0.8667952938965389,1.0493776197167188
0.6417409382677898,1.0403979569069146
1.2716478831868447,1.2197549727621624
1.1765264927192765,0.8790908043517951
0.8057050502538257,0.915778416077959
0.6549109007661325,0.9682729958560976
0.6362404560612671,0.6099043469029415
0.6130020386573637,1.1661812811721344
0.9184090310456039,1.3209409156824492
1.0735501597503356,1.3091803880036232
1.2157497798505743,0.866654092940425
1.0222819496443458,1.1070873141492918
0.7152146123018609,0.8479858996255293
0.9609000053900429,1.1234871128982153
1.1583293350778723,1.2889667831731346
0.7819426999446641,0.9609403892341069
0.7693897755993699,0.6611786771625429
1.175472239089665,1.2869047974414205
0.6894052216554177,1.0331524047975105
1.340892205391385,1.152765474977476
0.7044705701754829,0.6961517920486002
1.144789299895144,1.0434079419627955
0.6242639804892223,0.9569122061253841
1.3171671543354304,1.2564868319173943
0.8765733637243276,1.1345166491788108
1.3626903773820285,0.9868922457830029
0.9669501527926894,0.8661406999329572
1.298783160332739,0.6965499873662132
0.904280758327956,0.959880411963133
0.8034436396856425,1.2242063585678378
1.2587141260264105,1.2083180763967474
0.6181085843008848,0.8845280160913952
0.7259168391412165,1.1752541350308015
0.6983249475089833,0.9711628550281943
1.3199006469711465,1.0556004709475517
0.7561823643220011,0.6933724565785278
0.865976463214217,1.34283845702288
0.7548614775752344,1.0348889559679586
0.9939919571748528,1.3407848655941206
1.0501621535480605,0.8257937231411012
0.7681253163193569,1.1557695933967214
1.3042389727285113,0.7865644753054182
1.2496714551803865,0.6113860669838014
0.7881195222597488,1.0960314059354375
0.7748949168162725,0.9678260532873537
0.8702942536479924,1.030769489325531
0.7333531084919158,0.6907863290656002
1.0153738700853545,1.26498537638347
0.6421052394931771,0.7599067670857254
0.8088842229343574,1.316183621309774
1.3811287274666904,0.8370896415195126
0.885408738533433,0.9947719374134791
1.208848750584376,1.3637621628656718
1.3162702799968453,1.039091017334211
1.1373963470125017,0.8135212166824641
1.089191324043327,0.7443285020433605
0.6986793496698741,1.2323225528855586
0.757547277795016,1.351070186721878
1.2231113952710142,0.7495159361105298
0.903106535298469,1.074843678720174
0.8388797040956436,0.9681330155187409
0.7314217726003985,0.8027993880751014
0.9422996882533541,0.7415203504627118
0.6393145906881262,1.0910454756435572
1.0108287972360195,0.7140018170896208
1.076198079348024,0.8896097285217789
0.9708935971094481,1.0206670325545864
1.319782084169991,0.6201406384166294
1.348691745862585,0.8736041243688697
1.0025603956936227,1.1935181658888656
1.31085818522652,0.8995335866607148
1.0180253448592136,1.2545085112881176
0.7756090193176984,1.0195885741660444
1.3489478620929432,0.8608211804408012
1.0865059232361616,1.1922232749557993
1.3666728218220456,0.9099208914831497
0.7395471973838509,1.368669292453393
1.2931911751891794,0.6151403815002436
1.256764747660636,1.2475495884555667
0.7223278751422536,1.0078251649416665
0.9382997121108299,0.8672545787537673
1.0608287705397916,0.635851803247305
1.0115181047855142,0.9669563750543109
0.6123063276143584,0.969571166572183
0.7182933293429864,0.8649225529141301
0.9588115136689199,1.1565036608196064
1.2076719144165649,1.1087997671669851
1.2256751478766414,0.6926357584516899
0.8970811652400412,1.122238073505212
0.9376370293427323,1.287171655352222
1.339547664398537,0.7462207244273324
0.764660798741031,1.1412978368964075
0.8636584492002752,1.1612763766158474
1.214128908078305,0.6709277338884756
1.176101213325521,1.2783442615945864
0.8053254635158205,1.2501762486343528
1.2380973712182242,0.7274297091939763
1.3893204977560187,1.0055257003277926
1.2732818911965775,0.9732246471895931
0.7965518248411192,1.1864024948335232
1.1439525498800394,0.9279463747566601
1.2111762220355882,1.3117100911703525
1.2810177539233687,1.1443365801642478
1.3770100635986258,1.390536583511335
0.8276781330376954,0.6674045400100405
1.1820963968010139,0.9705184686588886
0.8798731746727954,1.3544419949524478
1.3858865706550778,1.345322044092271
0.9481538350703801,0.7627146674350378
1.394748387082775,0.9726737971750521
1.270478528856257,1.1575564416802258
1.2143334671892552,0.8518156152127724
0.8206445100072844,0.9795813554917219
0.987848577802021,1.3473594432706186
0.6622304581873169,1.219391649559916
1.1720283523901602,1.2743719738848454
1.0702997745248133,1.2648492812283414
0.6602662780295858,1.2396670041783713
1.0867519479681216,0.9422310881559446
1.009328881479175,0.6588435104816683
1.1617789930963285,0.8989848441534051
0.8633997232448609,1.3037388879623595
1.3422762748274177,1.0446363566395718
0.7947578030158314,1.0429611668771306
1.320162995177054,1.0783734651588772
0.7738282822410018,1.2518006875350012
1.3673832243831827,0.9932829950318122
1.3269390509841372,1.0976361957445748
0.9511099341204549,0.9963087796313257
1.2889764814902491,1.0204978853973412
1.1159035444063954,1.1619598079252
1.016370320586909,0.7943763249894772
0.9256147942394443,1.030551511720496
0.7321659231378153,1.1115465016825614
1.2687461478525313,0.8463661063138965
0.8381362475174035,0.9753097704991491
0.7962807113320395,1.1998946155987493
1.0029972358442463,1.1025307183181892
0.7091478101677322,0.8757220890451513
0.8224717762358371,1.010171088983566
1.037332368147476,1.0087390201547433
1.1013909858005069,1.359262922774888
1.283900971359746,1.0628565493325723
0.925575541341747,0.9917499113014635
1.2936283258623966,1.0955964463752421
1.3639011531394967,0.864133568747563
1.042513864395952,1.3580849462418763
1.372560371933992,1.3995277351146567
1.2980811548776008,1.1468773219671475
0.9200229216694661,1.2441919234096026
0.6640707455678887,1.0684477745562952
0.9753538764585088,0.610269604483623
0.8113336191722615,0.719051971871345
0.8557604117031585,0.9762519491535507
0.9738313245682407,0.7872484418511797
1.1353164531058315,1.2745833792314334
1.299420537289644,0.642499047001667
0.6146603913666725,1.0637537285904433
0.985309287122933,0.9807700536174946
0.9077530877561139,0.9699830160576511
1.05600471716688,1.1772958048592184
0.6134236516613764,0.9325965586405087
1.2927959970472702,0.6311524949301329
0.8761241859240274,0.9968711012901685
1.3170300000006665,1.1411716415643882
1.2133791225243447,1.3801953557577633
1.3496513181380563,1.0529549887924299
1.0311128316444287,0.895985704604833
0.901967206016025,0.8427297300588508
1.3117241760070142,1.3669668441469107
0.8136380048322315,1.3264386933359573
1.2262918513776102,0.6349403937253154
0.6128898189014661,1.1969965832126594
1.3043747060566189,1.0743808498784482
0.8212239937094871,1.0028113192025296
0.6749930270626711,0.8454116308709156
0.7998168469394329,1.1901127802049403
0.6429846362108337,0.753192418616403
1.1828387860377396,0.7390191730208125
0.6555646599988355,0.6301415403605504
0.988341845554346,1.1452931538561866
0.8046062763090501,0.6894853767076344
1.0246725115990332,1.1972532951574184
0.7538535296146643,1.0827931125998689
0.7623658871344727,1.1359133127316225
0.760015896739937,1.0371504022666613
1.0333554823343323,0.9126011018729372
0.6369897319937569,0.7556297254652015
1.393427261551723,0.7956493688773122
1.1919065489990033,0.824592880268038
1.2003103601778413,1.1940709604999304
0.8261783695332441,1.223613351763373
0.880530200415798,0.8931231871866587
0.6637847528997924,0.9458714067495895
1.3827416490678703,1.1202605673177222
0.8236044434409419,1.3335159794858122
1.0096374630146374,0.9634802960147135
1.101446205205197,0.7992403991907728
0.6177401364704604,0.7587038754211811
0.9826980218475931,0.6759578750857509
1.0862871279118345,1.2454479997810326
1.1432319599017835,1.091339524511271
0.8285205840417711,0.7902962987204265
0.8401087056972503,1.157075019007058
0.6841206773126495,1.1953791041128574
1.3785323216162655,0.7382048033695223
1.1570720928294875,1.0071252265129444
0.6185392829711739,0.6934606192743056
0.6402802983187863,1.0222238712498057
0.8100716269228054,1.3048475951883438
1.285451415052508,1.1000054760500764
1.1975222231520202,0.8781930895682429
1.2852114620118198,0.9180563833879564
1.0433121355055517,1.0104145546304606
1.0042287428961094,1.3084101169043536
0.8476338894566411,1.1522461240679966
0.9872783427241907,0.9749543876323774
0.9242499817519338,1.286783358426922
0.7725953343866652,0.7202884360307382
0.8565953012429499,1.2836109647405616
0.6365051892364703,0.93371962055921
1.3183730159349425,0.8816317716749128
1.3407569262979129,1.1356876478580529
0.9684253860749651,0.6342124514892394
1.2034809536954714,0.8332284751239865
0.9078492378849492,0.8231648333448784
0.9748967278972809,0.7665593462809718
1.2768431918571044,0.7432847300405591
1.1946581921755297,1.37605401694295
1.161671530899186,0.7149363605337122
1.0325165447077045,0.6654537316074136
1.2117679463375486,0.7395001913977947
1.323339758844413,1.0884698066538794
0.9728016876436455,0.8100075339756212
0.6718128910671554,0.647610198291524
1.3911360163366873,0.8985797828529035
1.3620499028576158,1.0489226235811664
0.8549816091346221,1.2897392773021907
1.2968013307376953,0.853159044639264
0.8047435688571151,1.223505479296822
0.6881104983065492,1.0999895399056085
0.8822794430616843,1.3646890156211755
1.1593362993842313,0.6579458355975963
0.7076784050016747,0.9982163666684285
1.0628250983074201,0.8607983893574154
1.310702003132167,0.8559070160367843
1.1108398337815175,0.8367454767909652
1.0320164647864034,0.7331622099253728
0.9648387878874848,1.3713494595196898
1.3404152369924094,0.6362992763163544
1.179495568174627,0.7264046861090946
0.6236367889710543,0.6275490995738119
0.9012632189391705,0.6117430715736
1.2194248215148082,1.111376022091723
1.3489743351437002,0.8796604117651297
0.8061333379257697,0.6844680216955016
0.8949590259872546,1.0892606523858606
0.8514627741743017,0.6763933854507611
1.1783168591875826,0.662998566809643
0.8820176122528126,1.054611495327267
0.6207730664846978,0.9404070533576934
1.3262497120301258,0.6303329542299687
0.6116602188202356,1.0874986152097461
0.9580935519227085,1.1181241948594338
1.3246809501648533,0.8853427536089394
1.1305217909249943,0.8808424457674862
0.8252154782468509,1.2561598555883706
0.955360831235579,0.9226007599014772
0.771432594466812,1.2617528313217803
0.9307995643668961,0.8211965922184676
1.2248591096296715,1.1546518814645248
0.9263477875073015,1.3251501329812003
1.0339089856123451,0.6140522499597234
0.7924142194061284,1.0131531211633413
0.7324003665840212,0.8404425562927564
1.3509033309560303,1.1435621392072983
1.1196160053281834,0.6280678131311909
0.9226266119413474,1.3916943956002081
1.1029284887925517,1.1500330793485602
0.9407689868318315,0.9512783817057074
1.0925562019649728,0.9406373445485265
1.3930940823097266,1.3514365974965263
0.6500964469794674,1.2846642511881616
1.098147135013476,1.1777061620159803
0.6630400649503515,1.3364580346699657
1.0084247340743069,1.0558170245507645
1.3872240143575216,1.3159973620466558
0.7984089875392341,0.7672757084428464
0.7001219503375175,0.6604574405208666
0.8143118284740853,1.1643421615205374
1.0451617585502277,0.8741713864260036
1.3848197670746936,1.2243362399182347
0.85084306632806,1.3127771197145406
0.7173090382635556,1.3090236062296365
1.2097033490405695,0.8958082056631581
1.2305899049081295,0.7573375071885661
0.9264964675271983,1.3468112672998747
1.1725005410851281,1.3702804057110838
1.2938556134718138,1.3887009553492313
1.277340941341157,0.9944354117896852
1.0836623605232645,1.167546962097885
0.6652024723215864,1.2431794159006704
0.6194463006448191,1.2489124588951608
0.6882603587832962,1.2364830739454065
1.0117011480241747,1.134227307150855
0.7512184271531919,1.3088344760919393
0.9258759335539691,0.72754723063241
0.9206497532219371,0.8668955037763503
0.7641604536882368,1.1882922515538077
0.6800995611137558,0.6912599049184808
1.3806124193612168,0.9844381888489677
0.8979338780431757,1.1607539381942207
1.1032786590741375,1.228669093386468
0.6966013063445572,0.8247394994848802
0.7827871731990023,0.9129197038020151
0.9350669173833521,0.9473226756109825
0.9174477882113989,0.860165452106993
1.2766559791585455,0.751651028230211
1.2245580227437398,1.1778112884901903
1.3794492321519702,0.7915830285967209
1.1601680561143244,1.2765976791809615
1.199018392136914,0.6713394062607523
0.8623146356107265,0.7878468210874893
1.0219226703042832,1.3256807217738626
1.1248568453433792,1.2403381640434539
1.2470840896868607,1.0189381397228234
1.3825500547932317,0.9447594925485159
1.2758166921739584,0.6807834647861802
0.9890391951756585,1.1298544548855283
0.981409396766181,0.6464494592180106
1.3836340215026088,0.995614066266323
1.0675550094306705,1.3202867644479344
1.1969670162657455,0.6499851658498007
0.7825193778819208,0.6380317702280864
0.9271558888383763,1.3123193339927792
1.0753548050696984,0.8266717347102644
1.3962283718143025,1.2320964500093265
1.2814290951321243,0.999570454093756
0.7526087340230433,0.8410608541085416
0.6803830432410143,1.1977290254581776
1.3840400131670523,1.3042786954377608
1.1532285429017999,1.0456104895159726
0.9897732273001257,1.0069261452496092
0.7313298254244104,0.6019262545080657
1.3084433593548463,0.8722942063993319
0.7304373699913692,1.0749129830674033
0.838246776826056,1.3819541420498278
0.6425125663880139,0.9906422463316191
1.3315453082329438,1.2907987563622279
1.0857845743895225,0.7858225902752707
0.6665991748070526,1.0780638207411102
0.9870399839284101,0.7728044276701361
1.0553868782733966,1.3655078156979914
0.8624427954679126,1.3142113142722516
0.8588203462416476,1.0174042554445348
1.3543237225410345,0.9094914308770763
1.2059825588104687,1.399861166557362
0.6557826370781772,1.180003813464035
1.0434195987158517,1.1744876768694303
1.031610701780518,0.7602094917275792
1.3326994751219896,0.6085230069603966
0.8871513874081034,0.9433320076069369
1.3699094029639025,0.991435666944045
1.3293800520085661,1.1488659717705083
1.0404543318411033,0.6837901681049827
0.9221874148039593,0.9602140605217009
1.0417981068151232,0.6733902128789232
1.2590711240308936,0.8718625605000209
1.2071672027395572,1.1998317743064795
0.8408055678345276,0.8192023837695994
1.0449978834775586,0.6700293874304568
0.9118191392456496,0.9840571591171406
1.125807048179464,0.6192038401391824
1.2295366737568458,1.3598267377225652
1.31260535603844,0.6173047221317813
0.7237681342411204,1.1377351551753279
0.880404076344224,0.7367126435144606
1.1605829307703717,0.7211722999615564
0.790513519833851,1.3969307663616932
0.8669658705198862,0.6055705475449686
1.379317627213048,0.9436934349920423
0.7480494292614324,1.072001016633062
1.3437039328030667,1.2031942682460754
1.1513361074524857,1.1105280415982404
1.274818093446902,0.8668711628958856
0.8044156617379812,1.2613427571036318
1.2579655190059258,1.2878258279000145
1.3951326346067907,0.6625092088938268
0.8995126455716247,0.8551209029508549
0.7858053194352128,0.8145688570475892
0.8522848420686141,1.0969751662703957
0.6757130935023223,0.9255469595061651
0.9235681178270072,0.9309584149607362
0.8149550424968051,1.0990213732543785
1.3259023627720259,1.0011157371309802
0.626598080741499,1.0915274399120085
1.0731480562607982,1.3109950193339337
0.9652506391224692,1.3370403316178097
1.2457100426778842,1.0740119101463859
1.0619186450117488,0.6228048769025025
1.2130648756769116,1.1602103133748325
1.0995657748566479,1.2022194139700417
1.2722229947076562,1.2714800307716707
1.3223425446287655,1.2551121259121394
1.2508315291853958,0.8116856579319784
0.6722789848707456,1.021931851128886
1.300122326127052,0.8652934063186076
0.6809817119179569,1.377624272463349
0.8060597247459296,0.7419636142186758
1.099030343997598,0.9228065627189178
0.6739634744171331,0.7296526926358794
0.8671755475784629,1.044878012870558
1.394350642178893,1.0134792075153394
0.9370669144869428,0.6598598345958848
0.7404660526425637,0.9888035813560294
0.8779375832834133,0.7580221974004602
0.8486622202995261,0.7301231859287007
0.8326293393567921,0.9975516360582947
1.2510657180814613,1.3809771819055117
0.7185072213615233,1.3677959348317654
0.6703682266562756,0.6810988413037357
1.0413963544062463,1.2686058889821534
0.8880849666383572,1.0727083439435368
1.3839127493132235,0.9056635757789269
0.9862697205918869,1.1715248546667363
1.057479325564679,0.8979568008382697
0.8403124463034046,0.9931851492467012
1.216554055740172,1.0660825922030992
1.3254288337658893,0.6620009507887961
1.1578682072909372,0.6589212710559202
0.9304418498603816,0.6669578072025926
1.3636251090814318,1.1281766344726054
0.6647673639616203,1.1917581146386307
1.0753953432400698,1.38066776689758
1.2541824466103249,0.7453792353185409
0.9521237687865809,1.3431300433206839
1.0942011502009021,1.2357682038581745
1.2467877698475893,0.6800922938286722
0.7847459101908493,1.0645996240448148
0.7254837479834741,0.8065125237302277
1.0690117742098086,0.9846534474975287
1.3140795156964773,0.7688902252178619
0.9466360800460232,0.9449340575515521
0.609236660287672,1.3616968327708237
1.1002212869556602,0.7273100158258965
0.9789695758323984,1.2005121038876791
1.1371565469255738,1.1399012314214731
0.6648271506233917,1.1014071635547134
0.6447367727723248,0.7368246398280236
1.2843431757341244,0.7416812682918712
0.9308957773170504,0.7341976429246138
0.7584663815243898,0.7565026613001313
1.001682498155534,0.7910058714987517
1.2240773605465163,1.3220707663776452
1.3109148461198488,0.6377189692701579
0.9280024533929965,1.0188430018425463
1.1603556330437068,1.0502061997811996
0.7052207113131123,0.789822499892131
0.8307943396639594,0.624629261093456
0.8279024725972095,1.1819691391729021
0.9799091415123886,1.0510885788993487
0.7818241254950399,1.0414711678023205
1.089019104266389,0.6404601562421969
1.2602070802919147,1.0569553813075383
0.6954721894000531,1.3392530264966807
0.6594751087998632,0.9997879202192632
0.619064454282968,0.9051373286872533
1.2215143521827472,1.397784434977214
1.0394816771552513,1.0754563074349694
0.7210468149750972,0.8173388333873174
0.731152836460964,0.7804800057138837
0.9849788578644258,1.1443074013321224
0.7346708327357738,1.2295816966180082
0.9943706765736186,0.9399419965049154
0.6811938717510482,0.9282400600168228
1.3241338079242568,1.0569673599920049
0.663245906194699,0.9644425316979186
1.09455749887844,0.7582344724896835
0.6067564637241042,1.1878130086461671
1.3966615273262524,0.6714439644708801
1.3045298522696325,1.0789983860423666
1.3319108819471996,0.7480488518701226
0.628388968189185,1.1060227668309515
0.7657980690569745,0.614733375287375
0.6780396025070364,0.9311662344089157
0.9074325491680287,0.9475548041363214
0.6388036452344851,1.1339358086720615
1.2648148815088258,0.9773284727220832
0.9364854118011463,0.9362004860726286
1.032435644539732,1.1836883896408363
1.1197856848517889,1.1656642284407623
1.3020188367062242,0.7834587453629055
0.6707180627924906,1.1191109410168436
1.3817327829607082,0.8695230615952947
0.6279691995196426,0.801665284379206
0.8825959787260789,0.8472995066190137
1.0964662678299038,1.3708774188105977
1.2461047645728898,1.3980691440167268
1.2777839276891625,1.0381164137998151
0.612393416296414,1.3778485936398317
0.6509047285341332,1.0777819699464768
0.6732034079700524,1.2541378367658829
1.3669016403990149,0.7257357875700486
1.3501287710156074,0.7925721662327152
1.05277178774643,1.26215784556342
0.878424229001299,1.0477648639231583
0.651516192965269,1.2322878908270534
0.685314874326545,1.352970879042718
0.7375413996526049,0.8417661602845004
0.6821406601944903,1.0427482451001746
0.8015161006444709,1.0725160367898015
1.2463442521495645,1.2893172265040276
1.0509447027562315,1.375770650774312
1.3732563407091944,1.2832452654270219
1.2589770181452786,0.7223858629029534
1.1615770542758685,1.2114243569518626
0.684351897709178,1.1857139856926444
1.3100033482004667,1.1678341759609998
0.6777525488541551,0.7905150734574355
1.1338709639595472,1.0966307662607937
1.0879035947757612,0.8448379165937948
1.2984658777390505,1.0917403258833438
0.7996582800054279,0.8324376663181214
1.065231620250176,0.7026385659131948
1.371137917055627,0.855464532788377
0.824167639911459,1.0140474805690967
1.1003976935667659,1.3153022902695497
0.9428784372850623,0.8557518348834351
0.9915381137592467,1.2841147632368966
1.1830780152756106,0.6268124548607199
1.2320337126321683,1.1724491527735403
1.1354554191869783,0.902824968113394
0.6911725931697603,0.6539088363525494
0.8376964194604368,0.7650002293540689
1.0528595583590104,1.1099442833907163
0.8042141387434946,0.8030131844654173
0.828261707326635,1.297707873013275
0.9143477599772442,1.3341944973583595
1.380867593949192,0.8823599113562276
1.2577744265372153,1.1931384445442663
1.1365101481654225,1.1538748103257443
0.6764312836778397,1.0752041959184806
0.6499599247582757,1.2961895731259734
0.901906580861736,0.8413788718887042
0.8735725263017531,1.278084045391117
0.6745970018367564,1.0698042983859368
1.1260561942221137,1.2532819198310103
1.2153954441126729,0.875153011551999
1.0602375487176703,1.176466657680252
0.9611512877159808,1.3186149526017978
1.0669294484915441,0.6135365269626376
0.9487037273632632,0.7039853283839832
1.1544209048527279,1.3471113763387916
0.9444815120276246,1.279857239179536
1.1448528965785916,0.8014975297603302
1.0518623668862837,1.0788390307806184
1.0020698137782542,1.2671115325133442
0.9661890740213008,1.0388059093831559
1.1879222154964437,1.022767246731149
1.1209656510407722,0.9744261668603398
0.7233982875939724,0.9419049159598186
1.3460878897756912,0.7119812571733548
0.7448905486427129,1.3645357621144918
0.9298840822211302,0.7933318522579537
0.7012960841772945,1.0442094086427995
0.7427600157159052,1.3211184806293264
0.6670516525166695,0.8620990447429857
1.2016919939670818,1.0565954022366917
0.82292094782855,0.6926708256645396
0.8699830245940365,0.6429993593179893
0.9178243624561297,1.0409778438242911
1.1102959615842631,0.7014851940861487
1.2221860285583004,0.7587918830954877
0.7844278349936981,1.1984955202362169
0.9395218961549003,0.8620339173618476
1.2128205144234552,1.3500136916560297
1.2915410043377002,1.0245380358776017
1.3719499804616284,1.3012154784599368
1.2736929613150365,0.723023332724015
1.3907856242185137,1.1004876829490593
1.3060914215511599,1.0705716841258783
0.9501023920950775,1.251124888135203
0.6627681519799304,0.7270916574464575
0.8374890393369745,0.938040093815977
1.0511123521871042,0.7630885832959257
1.0573790682478152,1.1770732219895774
1.0491264527692974,0.9265834386648456
0.7777940382089075,1.2513047747467643
0.797418279499973,0.9587234799950588
1.1241892909371218,1.3941170905016325
1.0489322218700703,1.02186272569143
1.1537646105967312,1.2364375426025076
1.3623805883638704,0.7695493313893886
0.8072952065965042,1.0805959229344326
1.1717613332638515,1.0099599905206755
0.8115013891464787,0.7713821775800306
0.9563918149883234,0.6033317456426739
0.7094404281156165,1.0839738455415548
1.0932003362352505,0.9467497054223031
1.3906361139183685,1.3377479968756862
0.6619872714134036,1.1833901182417295
1.2057818210336526,0.681383825868367
0.7200517238058042,1.334472749791598
1.391769207783723,1.252770832561767
1.102387333597265,0.7657064521598321
0.7270182443095086,1.2564139566602355
1.3519764422632286,1.1671971216196502
0.6503648185986994,1.2554368718092088
1.0187672867281987,0.6308309598324433
0.9471880935696129,1.125542089585191
1.252170252873019,0.7753609524553571
1.2338013215433628,0.6397605272676472
1.266911946646255,0.6422738982789521
1.2780489069378491,1.2730866050526737
1.3460114304944817,1.3567664748150223
1.3507184254691633,0.9445076749141637
1.261090103575937,1.2802041519119711
0.8367715746047263,1.2275806991606675
0.7786188097680984,1.1103240072358216
0.6346489229317449,1.009279825581408
0.7069636116056208,1.106234360567979
1.2290988351074992,1.3575358366161838
0.6887760469182542,1.1154580987627434
1.0543109490118137,1.355937029841943
1.1756577132073804,1.0051136383040344
0.9021783400717029,0.9015369106529465
0.809498015627037,0.9657977893732282
0.6956816241783101,1.0024349288609162
0.6383391010416531,1.1609791493413146
0.9812403720792575,0.9945628916677343
0.7067561099419304,0.868930237948829
0.7701773275877813,0.7575590984190574
1.154029514261341,0.7362973534134785
0.6115108655542936,0.8664813867506057
0.9770110255158748,0.6348326340569771
1.0804299456646747,0.9079386381552673
0.9359867039023511,1.009751278243092
0.8445514036979849,0.6258112409605358
0.6783365204142305,1.0681248941136745
1.136304221404183,0.9620845688273476
1.0549330479826002,0.6275191634692282
1.3306664387767637,1.0781503425504244
1.0494924469854214,0.8459428927171524
1.011587570229404,0.9780483869432308
0.7690366371057598,1.1145501029328106
1.169074686066315,0.7116726019319559
0.8858742626059997,1.1385337977039407
0.9706459049577638,0.8032757972592125
0.9149196019261605,0.8398902442454734
0.9809127576985535,1.3858204262830833
1.3322104247993827,1.3694833184789805
1.088567060164675,1.3024080044863906
0.9924866576835631,0.8107576987522763
0.6438302288006283,0.7492820375724626
0.923160706575558,0.9352970839062607
1.266509297169364,0.7765839807905043
1.1012173848422537,1.1227946441095185
1.276028782276596,0.6978787743398358
1.3338825133151415,0.8706302266791148
0.7604071145378372,0.7545136251441642
1.022569675017534,1.2805525333574828
1.0507249731349373,0.9689813642029761
1.2324533383994232,1.2086645020669153
0.9223657287353568,0.8655832958674523
0.7175336527400444,0.6983410402867527
0.8733338197523443,0.947486197868598
1.313908935805523,0.7802700439515122
1.1850002145805396,0.9382091889096544
1.2489128791372752,1.254066613341468
1.0285636808580365,0.8369251882060206
0.6812880455413581,0.6581248187715727
0.9097590597856763,0.8237228056398854
1.017216001258756,1.3009473310321469
1.3877939275980606,0.8262627137971351
1.0197599332066036,0.8475271376923214
0.7967878646813417,0.7610293535396997
0.7721364468379672,1.1805775461177692
1.2566394907430123,0.7712699028505039
0.6016349820759685,1.0338127224129527
1.1185427798076288,1.2707951604066974
0.6175926105484033,0.6321532185234232
1.384607437795596,0.9927855594255701
1.3678267379393076,1.2293706852809714
1.2935516196603052,0.617173081011151
0.9665524807378378,0.9063428509704
0.923793212287598,1.3078218304009197
0.7990491024081334,0.9324272062556099
0.9835756679419898,0.6264765491221126
1.1470381865489212,1.2754458096268178
0.7977709258013593,0.8487649398001933
1.1415459972745423,0.8057958433959738
1.139359148837385,0.6277416027836235
0.6275956273642098,1.1166091181242184
0.9215083520931671,1.0074342434378338
0.9630358760602407,0.9285696232216277
0.7896029986458537,0.7893605128994117
0.8501294865148046,1.1003049623248575
1.2908616754107354,1.1402731833737914
1.3689163327253215,0.7150447903920587
0.7306840871160158,0.698598355501476
0.6896685404821176,0.6501986322146697
1.1996324388586028,1.1032873407083033
1.094900189759782,1.1966392893541284
0.972223938839396,0.9423226144719292
1.0654445130511563,1.3237150514275753
0.902839637573944,0.7883140474440328
1.334836210124534,0.9123801097680655
0.7145663777254694,0.9537931915132309
0.8715732865128564,0.9777014587487172
0.7791691554193844,1.2950590668256883
1.1992166282894678,1.305749159302577
1.0186796549825567,1.2271609077620975
1.2620411957256075,1.1327701057074133
1.308797138536225,0.9576535539964874
1.2710755348452927,1.2966087417305787
0.84634910868164,1.2993946277687902
1.0956795630762846,1.3873638841565685
0.9871287860121332,0.7914084687816184
1.2115938024325903,1.0931961102991872
0.6433307366616184,0.7899300425233536
0.8196842672305285,1.0231659798317556
1.3274025305015194,0.930373376789424
1.1685428634383865,1.199070235107861
0.9111433409308956,1.241921543239025
0.7987696652560969,0.6755178188715261
1.3215238511630096,1.3816959546135061
0.6941406382886605,0.8484492854741967
0.6564702779424519,0.8050077163172971
0.9919640180844582,0.8315745511015961
0.9848214316431441,0.6981525930018836
1.2712922664298156,1.0713108137866727
1.2307779556710745,0.6168710921917145
1.2643215557106742,0.9963220107559477
1.1874692254162722,1.0904513716376167
1.383228620572631,1.0133537887340296
0.8779117128273255,1.1160230066507828
1.188409055779295,0.6374691879218456
1.2203955366321253,0.8434685420511304
1.1280219784414678,1.0243793361789746
0.7072708353606431,1.2316338253090295
0.7891315320794547,1.1861130779106273
0.8900605439394422,1.1134874394290324
1.1267110881574398,0.8877915149729229
0.8723724745356218,1.2999199348341783
1.0859777326273963,1.1277591961732165
0.8910543137152818,0.9150870757850645
1.1817651690213187,1.3014072005081019
1.2637167888221743,1.2520100452762768
0.741408741292316,0.6542056562973633
0.6572973444075543,1.329024480129493
1.3886588086365443,0.9839353246249098
1.1731012313381695,1.017543534294354
0.8920280103640769,1.1295012139559293
1.2300923341161185,1.0864204717284662
0.830370161418489,1.2838489374693902
0.8259886782228965,0.7081164390238424
0.7864072667780166,0.8113446918184877
0.6078983731486352,1.3445557852805061
1.2385375346707217,0.6198761415027638
1.3036344313507537,1.0738831884525077
1.2400188026250518,1.130682244907902
0.8802659562879542,1.1654695306208853
1.3173915260439992,1.3750054193021009
1.0691235060633988,1.0527046529770556
1.2386406975241713,1.3350374400394787
1.3994106381693596,1.1081387147986552
0.8365763925278128,0.6178603977364822
1.233220726467982,1.1112599155392155
1.195251349921681,0.6076246119549957
0.6367937246245239,1.1016516051805159
1.2183818137331326,0.621698511482875
0.9353271960822965,0.6195435802416245
0.9964894972533822,0.8212995802171904
0.9952940678235163,1.155269789480048
0.8082672186239991,0.7809754981818762
1.3403052249027434,1.0465020612760627
1.3685308156142704,1.3536395308513962
0.8585022385907534,0.9020019769009869
0.9353870825137376,0.8108916659042902
0.6571624746180036,1.0981325801214104
1.3949528540524831,1.2348864729181204
1.0436935843868025,0.6526091961654203
0.8919861167561072,0.958289004100755
1.3440353275479713,1.015513995844209
1.3432487653428606,1.072323019464026
0.6547237863095522,1.3352495701724918
1.254665101475633,0.6468221422337641
0.7282077689359634,0.8898834877852477
1.3564188743642225,1.0095571436791524
1.3714507268948701,0.6968949261106885
1.213136007209164,1.234278208628536
1.2570232228987281,0.6585886698004134
1.2635190716853384,1.0170745562524048
0.9450294255443155,1.0580170727748706
0.982313208067553,0.7444857100732031
1.358460912192474,1.3964907811364804
1.0203164315116549,1.126124138501769
1.337049011693681,0.69165120550244
0.6360934684151134,1.2646420748149834
1.2493854852558601,1.1492129432981009
0.6605302265032094,1.1572111605802202
0.834133107949821,1.3686128622822014
0.8923011591957064,0.880181899947627
1.2807119767710502,0.628928342548542
1.1511017144783615,0.7168017441638908
1.0047725349787278,1.142671301773877
0.8632984603910662,0.6891799430081632
1.3532978044787707,0.9598134554257911
0.8017698997920162,0.8176698439728236
1.2734737203817121,0.7711801474366591
0.9610550090236862,1.3230997315401416
1.0443319728774927,0.6614151737029846
0.6914296779432012,0.9522930768706446
0.6263775416640406,0.9440440840728384
1.1900691810984914,0.8222971133302421
0.9137605557271911,0.6547889442313194
1.0794205940119639,0.9619841200203813
0.6736123973366184,1.2340649306644997
1.05159392691982,0.7583803430457435
0.8220313715181722,0.6485370638629814
0.8896651051922475,1.179588211071973
1.3239313619490165,1.3785320190994539
1.3176298602766316,0.9977076777522444
1.0775114607894556,1.1624286945305298
0.9705432802424576,0.9332703051438224
1.124122066914931,0.6331671515661006
1.2792480054691444,1.19513121733339
1.3077508737507428,1.2627455713039484
1.3357280534338765,0.6827885413782275
1.094267660635649,1.1236413535252703
1.2185720639930868,1.325566975039207
1.2785592898832479,1.1740671998624055
1.1870870684354886,0.9532323499946997
1.2533633608869152,0.7178216945413155
0.7936182442623742,0.939427131613295
1.2606084707588114,0.634713928317661
1.0242043948377175,0.6886112668760357
0.8170000005138542,1.1353557727300712
0.9325217238575855,1.3112427655101113
0.9579820479295005,1.333424940066441
1.3593898267819866,0.9805116180879054
0.6028142825094202,1.3508576937097077
1.339950335216168,1.1959920334518985
0.8097942708257934,0.8586836231961227
1.2080197176254293,0.9141579509402988
0.9002708429744676,0.9670951538981198
1.221237316292354,0.6741422620747364
0.6953408511967613,1.3570633665536305
1.305574967407883,1.2222901270209927
0.9272894160762035,0.9496284806457507
1.2754721140202905,1.0590277769747785
0.8651237082077146,1.0828811608950852
0.6164290736590442,0.750655040824833
1.2032989358974255,1.2579923482252986
0.6795464071569925,1.1903805889673869
0.7976241531842229,1.3156128338866253
0.9497434441227204,1.0551295955619084
0.7064970108241988,1.1219635364460343
0.9538589785424414,0.6756702350494079
0.8937614827469568,0.9810327982979237
0.8443616463633823,1.1732029582156747
0.6969033444639585,0.6596240467332889
0.8252826296563529,1.207789260987628
0.807740268688969,0.9047029832291024
1.0362886940831133,0.9509916093056673
0.6227624090606304,1.10626019650709
1.3892196096524778,0.8461322464866721
0.9685944378226079,1.3350454947439703
0.7344541697974482,0.8660239047616165
0.7209052256618372,0.7286294576569655
0.8422995221405553,0.6132362823399906
0.7706612922758881,1.1475219869366846
0.8888160871847643,1.1058184675591307
0.682883101325928,1.1231801987716077
0.9765561860049934,1.355204426437846
0.8075100803519305,1.206983166424496
0.6269142778891792,1.2729243893148818
0.6766170771251686,1.379516587599485
0.7558883504279247,0.7704906664144124
0.7056900543355336,0.8070348983708477
0.700557471773954,0.7830114698333892
1.120706970509773,0.8917455698468939
1.0366510282300436,1.1208199783188597
1.1928577276519459,1.3744443769635049
1.0539303155257675,1.0003762602204858
1.0641275825099807,0.7128686900761124
1.1500605560859836,0.8785479567969302
0.7149315714533373,0.8943284630704682
1.359285049703226,1.276927815759783
0.7194901705655581,0.7413040992073976
0.786881229933744,0.9717776906437863
0.9508758917323897,1.0328838589333273
1.0665580809936648,0.9491412375704175
0.7052885774518868,1.2992495842504648
1.2056853548422097,1.1431356751011785
1.0053576540646412,0.7031934747476883
0.7089851291349409,0.8968032045397223
1.3096067497464952,1.1809587659773664
0.8987596875333868,0.8162712704850736
0.7863467412093977,0.9837817572319931
1.3057689661351042,1.2009844956027829
0.6972468692589011,1.2302880167265862
0.6310277224958841,1.2553187508235109
1.1542141658362475,0.987821125902058
1.2652921646112854,1.2107935891311292
0.7889333366723872,1.1905178613709375
1.2362561341943057,1.2225924811312479
0.8437598470336409,0.9478530039893116
0.9173925258026984,1.0437198435203325
0.7485971775628703,1.179231686642519
1.3190873076257936,0.9637333035383088
1.1171677561482003,1.2469260901590962
0.7124914255738969,0.9408982406064718
0.8008719573925841,1.2584671355461472
1.1172972967248938,0.7744869231282471
1.1887334377692294,0.7088557685407496
1.2535538569330735,1.132630431520222
0.9716870874709644,1.0585023405865939
0.799333071461066,0.7503486724707606
0.9001045893387312,0.8848467385466908
0.8918298671007601,1.2493314248713925
0.95940818100246,0.8720330948979284
1.337978733262884,0.700732696732124
0.9474501615782476,1.2633707049726879
1.0566699441781937,0.738769143484773
1.2870180490373833,1.3002751950840084
0.9888808700831568,1.1009828727145607
0.9186406233358305,0.6556176619572721
0.8138310717935688,0.6711539530723708
1.115628351385022,1.394664739505986
1.0234264691191,1.1851357841175285
1.0297418263615583,1.1523406023479659
0.8247131381786618,1.048504735623984
0.9792370968875856,0.7148744232398635
0.8699160132504662,0.9492885336487047
0.8200803211383508,0.6229759378375784
1.2524928063578713,1.2702779228601613
0.9405878452723391,0.7122795326832194
1.2208357290636198,0.6050578371254145
1.1470873635485934,0.8478288493623137
0.752316790758845,0.9105271513265236
1.1254930107419154,0.704188769029735
1.2786959023864632,1.1906036183898556
0.6144175438608561,1.3270554539560693
0.6411541046899627,0.6414650881019495
0.7239283602254486,1.050795517067831
0.7910919629087112,0.7008165470768344
0.6140015242069882,0.8829133675154566
1.02240637229791,1.050024558500761
1.083386399551162,1.1470761332242971
0.8910252699133977,0.7964627956561852
0.8753100869841924,1.09881234673737
1.2947695458124981,1.1769455468900913
0.9106830355300133,1.0957997950265779
0.6865310881878898,1.0110213619968769
1.2105890172775637,0.8401887686255669
0.954821424141114,0.7338996595731286
1.0472745688179899,1.074538758899661
1.335568294664629,1.1977986802952718
1.389736865769027,1.0756551517308228
0.7921351174975704,0.6771850218621048
1.3960108266684512,0.6206116455792208
1.011151295537166,0.6881548185763284
1.290664773228087,1.3479663997061921
0.9411354102224402,0.7479162813326586
0.8678022170822659,1.1892269652488925
0.7972199234847107,0.6801622993628624
1.2504541500554094,1.2040271864387084
0.7940649476370527,0.986643769399606
0.7468193425861008,0.7738083823976357
0.961751811753983,0.859042481960257
0.8158850834772325,1.2623557966727008
0.7432615509198347,0.8567642317234387
0.7009562571236613,0.8350424293461808
0.9780283422932625,0.6592409642085589
0.8342599160013191,0.9068952622456083
1.1121035807826818,0.8056529471671849
0.7049718531472409,0.825476885748273
0.7144128706963039,0.8524039116913322
1.200103449785491,0.9607953225075352
0.8467755880471581,0.6278910905247858
0.6860171595990225,0.7277105855509329
1.0824148967496607,0.6353543861108121
1.3855238107689705,0.8153376471154443
0.9831355153326852,1.1928356759346372
1.2162772756473201,1.2675721920987226
0.7608637023428391,1.0573900481545444
1.2572137728264337,1.1597030772909716
1.2373348274039295,0.6001406648027046
1.269699306795973,0.963993586127822
1.0525009144380069,0.9006128402430316
1.0886695809952867,0.7162195142854989
0.6831263070476675,0.7311604855723192
0.6714750838338042,1.0335037585957365
0.96325130642486,1.1397097907432991
1.154395751132836,0.8835808464367759
1.2600115817552844,1.241724620268449
0.950515866171215,0.6083553022460034
1.0623999369194896,0.8189708877778599
1.0200845258401496,0.9630717539429086
0.895434883323041,1.2239160139731629
0.8750074807702288,0.6579094489554114
1.2270821305711013,1.2672667200925898
0.7488472176722606,1.3161227701262146
1.3621801267781946,0.7226946628582083
1.0390036181220719,0.7557965144868372
0.7812809769263045,0.9103608060688524
0.868351144848302,1.307592839132392
0.6877944023528079,0.7224454985310209
0.8297176299175699,0.8740706889533375
1.080264155130098,1.3902669666650522
1.2630508086817058,0.9676318047597556
0.653579546685265,0.7576310147379883
1.3680891744476948,1.136202107791625
1.0791815283196138,0.615202159504643
1.1019580126870268,0.9361112798520377
0.7455370250388922,0.6478473088980293
1.336163472219433,0.7268968217110556
1.0770734345301032,1.0861198396994798
0.6719276595120978,1.2941055781314788
1.0400372796386974,0.8812502190162981
0.7060989522499538,0.8894223696981084
0.8713819258197708,0.7778679060799012
0.9536137110588219,1.1783251081091424
1.1582142452833968,0.7344124826765956
0.9887942126543063,0.6951410305709563
0.642877957290181,1.392328010411561
1.0364770262182306,1.2122268361001738
1.1044521317330847,0.8686629114497207
0.6927569641942888,0.6574550582390485
0.6018408568460966,1.1383583774921955
1.2085659443277685,0.9030865981846208
1.085531483169257,0.7795697425326337
0.8425220935154877,0.735330961831075
1.1312140866150013,1.320451949680678
0.7816906113751618,1.3892654700856497
1.2079288111593023,1.164655338127984
1.1963058137482605,0.898279569398205
0.6319737644136127,1.2462715679606298
1.2019613836734386,1.0369746174713885
0.8120209678466287,0.9161040353145193
0.9995599483587101,1.2178308768546864
1.2288564636812416,1.2690129697152357
0.6208492022600643,1.358743290205923
0.7189909877878373,0.6600909973519901
0.913364614806327,1.0256471807386331
0.9877521601553194,0.9209961647216618
1.0698954369420126,0.8571421024246282
1.3813627151440424,1.2184437311970993
0.8856460208546583,1.0980254990974676
1.1330933165866506,1.3507073170652908
0.6162753154910976,1.0677704490889217
0.7089056685019507,1.1268538073995722
0.9152441039564472,0.8614966988433926
1.2492567998276516,0.9563804656251171
1.1929949512457254,0.9291698818932039
0.7284139100355862,1.1568104660415108
1.2282426660636085,1.0014775549702348
1.1169035747392102,0.7420956500316251
1.3457732072180222,0.845506555147256
0.644018468587267,1.3834466023394643
1.2609401780873988,1.230462978520294
1.2168488754874311,1.352086624452899
0.6526083576222299,1.0472341146317805
0.658016993416529,1.1502371065907049
1.1475479522894312,1.0290102873975315
0.6065673319013849,0.6257049366595108
1.3880495229288696,0.7955170125434061
0.891445624364303,1.319931790814566
1.1691372425195659,1.251514902246813
1.3820356234866387,0.839777652563514
0.9248388573625743,0.9201697772462665
0.9232757630112659,1.281418838031681
1.1612482018060364,0.9706538286328636
0.6189774352338301,0.9161826428154589
0.96585475632548,0.7404259016806255
1.2065536214824129,0.6824181407999114
1.220604031558214,0.6265707701815524
0.8837358085078721,1.1292030346856956
1.3030697500157025,1.0067078256891646
1.139624570818944,0.9562195652396246
0.7133261776941289,0.729452006748037
0.901040403275398,0.9339907328907977
0.8227326761234033,1.0859425177310078
0.8055557973848003,0.9507671891751996
0.9868232416152127,0.7439434151771651
0.8882620711317454,0.7897129959386886
1.339315772884279,1.2936450267437285
0.8243871720870005,1.3657054577805856
1.1482100331371141,1.1040539607346018
1.2009740033436693,1.236944725571239
1.2101153260750972,0.9073383724343086
0.7456794763658438,1.309922123050185
0.7789718560006931,1.3556689247970266
0.9677454626544391,1.1743885770352582
0.6781673811695574,0.8890065488377427
0.6419791243341982,1.2297580504478036
0.7668393064440054,0.8103878678819625
1.0402154277916382,1.3820960586581794
0.8650093664771287,1.1119389094820336
0.9535457075052023,1.2250264297391396
1.0700577071146546,0.961264138483914
0.8545431881466914,0.8633181997477063
1.1999640330784742,1.1889993877060672
0.7788420169011099,0.8940659565703304
1.0895144092729847,0.9973137019831326
1.1078139162684173,1.055857093532174
0.833400526547011,1.1956516603969165
1.1964515374502782,0.6855058047462745
1.3851919037468838,1.3434186681029727
0.7900579376021779,1.2858260226861757
1.1713496493249331,1.1586323378757355
1.3298264295360398,0.8320684078702719
1.2349858792100206,0.9660944267031242
1.2173770604265712,0.9714143761521594
0.6963981724554957,0.7843473240786928
0.8891208290314251,1.397139861964916
1.0922359719020993,0.7446825885191426
0.8621310585418245,1.285654105287887
1.1406645003356999,0.8670875757652441
0.9108425324292677,0.9789383778859515
0.7286398243733166,1.2012901839008632
0.8984224979001014,0.6781518925841319
1.0274786709614492,0.6804825906029962
0.7444764711175322,0.8079038751454575
0.9014897564717415,1.3314977879796002
1.0269525394947674,1.1679246593547017
0.8605126436821701,0.604059057625919
1.1492261368043986,1.3417965972038672
1.0272494864102197,1.3421921248041961
1.1829698032884464,1.1734240368963476
1.351047180408149,0.9590094754131038
0.6928429432860879,1.240817127937368
1.3294686236626605,1.3966562416485178
1.2749385478641795,0.9181016542794278
1.2358187683838389,1.3105535086211795
1.3934478450180396,1.3168652521245006
0.8071027132774936,1.3136458427373934
0.8304280142603282,0.8709261566113701
0.6687632073901718,1.382513988001876
0.7369595881476729,0.8642062865826579
0.6567952640977636,1.1812433348377753
1.1939214085914072,0.9605280277276517
1.0381286254891628,1.2800437683289716
0.9295864202335349,1.0963407692179743
1.1697339945979977,1.138852589297659
0.8747167836849886,1.0261034441824046
0.9736920376637233,1.0832640493356722
1.0774218645624347,0.7615667744819485
0.6708152723709551,0.7927883859592759
0.6564984546802962,0.7892569343314898
0.8093378924954154,1.1859525773173514
0.8311410777356413,0.8704438157600005
1.2520696603895285,1.0474402847472493
1.221823485625224,0.7401645737999394
1.355867251143527,1.141872036528161
0.7478245445926517,0.6179396920824304
0.8538116257201847,0.7451562344025165
0.669522873240071,0.8754311048101053
1.317470364133795,0.6037355939038189
0.8726660003273403,0.747600518424401
1.2084154647819925,1.299733429122217
0.8874585083255063,0.8857754453172909
1.2652513719503187,1.3747629462863533
1.0743026562283644,1.1173425599462883
0.7253614195224111,0.6945759324678302
0.7540515867681963,0.6609806374781618
0.851591995919306,0.9276018728420821
0.908919328717253,1.331312101040451
0.6060189631603783,0.6527446752239953
1.1488073422539349,0.773698433368095
1.0559031997901154,0.926238253956099
0.9948441010639808,0.7572757264941105
0.7155139057763509,0.8416183114500696
1.255295922386063,0.7681547050904085
0.8359230841365656,0.9315896661396648
0.649407379568782,0.8507096828591731
0.8286425987569774,1.1316390895641324
0.913556457302545,0.7500923163308748
1.1400666840904288,0.6017981146839759
1.1903459024337544,1.3413344112656898
1.3005895424464604,0.9341641604151665
0.955090668516589,1.298248698808727
0.7875608831206434,0.7634879656103786
0.8702071835565409,0.9265285366125284
0.7662483838428578,0.9529937060475275
1.2239577471694134,0.9770242725425033
1.145573637146442,1.1394100678952
0.9719973773129522,1.1302326514364465
0.7168752801317202,0.7784230643040682
0.8351018631629217,1.0512231978443933
0.6095007128706812,0.9835719412080022
0.6083627164515278,0.8522355726655235
0.7058086136818947,1.1091554971346569
1.238272375767854,0.8765365953860326
1.34728948738837,1.1632142569161585
0.8068748314412308,0.6778932017324653
1.0930742889118608,0.911838840857426
0.7309991528242504,1.3951906414052737
0.7748530835021559,0.8459001365021265
0.6532972953002244,0.9582261038116908
0.919251024591419,1.285595571109482
1.1749920022855833,0.6070048821098605
0.8162443935661539,1.1346959088133466
1.084842442363096,0.912665934898281
0.8201977244918182,1.2680500059266493
1.14404725619216,0.8219991886802974
0.7851637066950983,0.765944805922453
0.9589071332677427,0.8863607937762307
1.2955785253315117,1.216443932425821
0.6827331049972418,0.6220677311371859
1.0396810204612401,0.7360844231420921
1.3494957292570953,0.8426747772314882
0.6597873005607092,0.8206790790951228
0.879477733963403,1.3805065028093955
1.0215620361500632,0.7073783661531192
0.7800042006130326,0.9245328256303973
0.7582647236643856,0.8080090637118171
1.0250458224276622,0.9464144898750573
1.1270223081698352,1.2969398774912424
1.0420895832121044,1.3621550924960815
1.1585687305784362,1.0733322590846208
0.8657546698608883,1.2150022362527753
1.3027279411315555,0.6556919997262454
0.8890833225692957,1.225205168828857
1.251534574173478,0.740029924762567
0.7497554383329937,0.605171941622478
0.7394868031158209,0.7235311126583456
0.6838049972879378,0.6902072221135012
0.8236977898976519,1.305513108423865
1.1980730041930356,0.6682112298590758
1.3256786248802284,0.9527017089106509
1.0028438616464699,1.0368883161047426
0.6654936301208656,0.7218629866573611
0.8257829722944393,1.1508640084575719
0.6188222319191785,1.0088221715266819
0.7711991404409377,0.6533626081275847
0.9181147630736284,1.1290201315744002
0.6600111958097802,0.7315861270268403
1.2177373941848593,0.9899386280689163
0.6250140936899435,0.9895812680579177
1.2409435150324555,1.3240652797516437
1.3740423262166606,1.0083158795826652
0.6484535352031817,0.9625475765756375
0.69453615245381,0.6643821156798293
0.905289881287609,0.9035147018127516
0.7952963838376437,0.7032122100296143
1.2007134760376417,1.312889431103411
1.2856259199182314,0.8395102134812826
0.8775489163032081,0.7621896842719877
1.398036756563162,1.0171393571158835
1.131458316758196,1.3612301522703045
0.6561569839499517,0.9462586018704391
1.0425748842621372,0.724729032032221
0.6734839355915068,1.3207717509393917
1.0447095972605496,1.075069053875328
0.6485732015306384,0.7313420477460029
0.6214537045523308,1.2880382824600416
1.1888408025837012,0.7800775928230568
1.29987832989039,0.7220569764907071
1.2549257610418734,0.8422176912444118
1.0032733518810686,1.029517639325438
0.6826003634450851,0.9736618904825154
1.1094995946818456,0.6342489385065401
1.241223877077617,0.6298451959091856
0.912566288042227,1.1332841024913978
0.6331293816639956,0.9930036287045538
1.3206041626508476,1.0042558797660814
0.6468219381403681,1.2530823094092591
0.7834842936991946,0.6984572994162875
0.8483394179928125,1.0768484687211075
1.173963775340793,1.2959218888172745
0.7113000092811462,0.6974526036007068
1.2376944953585491,1.1400423488627147
1.070928282424596,1.0454661009397253
0.7399793343357831,0.9679469498960689
1.3902212324672858,0.8005731372714331
0.9916982730642174,1.0974568365135786
0.8503999352070295,1.3845598451441616
1.1035357147824434,0.7794081427533963
0.6516497234751905,1.3304066999813067
0.8313700960859252,0.6719728878546402
0.8660880864647404,0.7397184899938304
0.9800046707638947,0.6509411378770792
1.2024692840055422,0.9845197802748384
0.7054638716135158,1.1578385295706162
1.0457121160970113,1.3039433235385307
1.3006855482967477,1.009059187247161
1.0788372135191198,0.9224645229374578
0.7187727685861727,1.015521101330219
0.6723959479098917,0.6425950250260738
1.1250790735886949,0.7570785619887064
0.9968449736030064,1.0466461744151383
1.0370051690992992,1.3119503480320547
1.0705507077141547,1.220629283234791
1.3016463352478866,0.7780382981475793
0.7587982955260463,0.7526550256158113
1.2319166103428352,1.282340622454207
1.103861501683355,0.7259147444044476
0.6043354746202934,0.7758199857396102
0.8960734263153651,0.7117580530863207
1.3079580190420084,1.2074319473933102
0.6918832131834219,1.3310449664512345
1.1294046305883894,1.3398139799095115
1.1715972691141658,1.3223494417103643
1.2266434196646614,1.3550193069962506
1.2431514732165052,1.0881875871982272
1.275579569540459,0.6224967210211171
0.6049291405237239,1.0659060771524782
1.1129248485862817,0.6048653348611573
1.0322518259688307,0.8464535977256
0.7986411739016464,1.1936293373698437
0.9491584755510887,1.3952281510284998
1.1118343868174723,1.375392782838392
0.6495777124131201,0.8610987007981887
0.6011339102132207,1.083497198891759
0.7950715634884518,1.022318652308884
1.3992974151371094,1.1075897862572113
1.3898469601855368,1.2001520663037906
1.3705246572615957,1.2478681361460378
0.9284739324089782,0.8971364033168572
0.6922461076650317,0.6877551318787939
0.695564202972121,1.2337465480089467
0.6457448538385726,0.849175048439431
0.7354208015036036,0.8196500195027075
0.9394482629697457,0.8782903695880082
1.1787867964693,1.1274889586382932
0.7392905484899065,1.271619777119543
0.8862810310360757,0.73571338583328
1.165195701388975,1.1667232641218654
1.3727367538815363,1.1102175881916647
0.7885925874021412,1.0458291223867808
0.7421352904999109,0.6390649419737577
1.2449263075971688,1.0605119990891954
0.8338849346507164,1.2274209518628987
1.1146628384498065,0.8545172477328271
0.8629264339207952,1.301036828091813
1.2445102433621948,1.2841810986810882
0.6909816936169761,0.8101974196271057
1.1775206229502468,1.0484113613482378
0.8331605302024324,0.7910845344230949
0.946891895689588,0.8127282280403122
0.9384988536377403,0.6831351826896221
0.6787897337561675,0.7131798336778854
1.0360286950960436,0.6238957417093222
1.1092848901107812,0.9280523342982561
1.3504985953591127,1.3148361917764555
1.352779000376263,0.8480040856458022
0.9635115646275225,1.1083836092958688
0.6970385314136125,0.8312945533802706
0.8122202751793316,1.0630248165592822
0.9373459827555864,0.720638441554635
1.023925850370571,1.0670064220005735
1.159531978438796,0.7091670913403834
0.9622927266746046,0.964713394163127
1.1943113067594056,1.2308788634883583
0.6992402245881921,0.760159030993314
1.2120107780411846,1.2694914932403345
1.3376569049205256,1.2099198624768939
0.9320900039563942,1.3007606173827233
0.8415012567042701,1.255890155947859
0.7452878470801241,1.32015635711648
0.8422318117646824,1.0424962166634448
1.0926526328079638,1.1915041721286648
0.7702505091573312,0.7485304179998414
0.713211073127891,0.8346793014192493
0.757141706247793,0.954031944612227
0.7595909412937697,0.6864929973731111
0.8842037532058808,0.9140485045808846
0.6744221398498426,0.6044328738747644
0.7205623354003726,0.7591243051006495
0.6311109009192085,1.3690395129100978
0.6445235757139703,0.6999454812312743
0.8531057139633514,0.689802319851288
0.9301653840203866,1.3190632080788598
1.3737651567285163,1.3108335842791576
0.8876138928797713,1.0056627477386297
1.3653326855581391,0.9784757675656224
1.1845300246369432,0.7279843642375615
0.736165743855974,1.0737064642992022
1.288470469973974,0.8148437781188271
0.7280452542373252,0.8674502610141249
1.1389655573494708,1.1589879468194302
1.3267865525124334,0.8121519852452471
0.6889793688104108,1.1447703316937403
0.6110828385401561,0.9371084119742761
0.6139196060170392,0.9830685965088524
1.317815626348643,0.8214522886134104
1.0105961905378336,0.9384046139152203
1.399037804550775,0.7701281699625313
1.0423995134832171,0.7302672541808186
1.2814812343720723,0.6270845561827953
0.8554084519369773,1.2291152474731109
0.9168161434740947,0.9218988949053599
1.2044459027036258,1.03091588959831
1.1126432083771998,0.7043216224466605
0.93471464132276,1.1629591960081203
0.7288237752669412,0.6186418467866021
0.9500408974823233,0.8625437366227348
0.9542531260815477,1.3144597227938872
1.0390712675878195,0.8322766761814696
1.3763847786829189,1.0306147787192164
1.165955479537251,1.109856149807906
1.0637151058537668,0.9077026128904857
1.3556261645347198,0.7519984660962709
0.7276694797429892,0.9769535873683335
0.6537955893948073,1.3238961814972756
1.2949355469280261,1.3001151907365185
1.0138448813242473,0.8796857017897953
1.1006459945072797,1.250997670904685
1.188228561250304,0.6671523665341631
0.9784390260714482,1.0013585211002702
0.6156046582952158,1.2576741798172815
1.354006080873265,0.6214329358509562
1.2953287532425994,1.1462838061273413
0.7903317439489417,1.3164276252707858
0.9442484322303246,1.3015467238901344
1.3924858753682914,0.958589785716238
1.1112618505073186,0.6998032626536613
1.0978596892685741,0.662659298195812
0.9063232546465895,1.1636118404623281
1.297956994462963,0.6029827860998869
1.3287250657682244,1.1203953774931814
0.9949179113688587,0.9131900162015792
1.2242174072862153,1.330725042886138
1.122641170376897,0.8906237887218722
1.2081608047742518,0.6532741867774744
1.3373047543657948,0.9003223586854251
0.6688170539674502,1.2956165388571832
0.752115874673932,0.6057318290857738
0.9465420086891254,0.9477399247294191
0.6712980243716419,1.117470939407645
1.052292859573103,0.9331196640180595
0.8764354240179674,0.9007367794977652
0.8192355260811051,0.6508139480814886
1.1769075797940882,0.9935062919743742
0.9119850827698439,0.9469745837648231
1.1021993199711742,1.1888226671071038
1.141168178632761,0.8920266456228924
1.2499458872188334,1.0131031113052735
1.3829461694888154,0.9026022831928363
0.7901721214657178,1.341149228447942
0.7106326450122251,1.1469192562781276
1.049413747960158,1.2219284404329436
0.6434079006003519,0.6823624129823873
1.291245468044809,1.1339113519612896
0.8370113938285143,0.6234667637415972
1.2356788441317934,1.0359441291545122
1.3599882159956842,1.3517420572060979
0.9424649643855798,0.6582981325225274
0.8298132029773395,1.1982628413932823
1.084756795840907,1.3060992520033352
1.1854049479828601,0.9804144244828913
0.7981284512696222,1.3171338312895324
0.8289261632026047,1.398883314873577
0.7462078176191211,0.6515442460497407
0.6186077511666318,1.170226018340772
0.9367754715813092,0.8577730409531694
0.9606794544109354,1.2929940445329573
0.9681987233868272,1.1121349182068476
0.7736152137342841,1.2957842253788374
0.9302974815288882,0.9584746945971807
0.9642066317042528,1.2618478925815555
0.7007559336001749,1.0357903518461422
1.262653892242744,0.7936556952352338
0.7661078793922249,0.8766526507326892
0.7080975409459592,0.8643963369675876
1.235431872537859,1.2566964631943818
0.9758899024550236,1.2328270496253553
0.6357996760896606,0.7370407218254872
0.9824419765432724,0.6035202239938362
0.6675511096378783,1.0419930007100011
0.8216459007035701,1.088929651147924
1.2203197965080017,1.0494651412252494
1.3895133828252526,1.0728414164720244
0.9413038235977184,0.6120111126591485
0.998554043519199,0.6502561604613092
0.6462842688358356,1.1477189888321933
0.8195759336125021,0.8365378711787089
0.9791933540194773,0.8651066146955729
0.986141393594054,0.9642094837663088
1.0625760214939688,1.2491499276886566
1.1518075055291257,1.272096415964246
1.0345185065324969,0.9146239049053302
1.2149485291828737,0.7838695692564746
1.2719265228712946,0.6551638680001293
1.1951492082177229,0.7940871886611336
1.2144904883212648,1.0384930032700028
0.6140945455059478,1.2382054592566782
1.301186064620242,1.3762598976036542
1.050348349340318,1.3872751540839203
0.669148141869073,0.9283387674394139
1.3702293200048663,0.8151254697377778
1.30685076011584,0.609658982401071
0.7022838898122853,0.8411435042856589
1.219293102478479,1.0126274217095372
0.9213801589020236,1.1535366546538208
0.715992125804449,1.0285350741668269
1.2859707005186711,0.7741619530872977
0.7025558871889764,1.1894211111663844
1.2774633349976539,1.02404614886883
1.3976979285991886,1.121078865876925
0.9663280158651195,1.207639691105172
1.2900423994195411,1.2522150757204327
0.7861578612405382,0.8445510100294509
0.7048641131907603,1.1106180249840492
1.3920078270079908,0.9305138156284605
0.7484127318088589,0.6412334964504567
1.0830449589126483,0.6640638848672554
1.2332862705384384,1.37193337337711
0.6497438279418442,1.0522229667529615
0.6438614865783029,0.8509605593419048
1.0810071853780985,1.3529377896759038
1.3159101950236953,0.8051388683992609
1.1384059781484308,1.0774298083626268
0.952856929791633,0.6444485342816966
1.2576109787475098,1.3615877526398683
0.9102450775793636,0.8748975383802846
1.252861492161668,0.9965344953564639
0.6097583237361018,1.3236510977439795
1.156694128102683,0.7606949239108969
0.8436377079775166,1.1371842113396564
0.8958659990820063,1.1707026298826224
1.0657120897285361,1.2313538520176817
1.104230897698133,0.9134462499116486
1.1897681368705912,1.0194639407687665
1.3235976592459577,1.0360392139282564
1.1559628045949264,0.9703181294926044
1.2677199512694313,1.3933245621536623
1.1956711980272692,0.7957972235283799
0.835599603742799,0.7653253224859062
1.157981580258785,1.1883794854043932
1.1977517138911438,0.7411890357818747
1.144960438079849,0.7935928311354884
0.7799428318662127,0.7542964202204956
0.7110278257671172,0.6771151961799549
1.3921837209869086,0.7041293678488267
1.1724368791458788,0.6483109614626271
1.2379816739012388,0.80341633696837
0.788720041975449,0.7950294774254314
0.6206205955004517,1.204502957836272
0.6940176530726768,0.9154682693055524
0.6152610590858411,0.875978320440217
0.7760527433570266,1.3801352611630038
0.7645031500768512,1.0053308440154818
0.978106296654856,1.3594343211348654
0.8022238602934328,1.1478433238325805
1.1467569856458386,1.1257384267589687
1.0723149988634133,0.9848151316119742
1.1041558751079363,1.001747388204977
1.3281511365571212,1.367453079844141
0.8466111340435359,1.0702208864939144
0.782244905135741,1.1930620155288152
1.2225290464091083,1.2195858063570457
0.8272841695112515,0.8132856960135657
0.8769006440385833,1.0438840461357568
1.3145031319834635,1.1156734841204488
1.1705529904514602,0.6420764682053937
1.1000657424059679,0.9719602695136048
1.1321660360509558,0.8933955565953506
1.101742331874226,1.2506282437291754
1.0170485434610854,0.7259394260714567
1.1166998767621057,1.2747636412107428
1.1658814911921727,0.8062802210955505
0.9084357248127719,0.9406710691805542
1.3885802324559458,1.2060205258548677
0.9698706734185436,0.6852239399337964
0.743771507630776,0.7816710105399974
1.070736165147229,0.9728696641005192
1.3340681835076147,0.6939477947633304
0.6011027487308328,1.289464420919364
0.6696080349416225,1.3554674649569112
1.3194187380331206,0.9502701192465697
1.0838562012497557,0.7409483084351424
0.681812295328781,1.2427449990064892
0.9855509498466746,1.1122801766690207
0.7671644827262902,0.8228341014174254
1.12978829188265,0.8519244410238245
1.2690822790740215,0.6002865035003576
0.6105966476915142,0.651754096995686
0.7170642415183094,1.3576460204285348
1.0513196925515533,0.651133817312561
1.1698542097772635,0.731017903183875
0.9991787276144692,1.3771626777242754
1.3474380577759686,1.0059991733142815
0.9928874165239554,0.8165482933730477
1.0149458735830974,1.3842438296608237
0.869548863782419,0.7146632156752948
0.8564253972597413,1.3496180404132896
1.186183621181688,1.0682450819899536
1.1110856111002296,1.0806594726004157
0.9819499135737011,0.9820622665495864
1.2964556714381412,0.7750008536277355
1.193731790144148,0.6427493910036355
0.795624881441683,0.8326574736327568
0.7921989306359716,1.217628850437335
0.6001640017208356,0.602846499410929
0.7821813075220249,1.3667778379103095
0.8852727374181426,0.7990719575085589
0.718697237295104,0.7209873823566453
0.6805703027172839,1.245612705913051
1.2479171948411212,1.1617168608548178
1.0291403088971969,1.3081636094316278
1.0967020958644822,0.7967072089849977
0.7425022301923776,0.6111436102834725
0.6913131693829929,0.7078751617778342
1.1319944524544208,0.7075547132456654
1.0036901329097696,0.7318595797294637
0.8309912622803194,0.7085570519795408
1.183566022184721,1.0940165233752839
0.7279712879157096,1.0286649402971113
1.3275265045043638,0.8087867826139746
1.0264092649510437,1.0405710926830882
1.2068283662472807,0.8161225090424743
0.7498449363797924,0.918786608470892
1.2377967702059487,0.9753762248154352
1.3526282767512174,0.908275685186195
0.7021654616142828,1.1638318447824543
0.826733698232798,1.1312674926922504
0.9094502015859379,0.8806309059789421
1.31369898317735,1.3896365690937866
1.0485052184603303,1.2446546726211527
1.3433665891603461,1.2376537015859683
1.1705815417623089,0.9088403238158367
1.1650591612751482,1.003745362589779
0.8729584985180097,0.7550171129856886
1.046684789917195,1.0854839545806998
0.6867143553236854,1.0374501870297266
1.1030848554645094,0.6401332288151069
1.2321857994015781,1.2203090003949244
0.8084526334356631,1.142894486754789
1.3181240519140571,0.8018474529348188
0.9194556668278844,1.1665202904618908
0.9127445654557469,1.1321363572853336
1.1418569014939077,1.171020747511115
1.1254060944698892,0.6746555405821782
1.2041769816866992,1.0114981501235878
1.2982997830202443,0.6869473025372169
0.9958665570588303,1.2305839177597893
0.693096274105603,0.8129514561082476
1.328830313666097,0.9178752208411648
1.0271374131847084,0.7063882533086796
0.740198532766697,0.9921245294358559
1.1317445429568638,1.034168525516941
0.7350162824467761,1.3425822728492403
1.2658165660681946,1.149582176662567
0.7669561993544677,1.1241596168491026
1.353231007236009,1.140920763335418
1.0568447767286848,1.0758047141148177
0.970006983232542,1.2630350559862444
0.8238860962524862,1.3107002201322089
1.2045282161135753,0.7291377285755253
1.2273878159706313,0.8009069853199675
1.060702141003931,1.2086271082435829
0.7479434144974224,0.9260453383865735
1.2229622618688825,0.8869859869103728
0.685722703695737,0.8930567937928912
0.6395833257354866,1.3273637608981326
1.2389039297909803,0.7939846038163514
1.194187030154879,0.7396392041589143
1.0257089689095533,0.9376757517465948
1.0330980685591844,0.9936207627108988
0.8403428447149379,1.387136069701764
1.1137613541963383,1.1304187957381804
1.0764771807447904,1.2538541021797314
0.9381609172671508,0.9940158527121428
0.7883808331913145,1.2668900999987336
0.8934339410208133,1.0302235413770435
0.9037862551102943,0.956645415965703
1.216697398656338,1.2335232690571596
1.2099457526972102,1.168730138352364
1.382098107453799,0.6291593452994623
1.197263725057425,0.8966304022073908
0.7274263907877682,0.9214839328983833
1.2138321033565145,0.9656128600432687
0.7218600653987431,1.2816590115191242
0.7726744036906124,0.8038620597658176
1.3441680831702632,1.290347242080445
1.2103735597386989,1.0279993788033923
0.7029002047188733,1.0333862790537272
1.2992623557231764,1.3181662738869926
0.8597275894194287,1.3321101745827044
1.035579649306678,1.3563403722160807
1.3785667865465614,0.9382461109749907
1.066170097422538,1.2147040566926757
1.1844761316355288,1.0877394726462573
0.834702317842722,1.0492563771655057
1.113696182712079,1.202439324179413
1.1589051083797282,0.7048970647774395
0.7128492178900182,0.7496534486639748
0.6705068124372138,1.246749770380818
1.1028507817480486,0.8171035434766002
0.738779974574364,1.2137905544120886
0.6661159425065595,0.8870585310687735
1.2170482674921854,0.686565221685967
0.6379593944556462,1.23262256763171
0.7704440025599293,0.9481158842825212
0.6664039080620363,0.6489911813930446
1.1814872224905537,0.8142159733603912
1.308563382259209,0.686766384713473
1.043855292320854,1.3973540059406202
1.008149236090036,0.8761588923600655
0.6932938660636889,0.9344496625117402
0.8246070238573823,1.344684624352975
0.9209517632408042,1.3171138218264957
1.352471830546404,1.1596714028458681
0.9713052162631328,0.7988782193382231
0.7854582108012976,1.1473036632082598
0.9552170481468336,0.8538329313877997
1.017564635144402,1.3462250585984323
1.3200296854864155,1.148386324134536
1.0591409207022118,0.854936317537499
1.3110580685534905,0.7742603639776955
0.8707518492610484,0.6159577810416439
0.7341551184961576,0.9970339116082838
1.2738120697919864,0.6576501949920293
1.3335301031524487,0.6550225087889585
0.6198400915033805,0.8887059204670038
0.750066157915917,1.1168387940900222
0.9587165076902422,0.9615073577575992
0.8064226285408934,1.1031394100096974
1.3888210513650898,0.7222380727624949
0.9573756870076471,0.8573216446325729
0.7542304467026847,0.7863067034349602
1.178136358048394,0.7886843046462644
1.0183228398604474,0.9501161536608163
1.297668869650123,1.176627379943705
0.9626904760752004,1.0327652939901204
0.9756705081853033,1.0952981775315622
0.8524223670286987,0.8009925663376251
0.8627354898644096,0.6883062446909712
1.0206294279042678,1.2630495616666715
0.8751560518740082,1.3423858648313476
1.009183414650709,1.3183488540269903
1.3570221832235578,0.6474503674901066
0.6295044194051364,1.2736094434004708
1.009551910619444,1.385536152567669
1.282271833297702,1.2389683812239085
0.7351763746138505,1.1746222153351118
0.6603728320057668,0.7616461453653696
1.2118865044268032,1.3675477464975323
1.3941777743609676,1.2776017462424019
0.7141600755483388,0.6668794301171355
1.3789629924244138,1.0822975773566696
0.6577165672097044,0.9734855942598712
1.0075411060939814,1.0280649351411784
0.6054356985222367,1.0548465471951751
0.751834640033514,1.2032090741003887
1.284769234743033,1.0378436092320713
1.1080730317867404,1.1287297073216518
1.202142085216583,1.1876501820396366
0.647981297022928,0.631679024849952
0.8688806808846596,1.0865849213303806
0.7740264172580896,1.283013771731568
1.2765165706799197,0.8867150979428853
0.7287183424554649,1.2677173501359345
0.78773249957695,0.6323295323823825
1.0289867140726707,0.6784155913687187
1.0067906057518201,0.9533355074449132
1.286282795582539,1.3360016470321223
1.2336089459206656,0.7913220172138911
1.045877656459005,1.38659980250563
0.8493390257864801,0.6144069984068062
0.8019365603003632,0.8174709833006181
1.2554425301810483,1.2643109340780905
1.2324835913661047,1.0067484202604293
0.6327177025800721,0.8535628229462832
1.2633013858876092,1.0345186012620182
1.181720575031687,1.0620435361144183
0.721310013206623,0.6889185844891021
0.8648798015533437,1.2284689507489692
0.6490093213359888,0.6529857675242345
1.0904137131698943,1.2253789262228127
0.7471553485402673,1.323013835005518
0.8293805211139961,1.271693009226953
0.9961930591449899,1.0650257246320574
1.2882659236076492,0.9853489760874422
0.8832331644471767,1.3841263340412082
0.9966961304766324,0.7023741305413341
1.1923553916929763,1.1680007457641683
1.0870673331506706,1.106633189350164
0.9115188570557728,1.3880723593291198
1.2513608465013557,1.0594799721933292
0.7138719573895961,0.6697388832962786
1.1425150025959225,1.0902824290151856
0.9558831626309183,0.9872234800715558
0.641589321500479,0.732691505818096
1.0122769221410821,0.790834429173301
1.0040348527896024,0.9217313207088845
0.753205851569323,0.6672761951149873
1.3800465886979574,1.145007025961415
0.8456723268296392,0.7709401545510082
1.1107031187072498,1.207298567854627
1.3483314630368546,0.8682116480116654
0.8175287265192679,1.087001966054486
1.3003055927045502,1.2097547792010168
1.0917469811319895,1.2112363176977485
1.0445708513165262,1.123310629907686
0.6409593754316568,1.2380565802657528
0.9676473050937593,0.9314492648135421
0.7957083433806316,1.175418510961701
0.6867372957999451,0.8976251112810171
1.0633689453849362,0.6214971692646459
1.0347714883223156,0.786467973272977
1.3568013334680398,0.9203949910564356
0.8730782910976917,1.1194816935352414
0.6245628121345657,0.9957815636260452
1.302339640604844,0.7833374902220466
1.3276912621007375,1.373817813589287
1.0135988704248393,1.1896912863572955
1.3405280629206149,0.7929240636797653
0.9924516177484473,1.1708330188105653
1.2830048494556958,0.8824005116336755
0.6733802797499171,0.6209776217046076
1.3970039069668403,0.860389027178316
1.2062075975380533,1.238710865000899
1.039344070927556,1.0121880337589646
1.3037963371312715,0.631237630891039
1.2037921411250214,1.0896796088626433
0.803545399393277,0.9925767396109089
1.2310589328356518,1.0926547398238418
0.7780250778084781,1.101465901632782
0.6466833790756831,1.1406089435999842
1.2220003467631466,1.3922712500471506
1.227944533847449,0.751377501759583
1.043023565995509,0.9911678326559648
1.033159128232057,1.0816507007329643
0.8543905446487889,1.3861131409456942
0.8301673621992331,0.6961926020122686
0.6381751230645654,0.8711868308904879
1.3456211502472593,0.6478064361125038
1.1191839499271592,0.7655774416869903
1.0474250420083053,1.2550143560282219
1.0368744150684666,1.259423906920392
0.749148102411271,0.8188469089347555
0.6080592289547386,1.1343683032393792
1.0245618087517272,1.2861587929122453
1.3209153605700292,0.929524909681175
1.26415287130994,1.131184606337075
0.9935602152791589,1.3569421990625936
1.003466263011333,1.3936366541867367
0.6888960658583707,1.0638932819356905
0.9335007743639585,1.2811398263908056
0.9691966775519636,1.2116544216556866
0.8637055519459408,1.288263161372761
0.614846732698298,1.1294280388947338
0.8782901907973513,1.3096745122532991
1.3344715999662395,1.3213631310154244
1.0582847641579902,1.1177334926442508
1.0375284946232517,1.2420821515557008
0.6596387120124543,1.293205796797284
1.1425788375309498,1.2039389737960344
1.1434020790264983,0.9763814384456708
0.8717557990640632,0.6007240117123828
0.7545640039439434,0.7780884832426328
1.2093350162639758,1.0947044612720689
0.631448052049992,0.6878599104897387
0.75496982518116,0.6553934113025629
0.6019242457551494,1.3942547633571873
0.8536263451327823,0.8124179892241112
0.9807022137248569,0.9254194138534257
0.9049724964355436,0.7441534354747665
1.398869422667966,0.8295089735943466
0.8358278896746603,1.196239674754382
1.2455447273793285,0.9221289200512972
1.252355483239139,1.2061701822013204
1.2812096560055701,0.9659525315170723
1.2506480921943353,1.352288619192923
1.3374460378080133,1.0813767757455806
0.7699329264763857,1.3981193034467538
