mg_scale,eg_scale
0.7290120903981988,1.0445541070703328
1.293255504266733,0.9965220786509019
0.7135179723592762,0.9628069161411354
1.1075229602987777,0.8578465883514537
0.9217981712989604,1.1437824317614922
1.1498357906795156,1.1296530396341153
1.0397475239322946,0.6603160609071209
1.3768528202651942,0.8395154204821927
1.256228500177591,1.0758507163495383
0.7057630197993886,1.0961641463251999
0.601735851151599,1.3847829444349375
0.6195147765006189,1.0890678222009074
0.7393352400208735,0.7058229917948116
0.7873619650122421,0.899882763608346
1.0682169449737877,0.7773806839038802
1.2102627054096495,0.8121787004757979
0.7956612735643954,1.02218189055713
1.3540059859356723,1.0296294801917616
0.9659554409735998,1.029587930652803
0.9050576630375485,1.144163078264182
1.0592019530778982,1.0868882264563058
1.284134264825481,1.100028947661932
0.9284282502130685,0.8062206702707637
1.3649541542175712,1.2944826552289517
1.2929636356180643,0.7795627806443983
1.3820314127457891,1.379999945910515
0.9860287409067627,1.335646494589963
0.6834196532220027,0.6499363232128226
0.6450004768631741,1.3929900892638312
0.9490405774388004,1.1661346329132338
1.1268842577750617,1.37531042072277
1.2216951638028768,0.9410929471076771
0.8147024899183949,1.1209142824417588
0.6860682234189837,1.2688992792780984
1.1779829844187955,0.6377786539889125
0.7910660787929279,1.2227070406795086
1.1316514915223617,0.8576169822934013
0.6062611904133198,0.9428201182264186
1.088828385787595,0.9810047648225868
1.148921230995419,1.264775757388216
0.98009979137118,1.011194074667935
1.1822942382973571,0.8869288218259723
0.7980111387972741,0.8136621209329419
0.7490935404682728,0.7845119735536932
1.3134198485699458,1.2173280005631981
1.2479547914725502,0.6940178812561049
0.7674792476466064,1.3951294753884558
0.8974096905358099,1.1777057725314957
1.0310196920436312,1.051217007348717
0.6039491865743176,0.987956774375512
1.278459042057771,1.0068939094112785
1.1057720378123204,0.9379211034720198
1.152464141494291,0.9952240552046709
1.0500894006258168,0.8427730950587593
1.3676214613559812,1.2281076129470812
0.948720730607966,1.3733289199127692
0.7069155358967844,0.8281647503656825
1.3874958122162817,1.2404818454424777
1.3979097178668725,0.9883262367618092
1.3693067243319872,0.6546866053360457
0.948678165365636,0.6859758005180551
0.7566823074031634,1.1492656077549568
0.8240246646174569,0.8946119227999375
0.7663947806600236,1.3479132683617308
1.2736244149944995,0.76199604671421
1.0325534433613133,0.7127817901808864
1.2546442053043383,1.3407585039590522
0.9085740616128716,0.7385921705551506
1.2578142654244813,1.3873050558904254
0.7803397272054677,0.8105365125460663
1.0686522787840134,0.8817403371490797
0.8140931066104747,0.6656095380649154
1.2913635048884915,0.6004848355646748
1.3544256097127187,1.3238926838820366
1.0077706173725158,0.6494443686144489
0.6360717766482586,0.7930822787622667
0.955862088003507,1.3863397165098221
1.36996665270865,0.9262710674607069
1.2659055810636548,1.3686485085275397
1.2973459145428867,0.7204530856898558
1.0414118234057443,0.7809484740579903
0.7351471268239962,0.6587820724579563
1.0722444026908922,1.1022283112550992
0.6593863842930863,0.977488139238998
0.7202886058322656,1.065309410742172
0.9826663427790696,1.2089896627029417
0.674115265855213,0.9003174944501429
1.2076548610244706,1.3641975780360123
1.1769612699692928,1.0191877184448628
0.7571738799886221,0.6484269342496828
0.8345058871049044,0.8442410755786928
1.375637305397797,1.1641681812878697
0.9303042353794058,1.2444041973450282
1.0799418136282928,1.1866158165327314
1.2026916283882116,0.8452464569958218
0.6620074567361025,0.8686537292536528
0.7356036242681974,0.9386355069395325
1.1229804980475144,0.7144423880912171
1.1038560061588374,1.0609101475574312
0.88939339823465,1.1165255900780555
0.6358003822531859,0.88607689968074
1.065095766568868,1.135167730003753
0.6687706998263024,1.2902329134621555
1.0660850359606875,1.1497954122866498
0.9068254228749786,1.0801199012265943
0.7276100136236101,1.2751845309584262
0.876654500844843,1.239244708540642
0.8357558954825621,0.8789060850857514
1.1562641225129866,1.127229814216029
0.7468807413734784,1.3341493607684232
1.388822152323132,0.757933658362511
1.377333226079916,1.1166758037010691
1.331495432114941,1.2721098303433356
0.9574500661966131,1.053199739950754
1.0208315414658935,1.143613859471054
1.2208535159564393,0.8008852766729715
1.2443580159542051,0.8060236508642356
1.0227564822923503,1.285758275995938
0.9952471089861746,1.3915690738853677
1.267525644643682,0.7321605691520134
1.2982923059774978,0.6469266109519352
0.8379312514694519,0.6224177647619139
1.3892279067265405,0.7278125594361502
1.3692379680552649,1.3078440979990267
0.6550585180987645,1.2790232469370535
0.6613150492876058,1.1742210887844604
1.2144146755455125,1.1002737066746056
0.942530501872666,0.7548215902482005
0.8932437292109361,1.211935220657257
1.3079967668251555,1.0858252513399427
1.233309851591816,1.0392261393725075
1.0404748033750006,0.7603653803021494
1.3860545056357616,1.3509076207464357
0.897272359716679,0.6485440282330427
1.0492750471688357,1.0504669890978926
0.9172814896028509,0.9844129249572142
0.701869828158568,1.3403809327093645
1.0214707676046153,0.7040024984002786
1.1093689545891112,0.9055497397380562
1.0339209569128818,0.8693507421267551
1.0680133090458026,1.039898103191108
1.3904516107204459,0.874882515637587
0.7587238941056995,1.059096001109774
0.7939242889010104,0.8669264173278697
0.8781252009780549,1.2401449121636419
1.1722586992364605,1.141778723310282
1.1088325605481248,1.305352992710921
1.2854256487533027,0.7382417286190839
1.0425375791227796,1.3071823560391953
0.612737617390756,1.122401441428139
0.9489784972314814,1.162876429141932
0.8398481142847709,0.7331508667193772
0.7164791298161837,0.6873868977991551
1.224758570430319,0.7639795021383251
1.1199957794806763,1.2959194776061445
1.035957356446183,1.2082076106752502
1.1718448505582324,1.132939064323002
0.7785674451408368,1.1586026506345497
0.6410703300972451,1.3345481127681178
1.1589591200063118,0.828694636030732
1.0112084741535088,1.0886829047788424
1.063969676101427,0.9451586463094102
0.6401915216205072,0.6014854042306046
0.8687304964621133,1.1078471527331515
0.6766763828822187,1.2583976662636003
1.103952184076459,1.1423959856301984
0.6769267648073322,1.1012807130688613
0.6745740512056355,1.2572633504240185
1.3660475239332173,0.6327672747691399
1.0092954036511699,0.7483626855521371
1.3996739339409812,1.0877950832583643
1.2754310464427068,1.1119097451951192
0.8792790233299809,0.7929178038596645
0.6120796119485329,0.807412187096763
0.8481528643588585,0.8090607648132864
0.829948728968787,0.6865594354754028
0.8354641412122981,0.8583916877915942
1.3215828281486814,1.061515598472808
1.041630733094013,1.2212228618114325
0.8196720354637781,0.840222848811617
1.3187485319314907,1.355873407825072
0.7011119301467165,1.234534754873563
1.132407135064614,0.6322617295348745
0.6598763860726881,1.2659420474109768
1.3300569765361854,0.6228280006456208
0.8654211586988916,0.7511838824048408
0.8948840684352956,1.3179808106106479
1.1504233698390174,1.037563319630384
0.9412460715565978,0.9152190964802706
1.0665874233982895,1.0672966953421394
1.037614275373605,1.3191304049105457
0.6215206258485722,1.1604351352640665
1.251200134279317,1.2430320464041167
0.649541673314158,1.2042164580291503
0.6466264584815112,1.1809217053149113
1.1909420396531496,0.7328233519020381
0.8290448783255145,0.7148660398630168
1.0317959056498895,0.6870571592127172
0.7976470339117581,1.3886474260445045
1.3015061249798616,1.0357106225269281
1.381459411652434,1.375820978677421
1.1733898644176366,0.666113274292831
1.286250583665014,0.7008795874769127
0.8742475998776265,0.6474756434447342
1.1406918898577363,0.8547654255974539
1.1810795209057154,1.2508411391379493
1.132030511274393,0.7225657165684944
0.7516439387607055,1.3877955320969388
0.7693333403783642,1.3395037748159304
0.6476704255983806,1.0344278294479483
0.8012801978468114,0.9317710640086009
0.9335788343252194,1.0228056927018552
1.0467834481335956,0.615867314970419
0.7551225387896818,0.9940641265292969
0.7151850807092445,0.9905843543268895
0.6032836659506924,0.7573105811941845
1.0088527187429341,1.325318502516469
1.1724215327790701,0.9973939940703479
0.8975167117452858,0.8868275802101951
1.2778331236140006,0.6850401528799148
1.3738759415477437,1.2229734127689964
1.040156332427674,1.3317790579072133
1.3552461131054288,1.2448707776701975
0.7135254143458327,1.2823208803109314
0.6121950480067131,0.7600451644093451
1.0705580480828925,0.7329668758575025
0.6588507827775563,0.8911948626909041
0.9402903889769889,1.1850986815716236
1.0821528630382793,0.9594925044818572
1.2476169312656942,0.7963176224479082
1.079853064708145,0.6976234373836376
0.9595436538128967,1.2234609964497576
1.2396651496363953,0.7246527900770444
0.8606857633947229,0.7801962450557869
0.9913708245339352,1.193898196671344
1.2306378044160362,1.199755626359253
1.2093255612009535,1.1100210009686386
0.9169006607716813,0.7529689499729864
0.8536023158527456,1.2558852579623194
1.0920782282663397,1.272373932085484
1.219577312834656,0.8511801641488264
1.240742140976229,0.6529812098505536
0.8407259360321413,1.370476313829593
0.7706519117988592,0.7679112254894356
1.0929265534899195,0.8222040033354312
1.0106456994296975,1.006017326266947
0.7165234424558122,1.2465858121715365
0.8134762697473837,1.2686443014541189
0.6227590825481719,1.0630257093511224
0.9531576117421279,0.8252334956680227
1.0051073924619949,0.7170227399143647
1.3622483627774358,0.8142076303004514
0.6826128846114078,0.8501372332949036
0.9672357999831198,0.8874189789561052
0.7149066014886697,1.2015660386940938
1.019144364010643,0.6595922809214431
0.7883550532750618,0.6125447674590682
1.0716720139575242,1.0666298961175937
1.1568874255654285,0.6667859503331689
0.7770970486826142,0.6342594920729112
0.7389687916417067,0.7224943320090433
0.7596255122957095,0.9441872806360707
1.3084255452623927,1.2887824258375762
0.9129163714759836,1.2438740454367978
1.0727218038917086,1.3534691747116396
0.9277785336778255,1.3490958611536337
1.1533667822571623,1.3723079840577719
0.6284142854252938,0.8430306338387661
1.1034921229450845,0.9812109364125519
0.9459222857034415,1.1543257336765818
0.9914730847444078,0.9998725236920369
0.8234067766428643,1.33095232302057
1.0938600551888282,0.7812703456845533
0.7806485577894064,0.7112881122520006
1.274539472756556,0.8520686678399683
0.7995193988980516,0.6590599298768631
1.2045529906024104,1.2477886725633636
1.2866893173886536,1.1488113003669294
0.7557905983695081,0.7835638147003366
1.1750808262737282,1.2815017512731117
0.9474677734640131,0.8554365822702665
0.8603534852548864,1.2510181994463787
1.1676842299508792,1.3052360951008397
1.1248905535626945,1.189465561998258
1.1836289177474482,0.7827994737376578
0.9413319304761518,0.8018701645591713
0.9480000073877115,1.027188417015494
0.6005669551066103,0.6585950031673049
0.9695134305442674,0.8910627395407742
0.887994840966197,1.1413953660353375
0.9570397578482386,0.7917006696409574
1.3471994991662184,1.2664269075284378
1.193618421920816,1.1782547404893176
1.2442094681356466,1.1255430624294247
1.1970398155931372,1.18762280057198
0.6234609564209947,1.0849881810888682
1.1158681485077266,1.2408319546926116
0.9970137672396209,0.6044526412001853
1.3774524029612265,1.0151755710562835
0.8281346570333401,1.1824950545986463
1.279077044558461,0.9490818190812749
0.9563026780192201,0.858752330572935
0.6858479342769342,1.0922110377075498
1.2544586126482096,0.8347046921239891
0.6991419738933988,1.0430594067843564
1.3738319377105905,1.2128920238119498
1.153892814093782,1.1867529082193082
1.118054997349735,0.6576807968659578
1.2716679704012885,0.9943865394788602
0.9899239436359344,1.0361599147943579
0.9986819716967402,1.3739981664820071
1.0945906106386212,0.9264188041169612
1.198383167023151,0.9647956671855324
1.033614393332191,1.0768558973423856
0.7534066518142752,0.8608602319013371
1.097638072884418,0.7066499907348209
0.6744236088361303,0.8958921309911699
1.2857360915963234,1.0829515661488225
1.0072418902369202,1.028444451632382
0.9987756663597875,1.0362336785079682
0.6749224681898962,1.0565455525370566
0.8813245704809123,0.7626534538031017
1.306633298748433,0.8082221053351079
1.0025292794674396,1.1890288062328553
0.8271121996865546,0.8458439921800716
1.2134765045299214,0.9856564186719601
0.6008174910379843,0.9779630181473812
0.9625284762899385,1.0661464142473558
1.378824858864053,0.777116457623133
0.7091810493464233,0.6617502939234509
1.0579038414011577,1.2301259386625665
1.3743110395922251,1.1182747067286507
0.824535750238659,0.8186312386752761
1.1451471322398912,1.0163923068766065
1.085503444414532,0.6417904125542776
0.6324135753116958,0.6946886263817682
1.2171933709580518,1.2683202138315617
0.9852885417146274,1.025223358245578
1.2357344853187486,0.9446010713456715
0.6098824282937756,1.3567979048990582
0.7381262107516691,1.0679597545846775
1.060421583150445,1.1435279966580554
1.1522202805736836,1.3140983828194452
0.7999862785442159,1.1740837888909064
1.2138090422009369,1.032106970812778
0.6298936502803546,1.044371324752873
0.6030094815801891,0.8810761079343588
1.3062133818707986,0.8055151110617157
0.7797994499153769,1.1576064634002785
1.0806213153950142,0.6532241006256533
0.905588111017794,1.3088133135517759
0.7946147757336448,1.2943400138114667
0.8305775216150458,1.223076416573703
1.1115158968711571,0.6955217274949327
0.9566526158764956,0.6817988478040323
0.8677870268120966,1.1009635084975178
0.7225533183127633,1.1570808224574283
0.9020742438200132,1.3646950010261278
0.7555182666627939,1.1795048878473264
0.9047530123596821,0.7716357390687444
0.768043370948428,0.9407110995252816
1.3077653850907762,0.9625770909146412
0.7624962669386448,1.380280266285216
0.9206817635383728,1.1669563957433144
0.9017404768477356,1.2754679439578733
0.881092269840251,1.068622315458819
1.1251313436587216,1.3026208612934556
0.8712575012979612,1.2988289670207789
1.3831465046077156,0.9323839756337837
0.6828990345284872,1.326076187775429
1.1082788673572432,1.2763686786495594
1.2663681715509605,0.9727121696117247
1.207050267651263,0.8541887148331845
0.8292959566245333,0.7772584410535773
1.0432829634143943,0.6881147242752028
0.9183345507321495,0.9833381724346413
0.6925153635349358,1.034592151234274
1.1008302190074744,0.9070977899928312
0.8542619181998778,0.6266484904460635
1.301683499203403,1.3449055571775757
1.0859734069138827,0.7545715256585731
0.8665752461367953,1.3094408333215766
0.9879459916501443,1.1945617367098198
1.258847471391221,0.9416780287734212
0.9668171142508835,1.1835296819105618
1.254336849046855,0.7112687373872474
1.0209906231691872,1.139608612284312
0.815805350890259,1.1502851904037676
1.1083215926993222,1.1960967623426453
1.0503489521043674,1.0593083117890179
0.7778687933997878,1.3165829814729282
1.3697482471734344,0.7769148180960127
0.8442835300823375,1.2036767172789773
1.1924555825261425,0.8790075889691004
1.3039069186707826,0.715194907127045
1.10654589685636,0.8335302487069035
0.6142738862898416,0.92364212474432
0.7133668491163989,0.9570102349852092
1.332572040502367,1.2931509698109893
1.1299672270798262,0.7758560403066775
1.147430472488559,0.7823530224758237
0.7291013567200733,1.2313667077966524
0.6858084341433228,1.121715776458121
0.8036161854565117,0.9137100741540926
0.7749065383871697,1.0179873958383217
1.344846348366062,0.7635009089995728
0.7518931275551471,1.108057790551804
0.7124088686316232,0.881610548733424
1.338357565939397,1.3067215626978017
0.8828091218686684,0.9969831610584341
0.6118183944855272,1.165630192356438
0.8307116611825291,1.392703422387687
0.6509611318693804,1.2269295901376354
1.1170526257951554,1.127813012801303
0.9128375739383208,1.2788199989338833
1.2161160748786717,0.8936753927521708
1.3975152494015035,0.9512409833726816
0.9890229535889854,1.299750086544849
1.3704792330481355,0.6426139536918439
0.8718018516886074,1.2122302542089378
1.000718340612765,1.3479519808900642
0.6675081412233881,1.32001670780179
0.8304143852698957,0.8033529667177788
0.7214718427236761,1.0680273998812257
0.9774513077936738,0.9757048943706558
1.1612415155999534,0.9858955195876877
1.0711317666779754,1.0619561087804876
0.9722185262858851,0.8275965923590467
0.919136187883927,1.2358109158588246
1.333953614088712,1.0813254607401581
1.379950077275504,0.9554887514312685
1.2884377646531344,1.3285695326452542
0.9012813512774643,1.3994049478484736
0.9287789540432116,1.0832761326900266
1.2504070144272514,1.2326399853133487
0.9429853502593355,0.7618759237897066
0.6862215170184084,1.3283303301258982
0.9981141859071512,1.252598206072642
0.7752579330856075,1.1667180423666126
1.3479609395776753,1.3985333447343589
1.3851578993922617,0.9453237324434354
0.8894998294978701,1.2054294537908148
0.692129427054554,0.9068349863491709
0.842297763048366,1.0535679827012365
0.8955027225158856,1.378978516469691
0.9964533597234356,1.1048686649148993
1.2879455872707932,0.600018709430516
0.7042263167178315,0.8000206422119693
0.6362607353238772,1.278382447479508
0.6405969358755241,0.9607950047804572
0.7177998018713995,1.236064004945004
1.020658819293637,0.8870072006833009
1.2607607798798233,0.6672082855204271
0.9484006653688477,1.098990388949324
1.38555236458688,0.7588726640736941
1.2952136887277506,1.0195928834559818
1.348417580888917,1.0185398440968576
1.391692734373946,0.8047126085898236
0.7300047930426348,0.811524169457797
1.3312128551327977,0.9816243439821257
1.0011078455830855,1.3607703048700026
0.9345411395370107,1.2794162584772866
1.197630255642351,0.9989988708190909
1.269381860240189,0.6104241669641997
0.864850482621781,1.003290297999463
1.209527459320528,0.9269116790458839
0.8615072510955677,0.7744451568651306
0.8847941301224429,1.3318729636330355
0.6638806190140647,0.833797876203846
1.1079042830546366,1.1291065699997511
1.2468637456608338,0.9054185107958554
1.2071954683200943,0.6518457983185189
1.091054343782671,0.6970815190040729
1.3488762583488774,0.6853539923867094
1.1386297292635879,0.8418655105708462
1.0100965261903658,1.3222403591263407
1.0127935751233688,1.0845217952547277
1.11665088737786,0.775750318295804
1.0136313661534686,0.8146869357226517
0.758241251663709,1.1653109999344307
0.6614158600023298,1.1827008347749266
0.8283349720890969,0.7344022538428636
0.9209783589005103,0.6307776076099119
1.1961903138206331,1.090705150714676
1.163798874043243,1.2237397043602907
0.736983983245179,0.7086678158522952
0.6421559689386173,0.6878261721186447
1.062779601337171,1.222920027417743
0.885021771613891,0.9014925927955904
1.1087920459907978,0.9039113808577233
0.6285812373090018,1.0684111568832644
1.0062641854638903,0.8268223594261759
0.7325618541038573,1.2517441368130156
1.3407978792258448,1.1599475293715824
1.1263114137447863,1.3498697068594772
1.17451857490079,1.0073400283357226
0.8267407056521877,0.7089489482211467
0.6878045096588492,0.8533414865949727
0.714507584199453,0.8751887202299031
1.1410232009229293,0.9322886486321741
0.710098862245909,1.2418363695477275
0.6483752487471557,1.114354171263861
0.8016366759405343,1.1998713751193764
1.0447134415260662,1.268173977706999
1.2031828698636748,0.97169755568533
1.356073442758636,1.2006707487556287
0.8681521107020915,1.0522766828711518
0.8269651577628837,1.0438727992324828
1.0372211731881964,0.8485970423067649
0.8895873111441933,0.7591503495341534
1.166698873023556,0.6982715598785136
0.6364510129149421,0.7605640281524679
1.1100990461484193,1.1540710932655593
1.3964853723743194,0.9670254834508172
1.3212582976511769,0.6936246438316206
0.6015205199007743,0.972793705618409
1.2568930955574376,0.8841721816128486
0.9512150231554035,1.2848860447068595
0.7985858922892684,0.7700459803316636
1.228930749356742,1.1379264197613357
1.0263575385913692,1.3673610551674378
1.0056251599518715,0.9221406215545067
1.353488144152887,1.3972556488167285
1.3464726641919915,1.0567176941175551
1.1345140813679055,0.7550363479886845
1.0340883125827822,0.7277302403305942
1.2726166001932486,1.077881617602364
0.9699060564195507,1.3511378571037824
1.1206170850969572,1.2220870591542314
1.2582273328072835,1.000067028205992
1.06431527007096,0.7918627916275534
0.7636447080381018,1.192688360633987
1.2321162882484693,0.8795919992208515
1.3721276594832446,0.9615501395098665
1.1954975069339122,1.2144026797710634
0.9948684328845134,1.2117370289709175
0.7427432362121594,1.044953018141126
0.987500622127178,1.1335748500067022
1.309550770180275,0.6639343902970287
0.734175572424151,0.6748649891216482
0.7712324821927898,0.6960447319974612
1.116324167905832,0.9583688419341096
0.6923729550954246,1.316678310116994
0.6724452743213565,1.2804005841076818
0.9788815262659147,0.9210093224808544
0.8156288099116417,1.3218406673575844
1.0228631142739626,1.2219483642661972
0.6365412650947437,0.6872720102636498
1.1317644428019187,0.8322411909975909
1.294904272813709,0.8258132085869996
0.7294631737325441,1.3557533168520237
1.0498226066424257,0.9857004116432768
0.8514253908740244,0.7894883512663319
1.0992285892864535,1.2273578772724125
0.804074618045018,0.7873452142029274
0.9841694709832574,0.8563024183896719
1.0276647116623743,1.272699746988772
1.3266710578399146,1.1385675013584367
1.0185911986128184,1.1507080354127854
1.374761606218637,1.3423177111802316
0.815940409286483,1.189205647929923
0.9512815516317796,1.0828572316161935
1.2142186595162343,1.2041058980899282
1.1803424605086401,0.878821545879971
1.3612066235419231,1.2426004047562662
1.0822523643931765,1.2590998200811399
0.6695624933054518,0.7297941273528589
1.3894450212616767,0.6292220623767999
0.8137393354807245,1.346738400221719
0.872786818573221,0.6721502118519531
0.6031661881716205,1.3668396780380019
0.7223997092089723,1.2035041229834829
1.3705468287224938,1.2556748292241826
1.2245854373580087,0.7735993992285559
0.6332019540310181,0.6451406782956575
1.2444950347948094,0.7243412700705497
1.1486302170917733,0.7708213597249276
0.9262464031789356,1.2383157747051916
1.2886547872002434,0.875488051062194
0.7468701394534334,1.045218187559524
1.1131966786889436,1.060530201969426
1.025606246553471,0.9450836828974776
0.7843831261410577,0.7536245114602118
0.840132077565049,0.6626259872217538
1.13704911483928,1.2420772831179745
1.2581141688851591,1.216548437376022
1.2197112494711222,0.709139930948254
0.8906952475880291,1.3583645443472483
1.0364722713194294,0.6084309327381439
0.9485537670716595,0.873935977052414
1.3140124709868788,0.9867361025916161
0.6606550066033116,1.075188637563513
0.9676414087487072,0.877470790275847
0.9827633787000964,0.9113342496442836
0.9990903182879263,1.0780090258992119
0.8808894965481642,0.6725855125426022
0.9224631537985843,1.2770428212713838
1.1741831399563867,1.368845311484314
0.6029463523731402,1.122721055420675
1.2986253477623713,1.3874325962509573
0.8788276599589966,1.2391876228149337
1.3869832028950986,1.314877944932734
0.7694786563322897,0.6782866279304681
1.2034430625108157,1.1463355266004176
1.2837724433591033,0.7754514659413446
0.8138495554405526,1.1792562572020242
1.1046570362244013,1.22422706421635
0.8132046324755218,0.8448000197376384
1.3670581172012581,0.8698153863179798
0.8582129884362021,1.1095954660109282
0.7993428552838633,0.618818136733155
0.7077557704136195,1.3932668474868666
0.8070920016170526,1.2153325780060427
0.6210526197465885,0.6739891748296947
0.7439735867171914,0.7304226725651787
1.046144921682379,1.3954714561180457
1.1829312773029046,0.7030131973158387
0.6918054074845291,1.33468148219041
1.1261011006352406,0.8964245882895533
0.7606329262132496,0.6373624701767884
0.6677104007518018,0.7271452498317645
0.6512779435944882,1.0639743802129789
0.6338957083400392,0.9297115826475231
0.6383812475660894,0.6263313307517482
0.9683420765709394,1.1439820319321936
1.0071138909414312,1.377196513046418
1.2403699537164625,0.914202769645632
1.0350110466308127,1.1083387836909688
1.2531041033404038,1.2321037466049254
1.296240111996918,1.2087257551441635
1.2250068029531531,1.351380314269621
0.8148709131807792,0.805523649155952
1.236080986990998,0.7738485746297532
0.9413739631068583,1.0401782538422184
0.6526442887259434,0.9985000136507921
1.3930491579026205,1.1193548054303473
0.7721242161151624,1.1254987821630449
1.086707668921796,0.7231259182952762
1.1624690617326077,1.1304643345508634
0.8438275015259477,1.0539630256282815
0.6486234346294506,1.0167366405142055
1.3645622868999696,1.3336706673397674
1.1011280045346563,1.180847825264573
1.187570094816942,0.6728453790981492
1.2019696900655843,0.7481737913074608
0.745645930668254,1.3030492242650724
0.9858585746027415,0.9624322284097562
1.27043916948801,1.0586701426292335
0.9726631826423324,0.6776297991582979
0.9810249514288079,0.8904672060618501
1.1540722008905258,0.7856343227596483
0.8353680825736144,1.1060301592253388
1.05716589606279,0.773147555264828
1.278183934239437,0.831524515346359
1.1950435123860688,1.02878723061951
0.8728919315594132,0.8782445454869482
0.6152337505311867,0.6937205783841569
1.149427327757928,0.6630610967725814
0.7110511034153454,1.1511419331236588
1.2831905413224696,1.128772393130986
1.1800987406355024,0.6304406974385884
0.8920310043718913,0.6115242111307368
1.0954792200288204,0.7241010153704437
0.7402020381721119,0.6847047690487977
1.2002614668366798,1.1230100451249099
1.2233586481994334,1.3900887118384122
0.609488717616915,1.0957712649829348
1.0648887491936474,1.3406147513511273
1.3193677903868741,1.2671460914911645
0.9237930582526637,0.6049509889245832
1.382484347698739,1.3652538638157568
1.0481189573979859,1.3217047767611148
1.0277299453604383,0.6711747483774122
1.3604097898647318,0.7454963323594761
1.2264030325372444,0.7052337551573268
1.385827337664275,0.9189561455423456
1.2115092559595144,1.2758170294321876
0.7869156622841204,0.8633201905088186
0.6898890858624428,0.9350004985622762
1.0756852892624933,0.9508085209102355
0.9497810384220357,1.1185104145540574
1.0770643131503426,1.0523876675629356
0.7420636324284802,0.8015886521322897
1.361837741216716,1.3031645882001242
1.0458239340177866,1.1141405974487832
1.3927113978280925,0.8073010859553543
1.3956583981692539,1.1174887356936936
1.2238879893716121,1.3266470339631224
0.922526238971664,0.6946063465260635
1.392238506271703,1.3180242146640841
0.9288872132686076,0.9863887542862446
0.6585321207591547,1.1556861437892207
1.334477739560413,0.8100356255642489
1.2914553365382064,0.8129715832206453
0.9804125604200473,1.0164015279189085
1.1806556869435216,1.0379588689179036
1.386414784628237,0.7817432085529705
0.904632283710078,1.2478474380594236
0.645917237898499,1.321312695346578
1.2304864012777514,0.7305708503206368
1.1623763619747836,1.1640238552225672
0.8561815266863415,1.2606510228899097
1.156619204177785,1.0388118466575031
0.7234451951262653,1.2609916070186646
0.7198110010030306,1.1344239917898133
0.8014986179221231,1.2153892365594183
1.058583663234257,0.7438035960883663
0.6737470669693569,1.3219355758492708
0.8955454287204297,1.2519178852810078
0.6988120765921114,0.9324386617126056
0.8569801912353088,0.8575409539224361
1.2926003095542136,0.717542337306064
0.9911822984913501,0.8166445764933701
1.1887103950533988,0.8278699391632711
0.6999692006710732,1.187154063734804
0.8967997304866083,1.0461921997967936
0.8096763737209077,1.3517866545252155
1.3066929385372215,0.8109180710395678
1.3833392378351597,1.288375201338287
0.7177196962581229,1.0786940711227166
0.7188482097302185,1.1017809323345689
1.3919947387127156,0.7123563286413593
0.7271952723243945,1.0130570001989245
1.214525489221272,0.7804334644435069
1.1082371029512421,0.8420628588483248
1.0084869660713274,1.3904995042478483
1.32303751576948,0.912769406927569
1.1477625576006214,0.8695461467953338
0.7432383263410413,0.8554876496096485
1.1270583888436456,1.0071048191854854
0.8092407618052891,0.7266372856729291
1.2174454589736952,0.911398083903478
0.8883476234864719,1.1536992074887684
0.7871670871965232,1.2417010792007752
1.246904107864399,0.9487605253937281
1.2528481172330876,0.9376801936285744
1.3536082336154944,1.076965122502874
0.8544404101099949,1.1902931172054627
0.9028909105168264,1.3314647818392007
1.0659715747553238,1.0307999004675663
0.8162582723538522,1.236410075666399
0.6590678368845035,1.1569280186128692
1.2388419969591002,1.2387360989392744
0.6906404884631523,1.2800773630924305
0.7591890984194136,1.0072198013773186
0.8467120364049177,1.1875842165282822
1.1364875587489989,1.22934552993909
1.1302464850589395,1.264507471510221
0.6419721403724195,1.0283946281930927
1.3118963170284885,1.077472559691447
1.1092579387562531,0.83789603295799
1.106432995070378,1.3740919340212647
0.7086112943228964,1.1841736588804332
0.8428922871947613,1.205259892402534
0.8073302464030673,0.917260558090431
0.9252270750277047,1.356576569923185
1.2864792319036675,1.392492178919869
1.3283324592894008,0.8487538927400649
1.006036152506369,0.7920373327462801
1.383691532152034,1.1155782967774002
1.2605991374752767,0.7270437595262351
1.3570089856517595,1.117557103964264
0.9870211631083302,0.9566858429749316
1.2995345210835096,0.9285480247091158
0.6118560920850712,1.1571765144671835
0.7543853162580746,0.6466060495595151
1.3133394846350788,1.2243193689752112
0.7195984021823355,1.0584566986540447
0.7532964321188431,1.3059917524031004
0.8822578334491517,1.2875268262453161
1.162677868444939,0.6062165124665704
0.9246927426279301,0.7684073973534478
0.7977080504672891,1.106241927019095
0.6315200324751757,0.9543546606687533
1.2391499721110977,0.9411314337961814
0.8176217006366407,0.7090076745635607
1.2496301608257951,0.6904604414121086
0.8849271048886318,0.6050176132339035
1.0055001232166934,1.1406533428947694
1.2666897850194108,0.7911324470464948
1.034257553306058,1.386800314297529
1.0998643929964986,0.8571528452162367
1.356083129619561,0.8370501479842509
1.1660639849296954,1.2822283323341448
1.00955528924982,1.1243825967228127
0.8428671883603877,0.6729664442729268
0.8910251220974044,0.7095095137244868
0.957678534056877,1.2850533113010658
0.7362890454496851,1.2810581368788672
0.7095957130610409,0.7207511889954071
1.1678551516698303,0.7284901229224642
0.666676554245958,1.0134199266323025
1.3425763010061342,1.2891408136626374
0.702303138154525,0.6167422925877041
1.2787946489155049,0.6877449060212075
1.2447166037714135,0.7752043025684865
1.2898568026641513,0.9397987524203947
0.728467402400329,0.7967814425892442
1.0109704059201652,0.7463963801197018
0.9271551177638833,0.7694131784564329
1.1401611100734417,1.3032611171220736
0.6311741854356218,1.1565344176972423
0.8880506066627605,0.8777705945360753
0.837357214715223,1.312595024387693
0.9393479511932317,1.2621736569994577
1.081801453659702,1.316066771544247
0.6804318511714196,0.6205987711744213
0.9708653713360036,0.8276853788525108
1.319744599546656,1.3681050297076447
1.18268480927818,0.9474376852172635
0.8619846675095313,0.7677947649628631
0.6353590313962453,1.1747036275688907
1.180785689877652,0.9368105821138011
0.7174194646164416,1.0384097371699519
1.0805211093194447,1.1629333773496036
1.1194161008923362,1.2574217834703103
0.7635779444191881,0.6511658931270894
0.6486474442680443,1.2373754842195699
0.831101347373476,0.8787121083956255
1.0040579971323478,1.2138121392558676
1.1213596165959978,1.3301526843424867
1.0426791386040382,0.7410495854519539
1.0490818469491305,1.3443956871435467
1.3008776308372036,0.6309851064775768
1.136166122601579,1.3627492354368096
1.2393745587465181,1.1621476853876422
0.9496311778615882,0.7654588077557914
1.2046639579321634,0.8765572752656572
1.2052377603195037,1.283861153323476
0.9450466600961112,0.9754619078765576
0.9355377674226463,0.7544074274376916
0.859974460460031,0.9907296238102163
1.023747744310934,0.986874739023464
0.7376550434920962,0.8192371642493507
0.9008982116507953,0.9993924311319773
1.2956706881977782,0.7662435783537556
0.8622143769895432,1.050842520300914
0.6764632545574871,0.947508505283368
1.3798836664540668,1.184979650684109
0.8679110379235069,0.8969185729495647
1.1756111720214637,0.9029016998807897
0.801034906889127,1.2948012372650082
0.7598656532092314,1.074478717279945
1.1679580668553724,1.0383776092035242
0.9685245058468405,1.085883913188733
0.8206279204790223,1.0761472700732628
0.8206981772031232,1.233927862441624
0.757984758254683,1.2248691622033698
0.6731685651998531,0.8108736677482133
0.7455126349566988,1.2915682960101207
0.6820802268441184,0.6069112323444582
1.348012187681327,0.6120125930535442
0.9072452441606323,1.3700323376357886
1.1161390228416481,1.257954871514234
1.3469285323887197,0.7859430000171068
0.8958804112280365,0.7394286556984653
1.3483462031782498,1.1601748851510605
0.9410293894867179,1.0548926345307226
1.328437597403613,0.7663207125106702
0.8956175969612341,1.0608227891059705
1.0093821319630933,1.0497209622611285
1.218168041209684,0.8216318158827759
1.1177055519303392,1.2600832722327797
0.7280923355413503,1.007665675581838
0.9139722669237245,1.1919435244888081
1.0515715888669277,0.6232367291766676
0.848020630908799,0.8404153684352812
0.8388212169952449,0.9783822382179662
0.9086885302132857,0.8815559087449316
1.367590362213666,1.2745274322420341
0.8215615807374793,0.6178387266814981
1.0073420426567359,0.6920997559854632
1.1598815733317958,0.9881102043139874
1.1101697821466763,0.8826159929856853
0.8037705530469906,0.6432672396806299
1.3934085226640887,1.054574705679956
0.6301331390147928,1.0675628298108062
0.9699751676080839,0.6962280486581153
1.0674608005966106,0.7525803108658291
1.0293489611542421,1.0129859185256191
0.6033782318620521,1.1928205883414797
1.3337774898217591,1.2374616792049982
0.9851146600024332,0.6564270672364122
1.2053210117578441,1.0434229314665568
1.2270114881657284,1.2690676619376005
1.0507016265026488,0.8446431805963125
0.6792331907621949,1.0696115599933194
1.3813292166840474,1.1134499833588283
0.8289129593765037,0.8988951901842941
0.8483510479322411,1.3756897217348838
1.1360236385307125,0.9638050501139833
0.8367750798751679,0.875783678594728
1.1353032562419583,0.9315808916305293
1.0784853379861108,1.352801395954394
1.2473692542913448,0.833988243763154
1.1336665642299457,0.9843210502344062
0.8474246768577055,0.6201112612337922
0.9583918930435416,1.3397221990543513
0.9268477978051051,0.8506771137609898
1.2888290864994132,0.9239441777694672
1.0187356533296141,0.9126458742993013
0.8806241009030181,1.3551971481826437
0.9857784729078986,0.6045904213006875
0.8431435639559173,1.3568891664143716
0.8359168529680294,1.1646025491408927
1.0874862506942529,1.1635200678779465
0.6530395134498168,1.3922523816277224
1.3107479478027586,1.2186758941837699
0.9636658914373022,0.6701843786606205
1.3198869740407444,0.8579801953461476
0.9457705021688501,0.6680113683980139
1.1209030369578281,0.8839495550944068
1.230290848301769,1.0336225861230532
0.9686523771828974,0.9696822285846662
1.1614799061844567,1.0392924435731923
1.2964484127628637,0.6387427273926019
1.3958796940375506,0.7032359060404119
0.9134263717724522,1.2657071242572107
0.8093398274912784,0.7254829100847924
0.738774458151604,1.0188972185244531
1.1834944138780346,1.1441224474119887
1.2628632054153988,1.0396801031060652
1.2647440479982173,0.8241732963553386
1.240827372153419,1.2128212110739183
0.7623307274200847,0.9186606231664487
0.91581762045271,0.7614266884578451
0.9516081818790925,0.6833775472133607
0.9894814962122069,0.8069648916905086
0.9476643766212998,0.834927447319125
0.9003567380188208,0.9503046685299461
1.0986269547321594,1.335764045172707
1.3901410086069454,1.152155210565513
1.17091302582496,1.340712927503403
0.6330579712532798,0.8561380890400877
1.0134893553669797,0.914954250108488
0.8791071226416983,0.7725523867601967
0.8135687065923541,1.2489123209683983
0.9732068063189974,0.7598845992195465
0.94432640517903,0.7655748408785429
1.1014002214818068,1.2357381368139544
0.9183056362544104,0.647944108686983
0.6002578568590519,0.9186129268975982
0.7534472753315561,0.8746438339276335
1.1249853853909433,0.8613531877472548
0.7203825049575794,1.1595489445664044
1.3558722248631936,1.2454621675364168
1.1022629884447248,1.2682512691221985
0.7299258378420403,1.3469476107073894
1.206615835301529,1.031552877171395
0.8017886578183473,1.1279941982769215
0.8632466859695793,1.3973585751021498
1.0647430698150147,1.0496508014619472
1.217226168829006,1.0325514736950845
0.9603020813254237,1.1462198789562494
1.2460724162209633,0.7882739107155825
1.1282474862302565,0.8288684252955942
1.2072007744923232,1.172709338723274
1.3572363665392955,0.7372389285119889
0.662741873991737,1.0197670744947316
0.6615978517452658,0.7850889967289525
0.6641038844679817,0.7195676461902583
1.2616879553004057,0.7596408937476571
1.0751311654149505,1.1696201635472967
1.097959575290436,0.8260937405875891
0.6644118876334706,0.7866724121435911
1.1346673395877915,0.6732113407908734
0.6618840671205601,1.342048409111239
1.003171652177653,1.0307025965920553
0.9001551800889206,0.6737693620491453
1.3287680861930693,0.9351168072384797
1.2413605781326682,0.613399654593432
1.2534498771210154,1.3796331256401546
0.8231259749948642,0.9898377559420009
0.7138390665188477,1.0445778618121282
0.8079671659134209,0.8311678755398946
1.2030010232791581,1.1901368899991402
0.7119430481262431,1.0472715834210733
1.0036627191226566,1.1427769821544467
1.260486610959245,0.883059445725604
1.0285739691078126,1.1951697170424394
1.2063450459866796,0.8802301524224125
1.0355119917772102,0.9519540640485387
0.916610363233991,1.1106419786033106
0.62364413443369,1.0171027003474213
1.1421255544369395,0.7940442019848168
0.741867904253936,1.2782862640689672
0.8398036819174143,1.3434627312154626
0.9394013605579936,1.0352364547790025
0.8162178222698661,0.6375780064968977
0.6242267676015909,1.2662595629748805
1.0736918356750702,1.2969072742485717
1.181610259711591,1.369876187330352
0.7524862482177718,0.6580352778566287
0.8071552079536624,1.3228917711661345
1.3149535320184063,0.9049231702119256
1.0767643093541208,0.7669940205922603
1.3167042671408482,1.126472103316431
0.7495388417002241,0.6454615711360436
0.8105254704311018,0.7913083822832606
0.9962429376841457,1.3208661093090757
1.3280561832670814,1.1591011798251332
0.8740641276882152,0.6435425354375922
1.36627468522734,1.214937788118877
0.8899220217713003,0.8849658952123697
1.0495599910107922,1.340123096319817
0.6517498175787999,1.2189926690140434
0.8127867621175348,1.1577679778520944
0.9450211997097706,1.3597826174289094
1.2122001980016928,0.887878196739474
1.3949762831688124,0.9577485290754104
1.0352685152659444,0.8223682898516768
0.7489212224527168,1.18598824052946
1.281923220504602,1.2257520561593442
0.916092899700789,1.3846115205683303
1.0400002645888236,0.9617967397292971
0.7154956311401597,1.3427449411316519
0.7102699930138734,0.7100395722783548
0.7393928301927458,0.7224473868608781
1.0429046184703705,1.084337086150547
0.6012976352497632,1.3717205472784535
0.8125229112138311,1.325578795561518
0.738651822056664,0.9579483019387194
1.266417283197398,1.0380429038906935
0.8405854973526364,0.8723509091702902
1.1522737377767487,1.3102183131102307
0.6984451593426722,1.2332989904700216
1.3933410681559886,0.6572812993372288
0.7090628050411247,1.3826714547531294
0.9266816804434577,1.2627027734217935
0.9634695254920687,1.2669629360327013
1.345667065270667,0.9538386495415023
0.6347614366200355,1.0216777650250624
1.0623582794772013,0.9039840927511529
1.101547163153986,1.3128104013154231
0.6870132086290448,1.1881631145121574
0.9976745183855509,0.7732363547039135
1.1950212426187754,1.2145918742396575
0.8449649311495727,1.3760819605822943
1.1560625250474503,0.7697928892648398
0.9526664198917627,1.10327762393528
1.2672203343514659,1.3889577391045154
1.3734363851525648,0.7766357203117206
1.2238367227763502,0.6063734768888527
0.9936120071787607,1.3057600257833613
0.9449117610016606,1.0204088750040725
1.293677723073408,1.2865531770845486
1.2967639420057917,0.7205829991872132
0.9766155036180044,0.8117355266094387
0.7686729913777932,0.8070800032201193
1.2579318084367372,0.7760454238645642
0.878293587548657,1.2587204006445836
1.3800700737183293,0.9860230241233263
0.7024052729483423,0.909302571800271
1.1179408543903668,0.9926906964542477
0.6059724350932235,1.239077064206548
1.21123826009139,1.1814129281469024
0.7358778995320315,0.6666439587002175
0.7522465496245179,0.9069280250520746
1.3646929508403127,0.800379844608125
1.1407719791860829,0.616354397975445
1.2993094912005354,1.2890289564272739
0.7126413148281765,0.7478411191023975
1.1329696481587281,1.0239878736622998
0.7761818661622903,0.9472706875244845
1.22934649767029,0.9509805350249181
1.19328337537199,0.7594020415116961
0.6500948119873949,0.9793838530509558
1.2728565429410086,0.7571667476895689
1.3263432528480146,0.9748540895318418
0.9305450517879684,0.969899058219843
1.2117145760541068,0.7009932795232441
0.9884304299335003,1.2073979878515297
0.7917269603771652,0.8138145449171401
1.0872193458017736,0.9031492596329742
0.8713691210042147,1.371346085261263
1.0199435347730292,0.8539558908209623
1.0936223112506551,1.1868561241387692
1.350316300965978,0.6720127966659949
0.6394423219855957,1.292524873132735
0.6524859265736205,0.7133475283565887
1.136612868420315,1.3792699099424999
0.7256777903785211,1.017391748846283
0.7035513566387468,0.9802065833735137
0.9542216796774232,1.1328181821220604
0.7179139448373302,1.219771780898397
0.9778130822673599,1.3093762574026466
0.8032099389743383,1.2707969539412858
0.6344085269837251,0.7852437361583414
0.9280800229817483,1.226209760061464
1.2747899482369487,1.1159521214498114
0.7045938725093057,1.178146690148473
0.908277027870086,1.2917986224262052
0.9092860319965435,0.9529723106330134
0.8064109703435794,0.649671779108487
1.3454795396040944,1.0023584319693066
0.7730569133644707,0.60486439983561
1.399067043619407,1.2028720960696127
0.9533473231430352,1.012735721257773
1.1578389563760192,0.8050850229784833
0.6903344332857568,1.0243623709473382
0.759505262900541,1.2171859577467568
1.2655188815617542,1.1723964067246713
0.9918170107513045,0.6320613141703119
1.0435234251626762,1.023656830178255
0.9481452303831328,1.3702429883987484
0.6980395293620014,1.004091187051925
0.6113239842874796,1.2191200047941688
1.3097137472608844,0.6103505029478056
1.1775530530426237,1.2224994908787092
0.8568806770981692,1.2156160227846293
0.6019965770457765,0.7320638783321491
0.6934079459965555,1.142666846947093
0.6896676124129062,0.7250574110243548
0.654235807216026,1.310918108626028
0.9382582853399599,0.6387039632719288
0.6437566538270565,0.6193444898388549
1.0927422814665821,0.7381053590820993
0.7247842929381031,0.7055331867750292
0.6893094048840492,0.622508323105112
1.2976777283763978,0.7072206895837181
1.171660191198292,1.3215932570777336
1.1534651843657504,0.9357790432163348
0.6053625680195123,0.6971703930999895
0.8821643420170644,1.390418731063819
1.1362436075922928,0.9117184198157349
1.1750068127333169,1.394143282471373
1.3614298297865643,1.113728512329598
0.6404514199718407,1.025427650568944
1.1494488744675961,1.1470236436337737
1.3341902045257186,1.397417943888033
0.7561346184283281,1.0047627348067203
0.9988489642995942,1.2425382941648868
0.7951008845294836,1.0009642235065606
1.2048626502603272,1.3023970541080188
0.9292278476198599,0.8022391329404044
1.1508517674376748,0.8684338310914173
1.0485932977793773,1.2517775048705815
1.2461835090378566,0.9028361513383749
1.0897632486850513,0.9197696620492448
1.0419704493645958,0.8984467062917934
1.2296579991283816,0.6958948801324842
1.2313905135449335,1.3424240491198554
1.1820418463967615,1.0857189646612648
0.789198712037647,0.8809813008103191
1.1587986360450007,0.9076816532018799
1.3340436868982162,1.3278177893502157
0.7221808231816912,1.3912278386910046
1.14253704742517,0.8345696372422269
1.055926917946584,1.1662336427293067
0.6717789764561541,0.8316114114351527
1.3080872357614772,0.7476673585523954
0.8842344173007322,0.8800929845033035
0.8966824399116485,0.9774221155491671
0.7037847665509933,0.7068188729472252
1.357649438160123,0.6897060293470074
1.1799442542825989,0.7146454918138315
0.6252707307761161,0.7575733931869926
0.9949604600439119,1.224673089583701
0.93429406496999,0.8734864735006815
0.6182525946182351,1.306417377324607
1.0974948299333687,1.354368569072224
0.8193273352747987,0.7392138506570491
1.2907940400511613,1.1588173353269449
0.6555139128835585,1.3990254381008902
0.9816121366544615,1.1707534007140135
1.0671443265870613,1.0930035494801205
1.0733054206249732,1.343729539456065
1.3251875868514922,0.6121693075146085
1.0092256704295877,1.2991584014381834
1.2671266603260902,1.0582446507863081
1.3211613040637922,0.7259067433724038
1.0984836094761659,1.0818293732506594
1.0649820754188966,1.3112712296518423
1.1866100279006042,1.3827975736397495
0.9923037188977979,1.2026508571540266
1.2893064969386818,1.067188116536367
1.3798102655061848,0.9188504131594839
0.8455176564429738,1.230761200833508
0.6912972106304026,1.1623858531433302
0.8800840280571621,1.112976224239829
0.9362149070917223,0.9155624721466822
1.2554669928118125,0.6939474742873466
1.3495338367612348,0.9058622960952689
1.0832061120260457,0.8156940352958104
0.7120240920955668,1.3351844864584363
1.2809745745632268,0.9321719480639037
0.8229854446175413,1.0021722722029849
1.2770580054862348,1.2393292547675927
1.1182239622934351,0.8948803451073677
1.0714951317585184,0.9197304497364527
1.2322884820285325,0.87459570132308
1.0630944181391138,1.0977925375713682
1.1267082426929014,0.837538901359861
0.9149732484657943,1.192796181758188
1.1705621736953933,0.8361417514438269
0.7733180400230116,1.0074778842750938
0.8706929331660872,1.2029520992840397
1.1339581151749303,0.7505850390786111
0.8492118559793034,0.6011357077739744
0.8260009565538535,0.9000619573493155
0.6865871145295068,0.667409380041511
0.9849547014819512,1.2753579354746882
0.8971556533797027,0.6767251385872477
0.6270253269284477,0.9279844568560376
0.806030645594054,0.9716468909109425
0.9921353373942664,0.6181345934749711
0.6124179757869626,1.121641828240125
1.3022373088610226,1.081912647741773
0.9903569077731171,0.6657166311687028
1.2737486337179462,1.3372176659014299
0.7556336289551105,0.8646275067694872
0.7397388669817014,0.957278607282896
0.86061664551675,0.8902126579491486
1.0144136641235841,0.7146299077539369
1.2099590890658063,1.0035225205725378
0.9482278357190705,0.9271574965936238
0.82201068110802,0.9070293561310789
1.0777178032935404,1.1681234572878192
0.6283976320488818,1.3692122083136509
1.2637764983920172,1.149551765616874
0.6320970961120791,1.2839822723006007
0.6209503416193988,0.8206862057669304
1.2429102748558587,0.9814694631009827
1.2089912508917235,1.1913612994073843
1.2951641720736735,1.237686908023802
1.0273735263392763,1.064990284063708
0.8506086924211268,1.175740345038085
0.8157199688004608,0.9740936646800278
0.8579059448657176,0.9490132407754223
0.81171323455955,0.9514346362693882
1.308254549786906,0.9473233261306533
1.0175051253375984,0.7418072518095397
1.040770581802128,1.3188021930418483
0.8118161448510899,1.348957308667461
1.1186355805723873,1.160774058371485
1.1916405686293956,1.0459944930457579
0.9988887441787548,0.9734183684574753
0.997869485554038,0.7665069470723272
1.3835242416213163,0.87608241525749
1.1570817068692092,0.8483483190864386
1.3578408316821686,1.3504860294172683
1.2919980100925845,0.8595657002699575
1.1379699048315333,0.888349773515413
1.0841623007629777,1.304418654226567
0.7499209148587355,0.6613705922200039
0.8119629251852856,1.2365349611264966
1.1345632350471695,0.7306569741932837
1.1941392065110064,0.6623581029645456
0.7388025256410673,0.6185477345502051
0.6518059251375701,1.2780887873570617
0.9697434323355452,0.9027916158031435
0.6657108863001993,0.7255820288563263
1.1938987668942023,0.8472369122871671
1.2894193033682166,1.3290519515681085
1.2817496411256248,1.3521559515083559
0.7714580685802102,1.094118702418681
1.3369444751810056,0.7259263829095811
1.1497425725006214,0.8896123806315607
0.6481990862277479,0.7137167569864985
1.1841604127427292,1.3428116519185611
0.9579550975118476,1.0327426396563568
1.2975172181971548,0.8528934960068982
1.061195625778383,1.3898699220484139
0.8402149728323374,0.8460459936655876
1.379484342701554,0.889088640696891
0.9593243616248133,1.1989808689800627
1.3628923199140117,1.317183964560938
0.6374965135313355,1.1747756485874485
0.847986728649494,0.9995538595749742
1.0721156778152927,1.1558201808730795
0.6988854629006797,1.1442801665451192
0.9641568469396349,1.2786739376410514
0.8565414058182729,1.264438439811963
1.1996407326813783,0.6762030647818805
1.0846500275344906,0.8829022705082176
1.3303407557780647,1.38307236163912
0.6551765564663903,1.2540125192233496
0.8339200546797106,1.1500387237108431
1.1463425965772216,0.9199511431719946
0.7365391455488458,0.870749429153954
1.147666235895073,1.1416746327454206
1.021667197014938,0.7326472278060714
1.2915640396545598,0.6118556330664443
0.8727125504035416,0.9156512856835649
1.3497824866211188,0.8369008742663062
1.0963501069250359,0.6788669737338047
0.7779415813154591,1.0817095672945758
1.2435910376441033,0.7383529409155697
0.8380596274662482,1.0534670349691364
1.1789414372675489,0.6391174535659321
0.8641927353477401,1.3107945190402326
0.6361979739549458,1.036611862558696
1.339350368572866,1.203023632383085
0.8380990396740119,0.7554193526255031
1.3336877956843591,1.246965873427742
0.9639443123639093,0.8913040415198314
1.2422669623974587,0.6616351477288093
0.7345411523291765,1.3697869459004135
0.7263973011691147,0.7064614494724144
0.8068114282453468,1.1784702533972662
0.6803182274023561,1.303600751195185
1.0761531528397041,0.7932354912468925
1.242853206262826,1.239418801285105
1.0759270758622923,1.011999190897577
0.8637838684603053,0.6942909169548803
0.8693501235310079,1.0083273692127075
0.766446331434083,0.7946076577513689
1.222645281302725,1.265874355522941
0.9651486370692697,1.3599378620903058
1.178748637259237,0.6747734700052263
1.1376238118012632,0.9997408788874471
0.9065324378384557,0.7169449734239612
1.1729925396737135,0.8544596285821351
1.1802690399342994,1.233179313787126
1.2380114170785361,1.3612163535639117
0.7862202146222184,1.0433407243419446
1.270973659793328,0.8415023134912063
1.2954431272540328,1.248037938569316
1.30788622743036,1.3414215318417029
0.7242560784296942,0.6306856728457381
1.2462556061564158,1.3007662550896477
0.6077596897104192,1.2564868689189903
0.9059432522134016,1.270076875300564
1.3883114576778752,1.262817400637005
1.16899214382922,1.2073100838272328
0.9753953768084187,0.6400161045029078
1.0317541778020842,0.7956722350609344
0.6222617878569852,0.9678082022530186
0.8986318625287124,1.0844264138187114
1.2259005796594877,1.3968677564036094
0.69734520296046,1.3157044416457953
0.7801661537089116,0.7440630019445221
1.1994006891044307,1.0126158273714387
1.3998588493761381,1.1089573741221694
0.7474795129936274,0.9955940121152169
1.0922380165995353,0.6477488337012999
1.0928570795045887,0.9681286819599639
0.9185011616558836,1.188872743875876
0.8509065195260587,0.7043750345713632
0.9432515715434524,0.66471318864793
1.0794530277786145,0.7455279763827115
0.879749553250769,0.9503884668881493
1.1786250224997856,0.6119834110831601
0.616358851290036,1.0678042995364674
0.7901291285549897,1.2984662044866668
1.224295497659524,1.1654786429011388
0.7505202016376991,0.6162505645505054
0.8082511864151047,0.7311036059813422
0.6514501023594367,1.2441790123993601
1.0496760238451288,1.381940661698352
1.10718617830593,0.854080862421492
1.1028675349507202,0.8049897692810088
1.2133030329427994,0.852653794841945
1.1793155662125403,1.0590141612239363
0.9116143316147126,0.6600973427857583
1.231580708665792,1.0049753954471514
0.7318527759729704,1.0268434836151492
0.669263691477213,1.3990739305913886
1.157738120739712,1.3484071819534096
0.7313677449322048,1.3913375472738658
0.9024612219392816,0.8175868436559586
0.8352753538570774,1.2304041617696526
0.9866793156477653,0.8077331663577095
1.078765245967171,1.0695250890927346
0.8950345905492456,0.6003843345489465
1.3877139866364885,0.8996394705840536
1.2429645793235156,0.7952832254704519
0.9351117599818554,0.9720442623404304
0.7846720644077863,0.7839874781306104
1.2941017195351165,0.9597390251262589
0.6981403556660197,1.2761121937567217
0.6220885628782167,1.0892564471406638
1.3076628436875202,0.9166423049993175
1.024409053149569,1.1980431115124293
0.9319452584555223,0.6221482291278086
1.169043598691518,0.7322667090723184
0.9144282318406207,1.3942785284041865
1.0205488998271717,0.9526555188691888
0.8863509924463376,0.8120794918521603
1.3277853827889814,0.6439002975399861
1.1545036579539891,1.3296468392463567
0.6536354176803215,0.7826852500244876
0.9294885090726392,1.092017758285555
1.0808602102805178,0.6198676690574593
0.7150836810996166,0.7353005139798335
0.6624665714539015,1.1572518412837303
1.387762237652709,1.012267100380942
0.7948390959609551,1.0298550017837316
0.8509790063435133,0.6165755983361411
1.3121897347385014,0.7612769558195652
1.3764226413839014,0.7074642859193928
1.0540742309693152,1.3952573678887612
1.3554114933286805,0.8757496095024171
0.7175115709995964,0.8641212029806933
0.701147475022067,1.1597978088755259
0.9616698794222064,1.0588272409626105
0.8806758478868532,1.2239133059130443
1.289164141458136,1.0458755706222358
0.6691236792774942,0.7273140180354861
0.6894859280003465,0.8995823784579461
0.8892456510555402,0.818839636452692
1.1106198699383403,1.164833252655424
0.9311567078743467,0.9353038990203917
0.9776014710810044,1.3574028525416457
1.0974128062871418,0.6852551289970648
0.8698415793413211,1.3818394501846654
1.1667716733223727,1.088095936497545
1.3663744928419885,1.1650710638513049
1.0876953238016154,1.2065766716986905
0.7574258688349901,1.183896507776332
0.6677853328923147,1.2648750526726842
1.3153578497863363,0.9007005644474079
0.7619844620927947,1.3241924632593483
1.205618154104187,0.8795100035956409
1.2506192464975072,1.2158743869841002
1.3784338050630087,1.0116199873317204
0.7943971063271531,1.1682810850382785
0.7676935412568688,0.7787838839665806
0.7603248766109685,1.0152070707595522
0.8848669972989989,1.3852224719056134
1.1731708639195564,1.3742029352888727
0.688688032807298,1.3797258019708065
1.051622805161601,1.1519227372115177
1.3231269734147184,1.0010556190139377
0.7367862631508766,1.3041269697843783
0.7218188539887583,0.6276587401979913
0.693866249788475,0.9835485389265685
1.0624751318345977,1.089727461360556
0.6973789015079157,0.8648678528422248
0.7204027839172639,0.8024984870717928
0.8359719344212515,1.3939393140818317
0.6845183185528798,0.8170614563893301
1.020164250184894,0.7986345214345244
1.1862235288895588,0.7456172073180434
1.0913950446680323,1.0529895138093543
0.719461964428806,1.0972504717454163
0.6659056598041367,1.2259017956825007
0.6681654736597745,0.7303298413551108
1.2356364376616145,1.3304673854280775
1.0975657768186746,0.8248800456431542
0.9805077423922326,1.3278852397021248
0.7931348602959434,0.6705537958904091
0.7142384831538041,1.0849166465183018
0.6316229530973495,1.1677901696298973
0.9197631229250894,0.641510618552944
1.0076750419077372,1.3745787764373194
0.9178394220658966,1.0985721871311434
1.1201948126988253,0.8831520086251659
0.8265304238038882,1.3657564243935454
0.7009682801501816,1.230633899275721
0.872967206613886,1.3820501910093905
1.159657188357456,1.326456577424195
0.9842654078071351,1.0279997087020487
0.6811829435672363,1.206346677082231
1.3652401752313559,0.920307117411998
1.1468080722980458,0.8505967813355795
1.3261606354356732,1.1199255976813753
0.7954765857109819,0.9661024454377949
0.6035263833581539,1.1804842177013177
0.9941414904337889,0.969311931849528
0.889068179024197,0.771272819986994
1.183830704195333,1.2576839055899187
1.1023238025088888,0.7589210956106629
0.7588592432862784,0.7190324828149923
1.3327317989268894,0.6733622221569145
1.2166199788912904,1.1759867835051157
1.137893620789319,0.7253073375211667
1.0797502653811533,1.151721659444716
1.2326551700651671,0.7882360849473047
0.8749297445626666,0.6926985507465306
1.137214364175669,1.2967782900387874
1.1045490167845406,0.7477434760738279
1.2160260810508787,0.9685204422362228
0.8650107599175322,0.9507404283197671
0.6348999358623728,0.6935558573896909
0.6381267263531363,1.3129277659144516
0.9423846173715165,1.3574681851470998
0.6667777955062056,1.1023431217905924
0.9099641275198821,1.0036255612893294
0.7520197972343446,1.2640802022149835
1.1841159089197613,1.2581563934094206
1.0178128131807216,1.345214657976503
0.7698823534117473,0.9447313075053148
1.2271616698287677,1.0092295785556957
1.1672899025289083,0.7251223747928202
0.7266499328896511,0.7999618145392935
1.0375688241507963,0.7117643791302061
1.1175077568343843,0.8614073712107594
1.0379374709198557,1.2646133042995817
0.9754516654780152,1.0267364327120307
1.1086081279792177,0.9528238639234363
0.754217862406386,0.7419920916688829
1.2441094743916103,1.080742883222634
1.3631375027864674,0.8356283066300696
1.184805955229352,0.9065672434419219
1.1628755255648846,1.26372858719371
1.1651825079479083,1.2058176072334288
1.3535621809889182,0.7121090618248632
0.7909497583464007,0.6706771699947243
1.252191624990707,1.34654706057887
0.6729523324232715,0.9276641031090802
0.9010710426082915,0.712657185915325
0.62478885620656,1.3838162258461988
0.8197408385776257,0.6995486855408669
1.3285856149295379,0.6617930869715907
0.7617479472745807,0.9441309579951533
1.0389546314978824,1.1535629175571864
0.6713800078579526,1.353760740650817
0.8867983600608164,0.6497499713285898
1.1783065667091703,1.0851233650229122
1.2681456406566567,1.0212585105285554
0.7442730641092838,1.0353706615226033
1.2600691916631568,0.8572075090594848
1.1997971413822048,0.9785141081348134
0.7899545707561944,0.840701987002087
0.6875277251546053,0.7021884712771446
0.9520120546954958,1.2625056785861983
0.6363397791790008,0.6749737888376872
1.2173398940822269,0.9349509362242971
0.6823303993705154,0.9478440556233163
1.0726622341735337,1.3558212232397522
0.8418525683021865,0.8048078784442746
1.2622844848131045,1.3656763149078934
1.202117404079099,1.2430663383124037
0.9442960557542739,1.17119959207114
1.0783421773627357,0.9542062709122967
0.8783470640513414,0.9861702769187637
0.6397732035784962,0.6089524755819322
1.0198502044557645,0.6988768943592659
0.9692873524097028,1.3822759822064659
1.0115676897090025,0.9256509780011031
0.6233416895378415,0.7980353987209095
0.8635600381899594,1.381602185710801
0.7417363990607792,1.3650696941323774
1.3486614072425804,0.8156564933247423
0.9787081666355806,0.6708008259516121
0.8986554009910347,0.8881996345773047
0.8960873556443151,1.078743374234142
0.9026928578531925,0.8616386437586812
0.7904563788492768,1.0775375767759505
0.6248719139709221,1.3159585915355176
0.7666663892228782,0.8584905098883386
0.6838003070951828,1.0540648344130152
0.7555716704654477,1.0313868412346945
1.019527142992367,1.345359307377749
1.1103463428728773,1.104746645807781
1.0700916307109283,1.0088450176440757
1.3735972362448416,0.7869678671668866
1.3186406782984617,1.1058131256658135
0.718064091846992,1.0903021421412826
1.0724466745153227,0.7348327887386111
1.2073448321107976,1.1269194357459478
0.8831863907108507,1.394985554400362
1.0395151928858584,0.9782111047649225
0.7897124037949024,0.6993235491360301
1.0182108906256018,0.914964146702524
0.7249289558690096,1.1643609086955946
1.0716911538634764,1.1783646121173383
1.3118369641588306,0.6243876257419301
0.6990642256348111,0.724073272326568
1.275649302928561,0.7045836501123327
0.906568003604582,1.2786338677236946
1.3510053713627772,0.9395140249199971
0.8320637912549903,1.175264186434649
0.8707729986372711,0.6027135708122424
1.368167539405337,1.2943027701949545
0.7447943279744136,0.6233911271969123
0.7078769343982753,0.8027463995875315
1.1921526800174722,1.1347275370617578
0.6754245190795034,1.068722426708826
1.0712452185211947,0.6254209635843408
0.8256999882102577,0.6797061833785629
1.007956749472849,1.322014620103563
1.3189755906965221,1.071625192113522
1.3157295235008335,1.058086780209901
0.6367419677957534,0.8524676984718408
0.8901759921933812,0.6773399346627569
0.6905871859725421,1.297636439647297
1.0926270487305072,1.32456781401715
0.9058839731687742,1.3534029157380205
0.8175776230337142,0.8625980299913354
1.3783709635718977,1.1156317209809297
0.862903524089732,1.2086483961281402
0.7407017591827318,0.6235967687118773
1.3440428333776238,1.3074254102758047
1.0821681934286462,0.8202566942859797
1.0693853555011619,1.1300720873705203
0.760011460834733,0.6074169685077041
1.1029869470448932,1.1774574261806032
1.0696930078086457,0.6649799283019466
0.6184064089172192,1.3308778876441831
0.7772123376771092,1.2401864946136931
0.8598928424258945,0.6213720621029376
1.1758745569945637,1.2020013311074051
1.0028270349484218,1.2734609993133712
1.2983896020630754,0.9259440275388047
0.9980054133342255,0.7180473991893583
0.7551147020450067,0.660330544798998
0.800134098764296,0.7371411247009889
0.7475950848401393,0.8490578345118005
1.2082522952991588,0.6785911570729668
1.1169050977442119,1.3357135009342198
0.6082145368295221,0.9093777886283867
0.8322271377801844,1.0043791328159652
1.1708256033171072,0.7199866128253526
0.6782357009226305,0.7886170823977768
0.8330050885189426,0.960591714542923
0.6947233841809249,1.2782238501223118
0.9657070010296449,0.9426092734278966
1.3377626108429834,0.6262385721836632
0.9545345153856045,1.1224881340287514
0.9928307269899409,0.8106354463305105
0.7838236525468796,1.3978500914547467
0.9179093841919194,0.7568541701788508
0.8383908256202716,1.3472017311040363
1.1738329194185466,0.8001425415886381
0.7098421336152642,1.3381686986547376
0.6982759124205595,0.8244164327189851
0.73852957886444,1.2274333338982886
1.3100988154455195,0.8041241447623592
0.9682951775347127,0.7490836924275156
1.2297049170375849,0.6298849347694658
0.6818662847642746,0.9838101689246219
0.6836887243208003,1.3156112459835998
1.2687262019677579,0.7218792222632936
0.8924010372190139,0.9465913132000114
1.1137914380454585,0.794277598532424
0.967418105062267,0.7155645453113725
1.3468453835079854,0.9598394743853265
0.9695787412763102,0.7260756208002069
0.7633750530635146,0.9242853734101446
0.95656715839222,0.9366966447551831
0.7914911286868532,1.0555942088948302
1.3276159576799877,1.1021245044487227
1.313495885114043,1.177867362060014
0.6622769158315343,0.9121710069310179
1.2145914841054073,0.9676466548419385
0.7892939562586259,1.148405138501471
0.6153022836115734,1.0060948536375167
0.8484317883995485,0.8986072629035701
0.7964437082619777,1.3271260381843255
1.2725579599877417,0.7714510218218879
1.2606935033767868,1.2978011519241395
0.6685947177177538,1.100380981043049
1.1974339324373786,1.319351017102048
1.3232075291195242,1.1660175911459245
0.7364792492590049,1.2975766271200835
1.2528916696558876,1.1096604798544525
0.6100815581393908,0.9564257494458546
1.2267791404508812,0.9813865141383166
0.6883800227400201,1.047393528148891
1.0949661213807231,1.0291126911154298
0.8069224406621237,1.2980482787324379
1.077666739445708,1.0096333191289306
0.6830539396961125,1.2356679857955588
0.6721036184603106,1.1434941359018111
1.086233607845665,0.6333734981819598
0.7458178494142593,0.7686955442304964
1.3899829357493758,1.3124844139301457
1.277126009789924,0.9931880646287684
1.344452740615637,1.2053487561127896
1.1693931949138783,1.250914167512974
0.7682427059005732,0.6329197320922361
1.1250824339040713,1.3155458494959942
0.9470104838018112,1.174587844721191
1.1419668181015505,0.910799535599622
1.2834711078805514,0.941016176020384
0.687659103679879,1.2869661128736194
1.1868048549556236,1.278959857149242
0.7648441663434038,0.9173254738959475
0.6653634917839277,0.886605535676231
0.6895845777096922,1.3119597601923159
0.8002861940423442,0.7693443935888098
1.0042566609976156,0.9568710616918426
0.9713609147504769,0.7246208439546071
0.8616878082451049,0.7292100520180779
0.9234692515275549,0.7062509541614743
0.6475038265885462,0.657952663318198
0.9944962281364222,1.3444179707077872
0.9273325507378165,1.213856636873519
1.3408154128322698,1.0000914230322024
1.2733142212066175,1.1518048369058933
1.2538796020420144,1.1097299994639651
0.6036186232709089,0.9480912567099435
0.9169744030031661,1.1192568465989479
0.7405073861614145,1.0026871058729685
0.8405035926890493,0.6689856402174741
0.6240723142857247,1.1763497257217859
0.8046644407395875,1.000473959817772
1.1298715335842213,0.9041055146574335
1.3241004821042794,1.1046714276311032
0.9862801859669961,1.384813259489132
1.1625770114031169,0.768019545481773
1.1864495653244487,0.899488714697361
0.9666180694146891,0.7908599372012048
1.265767920730509,0.7077778269866709
1.274679428042655,0.7703418670593877
1.1387627500802386,0.6271792453381813
1.3857456216765849,1.02783409782639
0.7774991724231182,1.17878651780084
0.9684442930522628,1.015092462294815
1.2735105110168001,1.1361791200486762
1.2702645239642791,1.3205421388980652
0.6894210084505549,0.7979511146836286
1.1458266464596636,1.027510152404985
1.2808239427962091,0.9426849907904462
1.239694851043344,1.241274824225206
0.9055081800902214,0.9960958378441027
1.3966700894581519,1.288547000107736
0.7033079856630029,1.3314233373117226
0.6044936910918558,0.7647401698053593
0.9746137398042759,1.3188944341004145
1.014198026748963,0.6560037545336266
1.250779569420184,1.2021927168604187
0.833607220590148,1.343979994002021
1.2252185940381906,0.9326289614153409
0.7416165822235883,0.7806347957923121
1.201404044157913,0.8909627004568998
0.8295704603511059,1.0149114921140057
1.025126258768155,1.0413224490085793
0.6886374718900249,1.24007207740588
1.317567768860466,0.6071599503590648
0.6754997247480573,0.7586844802078174
1.3913078476176168,0.8941550154081395
0.7952219882334619,0.6357111522756069
0.676481113492408,0.6610216458112099
0.9306955353489177,0.9683523989628713
1.3426474612325583,1.0669149883004097
1.2838800000745139,0.6308525480779202
0.7082373014522565,0.8644819256316076
1.2341149038356287,0.7630149055385225
0.7744061549993153,1.2556806349020682
1.0445976975708646,0.6174029607916253
1.0250771949061852,0.9058147594165495
1.0896563784732152,0.8798197102935881
1.0465709863521584,1.3319508383066239
0.950593032310121,1.0898530475576413
0.962951181386013,1.0410223814946078
0.8512816186310874,0.6830810949812521
1.162216892045413,1.0188240460163422
1.1797671973215438,1.254741457665928
0.9876741682564942,1.2837176700441895
1.350223527962092,0.8265460223662522
0.6473769695880144,0.855074709875425
1.1887695384443409,1.1937030376089668
0.853224889847463,1.3086852219508827
0.8410185588068216,0.6391571413769696
1.3090123163377771,1.195725545457856
1.3213321115932006,1.138985013159368
1.33046644392732,0.6652752390861966
1.397997449185424,1.1016967147926504
1.3910503537575587,1.1318825609333927
0.9597600575862979,0.9067425987647129
1.0675587394490074,0.8690156364831872
1.193263135310954,1.1377341517659127
1.1311785236173866,1.3589190620113352
1.2825812639696115,0.9395984752145927
1.2159813231264232,0.6012244935653237
0.8575478967359417,1.0560305959788585
1.0961531951326842,1.0577794814915726
0.874105016568557,1.2101708723893094
1.0947322189320938,0.6256322029766311
0.990433796974596,1.308934649878488
0.6080009184817554,1.2067714160322671
1.1164513274009131,1.1582848502888472
0.6794726492708558,1.3743069113715842
0.6354076361854776,0.6684930839818843
1.3451285661322723,1.2482256058773782
0.6162533048888483,1.2562488205822682
1.0897245705698264,1.290542216858503
0.667335416367887,1.1393934303218933
0.6167988247075024,0.7226996153930328
1.2990202318158122,1.2661216010777707
0.7228361634148196,1.1686491370168008
0.7768068555294109,1.2552248544406215
1.0655975659684433,0.9012285823941766
1.290249628347779,0.8193509647332188
1.065875508804165,0.9855911487359157
1.186541127885637,1.3932922747074756
0.9982634266170685,0.6352985059363125
1.297065970811239,1.1757636327191057
0.9330615260625974,1.050704216589258
0.8130158940705284,1.3962876776095912
0.9664611347494323,0.7771817523097343
0.632486783642938,0.9869449526203582
1.1433289196234555,1.3019258971089895
0.9882433461020039,1.1120176230383358
0.8726137306505972,1.141713911714894
1.1073247860008426,1.1351127084573887
0.858528724008371,0.9718871583763091
0.8308046872984222,1.388402921093272
0.7837455172454403,0.6533330628552739
0.7595785213986492,0.983861418781722
1.1509067686020251,1.293729029950549
0.6814051662380726,1.127091675298991
0.7345823776542099,0.7402998893284158
1.1146303573798013,0.6640832082598225
0.9162266691997116,1.3628321736551565
0.7059813046083557,1.3375267622862563
1.2016355604252331,0.6054933368355379
1.0294467521172566,1.209363825373321
1.2364318133537209,1.204584068360039
0.6061967081482069,1.0558872272230244
1.351948180266856,1.2524864928757773
1.2546160325930926,0.6147111344116365
1.3739966644900297,0.7211951330458527
0.8724264482892957,1.0081884969105748
1.1323892412408583,0.6137663520660211
0.8028838727408921,1.1959968132671248
0.7285250894427545,1.1278735066463672
0.8191698174019113,0.9758385484471971
0.9291063811841959,0.6143852516382751
0.9133217098323306,1.0034282304448703
1.23738463830932,1.35039531042426
1.3781883705790332,1.321769188421027
1.2980085154186025,1.3967588798099784
0.6005513743654164,1.1014507640250928
1.1349724055760686,0.7142008436086977
1.140834863077904,1.0357606395968653
0.7755549670602274,0.9116222812731839
0.7034374157206154,0.992286764521469
0.7158766143661958,1.0264537039852715
0.927853558631345,1.0038069684965194
0.7911566040337765,1.0415060513627574
1.2157661226908894,0.6179936619890641
1.3460767373738443,0.7583786005464832
1.0966045333240386,0.712823805048727
1.1289266837912786,0.8332879899647722
0.6111302713171599,1.0726200555053038
0.6904562159018293,1.129993944932525
1.2903669249164869,0.8431337682667687
0.9277212650905242,1.137227515680856
0.9785817048303264,1.0078909580991418
0.6959270503905038,1.258906691511196
0.8307822830625062,1.1252360985847494
0.8744036711269674,1.1102739758033087
0.9701526124513717,1.0388939991382098
0.6032563657468971,0.6115050910182511
0.6061531638071792,0.7572280604458522
1.0548909201199477,1.0591251192268814
1.3146143922835278,0.8980835990805307
1.1637042608066164,0.7155049668049297
1.2909874318374999,1.2713047216487499
0.9366151368439247,1.2371823277410159
0.8547497973409228,1.0718062875569638
1.2478127796081901,0.8642094333874395
1.1653376026796303,1.1854479902432256
0.9464432467329114,1.3116455602458506
0.730256321841085,0.7461297107323901
0.7934116208076064,1.1035187960950337
0.7237481089640603,0.6826070502010639
1.1018797561369154,0.8124296413050754
0.6965071610624918,0.9646899739041939
1.1248702317401578,0.7055133236762131
1.0863920939893723,0.9836226748357118
1.0608064767233254,1.385644914451467
0.8800776116039026,1.1173513592539512
1.259319090071501,1.2347133888803326
0.6679807521447467,0.7013896446406336
0.6660396262919692,0.8121273057423111
1.1441978670377235,0.6257954092977963
1.096744243565729,0.6715558556035142
0.9308450534883044,1.1828851497531332
1.149235026136517,1.192503992637798
1.0134288877021644,0.7994784274178313
0.9582507785739008,0.9929311487026111
0.714618635281716,1.0912161915010252
0.7997492863035993,0.829459648259993
0.9454308377053677,1.3378446917926743
0.8439517973878806,1.158880513580757
0.8131877174492113,1.3347741079185291
0.9905290507423394,0.6340119736911699
1.2760995380997622,0.9658033722267315
0.6578860159287375,0.7051474355280128
1.3983600037606432,0.6096494660305483
1.188510713601985,0.9723124231259264
1.01675893042452,0.8902773128288566
0.7906201860396288,1.3787986618735442
1.3507698328769848,0.8932665320666027
1.3597968555010078,1.057195009684456
1.3404268071950498,0.7159428192811175
0.7373583918424943,1.0943797516381442
0.6416799926262807,0.9504232936112185
0.9940247614644349,1.0749075911134316
0.7506962845628081,0.9351963953300704
0.8081851602934546,0.620929229620309
0.8830673085691662,0.754511784912953
0.6256691684556975,0.9133126539249016
0.9740996996672404,0.9418504609835748
1.208896336369484,0.9365978333406395
1.3912764155677442,1.3716617762242924
1.2798683625859073,1.0905864200702544
0.8611027917644236,0.9222321438097485
0.9523839569881548,1.212059992366111
1.3424442324406856,1.0322540400289044
1.3439118327392467,0.9711521431972909
1.3989623982423736,1.3487087359568468
1.17460782942012,0.8293299025304279
1.3900222672115474,0.6701466811096779
0.7994335014969464,1.2963968580414842
1.0373152459866222,0.6638004631399346
1.3214344181762745,0.9019404634577256
1.3866536620393464,1.0814267154741597
1.050523177826111,1.237565834817171
0.9992386930386568,1.1444072361210926
1.2478471545452507,0.6472773870539712
1.1017090667444285,0.6174419669287965
1.0856047412189656,1.0273432572552534
0.8173857441611577,0.7554756862084853
1.3889886198130252,1.3034933784928533
0.710822950351785,0.6525546230516855
1.033813824148779,0.6553172652967354
0.8510996599855871,0.6369354375078135
1.0996474025333434,0.6779599602830358
0.9831040084047331,0.9063513393713961
0.9114811309344413,1.2494874400948826
0.6713139447150769,1.226282178256378
1.126060925113515,0.7989643934969519
1.252097771324579,0.6105690273337683
0.6040296144773694,0.6651658722739038
1.0306204387145157,1.0395672844216794
1.3606062307777869,1.3552019182949737
1.2344407686690744,0.7874556858656743
1.139269502441679,0.658138725058253
1.2067559977548439,1.0990970117183712
1.1334505029334778,0.6801848633770794
0.6326906352684613,1.3584606930733683
1.351566949539429,0.9183933785169212
1.3231025156413883,1.1093561471440068
1.115157687302671,0.8867351315038755
1.165715994351308,1.1249938779629103
0.8821090673982055,1.388005910749699
1.2632144531338585,0.784382852377398
0.7426363687090713,0.6211746308411439
0.8753120622011424,0.9489064435181016
0.6078023291476079,1.0210597518811033
1.1968752929404538,0.9208296795744594
0.9157448938103497,1.2137413224585103
0.6375251383080571,1.330768123357394
0.7167352882744586,0.6538225144760736
0.9913356891313472,1.0601773756165127
1.3296508549834347,0.9688018283312685
1.1204538888034188,0.6285308345370235
1.0759004891242836,0.8276195742811903
0.6742063659044295,0.9515841340391922
0.9892833932732807,1.1112682439613248
1.043002715203741,0.8428934402118664
1.285299788349668,1.0045480269104692
1.2662266102243753,0.6019877207488828
1.1295909894158416,1.17937502956951
0.9090610587720475,0.7486820672371576
0.9032915260429966,0.955562130141266
0.7153971698319798,0.8008234267947097
1.0247785034546413,1.1975783780673805
0.6177263344232653,1.1729044070634895
0.7179615420682828,1.0891461719241378
1.0224792174113606,1.3423244481697274
0.605004555979502,1.319737366546335
1.0664515737624978,0.8367673023757105
0.9427257075262541,0.6434089379247387
0.7729634041406093,1.0538278658777966
1.33020198223544,0.9129817839452155
1.1042544480680707,1.3212289834456425
1.3235424093857862,1.1580891311922272
1.254306230775545,1.1580007067987066
0.8465371444559304,1.049303907274358
1.054450561689352,0.8124988253630755
0.6846948877996849,0.7820848071620697
0.7914022172015702,1.3782482915682261
1.258564197769235,1.0423223368520305
1.2981905584782036,1.3259497970482752
0.684592129380361,0.7906209542069746
1.3813841911988178,0.979181772094025
1.1273949143893218,1.0942764704435586
1.0615695306760315,1.3667074344832948
1.109594634835792,1.258309939575497
1.3736701715228716,1.3438979294709594
0.7250647432574022,0.8350127875815283
0.6452657864734472,1.177083852696871
1.1892153985053944,0.6983207930209199
1.2323257551719744,0.9387106430542201
1.292641749991874,0.9485085062908535
0.8259043117402755,1.0086385469168184
0.9247798251356063,1.1398600143834265
1.204239839656435,1.0855145117517218
0.7298637947097144,0.8854933261697918
1.0530660547967137,0.6799521381284486
0.8624284226716895,0.608077364347124
1.2402901469903664,1.0784759318678623
0.7708421164788319,0.9496137718315449
0.7704885613142956,1.3069031608063948
1.126971889664563,1.0338359710518108
0.8746536409821085,0.6487229833884504
0.6842766434017677,1.2241316111762677
0.870530424907213,1.3391209220383369
0.9677594729607644,0.9427471547390389
0.6194018226172425,0.7763271657038481
0.726070236812132,0.872926391869106
0.6097231503224095,1.261932285110237
1.104859376640879,1.1410810956372366
1.2776298626959144,1.2479788333245567
0.8635111540849176,1.3082689645864307
1.1307204644288595,0.6107210836991389
1.3637731357059992,0.7897625946986307
0.7658696563937144,1.1473331577956565
0.8266115748012566,1.3203848887988756
0.9383279895792727,0.9463679566714385
0.9472418767843482,1.3675817551292668
1.2489227634642324,0.8520880069419811
0.7858117599878387,1.1188295486008881
1.0025623293905448,0.8064224146881239
1.3224121921125453,1.3490107239925846
1.322288830978636,1.2216939788144319
1.308783480127237,0.7053920695417037
1.1168502637018594,0.8077648961145976
0.8332790404968323,1.146849202963932
0.7382177120089837,0.6023974925977866
0.6696452742449532,1.155213524717904
1.2523568482216096,1.2778943923253403
0.9447102952781159,1.0368208541608097
1.179157015402538,0.6881843762236626
0.8905000448805966,0.7103785205121316
0.8252208133434177,1.057082531105745
0.8878288566036903,0.8530048289532776
1.2634843777414841,1.171009584884366
0.6607489423487322,1.0223035652727486
0.933352794196719,0.621585174525644
1.0456085064960206,1.0551680191022985
1.303800923393301,0.6309108893055101
0.8878969499485115,1.2245359745071855
0.985725363447435,1.3303048443270473
1.2453920132152672,1.1802587003338896
1.039822474962957,0.6059227787588888
0.87546174664726,0.6577617573250648
1.3504706285866772,1.3230962646643256
0.8528607594636181,1.3718326572644781
1.1550327384682562,0.7984462451349793
1.1847539056205498,1.261914038940479
0.8525769112401684,0.9945016868947623
0.8241012006341532,0.729699467944934
1.1586762517728442,1.3659726547360764
0.9793581289551911,1.299108102642944
0.8347933779317984,1.311572340358618
1.167455394138667,1.0636196725184137
0.7826253195612346,0.9542867105434955
0.9821289958714678,0.6640253326318256
1.0605556876394822,1.3066675550761144
0.6192335379932269,0.9054590837922774
1.207006200675889,0.6493378827599352
1.044206347656985,1.3539023283028606
1.1402489530001974,1.0684875398064246
1.1605665557730749,0.7964135773150034
1.0618453604731326,0.6998831699178059
0.8868732728193357,1.3292673421746513
0.786111969419698,0.9653366743545606
0.7046689462477077,1.3055116909587263
0.7121935860435002,1.377940946690487
1.2406702182830123,0.6135485014289139
1.0647118356687897,0.9344120438271245
1.1752591346356476,0.7196982300028666
0.9613653343874476,1.3364332159728571
0.9302357612372142,0.8390871129367289
1.2500449519955912,0.6330448158499462
1.0989513074312358,0.9367782339662631
0.801069525693926,1.0863929517749886
1.1890226343310033,1.1920302837362438
1.094849757340922,0.6029243844209285
0.7849353367092717,1.3142418046133444
0.6201401491593931,0.7025109922053174
0.6544925645674704,1.1636888359988162
0.6197916628677432,0.7747906695628355
0.6910906537610124,1.2627870744726994
0.762124990875967,1.1472684602982741
0.675609213576596,1.2161532360510057
0.9101977683160626,0.6296447112405
1.2712276138310468,0.940440486887948
1.0621790906164286,1.0045691097430933
1.1227770668759247,0.8255896829861531
1.2881641704509617,0.8607181034399487
0.9108408329594675,0.9951658130329852
0.9179336453427192,1.048034332064995
1.1817807699584564,1.173325916699075
0.9138692237422392,1.3595705818898636
1.3854497449131606,0.7413816791294667
1.2327210267417799,0.9144650363615485
0.6849664632381929,0.6930827093263772
1.1077806717477974,1.185431324807134
1.3163450551728322,0.6642364628330379
1.2612944877275134,0.655117782312326
1.2254586084723598,1.1840106083295647
0.9822100419680395,0.8760601812731901
1.2177712204608147,1.2906336107410734
0.7695590283507202,0.8762766114623232
0.7176778978867452,0.6864675069150661
0.7389558564136627,0.8777124915608119
0.6625198700403765,1.0229147328290304
0.9880366035943553,0.9417904804814465
1.1711862193118927,0.9124850818743045
1.2115303945826712,0.9131588734065317
0.8022614829470651,0.9635023151523749
1.212784605266599,1.1015478919247155
1.303703739079298,1.1679149313096318
1.1640838920837262,0.8468681742376123
1.0695498331948807,1.1779550356291584
1.2564601813183969,1.3765466649983789
0.9697738321992684,0.7433553663652845
1.113588611771132,0.7164553207601938
1.2312815848861707,0.6665963531684012
1.2345190897474496,1.1126993345482614
1.2263363508264078,0.7921219106795363
0.8084067398972798,0.7390372152022672
1.1327023594036114,1.1014003135490613
1.0415231464946075,1.2431872798105206
0.6056168786274869,0.7075430858961849
0.9502246059952342,1.1369147304909468
0.9119174188447869,1.109195868430871
0.9286814194160791,1.0949184585175826
0.9798000520658294,0.7838909758570389
1.1732162765525476,0.6654467629063642
1.1188758487373727,1.3418434164850233
0.9599503234855733,0.991883966837754
1.0009694340579136,0.9958156605202457
1.0123978945511118,1.0085597823049923
0.7294101731208238,0.7489609599364694
1.1410552731562174,0.8935542485717586
1.3668852677908732,0.9728194088326179
1.3002542187415465,0.8281482805609545
0.9267769284665367,1.2852644083210096
0.6577569528881754,0.8086964542260522
0.6924388529363913,1.3853032474463882
0.6490065244468266,1.3652810092192005
0.6339595501735208,1.3332137480866204
1.1228566762533325,0.9655453086726808
1.0910143304886624,1.2007729749097182
1.0180709809229258,0.6502684991231732
1.2870906647980094,0.9139210887546169
1.308944171274271,1.1832153687578049
1.079770839791511,1.3457798495977085
1.2318981318588111,0.9881932390298924
1.3126424148584288,0.8570918034718246
1.2836816921765364,0.7632287423693553
0.8023862674893638,0.7124215396001765
1.33801783034967,1.2980959189419583
1.1178988137687047,0.7644416873822043
1.2132589832568712,1.0954325920016066
0.6814454888122259,1.148787348232524
0.7434030862338966,0.7312164513262386
0.8684734564327072,1.082029936033517
0.7951433671927647,1.25854349071038
0.7463135707849481,0.8572977703186605
1.1934402957657806,0.8846245437744042
1.3372329023731373,0.6355348299426626
1.1757245183265201,1.1244956452465176
1.0130968172721662,1.0289853691030362
0.9633550595086159,1.1049733156967094
0.6343000771581294,0.9630249570909319
0.8239366108980488,1.0347822637549071
0.7254215331640299,0.6291834386238406
0.8327131184003302,0.6635830895833239
1.1874641176859204,0.6182183590579796
1.3277062976509715,0.9174693334473557
1.0201239108109281,1.1568590623482349
0.6175437366260396,1.125435615256305
0.6457148389716005,1.1355800477430171
0.7529258161339382,1.0418931923844572
0.928511611449364,1.0038547351382163
0.776319406870276,0.7883859036510861
1.0824150733427973,0.9498405478871179
1.2303417488627806,0.7359458663848845
0.9521194863642556,1.0131727478887358
0.6378565467511611,1.2515959272053236
0.6496896524707801,1.2236744018428904
0.6494962283953748,0.8988367697477581
1.0061560581399813,0.9147613549276598
0.8204001169632428,0.611369803184827
1.1781624758016422,0.6902475977537934
1.3500613159093782,1.1150366552479367
1.2336831061518145,1.0250896675548566
1.159170219548145,1.1899339599616776
1.2027487274348148,1.35851041548221
1.1715594383552723,1.154960233760535
1.0734084062257478,0.8212193332784866
1.3871967273131542,1.2848641813869275
0.8593039032889535,1.29828361891045
0.6643591712277325,1.009688418110768
1.1945624014070955,1.3434171518867737
1.3052285846323228,0.8665544746047033
0.7675334586916761,0.9320056481692818
1.0537987526172723,0.8364532952307708
0.7991276180131051,0.6903234759005442
1.291337661557289,1.1657246986143466
1.2366814829635082,1.252774694325797
0.6302651132516046,1.254220849035454
1.170184543537469,1.2324079846619926
1.3391379149279041,0.7598256691501482
0.6548360402963694,0.995738497205817
0.9590185921928098,0.7992916153296162
1.2968577663672765,1.1934185323786957
1.3844005160640511,0.7622059267407449
0.8517678573912217,1.1514504745720482
0.6533780549709651,1.290993743029631
1.3181581330517351,1.2471297628195641
0.6218130710971973,0.719167003354773
1.2484176300827974,0.9003204110614609
1.363358005174668,1.0747759224963225
0.952884483067552,1.385401684292197
1.205881266028039,0.7050619406996161
1.3273385422498634,1.262139029040958
1.1128991740663365,0.8685464366813349
1.092489820973416,0.7427579917064008
0.6911224525678704,1.143337885996949
0.9800017190766571,0.7120509385657592
0.9106632799328171,1.1646737198562664
0.975199012153357,0.9342206694450572
0.6199439997663839,0.9967370925009629
0.9195277038861378,0.7156282101099457
0.775320063428131,0.6152955196444051
1.0478889953204251,0.9771459439478085
0.8917830110923606,0.7574485040507167
0.7170665539749105,0.8598956622363132
0.9127489001091648,0.9763160779065199
1.10269943104205,0.909790285785258
1.2280198670439728,0.7419008005347982
0.8224989417387794,0.7552013614121575
1.000930036859391,1.0012401762005279
1.1992851898432777,1.0831239030052522
0.7649904529395498,1.2746380642720725
0.788036426610818,0.9737352413603342
0.8804187999999993,0.7313406020798695
0.9898012901346476,1.3662394041866248
0.6869141411205009,1.2977434133823373
1.2890410929266707,1.2964853587762106
0.811480528848342,1.370988754057931
0.656729948292654,1.1174030220550104
1.169314961393583,0.8647039055973257
0.8397102970059819,0.6755730596263761
1.1359073230363421,1.1196624566759987
1.343450443841209,1.1512040894752802
0.8758119077187098,0.9574600779725732
1.2459189497170797,0.7892475739600937
0.6092696414855869,1.2076841284399897
0.9148911174645661,0.8493508847243775
1.1212480066229196,1.3469722021629174
1.0993081015408375,1.14438801672574
0.9215757366082525,0.7941209588570064
0.7969599450135423,1.2009509454737444
0.947384772906249,0.6233209160519764
0.7606900794510119,1.2624285933446706
1.3184036544490145,1.0864082165982751
1.105034973034047,1.1541464083603319
1.3135439606156767,0.7150545775857133
0.7726852685302361,1.0966388364490685
0.7535608300283226,1.2111972950785002
1.3015810756604853,1.2812980012758455
0.9808782595413795,0.9032481821874776
0.6182282175913638,0.6022267218650087
0.6530494761249769,0.6454059935932641
1.058490616960143,1.2986271356872447
0.7441641992885472,0.9619434028440285
1.0319969410178245,0.9328273677206795
0.8833033586851046,1.0563067370253831
1.2229095183968806,0.8770401745786803
0.7438069464398857,1.0668114560981152
1.1863154838061767,1.2327488450048052
1.0271650965018633,0.6521763762851337
0.8777051390355899,1.2023661291317884
0.9795893418196422,0.6717361592643879
1.3508485836520094,1.3114432704167107
0.8271554745059069,0.6446855508380699
0.7090280932838467,0.6527398928828209
1.0667461045131004,1.1548927746463709
0.6810077716767615,0.6563537699445431
1.1113192286864122,0.684563713060216
1.378117854221423,1.0572286633443877
1.2574988255117243,1.0841107969664892
1.2723242291700352,1.2289632841859652
0.761580353287779,0.8505399092639664
0.9456227340224046,0.7640795251145382
0.7602640400763006,0.7648324955033053
1.1091954529713628,1.3035886166918638
0.7369366991845148,1.1315839767891522
1.173713900196529,0.8677858286529575
1.3723782572434184,0.6765779559628393
0.9085241337460928,0.8402687421815009
1.1777362639740043,1.1729928416581261
1.0514434492481075,0.8919226537612626
0.9550602650192268,1.1257995854514147
1.0063289785017813,0.6898350316463495
0.7961093489417684,0.8031294793235543
1.3201481621676905,1.1333876287684839
1.048896492817487,1.2377603105771606
1.213576025323178,0.9074883921122464
0.6471222959998216,0.6951990770208818
1.3195793161073348,1.0743114383664687
1.3029730515553397,1.038612768073178
0.6774307387876172,0.8720431021756598
1.073828304325597,0.7405812705641319
1.3893364979693443,1.311009983658652
0.7071559142370426,1.2944638082936817
0.922640575524196,1.2870816617525205
0.6330138236536446,0.9428803267018198
1.3630003609127435,0.7064947389441364
1.1495284713487515,1.1430031882310763
0.8857986345570829,1.0985370719929735
1.3574373722022237,0.7605040620428584
0.6565399166177656,1.0371282085936526
0.7856526081315665,0.7172690781593962
1.0033301760390165,0.7857869890538913
1.235888171946155,0.6610472693583096
1.163088128017099,0.9044998915658021
0.6711670057364101,0.7501927416127672
0.7451359564779734,1.028117114435833
0.8864480436817443,1.3004294114670234
1.0774610141618848,0.7249745780168331
1.3172022439087865,0.6270048170477094
0.9180664290859764,1.181782205208489
1.398228255617331,0.7835003120019307
1.3955348243484988,0.8184011131334874
0.6396543313508023,1.0173418608703864
0.7440424833191785,0.6930257580252881
1.261398735318184,1.025999713051951
1.2642804918648591,0.7599270856606821
0.8934220917396097,1.0936006378207437
1.34171499212696,1.2082722373071364
1.3667228550366015,0.6166402724236915
1.3744333835428626,1.0482182310182144
1.255172740024872,1.1362682074270105
0.8598080026640916,1.2523384840806469
0.953022052232857,0.6785229786986461
1.205551800422804,0.9529549287833379
0.6295940460132399,0.9714076792431094
0.8472787494392199,1.0142086734811973
1.2775503275812687,1.0140472190163368
1.1923734288111185,1.0743569175264538
1.0044639628266787,0.9276870961746824
0.9007646467364254,1.021833411350051
1.279239061316882,1.0301571186912535
0.9946602488780094,0.8419498585725308
1.1503325626037886,0.7633063082778462
0.7842126930374825,1.2894608828381668
1.2362915517912576,0.8821881544460981
0.685330646137944,0.8023523423902469
1.0241093576020202,0.8569990983002462
0.8335592349136102,1.277245822288269
0.9642980137546246,1.0960173285066417
1.0553509127177567,1.3778436213184717
1.3954037264674093,0.958517491506452
1.05301414820367,1.1064223842687657
0.7493798437666933,1.073610479233012
0.8095918330048285,0.7108144755712654
0.8809997898678452,0.7329332527305163
1.3706533843790023,1.278453166597813
0.7545262649012047,1.2744320357738774
0.6541392071444387,0.6880083803881691
0.8090126724296067,0.6662891352594197
1.3610611049626864,1.0989589130834783
0.7130891847666221,1.166486300634602
0.8285627719554984,0.6151598444253495
0.7811463633373024,0.7334685654683988
0.7932508401313646,1.3505672906487252
0.9805881530465812,1.0308135455413159
0.805665368722153,1.2861854778560706
1.2673140274691224,1.3163152164627698
0.7974589556844294,1.3446947127917852
0.6802035572689186,1.2722042150151833
1.0645664136322681,1.2372824381593044
0.8775236777860304,1.3065674183714333
1.191406915192996,1.2956299010953656
1.3654618071093378,0.9936774996976809
1.2927679322929824,1.1342141267234878
1.2949776269062139,1.0376047195587588
0.6999084234697165,1.0120395083319687
0.6023682980825094,0.9360250553549345
0.6469171766773283,1.0965329772105497
1.3007927304843931,1.1819649922680766
0.9295355620154468,0.6377067896933446
0.9662393170392494,0.7143356188578157
0.9370607760615272,1.2911548392475296
1.2567079847776501,0.9196445950353243
1.1717108038943702,0.7500056062755412
1.3977654362254575,1.3851217054653533
1.0504608902591388,1.2302593730163442
0.6715359373599287,0.8403621833363356
1.2780613131128895,1.1520170437560944
0.6228724269192863,0.6816778064197974
0.9202882779720659,0.6505869905457663
0.795982009042229,0.7947006534466672
1.3193362125448433,1.0833386998710093
0.9787728080298663,0.7585507916917882
0.9270256182987542,0.7275858490114148
0.7200543528486252,0.8280265107800626
0.911555697635507,0.646200040340674
1.1152330369054833,0.6386112067100144
1.368138710581662,0.7626284546369372
0.7353759246305241,1.322972736871678
1.0155638359213823,0.6682603621728717
0.933776221324703,0.7538515759800821
1.3818052459680303,1.2490101431593468
0.7386272933699967,1.2071122961763787
1.1145305082162125,0.6164545574857735
1.3909420318398826,0.9112723987063589
1.0153120653179828,0.9219559127788923
0.9067920094872673,1.1136533812781706
0.8682550740827112,1.1126139474545598
1.1084687667202333,1.2740769864092099
1.3086154736667708,1.3708881667621042
1.0962651647358255,0.7464915358708802
1.0393259712201377,0.766726576039757
1.2051724246805975,1.2545939520628793
0.9820768484554755,0.9704514860322397
0.6930142789003808,1.2599668616438833
0.6329400910510032,1.391996922322254
1.0089049984640015,1.0722286998618302
0.8365740281303992,0.6128366318203365
1.2191372933199656,1.1758951397690784
0.6668327982895796,0.9362236919106866
1.1132290284078734,0.8247498907798667
0.8311999684597449,0.7988871554150115
0.7574598009630803,1.050934024969449
0.8798793318368915,0.7791076275432998
1.3523486195613414,0.9154503412561005
0.9632446415911575,0.9169009833856457
0.6682904928813483,0.8224590528080491
0.6226611187121304,0.9591549429097534
0.8183255141150217,0.7709315169934755
1.3720721733461878,0.7167461950091891
1.3957528790800142,0.6871586921747967
0.6430085797995112,1.0268847008544681
1.379606847834168,1.1386781309173497
0.8223547986302747,0.669745316317794
1.1873953534722654,0.9482720620865419
0.9991989751411006,0.6912901948526305
0.6752659751850034,1.2602312424751743
1.1896154891633417,1.1371844899485515
1.2007362400397372,0.6171485687934251
0.6510827308071414,1.1526437784714925
1.190744895059218,1.1240812541832832
0.8640109892207338,0.811478014678721
1.3281180975574935,1.2930937029016982
0.9071667335946276,1.3353615010259392
0.8409100366307264,1.261407944063956
1.291216159929355,0.7897446070183969
1.380275352106508,0.6774009089438097
0.627144415269387,1.3158674907632126
1.1098359739600272,0.7651273876222279
1.1275941765072912,1.0435925112104985
0.8639883391816322,0.6948914175509004
0.7644994074545476,1.216724794400177
1.1906367793081114,0.6495221908653626
0.9834508201995074,0.7499777153361651
1.0449737799207166,0.9799006706008306
1.3443816313268306,1.159713625258568
1.2102370395644817,0.8590694194398278
0.7927754749233373,0.6281897272501326
1.233195222798821,1.143858332139151
1.2375901120376134,0.8186547507778874
1.074957628853856,1.172276879868496
0.7105471341030088,0.8958206156532552
0.7671405861406108,1.2527117778488068
1.2434980176149817,1.1007955747320226
0.8248072970323033,0.9844932467854481
1.0377193645835567,0.9007257033954778
1.1221095710191624,1.3565230357590878
0.9679377509362785,0.9153463388031771
1.0128374620724303,0.8351921908606699
1.0781350274548798,0.7446427880166316
0.9018068486410651,0.6109791677858638
0.9266091172472573,1.0803365476395972
1.316573185948762,0.747140460745612
1.0369106239201953,1.2340325287723175
1.138021205951179,1.0166620078793607
1.0981882211016216,1.292648238242567
0.6191695505208266,0.6939161939276233
1.129233313519311,0.7881289040617608
1.0850462188238017,1.0121838248181958
1.137446663245211,1.222858658587182
0.8994218865813095,1.2871837834082678
0.6448342702410588,1.1827274358126036
1.0836290054852598,1.1400674752808455
0.7318292246001377,1.3399444939864655
0.7141308536633174,1.3010882318451724
1.0324345428702892,1.1314179247777405
1.3436505201433762,0.7314751896638148
1.0480012504261014,0.8312250445538208
1.1981751281731454,0.615111223481702
0.6425335567075696,0.7061277885219074
1.078249548373082,0.9233138528355938
1.3227043781155436,1.045011398032731
1.1878047406441286,1.3885292869919679
1.2092086910684876,1.1606950478868217
1.0964367724991058,1.1668115973483202
0.8423783979204535,1.384528204856161
0.6196990948762092,0.9423044465265576
0.9145989489250139,1.3320863782748682
1.025730695013129,1.2440781316820462
1.3463450867948732,0.9359468046466197
0.9147683368784228,0.9325455902632004
0.6399302102237825,1.0037495248764616
0.9374692739320898,0.7643202686950661
0.9665144470458187,1.1325756920817893
0.811284837508767,1.0612010278831614
0.8898818183988967,0.6419239636294214
1.1645191034924998,0.7289429811844733
0.6115538510352161,0.6954717085823323
1.3139429415256447,1.3793334813171638
0.8745481598980059,1.0962991087500207
1.2946232517501786,1.2321959824201112
0.9009806918367192,1.0710622945653283
1.0709555207620585,1.333340119695817
0.6052620799929237,1.3644960050297374
0.6149798925067136,0.6141245585109477
0.936111497353828,0.7098514549110134
1.073046990154967,0.6995066851057128
0.739669825416713,0.9982865837681796
0.6780326636684636,1.1997682103224614
0.6318923764498963,0.710973624894429
1.299447495284972,0.8155344209903834
0.9249359449153836,1.2034319606931991
1.1757823566638699,0.9064125958273459
1.0607035583002609,1.3360229664373453
1.2999783583993794,1.3899329406870775
0.6568550942392969,1.226451015636425
0.8451001788113692,1.1691078385852738
0.6351841133281377,1.1167517665637048
1.2011657096309407,0.9505657032891599
0.8079001956517238,0.9614114260025981
0.9813623572718764,1.1204641145909386
1.3514809085448105,0.8284791448464022
0.7487084917203418,0.8469935897618324
0.6962071097030642,0.7454073252110712
0.7065950138724111,1.3312556792925947
1.0537176792207865,1.229429291889897
1.0334669925282465,0.672436188042713
0.7292511192953767,0.6399152797139221
0.6688698063386085,1.1886906750164172
0.7193082047448246,0.9412333556746095
0.628235138971226,0.9024863242976242
1.0595099359230418,0.9894835374284026
1.107690914450305,1.3880885293671927
1.0789980832570638,1.2924412916430204
0.7907046983830904,0.923789873574453
1.215479479006178,1.1187070883692432
0.8875798741492702,0.9787578422973002
0.6652186849956846,1.0998387259463214
1.3453515683830861,0.8650109440501348
1.2298595939966583,0.8639743789850551
0.7586962629013492,0.7723109794056833
0.9910178117433193,0.9743374416334033
1.2164058556393615,0.8499171998080225
1.041126436542774,0.6644315362338771
1.196302993126443,1.1334903108668146
0.789053148327428,0.6647779765675899
1.3546242180153691,1.2678925794169262
1.0289809002070323,1.0088853068555994
0.9986021642186724,1.1948607294624165
0.9777266403954661,1.132528280673479
0.878739886159588,0.9854134117063758
0.9175426763701124,0.8503853701885269
1.3244099172979424,0.7149216932510843
0.8903328748315474,1.3311064391958332
1.3361234210303041,0.9522775961589022
0.759813802552115,0.804410945259062
0.8622668505970563,1.1471748540786821
1.1500084328867,0.7074320613261394
0.8559171934087362,1.0048167260725638
0.7063065076045351,0.9381752728216677
0.9352392644281284,0.8719572726730851
1.236946379965202,0.9851382341264412
0.8351498872624066,0.6123908904715234
1.3939659023729303,0.8895679592460898
0.9493248443486911,1.0300443286191157
1.0080570941912321,0.7059458885824145
1.3543454226635774,1.3416989022090449
1.227699379918698,0.8296997031822169
0.7282126986298707,0.6590251064564676
1.3437086497081436,0.9502247435983509
0.9880997427072689,0.8581881122165194
0.7653210253232019,1.2652122541389301
0.6732281856764668,1.1035509870891886
0.9045398637269386,1.3771158411195148
0.7212610467577438,0.9990838802671895
0.7992770217595995,0.9730662322905421
0.7735940467848065,0.7565282142316212
1.1226949481959414,0.805898748159637
0.8527792755839135,0.7836920652711908
1.3115862257446196,1.0802468635175808
0.793070696797027,0.6565869419275103
0.7322798612433647,1.1205227506557303
0.6562457127869484,1.354975187797359
0.9229052721371703,0.9208898678377231
0.6549275048956096,1.2148595892156901
1.0931715064942498,1.3896584328999562
0.7125524117508529,0.6060551619465595
1.1912806465473875,0.8769935158697008
1.3710762093082014,1.2866544690778103
1.3293494416481393,1.0625318482094386
1.1549394158001625,0.9516961272737559
1.030649279549153,1.3027672477318768
0.9560807143884711,0.8669741849081317
1.3885525646748271,0.925794778178313
0.6854038685147238,0.8683204860642754
1.1844820297551095,0.652335239496129
1.3136329217986598,0.9083646711322564
1.3219912543944792,1.2632256020477706
1.3627449460343768,1.2369320306794536
0.8268650197673291,0.8741980763191308
1.06873903242595,1.0487234585029381
1.122410656394882,1.3662805824661215
1.219424920946075,0.8620633166771456
1.0005287524606183,0.9718223468614499
1.357763826739088,1.2282096666927207
1.1465333645161884,1.3592089807877976
0.7744929960200572,0.8453144246859515
1.0147282345768245,0.8470417014151405
0.9052945086387818,0.7472746641460504
0.9846731232124335,1.313122598561887
0.8091614199302237,0.6763234887512163
1.244963660342675,0.8357865491916863
1.143657143226302,0.8040377966923992
0.800341497372167,1.208430201597063
0.9536999169888405,0.9788819791781396
0.645941606591711,0.7184650906106209
0.8844625136322919,0.9991639034124946
1.1143912197382213,0.8180718791015029
1.2923128679343676,0.6727929638823025
0.750953290430868,0.7484828356827452
1.271151165066469,0.782176615479208
0.7715747233300376,0.8725312714482969
0.8274665239913002,1.0617683528089046
0.6822515750384256,0.78333808465625
0.8198405102306201,0.9333287481454744
1.0329323474625254,1.1583897089217867
0.8589312475796491,0.9853470221705873
0.6576073061509304,0.65944625935253
1.311131531219384,0.7166570165514508
0.9900232943489786,0.969653432007195
1.3656518897398606,0.6365309921967601
0.6409061476643905,1.332259018768485
0.849688079235426,0.9628873818176875
0.8128852892066897,1.231143657834961
0.7865006990696323,1.1440735806265807
1.3320493209899333,0.6223825369839856
1.3760242916479628,1.3483055082857778
0.9818125545407159,1.3060687028199691
0.7248441317547141,1.1345074797344346
1.0961906903901397,1.1537939171305547
0.7181381665059474,1.2278015063392158
1.131036071677478,0.726305685293688
1.2878734459359926,0.8518303999605349
1.326565838294162,1.2396370464509363
1.0892787690200294,1.21400465510773
1.2940320679167552,0.9703632016310232
1.29232541667967,0.6634752564997399
1.1719571858826594,0.9559816059204207
1.1461439804047173,0.8776639847263528
1.1484284192781264,0.6541521285217932
1.1010058030915841,1.0972886669143296
0.7718286575327217,1.023766643038256
1.0715785312417023,1.221281387926528
0.9654306259215498,0.9756210726017025
1.2847398197839364,1.3284058891162702
0.6125070468449718,1.122079393442899
1.0168473730508065,0.6134824664198291
1.2311855683046304,0.6392244936283286
0.8941142806251521,1.3309973316421115
1.1979181585232235,0.6261571337957481
0.7048971354128967,1.1063812552126275
0.64241009767799,1.2668624105568642
0.8625845668217065,0.8517455031563504
1.210014935368418,1.2620401049222734
0.9422534060428385,1.1341083477884761
1.2610058104452369,1.2973257109419911
0.7882780930024966,1.259830460094819
1.3834139530399505,1.314936617435948
0.8957654541175283,1.1074124363743718
1.2684793959193157,0.7497433937998035
0.9859749902308141,0.8093122261315472
1.1835573269382094,1.3678421997630774
1.0831568393086886,1.2092571251534474
0.8000609178869984,0.6868308291624028
0.7622374228950837,0.7042697888987592
1.3160447435430318,0.8418110118364541
1.2510282664247234,0.8351103487608034
0.6208704691338949,0.972151477245826
1.2458344675603366,0.6598044902889547
1.2900709755039848,1.1363223353995529
1.0951814057686877,0.7578065153747333
1.2799281070223039,1.221642802393688
0.7481005811904183,0.7376210637698375
0.8017331315056665,1.2665817690643308
1.0457197714797228,1.3920695242567678
1.0690608325757798,0.7723597504527938
0.8151417584476017,0.6556254829568019
0.8462305323095534,1.248789162517494
1.236221677774842,1.2630797701939667
1.007371463603836,0.710933487470928
0.8631893114695753,0.8085041371288915
0.9703784631489565,1.1858842197524742
1.0289446272553058,1.0124512762906894
0.7782843792000487,0.8241162893824953
0.81977961014995,1.0158220012431323
0.6586545191317779,1.231232126192503
0.7170292638621663,1.1320132147972184
0.9297808886004537,1.207511322685609
1.3517461349134905,0.6429831984710194
1.2083962110036577,0.8446154899248143
1.1110375938780752,0.9331140784713283
1.1305163244412113,0.7147360831393239
1.1110751580330183,0.6052368746447409
0.8997230203371218,0.6401941304330173
1.1726140077943215,1.3651638004734994
0.8294307722012979,1.386040701246412
1.017105761844185,1.3187168468209782
1.1226154418846352,0.8696549670302806
0.9644151568330485,0.8918274893191716
0.8121021974188587,1.2147320012105953
0.6216653683308092,1.1610277165880356
0.9336965422905857,0.9310417352870555
0.781428760677368,0.7201072304518006
0.767817625082461,1.3098286617191723
0.8703322501678499,1.2415026540525904
1.0517147737313814,1.1365886375780012
0.8568480913560395,1.1914896889142947
1.3260195853428243,1.2953160502855077
1.3865454840080407,1.351980516037532
1.0011839651481003,1.135977724057868
1.229247410452097,0.6886525481022603
1.2150102466562616,1.299300297692047
0.6822286724901104,1.2674235033212353
0.9255328590407306,1.2201095088084961
1.1956443603964124,0.976085111311858
0.7776804156177896,0.7558939522350923
1.0855610783354002,0.6423288097567329
0.9107571760913735,1.1768694059814417
0.9670603271301745,0.8238174821039556
1.076803378633155,1.3891079366568277
0.7084110718827683,0.93696148021023
1.2526269773323648,1.2805017683966096
1.1177982692383965,1.0992367114428425
0.6518775517555944,0.6077554193132528
0.6052983238457571,1.1767974148707512
1.1435053351389572,0.6475248963151522
0.9380904911333199,1.336268346932818
1.0918072445785865,0.6749316602083495
1.3678678106490594,1.0732467445431813
1.2811049235083278,1.1929178111859386
0.7409354650648023,0.9261943748154223
1.036725919764803,0.647047980716973
1.256055710105254,1.1771864692027112
0.8288236084130399,0.9899912882628565
0.7935643930060665,0.9042831660993553
0.7826714348103792,1.3273225219990863
0.893614194071879,0.6632511855015406
0.794673250434822,1.004656618763957
1.1484837341086687,0.6567937825261109
1.0512941059053895,0.9241846072592987
1.28025229685331,0.7661167864899278
0.7072427208919758,0.8664130287436115
1.1370002755653954,0.8260673923729922
1.2569710048767577,1.2484526006387053
1.2419989517473948,0.9145525772770932
0.6570800377741695,0.992458805128279
0.8133947586870884,1.1337650748511683
0.7713252001745958,1.111074327148509
1.1001060893470271,1.1295223438828352
0.9475631734497709,1.060430805660278
1.1246802997377472,1.0094111664733354
0.8757439919277559,0.829887367639796
0.9397249710761657,0.7937689560889872
1.1972052302015532,1.3982096910380863
1.1292861468370234,1.2873332586174309
0.8689735187793511,0.7400189703588671
1.109047224503396,0.9115490686772532
1.1356902231798673,0.6509551936378659
0.8817043678366483,0.717160950724819
0.8161259129844154,0.787779770764627
1.2276265016218082,1.358812486592361
0.6282492273401481,1.1042154138619535
0.8999180979137071,1.3922155576478916
1.1889550067881798,0.6876433864819484
0.7074775212484026,0.8508310689196129
1.0575814885112669,0.7740334938317169
0.8061681941736359,1.1392558830100485
1.2426399556108207,0.7957829436776322
0.6591466646714932,0.8079454440136593
0.6560518107778722,1.1877881242407513
0.8158694150222285,0.6807312727485387
1.1774321155995187,0.9184758017888623
1.3553028029531347,1.3824183736391347
1.1957617193622445,1.1076610101734594
1.367311352647181,1.3590259297597418
0.600722383777555,1.0390410536769246
1.218081445290212,1.2070325240986755
0.6050947691400792,0.8440455785283884
0.8461179859510497,0.643187995114064
0.7697609480774502,0.8907165267221882
0.9929432853275388,1.03743843723882
0.6772820019719716,1.0331677768550542
1.2009844799229055,0.640737647263688
1.3740421525503248,0.6659477324491635
1.3748274619554484,1.0103553225158317
0.8426439708354431,0.7562504439988555
1.0811061457597284,0.6340858633285408
0.6390198012535182,1.0914012350752
0.8230617564697466,1.2507918622216643
0.731946194865664,0.88372559644428
1.2272782054003566,0.7301228009192929
1.1256598258694175,0.6470347006024537
1.1995001046430365,1.2078737969620321
0.7928408659895589,0.7442454256061645
0.7614701168150806,1.2544631927148204
0.8355309161335086,0.7535563830532174
1.19986574585063,1.1422878170307493
1.3789251126089308,1.1213282775248192
1.1445616645539767,0.6462502642962965
0.7109463809266522,0.9619070914915088
0.6095322271414839,1.1803451161017355
0.7338182006450688,1.1128490298351243
0.9744739310464716,0.6197902466765776
0.9492329388695253,1.176299978806553
0.8834961676842608,1.3252318594402404
1.0448561037448933,0.6142567292209642
1.3382556448190548,0.7425771559246807
0.6376326079495733,1.365865699991598
0.6796026173029484,0.6648997924342664
1.3071946475958693,0.9201223514015742
0.675917320016757,0.6830121350146299
0.8447572046364924,0.8552809670352812
1.1147013392720488,1.059983513745534
0.9332546485846819,1.0312567989195807
0.8399583591400317,1.3701701915802058
1.0358602668591108,0.6832815921914916
1.3462149869128583,1.0752109552266438
0.7114604739142749,0.8453748089236419
0.8563216041885999,1.2874957026406184
0.9415484087230712,1.2897058914549748
1.1211885070182124,1.3384945823290324
0.9113732674841626,0.8745038675046221
1.2555742318948946,0.9762310211136838
1.1661331601849936,0.8140046218405584
0.6634303461004116,0.923058431957173
1.1272208179170868,1.1238883782483402
1.2925545065861654,0.7152410383882966
1.352405811226496,1.312659069030874
0.775707247419718,0.8841120052596396
0.7929710293838828,1.3105490322061821
1.1368203888163482,0.7515723478796789
1.0633076181265428,1.3415440955891995
1.185064864468612,0.6681193783992203
0.6529043068409474,0.7196272227463005
1.0989873005219581,1.2049404700930413
0.9362539840289694,1.2558247155160007
0.8840950034720425,1.1545794947500494
0.8942504053224092,1.1087047633814455
0.8323340880294063,0.9020484014837824
1.1591115471118316,1.0739496998428708
1.227973200481527,0.8783805927978781
1.3551506286014534,0.7278995610818294
1.3749946767698498,0.6444633365696053
1.04111687404176,1.002948793302418
0.9835996548640185,1.2018622591074253
1.3434193871699178,0.7861743016080402
0.9510094183531121,0.726697610831006
0.8331350586931924,1.0218735409646231
1.2877880819611023,1.307543911672713
1.2215461713172928,0.6159793577497127
1.1216916754281692,1.3835847251805369
1.1830354459379016,0.9279084430944955
0.9755235902040744,1.0871942274405892
1.0919940232252432,1.0063438359240349
0.8477148314596425,0.6111021535710796
1.3580258287232287,1.142519525746072
0.7412979893630394,1.2309836153615061
0.8774729027410988,1.3948382152759269
0.6140877544651383,1.1940755021295666
1.3728398265785162,1.2564669698888287
0.9436469535818821,0.6896422683980923
1.1696205742234533,0.8492786431031628
1.1058948245309383,0.9106425878842445
1.0505775420906927,0.7581504673775461
1.013990592311218,1.3728026916376255
1.0894508729895924,0.9319169221885781
0.6552562390046475,0.7551131089913466
0.6161541093586407,0.9476355819220269
0.7941709227771729,0.8306372734461954
0.9947566914126262,1.2662138371084688
0.7006121469963719,1.3635213006006
1.1403212708197212,1.0401442027015184
1.146913278748955,0.6430819616214161
1.06215850012978,0.696608661006571
1.0556935948387254,1.2791392122205303
1.1454504926853675,0.7182345713949593
1.303204470040526,0.9501216815613429
1.1122257092292953,1.0706728586156726
1.0804749053615788,0.8065974851054796
0.9370090222477089,1.0536287069065458
1.0258238478592512,0.7919982546166396
1.3315511310373682,0.6288684066871689
0.7789033477881037,1.2062039417186845
0.7624194286812871,1.1846977475269016
0.7532092992017747,0.7629381482252429
1.0300190357951287,0.8767717476686637
1.3490635456701916,1.1776116399943297
1.1721187337207968,1.1782160451106667
0.7681646985641264,1.3647584825087238
1.043364484356247,1.1343708820617229
1.075678931067786,0.6099051812758098
1.235996142259635,0.9976422669189002
0.636902858252069,0.7664636125366289
0.7244632298448646,0.6562047267631349
1.014036262645416,0.8113144989900124
1.3719019621036432,0.7092102180639853
1.3055935898882653,1.1689556800200942
0.6257580964826345,1.0511400425792776
1.2965666596924939,1.3195919466823893
0.8221659864387464,1.097049624762343
0.9756654537536105,0.6183349046864032
0.6671975362904459,0.7675072926014497
1.1286618233243009,0.9566362672652141
0.752140379163978,1.1996572659390763
0.6259219829089518,0.8966654390133771
0.7785083131429875,0.9052128254912896
0.7530662494110194,1.2476991494790246
0.8608977890555181,0.7137807965977725
1.3918484976348278,0.6639144907230521
1.2409268517120091,1.2285848839184834
1.0422106233015285,0.8913613346142792
0.9174929396050102,0.9134298223688646
1.04327966669024,1.3535958788017726
1.3005657638951698,0.9096728374833734
0.8978708700747827,1.136088934026445
1.3925739198367166,1.0063018012063527
0.6292461270434797,1.2764815435988175
0.676057937336966,1.1323337772267568
1.2635840410377468,0.9444556866630862
0.6664699352299244,1.2302195650248773
1.381863467454942,0.8475288717823763
0.9559295719673608,1.139477912504188
0.6220092342936335,1.3085719886443088
0.6861320733331905,1.3837552242535742
0.9105417715874848,0.6417255447809076
1.2880832711303236,0.7736448010950985
0.7717322988575647,1.0520480282068896
0.9905643637333452,0.6505064613894118
0.6074737727973439,1.388324165666099
0.6863372018453062,0.703772959638485
1.3237743349002067,0.7436818553645529
1.2595163644290999,1.2926125416548846
0.829142382078995,0.9497819677734409
1.3682802592122003,0.7079336577964404
1.2722988337899848,1.2409444810899377
0.9908663914803542,1.1810189502706154
0.971803194378355,1.0988755981142153
1.3647562112732838,1.3928658146580153
0.8049324388182706,1.000815694074638
1.251598387959852,0.6464578836834044
1.3469625160378915,0.9954452883745746
0.7820774980177397,1.328890106228732
1.1063362846433198,1.3680232839758535
1.2153773803895167,0.8344020323871912
0.955650632717272,1.3711614925673985
1.0796255744889145,0.8035324374476018
1.1291656630248907,0.9170560024790569
0.8200186398193487,1.0626207732608426
0.9236544484564051,1.294696772410721
0.9844581663626608,1.3017161520999116
0.9064102572117276,1.0183052755762285
1.256526430694381,0.9159699075445801
1.3439437538005077,1.0069643607012806
0.6190875615322826,1.084027885676268
1.1230476223537664,0.7035929812955972
0.8420164440381375,0.9549707943575625
0.6922617682274836,0.9913481172945472
0.7962258088742237,0.977075517566868
1.2796004123528895,0.7836757979423465
1.3565378602935678,0.6655983461135907
1.166351631770336,1.3781655808422062
0.6054652362438447,1.35970813639189
0.6885376848542997,0.9699637745630016
0.9291932007179158,0.7433879285294968
0.8089478313683551,0.9103392775059858
0.9062180471405867,1.109226873785078
0.8565607118388856,1.087565500017745
0.6165120832234039,1.1966839558336275
0.6470703191443302,1.0773156213623354
0.9753592127345816,1.34858594129475
0.8825295806375741,0.6246846620659099
1.368438140666329,0.9917642037219464
1.1506986041515295,1.1333430775182975
0.7908081401638981,1.0727768769547295
0.9367368601908561,1.2290444389730648
0.7709813859789341,0.9552887612701711
1.3099798626799697,1.1874406451503114
1.2041364514110113,1.3875847155774843
0.8789907901293925,0.8128754872195925
1.167103692702515,0.8878042276821939
0.6178033756161099,1.1750386935709065
1.310319512424976,1.2521464760718195
0.9163234515465067,0.7601992556555817
1.3795440849812655,0.8926157835812183
0.8063904791195984,1.0901974499660165
0.6960675587487851,1.3525211944875906
0.9051867798693494,1.2335909076179883
0.9129637149966001,0.8097597625357185
1.0192754666637995,0.6088344726414732
1.2354916266829656,0.9581579965768829
1.152676700245113,1.0607025471958722
0.9256771656201099,0.6218314897176755
1.2959713930499435,0.808773737515319
0.621703950300176,0.6358211712515522
0.615724026024996,0.6845057412383746
0.6083413460151962,0.8574004151063896
1.143865268012019,0.9633719665093987
0.8748350171613425,0.6404264500695663
1.3768800513369142,1.2928459442283047
0.8190051045392659,1.197462784154856
0.9261777416195696,0.9651862019619781
0.6246319185190994,0.8127749843332319
0.6662001832920106,1.0852882487439643
0.9232202906180985,0.9436777735248392
0.7268131725663911,0.6452462655451601
1.1343691094226755,1.3714813266198937
1.2049924606787097,0.6688300544382191
0.620485860857688,1.211414731066994
1.0326667973925294,0.9305367286891695
0.9973429846063626,0.6093358193087031
1.058099240919401,1.1079246569919925
0.8460693515210964,1.2133277418252497
1.2308353100856677,1.0369429962633254
0.946148829505393,0.9001052170592465
1.1137527831279996,1.2709778600623265
0.9815424155075703,1.286140657861685
1.0481605079662841,0.838876931393271
1.061253972237327,0.8936881843922271
1.250487131154144,1.3940461205555204
0.8730809364277572,0.7508109249194463
0.932407440754413,1.2106007552198257
1.0193147781626688,0.6888573517004304
0.9935727624272481,0.6804974169220306
1.3821604762276785,0.8542634737520055
0.7017726996966385,0.6185755894041776
0.9272161365794245,0.9980384338611156
0.9731519353039637,0.8971080336179761
0.6488553429724235,1.219338646212568
1.3812604685164336,1.0578698937443607
0.7306187359803844,0.7519653097301967
1.3350294206518678,0.6544112694636399
0.9962122621502572,0.917588597449131
1.3194725829249003,1.1356496352433316
1.2147391756206067,1.123133673228962
1.3868437344820501,0.9800166650097779
0.8874960011427917,0.7241862985174721
0.7027778986924001,0.9539021487265066
1.1847182476488887,0.8703679051519511
1.1810055281785132,1.34946393230137
0.6477360947000266,0.6274392649928839
0.824706873980079,0.6810554646350044
0.8202271659205517,0.6445044282016825
0.9020884908433495,1.0866847003636633
1.1203135991239122,1.222191083982215
0.7578490275711013,0.7395607318010654
1.2587184221407863,1.0788734484686067
0.6049311999807883,0.6305029459027433
1.3506197663416097,0.9289346089882453
1.2624649757006943,0.8755531695273818
1.3217088253084561,1.0750853790160795
0.7333323408029512,0.6345296243360063
1.2863230693145238,0.6397160111140747
1.2670720047500468,0.7728776751209453
1.2220971023989353,1.1437408471222015
1.3811165993402998,0.9901293757580163
0.7804500026950214,0.7530796782369082
1.1422267070826242,0.9040573459591337
1.1245808233321726,1.0644196859551283
1.172904369027357,1.2760571107731857
1.0349560391167398,1.1160947260358483
0.6480068490369566,0.6855727987806668
1.159582783141026,0.6467714036195102
1.197535334503372,0.7878423446077814
1.3137069869592453,1.3953871200943138
0.793519991964205,1.3275707414254307
1.2250705897119705,0.8426983468883013
0.6483006531722786,0.7949184897419753
0.779954774101541,1.2741041561355853
1.0940907686704573,1.0784839208286352
1.0027464411865674,1.2684465810079966
0.7422941297796626,1.0328576531146816
1.3294362116007556,1.2961563587737146
0.7855815163238336,0.6745786073109126
1.3138956197619516,1.2799823272324118
1.2992581028899155,0.8957184233517366
1.1335732416236972,1.1499548119579421
1.169508771872835,0.670070176727119
0.9091909068665662,1.2090943702026733
1.12381985934723,0.9939343120501893
1.0299816294231314,0.8225969613866214
1.2086886269817196,0.7968170629822471
0.9959860202003763,1.324653689382914
1.0858452997888932,0.8634878235774089
1.0452634957683666,1.1738713571092667
1.2488108605145947,0.8010641142218785
0.9304700890436994,0.8943636159222847
1.2148696431673516,1.3392052620265016
0.9377897847702295,0.8703195107122542
1.3114330363127118,1.3064893654117236
1.341453897381665,1.0895989911110684
1.2541584914236128,1.0077021382329832
1.3726285012419344,1.1221301167483526
1.0771647424845336,0.8817793826439234
0.6722382355587662,1.2383481356039598
0.9084244377437156,0.6095871017425876
0.9707478344165561,0.8473327260667307
0.6747631526207187,0.9516666550387154
0.8373625906194341,1.1031054561682057
1.022217707138589,1.2798027182772982
1.1634522643608558,1.370483116237147
1.3920381130405208,0.827086782526508
0.8455671781153843,1.2775545980928542
0.6570354140992595,1.3971305856218788
1.3416413821662416,1.1447686245368813
0.8103305586304586,0.6514842040379634
0.6100259324845604,0.6793953795335521
1.3562115820533134,0.6756498801902022
1.0001250107470132,1.1303526810555287
0.9906813575720212,1.3617147825207583
1.1797086256815144,0.9179698624788025
0.7304250065999397,1.3068272724144727
1.329765540723964,0.6385026230630654
0.7549655215316928,0.9954365361656149
0.9794652364775447,0.9706227310387864
0.6075250822164922,1.3330966624044116
0.9158785213319511,1.071570037943207
0.8038919997759473,1.1377878849275662
0.7336344742215478,0.9255945924708394
0.6179245732218326,0.7844013753527224
1.1877342051565978,1.1624037230617796
1.0876173598460648,1.167390664141971
1.1424504327904268,0.6194155302209179
1.2463314529155909,0.7630994034905125
0.6462748459594403,1.0190609811583193
0.8522260658665424,0.8723141938418183
1.1881401570686168,0.6413171522453077
0.961009043139388,1.1384064657339956
0.6355160031686754,1.2291356862401726
0.902326920417715,0.6895884910661358
0.9171679486018236,0.8918776061851574
1.3216271216567104,0.7370571194571306
0.8027474991696442,1.2941616346528453
1.0772370761467362,1.080400698165209
0.9990183782815809,0.7584641866997097
0.7639965615808421,1.216308936075543
0.9439218480873852,1.1627773910461434
0.9903062096806083,1.3522315309178423
0.633730381230459,0.7017912301866768
1.3423408184098227,1.1574434193396708
0.9724476105753035,1.3560040044127302
1.385883737539804,0.631062147908086
1.1394081509952103,1.39094375738
0.7863544364435112,0.9700879814625707
0.8717010395132491,0.8270331095791069
1.1130647414801351,0.7761592164152414
1.1858590687370056,1.286774915264141
0.934449106158022,1.3170062925831267
0.9330315453002296,0.7202467987504841
1.1607910807437478,1.3051778049866707
1.2517092019073948,0.9499509131857894
1.2040219571645205,1.258664000968071
0.6294167028227067,1.1715840630946663
1.095100128779721,1.0061919782246938
1.2802011454879632,0.656896083347877
0.822285425658263,0.6409271090649004
1.2806125306756795,1.1856232151420523
0.8391286427680971,0.8710366872006651
0.8661759531400982,0.7620403335745083
1.1148027105344975,0.7017075930736781
0.8488629240511062,1.1294592270059312
1.034772528441485,0.8477134388249105
1.2614915677319183,1.3117514464091213
0.9637632522521818,1.2766892619745
1.2501484912809353,0.6908747465899814
1.3363076073286888,1.0549988298352333
0.72317455434082,0.9483205927211635
0.7876769382292543,0.8706030886581178
0.8922380658177644,0.6458269417218312
0.8512717625089719,1.1055104463784304
1.139478937799515,0.6126730119396567
1.1899536805602797,0.842574668082805
1.3925519835447555,1.0105016635936044
0.9747478646285477,1.1697261240896446
1.2690452767487344,1.25605891183764
0.7958491365321086,0.6443828451675612
0.8478397815381422,0.9684439942474425
0.7320462149630315,0.834529664866582
0.9741657315184272,0.8111300304277049
1.336788559781372,0.6539222416323618
1.1969581681476824,0.7925872580893178
0.9143125793941157,1.1994608567969776
0.8341704391636495,0.7721877320495252
0.6051874281536151,1.332638138527851
0.6595430574236288,0.8289264716210987
0.7880965493860966,1.280098438714624
0.6936168987183376,1.1575482870549734
1.1516404018182582,0.7354253600172429
1.2566244057429161,0.8779624307019314
1.1856267442028763,0.7944103822784983
1.1987098281193531,1.2353613815486781
1.2282886450558141,1.102822695042831
0.8813600135772383,1.19765160449648
0.7662608619287927,0.7474698555446136
0.6155554504596042,1.0786310492257596
0.7984224868015032,1.3010206693517339
0.9519386248398365,1.1684954063636186
0.9852623286307978,0.9300687572983466
0.8264297791795052,1.295364246423914
1.045984356282474,1.167931612315523
0.7214023567905229,0.6717745327469093
1.02502230958538,0.8476548069874932
0.958438824170653,1.0567296887998812
0.617452383746022,0.835528471577801
0.8907436112452769,0.7140985094407131
0.8371513281141821,0.8125604821147602
0.801421930823235,0.8236047599745544
0.7226498109937523,0.8915659929427479
1.2457545186775574,0.9032893578528891
1.1749305765552598,1.3889885337867343
1.0899292578085569,1.1773480489118566
1.0059390113797018,0.9934086284762889
0.865729158379098,0.6915165217992125
0.6447477763012246,1.015530463897812
0.9235420448434304,1.2899289033682253
1.032991292301095,0.7502834961089988
0.861253749478077,1.203747558756548
1.371178785200328,0.9831767215187874
0.7562831440211135,0.8515344048599145
0.6778259084281112,1.1745592886522376
0.6978124407208415,0.8080782960106303
1.175968835624757,1.2665256291612839
0.8893333725790441,0.9826711248946332
0.9040098588127146,1.2432907629777317
0.7466349286995821,0.861176471031456
1.2677596287415223,0.6027791075184008
1.0565384014203716,0.8880444782313792
0.7817557823137613,1.2974343377797346
1.1189538489881508,1.3660797430117977
1.248381304705906,1.2451644810058964
1.354193740011264,0.6746595491000791
1.1315238945798882,0.7344926726362375
1.1264795652052708,1.2334240176065596
1.2260047938413248,0.6824122739397438
0.8786929370610276,1.2493103998277717
0.8736879847132045,1.389153829925327
0.669112273924964,1.2729678176842054
1.0883766204872576,0.9785833538021227
1.0437445682964646,0.9099629691089842
1.0978005348039006,1.064614716428212
1.0006166869654003,0.9829039912887165
1.149648845803505,1.0288367501252
1.3640518706370006,1.1301727254484732
0.758978747142279,1.39558491735851
1.0130147582379843,1.3602367541864713
0.9369060348959932,0.8811858334456779
1.1144732712640995,0.6914085359039572
0.7874483639486405,0.718490924137585
0.9390541285821328,0.9378340757223544
1.1044562665316557,1.2388116613805475
0.9375599016013287,1.2733527958837336
1.3395836110567505,1.1265342631469828
0.7408514647279999,1.0220640086091786
0.6170738405988792,1.2155344234710417
1.1871252022575036,0.9869939801901351
0.7115867970479426,0.8088929598120228
1.0267038578577605,0.7767209222677336
1.1416562078484567,0.8514232031287259
1.277321094758721,1.2253204386023726
0.6574657857266686,0.7863613453753454
0.9807388963812564,0.663150905387616
1.3323794269077927,0.8030413660787463
0.844167290950204,0.7085866413549952
1.2109725628364023,1.1189619709392291
1.0004143925785325,1.1911633412771119
1.019438606424281,1.3961455688229754
1.0204287395704446,1.270311554484164
1.200911671998035,1.337342551209688
1.0828425676522926,0.8605616347094118
1.0632050695344046,0.8076183904114252
1.0003594003562974,0.8052273092927708
0.6290084967082644,1.1158111904234658
1.3853644522529398,0.6131223990139568
1.3650745178909374,1.1403064364269229
0.7279334908721398,1.3395373942118758
0.7183857873023631,0.702142284342406
0.6666020760869446,0.8552050575421171
0.9154973842166763,0.8804468453503191
1.0249586934702102,0.8153704190334412
1.2208976454281562,0.8923437698144673
0.613797813682105,0.9912366336967373
0.6058651742304638,1.0564788961983478
0.8556930325924479,0.9240167351056607
0.7397649825028811,1.3183645704656002
0.642175948854589,1.3764401088515328
0.9254157645926979,0.6371703972219049
0.6382156418389198,0.6919663644318897
1.0002015764640146,0.9674199157573045
0.8273524062376304,0.8738008801770765
0.770225052577673,1.2109190707956634
1.3035859939921166,1.198788409202953
1.0290960619898057,1.0126734678184692
0.8590608917526341,0.811400315976045
0.7427043692667165,0.9831077247229045
1.1090125944482598,1.1305248682136644
1.1016491862298843,1.163824442881022
1.0083749641864586,0.9326662604545609
0.6779127510110742,1.3773843019042766
0.7106119968547435,0.7119623274408886
0.9629663965442585,1.0791895742282527
1.3265119424336276,1.312748607231452
1.1340450445661547,1.1130758291677347
1.076193161121115,1.3390410198592417
1.1441133709966476,1.2205295059335635
1.1210504159465022,0.6901516522440209
0.9909161358470263,1.2080544002260454
0.8680274186271406,1.372136771030749
0.775667093972609,0.7561052645016278
1.1821425802166905,0.7660461735735695
1.1897258569706235,0.9710262015905906
1.2789460581909973,1.1791285034947507
1.2583140788269378,0.6526426788376914
1.159733794704163,1.270826941317559
0.8279057348321226,0.9518827528512466
1.1914942640299468,0.9241272584493914
0.6836410590366087,0.7495225438026157
0.6301864160028834,1.196927353429674
0.9313621880558025,1.3366705554394094
1.3151538936209268,1.1471109278905618
1.2571432865255456,0.7746718066192355
0.9518172156753768,1.0674376719030612
1.2119682967558951,1.0019430645303373
0.7478490117408816,0.8751092934942012
1.0584759947116482,1.2617127014419105
0.9686340737960168,1.1992021053498765
0.9004265372300373,0.6421606365622158
0.9894396669097218,0.6250794396106399
0.7972351255922706,0.815107606257308
1.2262521336468313,0.7522711878046366
0.9526233139771412,0.9508940100073169
0.9164928903312294,1.1708875936660486
0.9034141831236404,0.9143499176236904
1.1687555383575465,0.620829882312397
0.9498737791506202,0.7215336557248598
0.6638347398714946,1.0245933595007215
0.7334829352599431,1.3803621253664569
1.0884293170420516,1.0657754052102693
1.305196467925478,0.9407851094080886
0.7921837955867759,1.152425296669306
0.8732081032382875,1.04783150904903
0.7123565690893309,0.9420438442120467
0.7564278215909711,0.9500357128663882
0.7736719449320691,1.1963071605490816
0.7301151684399936,1.2118683313279441
0.6757712605612004,1.0277345476134474
1.258957578157871,1.2941287380884179
1.0815664037313173,1.2481311683774328
0.9424269910647999,0.9176459582481677
1.1805365574405229,0.9574173781648975
1.3220619340000646,1.2511865442510977
0.9581351399984226,1.1912603595764588
1.364471527844346,1.2316843179070665
1.3691210187862313,0.6251835004656564
1.030427606057557,0.8920490318045259
1.098345638622678,0.8604673006116376
1.228217560177578,1.2808131974795414
0.623200283655127,1.3033971830581819
0.7978168603167595,0.9974811066223348
0.9554574230599243,0.8152688250710979
0.6249799623791378,0.6427387816589996
0.6189796972278231,1.0249657882975793
1.1314569093488833,0.8269233771118953
0.7133331497041393,0.8473856296637058
0.8824448120676084,0.8818654596061306
1.3331616553358567,0.7170440002030739
1.0923675968663953,1.393504965608947
1.3879651367267307,1.2157341467190563
1.2078830083205103,1.105973323175756
1.3497509851912959,1.3269783295995798
1.1878635933416186,0.931280010639468
0.6009621228775747,0.8243484718173606
0.7361212404585717,0.9180426756926956
1.1162421880714666,0.9678846261081582
0.9861350513027785,0.9972352649804923
0.7953230086894564,1.3548368463312848
1.1128631042168569,1.3189782947908175
1.3942628871466072,1.3254673323489976
0.8389654235824051,0.6993816447660534
1.0742382018902572,1.156997268530577
0.9778434785605998,0.7491558920649852
1.3167717317756558,0.844160915573709
1.3512051413002308,1.0691347191288656
0.754725100792969,1.273072702732922
0.9920200065835261,0.7101816559955693
1.180057424762381,0.6768513892967007
1.2522830634354665,1.1964262509852914
1.334721295301498,0.6653435543329633
0.6043149323670169,0.6362097309955806
0.7716678293681625,0.6957965827460927
1.0638026284372206,1.0958636162624806
1.1279594390840009,0.6039698219739975
0.7801187385051147,1.3731461108023766
1.2770018813132666,1.1704088303078883
0.7359565590847426,0.9178375340648843
0.8921565361576009,1.1009361679208851
1.342962225466739,1.1617551964503678
0.6350278669077881,1.351657036049291
1.2376582121663506,0.6147604388760313
0.609661000864006,1.0641109105608635
0.9749619365464268,0.7183379587115108
1.072067270153296,1.0552821154244554
0.8688587261295448,0.9813463893092207
1.155142382459581,1.232064677388255
0.660593059805664,1.305023299609077
0.9421715878670622,1.332757586150007
0.6027502827501766,0.7005295083496541
0.7719007668680141,1.1414527827006662
1.1584099799844316,1.3636025897932855
0.9855689585278135,0.669776188533888
0.8552130810891614,1.1833623026284446
1.150312878861643,0.7623454848905052
0.9535062601637915,0.8176764283130041
1.380832820689953,0.7020710883628544
0.6312722244436586,0.8110686507627987
1.3695261581654372,1.399915804706268
0.707304757431725,1.0212827109883793
0.8485060901444296,0.6067890853681963
0.7627877706708736,1.3826166415150336
1.0152426196452742,0.817806761131201
1.2851891333444496,0.668663140910357
0.800516159337804,0.6035787961754161
1.2882995803763397,1.3939140310775988
0.9509309514167639,0.7880040766163533
1.0462942718269836,0.9168018644384195
0.8370359030483376,0.7861202152167596
1.1107538295198784,0.6922679954812888
0.893328270958183,1.1481283965314186
1.3296866873026738,1.3390375726734327
1.0213750581470462,0.9911480369484797
0.7058669411497571,1.3625144885856182
1.2129528242031151,0.9417005807929594
1.2222538897246211,1.3621248949386702
1.2090827592464604,1.3833779317892596
0.6709953383826883,0.7460060226685163
1.3969425909885866,1.38411172619536
0.6648364275693492,1.2616785174705678
0.8224771374619786,1.1123983582534485
1.1198694336123287,1.0016556299674622
1.3370919699668982,0.7391655734242044
1.1000015769592157,1.1995961118244831
0.925057156651323,0.7385134711268516
0.6650957998742096,0.6857647713038033
1.0282624777545184,0.7696610111309523
1.3377264986865556,1.354886187717501
1.2446388945124376,0.6149013647430206
1.2840189203948091,1.2643021409224464
1.3482573566228326,0.6286177647849791
1.1979395639711146,1.2341291099684581
0.7528404389644874,0.6078332949290488
1.3162774748876553,0.6828460293851439
1.3699175633224687,1.0044606006670274
1.212671938953164,0.6248769526965516
0.8330850487112691,0.6998045025568469
1.0532260905779764,0.9586275507219506
0.6294401353022575,0.7641162749625678
1.377621653511609,1.1072256214600196
1.0431067400233816,0.6422694405474363
0.8882099334071364,0.6145740974554019
1.0969193183686916,0.612302140124033
0.6726439235400621,0.8220582822064237
1.0297996758620456,0.6303728878760679
1.062636728298487,0.9131101119379953
0.6400497805568779,0.7219708087555825
1.3673681043417572,0.7793568882020842
1.2372526788847962,0.9943183015788841
1.2972652737724844,0.7368448173210304
1.1602258274178376,1.1671729056511184
1.1120290398409813,1.1040753929001061
1.0487045929442598,1.3625880875430516
1.1173464497105177,1.2725875208350932
0.8925001072902697,0.7669527792778894
0.8699751799798702,0.6313001141646913
0.8506954929002534,1.3611181553985379
1.3310780399534317,1.3675038667194803
1.2640828004223614,1.3962028091816268
0.6670775592480788,1.3964750937207315
1.0129164467336595,1.3800309113552887
1.3125469949755633,0.8721131428226658
0.6188095909291158,1.224967640962722
1.0281022279037546,1.0492448111015968
1.0493630096969582,1.2884173110213544
0.6949536929947602,1.1137979496657842
0.6122814060672829,1.2678029634770576
0.8911894428298923,0.8513354037214568
1.0981293551741103,0.8398746632798164
0.820728315921548,0.7415863199919671
0.6201658034491594,0.8675592430449247
1.01890532781738,0.6176260386917883
0.964859935548638,0.6789338975465303
0.7998969115879071,0.6530566329822874
1.3309079421007286,0.9140858937953351
1.3897871432861444,0.9232760902154983
0.837697671620035,1.380088006999669
0.7087099293556042,1.1310952407058101
0.6902613958180123,0.6344724749552886
1.1187379589706783,0.6781683184956095
0.9070093073944208,1.1979559979102545
0.7699419792589758,1.1744061487790503
0.9996487075685547,1.2655445455161356
1.232840055984694,0.7001863904014125
0.7822155966214137,0.6287395713675419
0.6790993815211812,0.623112591840058
0.8862502705425641,1.2427970349423216
1.0125172556290434,1.0982630057655447
1.2202343056441842,1.0759434083953217
0.6740247146307161,0.8806578263118616
1.1043214882657693,0.8482166969230924
1.2636098436242573,1.354520077987199
0.7655985054765477,1.358574087776854
1.2349793882295357,1.1468980019092054
0.866987547981925,1.0014381445441525
0.7887048148749535,0.9043987769633641
1.1437222647047156,0.8842558068412308
1.3683760376981629,0.652824802189742
1.1062451542023624,1.384898068752525
0.8595919749635796,0.6393235804418715
1.246138742219439,1.3833108246660333
0.7008120688861357,0.6455527934284591
1.0277829452523497,0.9562390285697635
0.8935171431858501,1.0994501747303234
1.3680477050717401,0.9469815471622749
0.8190643127445814,0.9617023960704598
1.2240557052292755,0.8430639900585694
1.2663165938342418,1.3160826405017287
1.0118159492399965,0.9301322192646186
0.69628191700344,0.9193354788632901
0.6612742138208675,1.1457102877381244
1.0490111860562985,1.002993953190978
1.2343130468796204,1.125060764989675
0.971683294580173,1.1489291506958503
1.141237074044435,1.1384985720248961
1.1283894538487695,0.8970094938244317
0.8363143076167188,1.095120087736714
0.940355988385525,0.9921103688038695
1.2519037252242127,0.8674253120872595
0.9705644738167059,1.162015647774663
1.1866863147575408,1.224040363865185
0.9100434775459134,0.6206596905001067
0.8838977247276361,1.35469217048372
1.1825802336857798,1.1685670004090882
0.8482453609562438,1.28428184719705
0.9960918604934543,1.3197860822812082
1.1094987584325673,1.0203376538912057
1.2678554101936306,0.7785892760756606
0.6513242687173438,0.8705071982865449
1.2266078460150887,1.336193516016423
1.3986488699576751,0.9225892777982377
0.961696166322295,1.2413610234978307
0.7278802058515793,1.1297168578532175
0.9377360570101452,0.9942182885889541
1.0384457075647875,0.996046420771378
0.7514198187869721,0.8324619899170798
1.0124604594348456,0.9101248701769393
0.6824939597696721,1.1065996405815346
0.8550296384617535,1.187306909042845
1.3201832095504766,1.1218268216525846
1.216779676594972,1.2634331348670473
1.3442224023162168,1.3807810341971578
0.7411397215308422,0.8763613072112247
0.8889057905117931,0.7595407054323098
0.8768823052983656,0.8300649476579054
1.3108679001199302,1.348358997895544
0.9437572420826257,1.1907629807569884
0.7206693062778485,0.9547935436915285
1.0662585862450806,1.2917136854181612
1.3357740651044003,1.0562286750298682
0.9187562776116112,0.646127465678053
0.7375780259370042,0.6467054057935078
1.2069099760133857,1.0911899977766133
1.3527023611642803,0.677794835217323
1.154824345841838,1.0282529257577482
1.2309204234043416,0.9622553975842594
0.935684331853703,1.3235417272794645
0.7007580503222355,1.0884822467102604
1.2668203973896865,0.8405391053852685
0.9293821206278957,0.7098223040751458
0.8193994688540683,1.0758088771304664
1.224134232041791,1.3348034408478944
0.7872400372625296,1.2194936971745793
1.0713953684427373,1.1838379696774548
0.6559635649902968,0.9691263418848222
0.9774183938866807,0.8478272434342234
0.920009401312526,0.731737649958491
0.8221455970313515,0.9362508217636525
1.273222065837951,1.0812335445209025
1.0810297954507566,1.2998187523711213
1.1774938165123303,0.8819875569324284
1.3998302616143596,1.0144525818413954
0.6214923181054168,1.0043168704233545
0.820532584308014,1.0160219095745897
0.6507355294062472,0.7122606661083986
0.6793991477630231,0.701121165511101
0.8914849016442232,1.3539566561147187
0.7310049320972598,0.7346075601073633
0.9702076184962047,0.7954847726558824
1.07558940206559,1.0646498483351106
0.9461860161053325,0.9534154949208096
0.661449714086669,1.3411676102781414
0.8502887169721561,1.3099209126227156
1.3048935647249165,0.6359471295116517
1.081334835497557,0.7160947163589692
1.1636792816080894,0.8257236512231887
0.7689607313169352,1.2850101298389778
1.016634469060726,0.6681910248343637
1.1967728726972169,1.0252897595119206
0.7633498896366792,0.7906843820705503
0.9177159362689296,0.6315700967375395
1.1837407217371723,1.2104430546214062
0.6581337825267443,1.2979874433886573
1.0852605867227503,1.3531876300703596
1.3507052713759653,0.8006509562839798
0.6847592215083315,1.3180905609752924
1.306794630546728,1.3591986812720023
1.2656430567589463,1.133964727568026
0.685716297233406,0.8319567828585559
0.6016644655401466,0.9747454633393525
1.3101602292884609,1.2650786619587986
0.7733637249576593,0.8772548338372184
1.3292043262012072,0.8677134943650379
0.6406440227706791,1.072154304743608
0.9435090245186917,0.6330243882836013
1.358719165202382,1.2764310643172865
0.6828631987731387,1.0485818694736786
0.728368411112629,1.257558367788423
0.8835236622487883,0.7214696569725502
1.2470138449728467,1.153103094323996
1.0443139852649401,1.1143049835583483
0.8627465053709577,0.9611013162465212
0.6877449415428222,1.1135446739787698
1.0577224897381032,1.245200729721142
1.3806742135336796,1.0108966702661282
1.262362913343181,0.6915293423107032
1.1727643765960045,1.028583146254475
1.2204073109144067,1.373023972590085
0.8929529189101658,1.2605592450495975
0.9060053890205924,1.114455206329147
0.8551479807921315,0.8001825655441572
0.8045917073253546,0.9839945513009567
0.8530812215762087,1.1078249458819704
1.2245507173625754,0.8973757159433617
1.0222789361069546,1.012549072903183
0.9822581942381962,0.9984750654983907
0.8025262346912209,0.6038149794677601
0.7507448782358708,0.7791407578386276
1.3116910241050226,0.6778733725097988
1.19152458541169,0.8972041463842965
0.8805167275675798,0.9337373296802236
1.3263082447827488,0.9128271166787917
1.0056825302572676,1.3062160727613408
0.678773638897508,0.8308129353838442
1.2001995833620271,1.219257643776215
0.7332705871581094,0.7653393106017278
0.6174174726620236,1.2055356689878245
0.7539246189424745,1.0999566923755533
1.2782634836031583,0.7135761862270866
0.6129304882365816,1.2824041239672386
1.2789628343301624,1.0934339086159897
1.3725582909950078,0.730952462149467
1.2315083233768243,1.089820886766618
0.8390605326353234,0.952323351724583
1.3428503115300954,1.0713696250987181
0.7890141711466312,0.7893240607028175
0.8572773619554694,1.3892985889692504
0.6558346934766756,0.6926172952382694
0.8692029890742153,1.3747493593019493
0.701635153743341,0.9609136227704043
1.3359341516128496,1.0596798000720868
1.2765222489134573,0.7807826537337303
1.3157775125130369,0.7829850565605545
1.0937686429334414,1.3667654422794857
0.7054275542710948,0.602030827227315
0.6746505727838197,0.7228431050512845
1.3690513466924203,1.1910267811465651
0.6882932272416002,0.9642588453251919
1.188827169317991,0.60107132129966
0.6489044964824103,0.8147890124011204
1.225439070469149,1.128612908036673
1.222511134932764,1.281398382725544
1.2122947868743292,0.8671069582316333
1.1241915757451482,1.1900384227921856
1.0435030222825532,0.713369526599262
0.7327604355570418,1.0855505146540891
1.3155300106684822,1.0903585582264275
1.2717702057762497,1.3459608753014198
1.031397967166461,1.1861624653864844
0.7690804586335754,0.7023928928375054
1.3653206341459354,1.2193929286994933
1.1952158259995485,1.2988991450470002
1.0343426637615274,1.2076331963116806
0.711848894948826,0.8985377786797708
0.9460530839308242,0.6265369656702926
0.7131392451391045,0.8210050561131708
1.2669105425850449,1.1719089256449005
1.0127050280814185,0.7943867831642357
1.2872268942281162,0.7895966373086271
1.3893912499460654,1.0690160263475346
0.8169544928061725,1.1098991676069678
0.931236857635317,0.8377302626042353
1.0934723554879353,1.197061917497597
0.7963775184192904,1.0399643395830798
0.9809201001168941,1.2874211611484914
0.6085947812200535,1.226096802991003
1.134757081990049,1.1788665657141766
0.9160168563160841,0.720367556078082
0.7661716738170482,1.057363606661211
0.6132056685879911,1.3760306587821751
0.9696578864421395,0.770764042915784
1.2395560528627438,1.3228751197362072
0.7029525074157731,0.6756821654275932
0.6139027695539432,1.272557437434099
0.8583074627160068,1.0309313132394264
0.8037350873505529,0.7496268176935788
1.22780314494017,1.1477717661903402
1.0045510423575614,0.7154311699552387
0.85011064347783,0.6760978428236573
1.1252835329729192,0.8871680654338939
1.3261456988028053,1.220938399599898
0.649339674834937,1.312313823855188
0.6250482234897338,1.1115023847838992
0.8516393295370687,0.9067121036400688
1.2714825345710228,1.0610630351882206
0.7711498441266771,1.210870917973283
0.9571247820105286,1.3262844312573767
0.69409405558415,1.365461009694734
1.3069369045345773,1.0692356093155537
0.7769294892712207,1.0968742335735462
0.7888679344006437,0.9859848689052162
0.9431413977912695,0.7799860840126627
1.3602730635134201,1.363514559812037
0.9926690354711325,1.2142174101740397
1.0083145869875216,0.8546208852113109
1.1116339025053232,0.9690783189322939
1.0723713050122232,0.8053007677865951
0.9453323866140435,0.8196955214515004
1.3644949623812834,0.9623201990272903
1.0267431366754576,0.8123467687116742
0.8466001681176252,0.7248883848923939
0.6950289688010889,0.8974535646611889
1.0689053300670233,0.9148038734950605
1.1676461484466538,0.7888846763331906
0.8995539367561552,1.1952298574087672
1.1113899763987658,0.8605249679549843
1.1754716243920913,0.9611334652215069
1.0166859350632649,0.7807145505849712
1.1462275625027192,1.29109320097058
1.3294946937152283,0.6338508764205747
0.7158220952319763,0.8154982914174832
1.2258190330627134,0.7820127714953292
1.0023473089268182,1.0345330726426345
1.3110635757830502,0.9612824902377943
0.7981765554176601,1.350877897400788
1.2698702905881118,0.7045017106657737
1.2877024444752592,1.3795601862444644
1.1972915545796647,1.3844797160634599
0.6187388163116001,0.6767084431339245
1.043813385313465,1.2840054647631296
1.1844457455693527,1.2303810503160042
0.9080107444665906,1.3466544630813513
0.893091810590844,0.9517925228714419
0.856771789724334,1.0705975409334763
0.7438593966430728,0.9914747424798498
1.3530772301301761,0.8766361127576618
1.023952867025093,0.7590571115126988
1.389108467165745,1.2932237898419225
1.2685620727890514,0.9884111639881118
1.2470838997328206,0.6679338130791042
0.6270768242587743,0.8198431470131207
1.2211864360533142,1.3818759786881598
1.3387856334380177,0.7742905237334815
1.1126129778747553,0.8183835770753322
1.004105240227315,1.38125291138886
0.8432529616180807,0.844094000248667
1.0145414353211812,1.1954388402813203
0.6540487704729796,1.1906055877920072
1.3060543546649368,1.0488319258554686
1.3250693385812713,0.6948501921263189
0.6099200457516902,1.1166150229258505
1.0177195436117916,0.948166693921318
0.8652934884605266,1.167487864809169
0.8827772730800226,1.2309523682166297
0.982632778831485,0.712949907602983
0.826385893873215,1.1600311588244572
1.2108687765877901,0.9786729610967495
0.8540365158933702,0.7513751605246977
0.6089010711240601,1.0348236994957247
1.375076402213911,1.2787521443394878
1.061976746970876,0.6474208199051446
1.2265538727311642,1.1713661575588539
0.6108388792370653,0.761598371793169
1.2329380276300754,1.3888068904804853
0.7107033104509985,1.3808311780394742
0.8776209290293783,1.2907586323678768
0.6905047187751063,1.2734218729942495
0.8232162170101023,0.863386359230683
0.9720176637739856,0.9244300300937703
1.1459787667705776,1.388216278743004
0.7054480912610934,1.0367888916720032
1.1100707651889863,0.6060862038660518
0.909712410757404,1.084200717694962
1.068803292116519,1.1467548702918786
1.1237278585652766,1.3025447321094463
0.8076869350426772,0.859321557377203
1.2415990095067273,1.2877160116363688
1.2353341140479017,0.6117011817530695
1.3496549645965372,1.0471349257979248
0.7449548025678876,0.6716205902925871
0.8047759553097219,0.8728516159871386
1.133414796955349,0.6789634064190355
0.9093614904235896,0.990405773345427
1.1767186417557727,1.2117710669860764
1.2889043485356042,0.8254730226623097
1.2298177339012608,0.8762280527174587
0.6722926583852743,0.6957425477496357
1.0231607531931544,0.8600087997233934
1.2834274450330887,1.2519787252821213
0.645818703624321,1.317680516911342
0.928172595580868,0.8130560011837349
1.0882803356217452,0.7470711819672483
0.8785676193710761,0.6130325968299393
1.1787061973468074,0.9345959520253344
0.7401329781439772,0.9975241414020647
1.2728946483620636,1.1280411290670624
1.1536131459745371,0.7594649569239951
1.2839813907961155,1.145548944951157
1.0264587051637957,0.8834837427479904
0.7798450613720221,0.8935194660952249
0.7088082071785399,0.8872656896758999
1.122320825619381,1.212597258475673
0.9568494915886749,0.9620878925584848
1.1898109890988522,1.1405377530948893
0.7760823700527155,1.1008029713492067
1.293391799506244,0.7539380466310737
0.711176442894023,0.9082004471300362
1.1454125566509177,1.0752892973916912
1.1470395013788304,1.2422063657450815
0.9301035401459574,1.2205820981107465
0.6791323618321927,1.3209801278643616
0.6242866007653192,1.2197238048075947
1.004802493853175,0.8314080914787142
1.3324589375428755,0.8096667124386431
1.0600056558873563,1.0689082479376575
0.881232987083814,0.775379384236051
0.7665721929128146,0.8462210412420039
1.0792410020695524,1.1687757218644519
1.3902715142983604,1.1219711561605115
1.0579857033056603,1.1577358999500973
1.0869078269233419,1.1978013075846212
1.0929818378232456,1.3475566909016115
1.3603557423792292,1.0987148935305022
1.1763409088426706,1.2394603270905047
0.7765945478356991,0.839783186889863
1.1207889549379426,1.1581793155349904
1.3991408704884054,1.160538748923948
0.6173244614658724,0.9289768266645464
1.3481493499406367,1.3995974354289598
0.8676582265529157,0.7018943060126324
1.0610188608628106,0.6097551916881241
1.3386730347793745,0.7261069247493603
1.0361311024406274,1.0472800530158484
0.9298725707700886,1.3666334722134772
1.039401230640237,0.866614093282757
1.1030453815821208,0.6128883399861819
0.7570638690390962,1.2961969897230132
1.2786643855839546,1.2404642273400084
0.6370655767654735,1.1462902968628756
1.1429832619625548,1.3080460904273226
1.3405567328474355,1.0456659125916126
1.1386485064526997,1.0020076461148832
1.3815609765436487,0.6829221476758102
0.6753185478263899,1.382368341488804
0.6176774967491975,0.9902779482387687
0.8951729512168771,1.3361281125986968
1.0410027701037248,1.176208110127662
0.8275234157055271,1.2895617782039903
1.1434142934333713,0.7025677673122632
1.3249703187390809,1.040409236897192
1.005010120867809,1.0260957985419479
1.1580298383094427,1.0915920760111961
1.2852795405648356,1.1116785114170649
1.0941679682712184,1.1275724253108674
1.3211170933887373,1.0478815857521342
0.7754442957145558,1.2210548748651124
0.8531327177954111,0.8731241444033998
1.2235992425030005,0.7561779719441669
0.9627366990474795,0.7287297230298053
0.7329882316071085,0.9089292106921032
0.6643199121866583,0.6570522654405972
1.2945503324013523,1.1293463896312117
1.1133697643014995,0.682540828112606
1.1240495726301556,1.2779518294774912
0.8615901195827473,0.8407759576591475
1.139175344498399,0.8873270390164344
1.3770680174588432,1.2330765294804613
0.9323065741635937,0.8888418605851813
0.9346033179163682,0.6483530238839212
0.6852220012799646,0.6410617919686824
0.7034958783970249,1.1714569007454108
0.6914672716785415,0.604032605112283
0.7459149335503801,0.8343313493613608
1.3221767056512814,1.313092855110045
1.1197671249013887,1.297442006714076
0.8001991566980732,1.011210182545043
1.0573584147233033,0.6599590108997646
1.3775268802772243,1.3871889298070799
1.1339108330430911,1.3544527624370963
0.9342336150503625,0.9925314276685603
1.045316494767434,0.929824311545429
0.7858435437354823,0.9885050758074203
0.816403523032581,0.774804866580644
0.7745792377755443,0.887619835867414
1.3709043681817077,1.3496862956986388
0.8715358917329364,0.7319482583881867
1.0788694676734554,0.9731608825991238
0.7484454224977937,0.633573333082208
0.8904229292438527,0.6713412870972603
0.7081221967830769,0.9401597804669131
0.7919076414242135,1.0309695176317384
0.9004870016718347,1.2912777059367557
1.0830205045394912,1.1645117425703946
1.0440699404314377,1.2323737374911976
0.9054239728042884,0.6625196153791673
1.3986158014326642,0.632186395865338
1.1196343122694494,1.3371938274193005
1.3197720149326464,0.8924593826262867
1.344302883855926,1.3633767607257297
0.889622874238418,0.8144927028175808
0.7818651346624956,1.393653102514203
1.3302935715519744,0.6372305784990363
0.7704727818692798,1.3618021484157532
0.9296743771072649,0.6490053347995477
1.128067667068076,0.8607490672739815
1.1784537796730539,1.1561932268737798
1.3626286767067393,0.7026608847390218
0.8292109788813705,0.8977935234970368
0.9230523822864449,1.1913287063835125
0.7424784128429857,1.222358764278476
0.97909195289158,0.9677056324478948
0.7360485008417923,1.2891151279700281
1.0356773732407,1.1971640383008175
0.623990648511464,0.945686162797801
0.669389987287182,0.7022562644606931
1.1539713172603552,1.3616028254884145
0.85049150821365,0.8992248407115191
1.3253098946476478,1.0022722972657732
0.6355913140740648,0.9797983812667241
1.2707641233785574,1.2714663039206715
0.8926096449356489,1.0448398177504428
1.0789302396837983,0.7071834502554115
0.8242526092301652,0.9579175557524502
0.6573945622931329,1.0746934504131853
0.7747067720448073,0.7497912738984187
1.1356118885230924,0.7263790310798852
0.9310205978628037,1.0092997030615045
0.656152672915617,1.1553436875386454
1.3891602564497056,0.6408159343874679
1.1396779137513735,0.9584696803486452
0.7552327093548655,1.0241538160700567
1.1017948792905816,0.9079120002168735
0.8953258141592444,1.1284449251471407
0.9587351820668975,1.0736888197632437
0.6207946607502395,1.2434011858663312
1.2236680372026973,1.0873439066514474
1.3816101819888478,0.8264297122912267
0.7414638091652221,0.6242683376608161
1.168254379472114,1.2612499240705808
0.8735436817742968,1.1004267659947233
1.191935632570372,0.9759283736502955
1.2453285410413053,0.7192468669794739
0.888453789897044,0.7320848282913591
0.8478901780969785,1.3618978574200975
1.3753030726826847,0.770617289122971
0.7201562231517024,0.9147125479617049
1.2711157208244512,0.7682818713098063
0.8372795426504438,1.0378377596734787
0.898893391584737,0.8026294188767288
0.8378052440196896,0.7428011139648135
0.6385881407042138,1.2611834646667832
0.6103102977502258,1.1642548455061288
0.6440552491532746,0.6991921385443575
1.293085293981469,0.9333655552036773
1.222009664316912,0.7658265335354697
1.288003804511536,1.372662032874516
1.1054052893154183,1.0792162832195786
0.9757899056632255,0.6169461931944171
1.3762239828051892,1.2154673565172873
1.3688055563707153,0.9575317711100879
1.3556729314514766,1.1526208985956887
0.9327945116991868,1.0408251534844601
0.9264307460808341,1.2559365235920854
1.2650226241459213,1.0031879043637157
1.0408872533579858,0.6100319280765032
0.6587668263700222,0.8328497707295334
0.8400691240576375,0.8688964997468698
0.6148271442084315,1.1450943617511657
0.9379083460869793,1.3365734234091076
1.383204869181586,1.372337400790798
0.6514157933914327,1.2903201295545745
0.8694827786747354,1.3547676517143519
0.6563332738231377,1.201626213297259
0.6630841012061504,0.7053521909516627
1.050202415921674,0.7350541671338804
0.818666184073738,0.6551550523340042
1.1833819228477012,1.03184531434441
1.3291578727711517,1.1710930327666413
1.1529623810341612,1.1840937320683278
1.2086082402228793,0.7901792561489981
1.0369866123789524,1.0702692345134452
0.842095198740607,1.3323256071896419
1.2474930113688352,1.3242505286430564
0.9740588534203316,1.3975188451685874
1.2035360245277487,1.2287009763687577
1.1462897473902744,0.8304184393144383
0.7481748959255302,1.3560973239234684
0.846854202790846,1.0771590590127706
0.7169424673253583,0.994462543628793
0.9062789752328106,1.3878482610732976
0.7143212993784886,0.8672064073691802
1.001571000283487,0.9668861915141278
1.0278466008133451,1.1322557658983947
1.3827063915431417,1.0156047144582696
0.6909713499723321,1.3416582875256413
1.1366854782568292,0.6931810975493018
0.9943294043182722,0.6361224334308712
0.6751405576067651,1.3352216168510485
1.3279197150585675,1.3447520196411533
0.7650826920101933,1.2342613520540842
0.6290809138447735,0.688600467319364
1.1790157624107502,1.1006466092824385
0.7083841007379321,0.8983795368676398
0.8908602875158436,0.7910206136318373
1.3168886720705655,0.7869077853356878
0.8607351932128329,0.6524325916547522
0.6708926380497657,0.6927761196162645
1.0065422232313168,1.1694183278666674
1.3937358980580863,0.6336056896517412
1.177883050516296,1.1931165652982816
0.9035131335133108,0.8107638791882794
1.1668692762858663,1.283374517979591
1.2679497713807604,0.9825946288351994
0.82800235858344,1.2116671448645011
0.9376168425985687,1.0138184583249916
1.2273830764083566,0.628079432222839
1.365364252565766,1.1596747792103073
0.7773369341723823,1.3120471407652996
1.1684629405636822,0.7942223357788416
1.286804076429236,1.2947589234183103
0.755992541384922,0.8631605653360074
0.6144583260679568,0.8417489810829044
1.275976207337102,1.399267687037936
1.2459885680000182,1.2450239491502804
1.2563304720546742,1.294986903446206
1.2381398984057959,0.6194795501708945
1.0524388049116817,1.0049260700864202
0.7759517362439448,0.6559033100031821
1.1571805637059425,0.779768124542683
1.0754779690504004,0.9601200688204299
0.6820720424828505,0.838234213674646
0.8638443249576514,1.3410386350490766
1.29009043883242,0.8185597507142897
0.941818922093181,0.632453642021472
1.1546944696525936,1.3015226126666934
0.6775932204726994,1.1510445183755482
1.374559515496657,0.7439478944654849
0.7116439043396354,1.1999863415422192
0.6305847427729767,0.7808762162835315
0.9631248560150629,0.7047159755140358
1.1197008126223977,0.8881171193049611
0.7474034640386845,0.8486559908153244
1.1174210530162632,1.1171933421359306
0.7929134591284969,0.9763721120565652
1.1550406321786801,0.8965006101990465
1.2700940585097826,0.7077097892335636
0.9248357275901932,1.0265188530771954
0.6393948668780837,0.9017881340201994
0.7340320465296811,0.8622038394915659
1.2530132280563409,1.3804055367171892
1.0157872571326543,0.9081189905607954
0.6037822378882488,0.9212987786996182
1.2766087354886784,1.2819616128045102
1.3961881684841848,0.7697022187271194
0.6635091221547542,1.213036663806955
1.1405487209624212,1.359636648111469
1.2043198724078268,0.8356984217362762
1.150971021797134,0.856883992875996
0.7446840282052624,0.8849026963046701
0.6888970191044537,1.043226633307261
0.8891584295937912,1.0795740556070663
1.2078222914723697,0.7256462497802053
1.1755298381571953,1.2500931799702149
1.1400900071591944,0.9875765664141292
0.9060878561921104,1.3724101671782063
1.3490041197691272,1.382887116926423
1.2257047078902938,1.1210921190639502
0.8691720432304096,1.2550686552356354
0.7515532676492345,0.8211546584993474
1.1470642921514718,0.627212342639993
0.6676687473747335,1.3997301439550602
0.9555290342767453,0.6441033727906617
0.989658813606524,0.9858049962158222
1.173920080084689,1.2424402141165567
1.190700349890803,1.2160546830641719
0.9231721260747822,1.2496619438693903
1.2904729741465353,1.0297104451515044
0.7580335392478793,0.7084065468531664
1.3628363217572304,0.7117158901340166
1.0801884787458471,0.6002856262353135
1.1330792676078087,1.3095605976505622
0.6300055979048901,0.655949329014985
0.8128544844547767,0.7701826706842076
0.760550377111277,1.1663783149202032
1.2294589048102542,0.687449123577406
0.9092061169902845,1.2124627206529617
1.1097463185266139,0.9980994567013297
1.2285604834127812,1.3476043971778402
1.3657938070697746,1.333156887038636
1.1231247001850915,0.8343117839282188
1.1047969693659687,0.889328249802904
1.1793777216611763,0.9864428811630039
0.7646083521227263,0.6504313285059871
0.8784418482540179,0.7637238834992164
1.0188545213430389,0.982030073221239
1.1428476671640462,0.8734305987475945
0.7227882261032307,0.6331842742496732
1.1135093562348106,1.277785008086749
0.9152169213683308,0.9094473500407931
0.940426772523081,1.3705905793313644
0.8236372844089949,1.3070764011326994
0.8750474361052349,1.0094448462936993
1.0618047032366422,1.079025368542226
1.336047591344811,1.1274179642874391
0.6977408172236437,1.188424006554388
0.9775759004185606,1.0836228673000665
1.0238801383043938,0.7933977339083775
0.719869064890452,0.7613300261790322
0.7601328169939048,1.3098993314393859
1.329872405478407,0.6545905143277366
0.785322952478882,0.9212303908938241
1.2036157317058294,0.6026132371676787
0.6702330263212819,1.2249183252789393
1.1530516467444718,0.7637901522691539
0.6132990403707494,1.1799278134309201
0.8646172534764888,1.3761963360070768
0.8033486121279942,0.8551764878250755
0.7780949913426822,0.7642889749145536
1.1578488353524994,1.2458412339032974
1.0851819753846432,1.1898907338654738
1.1513415226531067,1.3982538907661373
0.7754379458661949,1.1769344065985665
0.6719659849544143,1.0353111773022436
0.6948014993229268,1.0983412811410522
1.0551336961053372,0.8727474991863269
0.8520779375539682,1.0837649000896703
0.9184527719000046,1.3241510436768942
0.7536646953666541,1.2048329017685417
0.9504594341513705,1.2134638438064385
0.972886603609011,1.097968751999571
0.8871976393319929,1.3825286766875424
0.7445416612846478,0.7057102263844858
1.0279604476887445,0.7876065809385788
0.7051381234437226,0.8700452464637818
0.9861981281776034,0.6605654481100717
0.8559885688949951,1.1864669427232468
1.116752052947998,0.9848057444230589
1.3967256694093757,0.9988083107763202
1.3598501030965562,1.0587347364692936
0.8945064450230993,1.1465762498621026
0.7470054369494932,0.7236718970948945
0.7986963243009404,0.9668474678734091
0.8279515998950577,1.062722120216956
1.3366096301191674,1.237674591896956
1.2412048845173516,0.6584292160081463
1.1873535292630208,0.666055068801971
0.9385945775001384,1.2718590229814413
0.8792843652892182,1.1592864402649534
1.3053292557414373,0.8009618868070901
1.2223521711591805,0.7377007330445506
0.7857084007055558,0.9454453914030718
1.239295841642312,1.3168196327144543
0.9934329802223056,0.8422538090808294
0.6723419584304142,0.7608423269217809
1.244433050127423,0.7019281458011819
0.7335877737892315,1.2482665104918054
0.7894847879161991,1.3506599572961462
0.900703537182958,0.8724301524132214
1.0252870757080585,1.1242433478182634
0.640285151358642,0.9692190236262044
1.2973775423674168,0.6699441633537071
1.0149860695782638,0.6008828942194229
0.8839285569204415,0.6751437327180291
1.1478450932468998,1.1058469088556195
1.3671696176592705,0.9549502111896795
1.32818227000502,1.2317650217439655
0.8866707730110994,1.3571291105338381
0.7794535666338713,0.7706476392424455
0.9204717575162278,0.9106124958219547
1.270074050868823,1.2570819460417513
1.297722991095577,0.9888760103910694
1.3924189293748768,0.7965005514530356
0.9538216980266421,1.1654008411055221
1.1620115476945077,0.6441777125318691
1.1501303940892922,1.0356020712263936
1.021252999004825,0.6695788752454528
1.0660233213437729,0.7743461891182338
1.2087893555804436,0.9679441999956188
0.7802601359790231,1.1683424612650155
0.8482331339149518,0.7784070490070181
0.8693804631339139,1.2214784942958834
1.3863708957731853,1.181102013605808
0.8416753953806482,1.1262930676245455
0.6807563773894856,0.8066429342772711
0.6963516613357487,1.2497551408855094
1.0451445869867924,0.9018554068535397
1.3792959605331718,1.21748014913712
1.0620163770074478,0.8667103727877228
1.114256830919301,1.141240893120155
1.1072371327760728,0.7307568830831089
0.8709284507469539,0.7291886119201973
1.377142661242953,0.7681156535363689
0.6726195735072932,1.3433550672328785
1.3398731645328001,0.8737479937116229
0.6018524383599849,1.113406762363903
1.057363204694385,1.2817456146925
0.9454647496522839,0.8444936192749926
0.7429371313029999,1.3874876414663775
1.2909237263218276,0.7232110127194519
1.3047858227896103,0.6226738581475179
1.3058824384512513,0.945226386222635
0.6305040257814569,0.778017501041801
0.7638295579081219,0.6328360687426013
1.0143568993346963,0.7035131184486871
1.320617477016587,1.3663795500646352
0.686807606867142,1.3594291841472925
1.1992530801758856,1.3409547391403212
0.6785708531238965,1.2231891795201912
0.7208453795713379,1.0730191756059644
1.2307334212830487,0.8165193455839792
0.7658331464399117,0.6450267026714717
1.1448985682490513,0.6501066654764762
0.8658106790032561,0.9295392058454531
0.6751064378095654,1.0416894128147598
0.6009204284230483,0.8292626694209624
0.9659198746857642,0.7352645790345995
1.0016009037814382,1.282781934352296
0.9712522223346527,0.7977918728629746
1.2451046046249483,0.7387888450884327
1.0352903925802563,0.7973907561419025
0.7765552914275976,0.6822776847552434
1.0234548632826952,0.6485705529349203
1.018522500465686,1.087977024543
1.2628899271462877,0.7969748978353514
1.2128420685203842,0.9005660973070725
0.8256598462757767,1.2676178124087951
0.791787833970995,1.026635136912422
0.726142421034307,1.1780217863250195
1.3335559462920659,0.9160808759193775
0.7382866818621637,1.1665875612321952
1.0258649999777156,1.115243579755739
0.6389135217026104,1.020889087085963
1.2243465637237878,0.8447527927472582
0.9735307896610981,1.248860731135319
0.7229518943224629,0.7814836622085821
0.7790467759613543,1.3695617495164905
1.3319734369990697,1.3556035305059424
0.8672933616149814,1.0409054947536986
1.2695380612374982,0.8827831818278832
0.9340124796454781,0.9346773489703049
0.711015685759086,1.3173889687999187
0.682985901716957,1.3150144040756924
1.3872394371309085,0.973627065537783
1.0907255687325565,1.309281978329276
0.6110208481732206,1.1824621119856191
1.0478277893368197,1.096994175454935
0.7213259137422667,0.7082650031852759
1.004202870838057,0.7512172950307222
1.3783049367270936,1.0595559597644681
1.0066330683076934,1.2713914806327424
0.7622845829406559,1.346347230953722
1.3883695901170041,1.2211538250457692
0.7732710043445628,0.9992077854246171
0.9932304485607408,1.1518843961242515
1.1876052632207283,1.3132431711357633
1.394624693777436,1.3139030234820503
1.3019314108484616,1.181643070346394
1.1300760975880064,1.1619567013109315
0.9125765419259774,0.9304497559570867
0.670049576829483,1.2774059699237545
0.6026028982473164,1.034127267765993
0.6617726702531044,1.0703513801511013
0.6450672984939889,0.7813927015816284
0.94826751079338,0.6890138421520833
1.2202699715762786,0.9874868114026691
0.9968942598713406,0.7124984256862191
0.8184372075342333,0.8775288142950365
0.6609300326993716,0.7166265385786658
1.2800393636895402,1.3165244549193003
0.8044723040215068,1.1044291893721498
0.6266486476501122,1.3807045792081079
1.2354157977137956,0.7521178091197518
1.006675501927439,0.8451062424980635
0.7949624688564514,1.2107121383076367
0.7947871913441681,1.1409939451956919
0.9573361062512018,1.2538947123377842
1.2312634846880925,0.8578182193156332
0.7812267788978997,1.0919848895225805
0.6321978548948727,0.6259316118885337
1.3997330668901875,1.1420016142092884
0.6516392702955619,1.2638913078185987
1.144071430175691,0.7607780879710698
1.273435334160756,1.2802485176382976
0.6810417085963789,1.2131573796709505
0.808608000629378,1.2170391679982862
1.1965044057902432,0.9600161173272155
0.7731894493512464,1.1094835004108434
0.6623293972919271,0.7381769131689826
0.9549549936738906,1.2220173025166248
1.294776620321703,1.362311457234085
1.2152558435194054,1.1226671916321718
1.336879629057698,1.2886177821632796
0.6900021003065162,1.290240913433549
0.6610207992428848,1.3492121850090593
0.7211159058823412,1.3910707781449714
0.8147415011589126,0.6806489434448543
0.7868460188318616,0.879090417125613
1.249737395418729,0.7666034661334687
0.6149489338029082,0.8489717290507897
0.8666941398513341,0.6403405545251715
1.1301723020374945,1.191908692939966
0.8021143714480548,1.1755463538338349
1.164047169939531,1.0002862548837999
0.6492340403050164,0.6947556041444946
1.1851700795749576,1.0514619125330924
1.1702725821147433,1.1449038223948276
0.8700333420452143,1.1730790402847013
0.8227840653457599,1.3748858938710913
0.783959944257223,1.2473250686220712
1.297534138819132,1.395644583378203
0.8487898773002698,1.1479958978990752
0.9567273121241843,0.7416162476058632
0.68975796372817,1.0128500237128417
1.1435590321196507,1.3325260083818151
0.6359638297560488,0.8450313484086649
1.3196080802306545,0.7564521236541661
0.6254523642670665,0.8956266564422715
1.312157193055406,1.2534372294373968
0.8789341036454685,0.7848898979831345
0.8044932420063327,1.276722499182617
1.1960016795008368,0.9339396683914741
0.8077680372089981,0.7717831188773918
0.621328934221258,1.0114212697908738
0.6785509807446822,1.0518597280412567
1.0856895137774398,0.6740743149642757
1.1506004717293372,0.6856451644192739
0.910302015779107,0.6790710613704787
0.689012538904239,1.1615821089037899
0.6763492620039524,0.9593092239719365
0.9984555695550794,1.0928803534542344
1.256836602600011,1.2246287521209753
1.3355618535858238,1.0467497665200187
0.6558740111172883,0.7740855554638078
0.903709850441192,1.0168105451929446
1.0474750928969643,0.9846475234665897
1.165946017302924,1.1397164502007961
0.9564476969827145,0.8338520915816234
1.2390186433788721,1.1364795006965809
0.8441328832043796,0.6319261994532145
1.0245185226326952,1.3694687381035684
0.8329558046988055,1.044254022893956
0.602464570261862,0.7145137028229732
1.054190986424311,1.0201345542430216
0.896865895072074,1.3586427419871163
1.0445323065221421,1.1457747844288386
1.009691945657824,0.7573705130589639
1.3026561857313745,1.215226682575139
1.0763768197605417,1.2095106236262438
0.811140974822173,0.998733666419763
1.035129598168782,1.3673113382227506
1.0616940213922548,0.8320470398517678
0.9239585974205605,0.6241917140579818
1.0472332123459387,1.1464068064710626
1.2610618979845607,1.140433854272794
0.9168044729603327,1.308428087463628
0.7246043217149807,1.1073136646865875
1.3679430394039784,1.106081397441816
0.7391450953986757,0.8083437205480464
0.8637105335375844,1.0734615432708658
0.9358239415934224,0.8947085845204412
1.1853183973136139,0.9535632445875474
1.3741012247466506,1.3286849880857197
0.8550869504198737,0.8844342310023536
1.185768627252265,1.1381632782237519
1.0558376108673528,1.3429799535637152
0.8302801914604434,0.8796808761618946
1.0275992291863512,0.8200826318504162
0.7272715940733456,0.6689101507339948
0.9505447046919278,0.6658588564954381
1.3174033254331983,1.1122290531319368
1.1149493155670642,1.2238137758148708
1.1089090747396182,0.9582816467614652
1.1859472641574338,1.0611396050277018
0.7063816878250985,1.3147158120813236
0.6415631535238338,0.7818773665218531
1.0311001942282452,1.0183678278333597
0.611944937303304,1.3345778240370119
0.7640012266964982,1.0371022423474836
0.7240634957107075,0.9217233408614534
1.004958689501509,0.904696947461692
0.7156649198145477,1.0086723427351538
1.0038194067716932,0.9433535365014527
1.2611796287435855,1.2960313007876065
1.3073324683297551,0.6157928737710694
1.1081482016814006,1.3984005670386837
0.7823660703425299,1.1283829239119867
0.9153889778355372,1.347763585790589
0.6800079483699685,1.008999034023144
0.934758583366496,0.6891079318937707
1.2507149768520522,1.1791123682915776
0.9503427741483739,1.2024758713342125
1.3935072543484148,1.1223671720476127
1.0176303128810686,1.1318076704568711
1.0111740396750273,0.6440753676551123
1.038595670564186,1.1972969813227263
1.1176634113835928,0.7824746119499855
0.7173511589213609,0.644569704981682
1.0567461836757863,1.0238419932222649
1.1821753481238173,0.8857561052687505
0.7569618188261857,0.7443877905918183
0.6021677373101466,0.6173151462709501
0.6795961217220304,1.18445506763495
0.979642524851613,0.6131122933530915
0.6499628691172307,1.0609952873717152
0.6449096456700975,1.398703701785695
1.0507727461726712,0.6794819533923151
0.8028546041540874,0.6425170138033709
0.7892195130357241,0.8510360817554117
0.6639856439578549,1.3849629961475065
1.3601510238730012,0.6170903439823987
1.0524892852068368,0.9796750105381815
1.3487585259897703,0.7049550513988991
1.2665087252129776,0.672519840650841
0.7060104839233143,0.894997908645665
0.8723946499475721,1.3077684148938102
1.2774738177815053,1.3986227017301074
1.1141458166180591,0.878741165008116
1.3569050539728962,1.1673548033744439
1.3024588905208219,1.3324240303329544
1.2291273407513938,1.3804958346015836
0.6651657438113587,0.6081149268909518
1.3785678510957318,1.1149234154253067
0.9145494175537496,0.8568537569298906
1.3910020347125882,0.770961282558328
1.2018067169779783,1.1109588036245923
1.3869180926719191,0.982189827863019
0.8814472716437529,0.8504093043362589
1.1390781695899128,1.3735884407358512
0.7312213977339563,1.23727636827716
1.0724977715085633,1.2724465658413084
1.1151152396336148,0.9994819604404688
0.815336985859856,1.1994238736644527
0.8548942066955331,1.3970600429932243
1.0541163992698062,0.6977622363503367
1.0299194868459778,1.189385464484324
1.3430966060731073,0.7939541401577159
1.2939823497738778,1.3868857452794578
1.3271120101212373,1.1849338967483711
1.384967749090938,0.628243944715202
0.6335258262583348,1.1647909740101832
1.3886370237220165,1.2151966872112754
0.928805489373755,0.9402231674772962
0.6107157559556238,0.6182452570064718
0.8731778850893518,1.1202681983684704
0.9581886533997799,1.3312888559532134
1.1181461414887472,0.8462830994651431
1.3613246812187643,0.7388527420508029
1.0590162643590326,1.2200569611836274
1.1933775524705172,0.64829678042995
1.0332587450764608,0.7620893814684295
0.6015047544365342,1.3784799536364405
0.8602397975279662,1.3926334598882173
0.7566029806789119,1.0530449147291416
0.9606031165217275,0.6550117306522504
0.7453056934161695,1.057447617573542
0.6266229899607308,0.8274538650524654
0.750164969946544,1.058164943533541
0.9477892626657558,1.1955705244218502
0.6028441632505018,0.6200414477978798
1.284318115082143,0.7565840086357117
1.2703857074599307,1.1429457204840126
0.7665134062458844,0.9234652826711077
0.7503445445073602,1.2817650044476692
1.2236937167288375,0.8323345801875562
1.0508221141267138,1.3791292675342826
1.189288215172298,0.8457373741157244
0.8944204012918505,1.0509792310629749
1.251961580110588,1.3950886019951851
0.806541876838692,0.8975597063243332
1.3199505689385396,1.206068012310722
1.3941950011883253,0.9468342705075065
1.0499203656033025,0.8494491732955053
0.9110001733815734,1.0428230158751666
1.098318222635558,0.9532836177729351
0.8669354819797737,0.894306182681189
0.6117231436871023,1.1389463037868484
0.8179921552807407,0.9084793920165114
1.3853155052699986,1.3194333642539264
0.6291508156346676,1.0637912633272877
0.8991205864468973,0.99681072104685
1.2688887992105984,0.8235017923280973
0.7901757859548626,0.7205032407503751
1.1940265212087673,1.3340482881033267
1.0999470075405655,0.9830235767325068
1.0747042948403611,0.8889493546848342
1.320357048497843,1.0373574731711375
0.7289261416985182,1.1453797053201527
0.946501793154209,1.0301630007379758
1.0292639497605127,1.398106341366186
1.2155993911777507,1.0407956554179036
1.1944858984925495,1.1380505536596517
0.9309415973754187,1.220187447475778
0.8178801632754047,1.1452990037143866
1.3474037186217338,0.752912601014252
0.7383336409649397,1.0068154661341115
1.2482343173887291,0.865829145485402
1.3288304227859153,0.6783624670638602
1.3693742012041654,1.2227402664354168
1.3884034105437446,0.9540055330504253
0.6017872200413215,1.3734263302228162
1.3694611065750606,0.6346853223595901
1.0045882876432335,0.9050870853080646
0.8247462234927108,0.7268133539169034
0.8364178589771184,1.2180972029142074
1.2389323616953423,0.841412676971903
1.1350796257803006,1.353072841386279
0.8738431555615974,0.8069168554050943
1.3511706158774013,1.302690495740506
1.317804135310174,0.7560500407936294
0.7821033158521263,1.1077517409486775
1.1028875786892127,0.8731122345906026
0.9360401980169697,0.7469720818684962
0.7573225546886797,0.762434535476677
1.21128550103926,0.8392343998702492
1.1989767390058799,0.8564668183253992
1.2797512157021298,1.1822486088910464
1.0657877360197425,0.7247995931067414
0.919048685609112,1.0447804806991483
1.3940159787542794,0.6327187812740871
0.9886993974283765,0.664617008923444
1.3728995494243965,0.8071298002435932
1.3401099524592404,1.129401406815835
1.0668474685804044,1.017223828016986
1.1377269766710545,1.07076231478777
0.8062650681181952,1.2869029128163603
1.0322334169712848,0.8116716736672352
0.8142818404290182,1.2174212306604373
0.6870699440818748,1.2521979955108968
1.1325481876666594,0.7996158099957489
0.8120492837644533,1.0893797530987053
1.0560685579010973,0.6934510692652008
1.1519488514725145,0.6161523949834374
1.1545921602254423,0.6723414405966908
0.7222757018489925,0.9674770215126955
1.0829240890262737,1.29572590945369
1.0399632102973615,1.1349651784146662
1.110894012340435,0.8701959712922732
1.2137037958981938,1.0503567865584933
0.9810900633890972,0.8594997235850148
0.8261464297865515,1.0439563305802868
0.7255058671519606,1.3683380820327913
0.9716243826714304,0.696899402549439
0.7026142703475872,0.6210261797594387
0.8387109322812174,0.7488840208414047
0.6222042578912708,0.9460513947053969
0.9759006187026074,0.6709099352816426
1.2379475514249885,1.172833484192846
0.7982447486266911,0.7233750025145049
1.260349385844476,1.3843069212711072
0.6803486939072969,1.287255002604444
0.8685782734627868,0.6367657332652211
1.0535500425910302,0.9706478633162443
0.915618427706608,1.2681440562472126
1.2744045929217842,1.3529427067187014
1.3336775566009154,1.127671705875724
0.8180143475480217,1.3691803675868435
1.1564267594339788,0.7847714254473557
0.9915560708683877,0.9471509456456856
1.3591957715888643,1.102599359728631
0.6826420624119829,1.0601443041145666
1.1119949577833084,1.1045422944149483
1.0779114149220512,0.7516137332142354
1.2366320796519996,1.3776535264550311
0.6771286676881759,0.7230130059676443
0.6384804716866866,0.8391988941869486
1.3917677232352883,0.7579073274928873
0.6241236472231364,0.9768680665415819
1.252048129411096,1.095248203130401
1.360825752909048,0.9715237660255758
0.9022641080567876,0.8511115436481944
1.0107690610306812,1.1589897051519638
0.7379826323193145,1.1890933917796027
0.9851419036931705,1.187098867089459
0.8026788270323206,0.7165126874961416
1.1066605157307903,0.6464974821025063
0.873943245374179,0.6497685308868506
0.8628208447388324,0.9030240613356942
0.7924107158215721,0.8091801392635073
0.800841249077767,0.6017733819862924
0.9788691425818847,0.8793598655858766
1.0500188511205861,1.299609769419447
0.8964974756228627,0.919458010324546
0.9098072029049472,0.9603685099073171
1.0362621106849725,1.0177262522101351
1.3204874632692056,1.1371124888552329
0.857814175692511,0.970234271865825
0.6209895621670991,1.0028076358783145
0.7859986886564762,1.3289781475768714
1.131356592222331,1.3785249890366993
0.9253240460971677,0.8979809436122556
0.6629794984724859,0.6943811197021271
1.3807536404531964,1.2952769062468983
0.7031666191611669,0.9770028603321257
0.7703844934159157,0.8655538069956094
0.9029912794052343,1.1690121602899155
1.10683246927514,0.985261056655824
0.6908453056875808,0.6910285040477837
0.7864008438218227,1.367813700038826
1.3907660831163575,1.2350998570438518
1.3614927584622187,1.2025187578042407
0.9728105751236296,0.8217543702443391
1.0545580444713054,1.1542757125772072
1.0122136696212347,0.8135961235787018
1.239256323775729,0.8973192153587912
1.0246513669983923,0.764207499495811
0.7113663380617017,0.695405927544605
1.2836086303667977,1.1563629976824314
0.6000820008604177,1.2460897002558469
1.2493545423964116,0.9343779765074127
1.0629813886281867,1.3257761330550988
1.2382718376175754,0.8331557070839858
0.6654995764121252,0.8712410103748693
1.0880778863923104,1.193328983523401
1.0387319083420352,0.8632263277460444
1.104917383625071,0.7318596276820951
1.3559916663620075,1.2355116137234887
1.3944129671665633,1.2451094508923253
1.2889677509776765,0.9782642042528416
1.1092912448121524,0.8609142723739345
1.0169170326747448,1.396321246041716
1.3345261469143361,1.0332490865387176
0.6214389786450905,0.8785538264217503
1.1627797197044831,1.055116102278326
0.9088686970924296,0.7176870097874016
0.6014071412547101,1.062157535717142
0.978511091611779,0.7631892975938407
0.6995245512040666,0.7848070353131094
0.9999196019468446,1.0196574884225678
0.9228550213389421,1.3631000395250852
1.0423311954361412,1.0732972408689603
1.1796737118951732,0.7611179588247546
0.6983939323406708,0.9962491565366153
1.252555431192694,1.149894351791418
1.1554756951240561,0.701520050549634
0.6538392025008373,1.034891651564152
0.6659984654510928,1.2047194173090396
0.6542566230324659,0.7851819288052293
0.8469696225499804,0.6722731291873653
1.0216923413832715,0.901379111382342
1.3732595492095288,1.1676034944807934
0.82031017588914,0.8222486980567567
0.7080305497947352,1.2809308202316223
1.0314516119864763,0.8986812509128357
1.1431588880768497,0.9602503309153552
1.0892898892321978,0.863080646819858
1.0977483481175638,0.6712057097152543
1.3459258860775747,0.6917355834848348
0.740265100207899,0.7003851842811947
0.9898904518842474,0.6070940111608913
1.3593063463179398,1.1354147637058691
1.0908672846620098,0.8805724968081455
0.7544596643586265,0.6263185977292971
1.0887344678830115,0.7447721898289656
0.67748491259058,1.227910967915042
1.0957487737849596,1.3054386906310913
1.1912295063996137,1.029377050141078
0.6200252941757017,1.2732629931866515
0.9101598982540009,0.6041311576028109
1.2943374246177626,0.8045416342729785
1.106768098581574,0.6293462138523079
0.8832771546946763,1.1970070962347628
0.8660306653136042,0.9301806629843504
0.8854824291478015,1.0766954732412435
0.6372985009183783,1.304217278199467
1.3754799141615195,0.7900749429425447
1.0229283543610157,0.6741128410173763
0.9152949524540647,0.6626731135976945
1.156112360456452,0.881284703901559
1.2107337460573475,0.8302992335137953
1.073013724622105,0.7181117992392712
0.7960658626246397,1.0709727794183281
1.364821246298026,1.1274624549921637
1.2584943706303506,1.1772122518876085
1.3034498460412152,1.386311854647785
0.8620610334574654,0.6137545536953928
1.072915636646555,1.1893314403409954
1.1200093880415047,1.0194730889157668
0.9314493014641152,1.0957486039598456
1.337635528268518,0.9008827292823657
1.1984262144483608,0.8291046828851463
1.0562873264697035,1.0317748436882428
0.9042829721638843,0.9465574830307191
1.0035468087723627,1.1358462935488207
1.183234603853729,1.1037465403522493
1.2806580876186315,0.6989920171810924
1.0857802409976978,1.1775705694056477
1.342142742503519,1.1200658371860617
0.6697735986919254,0.628351168906237
0.7688185146713662,1.0816209240774044
1.0293874278396273,0.6507577082651638
1.3396331773219545,1.3730733027357358
0.8652608954624972,1.2615624572490578
0.9269556572686276,1.3329407779955411
0.7969959785874264,0.6010372249856183
1.1255097343647322,1.113872655350407
0.8151045686277325,0.9590628562203243
1.2059828779718593,1.1855832722135244
0.9167657815439384,0.7358157254287373
0.8843565636806634,0.6844077088934206
0.6146387332169092,0.9904919775948736
1.2097242325420245,0.6312289225699415
1.1831951007463473,1.2816353303550294
0.7828451080406903,1.026687334263384
1.1642315402342707,1.0872339434605722
1.3311751064394617,1.052573929373523
0.9451409961811411,1.0157352906669175
1.3180215334409981,1.0387314260194016
1.3109493418006768,0.9280948486871504
0.9977839435585276,0.968736429041937
1.192607980984266,1.247096903833004
0.9782094371821113,1.3918763543964723
0.7691498560554149,1.3376765972073486
1.1417977191358921,1.1774399352417781
1.0514136114108101,0.6573864151247747
0.8245632263846486,1.2259627609382955
0.901234642002771,0.6325260985581403
0.6524320565953802,0.8093718000459036
1.3873334159727544,0.9586522851884608
1.3200469086562805,0.8074825246912211
1.3218284762042403,0.7467161694410238
0.9069160516782572,1.3401793885683022
1.0967088288562175,0.6663735687708355
0.6433571776618427,1.1748091935416394
1.081681031813107,0.8679363258819417
0.77407691753519,1.0547105397055685
1.2942528002444336,1.0380806166139076
1.0735926757560172,1.200138231650189
0.6433686478999726,1.23443335808355
1.1405767383584267,0.9745634166471251
0.7380620929620137,0.995002675607151
1.3010981411699953,1.0110951519815323
1.2247081243369975,1.3227263430405558
0.9585150000003332,1.2187938653451758
0.8797659892193981,1.3386452666862358
1.0099698355970141,0.633264896277867
1.0588383826361114,1.26952984554705
0.7269058128600923,0.8416739182217221
0.9730439448878455,0.6653679783744395
1.3409315547486502,0.8987354700983822
0.727490804567311,1.0616542143330658
1.1854874024616464,1.293557381454288
1.028835732253414,0.8827052122023341
1.0447236641354813,0.9343194316170367
1.0550766863139975,1.153923572280452
1.0418156705822885,0.6988831267615536
0.7443773886445,0.7912790155857443
0.8584517873696051,0.6403192486161194
1.2021927162220285,1.2793436466904615
1.2655481693700588,0.716329778170851
0.661056284659068,1.0491534603760622
0.7286422698790319,0.7646471985030897
0.6931733706046989,0.726449375610743
1.3041941708346518,0.8327558509375702
0.7750511960475388,1.2379384315640563
1.2225967020745396,1.291397202568279
0.8163607059907928,1.3201273493211123
0.8476790623949069,1.0783060353053517
0.7005447852734158,1.1798078587307101
1.276853961773473,0.6238559922637826
0.9315254043408528,1.0917907398923814
1.3080222780913977,0.7084909743906781
1.1602689014026248,1.060597237856338
1.293494775542338,0.8714596286122869
0.9368464806575183,0.7407713442796277
0.987829370320211,1.292087504731118
1.0402254381327507,1.244372720152115
0.8872906697464813,0.7711815992817515
0.6808530214990449,0.878099208619371
1.1175748602702678,0.9138585671323396
1.3568445160161104,1.0683116413421692
1.3605222071142438,1.3933983329925888
0.8411918499338495,0.6439899727200872
0.7867664414636419,0.8211026015796921
1.0752868862379452,1.024052492574989
0.8274263484941774,1.0256594174402562
1.3159796796589946,0.6014173823787121
0.8188960536922761,1.3859053046861403
0.8643925296747604,1.1308697014021725
0.8937749581265225,1.302020291936344
1.2179873250026474,0.9016862765599895
1.0522540710086572,1.0461457615445378
0.9415024247278478,0.8617152025292312
0.743296165440576,1.1533167390583035
1.333450057376405,1.2672580227354842
1.3847200028569417,1.0543929318736958
1.3721690208853898,0.9828728305615229
0.7766943755886471,0.8148192992048449
0.9680684576340406,1.0017340224095144
0.6956641057723448,0.7739292956290761
0.9883788265423918,1.2737790668929894
0.607208771930428,0.7602895768981256
0.7087643632596339,0.9285714925168098
0.9321213203373764,1.3400126331702322
0.8033953028759101,0.8141178951981665
1.2100855592828461,1.072541273252443
1.2244508282761344,0.7971297233339493
0.8310023545833571,1.219666711507668
0.6444480329291853,1.2410841934460572
0.9141901063024834,0.9373093459108509
1.1117346190758028,0.7335831883125765
1.0764604194998233,0.6421172761319393
0.9615068154686317,0.8534614934589536
0.9358782656061289,0.6349563912853736
0.8325444968180287,0.7768588342830117
0.7926546435614665,1.3136154073892141
1.3388563067965416,1.0181400522097381
0.884048868141291,1.1314644481261484
0.8533205436220188,1.304486402311706
0.9890816519272978,1.2855713528940358
1.2986576511230017,0.7484497485572407
1.3839378834866851,0.6343773161986053
0.8451733974767307,1.2083824706414923
0.7936391713620954,0.6900324848496632
1.1903248392946288,0.9215535999261381
1.1772001638010792,0.9671632629529381
1.039634884613397,1.0006610622359389
0.6336331552808798,1.3689315054395275
1.1465703277243215,0.6893968869285209
0.6854660148354654,1.0647484588584815
1.1268638576146603,1.0225236396234019
1.1540846247863636,1.214082585457351
0.8434420588554186,0.6911397889827313
0.9048516745202848,1.1263678049208923
0.9056745895892322,0.952405081837447
1.269171214199119,1.2959313761207936
0.9189908369506193,0.6418656876976525
0.7657471784945251,1.098054500915037
0.8877361195448326,0.8740837105078187
1.2196717607904093,1.1065459121210237
1.0920851768328927,1.3676198984512842
0.6932036333890084,1.3012743157663897
0.7601776834192356,0.7758325900287484
1.1348179384169863,1.246857460649353
0.7978906216504742,0.9705477867625091
0.6916577276774194,1.246217682478863
1.233870786080916,1.1852811532819831
1.3085139065655953,1.18650942845643
0.6964248219649468,1.2037864350724552
1.2885680609359924,1.39456046908758
1.056239653146992,0.6066613660945712
0.6104846340133195,0.7828900443257303
1.3523032717097914,1.3887429291214308
1.2045606827102722,0.6945509275544504
1.1720325661170872,0.8038229790398028
1.0625264095508282,0.8643804751112947
0.8448180993824226,0.8865558902179785
0.7962433288417816,0.8164096553611568
1.3063854050035995,0.8143768543954724
1.1990465126161483,0.6602173391097295
1.0705865024516863,0.7634302919383097
0.6757570314634295,1.3914174106437631
0.7955794014601544,1.272954237283767
0.8408136084162521,1.3644014742819528
1.3176605217152295,0.8516779742437869
0.7355600062322856,0.7686116609420593
0.6238460195088059,0.800523055487195
1.2494880543536333,1.0712230383257317
1.1005013295108201,1.0330866999587671
0.9297259925377396,1.0948554635243013
1.1125473178373215,1.1119929088459717
1.2338337282598761,1.3958301526280468
1.0802631884958096,1.007196060445521
0.7647932101167675,1.3123255807266654
1.3333160447173973,1.2428207668228173
0.9784006667340198,1.1616435122234932
1.3457112640166882,1.013306281889379
0.940604828002785,1.3555012369505124
1.0498678282853477,1.077391633932112
1.358869441189797,0.660959952138017
1.2283505188736448,1.3049011357328772
1.197709940424155,1.3359239871439739
0.9606709992672144,1.3462585954763158
1.046706914167383,1.160940006684149
1.3727313306500655,0.7569875957124395
0.9465955875945896,1.2439986028903194
1.1055617815668586,0.8845104927589913
1.1543728289305424,0.9927484812018768
1.30696610955941,0.9243245291523394
0.6890579395895285,1.2464469490741477
1.1868826674940451,1.1901946225783724
1.0436094549686978,0.9661972812360431
0.6277573511283239,0.9034917289969276
1.0311626016665896,1.3772541233185525
1.2023043603572234,1.002486031029377
0.6720794153634901,1.0444539307740661
1.2448013304243288,1.0709270944460785
1.3821122353700817,1.2456722040634645
1.1368865415649227,0.6975997793199902
0.9031037987690267,0.7822412035787323
0.783003650326836,1.076235499486914
0.9760843630410689,1.3854771103314156
1.0528260777851455,1.3295080797315821
1.0448904430186834,0.8652094358591405
0.6866762799122326,0.7221403386977433
1.2413401438957186,0.7926670157709896
0.9073853066527597,1.2610957411151245
0.6317143910519991,1.12341292541125
0.7094749978048156,1.1916635193159015
1.1150258558224317,1.2569537571807388
1.2743332090500443,1.360448292835619
0.6372110699249213,1.2358528029839184
1.280329907411881,1.1110139503292054
0.9283197453715061,0.6884924042032146
1.0105026614156807,1.2017506354731182
0.9363981205756189,1.303972484405543
0.778402100952321,1.2694438190943655
1.0094655319832402,1.058594422953188
1.387528586867132,0.8967971492118075
1.1209995334526193,0.8701582715817799
1.3596910210660598,0.6650550101187536
1.292890314738923,1.31110898417082
0.949710268644822,0.8947521838590704
1.2110488595158633,0.7857045378400238
0.7172294415339451,1.3187635485162716
0.8418311802616323,0.9461974030904456
0.9627144168829447,1.1756462716555813
0.9031636579574912,1.2031577303092666
0.6812900739108246,0.9667451099629416
0.9499391649451949,1.005828793471701
0.7171299580006595,1.0486755241739116
1.2643490847712555,1.1127206693594824
1.034007815900758,1.267741266803999
0.6441301793916481,1.1680075350255263
1.327513799259899,1.3756210856198001
1.083345507579524,1.3581867257106262
0.7280753285590295,1.3223459345114699
0.6112380225902478,0.7212671498028457
0.7548795298928381,1.1207873210811479
1.322599801825939,1.3303261860265907
1.2139340101029963,1.2437382404195547
1.1259690345256503,1.3412631715143732
1.261765079864093,0.884075125613041
0.7889318375933823,1.1505833614011682
1.3718313097933041,1.0977415732189746
1.338557409288164,1.0135662200921929
0.634160443585451,0.7244740771873033
0.6604526128309186,1.2360898798319129
1.3029155460958572,0.6318381883184435
1.0550281321093233,1.163182996711368
1.2876215396871349,0.8660325707968418
0.7092218233039673,0.7060275354394979
1.2121269993562716,0.6287091594599478
0.8683958467482965,0.7134864464767576
0.7501354214872338,1.2283364427214518
0.7218799235168205,0.842111343209248
1.018411937314542,1.3419362233895917
0.8856748246624665,1.3137793485105347
1.2885526785579957,1.2396897677303222
0.7921364790688756,1.0235662673524941
0.6976481919188218,0.7290598895829669
0.8969584906558092,1.1755088786265415
0.7672657273551754,1.1097640457884201
1.0331018520812245,0.8415489930077225
0.6519552375038509,1.3404609579064386
1.397736261865114,0.6576163528942334
0.6328654738771629,0.6160118070323601
0.9622961051217259,0.8295900117624773
0.6605234074875486,1.1172481781117178
1.2153377927511348,0.9317023120238145
0.6589672993925035,1.217883809485496
1.1542970695613617,0.9773455308395234
1.2763160694711926,1.0835005865697434
1.1798890754166993,1.0799753070268274
1.0598906721842296,0.8754022953707966
0.6237607735759686,1.2265355013168566
1.1298144511527548,0.7589937040812533
0.9479442858332457,1.2253750318795493
1.1959074305136572,0.8514883524133516
0.9388919638445812,0.9643568134562521
0.9836916121915913,0.8561787564666994
1.3618448213542773,0.7462171669594145
1.3984319375727288,1.2437904733570502
1.3402253365609162,0.982159413218341
1.2847008719917707,1.1764621219935016
1.31160446925327,0.9794417319155135
1.2261099618902795,1.022156559796742
1.3987576782965283,0.7039842916697472
0.7497841556671753,0.8104687733434646
0.8281738245769464,1.2004404146548642
1.3696543362353801,1.186969441226523
0.8866003288095482,0.8160060009007668
1.0718040767992238,1.1289303984845638
0.8779814022974631,1.1367107935419445
0.8918931594854873,1.3421630348472018
1.032396494692471,0.652044058405382
1.3268074802496128,0.7316278943166195
1.1661927702661676,0.7925566563531384
1.1169665785641139,1.2776477905953991
1.3825643754203738,0.8735778170470345
1.276385869071483,1.2056976587766521
0.9746738832481892,1.0319638294006903
1.154764288834258,1.0727100652834283
0.6143573619734429,0.9804733597196102
1.094050269682373,1.084838184945172
1.248500610283414,1.3305441657826924
0.7599441411548115,1.3640992181138816
1.1529089419495724,1.001546810976809
1.070823186174613,1.3504616555813054
1.3543004960962743,0.6354238311902296
1.3130055346523708,1.1885674670962598
0.8486766525744898,1.2006148979980327
0.7512922548451751,1.16840992617638
0.7904964627583493,0.9169726463673642
1.1937299136014063,1.256686048575923
0.7796111072047167,0.7334054479856407
1.2738725211827577,0.7406557236790784
0.8314613221600852,0.9658910209801482
1.2652461657175365,1.0548072516700282
1.3433105923879296,0.6806126803202511
1.0438766696291804,0.7227570208619423
0.8647590064676598,1.0928774624653093
1.2050863963024363,0.8382405938925162
0.8474500948798911,0.8203530615060538
0.9938969637990303,1.1483025807410239
0.6506480420886472,1.0232726967773105
0.6947089411489618,0.7898410565067588
0.8444708394154199,0.7577544112679583
0.7347191272560496,1.1310397453478558
1.0773601957339967,1.0940133533781469
0.8898246643823461,1.0489931499595004
1.0272049134210521,0.7853717401376149
1.0034829574035977,0.8221454098927895
1.1783737290462524,0.6365766403895263
1.0906284292533563,0.6323655660354693
0.613530584947898,1.1705237028210482
0.8110454026055418,1.121487549267831
1.3519172116199316,0.7810461270719506
1.1515473056055825,1.2403907667213234
0.8862184395729393,0.6741633633209179
1.3931877441482245,0.8410537520867694
0.7344403404423299,1.0918874021575213
0.7780106005603595,1.3857419917921039
0.9547703331403303,1.1415671324358114
1.305774245422142,1.1987090632306734
0.8491531553919015,0.8603563537625372
1.2281349879870989,0.9163294612502982
0.8519307508416775,1.1941555771590076
0.6985308238655248,1.1567992285723956
1.1021472304390967,1.2972090465279955
1.078039350920264,0.7014410180288835
0.8677277095934892,1.183652548985616
0.6537488133332661,0.7973431473612745
0.6658130951063588,0.8460996488257472
1.0296747153483758,0.6136133609760654
0.7398510465988628,0.7727031734901146
1.2690038695027868,1.0916369620723596
0.8533708519856813,1.257810274361682
1.163363222571327,0.8951702358036847
0.9798766389009718,0.7106169892398566
0.88527649522573,1.119042346100166
1.249971368176213,1.381101165639849
1.1122416859368356,1.1765873397098152
1.0820272250473026,1.1869550383925977
0.6703568919930684,1.056963612614454
0.7831640079325598,0.816189679338128
1.1294214602741588,1.3006066325352825
0.7137205862157263,1.0232872912717483
1.2150633511672417,0.9201826714824952
1.1717692065097505,0.8764527816865322
1.373117863247055,1.3435713038112214
1.3754375575912048,0.969368701934922
0.7448325525961237,1.369692540980068
1.2597353435879892,0.6869431683027045
1.0865081226933175,1.298495369930674
1.151686818708936,1.2593119305535554
0.6816165725896277,0.6691672882085318
1.0354125115703128,1.21239698424563
0.7767728537526012,1.3758935628936133
1.002457951731425,0.8726942240662061
1.1533554914272246,1.3553546617248684
0.659745085282779,0.8035014965927563
1.130687536340748,1.1830572634106655
0.6113812045303152,1.256618912651734
1.0039068084588771,1.136493349585772
0.9550016741002334,0.8386705763052877
0.733159591536282,0.8169234556265902
1.296019920645946,0.7867407736294664
0.7126077391234255,0.6406651787779921
0.7441310355658727,0.9234247170645558
1.0933180661026636,1.253656460327289
0.9828165405819729,0.6252504213490693
1.2950966603763512,1.1717850706460513
1.1074917537640963,1.1662582269873627
0.6993848326280485,0.9907051401975175
0.7549547666239108,0.9161773084483067
0.8316844726924681,0.7627998296857872
1.3147100781210983,1.0174658651784911
1.2267156701197885,1.0815350237775716
0.9739692797470074,1.2079402983548069
0.9956195770537151,1.1883709029991234
1.1443951171580828,1.2411338802008576
0.7444080435923821,0.7420964437142302
0.7510891700358515,0.6826875249171118
0.7577549928288908,1.0226153084267766
1.3769801146770344,1.2243629816448185
0.786317257342217,1.2752554827506812
1.2861307581753425,0.7178993845405452
1.3465743845148674,0.9764561248559369
0.821256932197976,0.8439137646497925
1.3538086323499359,1.0524467967259454
0.606444909450733,0.9231780668560474
0.6392176430955459,1.341453082061256
0.9713281841307453,1.011330703229237
1.1863820599577426,1.0554771208581575
1.1471367546353082,1.3185139421359005
1.276950554445245,0.7966294501258689
1.2962027675939298,0.8161171830843866
1.265696787160449,0.8875032900422521
0.7759163886717532,0.8926637481176307
1.1639032962960856,0.6999644435603558
1.385056343492331,0.6878721992362601
0.6704203181871531,0.932741498320514
1.0223549388092605,1.2607308826417016
0.6460646559375045,0.6510376681880987
1.1399515997790126,1.0934500049316203
0.635737541916902,1.2623904992794688
0.8368101878691778,0.8179349744361815
0.6804951846849728,0.8413185804016144
1.320972883762117,1.037000956104663
1.3914093980019269,0.994107462005057
1.1427078893008802,1.091456360684131
0.8052106159833632,1.0597714101208608
1.3898972145866504,0.8366788091569646
0.8865506156690847,1.27805629084954
1.1331545886735532,1.2232662091047335
0.6708542088708559,0.8907443967734224
0.9901118431913163,1.060326627503015
1.346734294165766,1.097547989360554
1.1216326819281532,0.7555874056044068
0.8802914653851859,1.016225161459137
0.6333980109075374,0.7903597105590985
1.1061054922544122,0.8668754804306087
1.1657959259791069,1.1041559766831963
0.8755508572391807,1.2531698121985726
1.123940292550626,0.6892179044600423
0.9350388289063458,0.9748826187642559
0.7815308899577262,0.9344902624788837
1.2024305896741299,0.619976734984013
1.2683322793127991,0.8132067046403628
0.8980226263195423,0.6754460798229784
0.9244564395686377,0.9834905751607252
0.7670123686372896,0.7846152765102842
1.2502578840668552,1.1281333005671188
0.643654187782948,0.9359038056361881
1.306864857553188,0.792733251877848
0.8576201598967421,0.6098006436455772
0.96092411742458,0.8218525019007211
1.3189118509110809,1.1761338044304628
0.6815812125900711,1.0884256678061872
0.7654478886585252,0.8971277546507196
0.647268076226905,0.9288170161144651
0.9971753210894464,0.7715377993765553
1.1323172039447849,1.3204452688232209
0.6959135815801393,0.8151581485499203
1.138889334260829,1.0066866919866275
0.9521873530283094,1.2097041162516353
0.900845996983541,1.2504923409928352
0.9723556492988781,0.6812552141607189
1.3363750840524913,0.9363430131155757
0.9174175637839603,1.2013094349894589
1.3275814573320348,0.7596984577020635
1.2948420058561914,0.6268923174931682
1.0426074356342783,1.1010717572341613
0.9256804232506778,0.8217808087647324
1.3306673615318316,1.0680857262670291
1.2301028282312014,0.6519947639057291
1.0151833944751631,0.9446800949576654
1.0528959001116436,1.0360235248225087
0.7348095048815778,0.8744329813031141
1.0259242219417712,1.2654476781873663
1.1616352063963942,1.258055532627135
1.2081428286248639,1.0865517966184652
1.153120795897077,0.7210013362242564
1.2821395139189549,0.8250287329981005
1.3778868179869164,1.1478867637253491
1.0834338727802142,0.6645227021183262
0.7339492749882014,0.8326562519579539
1.2348741215005066,1.0192063939082583
1.38298324615393,0.6861948918187222
1.3131050969007112,0.7798943511153019
1.096856484736302,0.8861250940433858
1.396806251504497,0.6905378681334079
1.3106447661911913,0.9376455339723384
1.3349201668160076,1.350200855340839
1.0752469744054065,1.2539986208176188
1.045585424014221,1.3457165338881003
0.8778163654541185,1.3000612125820448
1.1741463497427826,0.9511254968874274
0.7729222527348513,0.6554430031897438
0.7825100844241859,0.8455428032264989
0.869732957593267,0.6687315473569113
0.9392796449416239,0.9448964023634494
0.8195356337939098,0.7551731455163541
0.7257313870871509,0.8146280430698853
1.3249533712093118,1.0181764091854792
1.1918737648912332,1.2717295659599692
0.7253220556523864,1.228257210574471
0.9709133217370094,1.051989848443507
1.3661994892981757,0.9443797218593979
1.3665775663811655,0.9846010896227744
0.8051581445366608,1.2198891288077927
1.1776716214541771,0.8929721065330837
0.9365168056472037,1.2025848693335326
0.9895516488957308,1.2892932650000022
0.7893728108568971,0.8906355116045876
0.7777846613964109,0.8352252324037996
0.7758215204522692,1.2127425114041714
1.0122826787943116,0.7425385838474238
1.2527564627624437,0.8938354621769553
1.316147337039159,0.7886913488023712
1.0138132144494834,1.0835788238305066
1.060783015347531,0.7948307357825346
0.9388767318336597,1.3342488254114018
1.2131660906201833,0.636690477216056
0.8244661109350351,0.7556706641543985
1.2829859910158818,1.2422605740522568
1.1576619326229713,1.0469358298193026
0.8208990534075616,0.6815373566530918
1.03901316846692,1.2998643406552357
1.2472134442281106,0.7972468064153421
1.3969838581586485,0.6363536285277321
1.2686882885797306,1.3960320515294127
1.1665566463593664,0.9389383142805521
1.2608018421409053,1.1636761142460585
1.262686777723157,1.3780958403317662
1.1961341961903198,0.6917881874632656
0.9196380695348392,0.9484334955729976
1.3756920182201404,0.6514164653017285
0.9079872088047024,1.0533325727177525
0.801962753957151,1.3021905589473275
1.2273318437140064,0.791518221543283
0.9967136307758615,0.6144526353205915
1.1780862018493048,0.6028752670673457
1.0912393318698834,0.813899029331399
1.3386331223454855,0.9659244503055042
1.3669680825592727,1.3672302005226
1.0548047721375706,1.3335358042375025
0.8577173358412398,0.8341118913455319
0.7817760681190962,0.9993292111567684
1.0871782843271571,1.3517176356900393
0.6262344652708839,0.6956003077790458
1.020385660262691,1.0811496377324563
0.6953692138698131,1.376863967578182
0.6556500046405731,1.3608882592169294
1.1182558930975701,0.7365898643982192
1.2324109325079409,0.9033918697339576
0.8735190932744605,0.7179946812290923
0.6202766628418095,0.6394210012241812
0.9931159803111314,0.780351358769445
1.3834991490737896,1.3056694624884964
0.6491624737544917,0.6768941424178185
1.330813162662505,0.9887339116864271
0.7885055127579375,1.3172626642203389
0.9416538554272118,0.9914326372524264
0.9924891331951058,0.8884624791165792
1.3025070711933688,1.3143520908455935
0.7030666689628848,1.1169859891719633
1.220639143249997,0.6021147071903241
1.210452765591457,0.7734895803952782
0.8664257770507078,0.8310666671811051
0.9339694877519344,1.2502401288329126
1.0030332930442538,1.1910900090007916
0.9141213330318043,1.2044604455914356
1.2491753427638606,0.7082027502043398
1.204380190668533,1.2735712220031723
1.2959032497054643,0.6139557307309462
0.8947322962706855,0.7434810120867645
1.0616292456915177,0.7283868907616549
0.8449014849594618,1.193582083687668
0.7262111835143493,1.3836280474318465
1.164925844727343,1.0079488418556317
0.8585838780741002,1.1982726866404418
1.1574237278959392,1.3639465021197545
1.3981260284699448,1.0650908607128362
1.1245264389527914,1.3729245499052891
0.6390836905847787,1.2888429646270145
0.866321126169498,0.7041763235929177
0.7720303411217792,1.0974887931117023
0.7477174416615204,1.3000920433461134
0.8371158958527879,0.6355188071970763
1.0100411248529566,1.0095932897904016
0.8709709730818384,1.0412612914774675
1.2054208928429793,0.8774307646643486
1.289582304664605,1.1872052100515247
1.0473357036628543,1.257180745963777
0.9710294264877559,1.1476085762449029
0.6475472271074532,0.8855339343673794
1.3532718995179132,0.843668086532322
0.913118447182565,1.1820599406651326
0.6446387075481211,0.902223582868787
0.6953134155167875,0.6220229863532565
0.9340885351432084,1.0100323455827527
0.6832593374445564,1.2697001808908357
1.2709517256194638,0.7310346132944209
0.6464214716430439,0.6157353200784499
1.1297345049875864,1.3368910736823831
1.0109154918110672,0.9851198746872537
1.015091956113023,0.8067251726284275
0.9624293083216074,1.154505085765779
0.8542163707156175,1.2342323871610152
1.1643372465164559,1.2266881853934097
0.6649057421880182,0.6273452549437671
0.7403338545939085,1.1852246832918536
1.0704590795985138,1.2990242749740637
0.9135067897812973,1.3855440250896671
0.9111878385472083,0.9294048536812791
0.7236713065345883,1.0091117780365884
1.126185040825269,1.1222114048355918
1.2310187942483624,0.9402606149969093
1.1823993561082897,1.1355059491331718
1.0697841247815616,0.8805551030361212
0.6898254741487633,0.6542359632638998
1.1192779302057398,0.7610314987074985
0.6058301094101178,0.7679778410016507
1.0990477880039382,1.1501887187887054
1.3510699168389426,0.7604068603226168
0.7742970169119959,0.9316140149745441
0.9437931191248699,0.9631838583217647
1.1999499102977071,0.8960770867507286
0.6079888623761788,0.6771338316612137
1.3143602636338236,0.7239623296721573
0.6392975537307697,0.606482239153608
0.8436865548875769,1.0025855806802144
1.0602426171340325,1.1510290710998752
0.8560517903913408,1.1594914065726423
0.6872853706646509,1.2121429769189678
1.1946492151434078,0.9140599232240821
0.6965866454897994,1.0912921299927167
0.7327156186243255,1.0064354174747634
1.207426743910524,1.1180273118720188
0.6260589251577404,1.3570843890074031
0.9667650515762243,1.3369892773886094
1.3960456296055481,1.3755297426867008
0.8708215981719629,0.8153399663340075
0.9814843951481277,1.3398758700095421
0.7215719648589365,1.3671308083697018
1.0301152148006711,1.3353227152762694
1.211616454160398,1.2938658321021306
1.2299341148403917,0.9391452049026459
0.7723337106860176,0.7667074116182034
1.1247944261552925,1.398884430621912
1.0577983415471373,0.6070151863167069
1.3154017200835808,0.728591565105331
0.8923641699678025,0.9357089204979254
0.7287236369442632,0.7762101717361374
0.7224228461502158,1.1001027611133325
0.9738121798751183,1.0931054547549428
0.6566055365639455,0.7974935111735841
0.706172979776967,1.0230080396343568
1.1955471853994415,0.9524815903883923
1.1147525031052763,0.7343345368614536
0.6901543267432796,1.170250785749618
0.7593831410761083,0.8982156007834277
0.9323398606087488,0.6234798267363237
1.1920160297522786,0.9250334320720837
0.9110930142791502,0.6267685942556215
1.2674155612296718,0.775152671880736
1.1511551286768733,0.8800114083339561
0.6571595036175476,1.1544697078035773
1.1453473973707649,1.1049273795711407
1.083049117338906,1.0642906088873312
0.8767503800623292,1.0202040563137675
1.3638645717423863,0.8650856801361668
0.8859936929851234,1.1598893468221398
0.7827291110258889,1.2232802130205558
0.6219307432891514,0.6433410760535808
1.0823376890801377,0.9793141818368158
1.3321058986059808,0.9206534299186451
1.2813471485969061,1.3261790326134495
0.9561633594695216,0.9310148808414831
1.19305298239893,0.8191257162287536
0.8414090915780623,0.6059159491078944
1.2332776394109382,1.2863703341565305
0.6134571389445896,1.0917183191882096
1.2620147911878856,1.2532219630387649
0.8402530125209399,0.9265504885437025
0.925152044872514,0.7628159441487452
1.1404776416290927,0.7357298761475081
0.615513861247942,1.3196497145676425
0.9688284524602628,1.3451671971195132
1.3304873953008025,0.9413837279082634
0.6864982794859491,0.985470928317725
0.6912596889409605,1.0224660419670124
0.7078387551834825,0.9920601286322642
1.119192547582441,1.1086181694746038
0.6761583953794226,1.29190706701223
0.8914193930188697,1.0598400376375232
1.1778209972193197,0.9224282655571697
0.9233483981541014,0.7229328266530616
0.9824122199323335,0.6834745592787398
1.2919125451878073,0.6719726346100623
0.7464317595659422,1.3211447772142693
1.2720124393025978,1.0416349344523486
0.7980965295724949,1.136785369203844
0.6287547651006852,0.8615221639820315
0.8469296218491479,0.7567976409071508
0.7156850480429625,1.2927511944799506
1.0284889239523434,1.0846619552370995
1.3962894783090947,1.2901233362127584
0.6036880801143527,0.6784209715101458
1.253656521781429,1.2208185245889447
1.2615546925182928,1.2588670804279172
1.3742143253090076,1.1031507523120894
0.730537469030809,0.915151698130009
0.6503779668000874,1.2995764814748436
1.379725333207206,1.0359234266740578
0.6718857538153881,1.193234894399585
0.8796681496921157,0.818993784230677
0.8171931158135617,1.2552889273885555
1.3119501968626577,0.9459404334262462
0.7902873762526688,1.083083271469401
1.1971105331036052,0.619023340850546
0.7066728686889197,1.0856357902944742
0.792289158761257,1.0955238439964217
1.3616164712987513,1.3885736176961194
0.7139512362986048,1.3374876346217157
0.9218586010312497,1.0630918402393585
0.9386704706705784,1.0202574760653547
0.6771152233513423,0.8253890710346421
0.9838346423957138,1.2351985761884694
1.0502476547083965,0.8237464356138887
0.6319571990552197,0.7378492847392135
1.028401136240805,1.3638267915570506
0.9510617707304361,0.946112065124098
1.1413179191270004,0.9100442835863461
0.9702640314603074,1.2455802588995977
1.2397647185651957,0.8432328951324157
0.9035836013697786,1.0294748911848524
1.1699315227402345,0.8930814872158662
0.9289827595029629,1.0806885271679862
0.6452884431096515,1.1421475265885799
0.8912591593984138,1.2878414632241053
0.9318141530380851,1.1193699838762123
1.3340932880822425,0.6571834566284619
1.3379536512686085,1.058321734311094
0.6841493584726207,0.6141854668516853
0.6067519520404112,0.7546544866974441
1.313822511752632,0.7286996903042462
0.869069327316112,0.9397256586323257
1.0021604905009949,0.7325401020597466
1.3440996203534163,0.9075574738200306
1.2549913446291083,1.015399768223051
0.9622020657090091,0.9707813612867198
1.1472037639468904,1.347389944656009
1.2095115795035984,1.1942674820327883
0.6224962877849862,1.1290283740803102
0.9075203865506132,0.7719968777930084
0.9955680081683436,0.939326895834928
0.7582307005297476,0.7959778235856988
1.0917120499430268,1.3258858291917845
0.848929844634287,1.0926014287175956
1.16045693123366,1.3076381855210146
1.1664432795560633,0.9908235012549321
1.0137359691696866,1.1282805341215123
0.7608396496629994,0.9494681652051804
1.2183627723066457,1.1353349331651166
1.2367351058601592,1.1088659159752914
0.9563580216543008,1.3510972397462981
1.2984507444432998,0.9205725520210665
0.9112645232045542,1.0117031708891406
0.656935978694798,0.717308499235764
1.2957541798365908,1.2047257075873787
0.6253125101911865,0.6581698284588279
0.8490018049608359,0.634997965317497
1.2473157029360264,1.3129737913013622
0.9213271238468912,0.7858869407485657
0.8300435614244827,1.3005561209974494
1.006462795518659,1.0830113825434804
0.9847529001410622,1.1699559036556626
1.2892689579416097,0.9897380158421025
0.6642069550177931,1.0559919877698456
0.953215375383434,0.6730719493975337
0.8514642443962759,0.7732806737013427
1.086972844586882,0.9109727145774047
0.7676635980411483,1.106796348678858
1.0440919162903672,1.2328439223660843
0.8303510705019655,1.184784860672241
0.8094443655304812,0.9182770774825506
1.2856647961974756,0.6894880069301893
0.62066121603318,1.1816908489087996
0.9220226613334407,1.0455277877504956
1.0710384551823102,1.250202921706975
0.9888420184425362,1.0592591969557812
1.0029337978365893,0.8582732510228492
1.3533908472706577,0.7746293022053792
0.9135410652855507,1.2921717825407038
1.2990524513181723,1.0494446868968843
1.0057931095654289,0.7842605422327368
0.8808357654495931,0.9062027342561128
0.7990943439452738,0.8586301471289323
0.7365839387474022,0.7909507700882139
0.8457472637733143,0.7324699052101233
0.8541534424855473,1.075401580191428
0.8248998575031569,0.8829613014668052
1.095540933221902,0.9810994431347897
1.0807275606921902,1.3858108919743204
0.6069598030085196,1.3063186575176946
0.8640960237272636,0.9493406919219246
1.0335752222663124,1.1528806807056693
1.2998792414706606,0.9385435088234004
0.8765441811827236,1.38407403677222
0.6779441752139623,1.2679281478871918
1.218694190651341,0.6924813309043589
1.145893848583491,1.2636174035298482
1.3264126564643204,0.6677508599620445
0.6467905304947202,0.8059215088624676
1.1507279435391153,1.3221245366308132
0.7356909629098853,1.3917683012527193
0.6792879217307768,1.1879696032993237
0.7938760800776596,0.7431209965101615
1.3712791834494742,0.8531413286964723
1.3289549167733243,1.1413426828888982
1.0689701178809647,1.2692371050295033
1.16886455368193,0.6572007455421306
1.178508239578588,0.7800946618303026
1.0182400147472364,1.2378676210144572
0.9551710816009633,0.7369992331963658
0.7371494686247893,0.9005130831082591
1.1525130727534996,0.7450623598778643
1.1900579698429232,1.2297849405395476
0.7584826861020603,0.6191374093346376
1.1121372536983296,1.2306538711101194
1.349239664136431,0.6281070027072495
1.1312587455647627,1.3983987929636559
0.9245388625944483,1.3173004740054408
1.2631918081838593,1.244630803926544
0.9306059915103019,0.9938038058473606
1.3313357352068642,1.1639277409855628
1.3148663614584553,0.7622822227253975
1.238645587319597,1.1738068197936138
0.8973290960877648,1.3775648159125757
1.0219307421958514,1.2618191108695425
1.3245631674113056,0.7235887903275798
0.7479329995410031,0.9803562404815592
0.6697434015579105,1.3602577556085882
0.8674259075063739,0.8436935621647792
0.8301187743588352,1.1148526561638896
1.3642300956988973,0.7301680851464603
1.3836164051559665,0.7414976674638781
0.8573939045440527,0.9486759694872404
1.3270113987586112,1.203074770680709
0.9428129599591157,1.3481457199508737
1.3191001473816577,1.16770113779369
1.2631172544834963,1.3238095611185654
1.0873679284547684,0.9159069935745048
1.3141625695285821,1.253574866498151
0.6766029257846615,1.1942043588056146
1.3446901950407166,0.7832042918058081
0.819501809061036,0.829025052750441
0.7485740395931071,0.8889801174949975
0.7079425417386163,1.335543440919203
1.035565285504343,0.6177215315196861
1.356327609585422,1.2459607151788572
0.7669199441185895,0.7695362762631917
0.6027178492611184,1.1043053829441412
1.1808316868943636,1.3150401844891302
1.3785573525452042,0.7487279373411462
0.9405088769616843,0.8063495849375556
0.6274554503830662,1.3653682797134779
0.9565097118930641,1.1203517185362286
0.9286068864132168,0.9435853296343037
0.6733309294302404,1.1691584366776553
1.2103386431540795,0.7788786428434877
0.6535560411571911,1.225837639589559
1.173643002850385,1.3225990134574843
1.1278167223313813,1.0242430922008456
1.093408253234595,1.114168307664636
1.1105111960535083,0.7111311954484658
1.0597096336368481,1.1877047143444388
1.0146501915201591,0.890132189715492
0.9540026808233255,0.7582394694177851
0.8239171707777799,0.8389504502089229
0.9924098835373467,1.0657285019220777
0.695086060732859,1.3581272969635616
1.0096094120670989,0.6850039866648374
0.9318583944110871,1.1503745955714293
0.8250810767740302,1.323180171559455
0.6280784919749758,1.0245133783291895
0.707629427276658,0.8095644000426031
1.1475326884372081,0.765616123322209
0.95342538005792,1.1949247553906641
1.1567993539175634,1.2346347948489296
0.9057969012162951,0.7563527180231088
1.2843789945244837,1.2343322160721153
0.835116844700022,0.8317573584684708
1.3120021077505921,1.1309383040156546
1.0699523649864977,0.6512855027462607
0.7659531144136462,1.3631603024572425
0.9946098048262388,0.7736911591384122
1.2596300297312593,1.014806664193333
1.1303864559380457,1.1456296868350753
1.0732155560031476,0.7699500049453636
0.8672470936550534,1.005706842805047
0.9554290926132599,0.8523269234131788
1.3132145939609228,1.3354637463171035
1.203287872728776,1.029828814903753
1.2724580335418219,0.8912056573571072
1.0786196452458867,1.3532059546784587
0.7916489046736911,1.331644903073198
0.8276934391366982,0.7729129268665978
0.9063464680745346,1.0618464223561703
0.8438646682720093,1.110195478521238
0.86335554407872,1.2213822591583956
0.9802666855707705,0.8780672537535528
0.7140376108062527,1.1160473699630253
0.8667701349542937,0.9229344716203238
0.8272103033239198,0.8592555205458922
1.292433520332887,1.0644920934892883
1.114178836836396,0.6984894614057753
0.6954416685247219,0.7315373626367391
0.9543985692681124,0.8507726793884604
0.961065808003193,0.7102914030441914
1.32078459808271,1.3499497809230423
1.0316009490432076,1.298691102267553
1.2562715017963035,0.7779535169535801
0.7074246899096872,1.3244814325158476
0.9569544679027614,0.8691962944523483
0.9096465512392395,0.7274566180671578
0.8990365020965179,1.2145127232947184
0.8407161329705147,1.3350332631603308
0.9919563746566118,0.9874180807206903
1.3062641251013425,1.1644090155718332
0.8386111282150324,1.3894815186275857
0.7878352540926516,0.9282687904563143
1.3221110107417338,0.8272125501962593
0.7517176662461503,1.0649495203758108
1.08449138874691,0.9108638976309797
0.9662659723286895,1.2815654220976913
0.8852907708811544,1.0413705001598141
1.0566188943087294,0.8248362114851014
0.6289050941851356,1.1823586764130807
1.0261422821706596,0.6228827806737838
0.6012435953184483,0.6411541299722292
1.1561757836603408,0.8753121688933075
1.0519806726416665,0.9606811442362105
1.3179225893433333,1.3540751638216215
1.3033353632958338,1.0199991659585668
0.7781959074941617,0.9513289297875596
1.0399028305364073,1.0507849273657852
1.2740072112474647,1.119855077680094
0.7751990782366331,0.9331458885964372
0.7328773349304442,0.8663010029280601
1.131705853667735,1.199340697402486
0.784559256049155,1.1259273617355863
1.3192779080594357,1.3864820282530714
0.6413001817225426,1.0748229499595825
1.0302568685397968,0.6029856449128785
0.6288582836048522,1.104571358961648
0.9779336255717634,0.7199124736674034
0.6086762978965063,1.355057261751111
0.714690260556998,1.3236318679072112
1.3518116078376474,1.082326195622151
1.3406394263299881,1.0430354577799614
1.2030914923519362,1.2699430189124432
1.111545319195715,1.1798686406000005
0.6243318475028454,1.0053693394975642
1.3951914632809193,1.0442040482139803
0.847357773190267,1.3759527011364736
1.0443229502133937,0.8199473946688682
1.2180136471276513,1.0465058530312523
1.2552678814596887,1.082791970420796
1.3690319895377487,1.2591499782364335
1.3949334926599837,1.0932006123253912
1.0534190198292808,0.9059977681485971
0.6414415506629639,0.9204264137043942
0.9143613097425733,0.7028660374417532
0.9690865724565088,1.2545295054909547
0.6147522097025682,1.0050913393879974
0.7770238444139042,0.8908981463091689
0.7789910239647503,1.0469616684696343
0.9653332193883819,1.3047235685761138
1.0554082908786278,1.2529726912575505
0.979994107997842,1.0230430157787047
0.8983842253390006,1.0355524074890416
0.7538765438780569,0.6678795193398607
0.6564246089450091,0.9072960070032212
0.6738102598482949,1.0065738610114239
1.22482680841745,1.1592467312656363
1.236980229698832,1.2574880161912247
1.2130768163648025,1.331717419519917
1.1622503508150386,0.8875787212810207
1.0468611382305892,1.0995270594791051
1.1827563140898953,0.9719315182819293
1.161917861798654,1.1115915303574189
1.0645166299295945,0.9335376909781242
1.2424296628097782,0.8384386482015208
1.2227852067913285,0.6374809995351267
1.2813729467440484,0.7136783985838717
0.7979332785294152,1.2420833326439369
0.6786762915005511,1.374549464507378
0.6229476882970636,0.8002569505046027
0.7948866136500629,1.0652517697224095
0.6146478734296922,1.0589372433672652
1.2514028482432304,0.9001652551137942
0.8736371421885789,1.2369904823075744
0.7834750763963447,1.2319351847446316
0.6498495643793004,1.100606939507195
1.3158546955018178,1.2475446100386622
0.877353631838851,0.8584679263731643
1.3429274630553443,1.0427281861332784
1.3928336044924987,1.1861588199804234
0.7410553811335309,1.202776954645365
1.0673737389700348,0.7189009594499896
0.6350765169460376,1.3306116739555855
0.6637131953938841,1.2312957313467559
1.2104855983546106,1.170359226601794
1.164789634122875,1.036716881471527
1.3088266772116053,0.9026189284877822
0.8916627445738297,0.8496634051368339
1.0633988981524118,0.9750474891320018
0.6000511541438767,1.3061269318934103
1.3914723019081756,1.1146718502782997
1.34001227002787,0.8499439736224038
1.1341138456464352,0.6175948840709731
1.0058797643547517,1.3118700998814241
0.6204796877158284,1.2384103605000734
1.2906963728043113,0.7469246416750399
0.6702514494176103,1.3763026009117292
1.1910646939531584,1.192133867803918
0.6508943553234948,1.3915165795890925
0.7628073971197221,1.1234880581392912
1.1238436409497292,0.9950828754939012
1.3687452089999206,1.0316530767556626
0.9910490537268994,1.0121273912174407
0.9675676610261299,1.2388837301170588
0.914678568807177,1.3736225478561537
0.922192691736375,0.9969350562936115
1.3044180707513817,1.0614091950996491
1.2495715189232488,0.9016474471600933
0.8561342156196872,0.7639034623553107
0.9000517248927454,0.8519578705175684
1.2194912809751406,1.3577546077206255
1.3466408112233301,0.8580674593077015
0.9274243127927292,0.9437843348627919
0.7352751158853564,0.6016241840694232
1.3703055141151053,0.65700162511706
0.718566405512886,1.2250472138058957
1.0890582043370052,1.1681736271096042
1.2753598363540628,1.2275176900482165
1.1733574329210175,1.3137553312598325
1.3758899036106813,0.6489041416992415
0.9349193872302162,0.7024760252454026
0.7421018766029404,1.3171002754758385
1.3621454809155373,0.9273576455332295
1.1155856193048361,1.397659789051761
0.7506316094695853,1.282136287494163
1.1056291419735327,0.7302801830790742
1.2533047113141431,0.7201676159731771
0.6356490121858209,1.276867710707211
1.3565819738836986,0.8016880747201254
0.8365271160124625,0.6001115200978099
0.7988213874453022,1.3393012716180837
0.9887675044641113,0.8018329273570008
0.7404729699328739,1.210113078114921
1.3016515585690347,1.3161906032138238
1.0520034653986121,0.9996103099133555
0.795723978094763,0.7467222529021426
0.9737190288879842,1.1801418048295704
1.0683978564871401,0.6491505201160483
1.2454890073876346,0.6615498639905801
0.6699896671678915,1.2359400046975217
1.069643189327702,0.6180387075947859
1.18520773808779,0.8380944266144847
0.6739122722963258,0.6752943908310192
1.1020629719686956,0.8660964746196191
1.3326766927253804,1.3979867000793529
1.2231441227398916,1.045421848712632
0.9354332805463736,0.6085382506761519
1.1079726936570111,0.997709918074907
1.262161579711076,0.9983459657979559
1.2579190787350287,0.7313711888724058
0.8919941187848934,0.7258388672038862
1.0791295666947205,1.3676975807200504
0.8959532744995016,1.34645032570356
0.7869912907334942,0.8833472320120794
1.2404932900906085,1.1153524841652303
0.6780911821610005,1.1717492205892244
0.8573314192249032,0.9567741464465969
0.7705677051112201,1.027582615271035
1.3350959453716866,0.9589152014801889
0.7282976506214749,0.6154371898741505
0.8192371141352464,0.9639639007494412
0.7679933519511755,1.2904385346656313
0.998204037686625,0.8267695757216409
0.7321050171936689,0.9832311020965436
1.090355516469613,1.2164373132038289
1.2928557364982172,0.9903561871597851
1.0841367915906337,1.3234693259220998
0.8453075033109236,1.1018774981086907
0.9645220953617435,1.2466596713504554
0.7741269628883267,0.8022958628709856
1.0986679101430235,0.7367351127503331
1.0081217875898574,1.293489180662292
1.0112843039900576,0.8785755694667533
0.6048791618680509,0.9663458368615527
0.9513639705657777,0.8364839495495064
0.699829140002714,0.737370745672544
1.3045907795045892,0.9721779122962205
1.358253615316205,0.8399245864044924
0.707586809071418,0.9198838419208497
0.9336698193998726,0.9121343129269913
1.1306364161224778,0.9226692132741374
0.9811902941819353,0.9406192074260832
0.6528450271677667,0.8802571959700631
1.0599888306120797,1.163873287676441
0.8290040550932163,1.1926013913861149
0.6046530721995009,0.9203426392106784
0.9221501413050555,0.7162147416967526
1.2077122694973723,1.3859672753615806
0.7504324333290374,0.9776466223458282
1.2120751323403778,1.212309537032859
1.1099145244500193,0.8581570415090657
0.9864569615302381,1.3453877407694903
0.7311573178053632,0.7267704220037734
1.349179615556484,0.8687669849814724
1.0739498264920784,1.2859892117478287
0.9604576802850147,0.6684363522804867
0.8719762749400196,0.7293258804201989
1.056846357362403,1.2195886799524915
1.0684671465341498,0.9274955251976718
1.0388512268215422,1.2446510441665908
1.1127752545964227,1.008049746436758
0.9225694262883184,0.6480681300535909
0.7897747561420121,0.7093673123663249
0.9343730739262656,1.3763274011909206
1.1104467460976464,1.1731648442968767
0.8593719943437083,1.2543721530974614
1.0392723694034762,1.2322826259136723
1.214901902102162,1.1374796728147407
1.1342205192514792,0.9620413082988319
1.2306718595578539,0.8368510169000265
0.8093836433640993,1.3931729003204367
0.928019140530023,0.9797290524788613
0.6902263568631968,1.2858274321504433
1.09395978190257,0.8692187534004285
1.172862817134932,1.051688848874998
0.7435756937040517,0.6545488284351114
1.3512933799242313,1.2288438185321637
0.6277823299994177,0.9467002430675502
0.9136939079853157,1.1321458185386706
1.228815397235782,1.073414785185383
1.0570073417305625,0.8465674916917603
1.3413309018793047,0.7477748417736826
1.0766705415626103,1.3841670071290049
0.615919942597473,0.9664207592070522
0.9654533447455123,1.2473638223701458
1.0988021519874125,0.6124170792774668
1.3152125440509745,1.0637340137947284
1.3585095103626346,1.2337246689407477
0.7568178152172773,1.251399616724552
1.3389392922445509,1.0471007648386228
0.770945217151257,0.9652045291215394
1.1445358011552311,1.2653821869422786
1.3830785174320284,0.7540241227503377
0.8939611077482219,1.1481911861484666
1.2809142673175882,0.6191015391504279
1.3804747903851777,1.2820017877341485
1.126772593558214,1.1298776799637107
1.1942547395609773,1.0756984142593442
1.3649667253412927,0.7009242665769742
0.8595012379510643,0.6643025552890826
1.0206292543709463,0.8303999856976538
1.0889771419200385,1.1357465948598136
0.9438547108959282,0.8026891571592465
0.640750328309135,1.0310627167110902
0.9572515659917318,0.9413497914638737
0.8625395367943474,0.6737274023331915
0.9227723636896642,0.6600187990242415
0.6455862965848802,0.9686040395227145
1.265401813300795,0.9790209026056466
0.8704556153623376,1.1024400314949236
1.20257870323197,1.10709803927791
1.2755524377161347,0.8228144145891314
1.1795424907587053,0.7347720125534404
0.8361574994317066,1.300255151867322
0.66019233400456,1.028229394537213
0.754036990264459,0.7653721814494254
1.2997489881737088,0.7326376794912994
0.7070998829214477,0.7190442126629409
1.3013102300103807,1.2687523932265916
0.6669723488975017,1.3669789521244289
0.6993205869508231,1.1191257951873055
0.6917421468495973,0.9558683149985989
0.6444896844052054,1.1197063729151981
0.6419024986439689,0.6212727635677067
0.9254965431946826,0.8601846452345457
0.6864361243932772,1.0325601613278024
1.0677415799789698,0.8627424967430687
1.2284257309592865,0.8636309768661682
1.0736288851895317,1.3623267200865894
0.6366017039850262,1.227989228069252
0.9353587515746142,0.7088561213426762
1.117161309271284,0.9734580229157188
0.972577766850252,1.1614211929922278
1.19957160572514,0.9841650913616669
0.8123362557995166,1.0219585624943117
1.3112682649764724,0.8360167906985997
1.2404694689593532,1.0730961722689996
1.395312642189603,1.3381173408783922
1.2118167737291246,0.6072636852827391
1.2547892345516538,1.1851547103603557
0.7167002632735054,1.0852511329364847
0.8592713899038145,1.2750976291410978
0.8122809043758635,1.3436099952753784
1.0235683658605859,1.0642260724505648
0.884568621259783,0.7713350974664134
1.0121370318947782,1.396666212609029
1.2410938243673804,1.2969737497838745
0.9605326631533904,1.3640632805742108
1.3668212942595712,0.7713721766036276
1.2887958662548609,1.2136603504887051
0.8066202526240792,1.0893236345865545
0.6929026597176065,1.17519367385633
1.388677432568599,0.9520410046951624
0.9127126180874058,0.8722001598351359
0.9621326337006627,0.9299500849650009
0.8139766320485694,0.7393229264842054
1.1520921288971622,0.9807551345796783
1.3282430625871093,1.236794229653262
0.6111012667543445,0.6832588284680543
1.1882879660682604,0.9530569728609994
1.3972481191668156,1.150515365673687
1.2997751087937173,1.0505487745016273
1.2795483114195507,0.7186083680972907
1.190514867850252,0.6787800061280331
0.8970935150774395,1.2014310073480843
0.9974764270262415,0.9602203691689514
1.1166232815454251,0.7062297794154153
1.0916114694049326,0.6912060048285849
0.7808759058769915,1.0699376485889924
0.8988758569455718,0.8474624789282085
0.779272416605945,0.8944778224933022
1.2316737225999237,1.2608503301121787
1.0812240857847162,0.6024204581136802
0.891048198400507,0.608205145413561
0.9891561287674051,0.8635861161291877
1.3765274457294485,1.3190872073387807
0.9638456310503687,0.8694139657448358
1.3279589036012962,0.8522415818256127
1.0101880254510338,0.8638563480265764
0.8927896094473856,1.125184394415363
0.6967608386627634,0.6118035569385192
1.1581301591625852,1.380905176198765
0.8415224794563241,0.6042179483910269
0.6515894768957811,0.7676221864018943
1.3165461802943828,0.9253258135610423
1.126345243433557,1.0739026064465382
1.027098157737127,1.2968624767082182
0.6189512229851304,0.9013186657009691
1.3521858144929584,0.8028872572178205
1.27857739705558,1.3995030225040033
0.6944666683361935,0.9641546851351381
0.7339011085411329,1.1698865308234776
0.7710717517137998,0.7430406742993623
0.7953734567181949,0.9442972105946904
0.607123769310034,1.0796304820531741
1.0591797829357288,1.1860124241075929
0.8772104524263639,0.6771159805451803
0.8464722221761071,1.0494319134649943
0.7627137780883608,1.3425654042946484
1.3411662282892638,0.8952002222522786
1.341767966233915,0.7899438251220696
0.9430633085082235,0.6089701178527349
1.2176193834887228,1.253080235709965
0.6397123453335309,1.2235282489281993
0.7936912237228078,0.9648021579897288
0.6789556779268623,0.7731144441695346
0.9965470411548634,0.8106566596655408
0.9916143102863155,0.9945830838727505
1.1007988611825206,1.3358424456946378
1.0232441640024303,1.144963695835387
0.7310655292709122,0.709698946284606
1.1432472831420448,1.1981263512589084
1.2437281527341144,1.2711973123060054
0.8058505740120874,0.7404898628702482
0.9176068598802188,0.7380183933386755
0.8097195910175954,1.230812379011197
0.7787459544264458,1.3834741301839106
1.2554038354327632,0.7891199602012031
1.1265721011796925,1.1090914957755698
0.9162417956830523,0.6836590000377227
1.0067219947819703,1.1931621448113807
0.8333993781379115,0.7438716718400319
0.8144576612414475,0.8864773198708615
0.602026927563609,1.2184341108179548
1.0149437406218689,0.7424409575427904
1.2991385378514109,0.767203250436813
0.7616378815056329,0.9977641278636811
0.91041786453181,0.9270699404255668
0.6387002780100047,0.7006189514675579
0.8384070980810056,1.2748583626651637
0.6937804415603217,1.3012865156727176
1.066512935338365,0.8401309231850526
1.2096083450541943,0.6758135058549352
1.1608381002457229,1.154662465382442
1.2696007890666114,1.127140252162182
0.8946167751437053,1.383025265627879
1.0898662492325863,0.8644789929136036
0.7743518636816316,0.9353982513970305
1.0770267668161302,0.9120543116878818
1.3104446699574432,0.6605036804088702
0.9032768107412064,1.2445317723459768
0.92169071064845,1.2830251007337292
0.9468141629311984,0.9478243187964673
0.6533432592663875,1.0808347892742614
0.8107810180750316,1.3133520804969387
1.2697101724785442,1.010818666019045
0.6972655158881219,1.160624870488117
0.8517356946275739,1.0699154453696877
0.6626807097612055,0.9614978057256629
1.2177560014739262,1.3389136883339712
1.2757528709124513,1.0594079761685782
0.6126584091786077,0.9557531498372807
1.2384789620394518,1.1548436393650237
0.9691386395318843,1.084246067823581
1.1442795831040278,0.8387659664888372
0.7632482337635991,0.9252368188006419
1.2502246757985551,0.9929988774083168
1.2778599812178801,0.9930750937309119
0.9885050317993129,0.797628192925958
1.0640639923093755,0.7929733174226035
1.3817234615641234,1.1905420294184492
0.9750643855078036,0.7982895794997752
1.0146083552185146,1.1236144926489366
1.1922228211045671,0.7349799499203533
1.142016107073602,0.6299318797719559
1.2535997478883552,1.0944604534704183
1.057602689644352,0.660410164463842
0.8170285988158198,1.3430990036533508
1.314764332473702,0.9062409958059499
1.2762191186521417,1.0032415445429925
1.2720901094687833,1.1177854392883573
1.3228696365984138,1.007805827873081
0.9120386802732581,0.707874965872363
1.3752633872409743,0.8955149157837189
0.8048187315073188,0.9805281135969817
0.7529719881905106,0.781350709930657
1.051094819500353,0.7592047029941724
1.267482872345569,1.193480618427655
1.1926664916347574,0.7485844383009568
1.375973145625688,0.8374801374700934
1.3575499124866353,1.225561129338368
0.8425025218458756,1.1218793020238575
0.8930163703255114,1.3843264971351783
1.3838796243722058,0.9137602220823545
1.2203390832258463,1.0013499422981351
0.9103492654904082,0.9900390577717768
0.9704862781916738,0.645302807110683
0.8422157757363046,0.7399884542898576
1.382771990395252,0.7342328810842276
1.0512379530271874,0.777732407325016
1.1068890846861303,0.8043891381896204
1.0749939065758756,0.9023475450523771
1.1060348311027348,1.0638900850865525
0.7847605290114423,1.1693220656225756
0.947090868090914,0.8004090004984259
1.275098463789306,0.850262081742823
1.203905245182376,1.3699461845097731
0.6799160444135881,0.9872746258841449
1.0008019189438013,1.3264808372559704
0.8811282114657184,0.8330068765486076
1.1869850623547376,0.7875799801500314
1.1542105286049724,0.7817834761449536
0.8035966425415443,0.6534732548174288
1.0131572317251387,0.8540608684396728
1.1195520827928889,0.6099348291818859
0.7039833329566291,1.287947050193634
1.0139031022965077,1.0165516989947199
0.8018450664548847,0.602542866437084
1.2678157442347082,0.7441575910747287
1.1321742408640625,0.772597405519025
0.8728535217544401,1.268541414539583
0.7417853632596014,0.6538832217823453
0.9239027030733571,1.0665357512391498
1.3185051664233762,1.3085073136397964
1.3378631923567363,1.2503811153382722
1.1593276439131701,0.6225703362126509
0.7896185484437929,1.0291947109298092
0.9983307636631262,1.2933920484544374
0.9124295548148358,1.3768900155679784
1.0626567835180478,0.6840929034921761
1.2395158786649167,1.1734313309575386
0.6438972011764039,0.6893518169201533
0.6694516455836559,1.245686371319743
0.8315853028129286,0.8433801561629062
0.6391682602071153,0.6673577299533006
1.036354158671911,1.1108065877939106
1.2466803709292602,0.9959585761387898
1.3110255208361978,1.1056113000196341
1.2409982317694932,0.9640668780446191
0.8836131324294164,0.8556699517538173
0.9270912233051624,1.0696946462959012
1.0743099441388613,0.7410047960525662
1.3983145447239942,1.0482710805841275
0.9188472476792745,1.2663824498824143
0.7244821027221446,1.2210059401236202
1.100472112787617,1.2215393575314422
0.7819971659698476,1.3861973837667776
1.2981396615831184,1.01012652839285
1.2595722237573534,1.263147214728519
1.1183531597139642,0.6847416122235324
0.8571044068455356,1.1161945804318396
1.3493919953721298,1.3828491896499924
0.6141944840945925,0.651777702981284
1.1229388883284313,1.1978746910622298
1.1605462750103546,1.2940602185203018
0.7775453342582945,1.0563516972066291
0.6982207901719686,1.2485115074560005
0.9094805742649028,1.2349577359170345
1.138254975338704,0.7961427502503108
0.6107268522761654,0.9245011371545385
1.2285153888712106,1.280563770267727
1.1908708177528031,1.1811697409904278
0.7204853786690449,1.3072466940920895
0.9886089203899735,1.1360724518108967
1.2559426431895986,1.1445721802908522
1.3208523376119976,1.0643363598217577
1.1735188246972372,0.8482970582580205
0.8846731576276102,0.8488355754314817
0.6091930102271476,1.1789494117047912
1.1593880269708032,0.9098476998807998
0.8617702355311756,0.8599661491738815
0.6978541716903157,1.1459288159291257
1.0142681152656547,1.2761698128965266
0.8499475095342861,1.3707882492404269
0.80757492529359,0.7041304818712175
0.6913935865995011,0.9091754204521353
1.304081920069591,1.306998691899807
1.2017081259961309,1.1486285786474715
0.8527059175547403,0.9455617725235518
1.2898120198674654,1.1651501686141126
1.0835449258772676,0.9631138658350071
0.6930789306202692,1.3146278531109998
1.2503292551972216,0.8395332743324877
0.8963465506811923,0.8204367070407769
1.2321900117507947,0.7650063716047734
1.3318462246970668,0.7635201582670574
0.8642855522870379,0.6302219814684303
0.8125912585202374,0.8169691216035418
0.9025150140919574,0.6165125390107562
1.342050515285478,0.9627931806556471
1.3501049268103633,0.7222814650182378
0.8312779183889386,1.2846502738040428
1.0527674165329812,1.1268434200125355
0.6279519742707488,0.9450020687673347
0.7118022217204709,0.9053551817314257
0.9848354403589639,0.6442967229343994
0.7494608628221652,0.6765481334125107
0.7246695128932401,1.3184776742201751
1.222425299217708,0.7327706295293305
0.9578205358018561,0.8110153302843203
1.360692901518041,1.274690687882135
1.2438623574024148,1.3243573174025531
1.274604332781988,0.7217096748201989
1.1675694963243854,1.0900913621014918
1.1351703647665068,0.7936044990478248
1.3555084882453534,0.8037446707848221
1.0864147825459662,0.806103417502305
0.8346869287340073,1.1965006891414272
0.8953886468470531,1.010621174717184
0.8090641319466861,0.9237257665288816
1.2957816347884377,1.0908342205593275
1.3476954276207722,0.7280016534023014
0.9730057152472409,0.6941948124251534
0.6431291626297103,0.9494310773989518
1.0444113272377782,1.2403196679517696
1.2717181489494993,1.184804906472809
1.1512332599870976,0.7969116209095501
1.0574776522104343,1.0602994319869483
1.2398546183519419,1.1316288942521777
0.9855009957986987,0.8733480731262282
0.8086886074479132,1.1104936314949594
0.6578268766891124,0.8273565694732621
1.2518143441736305,0.785013646449274
1.197190271026916,0.8959786031786453
0.607917686270209,0.9103040273996588
1.1935378420070966,0.9302751436844309
1.3347051023479484,0.8370084371703707
1.0416952802528732,1.1185619950029546
0.652385769251624,1.2882831899995209
0.881856548099908,1.1622019802328811
1.3852666181162034,1.3152523492652954
1.006177291190341,1.1965699680643098
0.6395468903634959,1.0040297950591908
1.2804924504320438,1.1614705346220275
1.3105566092617114,0.9035857006528811
0.9237403977520487,1.2384906135377594
0.6411801607858844,0.8676449481827938
0.6403221681637072,0.7066284086711292
1.176076593373896,0.8036404451476455
0.7057506945732394,0.6986425119228148
1.094325458293854,0.8509089609798649
0.7844059172108466,1.3601424854868822
1.2740863579893569,1.046345514919647
1.0479822129310117,0.627991074228059
1.2638528968209553,0.6100914076300401
0.604618330143836,1.0280242764090932
1.3546798920774739,0.6715030418286811
0.7578180019156727,0.9291523898007208
1.3964110298829087,1.1740133351729498
0.8259311834431418,0.938875669141061
0.7644383136701074,1.0887499939168628
1.2201413691390763,1.046587558449456
0.7429877090811277,0.9708652383475354
0.7871017873785969,1.0081464301992846
1.019792335793285,0.9225595444167034
1.244785009523822,0.7421975914623995
1.181414590688111,1.2412945543094052
1.1703335352838389,0.7495023228824348
1.3234347244777056,1.3446364766253418
1.3000816837843119,1.3443090464456484
1.0163388923455314,1.198886800282506
1.3999258329521451,0.6752611156445467
1.356464201062569,0.6632981912002187
0.7492112489500506,1.2756272036516634
1.0956274892519768,1.095611324482391
0.8105892329970278,1.1507792388073317
0.7225992960156203,0.7990492352061502
1.3708075128079056,1.0516100815226481
0.6496201122940961,0.6990842301557074
1.0991476114422034,1.2486845274551248
1.060603394808516,1.09941556460451
0.681219485511773,1.1504389859116082
1.0587272583603953,0.9157317583481271
1.3348717323930899,1.1391750910213312
0.9770563041082301,1.016316714068385
0.9552158978905442,1.173998242383568
0.6942962937010706,0.7289663856178584
1.3494554443390667,1.0552663376236742
1.2735851218600445,1.1319520714428801
0.7152140071301641,1.1792945757727065
1.3632290915026577,0.9355554359871169
0.6040967605624616,1.3096765310607463
0.9326460823056426,0.9527905517510307
1.318285099145762,0.6202421431187397
1.1842555686511602,0.7841730901559334
1.2382344013492752,0.649205127063482
0.9878791954318809,1.0198727998414345
1.1214941750920948,1.0576084994325496
1.0794276224054453,0.7816675447346386
0.7887292068213358,0.6713850577444967
0.9074742645914368,1.0754958491591544
1.393008952289969,0.7482479743022369
1.0628180349781038,1.1550588017127128
1.3928851495921981,1.253446958847622
1.1502296695579322,0.7774705468533787
1.0641556292257863,0.9792580503385402
0.7293198430448109,0.6962627381303343
0.9119788735847068,0.6558029249213898
0.7262545570509241,1.245426456628793
0.9469278067359068,0.6043768972623852
1.0098412205373992,0.6809743236542195
1.1563229576137886,1.0660195872971139
0.8535903466073087,1.0704744281844802
0.6520147490936312,1.3977889692689909
1.0699136347180753,0.6831359329987233
0.6327468150604327,1.189541373424042
0.7377979672171268,1.2102596002393622
0.7527638119398968,0.6978632012607551
1.13274279487112,1.035075860386871
1.2742183962424039,1.1230794726087303
0.6025383785429355,0.750644794599471
1.395228764880165,1.0087851259299114
1.070696436108527,1.3272593221292874
0.6601576147781446,0.8158785716266055
0.7216199689322474,1.3087564733422705
0.653181155475626,1.2658137747461202
1.1236773767875445,0.8434544224081314
0.7307980299302331,1.300365708543259
0.6909120627475199,0.9375310176082677
1.173876139360095,0.6780321170713293
0.6368061986683091,1.2075509833004041
0.6799884360154644,0.7234886748712702
1.1321119086797564,0.6574858893525549
0.6693034694220772,1.103005610750372
1.0358156522906923,1.372770790849098
0.8168120067734592,1.2951291594134002
1.3191780550499892,1.2701657405244222
1.1965792119946297,1.079800760704974
1.1472814504476538,0.8358407946475254
0.9818470236013709,1.2217724452841683
0.7023717844285575,0.6054311170741115
1.3841481804556577,0.6984771882064169
1.0047175690633947,0.8224979893065256
0.823533149998456,0.6370882094324182
1.0827065132945493,0.8372201059424043
0.6088700682352303,0.6707843551589049
1.0738695703973686,0.717798335265185
0.6063397302006155,0.8966168656999847
0.6493864633037757,0.6409908896744102
0.6572064353481519,0.8558993534814975
0.7553415177650067,1.3008745385505083
1.1160650742438718,0.8024635350336105
0.700884949896008,1.0058943419929047
0.6426051175665544,0.9424693619155349
0.8446610636773346,1.088323334753942
1.1487320942699035,0.8103956476319238
0.6487377277120377,1.1475742562935605
1.3392226883538172,1.1466639323689036
0.6700992663833485,1.2334660429060387
1.0994128992004657,1.3696638757803306
0.6842017160971771,1.0867762627376343
0.6150552167126753,1.2179746277826349
0.6743272106700596,1.3572773508313347
0.9334559733231275,0.8229488943189901
1.3094025979545927,0.733066744980133
1.0365858723302228,0.7174550393219545
0.6555830262421317,1.1525119812044218
1.115665952069259,0.6970271116557468
0.8948258104023914,0.8112714493188434
0.654573905083866,0.6966803254680913
0.7747511325285894,1.0697823719890809
0.7845983387759817,0.6568127586443417
0.9203862017422921,1.1786274434184918
0.7264346094629185,0.6865765447299969
0.9620669039621284,1.1880954016324683
1.1429243443620198,1.2899119520152196
1.071352550463034,0.64121491771815
0.826881744014619,0.7036522902155627
0.6867532791720209,1.1139890811481212
0.8241695930845083,0.7935678995440962
1.1891462554935144,1.0481101809746423
1.1725570779750263,0.9217624386688754
0.878238231644604,1.3207597650421874
0.9359632614356472,0.926126458916196
0.8403258967511649,0.7031435351767731
0.8199528028887653,0.8480103839280551
0.8458734905659947,1.1807115805040431
1.0566597323341653,1.2582243571505747
0.7771265630407738,0.6818808863919479
1.040365379510841,0.6300857389677881
1.0556489222472343,1.0262956287154423
0.6235792984726678,1.2088770403177442
1.323901755240834,0.870655188073517
1.13822970758546,1.31787552531088
1.3906927177448156,1.013688101447459
0.7308104612921241,1.2166056495903352
0.8495151719987989,0.9594358895278654
0.7983480652383161,0.8621523810834408
1.2699284002183573,0.7769860081840898
0.9759882211316142,0.6835527857071286
1.0814476666727866,0.9421363111006823
0.6070007621034941,0.9911021491252532
1.0090649714318745,0.8021371445563733
0.6856424445469944,1.1376443205766171
0.6205770523449814,1.1033368704441222
0.9613218560431354,0.6051425386780186
1.317891071116882,1.156240723007463
1.3128861652237251,0.8614596517701216
1.1271228689798534,1.3233888681848631
0.9002197512660539,1.0713094086520853
1.0303787488888752,1.1212003490237703
1.2752412009189635,0.6898989026558047
1.0914926838610628,1.1236981649546927
0.7788308190333917,0.8557300657158408
0.6265013444567675,1.3147652799028067
0.8211997567416086,1.2604598190872816
1.331807770291089,0.6555366271459111
1.3889585402948605,0.8543628852971612
1.1929934956230692,1.3518797769909252
0.8009022580550281,1.1266604569733438
1.3984845318559085,0.6848709036734876
1.324525498675995,0.8538858079595897
1.1697679466906439,1.0497755561020843
0.6341324846408889,1.3199531764554515
0.7093717878924793,0.6093606335470514
1.2831011514167667,0.9816930941933368
0.9208034750626669,0.8097958955904344
0.6153799845158305,0.9399633346752572
0.9411170493248734,1.3153950116822346
1.20249436525848,1.0667258519662661
0.9364558595654476,1.0406133611071287
0.7258944087192519,0.7923702949053767
1.3706020215347428,0.9076210917686521
0.8393108749678362,1.3394334725067676
1.3897375367287177,0.8626859708855404
1.161799163285334,1.2224360853784488
1.2452355444927417,1.3056893048314926
1.2349388531364482,0.6911050574924149
1.1881786489587216,0.9246571035326105
0.9241803022116354,0.7872072886420256
0.9951106162336429,0.8560073096200173
1.2416077473480767,0.6627697838871399
1.2013099285884228,0.6293605050328288
1.0662297434960615,0.7279630768834059
1.3620172908374477,1.174321037444174
0.8102389506026274,1.190399918236389
1.0156779113384975,0.6560929589628071
0.7291533269426931,0.9963757345830091
1.0383258335602703,1.1641300967572157
0.6727685125194461,1.2289373181425125
0.6979818278471398,1.2088956941009892
0.8579517722031977,0.8976776545288262
1.0439742462258756,0.7884913822091224
1.3766644657200604,0.949717620823044
1.0090062047867527,1.3473256045517557
0.6884694473719095,1.393066365559083
0.7160959575866972,1.2203499941796165
0.6451879660501599,0.7248785634049912
0.8424212211815479,0.8072307419263156
0.6557328946434282,0.7174148447260131
1.292071593042234,0.8825403119385714
0.8253592541296326,0.8903519116927068
0.9715021934894514,1.0263652379417325
1.0402785653073316,0.8976849687899504
0.9222551216810974,0.8352909942861023
1.133304808104577,1.293992496588638
1.3643392449969152,0.7903000169960795
1.1639313711844586,0.6105157347429881
0.9748256590690281,1.0311238308102346
0.9833364109110228,1.3363382443615661
0.8889692324201827,1.0358418044278999
0.837488191093396,0.6938052403520889
1.0510237290377313,0.7999050696102672
1.377759673140486,0.6512174720704224
0.6131124336010405,0.7797054280255775
1.3792546656946942,1.3682092070408505
0.711738178782826,1.3104519963572727
0.9124834246752671,1.1897274905848443
0.8485820960655925,0.919248397991825
0.9099125042861919,1.1513742065298591
0.8496450147007581,1.0285324163657952
0.6888462334814711,1.3570350616557856
0.6258248617375952,0.8282894553422241
1.3478418430540073,0.9580424356940986
1.3289889194207127,1.0178531558223893
1.3609384691664472,1.3910066885627388
0.6960994653179857,1.2892536608559695
1.0350966460084663,0.7444689885156571
1.3948503292530534,1.3871164604263098
0.7635009357134029,0.9894090974847009
1.0522339889076573,0.8832561349107455
0.784297218911304,0.8610429203982519
1.0586918112158767,0.8231857797166034
1.2311008259571528,0.7718400902874167
1.239980733174796,0.8993477302923492
1.3824368176602357,1.308230489026576
0.9680817361097165,0.6862595252501117
0.7037550401759652,0.8713420619018541
0.8685122713315601,1.3383801713701844
1.0052311653019115,0.9286965174553417
0.9488344348250615,0.8179045177281971
0.6776177093760059,1.153387838854371
0.8720831524566103,1.348555776792381
1.2480572612124856,0.9871082193014826
1.2142766262521651,1.1397797960587992
0.7047490078135186,0.8647710144372717
0.9682257551937957,1.2835193330083308
0.6665152244967816,0.8309263830024347
0.7987431466594772,1.169254171614914
0.7898912383101327,1.15014183008434
0.7148588149587849,0.7727486808804495
1.3963646957849583,1.2832139285027826
1.3427549936831065,0.9695705277304567
0.9113291228781247,0.8784140184211696
0.89270247399143,0.7789847302117895
0.9823392288646535,0.7547929095593617
0.8067994352124197,0.9616498168461064
1.0084475430064628,1.1909000038672048
0.8379149350234842,0.6250370925997847
0.6432655440939449,0.7682343655294752
0.801578474554999,0.6670103423618867
0.7395936416759917,0.9274395056246197
0.6987091397499865,1.37370423447797
1.0873256188285758,1.053409646608707
0.7330440432323702,0.6493778756854335
0.8337775047153353,1.0597449516373267
0.8052980952689167,0.9546077101316957
0.6589193380641752,0.6278546432380802
0.8172592532662485,0.8667579653252313
0.6345740709345364,1.0896462801949118
0.6057554327771468,1.231615662176519
1.2532479104246619,1.2491531097220387
0.656226130492772,1.3869989029270111
1.2818551653655081,1.1600891906950475
1.1157358785750038,1.39171650896146
1.3011846394181321,1.0515563495360072
1.0431559445822038,1.1695069208942217
0.6231421344179178,1.1085216832906686
1.3036082252249388,0.7796130545520426
1.0818698411356085,1.2380529638974664
1.2824383435988185,1.27389933308228
1.0013131232911618,1.2965799174574837
1.1003090694817437,1.2529279760221412
1.0000103770510043,0.6038478468893408
0.8072577945621091,0.8766547080574283
0.9188983851029743,1.1194752653396782
1.3862745882959044,1.1897740342712613
0.6855995702204688,1.3903368892721693
1.0839810871636688,1.1445033401868643
0.7610353269127865,0.6923597982854712
1.312806319463399,0.6426741253163216
1.2557406171348044,1.170592737517828
0.8695238869569265,1.3966102713684116
0.698770177392552,0.8253196129363738
0.729638635585454,1.2093394227688923
1.1123973444127473,1.393766259270901
0.9768018198492121,1.3774788961597735
1.300659620306763,0.6316869182362723
1.0202962683299541,0.9588450817100669
0.7021070693717473,0.8651311199133565
1.104116258288426,1.0998962736338456
1.1646678919154807,0.9740081249050891
1.217398780738986,1.3648473522137299
1.0889103692045354,1.015022528922865
0.7791920908835884,0.853554272051323
0.7128914861472196,1.0613392072028627
1.0371964484559373,0.9818581311316341
0.9718519664015333,0.6132516493270911
1.3229237708841963,0.669104872709668
0.7353403972137834,0.9967059119595985
1.054775376842361,1.0594401965890687
1.1553536360473315,1.163064154073177
0.8903000148014936,1.050574428003027
1.1613115825980138,1.2381307315865953
1.2351850501128205,0.9637457361843227
0.9391599678260889,0.8821046670949709
0.8519095120020079,0.993221016655452
1.1490965123933854,0.8233838772111981
0.7026627317579102,1.3693295357790567
0.9615303819413057,0.7864469349186428
1.3634294287029625,1.2353292687583526
1.2475392721290848,0.6753945171561104
1.3458417565574727,0.7448907160407348
0.6332995874035262,0.6987518777269957
1.3905101218187585,1.1164411902970142
1.008643691181602,0.8812741475914145
1.1712096773010803,1.2794875477083965
0.7968238167148082,0.6888921883649225
1.1287912715617794,1.0722514395623317
1.0274441295907832,1.268628687660633
1.1532644997492536,0.9246196270003112
0.6712511150961888,1.1039366134745427
1.3072118914358484,0.9329517359324628
0.6925818533475492,1.2338878108701652
1.270848597355544,0.9824997951135535
0.7399365873363977,1.3879945261883049
0.8011960203263092,0.8127030565416964
1.0220057396797229,0.7192823194513854
1.1645697862324402,1.3139372540102103
0.8675432662233447,0.7282368947844201
1.1190901301886016,1.1422338357726445
1.1981292822406215,0.9989440150195448
1.346086105014807,1.2085390999625436
1.3639895865104061,1.045324664892307
0.8382385903723952,0.7507595946259757
1.1764602155200885,1.1111253423859768
1.1600262277570463,1.02272496610758
1.3992267632996367,1.065667664247842
1.077953372541773,1.0379007757020593
1.3823045984821098,0.686338171073304
1.260132024874915,1.0783221653305421
1.2433165535407484,1.0372004118484277
1.0670273526296308,0.6795395641564321
0.7421697499284586,1.344976960934245
0.7612254987565853,1.3679664210486886
1.2088784137692339,0.6415652346120179
0.9473311622598968,1.0215385299046469
1.074022772029248,1.282311304361026
0.6872738388028587,0.8828623107570062
1.2621450294349792,0.9633232705894115
1.2512849507949293,0.67720610155545
0.8136247432051098,0.6722192864723899
0.8214337019522377,0.7101140478949381
0.83825343099334,0.6611774159462231
1.2764704265516666,1.041583323653298
1.130877581641104,1.1566961131003373
1.2464416043543078,0.8084058316778185
0.896428863825973,0.8814088035895685
1.314150492571379,0.6481078198124126
0.9018960705625106,0.8428508503636156
0.8737739761447156,0.9878701689263893
0.8759290445245101,0.8545102800261033
0.8659972262272104,0.6389712224366789
1.3989010442457517,0.7504271171322255
0.8312880107469843,1.025804281377948
1.3358742706891138,0.6214954580001657
0.6819318043343953,1.0723737734258498
0.8636693998203758,0.6860131211279765
0.7487917634209427,1.08539226527066
1.269229025558775,1.117054980904788
1.0656905621895039,1.2842291186677
1.3838192339294952,0.7188635093423307
0.9014138638985861,1.2395353099677302
1.3903932928018803,0.6447682784495288
0.6943600209877244,0.669655388486111
0.7965591820582301,1.1906586982114504
1.2290563376010213,0.854673441729283
0.8829407455960863,1.186339572058206
1.320470816309825,0.9545285921612237
1.143793760363803,1.1559297246788285
0.8412074483748304,0.8942352132058005
0.7050789016736698,1.0695109990050606
0.7686211471074857,0.7012740363472463
0.8545699098287112,0.8525295778045746
0.7142602920208855,0.828623697170447
1.0790955396078932,0.9642342280841782
1.3658635204715666,0.9422304416075549
0.7879449512275117,1.3864646498895326
1.233965248687364,0.9250866819709863
0.7467169705104066,0.90877725109763
1.356752027547407,1.288681039283455
0.9515348750078512,1.043126176103719
0.8976256749608404,0.9132309988749013
1.254814321618591,0.7397496935011862
0.9140668375254141,1.2614522525606815
0.8982257687251392,1.1796433599998921
1.380537007880424,0.6270936282365668
1.3225302231717075,1.1496719914067242
0.7638666371448655,1.1383927085647736
1.31430009063433,1.105723688348169
0.9215009231381638,1.2543071224372078
1.3214673132231518,0.6275347305942646
0.7557594285278865,1.2982394923754739
1.0903180943237787,0.7069545496109934
1.301361657273239,0.8313499652621816
0.8535081036272789,0.9778298169204296
1.2639649996967655,0.7831367579914973
1.0493288430390904,0.7276298935056266
0.7851032576733639,1.099606075103736
1.2849799573429115,1.337378474310668
1.0226113794319664,1.2670414993639953
0.97448716757185,1.1326436542723757
1.3959865922327086,1.1858208623391224
1.0252711932382643,0.7442339063759219
0.6129783153427049,0.9872823656121343
0.6484516722319793,0.7007883688352963
1.3188225921743861,0.654870889677885
1.362522211571046,1.2263630371477392
0.623073886061805,0.993287414524137
1.3943360954193724,0.666471268432126
1.3765642554625799,1.27397241608607
0.7471986395110697,0.9214249294116547
1.171296204756641,1.3079962690526206
1.1952939317287319,0.8396373815958001
1.1038031958063326,1.1121594806538988
0.8539399592209059,1.0688310268198273
1.373148753594283,0.9660710857591344
0.6383085385625843,1.0923048804901472
0.9687230189040066,0.706720633151729
0.6023077995493078,1.0634237722860105
0.8497828874283239,1.1649183358246251
0.6038908547555412,0.991544573591435
0.7531616273232947,0.6967441815180258
1.0484521404633484,0.9999638332740376
0.6680697906413918,1.2528567295416173
0.6940597611298743,1.0207828213791688
0.6251824092993497,0.6074976441608653
0.8427657415846286,0.9514403950620554
1.2706160364428594,1.2294551262874955
1.2023453616340596,0.9165444395272379
1.3793708552601434,0.6503765583029955
1.378660900872898,0.9227256805004921
1.274876973306506,1.0326906397267361
0.6115097946432868,1.3740555263766976
1.3049688108523037,0.8838398462066044
1.2575207306011689,0.9287758882364505
0.8686981735062509,0.6534171364495631
0.6426574371632725,0.8871111750030207
1.2750006945889785,0.948876086659597
1.1415321937791936,1.3498096519858576
1.2029474082711349,1.2324837962106565
0.8081570598968442,0.745859215841794
0.9585835771677151,0.9886592408247457
1.3077182745610563,1.13935390450404
1.2859994041334717,1.084771658098231
0.96491321476802,1.2336095743482012
0.7885840211266545,1.0403111925481447
1.3457992829565972,0.6622366753143677
1.1989508667430215,0.9772600041594466
0.7610937074019797,1.2881242093502434
1.1644655300055382,0.8202066642017354
0.8887166661162244,0.8334978037699465
0.6165646908319977,0.6237445540625801
1.1818855922632547,0.844953484862346
1.072634853206138,1.0745351658677667
1.031230384063532,1.1140518111056261
0.820107713895819,1.0099194095333632
0.7273800484247185,0.8628812915752954
1.2670322927946824,0.7242479105226933
1.3958113785901833,0.6759355625404148
1.2524115760629273,0.9790585522024746
1.1709859374232638,1.1050976483377801
0.931326946121372,0.9723609104708806
0.7912209882716361,1.2465592262743503
0.7003916701412445,0.7935023511698651
1.2421978585426552,0.9917101515309892
1.2106814825344152,0.6593768487501478
0.6369817372085665,1.12978919348748
1.0220812566239499,1.0286495384878709
1.1671765919079236,1.2563827426702927
0.9027579190141894,0.8522040383210429
0.8294820651246602,0.6358768305808062
1.2833538849000583,0.9662757302526122
0.7643999657605614,1.2841509084770122
1.2938707320335878,0.6607177764360902
1.3935938840676392,0.9551992026109414
0.6093038755833159,0.6620437171628848
1.386612597229028,1.2851893389750475
1.2587720078243843,1.329720441669322
0.8083421574125556,1.13120253390095
1.0751117143061244,0.7928095503884689
1.2899507239485306,0.7208588898050414
1.2221885261060734,0.6449285968764081
0.7239141859565378,0.6204460490785397
1.102512162188175,0.6693753886115007
0.9300057908776421,0.6075992291517665
1.1449775761876033,0.9398859452330104
0.6268977946974036,1.1176464624134206
1.104049997110078,0.7265533535902896
0.9912750273966158,0.9157943147845661
1.2783370452755702,1.1147918353564292
1.3791662533933753,0.8219479835239742
1.2910980280527318,0.984089192365661
0.8871170874830143,0.709662330616398
0.8430742084765956,0.6170340000300187
1.0032385196418496,1.1022576525642385
0.8857471052888543,0.6001722377330566
0.7584080717370474,1.2050013841442149
0.6441681521044357,1.2666755953028406
1.1284934636001287,0.8056537157278132
1.2156442259115703,0.9379064325166702
1.2688099696979114,0.7464738877541688
0.6547202140578082,1.1340280931282698
1.167404748225859,0.6658010810190689
0.8543858805033351,0.600824040247593
0.6248968061230672,0.8628065025810088
0.7498978306022721,1.0335512341389683
0.6729828955321167,1.0686933839153472
1.3528254871312906,1.0683935479918263
0.9138122940250507,1.2923618842082294
0.9073091594748542,0.9563211328581409
0.6234109690701841,0.6858718486061894
0.9396240027345721,0.8443761732522578
0.6833220868421278,1.1958245334880973
0.7315507319866801,0.7408339854590928
1.2685146901705138,0.7452565820876897
0.9635766747027983,0.994694667680416
0.6566630888470645,0.9415796241248979
0.7324399007766718,0.8057278846338163
1.1393572643046046,1.3269275534976444
0.8588790688772657,1.3167957665475252
1.1695453905948292,1.1162755082580533
1.0987793645707273,0.627764572792874
0.6710676452499554,0.6290717455796502
1.1805767269057077,1.0187045220605067
1.184618995534316,0.9689613515345366
0.786600854099242,1.1573142728540193
1.365738560128765,0.6459337069881833
1.3412103096371528,1.060027530296878
0.7866815038213479,1.2183421345456849
0.8610027708081235,0.9294506697120202
1.0555031637572017,1.0653776536189983
1.068613308477279,0.8679106855420884
1.0462385754202232,1.1168759681882827
0.7681313447570546,0.9612713200184281
1.0850227223778437,0.83008213218352
1.232037092098776,1.3011279973009184
0.8144933570363353,1.2226041410634463
0.9518981685656358,1.2239380744122166
0.720171422357469,1.046072308760428
0.6435449565795516,1.22545130833945
0.9201704263072621,0.9765402034194184
1.1185501112010343,1.0764154454293517
1.2731601783396522,1.347194672371896
0.6755470972203041,1.0944896696465485
1.3258915093428236,0.62896443374948
1.0178472426403866,0.8215226009051451
1.209762564732329,1.2576328167853075
1.2680525854442404,0.6758671713948828
1.0519044122939647,0.7162650768746027
1.0344154463625157,1.1878896797731753
0.6844048660325995,0.6531286225146167
1.3763232762475117,1.3523838033474866
1.102727356626819,0.6537326426186539
1.0561191370718848,1.0860769653278153
0.6273618931547761,1.0305903160662186
0.8591768875020457,0.6802996284628622
1.2537182626197523,0.9819440068722309
1.010579586005909,1.0814490979706448
0.6068175456607325,1.207775544242112
1.2659389680284479,1.3151689577653072
1.1941764253088238,1.1985484109417452
1.297902254879438,0.8892261896498204
1.110658875046334,1.2352304428307355
1.1352419742227102,0.8637401143897803
0.7241697089964062,0.9125912321208393
0.7822792805850314,0.7389285449735086
0.8471338303178244,0.6384217829954584
1.3636150362778117,1.125902551568562
1.1397088583026473,0.9849829343407697
0.8724802190399246,0.796322518225917
0.6067118258306882,0.6004289640637408
1.0523828393614465,0.8799944357124911
0.8681887400709093,1.2149874724216723
0.7786878435038235,1.3111906521549466
1.378017508621235,1.0075923928587835
1.0281706031010245,1.3767664128904367
0.7342842578341296,1.1700480213952402
0.8029679659793533,1.2553922642042878
1.3774215108302597,0.7372966824498308
1.0654101820957795,1.3797819912384703
1.3661223650202794,0.9578241144622761
1.2151933037066858,0.9414502047187875
0.8771070829181238,1.3216461949964715
0.7692494268188701,1.282516502155467
1.0381530087378272,0.8961032303749618
1.189860502888176,0.9305779067502742
0.7613133059706737,0.7541485462837139
0.9923774699775774,1.139094741050136
1.2289713225608696,0.6211087845520135
0.7022078308689906,0.854822469918542
1.151107887607337,0.8330544649174186
0.8633656972589923,1.2426748521270703
0.8436233449172836,1.3408381333039983
0.7496603005321425,1.137562282377
1.1417571093496592,0.7223288929503218
1.252679986613202,0.6734695108351545
0.7160035045020527,1.379476034875535
0.8167506383579494,0.8163109605780184
1.1448275077911843,0.9898842981387499
1.1332645082556736,0.8658946235190172
1.158243818629835,0.9463183633473962
0.757547692778799,0.764605450250506
1.165238018203875,1.1708413426981794
0.7903511068624285,1.3911523374771952
0.676237381579784,1.1075678618155198
1.3093227016517475,0.795430264532816
1.3330725109310522,1.3438078952802082
1.2829371456766887,0.7738160975601267
0.6296430761597674,0.7083591279130164
1.3678228582121155,1.0193334215653596
1.0016960949711144,0.9985946507325656
1.0197589137318792,1.1257447177966395
0.9743021417519033,1.3987288868747156
0.735480729801298,0.7837869022737686
0.9246283999138258,0.855538170921505
0.7333976469482695,1.041075439701633
1.0679564741229748,1.1431134148239022
0.6477821014860604,1.27472768127993
0.8098799666033017,1.0226470888726285
1.0669357490864575,1.2362028437782175
0.7452771131231113,0.9352321447270682
1.305967968918789,0.6295383292143683
0.8996083141447339,0.7570953633435721
0.6646841533933656,1.2406343798137591
0.7405883429590916,0.6378515785372529
1.2965095288129593,0.8119948901215335
1.1931563441675164,1.0895161484260794
1.046345938795281,0.7034208936014651
0.8429888663136982,0.8589521063202409
1.3255410261946186,0.6265613509861437
0.7168285579340828,0.9299171320566297
0.9433955918710117,0.740467668664152
0.9331957694487251,1.3642781454107058
1.3004486257661507,1.2275643200451012
1.200473694817895,0.9329646063160388
1.0483271312992017,1.1725158905069935
1.1409300847320902,1.137014051520455
1.1398952234683484,0.9973320505192491
0.6343816036950859,0.6284666492902619
0.9524798370756931,0.8325014561358934
1.1911474320252484,0.7729727815544313
1.36233669291664,1.1342951302127224
0.8522615535984807,0.7609459103833249
1.2480928188222222,1.2524508942694668
0.6308901830239247,1.3513288992297416
0.618396862312262,0.7548865825731408
0.9501527963522751,0.9292948834639003
1.3703653813384054,0.9536978671068134
1.0844685452167355,1.235033417443451
0.805575647768583,0.9464777973221956
1.3674987139498138,0.9888825657296981
0.7136420847556257,1.2252293175107694
0.9557059610790103,0.8900237992674408
1.2295262531610884,0.8945453163510763
1.090128031160674,1.0850439950944168
1.1714201706991179,0.7985586034196105
1.2187322797181848,1.1235319387894842
1.3779264574350658,0.9553890062835152
0.7232676416975179,0.8899253198816117
0.6272982076389926,0.7253947533940368
1.1447353761038,0.9625474739507378
0.9457301184547701,0.6575286245704982
0.6361394924353727,0.8259652035796402
1.0580361953094573,1.288004635095123
1.0482543530284918,1.195478368337657
1.192558553860466,0.8173899837518785
0.7881986340799023,1.3669304877921689
1.2823359193539312,0.6196028065861454
1.2105645962544491,0.9752482803283187
1.1609156931269635,1.3291652081635295
1.2134304795258752,0.6857289171761646
1.2570956764420762,0.8134076944952331
1.2141519971696244,1.066259652651292
0.9172450883761868,1.1154133414580567
0.9677841473323145,1.209587055877521
0.8106946353639202,1.0877465283598813
1.3973064735835923,0.6373047013355424
0.9219887242597841,1.282617673329251
0.6156689079283809,1.1034339301737623
1.259072319519666,1.2930308838569087
0.6539696821856857,0.9536588707581368
1.3449967302178902,0.7532437726120995
0.8851726765356,1.051320982701781
1.1588644310049685,1.1770333655420457
0.8794114718973245,1.3743353114275478
1.010456348295691,0.9235243174870889
0.7919693890143469,0.7671199979950535
0.7298147992672956,0.7966555323724737
1.1003654439523904,1.1474786915302984
1.1599398106665046,0.9766348967201869
0.6887481316948554,1.2647114968487991
0.809967514381451,0.8743149532601827
0.7851487623594413,0.7781906255482585
0.7316998616224304,1.1945456953995424
1.0215939585634233,0.7617949637015285
0.958015437223924,1.133851016581258
1.2896423089650897,0.921611163181251
0.8583499383810529,1.227630008649427
1.3162253247068478,1.1973819817352211
0.9486357566009493,1.3619559552302196
1.0601866324910705,1.290035433271032
0.9768967207632899,0.6704479376253962
0.968989366631442,0.9665301695923751
0.9455397917215451,1.0184368007589213
0.8100422629200749,0.8397234321365746
1.0291587934811,1.3752556360096648
1.034866836730967,1.3638676880916525
0.659675615483165,1.2716374074400747
0.9407145475660621,1.3541050128680714
1.386779333177626,0.7918065467534351
1.1949268549113945,1.2292426295602707
1.2005267186097202,0.6634297917735102
1.1499058888182416,1.2551713060882306
1.3301497031303762,0.7296279649389512
1.0637342646633536,0.9928606346888291
1.0322909939321003,0.615208994289337
1.1528635685877098,1.0396237728196573
1.1314055326748664,1.00393408806148
0.9148401469587576,1.22702470767294
0.6384304304823142,1.1157420749472275
1.2213932544007973,1.195888403931781
0.6272636276399322,1.1209644865971047
0.8648941459413251,1.2522517247438905
1.1203562966292067,0.9174156891045555
0.7233877940235791,0.6598606652103758
1.2401927033921722,1.3465766553134026
1.2633743950045142,1.3609804242595116
0.7568802778635956,1.3605561839991118
0.6927003954514934,1.0024082477434366
0.8396394465594779,0.8341906476110833
0.761371937408626,1.329848251249995
0.8217097993579259,0.9074346032471596
0.6428934231314694,1.0354922728117475
1.3323151175247039,0.7295892911650629
1.0382482629692762,1.052784719419705
0.6763043670115216,1.0115471267108607
0.8935435342177442,1.2853686564347657
1.1139182394283522,0.9655182795050313
0.8548475234874762,1.1038249850434991
1.1451127256123335,1.2773316964610038
1.183942234642457,0.8931386825795988
1.0315896222188679,1.0950711948735703
0.8979632189850354,0.7993658159703042
1.2219951138582394,0.8028247886553703
1.0019032156402277,1.2798571518994986
0.7017218198428212,0.7011092394967297
0.9954463523933894,1.088820446673248
0.7265644330280014,0.7362297753911127
0.9260851264365095,1.2504421553863396
0.665342043558008,1.3251894176928527
0.7097160902392177,1.1752993661535243
0.9398054267615363,1.0766304664743875
0.9867310010177872,1.0719176555732295
1.3098954799162215,0.8596919322171526
1.1939962070583192,0.8823811278625875
0.8287396627823396,0.9403931115852033
0.6705607517945164,0.9596719483240994
0.7909749567868505,0.7981346111269929
1.2760599734362035,1.2568124187017515
1.1290377301883723,1.1908074616423658
1.219346920091292,0.6218882711795616
1.1928770451911306,1.3046210046794846
1.3848896827533959,1.371953025419356
0.6254096529208121,1.3687993271765517
1.305369468077636,1.1223019153142817
1.3859857349166946,0.603321059049151
0.8917439057401991,0.8564826001105198
1.1367402704264853,1.3175170468433564
1.2693066813878882,1.3028167067117922
1.2616457138479502,0.6428062690507491
0.9325338958333425,0.9921653187498853
0.7163612306871403,0.7401465146122973
1.2212134306309963,0.9698279779680572
1.1544415822690564,0.7755269332736907
1.2471899828621547,0.8962277300167123
0.8888555449578981,0.9308909328545559
0.7159434754056939,1.2315485086771025
1.169188957946857,0.7340528019709194
1.3144008694061018,1.0782306624679527
0.9930009333161187,0.711369252492772
0.7013738047129149,1.3042941057858675
1.3722948627326006,1.1418882805876924
0.6635420997922257,1.2836717541406926
0.8262504572190035,1.0717566859110672
1.3801710887900152,0.7342777229431189
0.9507345925743201,0.9022807106786974
0.7191233884130279,1.1208246695891175
0.9265587558480505,1.030477650064296
1.0069200043446742,1.238610183781657
1.017134093920176,1.2632911007792291
0.723563373708898,0.8299305810159487
1.2370641775652769,0.7099975928446431
0.6454908468084881,1.086838698627175
1.1631526895887316,1.2054936938550385
1.2261837291784299,0.7451215744209627
1.3010021422839981,0.8464128257681715
1.2217765695452298,1.040036189689997
1.1242696720970464,0.8491289059324297
0.6181202280306335,0.733710386468345
0.8007104100065046,0.9065358251615392
0.8521154488490665,1.1287141463257986
0.8142362412961404,1.3454810707327536
0.6031089365520248,0.69595984244183
0.6082829576264327,1.286825362046528
1.3183832180562518,0.6102696972564314
0.6011719907550224,0.6596728188146537
1.368659089558822,1.3542443787964071
0.6626173282660793,1.0838449148668479
0.8445095521331945,0.6980483942408363
1.047404272618392,0.635045935468176
1.2905752346880393,0.6205304934089517
1.3845187964115284,0.7423487315386306
1.325809649097906,0.9214482039140527
0.9972475975189043,0.9364830074850561
0.6134135182222636,1.2908808453684992
0.7689365735650963,0.9079809669689944
0.9433016998481081,0.6488008128512162
0.6616487097333665,1.2432345132141145
1.0926980160400266,0.8411791724857735
0.8960429628762027,1.027905353069315
0.8225808792751138,1.371866945139211
0.6534818058028103,1.1103393953202785
1.3236290662612635,0.8854284255569502
1.0242382586759553,0.8374376598263343
0.8302330141613279,0.87181426356305
0.7485405826200205,0.7873896855970091
0.7314632169603975,1.0876376018248954
1.3045503192083145,1.371368183118655
0.7707353545645592,1.3790651890281653
0.7209284075863084,0.8279721580820115
1.3576823430545473,0.9688924443679805
1.2609258385527058,0.9645695237692894
1.2591227194262258,0.7317920754585077
1.2953790573419879,1.3284904556650197
1.2633279282085272,0.7894073781339066
1.358194854596988,1.2579013033784952
0.8327222565255781,0.820788224923082
1.207946086361162,1.0030599879015718
0.6628667779156461,0.7685283303246231
0.719984087678045,0.9956220794662105
0.8249884594204403,0.9909769031001598
1.1552422233388486,0.7492844872438515
0.6907895890165229,1.2189411291835595
0.9109117428126119,1.2428828221726977
1.0564223336702672,0.9753778114947775
0.8498828506784917,0.7349074492340768
0.8670503144640342,1.3432207846085182
1.1275196161394687,0.8895180838601378
0.8539069581342087,1.043701010961108
1.2604096000308493,0.7585804239407056
1.0594217468006244,0.8624336503758492
0.976235915273202,1.0976319008764044
0.8644366057146449,0.9708821242318444
0.6616991437969861,1.29838048042685
1.3223259998631227,1.3689851273524702
1.3373197123943268,0.6676254671548219
1.3896281493602132,0.7000699947224055
1.0775964821276904,0.7106656983128512
1.2006575621026128,1.2476102516648535
1.0255968328837564,1.3563064846411428
1.347118073269929,1.161339374817849
0.7187445196684872,1.1929682022094363
1.147751556597652,0.8033936488892195
0.7175509315814608,0.7213966256943838
1.097334001966411,0.8194572830109633
1.1070596469287852,1.2040192573967807
0.9941957006587319,1.399766552053773
0.7630614769270283,0.6006064970816892
0.7275640673132386,1.0788901200147794
1.0801529683696955,0.6583826650568582
1.3993711430902507,1.2002670965201119
1.0786864852616074,1.3192097874630981
0.871128393138952,1.2499908724833482
0.9471651187589376,0.9824203431591615
0.6417079968274976,1.2115952759202036
1.384615021975756,0.6932489308445869
0.6465481370528016,0.7616222881993892
1.107612748679085,0.8808007163948909
0.6784077753598897,1.2537032906079117
0.9850315304074506,1.0446708420707118
1.2436111090421829,0.978091369890709
1.3971384458804437,0.9724743757551011
1.0666916840981167,1.143130003415891
0.6347166372833823,0.7951588131727807
0.9995189022753874,1.3665250868198788
0.6044487304804533,0.6613329533915502
1.1654084567768173,0.9087183238355395
0.8061384610705411,1.3021546287409655
0.9846304105520086,0.9238543394191596
1.046526077360836,0.7950828379065977
0.9536614516536681,0.7462647653103464
1.1022028667218768,0.8999892801094822
0.6945444960149253,1.0235180255665082
1.3915235943305668,0.8643078253802678
0.9329082830340972,0.6240899745030141
1.1232266290032453,1.256971566680745
1.2946764352789544,1.0397673815548651
0.7524563012900124,1.2964737818773069
0.8165795641160285,0.8653164329016558
0.7996101510534891,1.2698582972948351
1.0420867889987737,1.0255601555305094
1.0569513458102509,1.0825687779554576
1.3751974522428467,0.8846883455209585
0.8031027111809472,1.3495472711172063
1.2230574848684137,0.8596750705963729
1.0337238090044323,0.6076577396552396
0.7410088061264063,0.8172986151164963
0.8597441890995562,0.6837396100837994
0.687426541751078,1.3944352254736048
1.100911224063231,1.0767941171852156
1.0614692472687155,1.0488915121301674
0.8823563567986082,1.046286056715854
0.9216078173526677,1.2743281409592937
1.268273574917806,1.110783109572417
1.06767765792387,0.8378140324689873
0.6180467342075567,1.2602787644588087
1.0769460998644245,0.826326220346036
0.7651487407644441,0.8756139082596608
0.9734219060109244,1.188005196290551
0.7809065773772249,1.2669265879135714
1.0710858982066314,0.981176853629373
0.6428613518478685,1.2992270457547415
0.8323076176721893,0.8451242092335003
1.0469868402982134,1.1981965588116743
0.6418120115274599,1.2015186706181973
0.6969207961649858,0.661972844307949
1.062908216933547,0.7081454224927615
1.1686164494161837,1.3703379563801863
0.912325028892913,0.6150144221047463
1.3367140108477507,1.2912989790664764
0.6377234088912402,1.2962540121222244
1.0261975095048272,0.6526192689348076
0.9663497375609948,0.7384637830221921
1.2978383009909795,1.0441303046447805
1.334396190150494,0.7426627171747452
0.6145338691637834,1.284446661917033
0.7123035119286911,0.9393683589753643
1.2826736876258187,1.040499701975791
1.2646400068451453,1.1985617799221706
0.987339389332933,1.217093253988243
0.925767287086739,0.9979757368204211
1.3525897571427494,1.0021031420879294
1.0055764212947236,0.8993829288927018
0.9016494679487128,0.9953404022635466
0.6348040174708112,0.7448360168197523
1.1482606257712802,0.6249364869583187
0.9763895001881315,1.3339596325893193
0.7763592482764888,1.324774475675631
0.9049210042155638,1.3700803342057264
0.7467940831758317,0.7398680483997535
1.1381573375701417,0.964411552937162
0.9631040815959209,0.9448772152794174
1.022673268437302,0.6870367790849231
1.060151474755222,1.0756019381881974
1.0702656174344753,0.7724551061739473
0.8282571772884776,0.7337796879466729
1.0719521303937538,1.004162202503738
0.7493058881336068,0.8376654910810317
0.9958846038918614,1.3083738888733047
1.3375279761657914,0.9423259703866603
1.129082081232528,1.2693640762565517
0.6686478754501106,0.9948319464155918
0.8054407429558086,1.341059935704984
0.9508231676239433,0.7298859174216146
0.9118127530645562,0.8950691596277034
1.2123420352782022,1.139927637467979
1.3267569822857792,1.012326543697212
1.1139404426952009,0.6953411575874315
1.36664425102168,1.3611686051896503
0.6843971220946498,1.254832500732753
0.9793679682969474,0.8118237864883322
1.1872102028632532,0.6196897298504103
1.3939191096691115,0.7896064145523842
0.7617840589135035,1.2338379002768896
1.060354072180243,0.7031117762124481
1.1422440737744175,1.0382553739181168
1.21635697339894,1.006754403874534
1.3040729733569767,0.9038070265765463
1.231727614668928,0.7458398264508133
1.0542509123691663,1.1187929707965594
0.6505219709495287,0.9534985057610561
0.8340734316948736,1.2305270103274197
0.9541168667708249,1.3022663967681485
0.8097690194930083,1.2132064413674521
0.753801059827456,1.2382337987005334
0.8388999632690508,1.218236932928829
0.8425790038627957,1.3515009673338974
0.8826925733765144,1.0529022040332343
1.3583352927754664,1.2691487953606806
1.1253702297195787,1.2329330915032435
1.3182051837450532,0.7981653034576397
0.8385367172650515,0.8013447495131549
1.2815547168123755,0.8336338841759294
1.3805974703099455,1.0626453517175465
0.7714392186425312,1.153254787527734
1.089368825292897,0.8422044359315389
1.3634810771234054,0.7938732401413355
0.9771618612705173,1.3684014208105157
1.0110776588463206,1.3455646348730883
1.2844347462811947,1.3786407765972308
0.98069001847762,0.6108696092599516
1.2368338355887922,0.9541015291855739
1.155743067326318,0.8527757866574422
1.345367422171281,1.3037023852254297
0.8702037825907782,0.9744258323683317
0.7259475611824562,0.8758639317910923
0.9722714306163615,1.3953110864938116
0.9612088371307231,0.6745265252521051
0.9645799010423243,1.0440586211120388
0.8716159799508917,1.0502615482600337
0.8876239130507964,1.0933532877990986
1.2057399309660255,0.8435210169900004
0.9166431352692191,1.0104793943500214
1.0012799189605799,1.0204883903407787
1.2417605809565635,1.06584320339145
0.6136748411392464,1.1249320966611567
0.7597278334139421,0.9432559209436104
1.371736812572082,0.9882748405909254
0.6081376577455488,0.6662334570561306
0.6952567599169255,0.8882888732035084
1.195430830578364,0.7436335304915722
1.131845657927124,0.9046338495521477
1.2541866515637352,1.3081113763763348
1.2754958305562285,1.2906774970262693
0.7480367131576826,1.3327033380847662
1.2060606097039392,0.9587381886137105
0.7607541760465835,0.9190628663985414
0.7435146419147026,1.0231995180411642
1.2385453111502478,0.8359275269718592
1.1460636778130961,0.6838164984297764
0.7470485840552619,0.6540441735135266
0.9240296170375103,1.1020364571445367
0.6172796338151594,1.389834049422349
1.3592060033740183,0.8612355365623635
1.199157653383488,0.8405737436991767
1.333200294151299,0.7841400967969634
0.9591865079674712,0.9495992958438193
0.7611828643676785,0.7379803982261294
0.6267897733426324,0.9372625200979463
1.3954457572092656,1.2592704915425341
1.3520943923388773,1.1814689889972698
1.3557027492655105,0.9521854621933821
0.8121847925508493,1.010745422459046
1.2287095893391917,1.014363710319869
0.9736447436941851,0.6811213686199817
1.0020405351701676,1.0475171799042402
0.7925844304002028,0.7288460538615233
1.1232987873151725,1.0991357021330477
1.18152522885,1.181252048974387
1.1743200434345367,0.7528223462198635
1.2451460420159566,0.7252422530493157
1.0825517645386211,0.7294507520888127
1.2966964369373821,0.7750611601742663
0.6678974973940178,0.6073121101305406
0.8524516443849142,0.8921147822991874
0.6871322111139815,1.0869674727059047
1.2242377893482277,0.733969075545694
1.3248685600767252,0.6223062644415465
0.9491498915101222,0.764541449435817
0.8229388282295025,0.7360713314933804
1.0691347597266465,1.0292060066335038
0.6955459814543556,0.6934263546389903
1.2897097273828018,0.8046324666270309
1.2063033531910692,1.346071354933513
0.865141882228976,1.0541220288588922
1.034567355302606,0.9560601433656759
1.1747071590177298,1.2415877758701446
0.9918561545603767,0.6348029068544903
1.066395795896959,1.2188408581367987
1.36889498755296,1.0682388345338945
0.6611639375711268,1.3009071099816607
1.3334266008662325,1.0806141742719728
0.6497754067434761,1.2514414777681893
1.3881042209255898,1.320250537482822
1.0053276153493622,0.9090032681112522
1.2576580766009426,1.364993254673545
0.7165802651012162,1.2769950663553176
1.1909717927250085,1.1307440612830186
0.9669412566575707,1.310862543021171
1.0959225278818552,0.6231640981662131
0.794080766675165,1.2474689349813661
0.9673117672449352,1.2946051647804493
1.2200617927756174,0.9799604825536381
1.0589043869281778,1.283553206444524
0.9317595358426691,0.8208690420399953
0.8034400540745209,0.7220456811734131
1.3541514131216086,0.7158034644046278
0.724331110149763,1.2271764705454626
0.6731039088095606,0.9258994875466446
1.35940902005064,0.7435709532474717
1.2849208991868415,1.133221571286699
0.71047446607238,1.291451550497258
0.7043748331552222,1.1458887707102678
1.0946943363489667,1.1154419659835622
0.8369383064764748,1.1866646120270725
1.187107815371569,1.3496244438738054
1.355827331429104,0.9050144778097922
1.2916202020406076,1.2416709127107124
0.8208423851591248,0.9404827505359585
0.8298391522892609,1.1051735848439506
0.9181280670971528,1.19832851933745
1.0635298167547405,0.7044038084353392
1.1609895435373048,0.8622508511454957
1.3700998008343412,1.3606878732029104
1.3027584340344427,0.8325674325398006
0.8508711659371131,0.9491518877770437
1.095803729602705,0.6979207901059343
0.7220449338168607,0.6849519315571992
1.1901155699450885,1.2758799450975291
1.2987415034801981,0.7422921519659443
1.007509743918835,0.7510409859407103
1.3737343041220575,0.8847699943530382
0.8660830180254779,0.9228763914264434
1.0191130563412185,0.6891784871852223
0.6592536106807617,0.7272448219215044
1.3274333968281504,0.7368800977934213
0.666389576025069,0.9935941835229744
0.8004331380071492,0.8675144390983341
1.2941747253072282,1.102647140705943
1.277963129569799,1.0740003496290362
0.7491347824960838,0.8617768792271746
1.2015267222519488,0.7375897889984264
1.1276032633366833,1.1765202817715554
1.237810894419892,1.1493678360179627
0.9527874837039414,1.1508672390006356
1.0039439474997311,0.8347382854902902
0.8305055102053863,1.1232818366178283
0.8187642473116259,1.0719535045315784
0.6582432185338516,0.640481844287161
1.1613810954967643,0.6161970239272433
1.3856786157013081,0.9890234747057252
1.2494213069909357,1.3720345085156223
0.7127612300584167,1.0147957072433829
1.1344347284738008,1.0981219212143747
1.200137251989815,0.9160470214677576
1.2490180331525158,0.7311624743708945
1.093741439964446,0.9656218186175065
0.8630280971110569,1.064035343922987
1.2438295204225365,1.3816971835648166
0.810941629363938,0.6820617988484274
1.0248786863278503,0.6800756585263432
0.9586957630219997,0.8412212900390612
1.1964748891283334,0.9136607155302621
1.1051691537838297,1.0880161571709297
0.9660281859260216,1.2589775338849059
0.7372539045113978,0.9047319689054358
0.7052110052282541,0.7781307210471033
1.1986236489536046,1.3248456921836418
1.1037146328387637,1.0242314905636976
0.772439988671449,0.6961348467145072
1.0160627451181292,1.2297453144193726
1.058204678957315,1.3905601009839037
0.9002523003661773,1.3876652698630036
0.8126907435397882,1.2098768787267575
0.631329241193276,0.8195998233753922
1.1136310776811884,1.3448015379776221
0.8922650123184716,0.8497007180167931
0.7813452380376003,1.0800484201618465
0.7629752385294745,0.6256960243292595
1.3550661499807781,1.0984013972321838
0.8254723513781157,1.1082876150921515
1.047603255911549,0.7690243884690457
1.1363286105737154,1.137401885806539
0.8350288535573273,1.1081271466321065
1.3947665686357165,1.314482202396294
1.1838579638564868,0.9024435687230479
1.1566500804516795,0.6216181471548672
0.8992052377457682,1.0973891811667142
1.0778123050377761,1.0690714335473137
1.3233050974960145,1.0009123395502764
1.1255867843230254,0.6066384110276215
0.8701104203010341,0.7582962494953188
0.7915677576663426,0.7459640670643111
0.6647634744050367,0.8905379501359146
0.8155564158222144,1.2688759569255672
1.0132185355370922,0.712589289718651
1.2766885898837141,1.3368555097286898
0.7184436379517876,1.3988616574351487
0.9715505989569747,1.1924161257402932
0.7415431203309922,1.0346692496254228
0.6168212162446538,0.8549174088383752
1.3713005871609827,1.0870692650911307
1.0385000477080208,1.153880399089513
0.8829777397686256,0.6819903979620745
1.1096417566047097,0.7420405805703958
1.0879121328233206,0.6381618815182296
1.3828266786763632,0.7479865905385554
1.1277085216092995,1.0007765383003608
1.1329323251439058,1.3089768070651866
0.8613205851884485,0.7176305212739089
0.6244101956415425,0.8866726545138222
0.9426057310059098,1.31551039637887
1.1659093076442049,0.6399535831670857
0.9756959748170884,1.325744400750511
1.373295507368994,1.0946633991534354
1.158503836889012,1.3785682854946326
0.8885585068396987,1.1011863043248113
1.309059672649731,1.3894132466665874
1.024043693300829,0.80136596754063
0.8276368795937601,0.7269974408260447
1.3513627008008706,0.6264129108654973
1.087782548543317,1.128548491970437
1.0707579128538942,1.1630369131827765
0.8580081849682374,0.6022470767720315
1.3726927493530476,0.8294204042409513
0.8764472600242392,0.9784213607682926
1.3060920176028568,0.9123357349056481
1.1922673241538937,1.3018858503540178
1.0648765301543932,0.77791827755239
1.0408767059109492,1.291970920689354
0.9802023532291084,1.3959514515932214
0.8363829593434076,0.667495555594179
0.7563722827278735,0.9291198633193138
1.100687039138688,0.7049914715728067
0.6770257933840981,0.9340947444044192
0.6622330343902787,0.9919397066315946
1.2931835512304142,1.1068162334571658
0.6645876099153354,0.6588487738010942
1.0211636095030374,0.7809820849555633
1.120137486673907,1.0436743867931697
1.1493165708511843,0.8361680294010531
0.9868825783642581,0.8590225718814535
0.670704370646158,0.9085734550076967
0.9942901162279729,0.8799048405162465
0.6275462609560958,0.68728666414291
0.8507231026025985,1.3908493751047222
1.2560956073741325,0.8075712973873332
1.1704491580343015,1.3753904518751092
0.9401451054455365,0.8229728052257864
1.199719887022089,1.1321640909299004
0.8462781009824865,0.7762454915024941
0.9707016721202935,1.1658402391928604
1.148855210846587,1.0411316495121505
0.9975663173033953,0.7877380965901533
0.9675186365176942,1.123260338824969
1.2714374400227002,0.9111380712232593
1.064325250207298,1.1586885324915173
1.141453288439454,0.6388005510131782
1.1118370652271972,0.8277723171387967
0.668082871927987,1.206700727361616
0.7742201803575877,1.003462230027936
1.0362338156312676,0.7153204822078555
0.8842714317191932,1.0483536302897094
0.987439059473397,1.375162641085405
0.7450781958816353,1.292262555114356
0.9243475485043371,0.8884809885843402
0.9839133689696538,0.9544052970837495
0.7590573815368142,0.7995207716949091
1.308673115547658,1.0735310786432462
1.1281698923387227,0.9222724884021377
1.067343147860948,0.8852653277280834
0.6662872144343448,1.0532170315934548
0.6084512769438863,1.055614146676603
0.6544528342509753,1.0407060834138708
1.332869144107888,0.7013157662551333
1.315616949139476,0.989130691160965
1.286594104238163,0.7778315066922571
1.0370448046918261,0.9306827933990165
0.8750302780429917,0.7789571231101344
0.8154461656025029,0.7537125649851881
0.9328381244363271,0.9373733603581356
1.0196006495401926,1.3040571525013036
0.7649420411105651,1.1828320368066478
1.1929292882509825,1.2937921022427301
0.7807443726396601,0.6229917676812956
1.3234529177987981,1.0629243019456187
1.0745155376289734,1.0931953101509304
1.152053199620393,1.1206918629730427
0.7836554268223459,1.1508864780124264
1.2511661533473353,1.3527184529264435
1.1670057595834913,0.9268447652932763
0.6689154942841329,0.6239230859512679
1.303931346802116,0.7076628373893056
0.6371632121778015,0.7473125499070911
0.8763532822173304,1.264321790067453
1.2534392268089585,1.1292782909920165
1.0597971436629914,1.092413168521118
1.148347225937119,0.8848423151674316
1.3481691830765596,1.1005430872664692
1.34319364755152,1.0620399162599012
1.3030665405055755,1.0676206283760685
1.1696891715699311,1.2023085497705384
0.7581412842774011,0.8732303690938058
1.3473291203997135,1.080506845453763
1.1669365766900925,1.0927154710246918
0.992595951873442,1.26289967201165
0.9953928121092568,1.0138517691989517
1.0795246808315193,1.372522176351877
0.6580799657933502,0.6397847607594042
0.6675881873069253,1.108973879213647
0.942707912061755,0.9409025676516276
1.2557912850475739,0.9194340583093937
0.7907250051001175,0.761151443049674
1.0970972578551703,1.131281902335741
0.9193203487620856,1.338414747733962
1.1206552435332213,1.3624243457575762
1.1672448835484057,1.2833479840620414
1.0531823180223165,1.373852805654287
1.0651597062987985,0.989107062954979
1.2601820172832205,1.0910295205558584
0.7103222550036422,1.0961342248397852
0.9834019044386801,1.2690292103148177
0.8791646675389362,1.3144566695290145
0.905759545044034,1.3814443722119658
1.0108270991114023,1.0882781192319808
0.6739717072487112,1.2362733922593736
0.7674113355563519,0.7238340984209347
1.1840336049655273,0.6090541666557451
1.1491941305678761,1.1433952570564911
0.8500328712029839,1.3613663544632555
0.626868687460107,1.0700646238803324
0.7783526435340066,1.103622690493869
1.3389606084107992,0.6711012764188692
0.8237125210041527,0.6875704884767314
1.0718646465760617,0.9471020035492161
1.1967047590216233,1.0381926115066817
1.0942442281936586,1.1408706376147877
1.261912710441865,1.096769523485204
0.6461230538325158,1.3249002289886926
1.3936256927371666,0.801441237622092
0.8978355990136345,0.8686088596768751
0.9998020312980265,0.6413663262546717
1.0868759033284066,0.9010845890503247
0.9546658450550785,0.8366281081923493
0.6818295756341415,1.0237330333415613
1.1388004677655665,0.9743119038348673
0.7957690568796233,1.3921410679015085
0.8872362276564865,0.740924223663783
1.0328078621430725,1.3754869728337598
0.752229850804679,0.7332300458855864
0.908787343439627,1.1528038019265368
1.233399164089148,1.0711841735658512
1.275897132805839,1.1967361127322937
1.1056918194951058,1.3058834276117568
0.6672270848987241,0.8820713117818174
0.9435490531872199,0.9547094405256775
0.8039327181970324,0.6972165006306164
1.3724016581822323,0.6127726228384794
0.6768537872637881,1.211329062058492
1.0172855686107862,1.2637918131968247
0.6070472727529739,0.8659554225528416
1.248729847848812,1.0363377985829145
1.3571757165551088,0.8681170920444073
0.7805275045118432,1.0027313334000223
1.0405087134661277,1.2142856780301636
0.693311621071687,1.2370894626561215
1.3073856204802676,0.974707532614927
1.2660150458920847,0.9165789806077713
1.2439759411697098,0.8662271148717768
1.0406145468588488,1.2771506574091076
1.2816287389396925,1.0947455231536198
1.3435562965009418,0.7070635916170117
1.0758368076238576,0.9608084816953959
0.6809313363573786,0.6202325187347655
1.2531762373447624,1.1428576882860755
1.1849731585260206,0.9636658662959109
0.6920125927917685,1.1052232078599946
1.3064883138050263,1.0765316086141652
1.214715654988911,1.3100347098603122
0.6461986798003106,1.3993167738486483
1.3325053212231481,1.348186132285056
1.26369030527924,0.702765226660485
1.3846491767090958,1.3050998733483723
0.7267322412373448,0.819042021862786
0.9875252909059388,0.7131082539866759
0.8562727605757197,0.7587832930969469
0.8746130684021992,0.8232177766939092
1.0233884245784435,1.385114481676989
0.7045316819856586,1.0145132224447106
1.1153472930773094,0.679354595033227
1.3590227955228347,1.181583060794222
1.3758373337175187,0.9673474394336059
1.2214486147062873,1.2177664279836933
1.1011046661254693,0.9072334018940521
0.7050358134614028,1.299992587693815
1.3533249312466777,0.6030938804907509
0.9151714781601911,0.9004669552549543
0.6941904165956572,1.280788581627792
0.691924208706114,1.0771138023152318
0.8689271754267839,1.1497429476990235
1.0948877066902876,1.042220733669677
0.6388762744270776,1.3333837653584426
0.6437917323553213,0.7916577406832619
0.9892661608081328,0.916413192704355
1.00178253013626,1.038549614530082
1.2169608589889114,1.0729555726243445
1.2049123048913155,0.9257225213679062
1.2483122118815086,1.214342221057259
0.8042123670371535,0.7210895402543253
1.2869845156757236,1.2843543331384293
0.9641677695400126,0.8205003044145803
1.064224703670131,1.1016457456479776
0.7646563610514382,1.0269859140394848
0.6490778608391007,1.1622997951771534
0.6001820023454695,0.9581711929639173
0.7965681933151101,1.2011755435396476
1.0728430729835328,0.938280668532647
0.6892676298734881,1.0393754083814368
0.8109613351521416,1.1043526134523292
0.9066895612621724,1.2704906793500022
1.3861487451110233,1.2785416520349928
1.1857000327576679,1.2715718961038434
1.3365026598690164,0.9207835361574207
0.9419504856798729,1.2190789488629514
1.1904249333486465,1.1721734530369021
1.3272068658037066,1.2498027836910865
0.7943052172752523,1.1029122335728836
1.310633672328061,1.0793770013018982
0.6320353727839444,0.713018544010963
0.7824193939437424,0.7988754657525671
1.2971245810744916,1.1244398779860967
1.1624894446526137,0.8380087569061462
0.8778942343136815,0.8998199833929292
0.9995429749843042,0.9778894328137913
0.9544378260435993,1.2606106393645407
0.6996665357305331,1.264059871063468
1.0692827751270921,0.7580343893638495
1.092267090531707,0.9308112553084175
1.2098951219639797,1.1611483500322106
1.1525927447455513,0.9818257316411894
1.2279125305646166,0.6675342562237967
1.0051656785312924,0.6535793161211568
1.1629095465647707,1.0257063301296843
1.015710705316702,1.232699232163672
1.320710752165446,1.3240044442909171
1.350914345038056,0.7668683655863204
1.0458576458019393,1.3772914411663344
1.2329993162974144,0.8630009520593
0.7040650547827052,1.3580028147653702
0.8454033159204805,0.7971176222299481
1.2825332194316283,1.2467334790754023
0.947860784563515,0.6781514903599074
1.0545761768712616,0.8730204484193078
0.7509836030080125,1.2626308853506147
1.233632703006795,0.6791656013810206
0.8376774025348492,0.9780698968272701
0.9493915801663695,1.3522713865497302
1.1244447648310905,1.3943687166436853
0.6307521920309646,0.6013416168190172
1.3878765665823936,1.388273849929471
1.3589007750152846,1.0728143458495123
1.1635497173883347,1.2109996718348652
0.968891072655478,0.6478209346974154
0.699476153109096,0.781926441567935
1.1111403444736379,0.9896790854127459
0.9937743093411737,1.117930846324756
0.9444133528372032,1.328763976695373
0.8319877204072372,1.3682894769060234
1.3155182341026967,1.0424741307392957
1.080654659799793,0.6246314358734862
1.2455265095385006,0.9071474036638264
0.6108855370014774,1.3594757942874158
1.1084867143632853,0.9438798166169524
0.7454116718334312,1.334188952253149
1.046034096917115,1.377765071243029
1.150515321432806,1.3177798065030422
0.6928343930906719,1.0776112499814323
0.7277042259684887,1.1790318424237842
0.9348496533979864,0.6851484222445209
1.1804723606072094,1.2796902469701366
1.2168684618515935,0.9392388560966525
1.137391436587003,0.8238762049999208
0.860482825520386,0.6542651034055416
0.7196758323502882,1.1425647453047696
1.3003515357867999,0.6628665923724179
1.1682348945447991,0.9095744599567985
0.6543368820156245,1.3122246317671291
1.2157596253105214,0.8991048292060457
0.9625656699168759,1.0176115319870402
0.8858806666319257,1.259478877630892
0.8966202124551643,0.847954874115509
0.8012261831424128,0.8134759497627193
1.325480475394398,1.3207108438393589
1.1723908924716822,0.8717497252212129
1.2414865956358845,1.3033122969463213
0.7937851664011728,1.201839375461296
1.0670756205042946,0.6316053834231903
0.9607619255815047,0.7363439690473137
1.2440652041406919,1.3459038514851485
0.6728397381829219,0.6817025123606519
1.1439250808455155,0.9635909083189853
1.2648756971692716,0.9760061079927154
1.3548336989796872,0.922330486546276
0.6619641801127243,1.3715703226710354
0.6827211888261784,0.8656560127036361
0.9560631315024155,1.1632708597084171
1.3615788214623068,0.8353648867536729
1.0209054501847694,1.2882118454340956
0.879587907645982,0.909270858073222
1.2726599289302098,1.1306125509773666
1.1124484651786295,0.950484599186991
0.641366552498621,1.0420445219635848
0.7722407560138123,0.7107459779209917
1.3823899928698051,0.9167491869164319
1.1001968727509128,0.7398203519040113
0.824374884387436,1.0193745217654955
1.1611670591566319,0.7323457405698153
1.037771509808028,0.9550618188782551
0.6632737494519945,1.1845220168446775
1.0347150804374183,1.3632732884017382
0.8990830379864772,1.1813142919204807
0.9597093690165603,1.1158767912190701
1.1059440220539831,1.3460997018647312
0.9193935836010136,1.1071990681566204
1.3544957698601778,1.245302355376173
1.128846854192145,1.067719271100556
1.3177047296090052,1.3494149661604613
1.242795279283739,0.7606857024483304
0.7221009421341269,1.382129074949575
1.1848999987329227,1.1830301875848805
0.8209993623101479,1.1556548113058396
0.8210447916060521,1.0175422376923788
1.2921158785776077,1.1839344207759535
0.9371638850720303,1.0624527066746179
1.2772671527148087,1.2829091805938249
1.0295316056201431,0.7139077924304612
0.7830945370106503,0.7889730524528399
1.0881771212309124,1.3302331588472858
1.3419603405637255,1.2035299497308138
0.8882632463596383,1.0579380554339226
0.9577430849460629,0.6589077898769086
0.7721644891951303,1.3073551437755584
1.3432063018003533,0.9665956136020546
0.8969607042957035,0.7977164714331981
0.7407776739649061,0.9710405634271594
1.3342678468443212,1.3793847774185608
0.8658722714784318,1.2202880319116032
1.2268262951881495,1.3614710022577527
1.3719885564928442,1.1727531534189601
1.1698534524794133,0.7773578842960321
1.3651320496036987,1.1612085241401997
0.7230470232592884,0.6268203005045635
0.8253624865674687,0.7569016278713632
1.16209016991823,1.0839393592226885
1.2835287786227212,1.0834061661658518
0.9150461670580592,0.6491078605254318
0.9749275101719233,0.8655085158077246
0.6076305295429205,1.3480100410796692
0.8114231431999194,0.8214031944991482
0.8600577026558074,1.029925739807629
0.7061101375896658,1.0169828379979122
0.7559095696228249,0.7860699545215749
1.343779177750738,1.0083067871354665
1.147468563509987,1.2561454541195531
0.6223683863861624,1.0476039071152743
1.0159051132563912,0.6821689533323586
0.6936909787844205,1.2495333439209269
0.6094111159595893,1.3337487942357684
0.7194398520478218,0.9645323010703764
0.7297443750523372,0.9048065147923257
1.1204894809879211,0.6083416683610636
0.6314838349770509,1.2390116310755377
1.0140824211305768,0.6593313403954328
0.8523533418182164,0.6347563122572935
1.2430684823387104,0.6302539611824758
1.1937791215231899,1.158532336859507
1.0901849605528633,1.047984080210652
1.2341804206733533,1.0501290295695358
1.3307802540840488,0.6597387772897373
1.3862093726814528,1.2287657551742146
1.0826090742687522,1.2908585851654846
0.9796949133909933,0.9971428331918977
0.6951658719744709,1.3263518317148297
1.0333270979432883,1.0799150803828104
0.8456442881524926,1.1960226703383485
0.8766142714508999,0.7825445021107853
0.8149417144232391,1.357562195377837
0.6862976671933325,0.7063945951118621
1.3447710709255842,1.3620054702489783
1.0980776696606742,1.251094520668353
0.7748717220613602,0.9609795754055063
1.1790406745100763,0.7395150787583671
0.9782442468198924,1.0663801873186456
0.9387316674988269,0.8681966032914743
1.2794092424198749,1.1348167774178644
0.9871415886962116,0.6769721472007598
1.2418882387897492,1.0418160167091703
0.9028426774211048,0.8051605351722827
1.0656433147966453,0.7535067387670316
0.8154061321339771,0.7206920440878241
0.7973595166147455,0.9833876301531452
1.3516234778836989,0.8089738206656767
1.0784795466363253,1.0923768096304305
0.7210143249645531,1.056818450250379
0.7642493852959554,1.3277091986066365
0.7482989294316393,1.1132782985586758
0.7637183515365177,1.034029539538089
0.6690155200930235,1.267456819747471
1.3103213723721279,0.902085869964694
1.1812527870736949,0.8005777705112563
0.7850034916162709,1.356171903958014
0.8647023152941946,0.7341470655331064
1.070039953353267,0.8928496867781696
0.6621593805711515,1.2774791104963676
1.3374201381406925,0.6438377899714294
0.6538644304195456,1.1664552076201695
1.032054630104873,1.0708409047426541
0.7477754249118619,1.2100138447467537
0.6934406149668719,1.1818983503830625
1.2175638742832284,1.333490828510705
1.1278788159611568,1.086602169222053
0.6850886637938907,1.2096708727046528
0.937317707629179,0.8718992304701061
0.7437292541627532,0.6735780102198883
0.6824200523357382,0.6078668402844352
0.7286260189013861,0.6051169924539264
0.9743458729312924,1.3102545597052109
1.1583720769935497,0.7104493988402762
1.1446630408625162,0.8246901281449713
1.275819673380856,0.9110414471568545
0.9229889815831819,0.6854892755557125
0.913145925688805,0.8851448329553406
0.6631506868810597,1.1536578881103672
1.069467507761209,0.8317921190799462
1.0380514670533574,1.0575668030929855
1.0021059139071506,1.0556895378776545
1.2271008395105836,1.1522110360964217
0.8395907641598069,0.911989083456714
1.3476741266543397,1.0566201219409899
1.0302110059733194,1.0924900625544038
0.8116400839172405,1.0861723814188768
0.6840626581596784,0.6553750658917389
0.7683877357906546,1.147406820460846
1.1917468139943834,1.2856454087011848
1.1895831533138996,0.792406163305167
0.9076977220563365,0.8158114771951122
0.9121087036431076,0.9775794923663361
1.3174452255333733,0.8803677336603513
0.6004541359589938,0.8536957096496229
1.0173686995707067,1.090794322443262
1.2365268928342903,1.0018332409953064
0.9953180569591842,0.7868619305187572
1.1615538737755993,0.7671510806299715
0.6880897785028284,0.8329437463886128
1.3590488642877627,1.225615647630255
1.352729784288412,1.3872523073699954
1.1886236131742167,0.7187500856474811
1.1610821004482523,1.1317376584774446
1.2434158646615754,0.7998352813571423
0.9043957583511383,1.3380265670199085
0.9117558969465289,1.0651776369376684
0.6736527345232253,1.1742914401554008
0.6434420542740398,0.819830967516171
0.8751851971431629,0.977715032846855
0.6603990495371825,1.0330166069367328
0.7459930583780535,1.0670079550568214
1.1879505164387236,0.8167435622400985
0.8285506739039115,0.9737610615764858
0.6098222901182904,1.2080969027874642
1.3004855563295743,1.3113151226297592
1.3609780664414712,1.3427072568843632
0.7112358881179186,1.2680687858727042
0.9442352349869869,0.8752363409275766
1.258477932700797,1.0528011957044374
0.9922325729970403,1.3598772888013815
1.099752831121497,1.2801876324765802
0.8471005751004511,0.9037028045159645
0.9535297569244948,1.132757395245103
0.630457580341041,0.9104889150706493
0.8671506840381046,1.229975130991106
1.1987881202110697,1.0886375717258328
0.6945657660397273,1.171271310867648
1.171486882326148,0.7237169697678174
1.0816658651853464,0.7783173114299924
0.622457408974971,0.9682712485248849
0.9083486993281691,1.3338769951865188
1.3616862413382977,1.011830194378442
1.2347720725067766,0.945818502982974
0.817313549544349,1.1348981580673962
0.6169427256481559,0.7802403034678157
1.1133449800239117,1.281152415086538
1.2751583724758015,1.3776969134702024
0.8104688651203149,1.2741601504762772
1.0075857710814369,1.1070115971742247
0.7737626321424123,1.0938844455908923
1.1513796252851694,1.1843080787181526
1.325670042916531,1.1610592414138226
0.8445956620216635,0.7701277784354986
1.0097818909508671,1.1181971882546855
0.8645053106766118,1.0542623627311112
0.800610690221068,1.1266326653745748
0.7337505964584734,0.8698490363778366
0.9260348301947642,0.723900049020994
0.6196572953440631,0.6456013740959917
0.7064647234975712,1.3106815522373512
1.1155101408981791,0.9563178946149251
0.6717186566448847,0.6217292758877219
1.2061969120909812,0.8363439610154854
1.176105464315345,1.194355981343549
1.3209415060572138,1.2021068098984846
1.2498705320403896,1.0475653150979505
1.03821723202542,0.8663521775315779
1.131065993237464,0.6556924132604768
1.1304527631458519,0.9758829915930087
1.0862564320949242,0.9961886078489379
0.699204493769617,1.0693434412949543
1.2325723779564597,1.1118277443343423
1.2387757053365813,0.619231839680987
1.3715210848843022,1.2792703353176555
0.7144630816013023,0.7268884292915136
0.7129943391114483,0.9836865864866504
0.874748602192339,1.1176993469994119
1.3020501907501218,1.3765699312328283
1.139569479949959,0.8955544490746092
1.3169662246861236,1.2609399509437123
1.2682083955753827,1.0451174454158692
0.8435336665753354,1.1490194911414704
1.2774361986881797,1.3694154549629656
1.0331799272729407,0.9806517841712609
1.3676964564300602,1.217567325549564
1.1678056195506583,0.6362918998673824
0.7375037403851143,1.1732056824470094
1.1259101549108403,1.1151388950016692
0.990731379169502,1.0312865920936585
0.6400821573161524,0.8409182260752528
1.2630202390552805,0.9506706091614681
1.099571846625991,0.7519050397541407
0.9078748899252871,0.9475886464046945
1.3547992207773174,1.3232065815250413
0.6918467965631981,0.8559414333511438
0.7020327015517798,0.7361067809686276
0.9398718721521491,1.1261912822609816
0.6839156332514376,1.1716683324759947
0.6060316505520849,1.0874382212796343
0.970046098596942,0.8916257117731287
0.7161633524753543,1.1019469011286485
0.7631738937536507,1.2329850289668558
1.1554160236051105,1.076315799782958
1.282252825000087,1.1617897804226658
0.6297375543999315,1.0270784441936605
0.811846594224954,0.6648117946296614
1.1880076664201122,1.0524823035409354
1.3465446839244133,0.6823691997870484
1.3023285071155681,1.3141823938389892
0.7800336881871818,1.3515254705313542
1.397377921697987,1.1944163361938833
1.2234828945224234,0.909097830863489
1.3150001497949995,0.9847651635250757
0.9088912001334972,1.124173451855115
1.3965942009399088,0.8467159710166405
0.8554199168907588,0.9424883463515815
1.1309324938205614,1.2348018326261156
1.3403679956539376,0.7444986115007963
1.2545448334921747,1.226849809424762
0.6553163225061125,0.6982011815731562
1.0595524288297802,1.108202105868948
0.7502494579878243,0.9254188271773338
1.3017798674355565,0.6996977151620392
1.0273178528425562,0.6901994406666669
1.1556435540232803,1.0216972355338787
1.2199203732586197,0.8710617243499946
0.8845373430331576,1.3431459908838974
1.3767544258262827,0.9938401984113292
1.2865543278665221,1.3907244320984549
0.8031567665410139,0.6565158764545629
1.2197846659400726,1.157844028328637
0.8362154848318634,0.6045256714902417
1.2508092884979085,1.2516222833504225
0.665576418230482,0.605835938815595
1.161985904946424,1.2971036712247153
1.2817758771694365,0.8778845975446898
0.8623271439857615,1.357834477095363
0.8752146295536243,1.3710927436133438
1.303410198868241,1.0420832747892133
1.2719610852335173,0.8321022284151077
0.6047503564353406,1.3417859557795586
0.6106302407679363,1.3047008243395306
0.8995091960684569,0.8215166322175043
1.2192557393890904,0.7840483680997719
1.2731038775119,0.8063074060666506
0.9333999199472289,1.0495486171479342
0.76735732066138,1.014098909137616
0.9132562989002277,1.2709003649897002
1.3057283605105585,1.0434808430878881
0.9321607778553371,1.249099857173425
1.308239581734614,1.1748977442716373
0.6594954938939186,0.7901450633109312
0.7379173656556937,0.7300262472080149
0.7251999676035147,1.2600713996984916
1.2911991715692048,1.1288755759974891
0.8076687970019681,0.7749281292034226
1.0912884137507655,0.6586741494525326
0.8348619493199055,0.896264769607334
0.9963883063429787,0.9275878051975215
1.085368625390549,0.7516874819350893
0.9205419896338454,1.1542132024628713
1.2165355588571285,1.2363602766245156
0.6788594512097218,1.1104333987333739
0.7374066961713479,1.2180254625251905
1.0959162064395926,1.3209359734255528
1.3399212424051918,1.3946691070017572
1.3537022438774802,0.7674077380191182
0.9384988644138308,1.0935777648245348
1.3070401743011841,0.9319595715216754
0.9790293928354283,0.8489140488574857
1.1984842607180055,0.7617015212413727
0.9320764356549699,1.2355910550617217
0.7147817201099288,0.928162042674782
1.2352504762170948,0.8609869968741533
0.6608605154523244,1.085922887335474
1.3242920233666444,1.3615410748377825
1.1337991698428662,0.7692508737577556
0.9868154607863582,1.1962080751771307
0.8494206701910285,0.8298335309136886
1.1052615295332116,1.2366106255732836
0.7347744318912095,0.8484011780295208
0.7301987400904085,0.7766972264101352
0.8616144908686243,1.0132328659430434
0.8873930196378246,1.3536346060211881
0.8928663986785563,0.8226526402944274
0.6323120944660663,0.8239716705324238
0.8493270347306625,0.8181397501888353
0.7366669098761721,1.1129197755741655
1.0849352654509323,0.6145391299503423
1.159817148078309,1.0904447646451254
1.087521118744927,1.275007189377242
1.1684996229355513,0.8619576802561884
0.8908825845106594,1.361316916047866
0.6166703178495181,0.9981849615879095
0.8458254724171892,1.3563619556000832
1.2212933637804055,0.658545262807018
1.282232079824824,0.6499023028112142
0.680707842655077,0.8458091618586032
0.888096071126586,1.1750555575963388
1.2845031573303234,0.7299752067557163
1.2874915098524402,1.3789357926062964
1.175123638778425,0.6203715900267281
0.6899714159331063,1.201277572538832
1.3395070787339822,1.3524138942116253
1.3361905250658301,1.2622468393050905
1.1062264171504443,1.319442734612764
0.74235037553483,0.6775129357218047
1.2028065934808816,0.8498170041037161
1.2136569318346933,0.9532048610509474
1.3611436987350651,0.8714126951162733
0.7776085240734169,0.6476138669670314
0.8780461319206498,0.6448195670531708
0.706982794234605,1.1843416298264824
1.3587947288284827,1.3956950382434932
0.732221049710011,1.060781470363185
1.3921407927425093,0.7403562939596985
1.0313364486243664,1.0662218327313115
0.7508093932596676,0.804185676129308
1.2084264200422574,1.063158143207161
0.8066506516984948,0.6738658064257645
1.1705060232556947,0.9565312175849909
0.8145701544485984,0.7168181140956179
0.6454368630053772,0.887997803001046
1.309505712335843,0.8423895661105814
0.8284223883643425,0.652083844634226
0.9539790095210041,1.1237751226069976
1.2970089185627072,1.2876305637222059
1.1108115422326963,0.7765523559542087
0.625910513296373,1.108744777806314
1.3698075204124165,1.091040344037303
1.218962755587633,0.6726536397082568
0.9944105256825448,0.6678211454481539
0.9495789694283282,0.9361299123945852
0.6171965854112688,0.6031281129489416
0.6660829615689077,0.7978777727842449
0.7190151811846757,1.3412932931270785
0.8021769481173125,0.8348003607574529
0.7351035917782704,0.7705153293401886
0.6971781903284539,0.679871017343186
1.1066116834122899,0.624465890129197
0.7238169447283206,0.8619053938695219
0.7000405654253867,1.3929476638010299
1.3665567177373832,0.8898403535222391
1.1683215178866833,0.9768958761682514
1.0685354287415174,0.7105244548042542
1.1769279610933832,1.365524606161796
1.2730388997020445,0.8261637165970599
0.8324474015607345,0.8182395921444661
1.206415027724164,0.8996820538153909
0.9764656107165144,0.6692516839184657
1.1383348069912662,0.7494343973655411
1.104606147463619,0.8623787916446825
1.3145466144075533,0.6253538434307023
1.363582401684761,0.6854273961024345
1.0283886286707262,0.6578557814849935
0.899982016539237,1.1024965612795103
0.9489034338090401,1.3686171095611321
0.8140561199688978,0.7513169183302458
1.1031840948537175,0.8575125223407283
1.04202874088972,0.6643474593689354
0.983003308306148,0.774174135151378
0.7460140051820384,1.2806774476426308
1.1606449754938035,1.218504956716734
0.7696005289885594,0.9142413155103503
0.6986099617423553,1.0837310445899178
0.8799392713453358,0.8822577844713321
0.8112031861489549,0.938982617960318
0.7476680847790862,0.7792279777863969
0.605541419270078,1.1240507190338138
0.6123296803356695,1.1888943266733798
0.8555428055501147,1.35079818030103
1.1427789662650696,0.8708796987322611
1.3353881768976616,1.3299628420990492
1.3218744721156597,0.9400222237085354
1.3819804268138678,0.8385994167444908
0.9766489022393853,0.8877056493012616
0.8630776429254136,0.7672818446135052
0.614015232793149,0.8694589924257741
1.2549190003721282,1.364590282250938
0.8834017588069283,1.0553669610294145
1.2216449643293779,1.288951824715304
1.1375901404277706,0.6212918686879688
1.0845781259544536,0.6111670801055356
1.3043724291677992,1.289615866101529
1.1119103546832707,0.7576255735313624
0.9459070814223114,1.2244598175070776
0.8975746041088615,0.6952243610239404
0.8226652007132327,1.3250440640623746
0.9770030404366326,1.0161290835669181
1.024615239781189,1.151344709160917
0.7190681237587018,1.3163403046724385
1.3414381884507702,1.1753976165155255
0.8165490342795921,0.8597980302357223
1.0262810130488311,0.7281377529880193
0.6996861384800939,1.3690617175909359
1.3168155784471451,1.0655266501130378
1.2516255714391298,1.3944826702519837
1.3905977401850258,0.7351265765442715
1.27916941989532,1.1956006605388216
0.8956947095278028,0.9675253047128634
0.9052155460972277,0.9556239059289202
0.7815179380301204,1.2594389411644618
1.3686325334213303,0.8807491385491184
1.1648334060123449,0.9083171963635713
0.6958265620730457,0.8163540741095583
0.8501988467833829,1.0074109325919567
1.2140199307854054,0.8814919220160014
0.7149635468550636,0.6313658177177901
0.8073721099304675,1.1515716961558922
0.747222764932188,0.749904207011708
0.7207506283521351,0.8773375385878085
0.6989953766451069,0.7475993484625196
0.6879649269131193,1.0146579682717762
1.0375142869038585,1.0666962431208473
1.3584721821187806,1.2697963883327597
1.2449088164489708,1.042565823033466
1.0286873416100377,1.3732378908272926
0.6420603386563247,0.7852864246282167
1.3290744087791313,1.0260167623897307
0.6212562831940069,1.3633324656888477
1.2626015120892746,1.3923605253419251
0.6789935301402732,1.2460165851600942
0.6629584195706082,0.6068622689615057
1.2374729287193729,1.0391422174396938
1.1194535004765092,1.3281580344989796
1.1601265895236685,0.9189635075797552
1.138459762345542,0.8242915617020747
0.75621294340305,0.8526051705546311
0.7838727313272196,0.9739388900504944
0.6303878412223605,1.2860315451550344
0.9346433810501384,1.2434793709573333
0.9394976448263619,1.0424813754897424
0.8608581239901264,1.1324788649277437
1.0365415904407322,1.3722240830481736
1.0747430907214663,0.8824204673752195
1.2039746831463845,1.2978513251643566
0.8984356445518057,0.8834319089147508
1.2139047987811862,0.8392876220001924
1.0210705252036065,0.9272617597390328
0.8413275224435242,0.8594253181138739
0.881568336262085,1.1516593921004574
1.1843265447121145,0.6636375328747206
1.0735154721731281,0.9595253354951818
1.01145431863946,0.6861165910910108
0.6891286574705542,1.2494128663624222
0.7840993616934137,1.342081271938428
0.6286486722037772,0.6116534158283196
0.9819505765697483,1.0171673722605514
1.3761030607962992,0.7417557688821603
1.0296923320238813,1.246399582243276
0.9214193115233825,0.6383846043374408
1.1744746805452833,0.6776922922962128
0.7153423314074783,1.2045499635504668
0.862094645468561,0.8859347615111862
0.9917272252380231,0.924825589917716
0.7971853382868093,0.7795199338492214
1.2922173860699637,0.9218408388002493
1.1423206299424784,1.1205953120953323
1.0253977961257879,1.120235920404114
0.6970324738185264,1.1277580146500685
0.7760618843932905,0.9682169766024513
1.218431267960172,1.0526799190035838
0.7455271568576409,1.3488470206892227
1.333918322559111,0.6297697619728166
1.1743177665443225,1.2050630017683344
1.0843051659286729,1.1229113140021774
0.9617988296229789,1.156454138945143
1.04915296250596,0.6792401980900261
0.6735776742701336,0.8697311786929378
1.3042517901208122,1.0969369451194424
0.6776850573632928,0.8463342109251824
1.0915268004728074,1.3533335691856578
0.9671969321420504,1.176019413808868
0.9274628805209366,1.0134597080806902
1.2383446480274238,1.3214490480229102
1.2918282750635421,0.7216728670930128
0.6602811677001863,0.7006609529196223
1.3707317266367525,1.2603413858788794
1.228725598793598,1.2520459625693114
1.0266368465041982,0.8566781564471325
0.8103147139521338,0.634176142827613
0.9186674137019648,1.352969625968781
0.6975357817442259,0.7542344538849011
0.7400260039627541,0.8738662854057558
0.9590620259570286,1.094620796435178
1.1768367839473242,0.6986310103797833
1.259219268433688,1.329346507256787
1.2851013382083862,0.7992238553433557
0.8614276335395396,1.2019807575022634
1.0269538291612847,1.0693776263188548
1.3446347980714701,0.8011285709540478
1.3873912951376353,1.054514806668396
1.0218936052865537,1.3274479778412704
0.6309936357067019,1.362959752997341
1.0895809818943507,0.6760579081088942
0.9863683769407681,1.052106210252961
0.9354624213298546,1.112247062155626
0.8733784928229192,1.2222425785215547
0.8650403770801138,0.9356165868297568
0.6255943904812554,0.7004440852184516
1.3259792834048214,1.246260508075867
1.1988774707446002,0.6364189785139803
0.7834166693641005,1.1633939410336045
1.0634821346079286,1.0822375298713982
1.2858544950599602,0.9454278256054461
1.3980059821698274,0.9570838805443317
1.1296020769734885,0.9263298444274388
0.6074233663491491,0.6300710782907366
1.1467684599205805,0.8083110933819069
1.1158005067611136,0.8699487034027428
1.15748740028814,1.283071186552539
1.0037131162452266,0.7468584151826712
1.3685044259350612,0.6395438195100858
1.290805990368093,1.0208456975364848
1.06386338114825,0.646870586947514
1.0373993377429123,0.9808083568468744
1.0013867033805546,1.3582720207791081
0.7900023353819473,1.263470902187933
1.0860603640217164,0.7509564251964079
0.9979503151481273,1.2675868275501165
1.2186210871237582,0.8853574232494302
0.9444882407451245,0.6148368523730395
0.8998162194293013,1.3344602146671478
1.3124059016236524,1.3074974495231448
1.1464599403441467,0.6906533638519086
1.2210305828846075,1.2769406382793813
1.026802826099214,0.6705609394855923
0.805925666264432,1.2409635134257604
0.8069606779793562,1.1226301750821768
0.8251741746701591,1.3839478146353297
1.2988465331039607,0.9060594994509346
0.8515424277322547,0.7986957585166385
0.805016295843181,1.1796986616775818
1.0243763906034042,0.723322305302346
0.8026052913688733,0.871164912894912
0.8756680537262429,1.1144878634890967
1.356700295382348,1.0206535846610962
0.734958006625233,0.8519047081596073
1.2854558729967318,0.884330173849601
1.0194675411701144,0.6918874736657256
1.0002905486085996,0.8019775756122856
1.2577260545677555,0.6473598165088261
1.002654050327059,0.7411284526668533
0.8794525541898641,0.7533654722133123
0.9038359572082824,0.8467377754225625
0.7425454701968104,0.8068081396496458
0.8536954210757465,1.3865642845791109
0.8394186067595599,0.9958699033091585
1.2793084595251116,1.140213424059938
1.1809495932986005,1.097843255353932
1.2985240702242886,1.3975518026208602
0.9993350923422603,0.666551904603287
1.1662586257826688,0.8133523844387098
0.6859761423534837,0.6451155799990044
1.3842648712663168,1.0001942251001728
0.8138192526544187,0.9800895220168561
1.24981888019903,0.7209211679826835
1.3356612064911937,0.6517117239018606
1.018331738028324,0.8932824784192861
0.6084889241738877,0.709594343657325
1.2390536507404901,1.2585757228058039
0.8387557303947277,0.8671871444324348
0.7461505795978531,1.2703409931955898
1.2811286955994303,1.3924574125550524
1.0047424368022921,0.6339729305911599
1.2594150387284733,1.3320276661626107
1.2788514378908369,0.7527096111022962
1.0471312989442094,0.7520594595524723
0.9263230204270627,0.7683268130369891
0.9462780923792524,1.2866160053176967
0.9927619053844852,0.9135461373488325
0.9719601921288357,1.2469031878616261
1.23349128389775,0.8433271185909273
1.2649215554457334,0.7142424228133095
1.03073340803174,1.331156759233655
0.8314125491537101,1.1603262597872235
1.2456342333024377,1.205139559504842
0.9548033748732475,0.8304901060484836
1.2944557377398065,1.1667797455978106
0.9299285171965114,0.8809241055762228
0.6006737537455747,0.8649475074003163
1.1980036956153888,0.6899760253781198
0.855351559353625,1.2199792299266892
1.180199504693727,1.0809532784978146
0.7461740630966031,1.2584219675439643
1.163325741180354,0.9433730679244622
0.6126070646974765,0.9057243746342655
0.9931502942905128,0.9965973245373903
1.3384099552448694,0.867359615704755
0.8818006670192255,0.7492522238172112
1.3092397681835524,1.36708080015211
0.8587251069643117,0.7131436637277079
1.2239985132715887,0.6107138110370871
0.7093524244967182,1.1330325588370216
1.3531836191536912,0.9964470688172924
1.2961458728213369,1.342920259051018
1.2269022501154647,1.3425162626096048
0.8574701180361817,0.9101874328179138
1.3701687508797913,1.3268356347375976
1.3548899274143296,1.3267407692583415
0.6669323825061142,0.9314551119096445
1.2867272748344327,1.2270818011577747
1.208530387144565,0.9700645824101846
1.225569307893967,0.6352714557090305
0.9197291798535584,0.680111943663209
0.8982699966433729,1.39775719029972
0.8722566155187417,1.2267474981760245
0.6797954706468848,1.0634899958062527
0.9968333565539084,0.8159285133479605
0.7737250807891238,1.074091787541382
0.6834780996772338,0.6508001853463383
0.849073567506738,0.7160443881556002
1.3317426457899175,0.8307416178268733
1.32394063552796,0.7183189549543323
0.9483575358364196,0.9283591095127117
0.6527319358067578,0.6288891792294571
0.8326158101250879,0.9795545605124341
1.1978079639330086,0.9061328057178526
1.2739450189529926,1.301398874595582
0.9212304989196959,0.8625510282050715
0.8395175281460084,0.8265839434462083
0.9356461332149077,0.6125962244144478
1.2794662841441025,0.9745072210887862
0.9249729436094166,0.9729052946257855
1.185424644725933,0.8209152455670594
0.6734096712930504,1.3198721026998546
0.7041336093119995,0.8259137892842908
0.9557733888285127,0.9171954206195235
0.6880263716785132,1.0749994197301405
1.2650927326062527,0.8471623101282975
1.03189427947242,0.6742873129906164
0.7295965320135963,0.993442106064687
1.1222766531289134,0.7854599262106433
0.6430998340521564,1.27230671918796
1.076490954163193,0.6337493501774383
0.8654791661672504,0.8653809889397907
0.8993336268100914,1.2071591780438777
0.6159868822068064,0.9435127695257621
1.2020340881874865,1.1055740241030798
1.25382629498435,1.220738613636906
1.0672105563401568,0.7776700255407724
0.8581209210973975,1.3657832057889323
0.7567782286512724,0.8680643426258763
0.9647343118313303,0.67871910574514
0.7967801076395795,0.7952670001013438
0.8940301758581641,1.0190256527528598
0.8705840893163805,0.9877750886091086
1.3113577455681154,0.987147830470186
1.2935896204575976,1.2441298752259193
1.048781805016682,1.0904853228668459
0.6848727760663292,1.3712589263069888
0.6186940170042883,0.7213292057727123
1.0978713107855698,0.8424006898276537
1.2343777796234778,1.3370875119490346
0.8299025532613475,0.7261609085213467
1.2317722238967137,1.0106747441790818
0.8216560677527759,1.1169591608398062
1.2360673212719924,1.3134333029342697
1.0954129674586641,0.8149807737577839
1.0906551027988534,1.2561648820446938
1.011944995252092,1.193934127603998
1.2567767670025254,0.6808744129594779
0.8042600311422838,0.7879766586455115
1.051197485907025,1.0809706464630509
0.8233423949585974,0.7717537953995269
1.22517124735638,1.0101896696067805
1.1319961520150912,0.8102515053471793
1.2665702793691926,1.0521870429255458
1.077282147201175,0.8939696352919344
1.3640917831787234,0.6974029147850325
0.615764047066362,0.9751582752916919
0.7944404350415785,1.0778383625851915
1.3031323610658907,1.3276005573857401
0.8773690349983498,0.9937535396944369
0.6366901398749585,1.3750268458991477
1.3810047127282776,1.1807840783783616
0.9372189711322005,0.7087281301904715
1.1036643301369549,0.7756071784858247
0.9831890070129263,1.1068845616041894
1.3595415929643504,1.3103892401563846
0.7685334572434714,1.0249398391783027
0.8024270204124136,1.3298074711840804
0.9865099167520903,0.6332814528127035
1.17651621744649,1.082145989613326
1.2229653865014822,1.0861286558735592
0.999434711333983,1.0498978308763494
0.8074729367915487,1.046426554695101
1.0019446218039394,1.2483376850140846
1.3455489117854311,1.0632043955245059
1.075376622703256,0.9877246264200751
1.0861425896651289,1.206477347041849
1.293339257215747,1.08247191375931
1.3880008815715197,1.1655217477984525
1.2871385142119058,1.0795079292234488
0.7940287231337737,1.0992960232603295
0.7835433064966388,1.0178265078113273
0.6468195090751352,0.692935674493285
0.9608398039327655,1.2039745991109962
0.9380143911382981,1.270442924769809
1.190303762046721,0.8171641989746118
1.0333755940547702,1.3328359625400517
1.182875031229512,1.2863171008820915
0.987041201140836,0.7694454730870504
1.0488553886664669,0.6277082991167336
0.9407406171860362,1.200820860755779
1.3882116087190213,1.12913726674523
1.2442927100884138,1.389222345284955
1.200562928359036,0.8591437547706855
1.3602372669010732,0.9672548392564295
1.0326286684538557,1.1990752251785446
1.293693241457604,0.8709224401552452
1.3843991326903917,0.886351852411075
0.8754369847944119,1.0797557597302139
1.3240378608763088,0.7533594248002555
1.3746432879981871,0.6222152951912245
1.390874192979638,0.6500691019549736
1.35253255636893,0.699201446254754
1.1411440734295666,1.3902421210961453
1.0803623689863913,0.6698631917424764
0.8215117829977545,1.3101378851923884
0.7465196307117857,1.0664451679455684
0.9440582217933144,0.9247744007526705
0.7913490109237966,0.8934345990446118
0.7357866432564282,0.7884191773971895
0.7626117364681237,1.3600579544053744
1.1617544828486133,0.7193629544962121
1.17674733038438,1.2538021250679408
1.2705223168095046,1.2612850373209161
1.123595145755214,1.2987203409382153
1.0762844651075971,0.7538386600309481
0.6522782183349812,0.6379326831633574
1.1222147413668915,1.2705881918090238
0.9839453996968673,0.9210441866340129
0.6783594099695183,0.8953927232117059
1.2301958616953894,0.6619065060378664
1.174750412281155,0.768746378087104
0.6311152290936584,0.7115591402830888
0.7586078227917386,0.6775290122179456
0.940801586826689,1.3735048250864814
1.2996148022418115,1.023392036535746
0.692213917496849,0.6314539423918347
1.105082617546802,1.1407540321584089
1.2162804851657418,1.2398470697845787
1.2812350857655144,0.6416286474723443
1.3452225970430742,0.9598949388668077
0.6423321905876628,1.1527718859212275
0.609000046889044,1.394898319640055
0.6915496042473981,0.9657439562563386
1.2057979550601443,1.0099375340397652
0.9209223853215152,0.9430948044797482
0.808782317572201,0.9134543841584015
1.034195675376267,0.811881360998105
0.7457228121821514,1.154724808514774
1.2556792251439979,1.3249736648147254
1.34030560275122,0.6380468874806579
0.8318397113638805,1.173726460959248
0.9171166590669187,1.2098293109574063
1.1814852112187002,1.0617359439688399
0.921183164446812,1.0328852003663385
1.2018772202488852,0.9715098461068381
1.2044591856804745,0.8137051416481684
0.8712894187654749,0.6924587539390775
0.6404908559589784,0.8337560632522547
0.6848858792572613,0.8456031470495573
0.9840445872238475,0.8716117358468668
0.7739143013089003,0.8991881427299954
1.0229940563336748,1.254666771614089
0.8618606921480447,1.1652781565907988
1.2188973337946618,0.9467459653833599
0.8296641734466217,1.2749194160036261
0.913643548004967,0.9650777221075768
1.0837453630962621,0.9892976144178323
1.2000555607738992,0.6133384696514141
1.34987142607397,1.0981787622965542
0.8530256813913919,1.3937008619598754
1.2702182661931964,1.31346299357009
1.1103045349796492,0.9051514924995714
0.6298193560062272,1.2032562406328542
1.0852834013552644,1.1239856671852584
0.7192696029740044,0.9742244313726771
1.2184862068239877,1.1523104398209187
0.8182385131091152,1.0714645461633245
1.3425558960243,0.690626041742314
1.02602748369368,1.2247940536939304
0.6299491377177425,1.3744056397272613
1.1358322322894931,0.7362907850789541
0.705581669977629,0.7366499551779255
1.259823626016778,1.3039153393864358
0.7816256532124299,1.336782336470466
0.8938539036105484,1.3280784973250905
0.6380723870782672,1.1896599479148255
0.8475538699919452,0.8921861779992776
1.1377963998518927,1.2831220151910268
1.148177927651099,1.1381145111107687
1.3381904863864866,0.9806162640647109
1.1024796982154688,1.0427115963967442
0.7288513162987059,1.048516187768433
0.82579696345991,1.0339246683442775
1.208233771535241,0.7996837136530752
1.0379014965858646,0.6547240098429638
0.6043718428308197,0.9336023563563846
0.9780227210832837,0.8139529195108712
1.1243974446248366,1.0091968352944598
0.8328560448642681,0.6297043912385536
1.362447241847969,1.1874391754712308
1.1890763261410697,1.0514213433885764
0.9752492976795563,0.8230858073539244
1.2080018591872261,0.7658938603297066
1.248598104185433,0.8891397615475032
1.1294941526812878,1.205981582438993
0.8950892486940879,0.7648802120089668
1.3562455563291729,0.6798189399164675
1.258327683818552,0.88617030486942
1.016486231552207,1.215835318927414
0.7384503220192916,1.0672303991535976
1.0760327568511001,1.0451738950866432
1.0186862345131915,0.8791347104338657
0.9655344317230878,1.0333216477129015
1.3573478937850243,0.9337914678131274
0.8853999062913682,0.6733283669192396
1.061368877323498,0.6478783144148151
1.135512576616884,1.3403035148215072
1.1257540989633976,1.1936289577059815
0.8085242717305428,0.7691214536888534
0.8340961171506681,0.8528032941096318
0.979230456096237,0.827379781295184
0.745030271969721,1.1573747349798955
0.8770147571306705,1.0484192474187812
0.8861262843508563,1.355927683758646
1.1187107473144353,1.2295301708219668
0.7270676818465873,1.082667598449461
0.7618966061437991,1.0547693789300918
1.0960344325124503,0.948585492471893
0.7726227501048633,0.8908521650604375
1.091848137772525,0.8983066660789382
1.3570714661993373,1.3024202696022633
1.2432080141890065,1.1331075629073215
0.9720840415851315,0.6094665632336886
1.373019280994353,0.704848116238472
1.347238712879416,1.1736471981946517
1.1656368748931656,0.9520986704962471
1.0609504677798363,0.8968525318766797
0.8185025845496496,1.1882648836856071
0.8043497475014116,1.2332566336336326
0.6387882758360455,1.2629615688149176
1.212565117603436,0.6083192902564152
1.1918286961764422,0.7960439232780733
1.0132979035563132,0.9187418683469185
0.9825576429738476,1.3959000092293399
0.9985019534834201,1.096358674277573
1.0838878118911521,1.2065288311914495
0.87202362809608,0.7887604189118058
0.7089476713821387,1.373761185053077
1.052631606333992,0.8439269751610085
1.237687109875148,1.042949337753482
0.7030298623729648,1.1602742228880514
0.6422416304013856,1.302915857442847
1.1281493503440307,1.110097650007387
0.9351895015068499,1.2298525588954106
1.1112471584755514,1.1800166327355643
0.8228560580485057,0.766217308869134
1.3173025765545145,0.9840743270245849
1.254030136690175,1.1721463272417152
1.2054519424914512,1.2854791385500368
0.7989486413475957,1.1002137409509678
1.182455438865231,1.1670390264999555
1.053931595301757,1.3769852262734454
1.0190056221126282,0.6219339445066461
1.0464780682615542,0.8088306658113299
1.0494544000373585,1.309279118447113
0.6164170997839359,1.2928835772885239
1.22336814508719,0.7194438579371764
1.1099401446446755,1.2033270261902618
1.0309041093703963,0.8196320049690746
1.1515047316172562,0.888660384555772
1.203784217246619,0.7039102549497144
0.977220692640274,0.9178433328020867
0.683582241363145,0.6583120722958015
0.8897477840873136,0.802061092053537
1.2994321734514707,1.357843659674521
1.3975937818663287,0.6471326154661796
0.8946523844558238,1.1885059830349625
0.8901336203343013,0.9755857734401703
0.7273476746964924,0.8048987368175937
1.017004407016097,1.2572971973200473
1.2061378008281078,1.3182423890867707
0.9500611630635261,1.0065434441024095
0.960081497588527,1.2894356894892898
0.7700813714078082,1.1113492173622612
1.14307899972105,0.95713122846583
0.6245046606679944,1.3648928710620638
0.8714485010966645,0.6543766277121884
1.1337210122580528,1.1672134133729233
0.6066067668792179,1.0997006698180698
0.9574233172995492,1.28590480095781
1.305513865568593,0.8246098742948466
0.8375936830573134,0.6996083499722303
1.3529863095511279,0.7828778843451414
0.6599451613725735,1.0437975624785159
1.2574198706014128,0.8306615572629885
0.9628393124401142,1.2844870768522085
0.8433759739840608,0.8165938347507502
0.9602285463430666,0.637646257473014
1.1726597052876728,1.2852866086697121
0.8820760284103994,0.7047401652003118
1.2198441932204949,1.3077465564096673
1.392304684438656,1.0273692804904002
0.6640226271186626,1.1675424127638725
0.9194519648954901,1.0635324703729938
1.2738357963718805,0.9036002154273096
0.9973741935413875,1.0937165343980584
0.9420229218861245,1.1260513600789086
0.8511936667986324,1.273123544904682
0.7526051334977819,1.3622210289183208
1.168089622654115,1.2692899991494382
0.7038701343444844,1.054411185716155
0.9366409455982887,0.9916694842969231
0.8410837637006889,1.0180237230195668
0.6293003778004911,0.7016036739413021
1.3123730197856316,1.145450601169748
1.1538207353908043,1.1178828368515408
0.9958095812831096,0.6623065357636913
1.0427250394104675,1.2399467741693178
0.7032113142704467,0.843773002019671
1.2718407597975054,1.2442564802869494
1.100615676678103,0.6187683372254974
0.7325046832385643,0.8748503283098574
0.7923267801574898,0.7002644097016255
0.6501773107711902,0.7704323537578772
1.0885951732663353,1.3579480413881704
1.3787441618124228,0.6821360014264976
1.3474526710614692,0.8465469083139083
0.6532485054120994,1.376648154855856
1.2008690534610953,1.0615482195008967
1.2861783507353783,1.1984560224061331
0.9199602663366511,1.3135331170762967
1.200352075685643,0.9725843030533834
1.0526977122464447,0.8122446027503573
0.9600148427432077,1.3947712867123492
1.165112022983037,1.392784942988491
1.341904093757943,1.2449593832129822
0.7895966770097387,0.8309955464814782
0.7652209249301908,1.3226670780299215
0.7239710160018051,0.8794144373445638
0.710239562028099,1.3279597081158216
0.8297435876995441,0.9251455454324022
0.9258516262748668,0.916243504138942
1.1192958612962136,0.9926314902321173
1.2963477969519093,1.189185744730699
0.6479958450062221,0.7710511423317827
1.0682628197265758,0.7720826944557015
1.3023166094152878,0.6460179623019979
1.359504998842108,1.0964657320622753
0.9901843643318258,0.7339165215037339
1.0254993348888537,1.3398189569391445
1.1855701037686677,1.014311153508877
0.622967383877417,0.6396358260861594
1.1466559587378242,1.3043734637152207
1.0677637855149198,0.9307470518199513
0.9843903710497293,1.0395199938980375
0.8342973550106152,1.1490984923419376
0.9502947712232301,0.6369762412238807
0.6308236524162021,1.209990891355531
0.9881923893414594,0.6813730476120781
1.0422988259346422,0.9145604750127888
1.3056716469192762,0.7733669751937148
0.9307972844364506,0.7783285656741988
1.08402736361037,1.126976662290312
0.6656649127122052,1.136811918970675
1.0811747973721026,1.0720306462004983
1.2032741284735367,0.6916734576711077
1.2417217867635437,0.7557100662098032
0.7593203116679152,1.133619335129596
0.6522352850877414,1.0580483356258195
0.9692648859389426,1.1530224696896783
1.3716282101102477,0.9177459503860393
0.6636632004945602,1.3282135447538688
1.1700204443620255,0.9861388755208231
1.196328877520763,0.975350173927986
1.370039064587279,1.2920148433422793
0.8590289193280201,1.3037848131205587
0.9379423703625503,1.3274000134090802
1.0419117168558278,0.7453195798335608
0.6090542921504424,0.6356350279287409
1.3356890703999555,1.3256745603525273
0.7048144210338301,0.9266170786455913
1.1025780708781627,1.0939772019683387
1.2969126674305786,0.9292207261014223
1.1558121629669917,1.3902220923940418
0.834467542726915,0.6838449910366566
0.746399773744247,1.3405293165435892
1.0781795800209215,1.1947089575060292
1.3012482634813187,0.8384833157875724
1.039176004415947,1.170105257906414
1.3422274424581302,1.0302909721729154
1.0887166198188705,0.6043125951897029
1.258076031852354,1.1451642381633373
1.1901794521982296,0.8792202465411031
0.7519374729298125,1.3970173877836687
0.9390244534689245,0.751502295388004
1.1570041428681088,0.6055491736403296
0.9970888871804837,0.963873145556821
0.6715076243140113,0.9088479588161106
1.1536849174662787,0.6907707843249433
1.1265410940330922,0.9865030892417814
1.2371974146744806,1.3537052754188366
0.6151558890838267,0.938136527079585
1.195992851916016,1.2720293374842206
1.1032967791326924,1.3750487901412924
1.3127492195374615,0.9654237260828988
0.768787403577346,0.9842402349909165
1.018152260480377,1.033433192115372
0.8108763562387152,1.2168196411876768
0.6160775197005828,1.3295803160676218
1.1301469581766863,1.3813177917215822
0.732897211553802,1.1963576259281665
1.053911239107511,1.2795236380353503
0.7083053512991665,1.2598676040251524
1.2093961228261225,1.1608400380745025
0.7395019977841445,1.1846233530115122
1.2780894292320548,1.1555016758588255
1.1219694144192045,0.8371753939311154
0.8143826389681235,0.7888042297106906
0.8353116476449882,1.0510512670885925
1.1527881912383533,0.9557971230955151
0.9421305369752386,0.6621383717851497
0.6456565846914964,1.3016328644409776
1.23001991755444,1.040328142387691
1.1069753532809183,1.2541155010237235
1.0077341373830988,0.84004158122619
0.9734504300139916,1.2003634255634117
0.7975848562173471,0.7029582998332627
1.3398320149802618,1.1632940727004373
1.3713989194650966,0.9437362559210749
1.365952215368257,0.705675199881219
1.0450439966397909,0.836291187780562
0.7216890758890068,1.2218602701473562
1.3286425058603213,0.9303934756947975
0.9957237873287665,1.2315106123063808
0.8768286879131861,0.7359167119705372
0.6579960629022245,1.1972759631964296
0.8463263164039818,0.924955117526643
1.2553592850572,0.8287226712198412
0.7810096153750299,0.986304829191994
0.9015713138197184,0.6064399606599842
0.7012571452439333,1.106649163328052
1.1218609439571114,0.9998271159625367
0.6020874196674704,1.1856934556712488
1.257211585830575,0.9671091915855077
1.045487283399143,0.9347363001626368
1.37349109870023,1.2166462945098102
1.0838311781108305,0.9694491613036009
0.9082302308663606,0.6841869328446348
1.3574497130357281,0.7847040823878545
0.8906271505451572,0.7336092552132017
0.6352534062186069,1.2347842953134198
1.2400207481533188,1.2777555327394776
1.3171877287419649,0.8149425005051654
0.6939206183925255,0.9885915325057001
1.3000518051417362,1.035039241839161
1.1161962609402507,1.038972401855161
1.1565380078945868,0.6112945274122863
0.9711381374137089,0.7759923263616127
1.3306321313389708,1.2492639739950488
1.1241042005884512,1.053754473397864
0.7750204487411616,0.8029602512212549
1.0172764706757103,0.9469155058226726
0.768475615048896,1.148680738690562
1.1080140788177515,0.7936981358083891
0.7255259000570329,0.8047463612638754
0.9182235692856208,0.6523112199045321
1.2074671857793482,0.6109020947105507
1.0932320188423132,1.297131247654661
1.375574842135994,0.9604629366288431
0.8785360464147438,0.8602432807759628
1.1165304125073214,1.1950322736090038
1.3257346044469134,0.6685888573246342
0.730909643215844,0.8747224870261628
1.0517867435703376,1.2554823510733835
0.8088552380860011,0.7543488436729575
1.2256717423541093,1.1401476684856933
0.6065010193286818,1.3456177945669499
1.0905032471460014,0.9182290432178777
0.8020174263948012,0.7001443598312385
0.9207496301960199,0.817515199756684
0.7181663141604844,0.8914813268958398
1.3961178986296061,1.0214203480482584
0.8665466582933252,1.2706692225929905
0.9095224955384806,1.1561128859712018
0.8419281006248778,1.1378673777210442
0.705286173206744,0.9280080209270499
1.0031037803507061,1.300203446384814
0.9949234800927683,0.6928301496311239
0.825556176093552,1.0874490258199483
0.8627030472349446,1.2790789445632693
1.3828877919249665,0.6743452643708929
0.6010559070120549,0.7186605562024645
1.203706339303404,0.752776795617803
0.8166777411671662,0.7273938366768271
1.1190117685351444,0.743273051545091
1.201274839912559,1.3809700114619412
1.053617653020664,0.7905458108535209
0.7854110544293609,1.015995438787994
1.00542916749524,0.9191645469480529
0.7185056969142571,1.0900320143792983
0.6705004261366527,0.938783637082137
1.0366529572825316,0.8394298085663423
0.7702939226361696,0.8740359014640895
0.7829273781627399,1.1724666242434694
1.3520023951960294,1.3260913406985413
1.286912583775237,1.033468711043254
0.9939535665352988,0.9480459144073009
0.8181443470415566,0.9348060345789277
1.2713393037710652,1.1821740673593895
0.8149623485000937,1.0659951167772688
0.6374155159849839,0.6591798714238742
1.347762364419422,0.9712572214900018
0.9530457107755799,0.824065925024254
1.1581883578676724,1.1252991374417958
1.1517897949085922,1.2597018052502968
0.7414378328502073,1.0422819352681876
1.2645138441061836,0.8771949647376491
0.9070644540391525,0.6764459117302504
0.6526103556565561,1.2756833392092695
0.9934852393262811,0.6457407256380773
1.1257826340406554,0.9576697530357889
1.2325175406784985,0.9605215999775372
1.341592333709787,0.7032841429051773
1.089129027638293,1.2673010659185937
0.9311168990980241,1.3590979201958406
0.9192687673353608,1.386711362686429
1.2207353721455811,0.99092934251199
1.1234326581229892,1.282834956232812
1.1700871702850784,1.0760444400457625
1.198282837467369,0.6608593119119388
1.1753840510678826,0.9947900003865655
0.6285570027452609,1.200033506506343
0.8440391277449696,0.7158557039403972
1.2118779824019423,1.3553633626280694
0.8132868970238712,1.0501918215735528
1.0014848332403934,1.0197253725567221
1.0692449989793937,1.294903869423944
1.358632230446659,0.6062692675476362
0.731299833510602,1.0938262921108148
1.041341320647174,0.7510050468641315
1.0387117209914312,1.2994059128118858
1.33138837539012,1.3205727583652256
1.1523382545603145,1.1862954501803396
0.8080307225527474,1.11839796251929
0.6103865332423488,1.155373905009646
1.0703203435444653,1.3379280204639903
0.7371052599066594,0.9011824999016373
1.3375141783127453,1.34749716634978
0.644388023459127,0.9124355034433309
1.0952961545403561,0.8459808206564691
1.0879629701191211,0.7218220104258596
1.0233160036613849,1.0802192052928437
1.212400595464701,1.381578051512401
0.7832762403689189,0.9823701463042133
1.2228519955996418,1.177836885926659
0.8443347904976433,0.8768505076702091
1.2776890586807357,1.0576991487620133
0.7511375302880748,0.7481338759161317
0.6412665539428124,0.9725149327109226
0.9419111705959309,1.130103258215334
1.2130303391513175,0.7092947867899814
0.8860141761950802,0.9686754635098045
0.9384215959285521,0.6736126134330933
0.87623539735904,0.8172461699584445
1.2727686962392437,0.9380032007856638
0.7189140892858306,1.102734951283996
0.9525170947573762,0.798329471533445
1.260292255637911,1.0541781087857758
1.0485509532113573,0.8188861945730808
0.8718561338551986,0.933484089130735
0.9783723806297452,1.0053564285486773
1.0546501769411754,1.1915384396247766
1.1687110124662992,1.021168130556507
1.3655278250158125,1.1534900346988848
1.3631131300211727,0.9015891102388729
0.8041019215566476,1.0374729480048472
1.1054901406777262,1.2039184270112884
0.6481376059731283,0.9525796120324184
0.8234524328441057,1.2204421403250945
1.1894076140086134,1.363707959197479
1.2855765168719189,1.216904613194218
1.057200406206499,0.8256135716927318
1.0765748805134487,0.6156541364360006
1.0654634535553553,0.7073045842543128
1.2421545702704702,0.6429051210854138
0.7211497610702776,0.8302051464514414
0.9467758098301525,0.9010335134516286
1.1762145680796774,0.8142770698717234
0.9399752434540768,1.2206531257013686
1.3619210502485455,0.9788648164202531
0.8321083843707652,1.0560967932846992
1.3352364797988021,1.349331810422431
0.9575386139704685,0.6629746301388297
0.8467840360269376,1.0878863313983296
0.8961776958464881,0.6155095754907418
1.1426383589550348,0.8314507117843337
1.013593028928854,0.6368732674507488
0.7840506668831723,1.0746283681223983
0.965632124573889,1.2505898813290655
1.3285312173105557,0.7391135892772696
0.9763141383756087,0.6668233078436216
1.3887778452214348,1.2146980778017675
0.6698463174680528,1.3991532222521723
1.0069752169342876,0.6007023042337674
0.7739451587754581,0.6458959686556824
0.8504220331313628,0.7200547006503992
1.003431364666143,0.6883021577186039
0.9233938849237946,1.029354354890947
0.7064932431332595,0.6703599276599339
1.2033657078941822,1.3233509957584673
1.09091805414375,1.140349964144208
0.8850760403677567,0.9849467303347246
0.613725683447466,0.7987951682435736
1.364299602079457,1.3294060279289766
0.62638912512227,1.0971663699046268
1.016114828296642,1.1801801351298797
0.843328017242241,1.08893148990544
0.7132333254076166,1.3181866417073016
0.8392001024925996,1.1566118810265889
0.7186928735377166,0.8948105366873021
0.7523557398381997,0.8963836322152253
0.7155705388678206,0.9735979531503862
1.206844675745386,0.6763081066608669
0.7128193550507537,0.9738789470711006
1.2111629162415376,1.3224561267054327
1.0475940540424478,0.6718741710946766
0.7542716758967962,0.7356714641076951
1.0596631886970231,1.2125180958559447
0.9588149301383158,1.2285270077331187
1.0078979656505802,0.6516556610365672
1.3579284108555278,0.8235853683343107
0.826686585904113,1.0810849833005578
1.1364339930816967,0.7347197414772306
1.2625190850609922,1.2368321686751667
0.8604310619936804,1.1247828397090274
0.9611712723143828,1.2742414594313294
0.658380501506433,1.3999884332568828
1.3243312357794879,1.2177051486539803
0.8262386053789986,0.755301727774325
0.7100401605691754,0.603675931483499
0.9494530615596264,1.3300750326863715
0.7933354746341224,1.2845701004628371
1.3489078842703748,0.6258610124481505
0.852949375117644,0.9429658587367429
0.6851252545786656,0.7122079429072694
0.680569772777527,0.7111073358519949
1.1457567842694623,0.6236611592993174
1.3422901854705314,1.3270721068742783
0.618607602808516,1.3811566179712582
1.3581350079129484,0.9539422381614129
1.0800335611204124,1.0889653579077647
0.8218379643832134,0.9122912457948299
1.0148654042313778,1.0731691111161952
1.0360748945647928,0.7749775250614019
0.6219151144003141,1.346824818092645
0.8545308327847261,0.8283783508325971
0.9637012652507597,0.7615028338440215
1.31313197737799,0.8501911271526509
0.7278026782423814,1.2864218278708321
1.0118893052270148,1.398051875763568
0.6816972761081534,0.7891361315543085
1.18116414281499,0.6840157366780925
0.6734942211566899,1.081994442276487
0.7564942778903203,1.3802128465716943
1.3555990363812473,1.0005897830181967
0.708500000256927,1.095451714148565
0.7725147127721577,1.1261021671559246
0.8318575529268835,0.6973386460909733
0.8007274475827233,0.8638058112903921
0.6377932619387282,0.6138983911571199
1.3627008390366697,1.2753699588445162
0.6500609751687587,1.3113899668183735
0.7361862372678109,1.121380951220554
1.3406593464890453,1.1074573656340725
1.332238909435763,1.0386512005592758
0.8278059107359845,0.6436525967284648
1.2427053477753636,1.1560623788134081
1.195694283314464,1.2762420318628496
1.2170491746173555,0.6977267423913083
0.6398773912119385,1.2458061934301945
0.6750330789579585,0.8567262122060428
0.9593655101266688,1.047703842985248
0.9316506929438046,0.6017283614727121
0.6575400294321929,0.6351541089960876
1.1220725862587977,1.1734820444583014
1.3937902103156645,0.7566845753091718
0.9603391029246572,0.9370918403010776
0.6439260797182275,1.0950003163450488
0.9579044420301268,0.6933083121493904
0.6169964006693871,1.1256019906089887
1.2590101578037278,0.7922293868561772
0.9326256859751594,1.2719315653875687
1.0834783614583898,0.7786975342796704
0.723305567021768,0.6803676634671898
1.0305313808877852,1.2847356899254303
1.0068386130552915,1.122851499680583
1.3354833973612938,0.8032608843244767
0.8554951080430092,1.0014953105973854
1.2894689107970851,1.3152952583350783
1.0731609430017437,0.8007633463447423
1.1794415825335731,1.194733047137245
0.8567129212350442,1.2555541414339766
0.6139845997598213,1.2736621355719526
0.8345617530316994,0.786513582035623
1.0904443132712882,0.7132666613464292
1.1013068773969987,1.1688618141382867
0.8503229972536398,0.6693479997902858
0.8801778165218535,1.2005554946231962
1.1558957976772457,1.213526082508157
1.0535095909042358,1.2272541933314762
1.210912868898744,1.0168897988873593
1.0793260210949287,1.1460264988334732
0.6331359303946181,0.957280087180834
0.8333505301087918,0.6047647764494054
1.0563869591220991,1.1787122582822733
1.1706446801425803,0.6184370491758958
0.7576220519782235,0.9419325558779946
1.384848303252983,1.3030046892453782
1.2423543562897064,1.3175923611415286
1.1788141749309533,1.248560626122837
1.1730467126684463,1.2150820266997715
0.787307597391008,0.9284173611099658
0.9640755682785606,1.2105357296324022
0.8176862309655973,1.3210526004349026
0.8803522621594768,1.1937827423037581
0.7024875604758012,0.8850698266569266
1.2955318511581075,1.2042792401876614
1.0154896699871083,1.0741756706877306
1.2841873712798533,0.8318460203167684
1.0085973500721985,1.049114115478529
1.0653216550111484,0.9369196847190082
1.2218833362122745,0.8039297823585987
1.105314697958788,1.1766736878376625
1.0945577658040397,0.947696106449005
1.1154173908814324,1.1591905721967106
0.9155294664178258,0.6254827305894253
0.7537162745840144,1.1465480671624584
1.2558822275547543,0.617212200052031
0.9965838753237313,1.1352617422954343
1.360798107956219,1.2436408360328928
1.2182635315722967,0.9548716259089564
1.1575393071823312,0.7800534542804674
1.176267410820505,1.0247932782903577
1.2707092318679583,1.2596261036802896
0.7795504585618791,1.0793594281004384
0.6684797940738365,1.1492924495835046
0.7019426314862891,1.1452628346638216
1.0237789399973822,0.9390758253325624
0.6003789176971331,0.9815764176617037
1.2232479095277187,0.6694556238983512
0.8160082323932017,1.3254326838116448
0.7878513340141465,1.152333608080503
0.7920650990603408,0.8193615461444387
0.719686003293199,0.7037224655595256
1.3330375980899773,0.6337996904326058
0.9038842819350211,1.2796046234336222
0.6034631510370881,0.8081224061024284
0.8203960792209715,0.7975505941346595
0.8743806563203873,0.8536268192892051
1.220513734618442,1.1246352336127377
0.9633932762562167,0.6814602348515582
1.3364349994937383,1.3338098108720162
1.1019877867275323,1.3176423525826944
1.2845988743395105,0.8183187157550863
0.7660450019781971,1.3629799155038154
0.7341256225315105,1.3017645587145645
0.9445651033919672,1.3097104180464316
0.8336986098686466,1.2435606927293104
0.9670340917538074,1.024879940143843
0.8836912359349858,0.974970158269789
0.7349915122970183,1.013633036702743
0.799779974179355,1.352611967610199
1.3396993243551278,1.1950818449424547
0.8655810855333683,0.8383817328617231
1.3091534927705224,0.9666797119661057
0.9338599756347157,1.1826120680379542
1.1286006990211144,1.2072280222514415
1.081415067731358,0.9056656614181662
1.0007201264733778,1.2696266420713922
1.1586189486956626,0.790407912114614
0.9725203783476889,0.7651084699170889
0.9598910420849954,1.3330116611250842
0.8524950348552713,0.6728814029493442
0.6184948659968784,0.6552228837097075
1.0521392333507849,1.147681263972168
0.8962570683048149,0.8271338682180039
1.332889088550086,0.8092548200950194
1.0593163872638127,0.7114801885666416
0.6874474584081363,1.229648536024083
0.8050400869042953,0.6325900780204489
1.2143928666476365,0.8940100081884356
0.6801348544212384,1.3378103623246995
0.724120700459614,0.6032411749671996
1.0339065351599859,0.7473746665794715
1.2011110967143637,0.7923137011599597
1.3048089926937172,1.0952806896105065
0.7229956088954194,0.8065418531289473
0.8611925221204404,0.6950738441089334
0.8459628411529583,0.9030713920489961
1.0087616462169684,0.9115161578370765
1.3762412473919712,0.8538259131785564
0.6878869172066191,1.3224943037954133
1.2166704924454352,0.6968328762790335
0.7970678861581457,0.839020604295236
0.8349477184710064,1.1012121113636608
1.1456569108148755,0.7501088312776067
1.016453008980554,0.8144275409527151
0.6128056794468807,1.2233861851493155
1.2211037539332124,1.1720326347703933
1.2873183356190092,1.1991265628380066
0.8152051097591297,0.6434678944754139
0.777410712070557,1.0054571741796483
1.0327413670252574,0.9313938623867135
0.8760556935898819,0.8736113533496268
1.2066567667802803,0.8715243442795857
1.2188286469591723,1.3895730873522547
0.9293570630132052,0.6506942032652137
1.2807516287060823,0.8262548936616013
1.086567262345043,0.7413465680323963
0.8679996377927862,1.04667943894135
1.2858001867154902,0.6879518119516699
1.3499666918604332,0.6311580915117532
0.785446798554724,1.2058467664104828
0.81747330052788,1.1658369032950588
1.0870800507532243,0.6487022196812187
1.0224867730755431,1.2001600041214542
1.284812199657994,0.736483428295836
0.9553510015660834,1.1248723758824974
0.9856213490090403,0.6305919437177355
1.1707511951768987,1.0419965202018555
0.7541445532282043,1.0909187901923683
0.9889500626377488,1.1821284281348383
0.6121319902446112,0.6812836377705838
1.1235197391549385,0.7961972417669696
1.1480494050337233,1.3382968595553122
1.3170882552133671,0.8408568481169901
0.7833169297778266,0.622726968608801
1.2385601262862067,1.3377538362055004
1.2875443431991993,1.1558709388467805
0.8238028739639272,0.7862451818302442
1.2490472353403541,1.0941980092653447
1.1559910139917204,1.1247049908991227
0.6511419449061426,0.9200503400387468
0.7489669390215878,0.8332562392504388
1.1735825618930131,1.2810380464539612
0.8586486483624468,0.6382679284349002
0.8177898246533389,0.6463778360029918
0.7592045155228019,1.138792150167181
1.281468299022166,0.944485137118606
0.8124646448064776,0.680944693065372
1.3493210125237383,0.8512337591873756
0.7668666690172229,1.137335352057249
1.0924792529054905,1.239808804817408
1.3801149514252518,0.7793666459324903
1.1579247956590901,0.9041849406588776
0.737682131772397,0.8836699422643881
0.706774109033775,1.0084550686288938
1.3271571882397586,1.3063780289434206
1.2743155893558822,1.3462347403004653
1.2331140552857014,1.2533366830023869
1.2047857847084682,1.2549657553182647
1.0218397964834407,0.6086705846214069
0.9090030894429662,1.1618795535100743
1.010265478792948,1.0362488985281222
1.2551187511633723,0.8781696037509776
1.3150967482252283,1.1346126346899181
1.2405834500468287,0.7652454173927027
1.3371693008297278,0.6668828842930781
0.8742190832156633,1.036478946292292
0.9514827976602447,1.0458323920754902
0.6073301956833362,1.0244664634960183
1.1328602046853034,1.0846123624128716
1.3410262839919636,1.0862770071743668
1.0213179897130362,0.9364582340901041
0.6478408120891551,0.6056996418060426
0.7974220505319904,1.391651807558436
1.0428432441637774,1.0622671985066285
1.0081603287895387,1.330646662553717
1.1398139042514344,1.1494839955927407
0.9303965367479667,0.9713479847782645
1.2467302289083588,0.9880479826550163
0.6772187057521769,1.1061668813172514
0.9046675081319878,1.0779360368996884
1.2860472956959181,0.6345970205930066
1.220666969331396,0.910452651167583
1.128414452397129,1.309141469051208
0.7852716401212289,0.7958411939481935
0.7099242605509737,0.8213244165617258
0.9276479611930314,0.8016037480575724
1.2420609091176187,0.7354946366121842
0.8721997083770694,1.1311893216470095
0.8218467921934013,1.173575179318613
1.3351719129341835,0.6388839953333146
0.7249668972385321,1.0259110524136756
0.7096177630405526,1.1485161531586727
0.7884557410612418,0.618674033809916
1.0357516801304285,1.2260062827839548
1.0071785952853405,0.7933395741897842
0.7428230104273291,0.7221701134729059
1.3381163703903862,0.9267701761017266
1.2249286826657726,1.338869302679496
1.0847304174601917,1.322160530339164
1.1860043546288144,0.7412306997965807
0.9042077323909963,0.809874288862497
1.1208625697554744,0.7457016578074522
0.6326012361607932,1.1132875731590732
0.893734612708136,1.2162210153323492
1.1927662728599109,0.9592290059349593
0.7419946960299817,1.338759307384467
1.3164513512667446,1.0724693094411024
1.0885271504456908,0.9479634402597303
1.115968169275361,1.0052413618519178
1.2515077694877315,1.1480748902109073
1.3994837669878104,0.8549758287999127
1.1012540089036262,0.6964954832999722
0.9206119385388085,0.9296131092493626
1.2640681160084921,1.3555230353606398
1.2989446186368812,0.7488305185998768
0.9727515457923102,1.1388243549134396
1.2335670647204346,0.6536539837734705
0.965091089943991,0.6481829652325095
1.335312830944867,0.7950219915146354
1.13257303525471,0.6549323054874477
0.8913491873188163,1.1918122964004463
0.7219509589904031,1.3867838345911911
1.163036145740222,1.08250334188127
0.9817517740251975,1.0114841155421066
1.0935587626287409,1.0679041157899396
1.2179056341351742,0.9185547555806013
0.946397998523635,0.643699841094195
0.7307088621892603,1.032239867226674
0.8656070433075007,1.155579218565343
1.201450746425242,0.9827957387378612
0.9592731579201582,0.69813303050735
0.9960039135039953,1.2386439325050733
0.6306726714326895,1.2318578765613073
1.2715675693582784,0.9510642029269099
1.1572128021872183,0.9220512277580226
1.0242854519662161,0.767697529446631
1.0091913708467541,1.3968984621200558
0.8546424450553906,1.362688609610078
1.112715267862114,0.6703072494259588
0.7252575095727912,0.9440711602967555
0.7990388390641809,0.8043011934697117
1.3100562474650663,1.3520286353853321
0.6193266937831433,0.9732331012564076
0.626464859945326,0.7557618083156397
1.1444277411290695,1.0338576724570876
1.261263547497149,1.0110064448176017
0.6968091221311871,0.9118158579134694
0.7003033454237813,1.2010563528152014
0.7112804200958645,0.8078478162100832
0.9538754368753715,1.386121341159385
0.7719274800404341,1.012954497618809
1.125209347364493,1.1145996191683283
1.0952634185132182,0.7811941278246768
0.7620731792939053,0.7140029317619403
0.9570900105864166,0.8938846959453259
1.390184234390809,0.845478177123568
0.9241243929085038,1.3545886799488471
0.9014827867496049,1.0365102458450253
0.6318063987824957,1.3265639179490778
0.9951390302683215,1.3593335011613032
1.3790143138568853,1.0457296452073606
0.8057590523927571,1.1357864489395548
0.6554149907936057,0.8478779201298806
1.2355409064558778,0.9097448605498014
1.1215534664792899,0.6178429093235882
1.2572974509178425,0.9702917632554704
0.7343258825399794,1.021455574993626
1.2902194069949398,1.2567721766141888
0.626304178811115,0.8587004014690124
0.6472945471885726,0.8500750952990055
0.6178998380448303,0.7947706994610952
0.9259940689430237,0.8053901104437434
1.3911459261289767,1.3503050129175398
0.8825978506944875,0.88565987957719
1.1419087837156352,1.3006785752824341
1.0344818960378284,1.2656624602032691
1.0900226889154057,1.2447673262548582
0.8115702856556848,0.603430902747485
0.980351471985426,0.6335181115520944
0.9005643414456712,1.0145883587705256
1.1184145511403045,0.85337345746113
1.3020810797523215,0.7230904960065118
0.8057937851147019,1.1084442435481807
0.8601324320456369,1.2103513930651215
1.3018466876436874,1.210764341439554
1.0746394077732655,0.7282409510986618
0.8759037527645628,1.1804174102442122
1.2797748926165116,0.6744531872419721
0.6645230864462163,0.8759621261866845
0.6831241919214288,1.2407130822006653
1.3247087202604333,1.360845575437767
1.062249084614306,1.0018510484320928
1.0368621684760226,0.8858819547882002
0.7182881962639064,1.005539460558136
1.096970759059377,1.396533009732352
0.6276691482353624,1.225136284461569
0.6261065748374357,1.0959432213917308
1.3074712479659598,0.6944590539290296
0.7694093215488867,1.3661036629918752
1.0320832814092022,1.1461272376060632
0.7445604145157125,1.032372479043899
0.8702779517070661,1.2512387966775336
1.302616596460393,0.8922937089457414
0.8183163263525968,1.2649651739272212
1.3503590265431602,1.1904479958702165
0.8900116261369305,1.0118965659271209
1.1371729262658732,1.2635533427991033
1.1867268427759257,1.0769015780951479
1.0043748394640275,1.1625383550895094
0.6598040077287177,1.3501056593520835
1.0453736551510304,1.2056409719141428
0.8869818876703964,0.671014649324642
1.2363933506282474,1.3441154299705924
0.9517015356106311,1.031757264940537
0.6716307754599173,1.3708780475085696
0.9417189994995443,1.3788737303859506
1.1225058596783724,1.275545547338469
1.1572822312980235,1.0468457732053433
1.179274899827953,0.9270363876462023
1.1130042182322648,0.939655918625456
1.138973738828096,0.6405795411135871
1.0162835621504152,1.1125557502121997
0.942898257435151,0.7429786038540109
1.0236462350800621,1.3444957162328395
1.336968304963165,1.0648124249887894
1.380882213835068,1.192352808920855
1.1360838182619517,0.9901612916321121
0.8819737179496623,0.904479556882239
1.2651555936230063,0.9733214851521151
0.9511698203024219,1.050012858321452
0.9813451886910143,1.1053627506111199
0.6379536114814218,0.7775236802798334
0.907819185297275,1.3907149440376503
1.1400242125326918,0.8233321773922727
1.241128064731365,1.1282298064728185
1.2340155382560272,1.1922550256534041
0.7678790653057003,0.6567097712515317
1.121783215436921,0.7445667994014091
1.0555710399371103,0.9632072262474707
0.7488661591860221,1.0059466605252778
1.3923786117641899,0.9311275136585542
1.2091350670942513,1.2062701898006205
0.8309593225058745,1.0097978186021939
0.7518030014150154,0.9627173285142434
1.1568227142287575,0.9895257896422741
0.924264532246934,0.9729936578503195
1.0265136812885718,1.2506433387532452
1.1861066870764014,0.9109337788605617
1.1499233575549765,1.2163229455329538
0.9764810986634154,0.6053566396750132
0.7473591279576071,0.6112094930751715
0.8869409899725009,1.3451022298280428
0.7265528569816757,0.6670580428228368
0.9872330435217753,0.9180834398336011
1.2304625031140333,1.1189393641653849
1.3122961121410763,1.2126846058121177
1.0681539305312397,1.3541831329418144
1.1140072200262168,0.907832630644743
1.2425512121756928,0.9384507434194367
1.2357803430427596,1.315770923213068
0.9828910861221438,0.7375085772052461
0.9039644055796512,1.2717851259053656
0.9933414608259027,1.1198041148844853
0.8360139362136764,1.2712507104006336
1.295283648997267,1.3350437500201242
1.2346957164329635,1.0791018587863235
1.0570519175761424,1.27283902393005
1.380345060836973,0.7907236469744329
1.0984022517589274,1.0623475680680134
0.9448021091930692,1.2803355079940628
1.1480896550426256,1.3090805527939424
0.6508181986530786,1.236679937707994
0.833464724245772,1.2827043674173142
0.87330047136822,0.8768871053851099
1.3309935280862342,0.8887338133263878
1.2431464204202927,0.6636918670358297
0.6881882878463706,1.1163864642016237
1.1692018610598682,1.0303441332367744
0.6041813582257639,0.7377816470554193
0.8807885271379342,1.2114920050586697
1.2767971717907,0.765995605676635
0.716314669678396,1.3566624838070864
0.8602607541018169,1.2280301431837444
0.772788636825069,1.3500070081109592
1.3945451070192625,0.922965428123737
1.2511163254895092,0.7531655583537621
0.8452068565849471,0.73869561380193
1.2350427606057652,1.1117415282842265
0.7985231014836838,0.9680407942211553
1.2161802213294548,1.2498548457043603
0.9477153488244461,0.6092017700806471
0.8564624242931408,0.8979006055465791
0.8886120069110245,1.2765968093868183
1.0931031594185834,1.3573178505734846
0.7794057568344599,1.2653342068944502
0.9223767319069764,0.7703112456617975
0.6104246011300322,0.6922154223282927
1.3988733913069873,1.167087508729764
1.3316007945207122,1.201014647248495
0.8495939942533407,0.9569267582385708
1.0162229861416472,0.8566224810023428
1.2832401486866032,1.273712843569617
0.7316492301955331,0.610222922190392
1.1680717491424195,0.6796250942704205
0.650278735886977,1.0927541175282636
1.3743512820980484,1.3813815034561099
0.6970679500212378,1.0966475148533328
1.272190304053168,0.8640135327969172
1.1943991902434865,0.8688126188057841
0.9618479002869318,0.7524095960235744
1.0395592543563117,1.3664029182414208
1.2646356182787764,0.8200008624249346
0.8054143986180097,1.0568925513157248
1.0287320908490771,0.7429000855112637
0.6974517155374622,0.6510463105040327
0.8915390076378052,1.2091271021815997
0.7036476032982522,1.347698412119953
1.0636567860230992,1.2954841849101002
0.7526449406438045,1.0675003972589758
0.9649684411345518,1.347100652238414
0.7793582538451211,1.3202061351833712
0.7138843321561934,0.6007826578058331
0.9447638746995054,1.1099239495151778
1.2465257514099983,0.7150080700302007
1.1666312034532087,1.3838845216971905
1.1825226353213873,1.026194037368334
0.757243555627122,0.9277812287367846
0.7436109818363841,1.1795297211430644
0.9866281703545972,0.7871234993917833
1.194815552275557,1.1395635053013833
0.7653997821834481,1.213078401477588
1.2827640098938318,1.0342984375162962
1.1830441490238033,1.0003358338077333
1.3790657983921792,1.3780224722952206
1.3486351878482856,0.8929367536763244
0.9693919838598781,1.370677447821171
0.8662698481124341,1.3798438213108817
1.0843377886278203,0.8469355862266104
0.6337755548189391,0.7401862921020612
1.2401521818631123,0.7156939270630359
0.6087963052742017,1.2500420429711974
0.8558057806448816,1.1831697360041562
1.3050481389003732,1.0210220856527794
1.307577707477091,1.1805793889147096
0.6520841101373747,1.1331672232391325
1.3876333517174801,1.3385848591297336
0.8212874421310686,1.0622169198730158
1.3672572658654478,1.0272707007736481
1.3236871383393234,0.659213884862231
0.8711064522176376,0.8372905033833702
0.725795997959653,1.0777490313898228
0.7848736313747582,0.9866593091225451
0.9652366976473942,1.0305326097053205
0.9036583459661293,1.0823099695760017
0.7390415149894005,0.8885697134436649
0.9400048029102179,0.8333897901631785
0.9781431350795605,0.7720312865633611
0.8219276461604269,1.0056478163893545
0.8931804086164167,0.688320065638407
1.1753250465262353,1.1659422643158086
1.2379021352891906,1.3124628259647402
0.9589078131743214,0.7542505395699641
0.9773186421064275,1.2172062237304917
0.7554212662146338,0.6091428440567076
0.8170842291830797,1.2651496260232142
0.9733201458492484,1.393564272649558
1.0552274860806583,1.0702360145806278
0.7303685328210257,0.9338627476805357
1.0120653953583227,0.6260783742439567
1.353910668809895,0.9119031967467407
0.964690026004283,0.6245242897613181
1.2804389929723778,1.2967121062585103
1.164311124576499,0.9622385752132198
0.8760846917116532,1.1834953928465461
1.3811536734897425,0.7080678482531453
0.7876892855470367,0.8896900843783632
0.8338821158811318,0.6529034204072851
1.0175817074703095,1.1267776288881186
1.1034236521399476,0.8321652453225293
1.0230543837901678,1.30554112217724
0.9738556879440314,1.3237223861834395
1.1592426630925203,1.312150347339359
1.377268720843495,1.18373652899402
1.3599889515919374,1.2068402972071526
1.2883369582040818,0.8379631760500617
1.2785255073555668,1.17066686013221
1.339381159925644,1.2639413595946363
0.6633206592713274,1.0186068063472868
1.047049659639164,1.025456045774971
1.2466285442088345,0.8086277340926673
0.989724616075985,1.0320651319005156
0.9044243752921879,0.7517763355085495
0.7270167465706023,0.7139682427657861
0.9661052123996914,0.739661220861238
1.266725948772758,0.6612766089470168
0.8316733807586056,1.0772612749837218
1.3946553836650168,0.8601421656772595
1.0200295378314859,1.0454934107513103
1.3976201105477752,0.8285026943924001
1.1944290253716767,1.1303107057408395
1.0848062883969694,1.2513127603373762
0.6102343278893011,1.0011348015588277
0.7995893638072347,0.6750897938392894
0.709787966806251,0.9552444190938881
1.2676586139918977,1.0585318424852737
0.8404676609987219,0.9080672345283222
0.7764284648958164,0.9986827888538912
1.2253269974837926,1.1833143033864812
0.9791384934896109,1.3846636258157532
1.1710700410526642,0.8530756237061665
1.189445403557773,1.318602402717851
1.1359618473645612,1.2595942835106526
1.1883727779225253,1.0251231644399441
1.065269999451163,0.6629548572152032
0.6966534506166436,1.3244520187161801
0.659348618647552,0.7745029491756353
0.7412446469320646,0.8131534496037615
1.0412367711483004,0.9205584280725754
1.0414541294643607,0.8094760694600259
0.7560300516427041,1.0881931058568153
0.9845412348010054,1.0343546148714133
0.9164458789209081,0.8129283187298607
1.3299438669442378,1.0324591674931716
1.127336477029006,0.7601257509648993
0.7670947877289876,0.8557850361838827
1.0644713522570632,0.7293979448457404
1.153598555593951,1.1448193833270077
1.3870934028423427,1.374818109101023
1.2938200582233126,1.1347167537156118
1.2749139186898928,0.62382638119212
0.773445947844794,1.0165909277991843
0.6957294500210643,0.6079359494664434
0.8188006375338845,1.0700999125710062
0.6313840759899653,0.7559536533007869
1.16550095609852,0.7257287803685581
0.6447026108277089,0.9876149731672504
0.7656375592337618,0.7698757182158956
0.7323611779871385,1.3685353313541255
1.2158484179648783,0.6046576482511765
1.3269172702076841,1.2759426720907525
0.9452124219489599,0.8227806488504965
1.1486613992988444,1.1411620575249901
0.7583364865297479,1.360381491722107
0.8186275877203408,0.7870480605202871
0.6203998763552683,0.9923800350459555
1.195122374845862,1.1337540300893953
0.8358233474019999,1.2419983784196418
0.8596644343858106,0.72451403632432
1.2477402602016592,1.0314665196997232
1.3549736911783226,0.7308320368737398
0.7945195975878293,0.6360461420500063
1.261983617986165,1.3239756940854002
1.151900387617001,1.0342102934466009
1.1353949884415144,0.9802798575570381
0.7068190024161157,0.976718222151189
0.7545636231842182,1.316470862499969
1.0113941172596168,1.3831440367597763
1.0476879974280542,0.6056188680173307
0.9760089897392628,1.2085795684124425
0.9411359166488509,1.360601634309149
0.7811043261169566,0.945895832629635
1.3664517075885825,1.112454470452397
1.1343048795487691,1.1712807530524925
0.9211041840156806,0.7304848797231193
1.304710737913081,1.110633295199658
0.7642369662044891,0.6247648176530791
1.346270020349556,0.6842835177459693
0.90117041738117,1.3822375660982877
1.149013558871212,0.9649737010247874
1.1884008485236486,1.089932737788789
0.9019258071555839,0.9332454715208349
1.2346150791516113,0.6018551818192777
1.0748644538228083,0.8704050807521444
0.700204345309707,0.9260574803879288
1.2627770999299401,0.6121132364891866
1.3345611496814311,1.0005377188814115
1.0613510382324765,1.2176319281773766
0.7044421114671787,1.331534681480109
1.074327007890472,1.1052831518154207
1.1372945766507643,1.158728335964787
1.1833596085181277,1.1531418514003802
0.9159583051714175,0.7624918427364316
0.7512106855025757,0.889760787482279
1.01257054362243,1.1195913553297205
1.1975035918493209,1.144651619973999
0.9025916090606583,0.7465821638277435
1.0744582282685564,0.6394797129442698
0.9186179349438461,1.3343923202862775
1.0308318995842196,0.7855885739622526
0.919902709458787,1.3512550866790474
0.9841558881251331,1.1698315512015132
1.3539887930111116,0.7503224941814005
0.8556309252536592,1.3527527663661516
0.9528761315233385,0.868313153610183
1.0153930753524532,1.0337256170469413
1.1780519277820893,1.198846739364893
1.282031563680423,0.8588739693038517
1.2874007890954178,0.9599777307618611
1.2190940035304618,0.7865618559282976
0.6674119869322064,0.9561193714382047
1.2917501660274024,0.8495714331298689
0.7589121812280648,0.6037275294834079
1.306427870854661,0.9026476348950392
1.147954449637004,1.2933062805180524
1.3186354807313134,0.8012340069106821
1.3528808720819454,0.6501914785843279
1.2599822184648892,1.0223425157475743
1.3411041065316986,0.9153896771657729
0.8943667188846147,0.769052006498559
0.70132036392012,0.7764023492054074
1.3916681624947387,1.1922009909836917
1.0994598091144767,0.614073292019327
1.3777757381930542,1.1483471785621695
0.6427759571976996,0.8750112497507919
1.363702227074756,0.6168049556324754
1.096482628783689,0.6624508849845474
0.8816495252922997,1.383200344560047
1.050895497519441,0.826705107845806
1.3621750333943887,1.1626924221407935
1.2661039767383673,0.7688113217298741
1.2695095084296453,0.7689258664887921
1.0103313245463033,0.9355140410481706
0.877197875566418,1.3048180638624292
0.7392121145006495,0.9978479924218195
0.63350797901557,0.7505180636862545
1.3749289893943804,1.2727441129498676
0.7967064056573234,0.6424423212958342
0.9812712321668863,0.7058500836814146
0.6584376400658601,1.076381933701183
1.0827620522259749,0.6240011327573606
0.8101582157558275,0.6255406616525526
0.6408169328227369,0.719761356951911
0.9853747797197259,1.0351779528773346
1.2169117339462265,1.0633329744691098
1.0911998978660549,1.0289305600734346
1.1349348989228687,0.8057728620923919
1.039061314918489,0.6867687531029539
1.0721673984905042,1.0276078208849329
1.028068115620484,1.1184668756690597
0.6323836819808101,0.874398186122868
0.787553278034282,1.1634982016987911
0.9711095829211296,1.242326674526116
1.1590052477781263,0.8099308885395589
0.6935441135489614,1.1725742406778008
1.1452481680106241,0.6909218117339018
1.0867953475983603,0.9321272791710646
1.3475793357463206,1.2159225513336844
1.0270199540223504,1.3805810140894705
0.8674638561802794,0.7805447391858026
0.910618658146177,0.9866109537535888
0.7014598194978878,1.321406102180372
1.2698375018788708,1.387754738562129
0.748383261413154,1.1887244642034225
1.384184071376698,0.6839478268420316
1.264443554172022,0.6086221536597626
0.7015550206619448,0.775290222946144
0.7430753900889492,1.218584513012451
1.058378542902712,0.6034431432631813
0.9076196940110836,0.8409923624633482
0.6586332858230342,0.7956945648943176
1.3083508013918115,1.0572947957242436
1.0631421716267195,1.314047150930124
0.6211866995963712,0.9809114802247058
0.937409046723451,1.0628460398913384
0.9395828266349354,1.1593811865119925
0.6797096423966987,0.900837697360295
0.8987611115760101,1.1785303480230205
1.3254145760717468,0.8251852851623314
0.6549833007431225,0.7090402659444457
1.0159672776159232,0.8656862199601799
1.3600602427861594,1.2878008967518606
1.1771717154633534,1.2838073037975704
1.264238394274786,1.2183030044340666
0.8414786189429191,0.6515351322056409
0.6504781285618306,0.7449814824758517
0.7500522946693656,0.8245191401578573
0.9049728763486051,0.8925333703457949
0.6649750921898965,1.2112686952134217
0.7924894289322129,1.2700992313549895
0.8286895341239077,0.7825842646452787
0.8981529068741303,1.3322340540913018
0.7667503871819792,0.9312550991874883
1.393205830535556,0.8176806290901942
0.9401981231539481,1.3576548041202743
0.9619656809745083,0.7915992499429291
0.9382060714183366,1.266043319813119
0.8356126003108812,0.6420296769384107
1.1773181223160054,0.9266795916922472
0.6839234692029519,1.1215710877544764
1.0116474204979118,1.073794966898482
1.3927804651099285,0.6563155456043961
0.9623404750824267,1.3117925014317895
0.7042991019737703,0.6189258931414439
1.3596136270904091,0.6401512421109363
0.6767738262705498,0.8726130658943783
1.1355582089092138,0.8690828449789804
0.8855238857284505,0.8102146554113667
1.3295415878488135,0.9822839992167633
1.2294345450152184,1.3282422167030676
1.070196643258886,1.078159075161301
0.6485192657068063,0.8101513894393308
1.2114364077412507,0.735526123471877
0.6116169438564354,0.736466258838931
1.1765796742627992,1.165027337513119
0.6226107390367108,1.2069095098782463
1.2065416104852806,1.1150727333634656
1.1816852039457126,1.065479838414838
0.8343935024629845,0.7944962242088776
0.9467175633811643,1.1579579111343103
1.0207761777505815,1.2916002066919106
1.345087671555354,0.8862707065322499
1.0022948668630915,0.6155947007064914
0.7629379667769846,1.1977333569606405
0.6162278956587531,1.1131603070540965
0.9283823738303181,0.8838599015745626
0.9522649261348162,1.2284683051664214
1.0741081084026742,0.6843350841646629
0.959452402038246,0.6963420639688225
0.650582639896262,0.7119132989555909
1.117277573166947,0.9531714390202828
1.348538219511921,1.1916901453246358
1.0424154474175127,0.9340538747704952
0.9877588502111669,0.7914172231201033
1.3114593997926776,1.339626396730906
1.3951048007077815,0.6884059508473812
0.7120838199557294,1.0538657726810217
0.9596210679415116,1.0139652405407846
0.9678640267169382,1.358758333392709
0.6198937352178367,1.2407958180126641
0.7728076289468376,1.0705108722285113
0.9122790113718698,0.8563682724708414
1.2124914153590476,1.3487243311189436
1.0997652400188855,1.1968030108468306
0.8130983966701945,0.8980143470912969
0.9408896989991373,1.2139697592220235
1.2800867795023494,1.2418719311509685
1.3448882735384171,1.344189094780571
1.3505138989857413,1.3725835130308695
1.1555364106857104,1.0517864795210015
1.207553531785265,1.018770448733508
1.3008880187038923,0.8296235634600221
0.976756004925651,0.6087845514625689
1.1087093737423799,1.3014421460558128
1.3252761635966979,0.6950093874039721
0.7431405155180378,0.9892559158700578
0.6748777191664969,1.266748040396797
1.1603278390265386,1.0246495255949521
1.1689285483856917,0.8494229200568261
1.0469274468202432,0.791110728487329
0.6359064455335777,0.8835295085152103
0.8838173484890117,0.6294935201909037
1.3745847458637896,1.1181181296953442
0.9441329618038246,1.1201272185039266
1.0406720491838783,0.8340503644251333
0.6340195187551663,1.140629559039919
1.0559084003217396,0.7523314028037701
1.3098062301151612,0.8205823730375628
0.6410208983766315,1.2133880585814714
0.9999483082675499,0.908483404809592
0.668539741309339,1.1114057662858385
1.29798244105493,0.9492262222616383
1.1650052611180857,0.62073022564156
0.8416931997755809,0.7991525257831184
1.097158996394136,0.728425473352787
0.8696795744186925,1.3564445814502823
0.8942045278896475,1.0670901095291985
0.6581815608820774,0.8250747879244693
1.1819382372140175,0.6683376249626621
1.1042210753771946,1.3900454037529144
1.1015011923120421,1.2955789914350886
0.6247036897843911,1.2311192116988225
1.2492697552485605,0.8187518016536645
1.1032380214693709,1.1093651575167982
0.965772654116472,0.6731634189558527
0.6782643491667485,1.3783955094569074
0.710731007967018,1.0558147597630265
0.9937495054829982,1.0159018613350415
1.103544147761169,1.0377017554670502
1.3710188949169728,0.7116491958225274
0.9643625328841121,1.2277088804750487
0.9542816911296046,1.2549429704292525
0.644301798470796,1.3365030387096875
1.2539763312381305,1.0200020459851096
0.6278913185390886,0.6321338584347619
0.7497563227858124,1.2812537897675769
1.1947432460972311,0.631861413450284
1.1770953476048311,0.9374762754484536
0.90813863782366,1.1584022067640987
0.6470088265363384,0.6607665222142991
0.7860541977516691,0.8894196828533348
1.0880878948574806,0.8917520906672689
0.7609577832188275,1.0051490893758424
0.8762527516317985,0.6974826574373881
1.3247520751371435,0.7521660456405014
0.9997053190846799,0.7480555117771898
0.902222951351813,1.264928571989837
1.2828639856068382,1.1702343886785913
0.77970409050123,1.3105654143465868
0.86681990584983,1.1625773932323975
0.7028525251269129,0.925500677701618
0.9666886730696205,0.964892120349934
1.2373106230888284,1.281895560326736
1.1385283242298718,0.9948912545473458
1.0543775856972897,0.9383985689517002
0.6707920967538878,0.9371547463068206
0.7368425871863901,1.143254174369993
1.2598926815081177,0.8424885031637748
1.3096464771149843,1.0102630834876765
1.0179853626871935,0.8444334004356827
0.9507082785618712,0.8168493430470722
1.2905323484127624,1.0205911703527613
1.3941001995953863,1.3440587765886978
0.9836780621527255,0.9408011364834706
1.3993411788732166,1.3643835681511414
1.0809234969868198,1.2043795654542282
0.9967239225090199,0.9150589203226813
1.1813252565638255,1.3897587941543468
0.8887603114751235,1.0987871700813063
1.0678682496716285,0.8291427869639963
1.248711800870699,0.7333267826536222
0.869812285409472,1.19530175835185
1.3126296381581772,1.1273003508742632
0.9279228848906516,0.7955284833907482
0.7001170169327141,1.2995017190663158
0.7006657221410304,1.3996597588071962
0.7604758816204021,1.0499692772171578
1.2274418954665833,0.8354532972274453
1.1213826373796025,0.8990185409922503
0.7700781983478586,1.3491418706268976
0.9832247198716928,0.6887920055146369
0.920118579274809,1.356831259133015
1.3895724735398,0.8953292549612573
1.0582409938393194,0.7931893782674295
1.0117468939523042,0.9195272450352456
0.6572831888627346,0.6195331582736423
0.9704461026956925,0.958996786906404
0.8366645458583438,1.1695616511807776
1.1748281134336247,1.2060913041731354
0.7660977019278653,1.1424348661278156
0.6742985887814351,0.6867097664549956
0.700435978696292,1.3746461447532774
0.674539798469195,1.0152995874500412
0.9275226887481116,0.8481025104154457
0.6195363407359539,1.264204894293314
0.660025861902902,1.155172602714626
1.3445019971859948,0.9128995104691843
1.3028450280987574,1.1719275770318467
1.141361745346258,0.7525443411981008
0.8977532745944239,0.9431549549905904
0.6131887708320203,1.1419545189888718
1.3714691431465498,0.8485060451538731
0.7206222812298805,0.8039084418183321
0.9040804023871258,0.6381081578277601
0.9121775055293807,0.8927209085222062
0.6759888112477519,0.6827690373005137
1.1721925995031794,1.1038418356596686
1.0497301753323236,1.2300701041247666
0.8538266343946461,0.7592807737293841
1.0610443849340168,0.9767834623040692
1.0819587919219802,1.1211819094252844
0.754667562309325,1.289837982205188
1.1740371721642977,0.7070118013034223
0.751488459115847,0.8796064978391996
0.7805756438579904,1.1382882902805949
1.3202521230248703,0.6274905068223835
1.1594627628395955,0.7830617500184844
1.163209669314247,0.7784989278256933
0.7641549727810562,1.3168893158328305
1.0944542485952535,1.2950929602944838
1.107394890632881,0.6941018262974448
0.6683936743279024,0.765716539706434
1.2319405833377721,0.7815608509378769
1.3242301326295387,1.3942315636991054
0.6237142149535184,0.6920426592806835
1.0972087505594306,1.1491591337431841
1.3970494341996305,1.0154566575404846
1.3001730334919006,1.0755241551646344
0.8571444367758707,1.1408939039866646
0.6345140116955154,0.9211759529080434
0.6725348639594186,1.2111026845309114
0.6281228972585983,1.2472367681156449
0.8984835081328728,0.7636016496944535
0.9976874501030257,1.2936087350604466
1.2259695812982794,0.9439338099997201
1.1655603811089017,0.945630753574191
1.0591086337688984,0.6804579376376445
0.8952392440752923,0.6964762886658364
1.265335608119555,0.8857748796204357
1.2509094189620777,0.8576840983470655
0.6466469330318444,0.7675671589163036
0.7363330001636701,1.2265991167483032
0.6546460051895121,1.130691906231792
0.9545849687492467,1.334892535335787
0.7697241314848728,0.6671320840474084
1.2275877547876435,1.3509617057218248
1.3227314098017016,1.092105332462829
0.7056668095861307,0.9970866530307068
1.3840540544609068,1.2957750262566787
1.1455434715233581,0.8532213855272994
0.6927291054006488,0.7834302964107626
1.053287845130704,1.2710616290793706
0.6463784820971443,1.3288576696403935
1.3995787098135528,0.661444169535566
1.3390699715040815,0.6015475031924299
