trial,loss,mae,mse,rmse,error_count,evaluated,val_mae,val_mse,val_rmse,val_error_count
0,507.995,507.995,7855831.639303798,2802.825652676919,0,15800,,,,
1,510.7121518987342,510.7121518987342,7931538.708481013,2816.298760515477,0,15800,,,,
2,516.8093670886076,516.8093670886076,7888997.361392405,2808.735900969047,0,15800,,,,
3,502.59012658227846,502.59012658227846,7945683.582278481,2818.808894245667,0,15800,,,,
4,503.2482911392405,503.2482911392405,7969780.011962025,2823.0798805492605,0,15800,,,,
5,492.33696202531644,492.33696202531644,7979088.909113924,2824.728112423198,0,15800,,,,
6,508.245,508.245,7926790.747658228,2815.455690942095,0,15800,,,,
7,489.4084810126582,489.4084810126582,7965457.890759493,2822.3142792324693,0,15800,,,,
8,494.6710126582278,494.6710126582278,7926804.418734177,2815.4581188030797,0,15800,,,,
9,500.4154430379747,500.4154430379747,7904846.196582278,2811.555832022953,0,15800,,,,
10,489.65018987341773,489.65018987341773,7949809.5568987345,2819.5406641683207,0,15800,,,,
11,504.55784810126585,504.55784810126585,7935685.939240506,2817.034955274873,0,15800,,,,
12,491.1724683544304,491.1724683544304,7974534.223227848,2823.9217806497136,0,15800,,,,
13,494.1495569620253,494.1495569620253,7967396.288417721,2822.6576640495605,0,15800,,,,
14,480.4703797468354,480.4703797468354,7988781.24329114,2826.4432142343035,0,15800,,,,
15,482.204746835443,482.204746835443,7956676.0857594935,2820.7580693422633,0,15800,,,,
16,479.4792405063291,479.4792405063291,7956908.555443038,2820.7992759930717,0,15800,,,,
17,483.50835443037977,483.50835443037977,7969579.750126583,2823.0444116461545,0,15800,,,,
18,482.92379746835445,482.92379746835445,7981252.495063291,2825.1110588901265,0,15800,,,,
19,482.9474050632911,482.9474050632911,7964112.491835443,2822.0759188645943,0,15800,,,,
20,503.9817721518987,503.9817721518987,8015392.675696203,2831.1468834548664,0,15800,,,,
21,488.44360759493674,488.44360759493674,7944418.170063291,2818.584426633925,0,15800,,,,
22,493.751582278481,493.751582278481,7958004.439936709,2820.9935200096984,0,15800,,,,
23,491.4467088607595,491.4467088607595,7961464.89278481,2821.6067927308386,0,15800,,,,
24,486.5879746835443,486.5879746835443,7953447.76113924,2820.1857671329453,0,15800,,,,
25,484.8107594936709,484.8107594936709,7964922.928734177,2822.2195039957783,0,15800,,,,
26,485.77867088607593,485.77867088607593,7962978.612848101,2821.8750172266846,0,15800,,,,
27,488.55537974683546,488.55537974683546,7965919.282721519,2822.3960180530157,0,15800,,,,
28,484.68462025316455,484.68462025316455,7941775.494873418,2818.1155928871012,0,15800,,,,
29,486.48645569620254,486.48645569620254,7941389.559746835,2818.04711808494,0,15800,,,,
30,487.7606329113924,487.7606329113924,7951371.047341772,2819.8175556836604,0,15800,,,,
31,484.106582278481,484.106582278481,7977009.34443038,2824.3599884629402,0,15800,,,,
32,483.6206329113924,483.6206329113924,7981941.0330379745,2825.232916599616,0,15800,,,,
33,489.10417721518985,489.10417721518985,7968010.482025317,2822.7664589946717,0,15800,,,,
34,483.53170886075947,483.53170886075947,7979740.116012658,2824.8433790234562,0,15800,,,,
35,487.9862658227848,487.9862658227848,7968060.278924051,2822.7752795651395,0,15800,,,,
36,480.89120253164555,480.89120253164555,7977683.906012658,2824.4794044235227,0,15800,,,,
37,481.4877848101266,481.4877848101266,7982545.489810127,2825.3398892540567,0,15800,,,,
38,480.3743670886076,480.3743670886076,7982046.414367089,2825.2515665630713,0,15800,,,,
39,493.7089873417722,493.7089873417722,7962812.001772152,2821.845495730082,0,15800,,,,
40,496.4293670886076,496.4293670886076,7964815.319367088,2822.2004392613735,0,15800,,,,
41,489.02772151898733,489.02772151898733,7973076.773164557,2823.6637146028133,0,15800,,,,
42,492.6231012658228,492.6231012658228,7967911.250189873,2822.7488818862143,0,15800,,,,
43,479.1417088607595,479.1417088607595,7973281.146265822,2823.6999037195546,0,15800,,,,
44,478.6612658227848,478.6612658227848,7983737.263037975,2825.550789321964,0,15800,,,,
45,481.14367088607594,481.14367088607594,7913349.151139241,2813.0675696007092,0,15800,,,,
46,480.85417721518985,480.85417721518985,7983580.733924051,2825.523090318685,0,15800,,,,
47,478.9086075949367,478.9086075949367,7981743.507468355,2825.1979589877155,0,15800,,,,
48,482.2639873417722,482.2639873417722,7970023.686898734,2823.1230378605064,0,15800,,,,
49,483.7303164556962,483.7303164556962,7966707.595632912,2822.5356677344066,0,15800,,,,
50,484.375,484.375,7962444.059683545,2821.780299683791,0,15800,,,,
51,486.85088607594935,486.85088607594935,7956731.566202532,2820.767903639456,0,15800,,,,
52,484.43126582278484,484.43126582278484,7963147.568481012,2821.904953835443,0,15800,,,,
53,484.9367721518987,484.9367721518987,7955557.010443038,2820.5596980817545,0,15800,,,,
54,482.5570253164557,482.5570253164557,7967026.139050633,2822.5920957606736,0,15800,,,,
55,485.6833544303797,485.6833544303797,7963813.30613924,2822.022910278944,0,15800,,,,
56,479.8487341772152,479.8487341772152,7976067.032025317,2824.19316478624,0,15800,,,,
57,479.1610759493671,479.1610759493671,7975649.506518987,2824.119244387352,0,15800,,,,
58,477.68272151898736,477.68272151898736,7979103.366772152,2824.7306715459,0,15800,,,,
59,483.93784810126584,483.93784810126584,7967639.397721519,2822.7007276226645,0,15800,,,,
60,481.4351898734177,481.4351898734177,7984823.683797468,2825.743032159412,0,15800,,,,
61,478.7553164556962,478.7553164556962,7969340.75949367,2823.0020828000943,0,15800,,,,
62,481.86386075949366,481.86386075949366,7967675.113227848,2822.7070540932596,0,15800,,,,
63,496.04898734177215,496.04898734177215,7959261.201012658,2821.2162627158978,0,15800,,,,
64,477.98164556962024,477.98164556962024,7971259.870253164,2823.341968351189,0,15800,,,,
65,486.7485443037975,486.7485443037975,7969925.645126582,2823.1056737441804,0,15800,,,,
66,492.6713924050633,492.6713924050633,7963559.3078481015,2821.97790704465,0,15800,,,,
67,480.8509493670886,480.8509493670886,7971601.436772152,2823.4024574566324,0,15800,,,,
68,486.275,486.275,7960689.918037974,2821.4694607664946,0,15800,,,,
69,479.41974683544305,479.41974683544305,7970533.352784811,2823.2133027429595,0,15800,,,,
70,480.1876582278481,480.1876582278481,7966516.519430379,2822.5018192076295,0,15800,,,,
71,478.7201898734177,478.7201898734177,7966511.101329114,2822.5008594027236,0,15800,,,,
72,480.6457594936709,480.6457594936709,7963012.391962025,2821.881002445359,0,15800,,,,
73,483.3701265822785,483.3701265822785,7954762.40835443,2820.41883562609,0,15800,,,,
74,480.7446835443038,480.7446835443038,7962762.184430379,2821.8366686309787,0,15800,,,,
75,478.0543037974684,478.0543037974684,7970906.414810127,2823.2793724337885,0,15800,,,,
76,478.1957594936709,478.1957594936709,7966575.0271518985,2822.5121837030038,0,15800,,,,
77,477.84487341772154,477.84487341772154,7965497.588797469,2822.321312111268,0,15800,,,,
78,478.3198734177215,478.3198734177215,7967951.598734178,2822.7560289075955,0,15800,,,,
79,480.84082278481014,480.84082278481014,7965806.285632911,2822.376000045513,0,15800,,,,
80,476.8175949367089,476.8175949367089,7974709.842405063,2823.952875386745,0,15800,,,,
81,476.9751265822785,476.9751265822785,7968115.274620254,2822.785020971355,0,15800,,,,
82,478.2851265822785,478.2851265822785,7963310.555126582,2821.9338325209865,0,15800,,,,
83,479.2024683544304,479.2024683544304,7959560.747658228,2821.269350426901,0,15800,,,,
84,478.07936708860757,478.07936708860757,7965035.974430379,2822.2395317248283,0,15800,,,,
85,477.2873417721519,477.2873417721519,7967776.668101266,2822.7250429507417,0,15800,,,,
86,479.4656329113924,479.4656329113924,7967125.097658228,2822.609625445614,0,15800,,,,
87,477.1111392405063,477.1111392405063,7969521.7740506325,2823.0341432668915,0,15800,,,,
88,476.0788607594937,476.0788607594937,7970248.853164557,2823.1629165112945,0,15800,,,,
89,477.2958227848101,477.2958227848101,7960128.782278481,2821.3700186750552,0,15800,,,,
90,476.9951898734177,476.9951898734177,7970003.565189874,2823.119474126073,0,15800,,,,
91,477.4187341772152,477.4187341772152,7962995.045696203,2821.8779289147506,0,15800,,,,
92,482.73303797468355,482.73303797468355,7970155.288734177,2823.1463456105453,0,15800,,,,
93,479.1545569620253,479.1545569620253,7952707.452911393,2820.054512400672,0,15800,,,,
94,478.1372784810127,478.1372784810127,7949076.981075949,2819.410750684609,0,15800,,,,
95,477.11386075949366,477.11386075949366,7959907.1648734175,2821.3307436161076,0,15800,,,,
96,476.56386075949365,476.56386075949365,7978630.892721519,2824.64703860881,0,15800,,,,
97,478.2810759493671,478.2810759493671,7954700.603734178,2820.4078789661216,0,15800,,,,
98,478.2663924050633,478.2663924050633,7974415.196139241,2823.9007057861013,0,15800,,,,
99,478.84727848101267,478.84727848101267,7958576.0106962025,2821.0948248324094,0,15800,,,,
100,485.4096202531646,485.4096202531646,7962962.726835443,2821.8722024279277,0,15800,,,,
101,482.2827848101266,482.2827848101266,7926948.827468354,2815.4837643766223,0,15800,,,,
102,477.9958227848101,477.9958227848101,7971478.797721519,2823.380739064698,0,15800,,,,
103,478.6791139240506,478.6791139240506,7969103.711518987,2822.960097401128,0,15800,,,,
104,477.8225316455696,477.8225316455696,7961332.128227849,2821.5832662226803,0,15800,,,,
105,477.8626582278481,477.8626582278481,7960292.141139241,2821.3989687988546,0,15800,,,,
106,477.62398734177214,477.62398734177214,7958113.712468354,2821.012887682074,0,15800,,,,
107,477.3108860759494,477.3108860759494,7969365.366202531,2823.006441048715,0,15800,,,,
108,478.38278481012657,478.38278481012657,7969798.056075949,2823.083076368095,0,15800,,,,
109,479.2921518987342,479.2921518987342,7940220.609493671,2817.8397061390256,0,15800,,,,
110,479.4637341772152,479.4637341772152,7951260.044620253,2819.7978730079667,0,15800,,,,
111,478.77518987341773,478.77518987341773,7969332.732911392,2823.0006611602826,0,15800,,,,
112,478.73,478.73,7967475.248101266,2822.671650777197,0,15800,,,,
113,484.7493670886076,484.7493670886076,7886368.761392405,2808.267929060973,0,15800,,,,
114,477.3320253164557,477.3320253164557,7954065.778101265,2820.2953352621184,0,15800,,,,
115,477.52322784810127,477.52322784810127,7958178.287911393,2821.024333094522,0,15800,,,,
116,477.70443037974684,477.70443037974684,7958435.01556962,2821.0698352876025,0,15800,,,,
117,476.8131012658228,476.8131012658228,7972254.053987342,2823.518027919663,0,15800,,,,
118,476.9775316455696,476.9775316455696,7969336.312594937,2823.0012951812364,0,15800,,,,
119,484.084746835443,484.084746835443,7916264.291708861,2813.585664540687,0,15800,,,,
120,484.7424683544304,484.7424683544304,7916976.521075949,2813.712231390401,0,15800,,,,
121,490.9317721518987,490.9317721518987,7905631.578481013,2811.695498890485,0,15800,,,,
122,479.44373417721516,479.44373417721516,7969971.174620253,2823.1137374573227,0,15800,,,,
123,483.4227848101266,483.4227848101266,7959680.952658228,2821.290653700577,0,15800,,,,
124,478.8841139240506,478.8841139240506,7965534.45107595,2822.3278425930516,0,15800,,,,
125,481.9135443037975,481.9135443037975,7964554.5674683545,2822.154242324178,0,15800,,,,
126,484.97898734177215,484.97898734177215,7955137.799240506,2820.4853836246884,0,15800,,,,
127,477.6420253164557,477.6420253164557,7968267.050253165,2822.811904865991,0,15800,,,,
128,492.81620253164556,492.81620253164556,8002982.285696203,2828.9542742321237,0,15800,,,,
129,480.78582278481014,480.78582278481014,7966468.464303797,2822.493306334631,0,15800,,,,
130,511.90341772151896,511.90341772151896,8027874.95278481,2833.3504818120914,0,15800,,,,
131,477.22398734177216,477.22398734177216,7971346.577151898,2823.3573236754673,0,15800,,,,
132,482.09227848101267,482.09227848101267,7960159.372911393,2821.3754399071727,0,15800,,,,
133,479.4657594936709,479.4657594936709,7953085.56778481,2820.1215519521156,0,15800,,,,
134,485.8923417721519,485.8923417721519,7947159.632341772,2819.0707036790996,0,15800,,,,
135,480.2193670886076,480.2193670886076,7974690.808354431,2823.9495052770385,0,15800,,,,
136,476.4414556962025,476.4414556962025,7969891.446772152,2823.099616870108,0,15800,,,,
137,482.2990506329114,482.2990506329114,7975987.310443038,2824.1790507053615,0,15800,,,,
138,476.7057594936709,476.7057594936709,7970102.317531645,2823.136964005049,0,15800,,,,
139,476.978670886076,476.978670886076,7967669.100063291,2822.705988951611,0,15800,,,,
140,476.548417721519,476.548417721519,7972247.837531646,2823.516927084314,0,15800,,,,
141,482.6018987341772,482.6018987341772,7961294.190126582,2821.576543375455,0,15800,,,,
142,476.59196202531643,476.59196202531643,7971513.584113924,2823.386899472675,0,15800,,,,
143,476.6440506329114,476.6440506329114,7972496.639240506,2823.5609855713237,0,15800,,,,
144,475.7670886075949,475.7670886075949,7973445.054050633,2823.7289271547706,0,15800,,,,
145,475.6724683544304,475.6724683544304,7973854.5581645565,2823.8014374535182,0,15800,,,,
146,476.0155063291139,476.0155063291139,7973392.383987342,2823.719600808009,0,15800,,,,
147,475.7993670886076,475.7993670886076,7973193.627594937,2823.6844065148175,0,15800,,,,
148,478.72398734177216,478.72398734177216,7964910.031329114,2822.2172190193146,0,15800,,,,
149,476.3405696202532,476.3405696202532,7973516.280443038,2823.7415392424,0,15800,,,,
150,475.9867088607595,475.9867088607595,7974709.09164557,2823.952742459684,0,15800,,,,
151,476.43379746835444,476.43379746835444,7974100.38721519,2823.8449651521573,0,15800,,,,
152,476.62949367088606,476.62949367088606,7973124.195063291,2823.672111818809,0,15800,,,,
153,476.4244303797468,476.4244303797468,7973897.171898734,2823.8089828985835,0,15800,,,,
154,476.6660759493671,476.6660759493671,7974259.525696202,2823.8731426351646,0,15800,,,,
155,476.6820253164557,476.6820253164557,7974280.663164557,2823.876885270418,0,15800,,,,
156,476.88677215189875,476.88677215189875,7974148.258670886,2823.853441429085,0,15800,,,,
157,476.6473417721519,476.6473417721519,7974287.691392405,2823.8781296990146,0,15800,,,,
158,478.7425949367089,478.7425949367089,7972069.4356329115,2823.48533476498,0,15800,,,,
159,477.2206329113924,477.2206329113924,7973839.096075949,2823.798699637768,0,15800,,,,
160,486.15246835443037,486.15246835443037,7962192.069177215,2821.7356483514213,0,15800,,,,
161,477.3431012658228,477.3431012658228,7976616.408164557,2824.290425605086,0,15800,,,,
162,477.12974683544303,477.12974683544303,7971643.605569621,2823.4099251737466,0,15800,,,,
163,476.54474683544305,476.54474683544305,7974708.9728481015,2823.952721425786,0,15800,,,,
164,476.66835443037974,476.66835443037974,7973846.823924051,2823.8000679800352,0,15800,,,,
165,476.73822784810125,476.73822784810125,7974757.24164557,2823.961267731123,0,15800,,,,
166,477.051582278481,477.051582278481,7973924.085253164,2823.813748329228,0,15800,,,,
167,476.92398734177215,476.92398734177215,7973303.620063291,2823.7038832114267,0,15800,,,,
168,479.24164556962023,479.24164556962023,7973025.78278481,2823.654685471439,0,15800,,,,
169,477.39278481012656,477.39278481012656,7970467.133164557,2823.201575014536,0,15800,,,,
170,477.97303797468356,477.97303797468356,7970636.116329114,2823.2315024328263,0,15800,,,,
171,477.813417721519,477.813417721519,7971792.303797469,2823.4362581431633,0,15800,,,,
172,475.8289240506329,475.8289240506329,7968611.279177215,2822.872876907002,0,15800,,,,
173,476.7287341772152,476.7287341772152,7973380.279746835,2823.71745749231,0,15800,,,,
174,476.57759493670886,476.57759493670886,7974482.325316456,2823.9125916565577,0,15800,,,,
175,477.2165189873418,477.2165189873418,7972971.320822785,2823.645041577072,0,15800,,,,
176,473.1003797468354,473.1003797468354,7964545.6893670885,2822.1526693938954,0,15800,,,,
177,485.3056329113924,485.3056329113924,7952648.110696202,2820.0439909150714,0,15800,,,,
178,484.4010759493671,484.4010759493671,7951897.257278481,2819.910859810728,0,15800,,,,
179,491.8517088607595,491.8517088607595,7958615.488924051,2821.1018217930473,0,15800,,,,
180,474.30810126582276,474.30810126582276,7968676.46556962,2822.8844229917772,0,15800,,,,
181,476.3410759493671,476.3410759493671,7984005.982594937,2825.598340634234,0,15800,,,,
182,476.615253164557,476.615253164557,7983847.336265823,2825.570267444401,0,15800,,,,
183,473.88227848101263,473.88227848101263,7966687.605696202,2822.5321266012547,0,15800,,,,
184,473.72835443037974,473.72835443037974,7973239.786329114,2823.692579996823,0,15800,,,,
185,473.6077848101266,473.6077848101266,7973933.536518987,2823.8154218218633,0,15800,,,,
186,473.9110759493671,473.9110759493671,7967834.065759494,2822.735209997476,0,15800,,,,
187,473.32303797468353,473.32303797468353,7977745.876329114,2824.4903746214313,0,15800,,,,
188,473.4627848101266,473.4627848101266,7975538.423670886,2824.0995775062333,0,15800,,,,
189,473.8073417721519,473.8073417721519,7976764.359240507,2824.3166180937483,0,15800,,,,
190,473.4929746835443,473.4929746835443,7981230.112594937,2825.107097544257,0,15800,,,,
191,473.9159493670886,473.9159493670886,7978685.822278481,2824.656761852399,0,15800,,,,
192,473.8510759493671,473.8510759493671,7979156.604620253,2824.7400950565793,0,15800,,,,
193,473.7664556962025,473.7664556962025,7979198.050253165,2824.7474312322447,0,15800,,,,
194,473.96898734177216,473.96898734177216,7980131.300379747,2824.912618184808,0,15800,,,,
195,474.1012025316456,474.1012025316456,7979567.336012659,2824.812796631426,0,15800,,,,
196,474.3143670886076,474.3143670886076,7980840.559810126,2825.0381519211605,0,15800,,,,
197,474.27443037974683,474.27443037974683,7980133.340126582,2824.912979213091,0,15800,,,,
198,474.2591139240506,474.2591139240506,7980285.055696202,2824.939832225848,0,15800,,,,
199,474.4893037974684,474.4893037974684,7979718.4232278485,2824.839539377033,0,15800,,,,
200,472.3390212688159,472.3390212688159,7916922.134621245,2813.702566836311,0,16409,,,,
201,473.6955938814065,473.6955938814065,7918853.499603876,2814.0457529336436,0,16409,,,,
202,472.2978853068438,472.2978853068438,7917437.380096288,2813.794125393023,0,16409,,,,
203,473.6945578645865,473.6945578645865,7919309.549759278,2814.126782815458,0,16409,,,,
204,472.32604058748245,472.32604058748245,7917290.8536778595,2813.768088112071,0,16409,,,,
205,472.5492107989518,472.5492107989518,7916246.9392406605,2813.5825808461104,0,16409,,,,
206,473.7612285940642,473.7612285940642,7918378.870497897,2813.9614195112727,0,16409,,,,
207,474.6865744408556,474.6865744408556,7920077.848741544,2814.263287032957,0,16409,,,,
208,474.4716314217807,474.4716314217807,7918522.343774757,2813.9869125095015,0,16409,,,,
209,474.4360411969041,474.4360411969041,7919803.680236456,2814.214576082722,0,16409,,,,
210,476.1608873179353,476.1608873179353,7923088.898896947,2814.798198609795,0,16409,,,,
211,481.4546894996648,481.4546894996648,7911780.937290511,2812.7888184665608,0,16409,,,,
212,474.171064659638,474.171064659638,7918701.135169724,2814.018680671776,0,16409,,,,
213,473.9388140654519,473.9388140654519,7917761.552075081,2813.8517288718467,0,16409,,,,
214,472.83813760741054,472.83813760741054,7918472.041623499,2813.977974615917,0,16409,,,,
215,473.7222256078981,473.7222256078981,7916056.0563105615,2813.548658955548,0,16409,,,,
216,474.1919678225364,474.1919678225364,7918870.936071668,2814.0488510457076,0,16409,,,,
217,473.9572795417149,473.9572795417149,7915639.82076909,2813.4746881337123,0,16409,,,,
218,474.1014687061978,474.1014687061978,7913714.710402828,2813.1325440517066,0,16409,,,,
219,474.05624961911144,474.05624961911144,7915592.986348955,2813.466364886731,0,16409,,,,
220,474.1157901151807,474.1157901151807,7915006.726308733,2813.362174749055,0,16409,,,,
221,477.65409226643914,477.65409226643914,7912809.040039003,2812.9715675845364,0,16409,,,,
222,472.96831007374004,472.96831007374004,7920046.182278018,2814.2576609610605,0,16409,,,,
223,472.8996282527881,472.8996282527881,7920059.523797915,2814.260031304484,0,16409,,,,
224,473.0793466999817,473.0793466999817,7920144.692485831,2814.2751628946717,0,16409,,,,
225,472.8856724968005,472.8856724968005,7917737.767139984,2813.8475024670374,0,16409,,,,
226,473.53105003351817,473.53105003351817,7919328.256871229,2814.1301065997695,0,16409,,,,
227,473.75038088853677,473.75038088853677,7917317.710402828,2813.7728604851577,0,16409,,,,
228,472.97093058687307,472.97093058687307,7920368.67584862,2814.314956760991,0,16409,,,,
229,472.9538058382595,472.9538058382595,7924239.206959595,2815.002523437518,0,16409,,,,
230,473.2373697361204,473.2373697361204,7921717.06246572,2814.5545051509876,0,16409,,,,
231,473.5183131208483,473.5183131208483,7917240.922664392,2813.759215473917,0,16409,,,,
232,473.4566396489731,473.4566396489731,7920744.6598817725,2814.3817544678923,0,16409,,,,
233,473.40544822963005,473.40544822963005,7920950.075324517,2814.4182481153216,0,16409,,,,
234,473.44475592662565,473.44475592662565,7921466.821926991,2814.5100500667945,0,16409,,,,
235,473.5649948199159,473.5649948199159,7921386.131878847,2814.4957153775963,0,16409,,,,
236,473.4449996952892,473.4449996952892,7922077.483880797,2814.618532568987,0,16409,,,,
237,473.74215369614234,473.74215369614234,7921830.095740142,2814.574585215347,0,16409,,,,
238,473.37010177341705,473.37010177341705,7922708.242671705,2814.730580832152,0,16409,,,,
239,473.59229691023216,473.59229691023216,7922042.143579743,2814.6122545707326,0,16409,,,,
240,473.60338838442317,473.60338838442317,7922835.373514535,2814.7531638697087,0,16409,,,,
241,473.4421963556585,473.4421963556585,7920789.186726796,2814.3896650476095,0,16409,,,,
242,473.7336827350844,473.7336827350844,7921870.56639649,2814.5817746863368,0,16409,,,,
243,473.13492595526844,473.13492595526844,7922850.806569565,2814.755905326351,0,16409,,,,
244,473.95386678042536,473.95386678042536,7922162.53293924,2814.6336409805167,0,16409,,,,
245,473.6732281065269,473.6732281065269,7923573.731610701,2814.88431940119,0,16409,,,,
246,473.46523249436285,473.46523249436285,7921700.000548479,2814.5514741337524,0,16409,,,,
247,473.3705283685782,473.3705283685782,7923119.699128527,2814.803669730542,0,16409,,,,
248,473.0288256444634,473.0288256444634,7921174.716314218,2814.4581567886594,0,16409,,,,
249,479.881223718691,479.881223718691,7904121.684136754,2811.426983604012,0,16409,,,,
250,472.6902309708087,472.6902309708087,7922461.55768176,2814.6867601354434,0,16409,,,,
251,473.7008958498385,473.7008958498385,7922154.919007862,2814.6322884184824,0,16409,,,,
252,473.48412456578706,473.48412456578706,7924199.981656408,2814.99555624097,0,16409,,,,
253,473.6668901212749,473.6668901212749,7924917.3580352245,2815.1229738743605,0,16409,,,,
254,473.3662624169663,473.3662624169663,7923770.414345786,2814.9192553865173,0,16409,,,,
255,480.56389786092996,480.56389786092996,7904430.131208483,2811.481839032307,0,16409,,,,
256,473.3335364738863,473.3335364738863,7921813.4255591445,2814.571623810477,0,16409,,,,
257,473.1030532025108,473.1030532025108,7923470.939728198,2814.8660607084307,0,16409,,,,
258,473.10384545066734,473.10384545066734,7925427.3131208485,2815.213546628541,0,16409,,,,
259,473.1094521299287,473.1094521299287,7923681.893412152,2814.903531812796,0,16409,,,,
260,473.2671095130721,473.2671095130721,7927058.660856847,2815.503269551795,0,16409,,,,
261,474.28947528795175,474.28947528795175,7927282.178194893,2815.542963301198,0,16409,,,,
262,472.88798829910417,472.88798829910417,7927176.4209275395,2815.524182266517,0,16409,,,,
263,472.8544091657017,472.8544091657017,7928349.485404352,2815.732495356111,0,16409,,,,
264,472.97726857212507,472.97726857212507,7930087.37985252,2816.0410827707256,0,16409,,,,
265,473.2919129745871,473.2919129745871,7929056.280151136,2815.858000707979,0,16409,,,,
266,473.67456883417634,473.67456883417634,7928896.0294960085,2815.8295455328985,0,16409,,,,
267,472.9950636845634,472.9950636845634,7928601.41446767,2815.777230973301,0,16409,,,,
268,472.67767688463647,472.67767688463647,7929238.934365287,2815.89043365776,0,16409,,,,
269,472.87549515509784,472.87549515509784,7929109.202145164,2815.867397827029,0,16409,,,,
270,472.6918154671217,472.6918154671217,7928065.458102261,2815.682059129237,0,16409,,,,
271,479.2280455847401,479.2280455847401,7913078.495276982,2813.0194622997155,0,16409,,,,
272,472.8530074958864,472.8530074958864,7928468.194588335,2815.7535749046533,0,16409,,,,
273,472.46779206533,472.46779206533,7927290.063257968,2815.544363574825,0,16409,,,,
274,472.27040039002986,472.27040039002986,7928186.870193186,2815.7036190254803,0,16409,,,,
275,472.4423791821561,472.4423791821561,7928090.242732647,2815.686460302824,0,16409,,,,
276,477.4062404777866,477.4062404777866,7915657.435248949,2813.4778185102064,0,16409,,,,
277,473.5634712657688,473.5634712657688,7921954.678469133,2814.5967168440193,0,16409,,,,
278,485.57505027728683,485.57505027728683,7914180.106953501,2813.2152613963794,0,16409,,,,
279,472.66725577427025,472.66725577427025,7929136.666402584,2815.8722745186055,0,16409,,,,
280,472.6746297763423,472.6746297763423,7930514.845633494,2816.1169801046076,0,16409,,,,
281,472.2359071241392,472.2359071241392,7930883.40124322,2816.182416187421,0,16409,,,,
282,472.89749527698217,472.89749527698217,7929895.286306296,2816.0069755429045,0,16409,,,,
283,472.33725394600526,472.33725394600526,7929587.192028765,2815.9522709074395,0,16409,,,,
284,473.2537631787434,473.2537631787434,7930658.983545615,2816.1425715942746,0,16409,,,,
285,472.82186604911936,472.82186604911936,7931901.751965385,2816.363213785712,0,16409,,,,
286,472.4749832409044,472.4749832409044,7930625.893351209,2816.136696495965,0,16409,,,,
287,472.5455542689987,472.5455542689987,7929900.099457615,2816.0078301484914,0,16409,,,,
288,472.66238040099944,472.66238040099944,7932448.687366689,2816.460311697413,0,16409,,,,
289,472.715400085319,472.715400085319,7932746.782314584,2816.51323134023,0,16409,,,,
290,472.716984581632,472.716984581632,7932456.7679322325,2816.461746222063,0,16409,,,,
291,472.3708940215735,472.3708940215735,7932139.877140594,2816.4054887641078,0,16409,,,,
292,472.36449509415564,472.36449509415564,7931955.939362545,2816.372833870286,0,16409,,,,
293,473.07367907855445,473.07367907855445,7934036.266804802,2816.7421370804964,0,16409,,,,
294,472.89597172283504,472.89597172283504,7934337.568773234,2816.79562069619,0,16409,,,,
295,473.0240721555244,473.0240721555244,7934540.206106405,2816.831589943993,0,16409,,,,
296,472.40331525382413,472.40331525382413,7932928.355902249,2816.545464909496,0,16409,,,,
297,472.92948991407155,472.92948991407155,7933981.839600219,2816.7324756888465,0,16409,,,,
298,472.4570662441343,472.4570662441343,7931294.667682369,2816.2554336711664,0,16409,,,,
299,472.24273264671825,472.24273264671825,7930678.615576818,2816.1460572166384,0,16409,,,,
300,472.2505332439515,472.2505332439515,7930610.989639832,2816.1340503676015,0,16409,,,,
301,472.32604058748245,472.32604058748245,7930082.012432202,2816.0401297623944,0,16409,,,,
302,472.44439027363035,472.44439027363035,7929351.743921019,2815.9104644716635,0,16409,,,,
303,472.27320372966057,472.27320372966057,7930122.744286672,2816.0473618685237,0,16409,,,,
304,471.9580108477055,471.9580108477055,7929888.659333292,2816.005798881333,0,16409,,,,
305,472.2604058748248,472.2604058748248,7930612.246267293,2816.1342734797454,0,16409,,,,
306,472.0090803827168,472.0090803827168,7931061.796026571,2816.2140891676845,0,16409,,,,
307,472.3469437503809,472.3469437503809,7930340.704552379,2816.086061282996,0,16409,,,,
308,471.87799378389906,471.87799378389906,7930099.872752758,2816.043300937107,0,16409,,,,
309,472.0897068681821,472.0897068681821,7930416.632335913,2816.0995423343816,0,16409,,,,
310,471.7400816625023,471.7400816625023,7930403.259004205,2816.097167891088,0,16409,,,,
311,471.8545919921994,471.8545919921994,7930228.021573527,2816.066054192182,0,16409,,,,
312,471.90182217075994,471.90182217075994,7930248.078066914,2816.069615273549,0,16409,,,,
313,471.8029130355293,471.8029130355293,7930227.6508013895,2816.065988360605,0,16409,,,,
314,471.89743433481624,471.89743433481624,7930170.501736851,2816.05584137404,0,16409,,,,
315,472.0050581997684,472.0050581997684,7929759.256688403,2815.9828225130213,0,16409,,,,
316,471.87653117191786,471.87653117191786,7930171.087330123,2816.055945348054,0,16409,,,,
317,471.6908403924675,471.6908403924675,7930763.923273813,2816.1612033535675,0,16409,,,,
318,471.9853738801877,471.9853738801877,7929458.418550795,2815.92940581805,0,16409,,,,
319,471.9152903894204,471.9152903894204,7929519.9841550365,2815.940337463675,0,16409,,,,
320,471.87653117191786,471.87653117191786,7929657.116094826,2815.9646865851896,0,16409,,,,
321,471.9019440550917,471.9019440550917,7930118.1416905355,2816.046544659824,0,16409,,,,
322,471.87573892376133,471.87573892376133,7930315.879882991,2816.0816536249426,0,16409,,,,
323,471.83222621731977,471.83222621731977,7930590.104637699,2816.130342267151,0,16409,,,,
324,471.85520141385825,471.85520141385825,7930504.992016576,2816.115230599873,0,16409,,,,
325,471.72905113047716,471.72905113047716,7930249.25126455,2816.069823577631,0,16409,,,,
326,471.7281979401548,471.7281979401548,7930118.627582424,2816.046630931815,0,16409,,,,
327,471.72923395697484,471.72923395697484,7930107.810165153,2816.044710256773,0,16409,,,,
328,471.7369126698763,471.7369126698763,7930131.542385276,2816.048924004211,0,16409,,,,
329,471.9317447742093,471.9317447742093,7929950.65025291,2816.016805747599,0,16409,,,,
330,471.7331951977573,471.7331951977573,7930241.3852154305,2816.0684269412614,0,16409,,,,
331,472.0851971479066,472.0851971479066,7929418.435492718,2815.9223063665513,0,16409,,,,
332,471.8449021878238,471.8449021878238,7928428.869705649,2815.7465918838734,0,16409,,,,
333,472.54573709549635,472.54573709549635,7930700.282345055,2816.1499040969134,0,16409,,,,
334,472.3528551404717,472.3528551404717,7929282.16320312,2815.898109520854,0,16409,,,,
335,471.96002193917974,471.96002193917974,7929294.572978243,2815.9003130399065,0,16409,,,,
336,477.6786519592906,477.6786519592906,7916729.319824487,2813.668303091977,0,16409,,,,
337,471.92522396245965,471.92522396245965,7929703.536900481,2815.9729290070386,0,16409,,,,
338,472.40642330428426,472.40642330428426,7930919.424645012,2816.1888119664513,0,16409,,,,
339,472.3799134621244,472.3799134621244,7931002.536534828,2816.2035680211097,0,16409,,,,
340,471.8623316472667,471.8623316472667,7929640.253458468,2815.961692469993,0,16409,,,,
341,471.74087391065876,471.74087391065876,7930613.08355171,2816.13442213821,0,16409,,,,
342,471.71143884453653,471.71143884453653,7930910.432384667,2816.1872154359103,0,16409,,,,
343,471.8353952099458,471.8353952099458,7931190.442257298,2816.236929354009,0,16409,,,,
344,471.70083490767263,471.70083490767263,7930965.899506369,2816.1970633296187,0,16409,,,,
345,471.7253946005241,471.7253946005241,7931332.45328783,2816.262142146542,0,16409,,,,
346,471.7547077823146,471.7547077823146,7931243.310195624,2816.246315611549,0,16409,,,,
347,486.66749954293374,486.66749954293374,7913310.284538972,2813.060661368498,0,16409,,,,
348,471.79553903345726,471.79553903345726,7930819.067889573,2816.1709940785863,0,16409,,,,
349,471.86617100371745,471.86617100371745,7930634.253275641,2816.1381807851053,0,16409,,,,
350,471.7414833323176,471.7414833323176,7931072.388445365,2816.215969780259,0,16409,,,,
351,472.03418855506123,472.03418855506123,7929339.598573953,2815.9083079130883,0,16409,,,,
352,475.41532086050336,475.41532086050336,7926100.094094704,2815.3330343131174,0,16409,,,,
353,472.863245779755,472.863245779755,7929161.182826498,2815.8766277709146,0,16409,,,,
354,471.73258577609846,471.73258577609846,7930021.311962947,2816.029352113175,0,16409,,,,
355,471.0999451520507,471.0999451520507,7925697.225242245,2815.261484346036,0,16409,,,,
356,472.11231641172526,472.11231641172526,7928680.942104942,2815.7913527292717,0,16409,,,,
357,474.30148089463097,474.30148089463097,7922793.026327016,2814.745641497117,0,16409,,,,
358,481.7420318118106,481.7420318118106,7906874.525260528,2811.9165217446493,0,16409,,,,
359,479.23919800109695,479.23919800109695,7915440.378207082,2813.4392437383613,0,16409,,,,
360,477.18361874581024,477.18361874581024,7926029.857273447,2815.3205603045362,0,16409,,,,
361,471.7960265707843,471.7960265707843,7930283.453653483,2816.0758962878617,0,16409,,,,
362,471.03132427326466,471.03132427326466,7926024.611676519,2815.319628688103,0,16409,,,,
363,470.77932841733195,470.77932841733195,7925930.700103601,2815.302949968902,0,16409,,,,
364,471.67219208970687,471.67219208970687,7929840.920897068,2815.99732260119,0,16409,,,,
365,471.91681394356755,471.91681394356755,7932069.364312268,2816.3929705054065,0,16409,,,,
366,475.0569809251021,475.0569809251021,7917079.310744104,2813.7304971770313,0,16409,,,,
367,474.76592114083735,474.76592114083735,7914795.6420257175,2813.3246599043127,0,16409,,,,
368,471.0854409165702,471.0854409165702,7927665.46876714,2815.6110293801485,0,16409,,,,
369,481.9087086355049,481.9087086355049,7912459.3399963435,2812.9094084233043,0,16409,,,,
370,470.8653178133951,470.8653178133951,7926099.798708026,2815.332981852773,0,16409,,,,
371,475.8688524590164,475.8688524590164,7933435.83399354,2816.6355522135873,0,16409,,,,
372,475.5662746053995,475.5662746053995,7932755.476445853,2816.5147747607953,0,16409,,,,
373,476.33926503747944,476.33926503747944,7913500.631909318,2813.0944939531123,0,16409,,,,
374,477.4353098909135,477.4353098909135,7934962.54896703,2816.9065566622953,0,16409,,,,
375,481.6479980498507,481.6479980498507,7926866.909013347,2815.4692164918706,0,16409,,,,
376,472.03814979584376,472.03814979584376,7930948.840636237,2816.1940346212364,0,16409,,,,
377,474.408678164422,474.408678164422,7917295.698458163,2813.7689490180537,0,16409,,,,
378,474.7723810104211,474.7723810104211,7916486.449875069,2813.6251438091517,0,16409,,,,
379,475.74824791273085,475.74824791273085,7912667.399658724,2812.9463911810913,0,16409,,,,
380,479.9188250350417,479.9188250350417,7913571.056980925,2813.1070112921275,0,16409,,,,
381,471.87055883966116,471.87055883966116,7924377.533183009,2815.027092797334,0,16409,,,,
382,470.80120665488454,470.80120665488454,7925908.817173502,2815.299063540764,0,16409,,,,
383,480.6011944664513,480.6011944664513,7912356.737095497,2812.891170503313,0,16409,,,,
384,472.42836248400266,472.42836248400266,7925871.624413432,2815.2924580606955,0,16409,,,,
385,470.9731245048449,470.9731245048449,7925687.806325797,2815.2598115139917,0,16409,,,,
386,470.9728197940155,470.9728197940155,7926344.335974161,2815.3764110637426,0,16409,,,,
387,471.45804131878845,471.45804131878845,7926557.924980193,2815.414343392495,0,16409,,,,
388,471.4259247973673,471.4259247973673,7926608.692546773,2815.423359380747,0,16409,,,,
389,471.35846181973307,471.35846181973307,7926844.285392162,2815.4651987535135,0,16409,,,,
390,471.073922847218,471.073922847218,7925370.628923152,2815.203479133107,0,16409,,,,
391,472.34548113839963,472.34548113839963,7927278.779998781,2815.5423598303014,0,16409,,,,
392,471.51764275702357,471.51764275702357,7927258.814370163,2815.538814218366,0,16409,,,,
393,471.51867877384365,471.51867877384365,7926111.708087025,2815.3350969444164,0,16409,,,,
394,472.10329697117436,472.10329697117436,7925695.004997257,2815.261090022959,0,16409,,,,
395,478.6904747394722,478.6904747394722,7936911.222621732,2817.2524243705484,0,16409,,,,
396,476.588152842952,476.588152842952,7907869.09762935,2812.093365738298,0,16409,,,,
397,472.07599488085805,472.07599488085805,7927097.739837894,2815.510209506954,0,16409,,,,
398,472.0887317935279,472.0887317935279,7927024.801998903,2815.497256613635,0,16409,,,,
399,472.1240173075751,472.1240173075751,7926838.601803889,2815.464189401792,0,16409,,,,
400,464.2631958305611,464.2631958305611,7804528.7747283215,2793.658671836687,0,18036,,,,
401,464.5460190729652,464.5460190729652,7804944.158239078,2793.7330148457418,0,18036,,,,
402,464.6633954313595,464.6633954313595,7804386.249667332,2793.633163045451,0,18036,,,,
403,464.1285761809714,464.1285761809714,7804989.721834109,2793.741169441813,0,18036,,,,
404,464.5349301397206,464.5349301397206,7803304.616655578,2793.439567389203,0,18036,,,,
405,470.3853958749168,470.3853958749168,7796072.66528055,2792.144814525305,0,18036,,,,
406,465.9698935462408,465.9698935462408,7806127.913672655,2793.9448658970805,0,18036,,,,
407,465.9393435351519,465.9393435351519,7805756.17276558,2793.8783389341743,0,18036,,,,
408,465.869039698381,465.869039698381,7806701.388223553,2794.0474921202667,0,18036,,,,
409,476.08893324462184,476.08893324462184,7790545.356509204,2791.154842804176,0,18036,,,,
410,465.84126192060324,465.84126192060324,7806143.383510756,2793.9476343537212,0,18036,,,,
411,473.59170547793303,473.59170547793303,7792981.223220226,2791.591163336821,0,18036,,,,
412,471.1796407185629,471.1796407185629,7794707.334220448,2791.9003087897763,0,18036,,,,
413,467.4544799290308,467.4544799290308,7804708.610722998,2793.6908581163734,0,18036,,,,
414,466.3495786205367,466.3495786205367,7805202.437513861,2793.7792392230745,0,18036,,,,
415,466.0167997338656,466.0167997338656,7806162.127134619,2793.9509886779724,0,18036,,,,
416,471.7553226879574,471.7553226879574,7793665.847139055,2791.713783169588,0,18036,,,,
417,471.7150698602794,471.7150698602794,7795399.527666888,2792.024270608493,0,18036,,,,
418,471.7722887558217,471.7722887558217,7794747.43596141,2791.907490580841,0,18036,,,,
419,472.15990241738746,472.15990241738746,7794620.330006653,2791.8847272060952,0,18036,,,,
420,472.3902750055445,472.3902750055445,7793841.145985806,2791.7451792715265,0,18036,,,,
421,479.03925482368595,479.03925482368595,7789083.175981371,2790.892899410755,0,18036,,,,
422,472.7626413838989,472.7626413838989,7794203.242681304,2791.8100298339255,0,18036,,,,
423,470.132956309603,470.132956309603,7810751.337879796,2794.7721441791628,0,18036,,,,
424,475.41328454202704,475.41328454202704,7799329.494233754,2792.7279663858694,0,18036,,,,
425,470.56326236416055,470.56326236416055,7810060.318862275,2794.6485143685377,0,18036,,,,
426,475.29612996229764,475.29612996229764,7800383.28160346,2792.9166263251504,0,18036,,,,
427,469.9177755599911,469.9177755599911,7811205.092980705,2794.853322265894,0,18036,,,,
428,471.27289864715016,471.27289864715016,7809039.707473941,2794.4659073737043,0,18036,,,,
429,475.2375249500998,475.2375249500998,7800743.841760922,2792.9811746162777,0,18036,,,,
430,476.284542027057,476.284542027057,7801492.050011089,2793.1151157822137,0,18036,,,,
431,470.63162563761364,470.63162563761364,7811594.6163229095,2794.923007226301,0,18036,,,,
432,470.6161011310712,470.6161011310712,7810825.304280329,2794.785377140851,0,18036,,,,
433,489.5588267908627,489.5588267908627,7837130.380738523,2799.4875210899804,0,18036,,,,
434,471.3983144821468,471.3983144821468,7797945.585828343,2792.4801853958325,0,18036,,,,
435,472.63916611222,472.63916611222,7812931.36371701,2795.162135497154,0,18036,,,,
436,470.83649367930803,470.83649367930803,7809885.092537148,2794.617163859327,0,18036,,,,
437,492.5439676203149,492.5439676203149,7831525.448935462,2798.48627813957,0,18036,,,,
438,487.6297405189621,487.6297405189621,7831169.5222887555,2798.422684708076,0,18036,,,,
439,471.339709469949,471.339709469949,7809301.061931692,2794.512669846335,0,18036,,,,
440,476.7104679529829,476.7104679529829,7815582.7542692395,2795.636377333297,0,18036,,,,
441,472.58882235528944,472.58882235528944,7809895.633178088,2794.6190497415005,0,18036,,,,
442,471.0861055666445,471.0861055666445,7810963.010035485,2794.810013227283,0,18036,,,,
443,471.2223331115547,471.2223331115547,7810538.729762697,2794.73410716703,0,18036,,,,
444,470.12491683300067,470.12491683300067,7812454.218618319,2795.076782240216,0,18036,,,,
445,472.54906852960744,472.54906852960744,7804338.833499667,2793.6246765626315,0,18036,,,,
446,466.4914060767354,466.4914060767354,7805873.667276558,2793.899365989505,0,18036,,,,
447,466.5237303171435,466.5237303171435,7804386.122421823,2793.633140271253,0,18036,,,,
448,467.5074295852739,467.5074295852739,7801906.443889998,2793.1892961075873,0,18036,,,,
449,468.1245287203371,468.1245287203371,7794202.547682413,2791.8099053629016,0,18036,,,,
450,466.4673430915946,466.4673430915946,7804420.159957862,2793.6392322484776,0,18036,,,,
451,466.60506764249277,466.60506764249277,7804632.012696829,2793.6771489735224,0,18036,,,,
452,469.840208471945,469.840208471945,7792139.18950987,2791.440343175879,0,18036,,,,
453,466.74767132401865,466.74767132401865,7802611.671601242,2793.3155338416823,0,18036,,,,
454,469.7908072743402,469.7908072743402,7792462.4102350855,2791.4982375482678,0,18036,,,,
455,470.6805832778887,470.6805832778887,7791316.968451985,2791.2930638777407,0,18036,,,,
456,470.3224661787536,470.3224661787536,7790788.219117321,2791.198348222018,0,18036,,,,
457,470.16727655799514,470.16727655799514,7790823.260423597,2791.204625322837,0,18036,,,,
458,469.82740075404746,469.82740075404746,7791985.333610557,2791.4127845251687,0,18036,,,,
459,470.2304280328232,470.2304280328232,7791183.582834331,2791.2691706165374,0,18036,,,,
460,470.104125083167,470.104125083167,7791008.716234198,2791.237846589609,0,18036,,,,
461,469.74046351740964,469.74046351740964,7792016.673153693,2791.4183980825396,0,18036,,,,
462,469.9359059658461,469.9359059658461,7791769.4584165,2791.3741165269303,0,18036,,,,
463,470.7645819472167,470.7645819472167,7793856.7972943,2791.7479824107154,0,18036,,,,
464,470.44250388112664,470.44250388112664,7790247.927312043,2791.1015616261698,0,18036,,,,
465,471.69893546240854,471.69893546240854,7793799.794743845,2791.737773277398,0,18036,,,,
466,469.77583721445995,469.77583721445995,7793891.232035928,2791.754149640675,0,18036,,,,
467,469.6168219117321,469.6168219117321,7794363.705533378,2791.838767825495,0,18036,,,,
468,469.72615879352406,469.72615879352406,7794148.086438235,2791.8001515936335,0,18036,,,,
469,469.9589709469949,469.9589709469949,7793402.705921491,2791.666653796884,0,18036,,,,
470,469.8712020403637,469.8712020403637,7794454.804446662,2791.855082995294,0,18036,,,,
471,469.94078509647375,469.94078509647375,7794196.518407629,2791.8088255479865,0,18036,,,,
472,470.1554113994234,470.1554113994234,7792548.243013972,2791.5136114685115,0,18036,,,,
473,473.188622754491,473.188622754491,7798304.998669328,2792.5445383501637,0,18036,,,,
474,472.03038367709024,472.03038367709024,7797852.823020626,2792.463575952357,0,18036,,,,
475,469.7826569084054,469.7826569084054,7794317.711465957,2791.830530577735,0,18036,,,,
476,470.6536926147705,470.6536926147705,7791587.881902861,2791.341591762438,0,18036,,,,
477,470.23602794411175,470.23602794411175,7793116.421324018,2791.6153784724747,0,18036,,,,
478,470.01685517853184,470.01685517853184,7793697.6273009535,2791.7194750370163,0,18036,,,,
479,470.12391882900863,470.12391882900863,7793047.069139499,2791.602956929853,0,18036,,,,
480,469.8755267243291,469.8755267243291,7793217.25,2791.6334376131836,0,18036,,,,
481,474.353626081171,474.353626081171,7785350.139609669,2790.224030362019,0,18036,,,,
482,475.3826790862719,475.3826790862719,7784006.810268352,2789.983299281261,0,18036,,,,
483,470.42819915724107,470.42819915724107,7791834.349245952,2791.38573995891,0,18036,,,,
484,470.2789421157685,470.2789421157685,7792341.652750055,2791.4766079532274,0,18036,,,,
485,487.5792858726991,487.5792858726991,7775414.928919937,2788.4431012520117,0,18036,,,,
486,469.5178531825238,469.5178531825238,7792505.471944999,2791.505950548019,0,18036,,,,
487,470.06365047682414,470.06365047682414,7791467.068196939,2791.3199508829043,0,18036,,,,
488,470.3837879795964,470.3837879795964,7790825.85218452,2791.205089595625,0,18036,,,,
489,468.43729208250164,468.43729208250164,7789327.4548125975,2790.9366626300566,0,18036,,,,
490,470.8984253714793,470.8984253714793,7787894.037147926,2790.6798521413966,0,18036,,,,
491,468.1479818141495,468.1479818141495,7790708.783821247,2791.184118581439,0,18036,,,,
492,474.8181969394544,474.8181969394544,7781732.428975383,2789.5756718496423,0,18036,,,,
493,467.66278554003105,467.66278554003105,7792154.186404968,2791.4430294034246,0,18036,,,,
494,468.2731758704813,468.2731758704813,7790663.647205588,2791.1760330021443,0,18036,,,,
495,469.79324683965405,469.79324683965405,7793187.942725659,2791.6281884817076,0,18036,,,,
496,467.7874805943668,467.7874805943668,7791118.491960524,2791.2575108650444,0,18036,,,,
497,468.99417831004655,468.99417831004655,7791656.025892659,2791.353798050806,0,18036,,,,
498,467.88949878021737,467.88949878021737,7791443.98752495,2791.3158165146683,0,18036,,,,
499,467.7350299401198,467.7350299401198,7791592.576679973,2791.342432715838,0,18036,,,,
500,467.3377689066312,467.3377689066312,7792665.582945221,2791.5346286487693,0,18036,,,,
501,469.28825681969397,469.28825681969397,7789590.097305389,2790.9837149839104,0,18036,,,,
502,467.0484031936128,467.0484031936128,7794315.742459525,2791.8301779405433,0,18036,,,,
503,470.96612330893765,470.96612330893765,7782950.0115879355,2789.7939012744177,0,18036,,,,
504,473.207252162342,473.207252162342,7779600.920714127,2789.193596850912,0,18036,,,,
505,467.56076735418054,467.56076735418054,7794086.681414948,2791.7891541832,0,18036,,,,
506,468.6792526058993,468.6792526058993,7795244.529330228,2791.996513130027,0,18036,,,,
507,468.2517187846529,468.2517187846529,7796899.62463961,2792.292897358658,0,18036,,,,
508,467.05921490352625,467.05921490352625,7794403.097471723,2791.845822654203,0,18036,,,,
509,473.2279884675094,473.2279884675094,7778228.237857618,2788.9475143605014,0,18036,,,,
510,467.7797737857618,467.7797737857618,7794465.944444444,2791.8570780834116,0,18036,,,,
511,467.60584386781994,467.60584386781994,7793824.434187181,2791.742186196136,0,18036,,,,
512,467.3630516744289,467.3630516744289,7795315.579840319,2792.009237062141,0,18036,,,,
513,467.32207806609006,467.32207806609006,7794960.827289864,2791.945706364983,0,18036,,,,
514,467.54784874695054,467.54784874695054,7794552.54895764,2791.872588238518,0,18036,,,,
515,467.56326236416055,467.56326236416055,7794998.2416833,2791.9524067725974,0,18036,,,,
516,470.8267354180528,470.8267354180528,7793245.013583943,2791.6384102501424,0,18036,,,,
517,467.3824018629408,467.3824018629408,7795666.378077179,2792.072058181375,0,18036,,,,
518,467.76646706586826,467.76646706586826,7794622.342648038,2791.885087651001,0,18036,,,,
519,468.9470503437569,468.9470503437569,7790869.731259703,2791.212949823016,0,18036,,,,
520,468.32058106010203,468.32058106010203,7792514.26236416,2791.5075250416503,0,18036,,,,
521,467.3545131958306,467.3545131958306,7795875.554446662,2792.109516914883,0,18036,,,,
522,467.14942337547126,467.14942337547126,7795537.3809603015,2792.048957479131,0,18036,,,,
523,470.49085163007317,470.49085163007317,7786835.259203815,2790.4901467670184,0,18036,,,,
524,467.0878797959636,467.0878797959636,7796493.595752939,2792.2201911298002,0,18036,,,,
525,466.942337547128,466.942337547128,7795895.46850743,2792.113083044351,0,18036,,,,
526,467.00277223331113,467.00277223331113,7796691.541361721,2792.25563682155,0,18036,,,,
527,473.2399645154136,473.2399645154136,7745307.989798182,2783.039343918476,0,18036,,,,
528,467.01308494122867,467.01308494122867,7797389.449656243,2792.380606159598,0,18036,,,,
529,472.4280882679086,472.4280882679086,7780546.826957197,2789.3631579550906,0,18036,,,,
530,469.30267243291195,469.30267243291195,7787312.754324684,2790.575703027009,0,18036,,,,
531,467.8590042137946,467.8590042137946,7792810.2857063655,2791.5605466667503,0,18036,,,,
532,466.9036926147705,466.9036926147705,7791835.729818141,2791.385987250445,0,18036,,,,
533,466.98148148148147,466.98148148148147,7796028.604125083,2792.136924315332,0,18036,,,,
534,466.97898647150146,466.97898647150146,7796010.582557108,2792.133697113573,0,18036,,,,
535,468.53969838101574,468.53969838101574,7794756.076291861,2791.909037968798,0,18036,,,,
536,471.33239077400754,471.33239077400754,7783236.66040142,2789.84527535156,0,18036,,,,
537,467.17093590596585,467.17093590596585,7795593.019350189,2792.058921181677,0,18036,,,,
538,467.17553781326234,467.17553781326234,7795490.694832557,2792.0405969169856,0,18036,,,,
539,467.1004657351963,467.1004657351963,7795549.443779108,2792.051117687337,0,18036,,,,
540,466.98114881348414,466.98114881348414,7795997.410512309,2792.131338334984,0,18036,,,,
541,466.305167442892,466.305167442892,7799211.689731648,2792.706875010632,0,18036,,,,
542,466.0923153692615,466.0923153692615,7799196.172931914,2792.7040969160903,0,18036,,,,
543,467.465457972943,467.465457972943,7792011.703759149,2791.4175079624238,0,18036,,,,
544,467.700044355733,467.700044355733,7799262.610667554,2792.715991766358,0,18036,,,,
545,467.76330671989354,467.76330671989354,7797121.746562431,2792.3326711841537,0,18036,,,,
546,467.492293191395,467.492293191395,7802351.335717454,2793.268933654161,0,18036,,,,
547,467.99318030605457,467.99318030605457,7799252.98763584,2792.714268885351,0,18036,,,,
548,469.9296961632291,469.9296961632291,7793855.64127301,2791.747775368149,0,18036,,,,
549,472.5746285207363,472.5746285207363,7789411.444111777,2790.951709383696,0,18036,,,,
550,467.6337325349301,467.6337325349301,7801754.338656021,2793.16206809702,0,18036,,,,
551,466.6548015080949,466.6548015080949,7795897.7060323795,2792.1134837309855,0,18036,,,,
552,479.94571967176756,479.94571967176756,7788626.260978044,2790.811039998596,0,18036,,,,
553,468.89981148813484,468.89981148813484,7791943.083333333,2791.405216612832,0,18036,,,,
554,467.2936349523176,467.2936349523176,7796353.918385452,2792.1951791351285,0,18036,,,,
555,466.6338988689288,466.6338988689288,7797465.644433356,2792.394249462879,0,18036,,,,
556,467.7740629851408,467.7740629851408,7800386.434963406,2792.9171908532135,0,18036,,,,
557,467.83028387669106,467.83028387669106,7799370.84481038,2792.735369635007,0,18036,,,,
558,467.91106675537816,467.91106675537816,7799075.372144599,2792.6824689077343,0,18036,,,,
559,468.0304945664227,468.0304945664227,7799029.847527168,2792.6743181988063,0,18036,,,,
560,468.1024617431803,468.1024617431803,7801837.466844089,2793.176948717014,0,18036,,,,
561,467.980871590153,467.980871590153,7801258.968008428,2793.073391088825,0,18036,,,,
562,472.2291528055001,472.2291528055001,7804925.317753382,2793.7296429242006,0,18036,,,,
563,467.6092259924595,467.6092259924595,7801148.551341761,2793.053624859673,0,18036,,,,
564,467.07568196939457,467.07568196939457,7794601.555500111,2791.88136486852,0,18036,,,,
565,466.77694610778445,466.77694610778445,7795952.550731869,2792.123305073017,0,18036,,,,
566,466.6215901530273,466.6215901530273,7793402.749112885,2791.6666615326562,0,18036,,,,
567,466.6231426036815,466.6231426036815,7793403.8821800845,2791.666864470058,0,18036,,,,
568,468.3392659126192,468.3392659126192,7791369.509037481,2791.3024753755158,0,18036,,,,
569,467.505710800621,467.505710800621,7790497.470337103,2791.1462645904285,0,18036,,,,
570,468.29258150365933,468.29258150365933,7790807.614493236,2791.2018226013747,0,18036,,,,
571,467.4218230206254,467.4218230206254,7790818.020403638,2791.2036866562853,0,18036,,,,
572,469.64448880017744,469.64448880017744,7800045.977933023,2792.856240112087,0,18036,,,,
573,470.96967176757596,470.96967176757596,7801801.868097139,2793.170576262241,0,18036,,,,
574,467.8987580394766,467.8987580394766,7793825.287646929,2791.742339050459,0,18036,,,,
575,467.9939010867155,467.9939010867155,7798137.288201375,2792.5145099356914,0,18036,,,,
576,471.4280882679086,471.4280882679086,7794479.301119982,2791.859470159625,0,18036,,,,
577,468.03160345974715,468.03160345974715,7794828.85063207,2791.9220710170384,0,18036,,,,
578,468.5652583721446,468.5652583721446,7794763.325515635,2791.9103362242195,0,18036,,,,
579,475.78066090042137,475.78066090042137,7772958.441450433,2788.002589928932,0,18036,,,,
580,466.2470614326902,466.2470614326902,7789052.109558661,2790.8873337271534,0,18036,,,,
581,466.33765801729874,466.33765801729874,7792519.675205145,2791.5084945608073,0,18036,,,,
582,466.0068751386117,466.0068751386117,7797088.6602350855,2792.3267466818934,0,18036,,,,
583,469.8410401419383,469.8410401419383,7797228.242237747,2792.3517404219956,0,18036,,,,
584,466.25587713461965,466.25587713461965,7791615.553504103,2791.346548442902,0,18036,,,,
585,468.1141605677534,468.1141605677534,7789887.227933023,2791.036944924417,0,18036,,,,
586,468.9952317587048,468.9952317587048,7792068.165003327,2791.427621308374,0,18036,,,,
587,466.82712353071634,466.82712353071634,7790460.710689732,2791.139679537685,0,18036,,,,
588,466.01402750055445,466.01402750055445,7792188.751774229,2791.449220704942,0,18036,,,,
589,466.57213351075626,466.57213351075626,7789229.222499446,2790.919064125552,0,18036,,,,
590,466.0637613661566,466.0637613661566,7792920.044023065,2791.5802055508034,0,18036,,,,
591,479.9739964515414,479.9739964515414,7785008.89947882,2790.16288045677,0,18036,,,,
592,466.2602018185851,466.2602018185851,7791852.235473498,2791.388943782915,0,18036,,,,
593,471.9918496340652,471.9918496340652,7796749.49916833,2792.266015115381,0,18036,,,,
594,465.5698048347749,465.5698048347749,7796232.959913506,2792.1735189478295,0,18036,,,,
595,466.39981148813484,466.39981148813484,7791752.913450876,2791.3711529373654,0,18036,,,,
596,466.7867043690397,466.7867043690397,7794106.754213795,2791.7927491513037,0,18036,,,,
597,466.673708139277,466.673708139277,7792216.80322688,2791.45424523256,0,18036,,,,
598,467.2279884675094,467.2279884675094,7792114.060878243,2791.4358421569073,0,18036,,,,
599,466.7797737857618,466.7797737857618,7791611.638722555,2791.3458472075,0,18036,,,,
600,457.430203920796,457.430203920796,7553169.177223919,2748.3029631436048,0,20302,,,,
601,456.49300561521034,456.49300561521034,7558856.150083736,2749.3374020086612,0,20302,,,,
602,456.19938922273667,456.19938922273667,7561266.888779431,2749.7757888197775,0,20302,,,,
603,454.44872426361934,454.44872426361934,7561566.691853019,2749.83030237377,0,20302,,,,
604,457.535168948872,457.535168948872,7552673.573588809,2748.2127962712075,0,20302,,,,
605,456.607821889469,456.607821889469,7562316.842183036,2749.9666983770976,0,20302,,,,
606,456.83188848389324,456.83188848389324,7562899.4952714015,2750.072634544659,0,20302,,,,
607,458.1707220963452,458.1707220963452,7559940.716579648,2749.5346363666067,0,20302,,,,
608,456.8216924440942,456.8216924440942,7554482.982366269,2748.5419739138547,0,20302,,,,
609,457.75421140774307,457.75421140774307,7559660.600039405,2749.483696994657,0,20302,,,,
610,458.1200374347355,458.1200374347355,7559035.163678455,2749.3699575863657,0,20302,,,,
611,456.1571273766131,456.1571273766131,7556803.232686435,2748.9640289910008,0,20302,,,,
612,457.92015564968966,457.92015564968966,7558790.917298788,2749.325538618297,0,20302,,,,
613,456.46369815781696,456.46369815781696,7553993.63826224,2748.4529536199525,0,20302,,,,
614,455.777509604965,455.777509604965,7557605.77012117,2749.1099960025554,0,20302,,,,
615,455.672544576889,455.672544576889,7557668.177617969,2749.1213464701714,0,20302,,,,
616,456.64634026204317,456.64634026204317,7558676.548024825,2749.3047390249094,0,20302,,,,
617,456.77130331986996,456.77130331986996,7559287.914638951,2749.415922453158,0,20302,,,,
618,456.7856861392966,456.7856861392966,7560073.557038715,2749.5587931591344,0,20302,,,,
619,455.78253374051815,455.78253374051815,7557589.268495714,2749.106994734056,0,20302,,,,
620,456.5335434932519,456.5335434932519,7558721.7490887595,2749.3129594661937,0,20302,,,,
621,456.7460841296424,456.7460841296424,7559414.332922865,2749.4389123824635,0,20302,,,,
622,456.80893508028765,456.80893508028765,7559461.140725052,2749.4474246155446,0,20302,,,,
623,456.8620332972121,456.8620332972121,7559544.022313072,2749.462496982469,0,20302,,,,
624,456.80893508028765,456.80893508028765,7559461.140725052,2749.4474246155446,0,20302,,,,
625,456.870603881391,456.870603881391,7560528.04221259,2749.641438844816,0,20302,,,,
626,457.0816668308541,457.0816668308541,7560522.251009753,2749.640385761337,0,20302,,,,
627,456.95847699734014,456.95847699734014,7560558.876514629,2749.647045806903,0,20302,,,,
628,456.8620332972121,456.8620332972121,7559544.022313072,2749.462496982469,0,20302,,,,
629,456.8133681410699,456.8133681410699,7559746.071864841,2749.4992402008115,0,20302,,,,
630,457.14269530095555,457.14269530095555,7561191.137966703,2749.762014787226,0,20302,,,,
631,457.3139592158408,457.3139592158408,7562090.127081076,2749.9254766413355,0,20302,,,,
632,456.98236626933306,456.98236626933306,7561483.564574919,2749.815187348946,0,20302,,,,
633,456.66899812826324,456.66899812826324,7560743.560437395,2749.6806288071703,0,20302,,,,
634,457.02738646438775,457.02738646438775,7561870.9311397895,2749.885621464971,0,20302,,,,
635,457.0070436410206,457.0070436410206,7561437.192739632,2749.806755526583,0,20302,,,,
636,456.77608117426854,456.77608117426854,7561475.270810758,2749.8136792900636,0,20302,,,,
637,456.79105506846616,456.79105506846616,7561280.893113979,2749.7783352688593,0,20302,,,,
638,456.53403605556105,456.53403605556105,7560816.550783174,2749.6939012885005,0,20302,,,,
639,458.34996552063836,458.34996552063836,7563944.19510393,2750.262568393049,0,20302,,,,
640,456.76642695300956,456.76642695300956,7561014.745837849,2749.7299405283147,0,20302,,,,
641,458.30563491281646,458.30563491281646,7563191.965963945,2750.1258091156383,0,20302,,,,
642,457.25421140774307,457.25421140774307,7560496.629839425,2749.6357267535323,0,20302,,,,
643,456.74775884149346,456.74775884149346,7560896.362969166,2749.7084141721584,0,20302,,,,
644,456.855285193577,456.855285193577,7560480.925721603,2749.632871079629,0,20302,,,,
645,457.1826421042262,457.1826421042262,7561531.533740519,2749.823909587761,0,20302,,,,
646,456.17466259481824,456.17466259481824,7560099.129149837,2749.5634433760274,0,20302,,,,
647,456.5058614914787,456.5058614914787,7564004.518865136,2750.273535280652,0,20302,,,,
648,456.87040685646735,456.87040685646735,7563492.517535218,2750.1804518131567,0,20302,,,,
649,456.5951630381243,456.5951630381243,7564191.821249138,2750.3075866617423,0,20302,,,,
650,456.4805437887893,456.4805437887893,7562948.420845237,2750.0815298542034,0,20302,,,,
651,456.6128952812531,456.6128952812531,7564456.936902768,2750.3557836946784,0,20302,,,,
652,456.6315633927692,456.6315633927692,7564403.102058911,2750.345996790024,0,20302,,,,
653,456.3943453846912,456.3943453846912,7563377.016254556,2750.159452878061,0,20302,,,,
654,456.4713328736085,456.4713328736085,7563275.602649985,2750.1410150481347,0,20302,,,,
655,456.43079499556694,456.43079499556694,7563574.405280268,2750.195339476865,0,20302,,,,
656,456.40946704758153,456.40946704758153,7563646.542064821,2750.2084542930234,0,20302,,,,
657,456.3198699635504,456.3198699635504,7564093.33050931,2750.2896811989294,0,20302,,,,
658,456.3043542508127,456.3043542508127,7563959.484040981,2750.265347932992,0,20302,,,,
659,456.30331986996356,456.30331986996356,7564488.565264506,2750.361533555999,0,20302,,,,
660,456.30819623682396,456.30819623682396,7564106.61447148,2750.2920962093244,0,20302,,,,
661,456.2682986897843,456.2682986897843,7564197.480691558,2750.3086155360015,0,20302,,,,
662,456.2591862870653,456.2591862870653,7564221.847995271,2750.3130454541483,0,20302,,,,
663,456.3150428529209,456.3150428529209,7565146.270712245,2750.481098046712,0,20302,,,,
664,456.2987390404886,456.2987390404886,7564959.527287952,2750.4471504262633,0,20302,,,,
665,456.2937641611664,456.2937641611664,7565266.857846518,2750.503019057881,0,20302,,,,
666,456.23771057038715,456.23771057038715,7565181.110629494,2750.48743146183,0,20302,,,,
667,456.17318490789086,456.17318490789086,7565273.1124027185,2750.50415604171,0,20302,,,,
668,456.2896758940006,456.2896758940006,7565436.579992119,2750.533871813274,0,20302,,,,
669,457.3311003841986,457.3311003841986,7567630.050536893,2750.9325783335535,0,20302,,,,
670,456.09043443995665,456.09043443995665,7565662.786819032,2750.5749920369435,0,20302,,,,
671,456.1513151413654,456.1513151413654,7565771.837947001,2750.594815298502,0,20302,,,,
672,456.06743178012016,456.06743178012016,7565962.154221259,2750.62941055702,0,20302,,,,
673,456.0858043542508,456.0858043542508,7565633.76790464,2750.5697169685845,0,20302,,,,
674,456.157767707615,456.157767707615,7565948.375086199,2750.6269058318685,0,20302,,,,
675,456.129396118609,456.129396118609,7566216.423258793,2750.675630324083,0,20302,,,,
676,456.14146389518277,456.14146389518277,7566187.098709486,2750.67029989228,0,20302,,,,
677,456.07565757068267,456.07565757068267,7565764.125997439,2750.5934134287168,0,20302,,,,
678,456.05452664762095,456.05452664762095,7565891.682839129,2750.6166004805414,0,20302,,,,
679,456.08033691261943,456.08033691261943,7565967.354497094,2750.6303558452005,0,20302,,,,
680,456.06171805733425,456.06171805733425,7565987.475174859,2750.6340133094513,0,20302,,,,
681,455.4909861097429,455.4909861097429,7565615.048665157,2750.566314173348,0,20302,,,,
682,455.96694906905725,455.96694906905725,7566790.3063245,2750.779945092755,0,20302,,,,
683,455.7174170032509,455.7174170032509,7566425.611713132,2750.7136549835814,0,20302,,,,
684,455.7913506058516,455.7913506058516,7566104.959018816,2750.6553690018704,0,20302,,,,
685,455.69707417988377,455.69707417988377,7566034.785735396,2750.642613233387,0,20302,,,,
686,455.4853708994188,455.4853708994188,7565789.54822185,2750.5980346502556,0,20302,,,,
687,455.4425179785243,455.4425179785243,7566397.268939021,2750.708503084073,0,20302,,,,
688,455.4589695596493,455.4589695596493,7566381.076445671,2750.7055597511107,0,20302,,,,
689,455.60604866515615,455.60604866515615,7566572.324795587,2750.7403230395244,0,20302,,,,
690,455.627130331987,455.627130331987,7566606.572455916,2750.7465482039447,0,20302,,,,
691,455.41030440350704,455.41030440350704,7566300.09004039,2750.6908386876908,0,20302,,,,
692,455.37183528716383,455.37183528716383,7566408.368879913,2750.7105207345817,0,20302,,,,
693,455.3844448822776,455.3844448822776,7566430.186336322,2750.714486517334,0,20302,,,,
694,455.44237020983155,455.44237020983155,7566557.748743966,2750.737673560306,0,20302,,,,
695,455.44237020983155,455.44237020983155,7566557.748743966,2750.737673560306,0,20302,,,,
696,455.3944931533839,455.3944931533839,7566477.264653728,2750.7230439747527,0,20302,,,,
697,455.3527731258004,455.3527731258004,7567245.8315436905,2750.862743130542,0,20302,,,,
698,455.3536104817259,455.3536104817259,7567246.055314748,2750.8627838034286,0,20302,,,,
699,455.3520342823367,455.3520342823367,7567026.142892326,2750.8228119768687,0,20302,,,,
700,455.3536104817259,455.3536104817259,7567246.055314748,2750.8627838034286,0,20302,,,,
701,455.3536104817259,455.3536104817259,7567246.055314748,2750.8627838034286,0,20302,,,,
702,455.3536104817259,455.3536104817259,7567246.055314748,2750.8627838034286,0,20302,,,,
703,455.3536104817259,455.3536104817259,7567246.055314748,2750.8627838034286,0,20302,,,,
704,455.3536104817259,455.3536104817259,7567246.055314748,2750.8627838034286,0,20302,,,,
705,455.2544576888977,455.2544576888977,7567172.239188258,2750.8493668662154,0,20302,,,,
706,455.13368141069844,455.13368141069844,7567098.508127278,2750.8359653253187,0,20302,,,,
707,455.1822973106098,455.1822973106098,7567045.104570978,2750.8262585214243,0,20302,,,,
708,455.20446261452076,455.20446261452076,7567261.608068171,2750.8656106884196,0,20302,,,,
709,455.20111319081866,455.20111319081866,7567079.548172594,2750.8325191062786,0,20302,,,,
710,455.2251502315043,455.2251502315043,7567142.966062457,2750.844046117929,0,20302,,,,
711,455.2191902275638,455.2191902275638,7567110.317998227,2750.8381119212063,0,20302,,,,
712,455.2191902275638,455.2191902275638,7567110.317998227,2750.8381119212063,0,20302,,,,
713,455.1688996158014,455.1688996158014,7567212.581075756,2750.8566994803195,0,20302,,,,
714,455.1688996158014,455.1688996158014,7567212.581075756,2750.8566994803195,0,20302,,,,
715,455.098758742981,455.098758742981,7567459.543542508,2750.9015873968497,0,20302,,,,
716,455.1473253866614,455.1473253866614,7567540.222096345,2750.9162513781375,0,20302,,,,
717,455.0435917643582,455.0435917643582,7567503.149788198,2750.9095131952627,0,20302,,,,
718,455.0435917643582,455.0435917643582,7567503.149788198,2750.9095131952627,0,20302,,,,
719,454.9444882277608,454.9444882277608,7567709.094030145,2750.946944968249,0,20302,,,,
720,454.9444882277608,454.9444882277608,7567709.094030145,2750.946944968249,0,20302,,,,
721,454.95699931041275,454.95699931041275,7567655.975618166,2750.9372903827098,0,20302,,,,
722,454.91527928282926,454.91527928282926,7567883.183528717,2750.9785865267504,0,20302,,,,
723,454.84469510393063,454.84469510393063,7567994.814944341,2750.9988758529767,0,20302,,,,
724,454.84469510393063,454.84469510393063,7567994.814944341,2750.9988758529767,0,20302,,,,
725,454.88533149443407,454.88533149443407,7567928.983745444,2750.986910864071,0,20302,,,,
726,454.81523987784453,454.81523987784453,7568141.318835583,2751.025503123441,0,20302,,,,
727,454.89991133878436,454.89991133878436,7568124.51423505,2751.0224488787894,0,20302,,,,
728,454.83252881489506,454.83252881489506,7568496.109151808,2751.08998565147,0,20302,,,,
729,454.89542902177124,454.89542902177124,7568382.00822579,2751.069248169844,0,20302,,,,
730,454.83252881489506,454.83252881489506,7568496.109151808,2751.08998565147,0,20302,,,,
731,454.83252881489506,454.83252881489506,7568496.109151808,2751.08998565147,0,20302,,,,
732,454.88754802482515,454.88754802482515,7568354.399320264,2751.064230315291,0,20302,,,,
733,454.83252881489506,454.83252881489506,7568496.109151808,2751.08998565147,0,20302,,,,
734,454.82523889271994,454.82523889271994,7568620.25889075,2751.112549295421,0,20302,,,,
735,454.80336912619447,454.80336912619447,7568728.910452172,2751.132296065053,0,20302,,,,
736,454.80647226874197,454.80647226874197,7568809.509752734,2751.146944412954,0,20302,,,,
737,454.80647226874197,454.80647226874197,7568809.509752734,2751.146944412954,0,20302,,,,
738,454.80647226874197,454.80647226874197,7568809.509752734,2751.146944412954,0,20302,,,,
739,454.7952911043247,454.7952911043247,7568801.376317604,2751.1454662226793,0,20302,,,,
740,454.7961284602502,454.7961284602502,7568801.585016254,2751.1455041520894,0,20302,,,,
741,454.7961284602502,454.7961284602502,7568801.585016254,2751.1455041520894,0,20302,,,,
742,454.7961284602502,454.7961284602502,7568801.585016254,2751.1455041520894,0,20302,,,,
743,454.7747512560339,454.7747512560339,7568910.784602502,2751.165350283858,0,20302,,,,
744,454.722490395035,454.722490395035,7567755.8003152395,2750.9554340838095,0,20302,,,,
745,454.68293764161166,454.68293764161166,7567899.021524973,2750.9814651365746,0,20302,,,,
746,454.67062358388335,454.67062358388335,7567844.170771353,2750.9714958122254,0,20302,,,,
747,454.643040094572,454.643040094572,7567863.451630381,2750.975000182732,0,20302,,,,
748,454.5570387153975,454.5570387153975,7568080.542655896,2751.014457005978,0,20302,,,,
749,454.58959708403114,454.58959708403114,7567925.0563491285,2750.986197048093,0,20302,,,,
750,454.58959708403114,454.58959708403114,7567925.0563491285,2750.986197048093,0,20302,,,,
751,454.58959708403114,454.58959708403114,7567925.0563491285,2750.986197048093,0,20302,,,,
752,454.54378878928185,454.54378878928185,7567846.605654615,2750.971938361897,0,20302,,,,
753,454.54378878928185,454.54378878928185,7567846.605654615,2750.971938361897,0,20302,,,,
754,454.54378878928185,454.54378878928185,7567846.605654615,2750.971938361897,0,20302,,,,
755,454.5350704364102,454.5350704364102,7567825.681065905,2750.968135232741,0,20302,,,,
756,454.5350704364102,454.5350704364102,7567825.681065905,2750.968135232741,0,20302,,,,
757,454.48985321643187,454.48985321643187,7567747.873263718,2750.9539933019087,0,20302,,,,
758,454.48315436902766,454.48315436902766,7568230.821544675,2751.0417702289938,0,20302,,,,
759,454.48241552556397,454.48241552556397,7568235.25248744,2751.0425755497567,0,20302,,,,
760,454.3945916658457,454.3945916658457,7568523.308688799,2751.0949290580284,0,20302,,,,
761,454.4821199881785,454.4821199881785,7568696.697271205,2751.126441527398,0,20302,,,,
762,454.4821199881785,454.4821199881785,7568696.697271205,2751.126441527398,0,20302,,,,
763,454.4821199881785,454.4821199881785,7568696.697271205,2751.126441527398,0,20302,,,,
764,454.4220766426953,454.4220766426953,7568527.442961285,2751.0956804446632,0,20302,,,,
765,454.4220766426953,454.4220766426953,7568527.442961285,2751.0956804446632,0,20302,,,,
766,454.4220766426953,454.4220766426953,7568527.442961285,2751.0956804446632,0,20302,,,,
767,454.4220766426953,454.4220766426953,7568527.442961285,2751.0956804446632,0,20302,,,,
768,454.4157718451384,454.4157718451384,7568652.310856073,2751.1183745626204,0,20302,,,,
769,454.4157718451384,454.4157718451384,7568652.310856073,2751.1183745626204,0,20302,,,,
770,454.39232587922373,454.39232587922373,7568761.000640331,2751.138128237172,0,20302,,,,
771,454.39232587922373,454.39232587922373,7568761.000640331,2751.138128237172,0,20302,,,,
772,454.389321249138,454.389321249138,7568759.75549207,2751.137901940226,0,20302,,,,
773,454.4131612649,454.4131612649,7568698.242833219,2751.1267224236,0,20302,,,,
774,454.4253275539356,454.4253275539356,7568669.5301448135,2751.121504067898,0,20302,,,,
775,454.3553344498079,454.3553344498079,7568760.856861393,2751.1381021063617,0,20302,,,,
776,454.2915968870062,454.2915968870062,7568916.198699635,2751.1663342480106,0,20302,,,,
777,454.2915968870062,454.2915968870062,7568916.198699635,2751.1663342480106,0,20302,,,,
778,454.29243424293173,454.29243424293173,7568916.392325879,2751.166369437857,0,20302,,,,
779,454.3322332775096,454.3322332775096,7568786.848931139,2751.142825978168,0,20302,,,,
780,454.3322332775096,454.3322332775096,7568786.848931139,2751.142825978168,0,20302,,,,
781,454.3322332775096,454.3322332775096,7568786.848931139,2751.142825978168,0,20302,,,,
782,454.3322332775096,454.3322332775096,7568786.848931139,2751.142825978168,0,20302,,,,
783,454.30548714412373,454.30548714412373,7568624.528716383,2751.113325313296,0,20302,,,,
784,454.28913407546054,454.28913407546054,7568704.5152201755,2751.1278623902917,0,20302,,,,
785,454.2897251502315,454.2897251502315,7568658.90956556,2751.1195738399956,0,20302,,,,
786,454.24352280563494,454.24352280563494,7568815.087577579,2751.147958139943,0,20302,,,,
787,454.24352280563494,454.24352280563494,7568815.087577579,2751.147958139943,0,20302,,,,
788,454.24179883755295,454.24179883755295,7569082.718303615,2751.196597537809,0,20302,,,,
789,454.24179883755295,454.24179883755295,7569082.718303615,2751.196597537809,0,20302,,,,
790,454.24179883755295,454.24179883755295,7569082.718303615,2751.196597537809,0,20302,,,,
791,454.2277608117427,454.2277608117427,7569100.350802877,2751.1998020505303,0,20302,,,,
792,454.29026696877156,454.29026696877156,7569198.779381341,2751.217690293035,0,20302,,,,
793,454.3154369027682,454.3154369027682,7569218.689685745,2751.221308743763,0,20302,,,,
794,454.3339079893607,454.3339079893607,7569244.026352083,2751.225913361548,0,20302,,,,
795,454.3306078218895,454.3306078218895,7569235.623780908,2751.2243863016533,0,20302,,,,
796,454.59457196335336,454.59457196335336,7570088.869914294,2751.3794485519975,0,20302,,,,
797,454.59457196335336,454.59457196335336,7570088.869914294,2751.3794485519975,0,20302,,,,
798,454.59457196335336,454.59457196335336,7570088.869914294,2751.3794485519975,0,20302,,,,
799,454.50793025317705,454.50793025317705,7570396.918825732,2751.4354287945284,0,20302,,,,
800,454.23436114668505,454.23436114668505,7569516.359077923,2751.2754058941323,0,20302,,,,
801,454.2232784947296,454.2232784947296,7569529.7162348535,2751.2778333412375,0,20302,,,,
802,454.2226381637277,454.2226381637277,7569456.49177421,2751.26452595424,0,20302,,,,
803,454.06881095458573,454.06881095458573,7559544.341986011,2749.462555116183,0,20302,,,,
804,454.1744163136637,454.1744163136637,7569459.801251108,2751.2651274006853,0,20302,,,,
805,454.1744163136637,454.1744163136637,7569459.801251108,2751.2651274006853,0,20302,,,,
806,454.2506157028864,454.2506157028864,7568870.142744557,2751.157963975271,0,20302,,,,
807,454.12318983351395,454.12318983351395,7559447.522854892,2749.4449481404226,0,20302,,,,
808,454.18687814008473,454.18687814008473,7558715.787016057,2749.311875181871,0,20302,,,,
809,454.4914294158211,454.4914294158211,7556795.125357107,2748.962554375215,0,20302,,,,
810,454.06984533543493,454.06984533543493,7559712.152595803,2749.493071930861,0,20302,,,,
811,454.7236725445769,454.7236725445769,7556510.949069058,2748.9108659738417,0,20302,,,,
812,454.3468131218599,454.3468131218599,7558173.850901389,2749.2133149141755,0,20302,,,,
813,454.34789675894,454.34789675894,7558303.188306571,2749.236837434449,0,20302,,,,
814,453.8584375923554,453.8584375923554,7560450.484287262,2749.62733552881,0,20302,,,,
815,454.0859521229435,454.0859521229435,7559689.7680524085,2749.48900126049,0,20302,,,,
816,454.04797556890946,454.04797556890946,7559543.698551867,2749.4624381052868,0,20302,,,,
817,454.0160082750468,454.0160082750468,7559703.405329525,2749.4914812251236,0,20302,,,,
818,453.98566643680425,453.98566643680425,7559092.9680327065,2749.3804698572926,0,20302,,,,
819,453.91532853906017,453.91532853906017,7559728.773667619,2749.49609449943,0,20302,,,,
820,453.88661215643776,453.88661215643776,7559616.379272978,2749.4756553337543,0,20302,,,,
821,453.80420648212,453.80420648212,7560257.367796276,2749.5922184564524,0,20302,,,,
822,453.9989163629199,453.9989163629199,7559665.588119397,2749.484604088446,0,20302,,,,
823,454.01620529997047,454.01620529997047,7559669.914638951,2749.485390875709,0,20302,,,,
824,454.03669589203037,454.03669589203037,7559559.749138016,2749.465356962698,0,20302,,,,
825,454.01620529997047,454.01620529997047,7559669.914638951,2749.485390875709,0,20302,,,,
826,454.03260762486457,454.03260762486457,7559599.227366762,2749.4725362088566,0,20302,,,,
827,454.27938134173974,454.27938134173974,7560429.280662004,2749.623479799008,0,20302,,,,
828,454.27938134173974,454.27938134173974,7560429.280662004,2749.623479799008,0,20302,,,,
829,454.2333267658359,454.2333267658359,7560534.800167471,2749.642667723839,0,20302,,,,
830,453.9664565067481,453.9664565067481,7559815.105063541,2749.5117939487986,0,20302,,,,
831,453.9664565067481,453.9664565067481,7559815.105063541,2749.5117939487986,0,20302,,,,
832,454.02590877746036,454.02590877746036,7559245.492463796,2749.408207681027,0,20302,,,,
833,454.09531080681705,454.09531080681705,7559763.851886514,2749.5024735188936,0,20302,,,,
834,454.1744163136637,454.1744163136637,7560014.817801202,2749.5481115632806,0,20302,,,,
835,454.2651462910058,454.2651462910058,7559985.684513841,2749.542813726282,0,20302,,,,
836,454.1063934587725,454.1063934587725,7559620.834893114,2749.476465600881,0,20302,,,,
837,454.10979213870553,454.10979213870553,7559390.125948182,2749.434510212633,0,20302,,,,
838,454.19175450694513,454.19175450694513,7560082.187419958,2749.560362570707,0,20302,,,,
839,453.8516402324894,453.8516402324894,7559953.75027091,2749.5370065287193,0,20302,,,,
840,453.9821692444094,453.9821692444094,7559479.275637868,2749.450722533115,0,20302,,,,
841,453.805339375431,453.805339375431,7560704.014678357,2749.673437824637,0,20302,,,,
842,453.7842084523692,453.7842084523692,7560686.837503694,2749.670314329282,0,20302,,,,
843,453.76450596000393,453.76450596000393,7560718.4305487145,2749.676059202013,0,20302,,,,
844,453.7837158900601,453.7837158900601,7560393.339326175,2749.616944108065,0,20302,,,,
845,453.7823367155945,453.7823367155945,7560331.963501133,2749.605783289876,0,20302,,,,
846,453.78603093291304,453.78603093291304,7560369.133976948,2749.612542518845,0,20302,,,,
847,453.7341148655305,453.7341148655305,7561031.427248547,2749.7329738082835,0,20302,,,,
848,453.8346468328244,453.8346468328244,7560663.333316915,2749.6660403250635,0,20302,,,,
849,453.81489508422817,453.81489508422817,7560741.075854596,2749.6801770123366,0,20302,,,,
850,453.8559747808098,453.8559747808098,7560553.813023347,2749.6461250537945,0,20302,,,,
851,453.81450103438084,453.81450103438084,7560774.1424490195,2749.6861898131247,0,20302,,,,
852,453.79479854201554,453.79479854201554,7560885.12846025,2749.7063713168086,0,20302,,,,
853,453.79479854201554,453.79479854201554,7560885.12846025,2749.7063713168086,0,20302,,,,
854,453.81450103438084,453.81450103438084,7560774.1424490195,2749.6861898131247,0,20302,,,,
855,453.81450103438084,453.81450103438084,7560774.1424490195,2749.6861898131247,0,20302,,,,
856,453.7632745542311,453.7632745542311,7560816.415131514,2749.693876621817,0,20302,,,,
857,453.7632745542311,453.7632745542311,7560816.415131514,2749.693876621817,0,20302,,,,
858,453.7632745542311,453.7632745542311,7560816.415131514,2749.693876621817,0,20302,,,,
859,456.8976948083933,456.8976948083933,7569229.31351591,2751.223239491101,0,20302,,,,
860,453.7665254654714,453.7665254654714,7560957.670081765,2749.719562079334,0,20302,,,,
861,453.76642695300956,453.76642695300956,7560957.7361836275,2749.71957409908,0,20302,,,,
862,453.76642695300956,453.76642695300956,7560957.7361836275,2749.71957409908,0,20302,,,,
863,453.648113486356,453.648113486356,7561716.371490493,2749.8575183980884,0,20302,,,,
864,453.7222441138804,453.7222441138804,7561064.521377204,2749.7389915003214,0,20302,,,,
865,453.7222441138804,453.7222441138804,7561064.521377204,2749.7389915003214,0,20302,,,,
866,453.648113486356,453.648113486356,7561716.371490493,2749.8575183980884,0,20302,,,,
867,453.648113486356,453.648113486356,7561716.371490493,2749.8575183980884,0,20302,,,,
868,453.7222441138804,453.7222441138804,7561064.521377204,2749.7389915003214,0,20302,,,,
869,453.7184021278692,453.7184021278692,7561104.389173481,2749.7462408690517,0,20302,,,,
870,453.7543099202049,453.7543099202049,7560982.421042262,2749.7240627092497,0,20302,,,,
871,453.7711062949463,453.7711062949463,7561680.313318885,2749.8509620193754,0,20302,,,,
872,453.7863264702985,453.7863264702985,7561794.0428529205,2749.8716411594414,0,20302,,,,
873,453.7863264702985,453.7863264702985,7561794.0428529205,2749.8716411594414,0,20302,,,,
874,453.99310412767215,453.99310412767215,7562843.482021476,2750.062450567528,0,20302,,,,
875,453.9658161757462,453.9658161757462,7562780.191803764,2750.050943492459,0,20302,,,,
876,453.96778642498276,453.96778642498276,7562785.049551768,2750.0518267028656,0,20302,,,,
877,453.71973204610384,453.71973204610384,7561950.194562112,2749.9000335579676,0,20302,,,,
878,453.8631169342922,453.8631169342922,7561760.919958625,2749.865618527317,0,20302,,,,
879,453.79105506846616,453.79105506846616,7561659.474633041,2749.847172959443,0,20302,,,,
880,453.8407546054576,453.8407546054576,7561718.090779234,2749.8578310122207,0,20302,,,,
881,453.85715693035166,453.85715693035166,7561757.460447246,2749.8649894944383,0,20302,,,,
882,453.7717466259482,453.7717466259482,7561690.598561718,2749.852832164245,0,20302,,,,
883,453.7725839818737,453.7725839818737,7561773.67249532,2749.8679372826837,0,20302,,,,
884,453.6510196039799,453.6510196039799,7562053.392325879,2749.9187974058214,0,20302,,,,
885,453.6510196039799,453.6510196039799,7562053.392325879,2749.9187974058214,0,20302,,,,
886,453.59703477489904,453.59703477489904,7562254.5087676095,2749.955364868239,0,20302,,,,
887,453.4989163629199,453.4989163629199,7561872.13865629,2749.885841022549,0,20302,,,,
888,453.4440449216826,453.4440449216826,7561448.542655896,2749.8088192919695,0,20302,,,,
889,453.3533642005714,453.3533642005714,7562213.759137031,2749.9479557142586,0,20302,,,,
890,453.54787705644765,453.54787705644765,7562540.740567432,2750.0074073659207,0,20302,,,,
891,453.5647719436509,453.5647719436509,7562947.196532361,2750.081307258453,0,20302,,,,
892,453.6397399271008,453.6397399271008,7562231.2254950255,2749.9511314739807,0,20302,,,,
893,453.63382917939117,453.63382917939117,7562388.153285391,2749.979664158517,0,20302,,,,
894,453.53310018717366,453.53310018717366,7562953.663826224,2750.082483095048,0,20302,,,,
895,453.535760023643,453.535760023643,7562980.067333268,2750.087283584517,0,20302,,,,
896,453.52925820116246,453.52925820116246,7562596.471431386,2750.017540204314,0,20302,,,,
897,453.84922667717467,453.84922667717467,7563551.886858437,2750.191245506108,0,20302,,,,
898,453.8559255245789,453.8559255245789,7563511.4035563,2750.1838854077196,0,20302,,,,
899,453.8475027090927,453.8475027090927,7563574.391488523,2750.195336969453,0,20302,,,,
900,453.8446458476997,453.8446458476997,7563790.865037927,2750.234692719501,0,20302,,,,
901,453.58215939316324,453.58215939316324,7562694.967047581,2750.035448325636,0,20302,,,,
902,453.68924243916854,453.68924243916854,7562865.540981184,2750.0664611934717,0,20302,,,,
903,453.5327061373264,453.5327061373264,7563173.994138508,2750.1225416585544,0,20302,,,,
904,453.4278888779431,453.4278888779431,7562963.937296818,2750.084350942134,0,20302,,,,
905,453.5295537385479,453.5295537385479,7563213.995419171,2750.129814284986,0,20302,,,,
906,453.4212885430007,453.4212885430007,7563043.691803764,2750.09885127858,0,20302,,,,
907,453.5697468229731,453.5697468229731,7563085.832282534,2750.106512897734,0,20302,,,,
908,453.6040291596887,453.6040291596887,7562642.978475027,2750.0259959634977,0,20302,,,,
909,453.57319475913704,453.57319475913704,7562869.867254457,2750.0672477694898,0,20302,,,,
910,453.52147571667814,453.52147571667814,7563589.231849079,2750.198035023856,0,20302,,,,
911,453.55112796768793,453.55112796768793,7563395.240321151,2750.162766150606,0,20302,,,,
912,453.5194069549798,453.5194069549798,7563622.746773717,2750.204128200981,0,20302,,,,
913,453.5194069549798,453.5194069549798,7563622.746773717,2750.204128200981,0,20302,,,,
914,453.540291596887,453.540291596887,7563567.384641907,2750.194063087532,0,20302,,,,
915,453.5500443306078,453.5500443306078,7563462.601369323,2750.1750128617855,0,20302,,,,
916,453.5685154172003,453.5685154172003,7563397.234853709,2750.163128771402,0,20302,,,,
917,453.56097921387055,453.56097921387055,7563377.385627032,2750.1595200327984,0,20302,,,,
918,453.55851640232487,453.55851640232487,7563417.6906216135,2750.1668477788057,0,20302,,,,
919,453.5442320953601,453.5442320953601,7563532.037976554,2750.1876368670837,0,20302,,,,
920,453.5354152300266,453.5354152300266,7563471.06442715,2750.1765515012216,0,20302,,,,
921,453.5097034774899,453.5097034774899,7563505.503497193,2750.1828127412173,0,20302,,,,
922,453.6162447049552,453.6162447049552,7563635.993251896,2750.2065364717423,0,20302,,,,
923,453.5957541128953,453.5957541128953,7563670.502462812,2750.2128103953723,0,20302,,,,
924,453.6252093389814,453.6252093389814,7563680.266919515,2750.2145856131874,0,20302,,,,
925,453.4900502413555,453.4900502413555,7563674.284356221,2750.2134979590624,0,20302,,,,
926,453.4900502413555,453.4900502413555,7563674.284356221,2750.2134979590624,0,20302,,,,
927,453.5235444783765,453.5235444783765,7563671.322185006,2750.2129594242347,0,20302,,,,
928,453.6613141562408,453.6613141562408,7564102.364200572,2750.2913235147603,0,20302,,,,
929,453.58043542508125,453.58043542508125,7563930.401930844,2750.260060781679,0,20302,,,,
930,453.73534627130334,453.73534627130334,7564504.812481529,2750.3644872055647,0,20302,,,,
931,453.73534627130334,453.73534627130334,7564504.812481529,2750.3644872055647,0,20302,,,,
932,453.67653433159296,453.67653433159296,7564153.429662102,2750.3006071449904,0,20302,,,,
933,453.46428923258793,453.46428923258793,7563494.182937642,2750.1807545937127,0,20302,,,,
934,453.5851640232489,453.5851640232489,7563946.548911437,2750.262996317159,0,20302,,,,
935,453.591370308344,453.591370308344,7563511.6150132995,2750.1839238518755,0,20302,,,,
936,453.5760023642991,453.5760023642991,7563666.64466555,2750.212109031874,0,20302,,,,
937,453.5059107477096,453.5059107477096,7563778.83090336,2750.23250488088,0,20302,,,,
938,453.42926805240864,453.42926805240864,7563953.497044626,2750.2642594930085,0,20302,,,,
939,453.5042360358585,453.5042360358585,7564032.438232686,2750.278611019743,0,20302,,,,
940,453.6236331395922,453.6236331395922,7563500.768544971,2750.181951897905,0,20302,,,,
941,453.4783765146291,453.4783765146291,7563570.970347749,2750.194714987968,0,20302,,,,
942,453.4810363510984,453.4810363510984,7563553.016451581,2750.19145087239,0,20302,,,,
943,453.49862082553443,453.49862082553443,7565049.779873904,2750.4635572706475,0,20302,,,,
944,453.6006304797557,453.6006304797557,7563621.876071323,2750.2039699032002,0,20302,,,,
945,453.4728105605359,453.4728105605359,7563523.23549404,2750.1860365244456,0,20302,,,,
946,453.4728105605359,453.4728105605359,7563523.23549404,2750.1860365244456,0,20302,,,,
947,453.4362624371983,453.4362624371983,7563718.719091715,2750.221576362842,0,20302,,,,
948,453.37272189932025,453.37272189932025,7564826.993547434,2750.4230571945536,0,20302,,,,
949,453.44394640922076,453.44394640922076,7564257.26829869,2750.3194847687587,0,20302,,,,
950,453.5980691557482,453.5980691557482,7563746.36853512,2750.2266031247536,0,20302,,,,
951,453.48817850458084,453.48817850458084,7565042.465126589,2750.4622275404163,0,20302,,,,
952,453.4563589794109,453.4563589794109,7564974.425721603,2750.449858790668,0,20302,,,,
953,453.4563589794109,453.4563589794109,7564974.425721603,2750.449858790668,0,20302,,,,
954,453.45724559156736,453.45724559156736,7564932.952664762,2750.4423194578653,0,20302,,,,
955,453.4165106886021,453.4165106886021,7565084.591370309,2750.4698855596125,0,20302,,,,
956,453.4563589794109,453.4563589794109,7564974.425721603,2750.449858790668,0,20302,,,,
957,453.4563589794109,453.4563589794109,7564974.425721603,2750.449858790668,0,20302,,,,
958,453.4165106886021,453.4165106886021,7565084.591370309,2750.4698855596125,0,20302,,,,
959,453.6625948182445,453.6625948182445,7565916.37454438,2750.6210888714536,0,20302,,,,
960,453.6625948182445,453.6625948182445,7565916.37454438,2750.6210888714536,0,20302,,,,
961,453.6627918431682,453.6627918431682,7565917.134272485,2750.6212269726425,0,20302,,,,
962,453.6627918431682,453.6627918431682,7565917.134272485,2750.6212269726425,0,20302,,,,
963,453.57078120382226,453.57078120382226,7564818.122746527,2750.4214445692733,0,20302,,,,
964,453.57078120382226,453.57078120382226,7564818.122746527,2750.4214445692733,0,20302,,,,
965,453.61023544478377,453.61023544478377,7564749.865678258,2750.4090360668642,0,20302,,,,
966,453.61003841986013,453.61003841986013,7564749.115111812,2750.4088996205296,0,20302,,,,
967,453.5518175549207,453.5518175549207,7565204.803418382,2750.4917384748464,0,20302,,,,
968,453.43232193872524,453.43232193872524,7565028.719879814,2750.459728823495,0,20302,,,,
969,453.42084523692245,453.42084523692245,7565267.372081568,2750.5031125380624,0,20302,,,,
970,453.4271992907103,453.4271992907103,7565275.095704856,2750.5045165759784,0,20302,,,,
971,453.4384789675894,453.4384789675894,7565320.165008374,2750.5127094795207,0,20302,,,,
972,453.42183036154074,453.42183036154074,7565142.041178209,2750.480329174926,0,20302,,,,
973,453.4502019505467,453.4502019505467,7566346.860998916,2750.699340349453,0,20302,,,,
974,453.4433553344498,453.4433553344498,7566563.80292582,2750.7387740252293,0,20302,,,,
975,453.3755295044823,453.3755295044823,7565459.0428529205,2750.5379551740275,0,20302,,,,
976,453.40370406856465,453.40370406856465,7567045.765737366,2750.8263786973844,0,20302,,,,
977,453.4010442320954,453.4010442320954,7567262.724165107,2750.865813551273,0,20302,,,,
978,453.4010442320954,453.4010442320954,7567262.724165107,2750.865813551273,0,20302,,,,
979,453.39173480445277,453.39173480445277,7567101.684907891,2750.8365427462045,0,20302,,,,
980,453.36459462121957,453.36459462121957,7567322.919810856,2750.8767547476305,0,20302,,,,
981,453.9044921682593,453.9044921682593,7566539.104176928,2750.7342845460244,0,20302,,,,
982,454.948921288543,454.948921288543,7562946.872377106,2750.0812483228756,0,20302,,,,
983,453.40557580533937,453.40557580533937,7567159.542015565,2750.8470590012025,0,20302,,,,
984,453.40710274849766,453.40710274849766,7567058.586001379,2750.8287089532455,0,20302,,,,
985,453.4824647817949,453.4824647817949,7567470.310659048,2750.9035444120987,0,20302,,,,
986,453.45143335631957,453.45143335631957,7567402.322579056,2750.891186975424,0,20302,,,,
987,453.45143335631957,453.45143335631957,7567402.322579056,2750.891186975424,0,20302,,,,
988,453.45143335631957,453.45143335631957,7567402.322579056,2750.891186975424,0,20302,,,,
989,453.5738843463698,453.5738843463698,7567580.175992513,2750.923513293765,0,20302,,,,
990,456.0104423209536,456.0104423209536,7574247.247660329,2752.1350344160674,0,20302,,,,
991,453.65683183922766,453.65683183922766,7567736.032065806,2750.951841102604,0,20302,,,,
992,453.6490493547434,453.6490493547434,7567558.411732834,2750.9195574812497,0,20302,,,,
993,453.5990542803665,453.5990542803665,7567842.373066693,2750.971169072241,0,20302,,,,
994,453.40468919318295,453.40468919318295,7567867.1210718155,2750.9756671173623,0,20302,,,,
995,453.35154172002757,453.35154172002757,7567333.3613929665,2750.8786526113736,0,20302,,,,
996,453.23056841690476,453.23056841690476,7567247.755541326,2750.8630928385596,0,20302,,,,
997,453.29834499064134,453.29834499064134,7567078.648162742,2750.8323555176426,0,20302,,,,
998,453.48236626933306,453.48236626933306,7568411.205447739,2751.074554687266,0,20302,,,,
999,453.7208156831839,453.7208156831839,7568779.918924244,2751.141566500031,0,20302,,,,
1000,442.81519290017013,442.81519290017013,7255098.514921598,2693.5290076257947,0,21747,,,,
1001,442.7767508162045,442.7767508162045,7255185.705798501,2693.5451928264542,0,21747,,,,
1002,442.76516301099,442.76516301099,7255137.606474456,2693.5362641840293,0,21747,,,,
1003,442.7904078723502,442.7904078723502,7255167.632914885,2693.541837973727,0,21747,,,,
1004,442.7044649836759,442.7044649836759,7255902.603945372,2693.6782665985506,0,21747,,,,
1005,442.9505678944222,442.9505678944222,7256627.303076287,2693.812781741947,0,21747,,,,
1006,442.9755828390123,442.9755828390123,7256471.407642433,2693.7838457534845,0,21747,,,,
1007,442.966156251437,442.966156251437,7256550.192900171,2693.798469243787,0,21747,,,,
1008,442.9755828390123,442.9755828390123,7256471.407642433,2693.7838457534845,0,21747,,,,
1009,442.9755828390123,442.9755828390123,7256471.407642433,2693.7838457534845,0,21747,,,,
1010,442.9755828390123,442.9755828390123,7256471.407642433,2693.7838457534845,0,21747,,,,
1011,442.97714627304913,442.97714627304913,7256265.657515979,2693.7456556839174,0,21747,,,,
1012,443.0202786591254,443.0202786591254,7256250.41348232,2693.7428261588593,0,21747,,,,
1013,442.98385984273693,442.98385984273693,7256347.958523015,2693.760931954247,0,21747,,,,
1014,442.99011357888446,442.99011357888446,7256349.263346668,2693.761174147899,0,21747,,,,
1015,442.9439462914425,442.9439462914425,7256470.074676967,2693.783598338398,0,21747,,,,
1016,442.9423828574056,442.9423828574056,7256675.846415598,2693.8217918814894,0,21747,,,,
1017,442.95470639628456,442.95470639628456,7256513.014300823,2693.7915684590043,0,21747,,,,
1018,442.9597645652274,442.9597645652274,7256363.913827195,2693.7638934819797,0,21747,,,,
1019,442.9731457212489,442.9731457212489,7256361.891525268,2693.7635181146225,0,21747,,,,
1020,442.99742493217457,442.99742493217457,7256275.6668506,2693.7475135674094,0,21747,,,,
1021,443.0076792201223,443.0076792201223,7256194.5994390035,2693.7324661961147,0,21747,,,,
1022,443.0076792201223,443.0076792201223,7256194.5994390035,2693.7324661961147,0,21747,,,,
1023,443.0076792201223,443.0076792201223,7256194.5994390035,2693.7324661961147,0,21747,,,,
1024,443.0090587207431,443.0090587207431,7256268.410079551,2693.7461666013655,0,21747,,,,
1025,443.008920770681,443.008920770681,7256269.527337104,2693.7463739812447,0,21747,,,,
1026,442.9706166367775,442.9706166367775,7256481.598749253,2693.7857373498086,0,21747,,,,
1027,443.008920770681,443.008920770681,7256269.527337104,2693.7463739812447,0,21747,,,,
1028,442.9577412976503,442.9577412976503,7256113.336368235,2693.717382423077,0,21747,,,,
1029,442.9526831287074,442.9526831287074,7256071.3337012,2693.709585998684,0,21747,,,,
1030,442.9577412976503,442.9577412976503,7256113.336368235,2693.717382423077,0,21747,,,,
1031,442.9526831287074,442.9526831287074,7256071.3337012,2693.709585998684,0,21747,,,,
1032,442.9265186002667,442.9265186002667,7256178.754816757,2693.7295251781975,0,21747,,,,
1033,442.8831103140663,442.8831103140663,7256423.020968409,2693.7748645661554,0,21747,,,,
1034,442.8848576815193,442.8848576815193,7256498.819009518,2693.78893364152,0,21747,,,,
1035,442.8787878787879,442.8787878787879,7256456.188025935,2693.7810208006763,0,21747,,,,
1036,442.88145491332136,442.88145491332136,7257093.505081161,2693.899312350252,0,21747,,,,
1037,442.9123557272267,442.9123557272267,7256964.3419782035,2693.875338982523,0,21747,,,,
1038,442.88402998114685,442.88402998114685,7257152.73430818,2693.9103055425176,0,21747,,,,
1039,442.9193451970387,442.9193451970387,7256938.723823976,2693.870584089736,0,21747,,,,
1040,442.91686209592126,442.91686209592126,7256942.440290615,2693.871273890164,0,21747,,,,
1041,442.91686209592126,442.91686209592126,7256942.440290615,2693.871273890164,0,21747,,,,
1042,443.1738630615717,443.1738630615717,7257743.244953327,2694.0199043350303,0,21747,,,,
1043,443.2195705154734,443.2195705154734,7257437.57704511,2693.963172919242,0,21747,,,,
1044,443.20720099324046,443.20720099324046,7257366.036372833,2693.9498949261906,0,21747,,,,
1045,442.92831195107374,442.92831195107374,7256552.332827517,2693.7988664389027,0,21747,,,,
1046,442.92831195107374,442.92831195107374,7256552.332827517,2693.7988664389027,0,21747,,,,
1047,442.8663723732009,442.8663723732009,7256115.879201729,2693.7178544164067,0,21747,,,,
1048,442.9078493585322,442.9078493585322,7256321.9771462735,2693.756109440176,0,21747,,,,
1049,442.7961098082494,442.7961098082494,7256052.655032878,2693.7061189062324,0,21747,,,,
1050,442.898560721019,442.898560721019,7256287.708327586,2693.74974864548,0,21747,,,,
1051,442.91686209592126,442.91686209592126,7256407.57883846,2693.771998302466,0,21747,,,,
1052,442.81041063135143,442.81041063135143,7256296.590610199,2693.751397328677,0,21747,,,,
1053,442.9017795558008,442.9017795558008,7256491.978985608,2693.7876640495642,0,21747,,,,
1054,442.8820526969237,442.8820526969237,7256394.38331724,2693.7695490366727,0,21747,,,,
1055,442.80539844576265,442.80539844576265,7256758.101025429,2693.837059108332,0,21747,,,,
1056,442.70947716926474,442.70947716926474,7256369.590334299,2693.7649471203495,0,21747,,,,
1057,442.74152756702074,442.74152756702074,7256254.299075735,2693.7435473845194,0,21747,,,,
1058,442.7408378167103,442.7408378167103,7256177.6424794225,2693.7293187102937,0,21747,,,,
1059,442.74741343633605,442.74741343633605,7256147.413528303,2693.723707719168,0,21747,,,,
1060,442.7160068055364,442.7160068055364,7256041.448705569,2693.704038810791,0,21747,,,,
1061,442.74722950291994,442.74722950291994,7256122.911665977,2693.7191597614583,0,21747,,,,
1062,442.74060789994024,442.74060789994024,7256103.8457718305,2693.7156208055503,0,21747,,,,
1063,443.0072653699361,443.0072653699361,7256988.279808709,2693.879781988927,0,21747,,,,
1064,443.0072653699361,443.0072653699361,7256988.279808709,2693.879781988927,0,21747,,,,
1065,442.9988963995034,442.9988963995034,7256975.769761346,2693.87746004924,0,21747,,,,
1066,442.98441164298526,442.98441164298526,7256963.498873408,2693.8751824970304,0,21747,,,,
1067,442.69931484802504,442.69931484802504,7255902.705844484,2693.6782855130427,0,21747,,,,
1068,442.60481905550193,442.60481905550193,7255722.271623672,2693.6447931424946,0,21747,,,,
1069,442.59295535016327,442.59295535016327,7255742.245689061,2693.6485007678825,0,21747,,,,
1070,442.5866096473077,442.5866096473077,7255726.728882144,2693.64562050804,0,21747,,,,
1071,442.5893226651952,442.5893226651952,7255735.879799512,2693.647319119471,0,21747,,,,
1072,442.5690440060698,442.5690440060698,7255838.392743827,2693.666347702296,0,21747,,,,
1073,442.47376649652824,442.47376649652824,7256615.150089667,2693.8105260187967,0,21747,,,,
1074,442.47376649652824,442.47376649652824,7256615.150089667,2693.8105260187967,0,21747,,,,
1075,442.44010668138134,442.44010668138134,7256714.630845634,2693.828990646146,0,21747,,,,
1076,442.47073159516253,442.47073159516253,7256769.4405205315,2693.8391638181615,0,21747,,,,
1077,442.46870832758543,442.46870832758543,7256862.956039914,2693.8565210567385,0,21747,,,,
1078,442.4201958890882,442.4201958890882,7256817.358992045,2693.8480578889457,0,21747,,,,
1079,442.4308180438681,442.4308180438681,7257013.017565642,2693.884373458824,0,21747,,,,
1080,442.4308180438681,442.4308180438681,7257013.017565642,2693.884373458824,0,21747,,,,
1081,442.4308180438681,442.4308180438681,7257013.017565642,2693.884373458824,0,21747,,,,
1082,442.4308180438681,442.4308180438681,7257013.017565642,2693.884373458824,0,21747,,,,
1083,442.39816986250975,442.39816986250975,7257113.118361154,2693.9029526620207,0,21747,,,,
1084,442.4170230376604,442.4170230376604,7257263.455327172,2693.9308557064287,0,21747,,,,
1085,442.3674529820205,442.3674529820205,7257274.17947303,2693.9328461327746,0,21747,,,,
1086,442.3388973191705,442.3388973191705,7257216.179427047,2693.92208117218,0,21747,,,,
1087,442.3563709937003,442.3563709937003,7257306.172345611,2693.938784075394,0,21747,,,,
1088,442.3565549271164,442.3565549271164,7257306.149078034,2693.9387797568884,0,21747,,,,
1089,442.338115602152,442.338115602152,7257215.901641605,2693.92202961437,0,21747,,,,
1090,442.3922380098404,442.3922380098404,7257091.127052007,2693.898870977158,0,21747,,,,
1091,442.3922380098404,442.3922380098404,7257091.127052007,2693.898870977158,0,21747,,,,
1092,442.3922380098404,442.3922380098404,7257091.127052007,2693.898870977158,0,21747,,,,
1093,442.3946291442498,442.3946291442498,7256885.828022256,2693.8607662650747,0,21747,,,,
1094,442.38639812387913,442.38639812387913,7256886.222973283,2693.8608395708347,0,21747,,,,
1095,442.3674529820205,442.3674529820205,7256965.064376696,2693.875473064168,0,21747,,,,
1096,442.28307352738307,442.28307352738307,7257204.554099416,2693.9199234757175,0,21747,,,,
1097,442.28307352738307,442.28307352738307,7257204.554099416,2693.9199234757175,0,21747,,,,
1098,442.2720375224169,442.2720375224169,7257006.5292684045,2693.8831691943146,0,21747,,,,
1099,442.24527521037385,442.24527521037385,7256951.302340553,2693.8729187436725,0,21747,,,,
1100,442.28307352738307,442.28307352738307,7257204.554099416,2693.9199234757175,0,21747,,,,
1101,442.1946475375914,442.1946475375914,7256923.061249828,2693.8676770119628,0,21747,,,,
1102,442.1946475375914,442.1946475375914,7256923.061249828,2693.8676770119628,0,21747,,,,
1103,442.1270060238194,442.1270060238194,7256985.732284913,2693.879309153421,0,21747,,,,
1104,442.1697245597094,442.1697245597094,7256845.821262703,2693.853340711536,0,21747,,,,
1105,442.1871982342392,442.1871982342392,7256746.295902883,2693.8348679722153,0,21747,,,,
1106,442.4160114038718,442.4160114038718,7257573.736929231,2693.988444097196,0,21747,,,,
1107,442.4160114038718,442.4160114038718,7257573.736929231,2693.988444097196,0,21747,,,,
1108,442.38883524164254,442.38883524164254,7257516.47298478,2693.977815978591,0,21747,,,,
1109,442.38883524164254,442.38883524164254,7257516.47298478,2693.977815978591,0,21747,,,,
1110,442.3661654481078,442.3661654481078,7257617.535798041,2693.996573085801,0,21747,,,,
1111,442.38883524164254,442.38883524164254,7257516.47298478,2693.977815978591,0,21747,,,,
1112,442.3802363544397,442.3802363544397,7257607.9635352,2693.994796493713,0,21747,,,,
1113,442.3663953648779,442.3663953648779,7257700.05085759,2694.011887660778,0,21747,,,,
1114,442.35949786177406,442.35949786177406,7257682.093162275,2694.008554767834,0,21747,,,,
1115,442.37646571940957,442.37646571940957,7257638.541637927,2694.00047172192,0,21747,,,,
1116,442.3957787281004,442.3957787281004,7257644.576125443,2694.001591708038,0,21747,,,,
1117,442.37959258748333,442.37959258748333,7257692.547431829,2694.010495048568,0,21747,,,,
1118,442.35660091047043,442.35660091047043,7257709.310295673,2694.013606182358,0,21747,,,,
1119,442.35103692463326,442.35103692463326,7257736.731319263,2694.018695428683,0,21747,,,,
1120,442.33011449855155,442.33011449855155,7257702.067273647,2694.012261901131,0,21747,,,,
1121,442.34211615395225,442.34211615395225,7257746.2647721525,2694.0204648020313,0,21747,,,,
1122,442.34786407320547,442.34786407320547,7257767.699406815,2694.024442986146,0,21747,,,,
1123,442.34993332413666,442.34993332413666,7257787.020002759,2694.0280288079334,0,21747,,,,
1124,442.3625787464938,442.3625787464938,7258306.785993471,2694.1244934103306,0,21747,,,,
1125,442.3728790177956,442.3728790177956,7258353.049294155,2694.133079358582,0,21747,,,,
1126,442.3734768013979,442.3734768013979,7258242.593001333,2694.1125798676885,0,21747,,,,
1127,442.3882374580402,442.3882374580402,7258284.492343771,2694.120355949929,0,21747,,,,
1128,442.36598151469167,442.36598151469167,7258388.655216811,2694.1396873987087,0,21747,,,,
1129,442.3642341472387,442.3642341472387,7258070.254058031,2694.080595315966,0,21747,,,,
1130,442.3012369522233,442.3012369522233,7258292.266749437,2694.1217987963046,0,21747,,,,
1131,442.3318618660045,442.3318618660045,7258465.981008875,2694.1540380996917,0,21747,,,,
1132,442.3190784935853,442.3190784935853,7258058.137352278,2694.0783465505006,0,21747,,,,
1133,442.2701522049018,442.2701522049018,7258275.475651814,2694.1186825475625,0,21747,,,,
1134,442.31503195843106,442.31503195843106,7258108.278429208,2694.087652328559,0,21747,,,,
1135,442.29153446452386,442.29153446452386,7258166.010852071,2694.098366959171,0,21747,,,,
1136,442.3087322389295,442.3087322389295,7258191.824435554,2694.103157719755,0,21747,,,,
1137,442.32707959718584,442.32707959718584,7257958.709845036,2694.0598935148114,0,21747,,,,
1138,442.3176530096105,442.3176530096105,7258054.876534695,2694.0777413680353,0,21747,,,,
1139,442.3787648871109,442.3787648871109,7257753.370625833,2694.0217836212523,0,21747,,,,
1140,442.30022531843474,442.30022531843474,7258063.20784476,2694.0792875943275,0,21747,,,,
1141,442.31070952315264,442.31070952315264,7257955.683864441,2694.0593319124287,0,21747,,,,
1142,442.2990297512301,442.2990297512301,7257731.313146641,2694.0176898355066,0,21747,,,,
1143,442.165448107785,442.165448107785,7257794.826596772,2694.029477677773,0,21747,,,,
1144,442.2030165080241,442.2030165080241,7257581.2961328,2693.989847073073,0,21747,,,,
1145,442.2030165080241,442.2030165080241,7257581.2961328,2693.989847073073,0,21747,,,,
1146,442.2270658021796,442.2270658021796,7257635.930381202,2693.9999870789165,0,21747,,,,
1147,442.165448107785,442.165448107785,7257794.826596772,2694.029477677773,0,21747,,,,
1148,442.1677012921322,442.1677012921322,7257789.5928174,2694.0285063112083,0,21747,,,,
1149,442.2030165080241,442.2030165080241,7257581.2961328,2693.989847073073,0,21747,,,,
1150,442.1348231940038,442.1348231940038,7257421.050167839,2693.960105526405,0,21747,,,,
1151,442.1348231940038,442.1348231940038,7257421.050167839,2693.960105526405,0,21747,,,,
1152,442.195797121442,442.195797121442,7257261.6025198875,2693.9305118209504,0,21747,,,,
1153,442.1680231756104,442.1680231756104,7257480.019588909,2693.971050250709,0,21747,,,,
1154,442.1207063043178,442.1207063043178,7257416.262243068,2693.9592168856357,0,21747,,,,
1155,442.1634248402078,442.1634248402078,7257310.974111372,2693.9396752918155,0,21747,,,,
1156,442.11969467052927,442.11969467052927,7257354.3779371865,2693.9477311071178,0,21747,,,,
1157,442.3978019956776,442.3978019956776,7258134.286706212,2694.0924792416113,0,21747,,,,
1158,442.1491240171058,442.1491240171058,7257586.296638616,2693.990775158411,0,21747,,,,
1159,442.29562698303215,442.29562698303215,7258101.641651722,2694.0864205982184,0,21747,,,,
1160,442.3567848438865,442.3567848438865,7258170.063594978,2694.099119111058,0,21747,,,,
1161,442.10612958109164,442.10612958109164,7257411.308410356,2693.958297451977,0,21747,,,,
1162,442.126270290155,442.126270290155,7257434.188347818,2693.962543976404,0,21747,,,,
1163,442.1614015726307,442.1614015726307,7257390.712650021,2693.9544748659027,0,21747,,,,
1164,442.1526647353658,442.1526647353658,7257404.618292178,2693.9570557624297,0,21747,,,,
1165,442.1270520071734,442.1270520071734,7257631.94008369,2693.9992464890724,0,21747,,,,
1166,442.1592863383455,442.1592863383455,7257524.368786499,2693.9792814323014,0,21747,,,,
1167,442.1592863383455,442.1592863383455,7257524.368786499,2693.9792814323014,0,21747,,,,
1168,442.1270520071734,442.1270520071734,7257631.94008369,2693.9992464890724,0,21747,,,,
1169,442.1736791281556,442.1736791281556,7257418.181680231,2693.9595731339828,0,21747,,,,
1170,442.081804386812,442.081804386812,7257605.007909137,2693.9942479354213,0,21747,,,,
1171,442.1205223709017,442.1205223709017,7257325.798362993,2693.942426697904,0,21747,,,,
1172,442.1318342759921,442.1318342759921,7257319.986526878,2693.9413480116596,0,21747,,,,
1173,442.1318342759921,442.1318342759921,7257319.986526878,2693.9413480116596,0,21747,,,,
1174,442.060468110544,442.060468110544,7257306.4649376925,2693.9388383810224,0,21747,,,,
1175,442.065848162965,442.065848162965,7257272.821262703,2693.932594045869,0,21747,,,,
1176,442.1318342759921,442.1318342759921,7257319.986526878,2693.9413480116596,0,21747,,,,
1177,442.0987262610935,442.0987262610935,7257426.411964869,2693.961100677749,0,21747,,,,
1178,442.06423874557413,442.06423874557413,7257321.549868948,2693.9416381705355,0,21747,,,,
1179,442.0571573090541,442.0571573090541,7257975.904676507,2694.063084761845,0,21747,,,,
1180,442.0571573090541,442.0571573090541,7257975.904676507,2694.063084761845,0,21747,,,,
1181,442.05692739228397,442.05692739228397,7257975.730997379,2694.063052528166,0,21747,,,,
1182,442.0594104934014,442.0594104934014,7257759.8577275025,2694.0229876019066,0,21747,,,,
1183,442.04202878557965,442.04202878557965,7257788.574332092,2694.028317284748,0,21747,,,,
1184,442.03991355129443,442.03991355129443,7257796.096565044,2694.0297133782774,0,21747,,,,
1185,442.01899112521266,442.01899112521266,7257741.995723548,2694.019672482654,0,21747,,,,
1186,442.0383961006116,442.0383961006116,7257793.656366396,2694.0292604881624,0,21747,,,,
1187,442.0383961006116,442.0383961006116,7257793.656366396,2694.0292604881624,0,21747,,,,
1188,442.0274520623534,442.0274520623534,7257747.05140939,2694.0206107989206,0,21747,,,,
1189,442.0063457028556,442.0063457028556,7257695.067825447,2694.010962825773,0,21747,,,,
1190,442.1187750034488,442.1187750034488,7257925.962615533,2694.053815835076,0,21747,,,,
1191,442.22412286752194,442.22412286752194,7258539.5514783645,2694.167691788758,0,21747,,,,
1192,442.2416425254058,442.2416425254058,7258514.939761806,2694.163124193078,0,21747,,,,
1193,442.2399411413069,442.2399411413069,7258514.617004644,2694.1630642937416,0,21747,,,,
1194,442.00386260173815,442.00386260173815,7257764.944222191,2694.023931635016,0,21747,,,,
1195,442.03122269738355,442.03122269738355,7257665.157630937,2694.0054115815983,0,21747,,,,
1196,442.072883616131,442.072883616131,7257547.022255943,2693.983485891468,0,21747,,,,
1197,442.08833402308363,442.08833402308363,7257455.933462087,2693.9665798710435,0,21747,,,,
1198,442.0476387547708,442.0476387547708,7257704.701889915,2694.012750877381,0,21747,,,,
1199,442.024968961236,442.024968961236,7257758.705614568,2694.022773774299,0,21747,,,,
1200,442.0986342943854,442.0986342943854,7257466.044465903,2693.968456471958,0,21747,,,,
1201,442.07771186830365,442.07771186830365,7257563.734124247,2693.986587591751,0,21747,,,,
1202,442.0385800340277,442.0385800340277,7257749.999770083,2694.0211580034193,0,21747,,,,
1203,442.04754678806273,442.04754678806273,7257679.446544351,2694.00806356335,0,21747,,,,
1204,442.0584448429668,442.0584448429668,7257670.531613556,2694.0064089778175,0,21747,,,,
1205,442.0685151974985,442.0685151974985,7257629.42226514,2693.9987791877597,0,21747,,,,
1206,442.01627810732515,442.01627810732515,7257384.242608176,2693.953274020946,0,21747,,,,
1207,442.0541683910424,442.0541683910424,7257453.346944406,2693.966099813508,0,21747,,,,
1208,442.0541683910424,442.0541683910424,7257453.346944406,2693.966099813508,0,21747,,,,
1209,441.98160665838964,441.98160665838964,7257149.664137582,2693.909735707116,0,21747,,,,
1210,441.9633052834874,441.9633052834874,7257163.322481262,2693.9122707470005,0,21747,,,,
1211,441.9844576263393,441.9844576263393,7256984.26569182,2693.8790369450185,0,21747,,,,
1212,443.5330850232216,443.5330850232216,7253033.672874419,2693.1456835593613,0,21747,,,,
1213,442.4451648503242,442.4451648503242,7255662.628822367,2693.633722097785,0,21747,,,,
1214,441.9627994665931,441.9627994665931,7257185.275440291,2693.916345293649,0,21747,,,,
1215,442.25792063273093,442.25792063273093,7257774.384742723,2694.025683757065,0,21747,,,,
1216,442.26670345334986,442.26670345334986,7257940.448981469,2694.05650441513,0,21747,,,,
1217,442.1831057157309,442.1831057157309,7258775.147744517,2694.211414819653,0,21747,,,,
1218,442.29958155147835,442.29958155147835,7258209.936129121,2694.1065190762447,0,21747,,,,
1219,441.95815514783646,441.95815514783646,7257880.39334161,2694.0453584417637,0,21747,,,,
1220,441.9154825953005,441.9154825953005,7257542.772428381,2693.9826971286175,0,21747,,,,
1221,441.80898514737663,441.80898514737663,7258060.235710673,2694.07873598948,0,21747,,,,
1222,441.78870648825125,441.78870648825125,7257801.050673656,2694.0306328387687,0,21747,,,,
1223,441.79583390812525,441.79583390812525,7258096.109624316,2694.085393899814,0,21747,,,,
1224,441.8012139605463,441.8012139605463,7257930.781119235,2694.054710119903,0,21747,,,,
1225,441.8039269784338,441.8039269784338,7257765.460891157,2694.0240275266956,0,21747,,,,
1226,441.80861728054447,441.80861728054447,7257860.386444108,2694.0416452690756,0,21747,,,,
1227,441.7741757483791,441.7741757483791,7257761.525221869,2694.0232970822412,0,21747,,,,
1228,441.81542281694027,441.81542281694027,7257807.34151837,2694.031800391074,0,21747,,,,
1229,441.7737159148388,441.7737159148388,7257789.459097806,2694.028481493432,0,21747,,,,
1230,441.81064054812157,441.81064054812157,7257876.277095691,2694.044594489054,0,21747,,,,
1231,441.85556628500484,441.85556628500484,7257366.526095553,2693.949985819253,0,21747,,,,
1232,441.82144663631766,441.82144663631766,7257743.448981469,2694.019942201889,0,21747,,,,
1233,441.78962615533175,441.78962615533175,7257761.23690624,2694.0232435720072,0,21747,,,,
1234,441.8018117441486,441.8018117441486,7257714.108244816,2694.0144966656762,0,21747,,,,
1235,441.8953418862372,441.8953418862372,7257277.428610843,2693.933449179998,0,21747,,,,
1236,441.89814687083276,441.89814687083276,7257412.434128845,2693.958506385881,0,21747,,,,
1237,441.86733802363545,441.86733802363545,7257233.012691406,2693.9252054746075,0,21747,,,,
1238,441.7714627304916,441.7714627304916,7257665.2683128705,2694.005432123861,0,21747,,,,
1239,441.78318848576816,441.78318848576816,7257691.042672552,2694.0102157698943,0,21747,,,,
1240,441.88048926288684,441.88048926288684,7257317.2204442,2693.94083462206,0,21747,,,,
1241,441.88048926288684,441.88048926288684,7257317.2204442,2693.94083462206,0,21747,,,,
1242,441.88048926288684,441.88048926288684,7257317.2204442,2693.94083462206,0,21747,,,,
1243,441.8704648917092,441.8704648917092,7257271.444659034,2693.932338545093,0,21747,,,,
1244,442.0882420563756,442.0882420563756,7258335.666758633,2694.1298533587114,0,21747,,,,
1245,441.8928587851198,441.8928587851198,7257716.743734768,2694.0149858036734,0,21747,,,,
1246,442.0779877684278,442.0779877684278,7258257.236400423,2694.1152975328323,0,21747,,,,
1247,441.8553363682347,441.8553363682347,7257223.052834874,2693.9233568969394,0,21747,,,,
1248,441.882650480526,441.882650480526,7257169.6686439505,2693.913448617819,0,21747,,,,
1249,441.89115740102085,441.89115740102085,7256876.522600818,2693.8590391111443,0,21747,,,,
1250,441.88228261369386,441.88228261369386,7257161.226651952,2693.911881753364,0,21747,,,,
1251,441.86908539108845,441.86908539108845,7257122.015864257,2693.904604076443,0,21747,,,,
1252,441.92398951579526,441.92398951579526,7256801.766358579,2693.8451637684334,0,21747,,,,
1253,441.9558559801352,441.9558559801352,7256706.681197407,2693.827515116253,0,21747,,,,
1254,441.9686853359084,441.9686853359084,7256759.461856808,2693.8373116906682,0,21747,,,,
1255,442.0230376603669,442.0230376603669,7257010.537867292,2693.8839132129083,0,21747,,,,
1256,441.9959074814917,441.9959074814917,7257210.834735826,2693.921089181312,0,21747,,,,
1257,441.9512576447326,441.9512576447326,7257282.528624638,2693.9343957536603,0,21747,,,,
1258,441.7880167379409,441.7880167379409,7257468.533958707,2693.9689185212787,0,21747,,,,
1259,441.8858233319538,441.8858233319538,7257178.673518186,2693.915119954262,0,21747,,,,
1260,441.98836621143147,441.98836621143147,7258159.983124109,2694.0972482677957,0,21747,,,,
1261,441.80755966340183,441.80755966340183,7257378.683542558,2693.952242253481,0,21747,,,,
1262,441.79459235756656,441.79459235756656,7257299.123419322,2693.9374757813744,0,21747,,,,
1263,442.0194049753989,442.0194049753989,7258207.071871982,2694.10598749789,0,21747,,,,
1264,441.76755414539934,441.76755414539934,7257409.767094312,2693.958011382938,0,21747,,,,
1265,441.76755414539934,441.76755414539934,7257409.767094312,2693.958011382938,0,21747,,,,
1266,441.85110589966433,441.85110589966433,7257112.574975858,2693.902851807366,0,21747,,,,
1267,441.92021888076516,441.92021888076516,7256527.561732653,2693.7942686353485,0,21747,,,,
1268,441.8884903664873,441.8884903664873,7256882.130638708,2693.8600800039167,0,21747,,,,
1269,441.884397847979,441.884397847979,7256697.276865775,2693.8257695823195,0,21747,,,,
1270,441.9427047408838,441.9427047408838,7256636.15588357,2693.814424915638,0,21747,,,,
1271,441.827424472341,441.827424472341,7257034.170920127,2693.8882996368143,0,21747,,,,
1272,441.8651768059962,441.8651768059962,7257027.1067273645,2693.886988484737,0,21747,,,,
1273,442.1942336874052,442.1942336874052,7255808.73417023,2693.660842454044,0,21747,,,,
1274,443.85156573320455,443.85156573320455,7252631.269968271,2693.0709738082046,0,21747,,,,
1275,441.7585414080103,441.7585414080103,7257372.251758863,2693.9510485082806,0,21747,,,,
1276,441.7622660596864,441.7622660596864,7257178.191014852,2693.9150303999663,0,21747,,,,
1277,441.77744056651494,441.77744056651494,7257052.846461581,2693.8917659144327,0,21747,,,,
1278,441.99103324596496,441.99103324596496,7257835.240125075,2694.036978240105,0,21747,,,,
1279,442.0094265875753,442.0094265875753,7257925.400423047,2694.053711495568,0,21747,,,,
1280,442.05582379178736,442.05582379178736,7257779.801719777,2694.026689125365,0,21747,,,,
1281,442.0394997011082,442.0394997011082,7257343.334574884,2693.945681444762,0,21747,,,,
1282,441.9281280176576,441.9281280176576,7256848.701935899,2693.853875386692,0,21747,,,,
1283,441.9681335356601,441.9681335356601,7256999.970892536,2693.8819519222693,0,21747,,,,
1284,441.8326205913459,441.8326205913459,7257119.417390904,2693.9041217888407,0,21747,,,,
1285,441.80011036004964,441.80011036004964,7257310.97011082,2693.939674549306,0,21747,,,,
1286,441.82333195383274,441.82333195383274,7257424.290154964,2693.960706869156,0,21747,,,,
1287,441.75311537223524,441.75311537223524,7257539.513266197,2693.982092231906,0,21747,,,,
1288,441.81362946613325,441.81362946613325,7257981.392329977,2694.06410323325,0,21747,,,,
1289,441.7365153814319,441.7365153814319,7258410.809950798,2694.143799048373,0,21747,,,,
1290,441.84416241320645,441.84416241320645,7257969.361980963,2694.061870481256,0,21747,,,,
1291,441.7222145583299,441.7222145583299,7258193.479422449,2694.1034648696123,0,21747,,,,
1292,441.6987630477767,441.6987630477767,7257852.566468938,2694.0401939223066,0,21747,,,,
1293,441.61893594518784,441.61893594518784,7258103.1440198645,2694.086699425218,0,21747,,,,
1294,441.617464477859,441.617464477859,7258076.239527291,2694.081706171379,0,21747,,,,
1295,441.6177863613372,441.6177863613372,7258088.153952269,2694.0839173923796,0,21747,,,,
1296,441.60169218742817,441.60169218742817,7258246.90348094,2694.113379848914,0,21747,,,,
1297,441.6276267990987,441.6276267990987,7258373.942336874,2694.136956863343,0,21747,,,,
1298,441.612084425438,441.612084425438,7258253.671310985,2694.114635888938,0,21747,,,,
1299,441.5931392835793,441.5931392835793,7258163.5288545545,2694.097906323108,0,21747,,,,
1300,441.5846783464386,441.5846783464386,7258157.463466225,2694.096780642118,0,21747,,,,
1301,441.617464477859,441.617464477859,7258060.2585644,2694.0787402309534,0,21747,,,,
1302,441.6131880259346,441.6131880259346,7257967.708281602,2694.061563565614,0,21747,,,,
1303,441.6201315123925,441.6201315123925,7258028.021934059,2694.072757357169,0,21747,,,,
1304,441.5957143514048,441.5957143514048,7257958.388743275,2694.0598339204116,0,21747,,,,
1305,441.62463788108704,441.62463788108704,7257991.9536027955,2694.066063333042,0,21747,,,,
1306,441.54131604359225,441.54131604359225,7257866.488297236,2694.042777740776,0,21747,,,,
1307,441.5639398537729,441.5639398537729,7257893.665747,2694.0478217260734,0,21747,,,,
1308,441.788246654711,441.788246654711,7258656.4080103,2694.189378646256,0,21747,,,,
1309,441.8756150273601,441.8756150273601,7258374.21635168,2694.137007717254,0,21747,,,,
1310,441.8707407918334,441.8707407918334,7258348.063870879,2694.132154121412,0,21747,,,,
1311,441.87745436152113,441.87745436152113,7258375.842782913,2694.1373095636595,0,21747,,,,
1312,441.87745436152113,441.87745436152113,7258375.842782913,2694.1373095636595,0,21747,,,,
1313,441.62495976456523,441.62495976456523,7257574.257138915,2693.98854064729,0,21747,,,,
1314,441.62353428059043,441.62353428059043,7257562.176070263,2693.9862984191777,0,21747,,,,
1315,443.2434818595668,443.2434818595668,7254364.929967352,2693.392828751007,0,21747,,,,
1316,441.53414264036417,441.53414264036417,7257843.101991079,2694.0384373633347,0,21747,,,,
1317,441.6233503471743,441.6233503471743,7257564.28229181,2693.986689330853,0,21747,,,,
1318,441.6233503471743,441.6233503471743,7257564.28229181,2693.986689330853,0,21747,,,,
1319,441.5948866510323,441.5948866510323,7257661.131006575,2694.00466425108,0,21747,,,,
1320,441.58716144755596,441.58716144755596,7257616.832114775,2693.9964424836894,0,21747,,,,
1321,441.58670161401574,441.58670161401574,7257588.383593139,2693.991162493511,0,21747,,,,
1322,441.59474870097023,441.59474870097023,7257415.269094587,2693.95903255684,0,21747,,,,
1323,441.59704786867155,441.59704786867155,7257366.198694073,2693.949925053187,0,21747,,,,
1324,441.59704786867155,441.59704786867155,7257366.198694073,2693.949925053187,0,21747,,,,
1325,441.59704786867155,441.59704786867155,7257366.198694073,2693.949925053187,0,21747,,,,
1326,441.5968179519014,441.5968179519014,7257362.894284269,2693.949311751108,0,21747,,,,
1327,441.59318526693335,441.59318526693335,7257342.587805214,2693.9455428432875,0,21747,,,,
1328,441.57529774221734,441.57529774221734,7257274.205821493,2693.9328510231085,0,21747,,,,
1329,443.8797535292224,443.8797535292224,7263283.975398906,2695.0480469555464,0,21747,,,,
1330,441.57529774221734,441.57529774221734,7257274.205821493,2693.9328510231085,0,21747,,,,
1331,441.57529774221734,441.57529774221734,7257274.205821493,2693.9328510231085,0,21747,,,,
1332,441.57529774221734,441.57529774221734,7257274.205821493,2693.9328510231085,0,21747,,,,
1333,441.57433209178276,441.57433209178276,7257193.585460063,2693.9178876610295,0,21747,,,,
1334,441.57433209178276,441.57433209178276,7257193.585460063,2693.9178876610295,0,21747,,,,
1335,441.5720789074355,441.5720789074355,7257184.490642387,2693.9161996324956,0,21747,,,,
1336,441.57033153998253,441.57033153998253,7257177.942888674,2693.9149843468845,0,21747,,,,
1337,441.57033153998253,441.57033153998253,7257177.942888674,2693.9149843468845,0,21747,,,,
1338,441.57033153998253,441.57033153998253,7257177.942888674,2693.9149843468845,0,21747,,,,
1339,441.57033153998253,441.57033153998253,7257177.942888674,2693.9149843468845,0,21747,,,,
1340,441.57033153998253,441.57033153998253,7257177.942888674,2693.9149843468845,0,21747,,,,
1341,441.57033153998253,441.57033153998253,7257177.942888674,2693.9149843468845,0,21747,,,,
1342,441.56954982296406,441.56954982296406,7257177.732606797,2693.9149453178356,0,21747,,,,
1343,441.5405343265738,441.5405343265738,7257076.9642709335,2693.8962422986774,0,21747,,,,
1344,441.5396606428473,441.5396606428473,7257072.752609556,2693.895460594111,0,21747,,,,
1345,441.57943624407966,441.57943624407966,7256860.727548627,2693.8561074319887,0,21747,,,,
1346,441.5721708741436,441.5721708741436,7256816.782544719,2693.847950895655,0,21747,,,,
1347,441.7943624407964,441.7943624407964,7257495.485078402,2693.9739206381346,0,21747,,,,
1348,442.1567572538741,442.1567572538741,7228715.086908539,2688.6269891728266,0,21747,,,,
1349,441.66942566790823,441.66942566790823,7256921.943486458,2693.8674695475383,0,21747,,,,
1350,441.6598151469168,441.6598151469168,7256757.629834,2693.8369716510315,0,21747,,,,
1351,441.71963949050445,441.71963949050445,7256861.652319861,2693.8562790764954,0,21747,,,,
1352,441.6656550328781,441.6656550328781,7256964.322205362,2693.8753353125608,0,21747,,,,
1353,441.66482733250564,441.66482733250564,7257042.360739413,2693.889819710415,0,21747,,,,
1354,441.4524762036143,441.4524762036143,7257470.8513818,2693.969348634427,0,21747,,,,
1355,441.44668230100706,441.44668230100706,7257460.433025245,2693.967414989507,0,21747,,,,
1356,441.4473260679634,441.4473260679634,7257469.458270106,2693.969090073252,0,21747,,,,
1357,441.4461305007587,441.4461305007587,7257474.635811836,2693.9700510235516,0,21747,,,,
1358,441.00055180024833,441.00055180024833,7256249.070446499,2693.7425768707926,0,21747,,,,
1359,441.3503471743229,441.3503471743229,7257104.332643583,2693.9013219944754,0,21747,,,,
1360,443.83193084103556,443.83193084103556,7246026.888444383,2691.844514165776,0,21747,,,,
1361,440.53621189129535,440.53621189129535,7255153.920770681,2693.53929259825,0,21747,,,,
1362,440.32215937830506,440.32215937830506,7255043.793534741,2693.5188496713254,0,21747,,,,
1363,440.60468110543985,440.60468110543985,7255427.042534603,2693.589991541883,0,21747,,,,
1364,441.5097714627305,441.5097714627305,7256937.839012277,2693.8704198628925,0,21747,,,,
1365,440.59194371637466,440.59194371637466,7254859.549041247,2693.484648005488,0,21747,,,,
1366,440.51322021428246,440.51322021428246,7255235.480985883,2693.554432527006,0,21747,,,,
1367,440.62468386444107,440.62468386444107,7254909.556122684,2693.493930960804,0,21747,,,,
1368,440.6160389938842,440.6160389938842,7254618.624224031,2693.4399240049947,0,21747,,,,
1369,440.57515979215526,440.57515979215526,7254829.967351818,2693.4791566581353,0,21747,,,,
1370,440.5975996689198,440.5975996689198,7254964.78364832,2693.504182964697,0,21747,,,,
1371,440.63829493723273,440.63829493723273,7254753.421299489,2693.464947107998,0,21747,,,,
1372,440.6795420057939,440.6795420057939,7254543.074539017,2693.4258992107093,0,21747,,,,
1373,440.63829493723273,440.63829493723273,7254753.421299489,2693.464947107998,0,21747,,,,
1374,440.63829493723273,440.63829493723273,7254753.421299489,2693.464947107998,0,21747,,,,
1375,440.63829493723273,440.63829493723273,7254753.421299489,2693.464947107998,0,21747,,,,
1376,440.8830643307123,440.8830643307123,7255529.105715731,2693.6089370425934,0,21747,,,,
1377,440.63829493723273,440.63829493723273,7254753.421299489,2693.464947107998,0,21747,,,,
1378,440.63829493723273,440.63829493723273,7254753.421299489,2693.464947107998,0,21747,,,,
1379,440.63829493723273,440.63829493723273,7254753.421299489,2693.464947107998,0,21747,,,,
1380,440.8830643307123,440.8830643307123,7255529.105715731,2693.6089370425934,0,21747,,,,
1381,440.8830643307123,440.8830643307123,7255529.105715731,2693.6089370425934,0,21747,,,,
1382,440.63829493723273,440.63829493723273,7254753.421299489,2693.464947107998,0,21747,,,,
1383,440.88619119878604,440.88619119878604,7255323.9580631815,2693.570856328673,0,21747,,,,
1384,440.8830643307123,440.8830643307123,7255529.105715731,2693.6089370425934,0,21747,,,,
1385,440.6401342713938,440.6401342713938,7255212.520945418,2693.5501704897606,0,21747,,,,
1386,440.8873867659907,440.8873867659907,7255988.751184071,2693.6942571836307,0,21747,,,,
1387,440.8897779004001,440.8897779004001,7255871.868671541,2693.6725615173686,0,21747,,,,
1388,440.8897779004001,440.8897779004001,7255871.868671541,2693.6725615173686,0,21747,,,,
1389,440.8984227709569,440.8984227709569,7255878.223571068,2693.673741114738,0,21747,,,,
1390,440.8939623856164,440.8939623856164,7255862.486917736,2693.670820073926,0,21747,,,,
1391,440.8972731871063,440.8972731871063,7255662.73375638,2693.6337415759367,0,21747,,,,
1392,440.8902837172943,440.8902837172943,7256034.195383271,2693.7026924631587,0,21747,,,,
1393,440.8945141858647,440.8945141858647,7255774.090541224,2693.6544118615557,0,21747,,,,
1394,440.8800754127006,440.8800754127006,7256178.443601416,2693.729467411569,0,21747,,,,
1395,440.89920448797534,440.89920448797534,7256080.453901688,2693.711278868188,0,21747,,,,
1396,440.9090449257369,440.9090449257369,7256084.145721249,2693.711964134482,0,21747,,,,
1397,440.911068193314,440.911068193314,7256085.361337196,2693.7121897740294,0,21747,,,,
1398,440.911068193314,440.911068193314,7256085.361337196,2693.7121897740294,0,21747,,,,
1399,440.6374212535062,440.6374212535062,7255414.9948958475,2693.587755187465,0,21747,,,,
1400,386.29193055659044,386.29193055659044,5742658.944788019,2396.3845569499103,0,40263,,,,
1401,386.29193055659044,386.29193055659044,5742658.944788019,2396.3845569499103,0,40263,,,,
1402,386.29193055659044,386.29193055659044,5742658.944788019,2396.3845569499103,0,40263,,,,
1403,386.29193055659044,386.29193055659044,5742658.944788019,2396.3845569499103,0,40263,,,,
1404,386.3046966197253,386.3046966197253,5742462.520279164,2396.343573087792,0,40263,,,,
1405,386.2777239649306,386.2777239649306,5742510.430072275,2396.353569503523,0,40263,,,,
1406,386.3175123562576,386.3175123562576,5742381.59426769,2396.326687717618,0,40263,,,,
1407,386.3175123562576,386.3175123562576,5742381.59426769,2396.326687717618,0,40263,,,,
1408,386.32238034920397,386.32238034920397,5742388.868688374,2396.328205544552,0,40263,,,,
1409,386.3254104264461,386.3254104264461,5742226.05687604,2396.2942342033125,0,40263,,,,
1410,386.3191515783722,386.3191515783722,5742308.545562924,2396.311445860684,0,40263,,,,
1411,386.3203685766088,386.3203685766088,5742228.995678415,2396.294847400548,0,40263,,,,
1412,386.31728882596923,386.31728882596923,5742198.672602638,2396.2885203169167,0,40263,,,,
1413,386.43754812110376,386.43754812110376,5742042.320666617,2396.255896323808,0,40263,,,,
1414,386.43754812110376,386.43754812110376,5742042.320666617,2396.255896323808,0,40263,,,,
1415,386.43754812110376,386.43754812110376,5742042.320666617,2396.255896323808,0,40263,,,,
1416,386.44087623873037,386.44087623873037,5741879.727069518,2396.2219694906225,0,40263,,,,
1417,386.45329458808334,386.45329458808334,5741818.298164568,2396.209151590188,0,40263,,,,
1418,386.39711397561035,386.39711397561035,5741709.33817649,2396.186415572981,0,40263,,,,
1419,386.39619501775826,386.39619501775826,5741705.25037876,2396.1855625929225,0,40263,,,,
1420,386.3755805578323,386.3755805578323,5741760.81891563,2396.1971577722124,0,40263,,,,
1421,386.3755805578323,386.3755805578323,5741760.81891563,2396.1971577722124,0,40263,,,,
1422,386.3790576956511,386.3790576956511,5741598.370265504,2396.163260352997,0,40263,,,,
1423,386.3790576956511,386.3790576956511,5741598.370265504,2396.163260352997,0,40263,,,,
1424,386.41556764274895,386.41556764274895,5741841.505700022,2396.213994137423,0,40263,,,,
1425,386.4191441273626,386.4191441273626,5741679.039763555,2396.1800933493196,0,40263,,,,
1426,386.4406030350446,386.4406030350446,5741612.965998559,2396.166305997678,0,40263,,,,
1427,386.4395598936989,386.4395598936989,5741614.322926757,2396.1665891433254,0,40263,,,,
1428,386.46059657750294,386.46059657750294,5741569.816680327,2396.157302157003,0,40263,,,,
1429,386.4395598936989,386.4395598936989,5741614.322926757,2396.1665891433254,0,40263,,,,
1430,386.4705064202866,386.4705064202866,5741545.631274371,2396.152255445044,0,40263,,,,
1431,386.46002533343267,386.46002533343267,5741509.069418573,2396.1446261481324,0,40263,,,,
1432,386.4432357251074,386.4432357251074,5741452.039987084,2396.132725870394,0,40263,,,,
1433,386.4456945582793,386.4456945582793,5741595.502943149,2396.1626620376064,0,40263,,,,
1434,386.39785907657154,386.39785907657154,5741752.414698359,2396.1954041142717,0,40263,,,,
1435,386.3845962794625,386.3845962794625,5741749.277276904,2396.1947494469027,0,40263,,,,
1436,386.3856145841095,386.3856145841095,5741650.593895139,2396.174157672004,0,40263,,,,
1437,386.44986712366193,386.44986712366193,5741596.626654745,2396.162896519088,0,40263,,,,
1438,386.4318356804014,386.4318356804014,5741798.1073690485,2396.2049385161213,0,40263,,,,
1439,386.41735588505577,386.41735588505577,5741734.480987507,2396.191661989397,0,40263,,,,
1440,386.43975858728857,386.43975858728857,5742051.749596404,2396.257863752648,0,40263,,,,
1441,386.46611032461567,386.46611032461567,5741691.616844249,2396.1827177500986,0,40263,,,,
1442,386.47184760201674,386.47184760201674,5741695.494126121,2396.1835268038467,0,40263,,,,
1443,386.4667312420833,386.4667312420833,5742068.710975337,2396.261402888954,0,40263,,,,
1444,386.427812135211,386.427812135211,5741653.88090803,2396.174843559633,0,40263,,,,
1445,386.3821622829893,386.3821622829893,5741739.1039167475,2396.1926266301602,0,40263,,,,
1446,386.4155179693515,386.4155179693515,5741888.384770136,2396.2237760213748,0,40263,,,,
1447,386.37066289148845,386.37066289148845,5741735.930804958,2396.191964514729,0,40263,,,,
1448,386.40322380349204,386.40322380349204,5741773.535528897,2396.1998112696897,0,40263,,,,
1449,386.393512654298,386.393512654298,5742220.048828949,2396.2929805908434,0,40263,,,,
1450,386.41802647592084,386.41802647592084,5742102.141395326,2396.268378415766,0,40263,,,,
1451,386.4311154161389,386.4311154161389,5741990.074311403,2396.244994634606,0,40263,,,,
1452,386.433723269503,386.433723269503,5742156.976504483,2396.2798201596747,0,40263,,,,
1453,386.43094155924797,386.43094155924797,5742137.965998559,2396.2758534856875,0,40263,,,,
1454,386.4363807962646,386.4363807962646,5742155.768372948,2396.2795680748413,0,40263,,,,
1455,386.42070883938106,386.42070883938106,5742124.999006532,2396.2731478290475,0,40263,,,,
1456,388.20152497330054,388.20152497330054,5739043.812035864,2395.6301492584084,0,40263,,,,
1457,386.3816903857139,386.3816903857139,5742611.631075677,2396.3746850348084,0,40263,,,,
1458,386.4204107989966,386.4204107989966,5741738.3901597,2396.1924776944984,0,40263,,,,
1459,386.47229466259347,386.47229466259347,5741684.199190323,2396.181169943192,0,40263,,,,
1460,388.7701115167772,388.7701115167772,5739788.3946303055,2395.785548547763,0,40263,,,,
1461,386.4756227802201,386.4756227802201,5742431.592678141,2396.3371199975477,0,40263,,,,
1462,386.4849613789335,386.4849613789335,5742480.163276457,2396.3472543177995,0,40263,,,,
1463,386.5075379380573,386.5075379380573,5742561.456697216,2396.364216202791,0,40263,,,,
1464,388.27022328192135,388.27022328192135,5741025.406651268,2396.0436988192155,0,40263,,,,
1465,387.1314606462509,387.1314606462509,5742707.306559372,2396.3946474984814,0,40263,,,,
1466,387.4693390954474,387.4693390954474,5744061.87646226,2396.6772574675674,0,40263,,,,
1467,386.4005414400318,386.4005414400318,5742589.719717856,2396.3701132583537,0,40263,,,,
1468,386.3607530487048,386.3607530487048,5741736.047959665,2396.191988960748,0,40263,,,,
1469,386.3644288801133,386.3644288801133,5741590.879889725,2396.1616973588666,0,40263,,,,
1470,386.4031741300946,386.4031741300946,5741728.108511536,2396.190332279875,0,40263,,,,
1471,386.3942329185605,386.3942329185605,5741443.350048431,2396.1309125438934,0,40263,,,,
1472,386.4327794749522,386.4327794749522,5741092.772992574,2396.057756606166,0,40263,,,,
1473,386.4654397337506,386.4654397337506,5740996.802126021,2396.0377296958454,0,40263,,,,
1474,386.47606984079675,386.47606984079675,5740992.047686461,2396.0367375494184,0,40263,,,,
1475,386.42967488761394,386.42967488761394,5741120.212254427,2396.063482517612,0,40263,,,,
1476,386.50105555969503,386.50105555969503,5741852.707994933,2396.216331635133,0,40263,,,,
1477,386.48632739736234,386.48632739736234,5741702.968705759,2396.185086487636,0,40263,,,,
1478,386.4732881305417,386.4732881305417,5741956.420336289,2396.2379723926188,0,40263,,,,
1479,386.42731540123685,386.42731540123685,5742564.800809677,2396.3649139498093,0,40263,,,,
1480,386.4679482403199,386.4679482403199,5742106.505352309,2396.2692889890964,0,40263,,,,
1481,386.4970320145046,386.4970320145046,5742337.03678315,2396.317390660751,0,40263,,,,
1482,386.4757718004123,386.4757718004123,5742295.936169684,2396.3088148587367,0,40263,,,,
1483,386.4571691130815,386.4571691130815,5741960.801654124,2396.238886600024,0,40263,,,,
1484,386.39286690013165,386.39286690013165,5741951.01015821,2396.236843502372,0,40263,,,,
1485,386.3790080222537,386.3790080222537,5742013.347937312,2396.2498508997996,0,40263,,,,
1486,386.2722102178179,386.2722102178179,5742207.396964955,2396.2903407068507,0,40263,,,,
1487,386.2722102178179,386.2722102178179,5742207.396964955,2396.2903407068507,0,40263,,,,
1488,386.335643146313,386.335643146313,5741910.951146213,2396.2284847539504,0,40263,,,,
1489,389.3349725554479,389.3349725554479,5739444.353078509,2395.713746063688,0,40263,,,,
1490,386.3190273948787,386.3190273948787,5742195.934207585,2396.2879489342645,0,40263,,,,
1491,386.35730074758465,386.35730074758465,5742138.595335668,2396.2759848013475,0,40263,,,,
1492,386.37766684052355,386.37766684052355,5742034.20162432,2396.2542022131793,0,40263,,,,
1493,386.3762014752999,386.3762014752999,5741980.361349129,2396.242967928989,0,40263,,,,
1494,386.3727491741798,386.3727491741798,5742096.89128977,2396.2672829402336,0,40263,,,,
1495,386.33668628765867,386.33668628765867,5742106.754787274,2396.269341035618,0,40263,,,,
1496,386.3666145095994,386.3666145095994,5742070.450463205,2396.2617658476306,0,40263,,,,
1497,388.7526264808882,388.7526264808882,5734063.794426645,2394.590527507082,0,40263,,,,
1498,386.47241884608695,386.47241884608695,5741301.467923404,2396.101305855703,0,40263,,,,
1499,386.3666145095994,386.3666145095994,5742070.450463205,2396.2617658476306,0,40263,,,,
1500,386.36112559918536,386.36112559918536,5742044.324416959,2396.256314424014,0,40263,,,,
1501,386.4352631448228,386.4352631448228,5741935.5482949605,2396.2336172199407,0,40263,,,,
1502,386.35732558428333,386.35732558428333,5742139.837294787,2396.276243944923,0,40263,,,,
1503,386.43921217991704,386.43921217991704,5741860.850011176,2396.218030566329,0,40263,,,,
1504,386.4446017435362,386.4446017435362,5741886.995728088,2396.2234861815555,0,40263,,,,
1505,386.477659389514,386.477659389514,5741767.791818791,2396.198612765392,0,40263,,,,
1506,386.42354022303357,386.42354022303357,5741937.749074833,2396.2340764363635,0,40263,,,,
1507,387.7125897225741,387.7125897225741,5739517.900752552,2395.7290958604963,0,40263,,,,
1508,386.33181829471226,386.33181829471226,5742271.998112411,2396.30382007633,0,40263,,,,
1509,386.3475647616919,386.3475647616919,5742136.937883416,2396.275638962141,0,40263,,,,
1510,386.3482105158582,386.3482105158582,5742310.34110722,2396.3118205081782,0,40263,,,,
1511,386.36276482129995,386.36276482129995,5742228.234905496,2396.2946886611203,0,40263,,,,
1512,386.33181829471226,386.33181829471226,5742271.998112411,2396.30382007633,0,40263,,,,
1513,386.30732930978814,386.30732930978814,5742334.320393413,2396.31682387647,0,40263,,,,
1514,386.33628890047936,386.33628890047936,5742666.773663165,2396.3861904257346,0,40263,,,,
1515,386.3124705064203,386.3124705064203,5742735.864267441,2396.400605964587,0,40263,,,,
1516,386.2872612572337,386.2872612572337,5742812.965501825,2396.416692794019,0,40263,,,,
1517,387.47681494175794,387.47681494175794,5744342.965029928,2396.735898055922,0,40263,,,,
1518,386.3465216203462,386.3465216203462,5742818.973846956,2396.4179464039566,0,40263,,,,
1519,386.3465216203462,386.3465216203462,5742818.973846956,2396.4179464039566,0,40263,,,,
1520,386.3465216203462,386.3465216203462,5742818.973846956,2396.4179464039566,0,40263,,,,
1521,386.3468693341281,386.3468693341281,5742817.43417033,2396.4176251585054,0,40263,,,,
1522,386.3467451506346,386.3467451506346,5742816.140997939,2396.4173553448363,0,40263,,,,
1523,386.3740406825125,386.3740406825125,5742796.008047091,2396.413154705818,0,40263,,,,
1524,386.26148076397686,386.26148076397686,5742953.262648089,2396.445964892196,0,40263,,,,
1525,386.35201053076025,386.35201053076025,5742845.058713956,2396.4233888680765,0,40263,,,,
1526,386.26148076397686,386.26148076397686,5742953.262648089,2396.445964892196,0,40263,,,,
1527,386.5481459404416,386.5481459404416,5743700.531406006,2396.601871693754,0,40263,,,,
1528,386.4248317313663,386.4248317313663,5743540.777065792,2396.5685421172066,0,40263,,,,
1529,386.45580309465265,386.45580309465265,5743503.3009959515,2396.5607234109366,0,40263,,,,
1530,386.37098576857164,386.37098576857164,5743395.0895114625,2396.5381468926093,0,40263,,,,
1531,387.1500136601843,387.1500136601843,5730600.158681668,2393.867197377847,0,40263,,,,
1532,389.35079353252365,389.35079353252365,5739362.590393165,2395.69668163421,0,40263,,,,
1533,386.84236147331296,386.84236147331296,5737215.159128728,2395.2484545718276,0,40263,,,,
1534,387.2063681295482,387.2063681295482,5726549.495964036,2393.0209978109337,0,40263,,,,
1535,386.35362491617616,386.35362491617616,5743048.18100986,2396.4657687957615,0,40263,,,,
1536,386.41027742592456,386.41027742592456,5742713.057968855,2396.395847511186,0,40263,,,,
1537,386.40809179643844,386.40809179643844,5742636.283659936,2396.379828754185,0,40263,,,,
1538,386.4199637384199,386.4199637384199,5742637.959044284,2396.380178319852,0,40263,,,,
1539,386.47681494175794,386.47681494175794,5742482.656533293,2396.347774538014,0,40263,,,,
1540,386.5001862752403,386.5001862752403,5742418.891016566,2396.3344697718153,0,40263,,,,
1541,386.40449047512607,386.40449047512607,5742663.991903236,2396.3856100183953,0,40263,,,,
1542,386.4282840324864,386.4282840324864,5742690.874549835,2396.391219010334,0,40263,,,,
1543,386.3869557658396,386.3869557658396,5742834.2474728655,2396.4211331635483,0,40263,,,,
1544,386.3615726597621,386.3615726597621,5742855.353947793,2396.4255369086254,0,40263,,,,
1545,388.89836822889504,388.89836822889504,5740572.600923926,2395.9492066661023,0,40263,,,,
1546,386.2882547251819,386.2882547251819,5743143.260363112,2396.4856061247506,0,40263,,,,
1547,386.2943645530636,386.2943645530636,5742587.829769267,2396.3697189226177,0,40263,,,,
1548,386.2819462037106,386.2819462037106,5742984.812905149,2396.452547601381,0,40263,,,,
1549,386.2905148647642,386.2905148647642,5742971.137843678,2396.44969441123,0,40263,,,,
1550,386.26947818096016,386.26947818096016,5743024.606214142,2396.4608501317402,0,40263,,,,
1551,386.2420087921913,386.2420087921913,5743777.794600502,2396.6179909615344,0,40263,,,,
1552,386.21103742890494,386.21103742890494,5743781.84275886,2396.618835517834,0,40263,,,,
1553,386.201400789807,386.201400789807,5743548.792563892,2396.5702144030524,0,40263,,,,
1554,386.1592032387055,386.1592032387055,5743636.993964682,2396.5886159215315,0,40263,,,,
1555,386.35007326826116,386.35007326826116,5743383.081613392,2396.5356416321856,0,40263,,,,
1556,386.3120979559397,386.3120979559397,5743897.854258252,2396.6430385558574,0,40263,,,,
1557,386.4302958050816,386.4302958050816,5743669.826913047,2396.595465845883,0,40263,,,,
1558,386.42478205796886,386.42478205796886,5743938.285696546,2396.651473555666,0,40263,,,,
1559,386.4249062414624,386.4249062414624,5743915.9460546905,2396.6468129565296,0,40263,,,,
1560,386.41680947768424,386.41680947768424,5743903.247696396,2396.644163762405,0,40263,,,,
1561,386.42738991133297,386.42738991133297,5743921.724908725,2396.648018568585,0,40263,,,,
1562,386.39890221791717,386.39890221791717,5744027.323175124,2396.670048875131,0,40263,,,,
1563,386.40004470605766,386.40004470605766,5743915.04912699,2396.646625835146,0,40263,,,,
1564,386.25475001862753,386.25475001862753,5743389.972505774,2396.537079309597,0,40263,,,,
1565,386.22973946303057,386.22973946303057,5743133.433574249,2396.4835558739496,0,40263,,,,
1566,386.22973946303057,386.22973946303057,5743133.433574249,2396.4835558739496,0,40263,,,,
1567,386.1943968407719,386.1943968407719,5743287.67694906,2396.515736845694,0,40263,,,,
1568,386.28333705883813,386.28333705883813,5742923.0500956215,2396.439661267444,0,40263,,,,
1569,386.29592926508207,386.29592926508207,5742889.247621886,2396.43260861262,0,40263,,,,
1570,386.2890246628418,386.2890246628418,5742891.594739587,2396.4330983233367,0,40263,,,,
1571,386.2910861088344,386.2910861088344,5742855.467252812,2396.4255605490466,0,40263,,,,
1572,386.3167424185977,386.3167424185977,5742777.202965502,2396.409231113397,0,40263,,,,
1573,386.291880883193,386.291880883193,5742855.167622879,2396.4254980330347,0,40263,,,,
1574,386.2936939621985,386.2936939621985,5742855.539602116,2396.4255756443004,0,40263,,,,
1575,386.3237960410302,386.3237960410302,5742752.346844497,2396.404044990013,0,40263,,,,
1576,387.1910438864466,387.1910438864466,5744275.222487147,2396.7217657640504,0,40263,,,,
1577,386.3085959814222,386.3085959814222,5742690.605891265,2396.3911629555105,0,40263,,,,
1578,386.2846534038696,386.2846534038696,5742789.509847751,2396.41179888761,0,40263,,,,
1579,386.31189926235004,386.31189926235004,5742708.194471351,2396.39483275844,0,40263,,,,
1580,386.3521843876512,386.3521843876512,5742843.402379355,2396.4230432833338,0,40263,,,,
1581,386.3068574125127,386.3068574125127,5743093.550579937,2396.4752347103313,0,40263,,,,
1582,386.3316941112187,386.3316941112187,5742970.733204182,2396.4496099864446,0,40263,,,,
1583,386.3207659637881,386.3207659637881,5743019.648237837,2396.459815694358,0,40263,,,,
1584,386.22514467377,386.22514467377,5743026.604351389,2396.461267025067,0,40263,,,,
1585,386.24173558850555,386.24173558850555,5743026.71313613,2396.4612897220204,0,40263,,,,
1586,386.27921416685297,386.27921416685297,5743038.034870725,2396.463651898506,0,40263,,,,
1587,386.22834860790306,386.22834860790306,5742740.3190025585,2396.401535428184,0,40263,,,,
1588,386.20924918659813,386.20924918659813,5742767.957206368,2396.407302026592,0,40263,,,,
1589,386.2153590144798,386.2153590144798,5742669.958646896,2396.3868549645517,0,40263,,,,
1590,386.2153590144798,386.2153590144798,5742669.958646896,2396.3868549645517,0,40263,,,,
1591,386.1935027196185,386.1935027196185,5742707.254079428,2396.394636548711,0,40263,,,,
1592,386.20475374413235,386.20475374413235,5742683.471127338,2396.3896743074442,0,40263,,,,
1593,386.2150609740953,386.2150609740953,5742671.50150262,2396.3871768774384,0,40263,,,,
1594,386.2150609740953,386.2150609740953,5742671.50150262,2396.3871768774384,0,40263,,,,
1595,386.2114844894817,386.2114844894817,5742645.053349229,2396.3816585321356,0,40263,,,,
1596,386.24377219779944,386.24377219779944,5742609.876338077,2396.3743189114,0,40263,,,,
1597,386.1556267540918,386.1556267540918,5742515.052976678,2396.3545340739292,0,40263,,,,
1598,386.1556267540918,386.1556267540918,5742515.052976678,2396.3545340739292,0,40263,,,,
1599,386.18413928420637,386.18413928420637,5742454.974542384,2396.341998660121,0,40263,,,,
1600,386.18413928420637,386.18413928420637,5742454.974542384,2396.341998660121,0,40263,,,,
1601,386.18702034125624,386.18702034125624,5742291.769366416,2396.3079454374006,0,40263,,,,
1602,386.2331917641507,386.2331917641507,5742532.181680451,2396.358107979784,0,40263,,,,
1603,386.27216054442044,386.27216054442044,5742640.55559695,2396.3807200853853,0,40263,,,,
1604,386.18702034125624,386.18702034125624,5742291.769366416,2396.3079454374006,0,40263,,,,
1605,386.3340039241984,386.3340039241984,5742627.228969526,2396.377939509861,0,40263,,,,
1606,386.18982688821,386.18982688821,5742272.765640911,2396.303980224736,0,40263,,,,
1607,386.18970270471647,386.18970270471647,5742272.736656483,2396.303974177,0,40263,,,,
1608,386.1897523781139,386.1897523781139,5742272.712465539,2396.303969129446,0,40263,,,,
1609,386.1764647443062,386.1764647443062,5742276.585972233,2396.3047773545486,0,40263,,,,
1610,386.17537192956314,386.17537192956314,5742286.585127785,2396.3068637233805,0,40263,,,,
1611,386.178252986613,386.178252986613,5742294.39279239,2396.3084928264952,0,40263,,,,
1612,386.17658892779974,386.17658892779974,5742291.428954624,2396.307874409009,0,40263,,,,
1613,386.1761667039217,386.1761667039217,5742278.132851501,2396.3051001179924,0,40263,,,,
1614,386.17937063805476,386.17937063805476,5742176.389191069,2396.283870744672,0,40263,,,,
1615,386.1942726572784,386.1942726572784,5742156.931773589,2396.279810826271,0,40263,,,,
1616,386.1995132007054,386.1995132007054,5742163.913195738,2396.281267546808,0,40263,,,,
1617,386.230633584184,386.230633584184,5742146.155328713,2396.2775622470604,0,40263,,,,
1618,386.25832650324116,386.25832650324116,5741917.956411594,2396.2299464808452,0,40263,,,,
1619,386.2599905620545,386.2599905620545,5741810.127660631,2396.207446708367,0,40263,,,,
1620,386.25147157439835,386.25147157439835,5741767.468966545,2396.1985453978027,0,40263,,,,
1621,386.27429650050914,386.27429650050914,5741859.176613765,2396.217681391606,0,40263,,,,
1622,386.2795370439361,386.2795370439361,5741815.39256886,2396.2085453000245,0,40263,,,,
1623,386.24864019074585,386.24864019074585,5741884.037428905,2396.222868897821,0,40263,,,,
1624,386.4005662767305,386.4005662767305,5742775.0001738565,2396.4087715107908,0,40263,,,,
1625,386.41067481310387,386.41067481310387,5742753.015845814,2396.4041845744246,0,40263,,,,
1626,386.3947048158359,386.3947048158359,5742732.587437598,2396.399922266231,0,40263,,,,
1627,386.33134639743685,386.33134639743685,5742595.4621116165,2396.3713114022244,0,40263,,,,
1628,386.09524873953757,386.09524873953757,5741955.996895413,2396.23788403727,0,40263,,,,
1629,386.0931127834488,386.0931127834488,5741944.7597297765,2396.235539284437,0,40263,,,,
1630,386.17340983036536,386.17340983036536,5742304.266150063,2396.310552943851,0,40263,,,,
1631,386.1732359734744,386.1732359734744,5742262.217544644,2396.301779314251,0,40263,,,,
1632,387.95430047438094,387.95430047438094,5735729.777214813,2394.9383660576345,0,40263,,,,
1633,386.65635943670367,386.65635943670367,5738553.606412835,2395.5278346145,0,40263,,,,
1634,386.12271812830636,386.12271812830636,5741822.397561036,2396.210006982075,0,40263,,,,
1635,386.125027941286,386.125027941286,5741720.030002732,2396.188646580801,0,40263,,,,
1636,386.1501130069791,386.1501130069791,5741858.113205672,2396.217459498547,0,40263,,,,
1637,386.171745771552,386.171745771552,5741822.101706281,2396.209945248179,0,40263,,,,
1638,386.21583091175523,386.21583091175523,5741541.629982863,2396.151420503901,0,40263,,,,
1639,386.2188113155999,386.2188113155999,5741378.679383056,2396.117417695355,0,40263,,,,
1640,386.2188113155999,386.2188113155999,5741378.679383056,2396.117417695355,0,40263,,,,
1641,386.2188113155999,386.2188113155999,5741378.679383056,2396.117417695355,0,40263,,,,
1642,386.1567195688349,386.1567195688349,5741609.067580657,2396.16549252773,0,40263,,,,
1643,386.182649082284,386.182649082284,5741549.383155751,2396.153038342032,0,40263,,,,
1644,386.14355611852073,386.14355611852073,5741791.830812409,2396.2036288288205,0,40263,,,,
1645,386.1302188113156,386.1302188113156,5741818.363385739,2396.209165199428,0,40263,,,,
1646,386.16128952139684,386.16128952139684,5741487.002111119,2396.140021390887,0,40263,,,,
1647,386.1547326329384,386.1547326329384,5741554.223182575,2396.154048299603,0,40263,,,,
1648,386.21607927874226,386.21607927874226,5741301.818443732,2396.101378999589,0,40263,,,,
1649,386.2129498547053,386.2129498547053,5741389.901100266,2396.119759340143,0,40263,,,,
1650,386.2171720934853,386.2171720934853,5741260.957703102,2396.092852479449,0,40263,,,,
1651,386.25018006606564,386.25018006606564,5741209.952735762,2396.082209093787,0,40263,,,,
1652,386.25107418721905,386.25107418721905,5741158.40362119,2396.0714521109735,0,40263,,,,
1653,386.21933288627275,386.21933288627275,5741328.907557808,2396.107031740821,0,40263,,,,
1654,389.84596279462534,389.84596279462534,5732862.171075181,2394.339610639055,0,40263,,,,
1655,386.444204356357,386.444204356357,5741866.590393165,2396.2192283664626,0,40263,,,,
1656,386.430345478479,386.430345478479,5741834.701065495,2396.2125742649578,0,40263,,,,
1657,386.40997938554005,386.40997938554005,5741995.763976852,2396.2461818387633,0,40263,,,,
1658,386.3801505103942,386.3801505103942,5742148.270372302,2396.278003565593,0,40263,,,,
1659,386.1670267987979,386.1670267987979,5741627.819710404,2396.1694054699897,0,40263,,,,
1660,386.1400293073045,386.1400293073045,5741711.8101979485,2396.186931397037,0,40263,,,,
1661,386.1403273476889,386.1403273476889,5741711.841343169,2396.18693789595,0,40263,,,,
1662,386.1374959640365,386.1374959640365,5741874.884236148,2396.2209589760596,0,40263,,,,
1663,386.18083600327844,386.18083600327844,5741731.528872662,2396.191045987916,0,40263,,,,
1664,386.09194545860964,386.09194545860964,5741573.604699103,2396.1580925930375,0,40263,,,,
1665,386.0885428308869,386.0885428308869,5741624.574895065,2396.168728386018,0,40263,,,,
1666,386.11593770955966,386.11593770955966,5741476.725032909,2396.1378768829036,0,40263,,,,
1667,386.11804882894967,386.11804882894967,5741501.095422597,2396.1429622254586,0,40263,,,,
1668,386.1127586121253,386.1127586121253,5741490.260288603,2396.1407012712343,0,40263,,,,
1669,386.12207237414003,386.12207237414003,5741427.721754464,2396.12765138973,0,40263,,,,
1670,386.1217743337556,386.1217743337556,5741151.7347192215,2396.0700604780363,0,40263,,,,
1671,386.1151926085985,386.1151926085985,5741454.890445322,2396.133320674232,0,40263,,,,
1672,386.1215011300698,386.1215011300698,5741129.089387279,2396.065334957976,0,40263,,,,
1673,386.1215011300698,386.1215011300698,5741129.089387279,2396.065334957976,0,40263,,,,
1674,386.1215011300698,386.1215011300698,5741129.089387279,2396.065334957976,0,40263,,,,
1675,386.1151926085985,386.1151926085985,5741454.890445322,2396.133320674232,0,40263,,,,
1676,386.11750242157814,386.11750242157814,5741086.681146462,2396.05648538311,0,40263,,,,
1677,386.1244070238184,386.1244070238184,5741056.329260115,2396.050151657956,0,40263,,,,
1678,386.12505277798476,386.12505277798476,5741090.592330428,2396.05730155404,0,40263,,,,
1679,386.13866328887565,386.13866328887565,5740980.153813675,2396.034255559314,0,40263,,,,
1680,386.12425800362615,386.12425800362615,5740942.705933487,2396.0264409921456,0,40263,,,,
1681,386.13866328887565,386.13866328887565,5740980.153813675,2396.034255559314,0,40263,,,,
1682,386.13866328887565,386.13866328887565,5740980.153813675,2396.034255559314,0,40263,,,,
1683,386.13866328887565,386.13866328887565,5740980.153813675,2396.034255559314,0,40263,,,,
1684,386.13866328887565,386.13866328887565,5740980.153813675,2396.034255559314,0,40263,,,,
1685,386.1394332265355,386.1394332265355,5741001.798127313,2396.038772250423,0,40263,,,,
1686,386.1389613292601,386.1389613292601,5741007.387998907,2396.0399387320126,0,40263,,,,
1687,386.1372227603507,386.1372227603507,5741088.123661923,2396.056786401759,0,40263,,,,
1688,386.1350371308646,386.1350371308646,5741142.804485508,2396.068196960493,0,40263,,,,
1689,386.14273650746344,386.14273650746344,5741152.896977373,2396.070303012283,0,40263,,,,
1690,386.26264808881604,386.26264808881604,5741636.953903087,2396.1713114681697,0,40263,,,,
1691,386.2150361373966,386.2150361373966,5741838.133671112,2396.213290521341,0,40263,,,,
1692,386.1966569803542,386.1966569803542,5741962.661649654,2396.2392747072763,0,40263,,,,
1693,386.4242356505973,386.4242356505973,5741928.5088294465,2396.232148359054,0,40263,,,,
1694,388.0588381392345,388.0588381392345,5739466.362292924,2395.7183395159213,0,40263,,,,
1695,386.3435908898989,386.3435908898989,5740528.763033058,2395.940058313867,0,40263,,,,
1696,386.10595335667983,386.10595335667983,5741129.2935946155,2396.0653775710325,0,40263,,,,
1697,386.1041899510717,386.1041899510717,5741132.635546283,2396.0660749541703,0,40263,,,,
1698,386.11919131709016,386.11919131709016,5741086.449767777,2396.0564370998814,0,40263,,,,
1699,386.11516777189973,386.11516777189973,5741128.057596304,2396.065119648526,0,40263,,,,
1700,386.1083128430569,386.1083128430569,5741147.535926284,2396.06918429462,0,40263,,,,
1701,386.1094056578,386.1094056578,5741177.247870253,2396.0753844297665,0,40263,,,,
1702,386.12001092814745,386.12001092814745,5741209.59690038,2396.082134840202,0,40263,,,,
1703,386.12001092814745,386.12001092814745,5741209.59690038,2396.082134840202,0,40263,,,,
1704,386.0289099172938,386.0289099172938,5741356.739438194,2396.11283946274,0,40263,,,,
1705,386.0388942701736,386.0388942701736,5741381.010207883,2396.1179040706415,0,40263,,,,
1706,386.0615205026948,386.0615205026948,5741325.63030574,2396.1063478705905,0,40263,,,,
1707,386.0665871892308,386.0665871892308,5741124.804386161,2396.0644407832942,0,40263,,,,
1708,386.03693217097583,386.03693217097583,5741280.520005961,2396.096934601345,0,40263,,,,
1709,386.0337034001441,386.0337034001441,5741280.814867248,2396.096996130843,0,40263,,,,
1710,385.9662965998559,385.9662965998559,5741226.807366565,2396.0857262140194,0,40263,,,,
1711,386.06027866775946,386.06027866775946,5741450.373469438,2396.132378118838,0,40263,,,,
1712,386.0686734719221,386.0686734719221,5741443.377915207,2396.130918358846,0,40263,,,,
1713,385.96055932245486,385.96055932245486,5741301.431090579,2396.101298169712,0,40263,,,,
1714,386.0739388520478,386.0739388520478,5741402.48126071,2396.122384449657,0,40263,,,,
1715,386.07498199339346,386.07498199339346,5741357.218910662,2396.112939514885,0,40263,,,,
1716,385.9768273601073,385.9768273601073,5741331.629361945,2396.1075997045596,0,40263,,,,
1717,387.98452673670613,387.98452673670613,5733815.802573082,2394.538745264541,0,40263,,,,
1718,386.3293594615404,386.3293594615404,5740258.7021583095,2395.883699631163,0,40263,,,,
1719,385.9743933636341,385.9743933636341,5741284.387874723,2396.0977417197996,0,40263,,,,
1720,385.9743933636341,385.9743933636341,5741284.387874723,2396.0977417197996,0,40263,,,,
1721,386.0797009661476,386.0797009661476,5741318.098477511,2396.10477618937,0,40263,,,,
1722,386.0815388818518,386.0815388818518,5741607.289695254,2396.1651215421807,0,40263,,,,
1723,386.1433325882324,386.1433325882324,5741496.476392718,2396.1419983783762,0,40263,,,,
1724,386.17298760648737,386.17298760648737,5741401.372153093,2396.122153011631,0,40263,,,,
1725,386.1727392395003,386.1727392395003,5741340.032461565,2396.1093531935403,0,40263,,,,
1726,386.1727392395003,386.1727392395003,5741340.032461565,2396.1093531935403,0,40263,,,,
1727,386.1727392395003,386.1727392395003,5741340.032461565,2396.1093531935403,0,40263,,,,
1728,386.1727392395003,386.1727392395003,5741340.032461565,2396.1093531935403,0,40263,,,,
1729,386.17298760648737,386.17298760648737,5741859.580483322,2396.217765663906,0,40263,,,,
1730,386.16474182251693,386.16474182251693,5741810.919429749,2396.2076119213352,0,40263,,,,
1731,386.14983980329333,386.14983980329333,5741714.240791794,2396.1874385764972,0,40263,,,,
1732,386.13744629063905,386.13744629063905,5741521.587909495,2396.1472383619284,0,40263,,,,
1733,386.11919131709016,386.11919131709016,5741462.743784616,2396.1349594262456,0,40263,,,,
1734,386.03211385142686,386.03211385142686,5741248.032262872,2396.090155286915,0,40263,,,,
1735,385.997044432854,385.997044432854,5741407.372699501,2396.1234051483034,0,40263,,,,
1736,389.00221046618486,389.00221046618486,5732522.294662594,2394.2686346069427,0,40263,,,,
1737,385.9742691801406,385.9742691801406,5741247.61503117,2396.090068221804,0,40263,,,,
1738,385.9968209025656,385.9968209025656,5741050.7847403325,2396.048994645212,0,40263,,,,
1739,385.9683332091498,385.9683332091498,5740960.312967241,2396.030115204573,0,40263,,,,
1740,385.9579017956933,385.9579017956933,5740856.253408837,2396.0084001123278,0,40263,,,,
1741,386.02540794277627,386.02540794277627,5740773.30191491,2395.9910896985634,0,40263,,,,
1742,386.0260288602439,386.0260288602439,5740720.185232099,2395.980005182034,0,40263,,,,
1743,386.03497007177805,386.03497007177805,5740754.33291111,2395.9871312073255,0,40263,,,,
1744,386.0393164940516,386.0393164940516,5740784.324888856,2395.9933899927305,0,40263,,,,
1745,386.01974517547126,386.01974517547126,5740683.189156298,2395.9722847220705,0,40263,,,,
1746,386.09860169386286,386.09860169386286,5740829.8816779675,2396.002896842566,0,40263,,,,
1747,386.3891662320244,386.3891662320244,5741652.273079502,2396.1745080606092,0,40263,,,,
1748,386.6848222934208,386.6848222934208,5742247.098353327,2396.298624619504,0,40263,,,,
1749,386.24364801430596,386.24364801430596,5741180.142612324,2396.0759884887466,0,40263,,,,
1750,387.04694136055434,387.04694136055434,5743270.466954772,2396.5121462147386,0,40263,,,,
1751,386.01788242306833,386.01788242306833,5740600.166256861,2395.954959146115,0,40263,,,,
1752,386.017907259767,386.017907259767,5740599.97404565,2395.954919034507,0,40263,,,,
1753,386.03837269950077,386.03837269950077,5740640.708615851,2395.9634197157206,0,40263,,,,
1754,386.0389936169684,386.0389936169684,5740610.571691131,2395.957130603787,0,40263,,,,
1755,386.05101457914213,386.05101457914213,5740503.791620098,2395.934847115025,0,40263,,,,
1756,386.05401981968555,386.05401981968555,5740519.780071033,2395.9381836915227,0,40263,,,,
1757,386.06509698730844,386.06509698730844,5740617.003775178,2395.9584728820278,0,40263,,,,
1758,386.05931003650994,386.05931003650994,5740680.360430172,2395.97169441339,0,40263,,,,
1759,386.06149566599606,386.06149566599606,5740681.556267541,2395.971943965025,0,40263,,,,
1760,386.05886297593327,386.05886297593327,5740674.5984154185,2395.9704919751034,0,40263,,,,
1761,386.0592603631125,386.0592603631125,5740659.287186747,2395.9672967690412,0,40263,,,,
1762,386.01500136601845,386.01500136601845,5740681.131162606,2395.971855252604,0,40263,,,,
1763,386.0329582991829,386.0329582991829,5740716.183915754,2395.979170175683,0,40263,,,,
1764,386.02170727466904,386.02170727466904,5740586.762138937,2395.9521619053535,0,40263,,,,
1765,386.0212353773936,386.0212353773936,5740538.794451482,2395.9421517331093,0,40263,,,,
1766,386.0412040831533,386.0412040831533,5740638.327968607,2395.962922911915,0,40263,,,,
1767,386.05483943074285,386.05483943074285,5740549.681990909,2395.944423810976,0,40263,,,,
1768,386.07960161935273,386.07960161935273,5740408.882870129,2395.9150408288956,0,40263,,,,
1769,386.08330228745996,386.08330228745996,5740299.296276979,2395.8921712541614,0,40263,,,,
1770,386.0350942552716,386.0350942552716,5740326.417927129,2395.8978312789404,0,40263,,,,
1771,386.038521719693,386.038521719693,5740163.88324268,2395.8639116700015,0,40263,,,,
1772,386.0670590865062,386.0670590865062,5740259.15813526,2395.883794789568,0,40263,,,,
1773,386.03765243523833,386.03765243523833,5740387.450264511,2395.910568085652,0,40263,,,,
1774,386.2164518292229,386.2164518292229,5739224.591088592,2395.667879963454,0,40263,,,,
1775,386.49308297941036,386.49308297941036,5725882.534013859,2392.8816381120605,0,40263,,,,
1776,386.61706777935075,386.61706777935075,5722892.206318456,2392.256718313997,0,40263,,,,
1777,386.17380721754466,386.17380721754466,5733870.570647989,2394.550181275805,0,40263,,,,
1778,385.9669175173236,385.9669175173236,5736067.69748901,2395.0089138642074,0,40263,,,,
1779,386.2351787000472,386.2351787000472,5735752.9635894,2394.9432067565613,0,40263,,,,
1780,386.0014653652237,386.0014653652237,5740542.226038795,2395.9428678578283,0,40263,,,,
1781,386.0537714526985,386.0537714526985,5740488.409383304,2395.9316370429488,0,40263,,,,
1782,386.03765243523833,386.03765243523833,5740457.507140551,2395.92518813517,0,40263,,,,
1783,386.0268484713012,386.0268484713012,5740355.528524948,2395.9039063628884,0,40263,,,,
1784,386.02674912450635,386.02674912450635,5740666.05183419,2395.968708442201,0,40263,,,,
1785,386.4740580682016,386.4740580682016,5739308.239351265,2395.6853381342185,0,40263,,,,
1786,386.71440280157964,386.71440280157964,5738625.304572436,2395.5427995701593,0,40263,,,,
1787,386.3523085711447,386.3523085711447,5739841.532945881,2395.7966384787087,0,40263,,,,
1788,386.00516603333085,386.00516603333085,5740023.266820654,2395.834565828921,0,40263,,,,
1789,385.9985346347763,385.9985346347763,5740341.650920199,2395.9010102506736,0,40263,,,,
1790,386.0026823634602,386.0026823634602,5740360.635124059,2395.9049720562916,0,40263,,,,
1791,386.01095298412935,386.01095298412935,5740375.60412786,2395.9080959268576,0,40263,,,,
1792,386.00476864615155,386.00476864615155,5740026.384720463,2395.835216520632,0,40263,,,,
1793,385.99940391923104,385.99940391923104,5740372.345528153,2395.9074158923904,0,40263,,,,
1794,385.9963986786876,385.9963986786876,5740358.84208827,2395.9045978686777,0,40263,,,,
1795,385.99788888061,385.99788888061,5740330.366962223,2395.8986554030666,0,40263,,,,
1796,385.99744182003326,385.99744182003326,5740330.268310856,2395.8986348155167,0,40263,,,,
1797,388.7487022824926,388.7487022824926,5732315.215582545,2394.2253894699525,0,40263,,,,
1798,386.0342001341182,386.0342001341182,5739911.581427117,2395.8112574714887,0,40263,,,,
1799,386.03621190671333,386.03621190671333,5740031.152472493,2395.8362115287623,0,40263,,,,
1800,371.74929855160383,371.74929855160383,5145390.116326685,2268.345237464237,0,39561,424.9415244596132,6947888.04960182,2635.884680634155,0
1801,371.4056773084603,371.4056773084603,5145336.581077323,2268.333436926177,0,39561,422.7638225255973,6939971.282138794,2634.38252388274,0
1802,371.9499759864513,371.9499759864513,5144178.97168929,2268.0782551951975,0,39561,423.40136518771334,6940334.293287827,2634.45142169823,0
1803,372.02970096812516,372.02970096812516,5143665.952453174,2267.965156798749,0,39561,423.72810011376566,6945096.32923777,2635.3550670142668,0
1804,372.7762190035641,372.7762190035641,5138793.825686914,2266.890783802103,0,39561,425.17224118316267,6932042.025028441,2632.8771382327054,0
1805,375.7287227319835,375.7287227319835,5141549.647481105,2267.4985440967994,0,39561,426.8175199089875,6940812.144482367,2634.5421128694006,0
1806,372.34458178509135,372.34458178509135,5146050.282854326,2268.490750004136,0,39561,425.23936291240045,6941291.73083049,2634.633130215759,0
1807,371.23295669978006,371.23295669978006,5145182.569222214,2268.2994884322957,0,39561,422.37906712172924,6944311.12400455,2635.2060875773172,0
1808,373.91559869568516,373.91559869568516,5140721.8871363215,2267.3160095443955,0,39561,425.6018202502844,6937532.502844141,2633.919608272838,0
1809,375.4493314122494,375.4493314122494,5146166.731756022,2268.5164164616535,0,39561,427.29692832764505,6945633.036632537,2635.456893336056,0
1810,372.8700235080003,372.8700235080003,5147420.992164,2268.792849108089,0,39561,424.4316268486917,6946257.209783846,2635.5753090708386,0
1811,373.0371578069311,373.0371578069311,5143331.021586916,2267.891316087902,0,39561,424.6273037542662,6938514.680546075,2634.106049601283,0
1812,372.4707919415586,372.4707919415586,5142943.627132783,2267.805905965672,0,39561,424.50125142207054,6941506.189078499,2634.673829732724,0
1813,372.375673011299,372.375673011299,5143043.529991658,2267.827932183493,0,39561,424.4732650739477,6935438.898293516,2633.5221469153275,0
1814,375.41786102474657,375.41786102474657,5142851.83327014,2267.785667401163,0,39561,426.2880546075085,6944696.313083049,2635.2791717544933,0
1815,373.0254038067794,373.0254038067794,5144674.367280908,2268.187462993504,0,39561,424.12696245733787,6944946.9178612055,2635.3267193767847,0
1816,372.5345163165744,372.5345163165744,5141417.890447663,2267.469490521904,0,39561,424.1344709897611,6949095.437770193,2636.1136997045846,0
1817,373.95710421880136,373.95710421880136,5144415.2293167515,2268.1303378149923,0,39561,425.97474402730376,6943109.098748578,2634.9780072608914,0
1818,375.1098809433533,375.1098809433533,5137852.141300776,2266.683070325619,0,39561,427.1906712172924,6934312.693287827,2633.308317172113,0
1819,374.77257905513005,374.77257905513005,5141854.4537802385,2267.5657551172003,0,39561,427.23253697383393,6946651.33811149,2635.65007884421,0
1820,375.01306842597506,375.01306842597506,5141269.15977857,2267.4366936650226,0,39561,428.29260523321955,6938337.383845279,2634.0723953310926,0
1821,376.74292864184423,376.74292864184423,5141397.909077121,2267.4650844229377,0,39561,428.91422070534696,6937596.406370876,2633.9317391251575,0
1822,377.44943252192814,377.44943252192814,5135889.708576629,2266.250142543102,0,39561,428.42593856655293,6925902.606143345,2631.7109655399745,0
1823,375.2267637319582,375.2267637319582,5141743.98579409,2267.5413967101217,0,39561,428.06825938566556,6943641.015699659,2635.078939178039,0
1824,373.44212734764034,373.44212734764034,5135603.349207553,2266.1869625446957,0,39561,426.20773606370875,6933196.786120592,2633.0964255265303,0
1825,376.70314198326633,376.70314198326633,5144087.268850636,2268.058039127446,0,39561,428.57952218430034,6942038.959499431,2634.774935264762,0
1826,372.98746239983825,372.98746239983825,5140802.603093957,2267.3338093659604,0,39561,424.7117178612059,6944810.295790671,2635.3007979717745,0
1827,372.89671646318345,372.89671646318345,5146243.866105508,2268.5334174539967,0,39561,425.26598407281,6953266.106484641,2636.904644935922,0
1828,374.5200070776775,374.5200070776775,5141284.129319279,2267.4399946457856,0,39561,430.17906712172925,6941016.453469852,2634.580887630868,0
1829,384.43894239276057,384.43894239276057,5142474.114683653,2267.70238670855,0,39561,435.34311717861203,6944129.501478953,2635.171626569881,0
1830,373.7642375066353,373.7642375066353,5135855.48638811,2266.242592130884,0,39561,426.41751990898746,6939162.610011376,2634.229035222901,0
1831,377.5950557367104,377.5950557367104,5137168.752407675,2266.5323188535554,0,39561,430.1786120591581,6936959.552445961,2633.8108421915877,0
1832,374.38669396627995,374.38669396627995,5144438.8955284245,2268.1355549279733,0,39561,426.50125142207054,6950581.963367463,2636.3956386262407,0
1833,375.7269533126059,375.7269533126059,5139177.067667653,2266.975312540402,0,39561,428.75062571103524,6934417.138339021,2633.328148624668,0
1834,377.7001339703243,377.7001339703243,5145388.9544500895,2268.3449813575735,0,39561,428.8145620022753,6945729.515358361,2635.4751972572917,0
1835,379.83364930107933,379.83364930107933,5145571.243017113,2268.385161963707,0,39561,430.14357224118316,6947590.738794085,2635.82828325255,0
1836,372.21422613179647,372.21422613179647,5145751.019766943,2268.4247882102995,0,39561,424.4953356086462,6942653.802275313,2634.891611105723,0
1837,376.4833042643007,376.4833042643007,5135937.942721367,2266.260784358536,0,39561,427.4141069397042,6934181.604778157,2633.283426594668,0
1838,375.6915396476328,375.6915396476328,5132278.688784409,2265.4533075710056,0,39561,427.3494880546075,6926357.685779295,2631.7974249131134,0
1839,375.7402492353581,375.7402492353581,5139936.955941457,2267.142905937219,0,39561,427.5647326507395,6931706.545392492,2632.813427759835,0
1840,375.11066454336344,375.11066454336344,5136047.647506382,2266.2849881483094,0,39561,427.3155858930603,6930282.916040956,2632.543051127741,0
1841,375.36151765627767,375.36151765627767,5138494.300219914,2266.8247175774122,0,39561,427.16200227531283,6935743.835949943,2633.5800416827933,0
1842,373.35443997876695,373.35443997876695,5143364.715072925,2267.898744448906,0,39561,425.0521046643914,6941443.278725825,2634.6618907795028,0
1843,373.94545132832843,373.94545132832843,5142817.485907839,2267.77809450304,0,39561,427.1412969283276,6937849.400227531,2633.979764582016,0
1844,374.9709309673668,374.9709309673668,5141036.151538131,2267.3853116614587,0,39561,425.97474402730376,6937920.248691695,2633.993213486264,0
1845,376.33277723010036,376.33277723010036,5140973.061323021,2267.371399070523,0,39561,428.3358361774744,6942897.747440273,2634.9379020083707,0
1846,372.88632744369454,372.88632744369454,5145770.150400647,2268.429004928443,0,39561,424.53424345847554,6940157.690557452,2634.4179035524057,0
1847,374.006496296858,374.006496296858,5142947.559995956,2267.8067730730404,0,39561,427.38339021615474,6945404.8705346985,2635.413605211656,0
1848,376.4008240438816,376.4008240438816,5140173.194686687,2267.195005879884,0,39561,428.02935153583616,6933850.655517634,2633.220586186739,0
1849,376.5374232198377,376.5374232198377,5141717.41545967,2267.5355378603595,0,39561,428.4971558589306,6947002.58589306,2635.716711995631,0
1850,375.323374029979,375.323374029979,5140659.688430525,2267.3022931295523,0,39561,426.9956769055745,6938781.625938566,2634.15672007923,0
1851,372.35034503677866,372.35034503677866,5143502.807916888,2267.929189352456,0,39561,424.441638225256,6937022.1185438,2633.822719649863,0
1852,371.4201612699376,371.4201612699376,5140828.384242057,2267.3394947034412,0,39561,421.9217292377702,6936626.048236633,2633.7475293271054,0
1853,374.06817320087964,374.06817320087964,5141190.250676171,2267.419293089871,0,39561,425.90352673492606,6940887.022525597,2634.556323657856,0
1854,375.1185005434645,375.1185005434645,5143367.2379616285,2267.8993006660653,0,39561,426.9697383390216,6947043.422070535,2635.7244586774495,0
1855,375.91031571497183,375.91031571497183,5144567.422967063,2268.163888030815,0,39561,426.4386803185438,6941196.21069397,2634.6150023663745,0
1856,374.02257273577516,374.02257273577516,5145304.560880666,2268.3263788266154,0,39561,425.21569965870304,6943334.997724687,2635.02087235086,0
1857,376.5944996334774,376.5944996334774,5137180.905260231,2266.534999787171,0,39561,428.5428896473265,6929520.642093288,2632.398268137496,0
1858,374.97333232223656,374.97333232223656,5141442.249791461,2267.474861997694,0,39561,426.27895335608645,6935114.547440273,2633.460565005725,0
1859,372.71856120927174,372.71856120927174,5148116.695457648,2268.9461640721333,0,39561,425.31080773606374,6928352.908077361,2632.17645838522,0
1860,374.3782007532671,374.3782007532671,5143331.259371603,2267.891368512082,0,39561,426.1740614334471,6944396.837542662,2635.22235068365,0
1861,374.62195091125096,374.62195091125096,5140928.377113824,2267.361545301901,0,39561,425.64982935153586,6927352.093060296,2631.9863398316293,0
1862,375.012916761457,375.012916761457,5138955.725234448,2266.9264931255375,0,39561,427.1415244596132,6944375.21934016,2635.2182489008683,0
1863,374.005313733767,374.005313733767,5103836.908400169,2259.1673042074967,0,40273,418.1385784532857,6538950.522574877,2557.1371732026573,0
1864,374.14769200208576,374.14769200208576,5106267.138380553,2259.705099870457,0,40273,416.766875279392,6540997.766875279,2557.53744193028,0
1865,374.75971494549697,374.75971494549697,5104202.707322524,2259.2482615512895,0,40273,419.44479213232006,6540085.0442557,2557.358997922603,0
1866,374.8867479452735,374.8867479452735,5102182.981451593,2258.801226635844,0,40273,417.2545820295038,6546208.963567277,2558.556030961073,0
1867,372.2209669009014,372.2209669009014,5102109.502172671,2258.7849614721345,0,40273,414.96513187304424,6539025.555654895,2557.15184446581,0
1868,374.19511831748315,374.19511831748315,5106126.328110645,2259.67394287553,0,40273,417.61578006258384,6543627.434286991,2558.0514917192327,0
1869,374.4041417326745,374.4041417326745,5104326.281826534,2259.2756099746957,0,40273,416.9034421099687,6546165.459991059,2558.547529359394,0
1870,373.1815608472177,373.1815608472177,5103367.653638914,2259.0634461295936,0,40273,415.03509164059005,6548296.416852928,2558.9639342618584,0
1871,374.3831847639858,374.3831847639858,5100311.840339682,2258.3869996835533,0,40273,417.2474295932052,6543249.601922217,2557.977639058289,0
1872,374.39202443324314,374.39202443324314,5099820.178183895,2258.2781445570195,0,40273,417.25502905677246,6540150.993518105,2557.3718919074136,0
1873,373.14071462270005,373.14071462270005,5104619.76227249,2259.340559161564,0,40273,416.40925346446136,6545765.618462226,2558.4693897841003,0
1874,372.73456161696424,372.73456161696424,5106790.397214014,2259.8208772409407,0,40273,416.12360303978545,6558095.17590523,2560.8778135446505,0
1875,370.6220048171231,370.6220048171231,5105703.881012092,2259.580465708644,0,40273,414.5572194903889,6541143.928252123,2557.5660164015558,0
1876,371.56117001465003,371.56117001465003,5109679.151863531,2260.4599425478727,0,40273,415.60214573088956,6552449.986142155,2559.7753780638945,0
1877,370.0784644799245,370.0784644799245,5106263.968018276,2259.7043983712283,0,40273,414.908359409924,6548014.809119356,2558.908909890963,0
1878,371.89124227149705,371.89124227149705,5109361.474039679,2260.389673051901,0,40273,414.65467143495755,6555176.548725972,2560.3079011568066,0
1879,373.7120154942517,373.7120154942517,5112623.719117026,2261.1111691195165,0,40273,417.365891819401,6553671.4311578,2560.013951359992,0
1880,374.82241203784173,374.82241203784173,5106171.753060363,2259.683994070933,0,40273,420.4854716137684,6550899.902101028,2559.472582799243,0
1881,372.6858441139225,372.6858441139225,5109527.633178556,2260.42642728724,0,40273,414.70831470719713,6549701.033303532,2559.2383697701025,0
1882,376.710029051722,376.710029051722,5113210.790330991,2261.240984577051,0,40273,420.60482789450157,6559204.636119803,2561.0944215549343,0
1883,375.62962779033097,375.62962779033097,5108104.883073026,2260.1116970346898,0,40273,419.62360303978545,6550693.604380867,2559.432281655615,0
1884,372.6740992724654,372.6740992724654,5107293.1358974995,2259.932108692095,0,40273,416.50894054537326,6561861.356057219,2561.613037923023,0
1885,371.5642241700395,371.5642241700395,5111001.854940034,2260.7524974972457,0,40273,415.6696468484578,6545744.127402771,2558.4651897969557,0
1886,372.62466168400664,372.62466168400664,5102594.794105232,2258.892382143344,0,40273,415.5900759946357,6548406.524810013,2558.9854483388553,0
1887,372.6641173987535,372.6641173987535,5090673.843766295,2256.2521675925977,0,40273,417.3033080017881,6525985.893831024,2554.6009265306047,0
1888,372.71290939339013,372.71290939339013,5101427.769895463,2258.6340495740924,0,40273,416.77603933839964,6539537.9852481,2557.2520378813074,0
1889,376.2886052690388,376.2886052690388,5104399.992476349,2259.2919228104074,0,40273,419.23871256146623,6537173.476978095,2556.7896818037448,0
1890,370.88039132917834,370.88039132917834,5113596.736274923,2261.3263223769636,0,40273,414.90567724631205,6563260.676352258,2561.886156009329,0
1891,373.6017927643831,373.6017927643831,5101041.566732054,2258.5485531048594,0,40273,417.05967814036654,6540593.700268216,2557.4584454626465,0
1892,375.89961016065354,375.89961016065354,5108788.022124004,2260.2628214709907,0,40273,419.9190880643719,6550504.728654448,2559.3953834166473,0
1893,370.573510788866,370.573510788866,5103941.078812107,2259.190359135792,0,40273,414.2581582476531,6548835.525480554,2559.0692693791143,0
1894,370.00682839619594,370.00682839619594,5109051.239664291,2260.3210479187,0,40273,413.59924005364326,6549294.70786768,2559.158984484489,0
1895,376.2350209817992,376.2350209817992,5102237.697489633,2258.8133383459626,0,40273,420.1616003576218,6544605.708761735,2558.2426993469044,0
1896,373.71606287090606,373.71606287090606,5102535.014650013,2258.8791500764296,0,40273,415.6030397854269,6543261.319624498,2557.9799294803893,0
1897,371.76336503364536,371.76336503364536,5099333.770118938,2258.1704475346714,0,40273,414.6110862762628,6535959.185516316,2556.552206687029,0
1898,374.07714846174855,374.07714846174855,5102499.27745636,2258.871239680642,0,40273,417.3857845328565,6540134.315154225,2557.3686310647954,0
1899,373.2812306011472,373.2812306011472,5100056.69081022,2258.330509648714,0,40273,416.44099240053646,6541048.548725972,2557.547369791217,0
1900,375.4633625505922,375.4633625505922,5087365.783825392,2255.5189610875345,0,40273,418.5015645954403,6521834.50737595,2553.788265964105,0
1901,373.58582673255034,373.58582673255034,5091988.331537258,2256.5434477397635,0,40273,417.33437639696024,6524555.556995977,2554.320958101385,0
1902,371.1381074168798,371.1381074168798,5098683.587937328,2258.0264807874437,0,40273,415.2869915064819,6538463.416182387,2557.0419269504337,0
1903,371.42249149554294,371.42249149554294,5102365.527127355,2258.8416339193313,0,40273,415.28833258828786,6542738.305766651,2557.8776956232,0
1904,369.5053758100961,369.5053758100961,5106456.41938768,2259.746981276373,0,40273,413.7313366115333,6545727.028609745,2558.4618481833463,0
1905,371.33590743177814,371.33590743177814,5103519.685968267,2259.0970952945486,0,40273,414.6072865444792,6546783.8683504695,2558.6683779557034,0
1906,371.76140342164723,371.76140342164723,5090924.058525563,2256.307616112121,0,40273,414.8261063924899,6541783.251229325,2557.6909999508002,0
1907,371.15601023017905,371.15601023017905,5104735.989769821,2259.366280568474,0,40273,415.02570406794814,6546657.231783639,2558.643631259273,0
1908,371.56591264618976,371.56591264618976,5098373.605293869,2257.9578395740405,0,40273,415.39584264640143,6535809.495976754,2556.52293085291,0
1909,370.88175700841754,370.88175700841754,5102841.267722792,2258.946937783797,0,40273,415.0455967814037,6544636.287438534,2558.248675840278,0
1910,372.7546495170462,372.7546495170462,5098171.592481315,2257.9131056090964,0,40273,416.41081805990166,6532978.400536433,2555.9691704980387,0
1911,373.2197750353835,373.2197750353835,5104994.203511037,2259.4234228030473,0,40273,415.75368797496645,6543148.607063031,2557.957897828467,0
1912,375.2157276587292,375.2157276587292,5106718.829016959,2259.8050422585043,0,40273,421.39874832364774,6553414.573088959,2559.9637835502594,0
1913,373.45874407171056,373.45874407171056,5098933.681126313,2258.081858818744,0,40273,417.4257934734019,6537133.110639249,2556.7817878417486,0
1914,373.19563975864725,373.19563975864725,5102212.4268865,2258.8077445605013,0,40273,418.3947250782298,6546724.746535539,2558.656824690552,0
1915,372.6547562883321,372.6547562883321,5103383.995406352,2259.067063060845,0,40273,416.0654894948592,6541978.25279392,2557.7291202928272,0
1916,371.56062374295436,371.56062374295436,5099594.363096864,2258.2281468214996,0,40273,415.3931604827894,6538740.103486813,2557.0960293830994,0
1917,371.711146425645,371.711146425645,5100525.25128498,2258.4342477222976,0,40273,416.22127849798835,6545569.52033974,2558.431066169214,0
1918,370.8461251955404,370.8461251955404,5108916.811014824,2260.2913110957234,0,40273,415.3694680375503,6547814.682387126,2558.8698056734197,0
1919,377.8349266257791,377.8349266257791,5108020.779430388,2260.0930908770965,0,40273,421.7094322753688,6544998.218596335,2558.3194129342673,0
1920,372.12467409927245,372.12467409927245,5100433.065304298,2258.413838361849,0,40273,416.72396066160036,6534695.774474743,2556.305101992863,0
1921,374.81692449035336,374.81692449035336,5103367.3500856655,2259.063378943952,0,40273,419.8924899418865,6543728.135225749,2558.07117477715,0
1922,372.11643036277405,372.11643036277405,5105821.4347329475,2259.6064778480672,0,40273,415.5643719266875,6543627.094993294,2558.051425400454,0
1923,374.9575646214586,374.9575646214586,5085549.008318228,2255.1161851040465,0,40273,418.85382208314707,6515199.783638802,2552.4889389846144,0
1924,373.85998063218534,373.85998063218534,5101767.625630075,2258.709283115044,0,40273,417.86857398301294,6540287.699150648,2557.3986195254442,0
1925,371.0829091450848,371.0829091450848,5109860.785290393,2260.50011840088,0,40273,415.3223066607063,6543730.628967367,2558.0716622032633,0
1926,372.55960569115786,372.55960569115786,5100849.1231594365,2258.5059493300955,0,40273,416.5851586946804,6532486.089405454,2555.872862527683,0
1927,376.5419015221116,376.5419015221116,5094423.351476175,2257.0829296851666,0,40273,420.1917746982566,6524738.169870362,2554.3567037260796,0
1928,372.22595783775733,372.22595783775733,5106783.587515209,2259.819370550489,0,40273,416.0793473401877,6551339.857174788,2559.558527788491,0
1929,374.3498373600179,374.3498373600179,5101018.05653912,2258.543348386105,0,40273,418.01251676352257,6539093.696915512,2557.165168094449,0
1930,374.8471929084002,374.8471929084002,5097744.988428973,2257.8186349724756,0,40273,418.7389360751006,6536913.621367903,2556.7388645240844,0
1931,371.5058475901969,371.5058475901969,5100616.487944777,2258.454446727845,0,40273,415.5757711220384,6538368.044702726,2557.023278091681,0
1932,372.62304769945126,372.62304769945126,5102037.873811238,2258.769105909508,0,40273,417.2306660706303,6540761.55967814,2557.4912628742527,0
1933,371.5721699401584,371.5721699401584,5096286.102351451,2257.4955376149587,0,40273,416.1649530621368,6529579.826106393,2555.304253138243,0
1934,371.78186377970354,371.78186377970354,5106439.102947384,2259.7431497733064,0,40273,415.8933839964238,6531978.580911935,2555.773577786564,0
1935,373.3410473518238,373.3410473518238,5095618.849750454,2257.347746748483,0,40273,418.15333035315155,6534455.622708986,2556.2581291233064,0
1936,374.2270752116803,374.2270752116803,5103749.814838726,2259.1480285361395,0,40273,414.7123379526151,6554856.045820295,2560.2453096959857,0
1937,370.84443671939016,370.84443671939016,5110507.55677501,2260.6431732529154,0,40273,414.82208314707196,6557900.855610192,2560.8398730905046,0
1938,370.67442206937653,370.67442206937653,5114178.259603208,2261.454898865597,0,40273,413.9754135002235,6560998.516316495,2561.444615117902,0
1939,372.5988379311201,372.5988379311201,5105341.217912746,2259.5002141873642,0,40273,416.5265981224855,6548454.030397854,2558.994730435734,0
1940,377.32383979341,377.32383979341,5108828.042981651,2260.2716745961425,0,40273,420.96379079123824,6545132.737594993,2558.345703300278,0
1941,370.56253569388923,370.56253569388923,5108322.9542125,2260.159939962767,0,40273,414.2425122932499,6552734.68015199,2559.830986637983,0
1942,374.5041094529834,374.5041094529834,5095387.121793757,2257.296418681817,0,40273,415.8229772016093,6544453.653553867,2558.212980491239,0
1943,370.93730290765524,370.93730290765524,5106373.144935813,2259.7285555871113,0,40273,415.7869915064819,6547326.510728654,2558.774415756234,0
1944,373.84033968167256,373.84033968167256,5103010.407717329,2258.984375270739,0,40273,418.45127402771567,6540265.1021457305,2557.3942015547254,0
1945,370.8792242941921,370.8792242941921,5106171.322498945,2259.6838988006584,0,40273,415.274251229325,6539285.323871256,2557.202636450865,0
1946,373.9190028058501,373.9190028058501,5097093.802646935,2257.67442352677,0,40273,418.53352704514975,6534887.566607063,2556.3426152624893,0
1947,370.55801653713405,370.55801653713405,5106168.171256176,2259.683201525421,0,40273,415.2539114886008,6544377.908806438,2558.1981762182613,0
1948,373.69850768504955,373.69850768504955,5110862.917438482,2260.7217691344686,0,40273,417.8354939651319,6562580.7872150205,2561.7534594911785,0
1949,372.5161274302883,372.5161274302883,5103947.476224766,2259.1917749993618,0,40273,417.0158694680375,6555898.204067948,2560.4488286368755,0
1950,373.5869441064733,373.5869441064733,5107175.311573511,2259.906040430334,0,40273,417.6452838623156,6548885.508046491,2559.079035130899,0
1951,372.8483351128548,372.8483351128548,5108408.96682641,2260.1789678754226,0,40273,416.1135449262405,6544661.959767546,2558.253693394685,0
1952,372.32071114642565,372.32071114642565,5105797.031559606,2259.601077969208,0,40273,415.7396066160036,6536595.998882432,2556.6767490010216,0
1953,372.53256524222184,372.53256524222184,5105360.012216622,2259.5043731350956,0,40273,415.5467143495753,6545163.942333482,2558.35180190948,0
1954,372.6611377349589,372.6611377349589,5107426.430561419,2259.961599355489,0,40273,416.2092087617345,6549596.416182387,2559.2179305761333,0
1955,370.5531745834678,370.5531745834678,5106849.370695007,2259.8339254677558,0,40273,414.5268216361198,6553518.278274475,2559.9840386757246,0
1956,373.0778933776972,373.0778933776972,5105851.443994736,2259.613118211774,0,40273,417.1975860527492,6549284.172999553,2559.1569262160447,0
1957,370.7715839396121,370.7715839396121,5099438.1435701335,2258.193557596455,0,40273,415.0129637907912,6540078.644613322,2557.3577467013333,0
1958,371.6582573932908,371.6582573932908,5112719.318724704,2261.1323089825382,0,40273,415.69736253911486,6561490.497094323,2561.5406491200415,0
1959,371.80056117001465,371.80056117001465,5100091.925756711,2258.3383107401582,0,40273,415.83728207420654,6542272.822977202,2557.786703964426,0
1960,373.8178928810866,373.8178928810866,5106073.8095498225,2259.662322018452,0,40273,417.3527045149754,6543554.566830576,2558.0372489138185,0
1961,372.3097857125121,372.3097857125121,5108623.914632632,2260.2265184340777,0,40273,415.9646848457756,6555783.738936075,2560.4264759871694,0
1962,374.0172075584138,374.0172075584138,5097415.545030169,2257.7456776683616,0,40273,417.9624497094323,6537677.399642378,2556.888225879727,0
1963,369.86047724281775,369.86047724281775,5106835.025972736,2259.8307516211776,0,40273,415.75793473401876,6536597.2577112205,2556.676995185591,0
1964,374.7251508454796,374.7251508454796,5092663.114741887,2256.692959784713,0,40273,418.8312472060796,6521484.078006258,2553.7196553275494,0
1965,370.5038114866039,370.5038114866039,5113710.842152311,2261.3515520927544,0,40273,414.6146624944122,6561754.303531515,2561.592142307498,0
1966,372.11700146500135,372.11700146500135,5108721.709234475,2260.24815213606,0,40273,415.31940098346,6546505.774474743,2558.6140339009207,0
1967,373.2099173143297,373.2099173143297,5108833.871154372,2260.272963859536,0,40273,418.08784085829234,6551391.142378185,2559.5685461378416,0
1968,374.7399001812629,374.7399001812629,5106247.850122911,2259.7008319958886,0,40273,418.997988377291,6549205.429369692,2559.1415414880225,0
1969,371.9446527450153,371.9446527450153,5108415.216820202,2260.180350507499,0,40273,415.5203397407242,6558305.531068395,2560.9188841250702,0
1970,372.10096094157376,372.10096094157376,5103505.836118491,2259.0940299417575,0,40273,416.0062583817613,6531103.539114886,2555.6023828277525,0
1971,371.60603878529037,371.60603878529037,5105581.567303156,2259.5533999671607,0,40273,416.0677246312025,6540396.280956638,2557.419848393423,0
1972,371.027239093189,371.027239093189,5108399.752290617,2260.1769294218134,0,40273,414.55543138131424,6555312.25458203,2560.334402882176,0
1973,369.7577533334989,369.7577533334989,5110151.830804758,2260.5644938388195,0,40273,413.16674117121147,6550245.422887797,2559.3447252935266,0
1974,374.8694658952648,374.8694658952648,5108417.655699848,2260.1808900395226,0,40273,418.9139472507823,6548011.285873938,2558.908221463587,0
1975,370.9735554838229,370.9735554838229,5108367.9395624865,2260.1698917476283,0,40273,415.19579794367456,6557631.458202951,2560.7872731257767,0
1976,373.56613612097436,373.56613612097436,5112049.930002731,2260.984283448855,0,40273,416.71390254805544,6549189.234689316,2559.138377401526,0
1977,371.5502942417997,371.5502942417997,5101743.882626077,2258.704027230234,0,40273,416.0860527492177,6547925.069065713,2558.8913750031893,0
1978,371.0890174558637,371.0890174558637,5097539.458744071,2257.773119413036,0,40273,415.19088064371925,6533372.470719714,2556.046257546939,0
1979,373.16874829290094,373.16874829290094,5108103.604176495,2260.111414106945,0,40273,417.8757264193116,6558519.969602146,2560.9607512810785,0
1980,370.84292205696124,370.84292205696124,5108545.687905048,2260.2092133041683,0,40273,414.1039338399642,6555513.546490836,2560.3737122714792,0
1981,373.14734437464307,373.14734437464307,5112208.136592754,2261.0192693988156,0,40273,416.6046043808672,6555181.459767546,2560.3088602290827,0
1982,370.25103667469523,370.25103667469523,5105686.032726641,2259.5765162363145,0,40273,413.08359409924003,6552088.01296379,2559.704672997217,0
1983,370.25796439301763,370.25796439301763,5110786.138281231,2260.7047879546835,0,40273,414.4210996870809,6558376.860080465,2560.9328105361265,0
1984,373.19278424751076,373.19278424751076,5120123.151416582,2262.768912508872,0,40273,417.18283415288334,6573890.728207421,2563.959970086784,0
1985,369.24572294092815,369.24572294092815,5111074.705857523,2260.7686095347135,0,40273,412.75435851586946,6557266.766428252,2560.7160651716645,0
1986,371.90924440692277,371.90924440692277,5116064.754426043,2261.871958008685,0,40273,415.48815377738043,6564167.999105945,2562.063230895355,0
1987,369.51550666699774,369.51550666699774,5112609.323665979,2261.107985848084,0,40273,413.25145283862315,6557931.04492624,2560.845767500698,0
1988,369.54666898418293,369.54666898418293,5109926.924068234,2260.514747589193,0,40273,413.3513634331694,6549122.274027715,2559.1252947106195,0
1989,368.96548556104585,368.96548556104585,5109255.679462668,2260.3662710858757,0,40273,413.04000894054536,6551543.110192222,2559.5982321825863,0
1990,371.3031062995059,371.3031062995059,5105014.577707149,2259.427931514336,0,40273,415.9552972731337,6546013.373267769,2558.5178078856065,0
1991,375.57356044992923,375.57356044992923,5108108.000397288,2260.1123866740095,0,40273,420.4074653553867,6558504.146848458,2560.9576620570006,0
1992,372.3581059270479,372.3581059270479,5102315.221910461,2258.8304987117695,0,40273,418.5585605721949,6551572.686410371,2559.604009687899,0
1993,374.18590619025156,374.18590619025156,5109969.215082065,2260.5241018582537,0,40273,417.543138131426,6555670.960214573,2560.4044524673386,0
1994,369.95138181908476,369.95138181908476,5096754.165123035,2257.599203827605,0,40273,414.4825659365221,6533826.720384443,2556.1351138749383,0
1995,370.29483773247586,370.29483773247586,5117668.3169369055,2262.226407090348,0,40273,414.0650424675905,6567238.470049173,2562.6623792550536,0
1996,370.8023489682914,370.8023489682914,5109235.252327862,2260.361752536054,0,40273,415.31649530621365,6553018.711667412,2559.8864646049074,0
1997,370.0631937029772,370.0631937029772,5110368.38812604,2260.6123922791453,0,40273,414.12874385337506,6552935.352257487,2559.87018269628,0
1998,373.13257020832816,373.13257020832816,5109642.049164453,2260.451735641452,0,40273,416.816048278945,6552847.876396961,2559.853096643821,0
1999,371.979390658754,371.979390658754,5108925.6641918905,2260.2932695099303,0,40273,415.4155118462226,6550502.082476531,2559.3948664628774,0
2000,371.2009783229459,371.2009783229459,5111125.756040026,2260.7798999548863,0,40273,414.7156906571301,6561299.826106393,2561.5034308207346,0
2001,371.7486156978621,371.7486156978621,5107427.612147096,2259.9618607726757,0,40273,415.2581582476531,6545714.157130085,2558.459332709841,0
2002,370.000720085417,370.000720085417,5103736.963499119,2259.1451842453857,0,40273,413.859186410371,6543983.2820742065,2558.1210452349997,0
2003,371.16725846100366,371.16725846100366,5110751.219998511,2260.697065066107,0,40273,414.93272239606614,6554670.175458203,2560.2090101119093,0
2004,375.7554937551213,375.7554937551213,5107426.530305664,2259.9616214231746,0,40273,421.00737594993296,6547943.799955297,2558.8950349624147,0
2005,373.5645966280138,373.5645966280138,5113408.146971917,2261.2846231670874,0,40273,419.44054537326775,6549305.487930263,2559.161090656519,0
2006,373.82479576887744,373.82479576887744,5103478.900553721,2259.088068348315,0,40273,416.8439874832365,6539469.28475637,2557.238605362505,0
2007,369.5649194249249,369.5649194249249,5114104.695751496,2261.4386340892593,0,40273,412.76128743853377,6560957.36656236,2561.4365825767304,0
2008,374.4687507759541,374.4687507759541,5113117.164601594,2261.2202821931337,0,40273,419.63813142601697,6571791.136566831,2563.550494249495,0
2009,372.8775606485735,372.8775606485735,5115213.8023986295,2261.683842272971,0,40273,414.957532409477,6564900.500223514,2562.2061783204554,0
2010,371.1332406326819,371.1332406326819,5105649.8620663965,2259.5685123638973,0,40273,414.2241841752347,6553523.1714349575,2559.984994376912,0
2011,369.620043205125,369.620043205125,5105272.595187843,2259.485028759395,0,40273,413.49262405006704,6543309.830576665,2557.9894117405306,0
2012,371.21505723437537,371.21505723437537,5108013.343431083,2260.0914458116695,0,40273,415.276933392937,6556701.426687528,2560.605675750862,0
2013,369.8110644848906,369.8110644848906,5110494.267747623,2260.6402340371683,0,40273,415.27894501564595,6542536.17836388,2557.8381845542694,0
2014,371.00081940754353,371.00081940754353,5104391.109527475,2259.289956939453,0,40273,415.32007152436296,6547570.194009835,2558.8220325004695,0
2015,372.8546668984183,372.8546668984183,5110872.05418022,2260.7237898912417,0,40273,416.266875279392,6557673.0147519,2560.795387131096,0
2016,377.4372408313262,377.4372408313262,5111591.654458322,2260.8829369205123,0,40273,422.8893607510058,6551501.421323201,2559.590088534334,0
2017,371.1001911950935,371.1001911950935,5112301.128547662,2261.0398334721267,0,40273,417.0029056772463,6548659.197809567,2559.0348176235443,0
2018,372.47868298860277,372.47868298860277,5110290.378764929,2260.595138180415,0,40273,420.15400089405455,6549584.4347340185,2559.215589733311,0
2019,369.1319494450376,369.1319494450376,5107388.617609813,2259.953233500599,0,40273,414.3927134555208,6552661.239383102,2559.8166417505577,0
2020,371.1761229607926,371.1761229607926,5114264.403247833,2261.4739448527444,0,40273,414.225748770675,6553814.740277157,2560.0419411168164,0
2021,370.1295905445336,370.1295905445336,5112896.759094182,2261.1715457024,0,40273,413.6911041573536,6556049.729101475,2560.478418011266,0
2022,370.757678841904,370.757678841904,5115108.72768356,2261.6606128425988,0,40273,415.2936969155119,6561914.837282075,2561.6234768759587,0
2023,372.7533583294018,372.7533583294018,5104629.279566956,2259.3426653712704,0,40273,416.6651765757711,6554466.718372821,2560.16927533568,0
2024,371.21706850743675,371.21706850743675,5109540.2746008495,2260.4292235327453,0,40273,415.56660706303086,6560933.877291014,2561.431997397357,0
2025,370.3828371365431,370.3828371365431,5111376.9798624385,2260.8354605902746,0,40273,414.5809119356281,6557441.734689316,2560.750228876162,0
2026,370.9292081543466,370.9292081543466,5110305.110520696,2260.5983965580212,0,40273,414.68350469378635,6547964.837282075,2558.8991455862565,0
2027,370.20795570233156,370.20795570233156,5109682.741762471,2260.460736611559,0,40273,413.05297273133664,6558403.721725525,2560.9380550348196,0
2028,370.66200680356565,370.66200680356565,5110247.934223922,2260.5857502479134,0,40273,414.6479660259276,6553072.906347787,2559.897049950991,0
2029,370.75311002408563,370.75311002408563,5109465.326248355,2260.412645126627,0,40273,414.6776933392937,6558002.134555208,2560.859647570559,0
2030,378.20035755965534,378.20035755965534,5096958.050182505,2257.64435865849,0,40273,417.0064818953956,6557434.685069289,2560.748852400268,0
2031,371.0993966180816,371.0993966180816,5106218.774017332,2259.6943983683573,0,40273,415.5692892266428,6552564.699374162,2559.79778486,0
2032,372.72510118441636,372.72510118441636,5104052.226553771,2259.214958022758,0,40273,415.1875279392043,6556369.875949933,2560.5409342461085,0
2033,371.4379360862116,371.4379360862116,5111488.949718174,2260.8602233924535,0,40273,414.7315601251676,6563178.883549397,2561.870192564291,0
2034,371.5398654185186,371.5398654185186,5107415.08313262,2259.9590888183398,0,40273,415.35158694680376,6557931.645730889,2560.8458848065984,0
2035,370.533409480297,370.533409480297,5109423.259404564,2260.4033399826158,0,40273,414.7293249888243,6555918.615780063,2560.4528145974614,0
2036,371.03759342487524,371.03759342487524,5109134.475777816,2260.339460297461,0,40273,415.49463567277604,6554885.44278051,2560.251050733211,0
2037,370.5804881682517,370.5804881682517,5109926.953790381,2260.514754163392,0,40273,414.2603933839964,6549971.214796603,2559.2911547529334,0
2038,369.372408313262,369.372408313262,5102965.536587789,2258.974443544634,0,40273,411.2869915064819,6543771.774251229,2558.0797044367537,0
2039,368.8198544930847,368.8198544930847,5104958.593598689,2259.4155424796672,0,40273,412.5151989271346,6553896.811130979,2560.0579702676614,0
2040,371.27169567700446,371.27169567700446,5102858.349539394,2258.9507187053446,0,40273,413.76151095216807,6550595.123603039,2559.413042789897,0
2041,369.57437985747276,369.57437985747276,5112366.378541455,2261.054262626498,0,40273,413.1168976307555,6556826.597004917,2560.630117179152,0
2042,372.8427730737715,372.8427730737715,5110089.140689792,2260.550627765234,0,40273,416.78319177469825,6548984.489047832,2559.098374241958,0
2043,369.9860452412286,369.9860452412286,5101398.540858639,2258.6275790529608,0,40273,413.4863656683058,6541142.108627627,2557.565660667899,0
2044,372.1787798276761,372.1787798276761,5111788.512998783,2260.926472267239,0,40273,414.80286097451943,6550134.666070631,2559.3230874726682,0
2045,371.0833809251856,371.0833809251856,5103031.301492315,2258.9889998608483,0,40273,414.03978542691107,6542013.046937863,2557.735922048612,0
2046,372.78615946167406,372.78615946167406,5108237.640031783,2260.1410664008968,0,40273,415.50804649083597,6552485.834376397,2559.7823802769635,0
2047,371.3316365803392,371.3316365803392,5105665.199389169,2259.57190622232,0,40273,414.3710326329906,6543969.44836835,2558.118341353337,0
2048,372.0938097484667,372.0938097484667,5110276.690686068,2260.5921106396145,0,40273,414.4760840411265,6547306.071077336,2558.7704217216,0
2049,372.00777195639756,372.00777195639756,5104131.202865443,2259.232436661939,0,40273,415.97362539114886,6534748.533303532,2556.315421324906,0
2050,370.84935316465123,370.84935316465123,5101615.212276215,2258.6755438256764,0,40273,414.5449262405007,6541268.89852481,2557.59044777009,0
2051,371.65512874630645,371.65512874630645,5104030.723387877,2259.2101990270576,0,40273,416.64327223960663,6556642.54984354,2560.594179061481,0
2052,373.8263849229012,373.8263849229012,5115282.136468601,2261.698949123999,0,40273,416.52995082700045,6548762.299731784,2559.0549622334775,0
2053,371.33906090929406,371.33906090929406,5102010.252576168,2258.7629916784467,0,40273,415.1175681716585,6541822.876173447,2557.698746172709,0
2054,372.24050852928764,372.24050852928764,5109448.84448638,2260.408999381833,0,40273,416.85158694680376,6555865.9302637465,2560.442526256691,0
2055,373.2597273607628,373.2597273607628,5105862.76972165,2259.6156243311934,0,40273,416.5415735359857,6557840.749441216,2560.8281374276594,0
2056,375.4044645295856,375.4044645295856,5098624.925980185,2258.013491097913,0,40273,417.7185963343764,6549595.243406348,2559.2177014483054,0
2057,371.85588359446774,371.85588359446774,5113015.701884638,2261.1978466920223,0,40273,413.74005364327223,6545875.324318283,2558.490829437988,0
2058,370.41037419611155,370.41037419611155,5109634.910461103,2260.450156597376,0,40273,415.6088511399195,6561019.717031739,2561.448753543927,0
2059,373.0781913440767,373.0781913440767,5116439.151987684,2261.954719261127,0,40273,414.3743853375056,6555297.649307108,2560.3315506604035,0
2060,369.37583492662577,369.37583492662577,5103776.304248504,2259.153891227533,0,40273,413.8477872150201,6544443.805319625,2558.2110556636303,0
2061,369.51565565018745,369.51565565018745,5109435.155960569,2260.4059714928576,0,40273,413.1890925346446,6549670.218596335,2559.232349474415,0
2062,370.46385916122466,370.46385916122466,5101422.971097262,2258.632987250753,0,40273,415.0337505587841,6544263.087393831,2558.1757342672595,0
2063,370.6064360737963,370.6064360737963,5106659.646835349,2259.791947687961,0,40273,414.9322753687975,6552676.0136343315,2559.8195275515677,0
2064,372.3848235790728,372.3848235790728,5105824.917686787,2259.6072485471423,0,40273,416.24720607957084,6553772.381761287,2560.033668091357,0
2065,369.747572815534,369.747572815534,5106795.667767487,2259.822043384719,0,40273,413.0476084041126,6549808.541126508,2559.2593735544874,0
2066,368.39100638144663,368.39100638144663,5108598.11911206,2260.220812025246,0,40273,411.2974966472955,6556596.241618238,2560.58513656903,0
2067,371.3544310083679,371.3544310083679,5106438.646214586,2259.7430487147394,0,40273,414.1613768439875,6556181.460438087,2560.504141851383,0
2068,369.77317309363593,369.77317309363593,5107118.765252154,2259.893529627481,0,40273,413.7726866338847,6552536.343540456,2559.7922461677344,0
2069,375.66876070816676,375.66876070816676,5108509.359322623,2260.201176736846,0,40273,419.80844881537774,6551188.920205632,2559.52904265719,0
2070,371.0960693268443,371.0960693268443,5110116.2674744865,2260.5566277964563,0,40273,414.6609298167188,6559042.844658024,2561.0628349687213,0
2071,371.3312889528965,371.3312889528965,5110808.519330569,2260.7097379651746,0,40273,414.8907018328118,6553021.145507376,2559.8869399853143,0
2072,368.87408437414643,368.87408437414643,5112981.681374618,2261.190324005173,0,40273,412.6817165847117,6552942.627626285,2559.871603738415,0
2073,368.98542447793807,368.98542447793807,5107806.598912423,2260.045707261785,0,40273,413.04202056325437,6552814.291461779,2559.8465367013273,0
2074,371.6422665309264,371.6422665309264,5102024.67352817,2258.7661838995577,0,40273,416.02637460885114,6536383.42065266,2556.635175509533,0
2075,371.5142154793534,371.5142154793534,5108025.75010553,2260.094190538423,0,40273,414.2425122932499,6556130.133884667,2560.494119088085,0
2076,369.2363866610384,369.2363866610384,5109633.268964319,2260.449793506664,0,40273,412.7974966472955,6552537.3513634335,2559.792443024128,0
2077,373.11270578303083,373.11270578303083,5113589.831251707,2261.324795612454,0,40273,417.0592311130979,6557466.61130979,2560.755086163023,0
2078,370.0880242345989,370.0880242345989,5107141.402254612,2259.8985380442664,0,40273,413.90970049173,6547312.607510058,2558.771698981771,0
2079,369.7785364884662,369.7785364884662,5108457.521639808,2260.189709214651,0,40273,414.21770227983905,6544213.0442557,2558.165953228152,0
2080,369.5509398356219,369.5509398356219,5107076.493109527,2259.8841769235714,0,40273,413.4879302637461,6543333.32655342,2557.9940044013824,0
2081,369.97968862513346,369.97968862513346,5107177.436297271,2259.9065105214577,0,40273,413.1714349575324,6542479.686410371,2557.8271416204752,0
2082,371.41774886400316,371.41774886400316,5106140.043776227,2259.6769777506315,0,40273,414.32007152436296,6548630.300402325,2559.029171463726,0
2083,368.82221339358875,368.82221339358875,5107439.460606362,2259.964482155939,0,40273,411.86477425122933,6554318.5527492175,2560.1403384871733,0
2084,371.4691232339284,371.4691232339284,5107603.919797383,2260.000867211644,0,40273,415.0353151542244,6548404.375502906,2558.9850283858455,0
2085,371.339656842053,371.339656842053,5106229.783328781,2259.696834384821,0,40273,414.9655789003129,6543070.181493071,2557.942568059938,0
2086,372.9007275345765,372.9007275345765,5110289.617386338,2260.594969778164,0,40273,416.2869915064819,6551521.855163165,2559.5940801547354,0
2087,373.1915675514613,373.1915675514613,5110276.521043875,2260.5920731179863,0,40273,417.2045149754135,6555774.8853375055,2560.4247470561413,0
2088,371.6126685372334,371.6126685372334,5105612.252005066,2259.5601899495987,0,40273,415.1712114438981,6551379.782744748,2559.5663270844825,0
2089,373.19576391130533,373.19576391130533,5109682.616815236,2260.4607089739993,0,40273,416.2912382655342,6548432.425346446,2558.9905090379775,0
2090,371.33439276934917,371.33439276934917,5107373.312591563,2259.949847362008,0,40273,416.0829235583371,6553909.193786321,2560.060388699126,0
2091,367.09994288977725,367.09994288977725,5108883.556725349,2260.283954888268,0,40273,413.1709879302637,6542957.659141707,2557.9205732668297,0
2092,370.8665855535967,370.8665855535967,5107221.044570805,2259.916158748108,0,40273,413.19378632096556,6543926.399865892,2558.1099272443107,0
2093,373.6242147344375,373.6242147344375,5106026.342710997,2259.6518189117096,0,40273,417.3428699150648,6542623.65802414,2557.855284808767,0
2094,368.0844238075137,368.0844238075137,5110989.0670672655,2260.7496692617838,0,40273,411.3703620920876,6560090.884443451,2561.2674371184767,0
2095,370.788592853773,370.788592853773,5112169.4831524845,2261.01072159167,0,40273,413.48144836835047,6556654.008493518,2560.5964165587516,0
2096,370.41668115114345,370.41668115114345,5111373.706080997,2260.8347365698796,0,40273,413.4021010281627,6551179.779392043,2559.5272570129123,0
2097,369.9727360762794,369.9727360762794,5094884.688898269,2257.185125083512,0,40273,413.9660259275816,6530339.987483237,2555.452990661976,0
2098,369.5251657437986,369.5251657437986,5104446.658878157,2259.3022504477253,0,40273,413.34376396960215,6554311.421099687,2560.1389456628494,0
2099,369.25625108633574,369.25625108633574,5109662.726864153,2260.4563094349232,0,40273,413.08135896289673,6557045.2650871705,2560.672814923291,0
2100,370.9852506642167,370.9852506642167,5115129.4117895365,2261.665185607617,0,40273,414.7617344658024,6550398.722843094,2559.3746741817804,0
2101,371.43860651056536,371.43860651056536,5107776.2966007,2260.039003336159,0,40273,414.8864550737595,6545068.911041574,2558.333229085213,0
2102,371.6087949743004,371.6087949743004,5105914.78794726,2259.6271347165352,0,40273,415.6390254805543,6547335.051184623,2558.7760846124506,0
2103,371.3388622650411,371.3388622650411,5104630.1175477365,2259.342850819179,0,40273,415.0087170317389,6541244.451274028,2557.58566841348,0
2104,369.6121222655377,369.6121222655377,5106334.616964219,2259.720030659599,0,40273,413.3607510058114,6546387.610639249,2558.5909424210913,0
2105,369.4985225833685,369.4985225833685,5112610.097534328,2261.108156973993,0,40273,414.10259275815827,6550930.94836835,2559.4786477656635,0
2106,369.3557966876071,369.3557966876071,5105059.534626177,2259.4378802317574,0,40273,413.0612427358069,6542583.21770228,2557.8473796734393,0
2107,371.66853723338215,371.66853723338215,5104837.294788071,2259.388699358318,0,40273,415.135449262405,6537229.419758605,2556.8006218238065,0
2108,370.9559009758399,370.9559009758399,5110079.668487572,2260.5485326547564,0,40273,413.8399642378185,6550918.050961109,2559.47612822646,0
2109,373.9781987932362,373.9781987932362,5111177.385692648,2260.791318475159,0,40273,418.35225748770677,6559028.268663389,2561.059989274634,0
2110,368.56144315049784,368.56144315049784,5107726.595957589,2260.028007781671,0,40273,412.63388466696466,6551244.109968708,2559.5398238684834,0
2111,369.1909219576391,369.1909219576391,5105534.95423733,2259.543085280148,0,40273,413.3151542244077,6550799.394725078,2559.4529483319434,0
2112,371.49710724306607,371.49710724306607,5109256.8248454295,2260.3665244480662,0,40273,414.55297273133664,6550007.761734466,2559.2982947938026,0
2113,373.3932659598242,373.3932659598242,5111088.899486008,2260.771748648237,0,40273,417.093652212785,6557899.027492177,2560.839516153282,0
2114,369.2355672534949,369.2355672534949,5113460.344995406,2261.2961648124306,0,40273,412.7677693339294,6558860.9421099685,2561.0273216250484,0
2115,371.8335112854766,371.8335112854766,5108542.314081394,2260.2084669519745,0,40273,415.8902548055431,6555070.949262405,2560.2872786588628,0
2116,371.7617758796216,371.7617758796216,5105802.549350682,2259.602298934634,0,40273,415.21390254805544,6543425.061019222,2558.0119352769293,0
2117,370.87328979713453,370.87328979713453,5090422.678022496,2256.1965069608846,0,40273,414.8506928922664,6522600.785873938,2553.938289362908,0
2118,371.4771186651106,371.4771186651106,5104120.072505153,2259.2299733548934,0,40273,415.3547161376844,6539611.735136343,2557.2664575941913,0
2119,371.1186154495568,371.1186154495568,5104966.487175031,2259.4172892971833,0,40273,414.4181940098346,6540500.525033527,2557.4402290246253,0
2120,370.90959203436546,370.90959203436546,5107040.280783651,2259.87616492224,0,40273,415.1403665623603,6554696.846669647,2560.214218902326,0
2121,369.37223449954064,369.37223449954064,5103903.454969831,2259.1820322784597,0,40273,413.2123379526151,6544087.368797497,2558.1413895243354,0
2122,368.66488714523376,368.66488714523376,5109098.295458496,2260.3314569899912,0,40273,412.1580241394725,6554412.261287439,2560.15863986735,0
2123,369.4737665433417,369.4737665433417,5106674.258361681,2259.795180621837,0,40273,414.51117568171657,6554653.346669647,2560.2057235053685,0
2124,370.92943162913116,370.92943162913116,5098683.24567328,2258.0264049991265,0,40273,415.0317389360751,6541762.897630756,2557.6870210467027,0
2125,371.5028679264023,371.5028679264023,5097941.064857349,2257.8620562065676,0,40273,416.4400983459991,6536261.335493965,2556.611299258056,0
2126,371.5527524644303,371.5527524644303,5107809.300573586,2260.0463049622645,0,40273,416.7568171658471,6554351.277603934,2560.146729702017,0
2127,369.17483177314824,369.17483177314824,5106554.37643086,2259.768655511192,0,40273,414.23848904783193,6552555.132096558,2559.795916102797,0
2128,368.29377001961615,368.29377001961615,5111736.176818215,2260.9148981813128,0,40273,411.90657130084935,6559226.111756817,2561.098614219456,0
2129,369.1881657686291,369.1881657686291,5109346.368807886,2260.3863317601013,0,40273,413.3325882878856,6559674.571747877,2561.1861649922826,0
2130,376.13234673354356,376.13234673354356,5112892.14337149,2261.17052505367,0,40273,420.3962896736701,6555862.062807331,2560.4417710245493,0
2131,376.2390186973903,376.2390186973903,5105597.0543043725,2259.5568269694772,0,40273,421.1770227983907,6550977.68082253,2559.487777041049,0
2132,367.79758150622007,367.79758150622007,5111301.753184516,2260.818823608941,0,40273,412.02346893160484,6554777.950603487,2560.230058139988,0
2133,368.89469371539246,368.89469371539246,5108548.4275817545,2260.209819371147,0,40273,412.8871256146625,6552396.730219044,2559.7649755825328,0
2134,369.3551510937849,369.3551510937849,5100931.300871552,2258.5241421936475,0,40273,413.2022798390702,6539322.816942333,2557.209967316398,0
2135,369.08112134680806,369.08112134680806,5100895.595709284,2258.516237645699,0,40273,412.8710326329906,6540153.728430934,2557.3724266189574,0
2136,372.05586869614876,372.05586869614876,5106547.20224468,2259.7670681388117,0,40273,416.8513634331694,6555545.686857399,2560.379988762879,0
2137,369.1384798748541,369.1384798748541,5106106.695056241,2259.669598648493,0,40273,415.29235583370587,6550932.315154225,2559.4789147703923,0
2138,369.52024929853746,369.52024929853746,5111018.833883744,2260.756252647274,0,40273,412.87974966472956,6555785.518998659,2560.42682359771,0
2139,368.8029697315819,368.8029697315819,5104580.944603084,2259.331968658675,0,40273,412.3911488600805,6544658.936522128,2558.253102513926,0
2140,369.7304894097783,369.7304894097783,5107556.680704194,2259.9904160646774,0,40273,413.3433169423335,6554917.862762628,2560.2573821322394,0
2141,371.3210091128051,371.3210091128051,5106110.623320836,2259.670467860488,0,40273,415.8046490835941,6543187.937416183,2557.9655856590766,0
2142,371.40719588806394,371.40719588806394,5107921.874506493,2260.0712100521287,0,40273,418.3109074653554,6549762.8410818055,2559.2504451658897,0
2143,371.3938618925831,371.3938618925831,5107350.55344772,2259.9448120358425,0,40273,413.2655341975861,6551489.611533304,2559.5877815643094,0
2144,372.38199289846796,372.38199289846796,5100730.795371589,2258.4797531462596,0,40273,416.65176575771125,6548635.726866338,2559.0302317218407,0
2145,372.02825714498545,372.02825714498545,5108364.280485685,2260.1690822780683,0,40273,416.02123379526154,6553348.800849352,2559.950937195741,0
2146,370.845628584908,370.845628584908,5105726.46894942,2259.585463962233,0,40273,414.5395619132767,6543464.306213679,2558.019606299701,0
2147,369.9745735356194,369.9745735356194,5111069.83790629,2260.767532920245,0,40273,414.226419311578,6555939.836611534,2560.4569585547683,0
2148,370.9126461897549,370.9126461897549,5107522.110024085,2259.982767638746,0,40273,415.407688869021,6548332.53196245,2558.9709908403515,0
2149,372.2429170908549,372.2429170908549,5103306.106249845,2259.049823764373,0,40273,416.89740724184173,6541693.4311578,2557.673441070576,0
2150,370.0906811014824,370.0906811014824,5110311.36056415,2260.5997789445505,0,40273,413.17858739383104,6556708.04492624,2560.606968069532,0
2151,369.71571524346336,369.71571524346336,5106069.163235915,2259.66129391905,0,40273,413.97943674564146,6548785.311130979,2559.059458303183,0
2152,366.95518089042287,366.95518089042287,5104391.216894694,2259.2899807007275,0,40273,410.66472954850246,6549652.929816719,2559.22897174456,0
2153,369.47222705038115,369.47222705038115,5108158.536413975,2260.1235666250586,0,40273,412.78542691104155,6546955.786767993,2558.701973026166,0
2154,372.0024085615673,372.0024085615673,5106605.719539145,2259.780015740281,0,40273,415.6464014304873,6541990.931604828,2557.7315988204914,0
2155,369.6026121719266,369.6026121719266,5107698.77064038,2260.0218518059464,0,40273,414.20965578900314,6545117.199821189,2558.342666614695,0
2156,371.141111911206,371.141111911206,5103668.804509224,2259.1300990667237,0,40273,415.5829235583371,6544564.293696916,2558.234604897861,0
2157,371.8338092518561,371.8338092518561,5097531.291758747,2257.7713107750187,0,40273,415.7720160929817,6542219.053643272,2557.7761930323913,0
2158,371.9367069748963,371.9367069748963,5103298.550567377,2259.0481514494945,0,40273,415.49105945462674,6545001.2724631205,2558.320009784374,0
2159,370.04094554664414,370.04094554664414,5104321.5764656225,2259.2745686316266,0,40273,415.4747429593205,6545436.493518105,2558.4050683029272,0
2160,369.88483599433863,369.88483599433863,5103540.673155712,2259.1017403286005,0,40273,413.15131873044254,6544400.5147519,2558.2025945479572,0
2161,371.6626275668562,371.6626275668562,5105113.113723835,2259.4497369323876,0,40273,415.3399642378185,6545892.6412606165,2558.494213646108,0
2162,369.53358329401834,369.53358329401834,5099866.12474859,2258.288317453861,0,40273,413.6430487259723,6541058.003352704,2557.549218168187,0
2163,370.58262359397116,370.58262359397116,5106381.033794354,2259.730301118776,0,40273,415.0281627179258,6550769.584711667,2559.4471248126356,0
2164,370.74538772875127,370.74538772875127,5108140.623966429,2260.1196039073748,0,40273,414.66629414394276,6552221.7230666075,2559.730791131483,0
2165,367.93593722841604,367.93593722841604,5105267.928289425,2259.483996024186,0,40273,411.88198480107286,6550655.391595887,2559.4248165546664,0
2166,369.31775631316265,369.31775631316265,5111153.976460656,2260.7861412483617,0,40273,411.3571747876621,6562100.246312025,2561.6596663710084,0
2167,373.43495642241703,373.43495642241703,5104641.989372533,2259.3454780915054,0,40273,417.3232007152436,6545406.749664729,2558.3992553283642,0
2168,369.4339135400889,369.4339135400889,5110446.60392819,2260.6296919062593,0,40273,413.2080911935628,6564863.55230219,2562.1989681330742,0
2169,371.5462220346138,371.5462220346138,5097857.446006009,2257.843538867565,0,40273,416.184622261958,6539111.981671882,2557.1687432924487,0
2170,368.85394681300124,368.85394681300124,5099454.710823629,2258.19722584712,0,40273,413.53978542691107,6552412.971166741,2559.7681479319062,0
2171,377.28371365430934,377.28371365430934,5108292.027437737,2260.153098229794,0,40273,421.73558337058563,6558421.057443004,2560.9414396746765,0
2172,371.1550418394458,371.1550418394458,5093413.619968713,2256.8592379607358,0,40273,415.81358962896735,6534662.160035762,2556.2985271747434,0
2173,368.2657611799469,368.2657611799469,5107668.391751298,2260.0151308677778,0,40273,411.6721054984354,6551132.510728654,2559.518023130264,0
2174,369.7813175080079,369.7813175080079,5100631.218459018,2258.457707919061,0,40273,413.634778721502,6541071.363880197,2557.5518301454217,0
2175,370.0109750949768,370.0109750949768,5099115.3031559605,2258.122074458323,0,40273,414.1419311578006,6536790.213455521,2556.7147305586363,0
2176,369.59968216919526,369.59968216919526,5101526.7044918435,2258.6559508902287,0,40273,413.8252123379526,6543016.888243183,2557.9321508287085,0
2177,368.5886325826236,368.5886325826236,5112082.609291585,2260.9915102210325,0,40273,412.9865891819401,6563290.908806438,2561.8920564314253,0
2178,368.38323442504907,368.38323442504907,5111470.618627865,2260.8561693809415,0,40273,412.3504693786321,6561477.949038891,2561.538199800833,0
2179,371.5063938618926,371.5063938618926,5109418.911305341,2260.4023781852075,0,40273,414.5223513634332,6548785.335940992,2559.059463150669,0
2180,369.5761428252179,369.5761428252179,5099948.3531398205,2258.306523291252,0,40273,413.3594099240054,6541047.394278051,2557.547144096869,0
2181,370.19534179226775,370.19534179226775,5112951.46567179,2261.1836426243203,0,40273,415.52704514975414,6570986.885113992,2563.393626643008,0
2182,368.9080525414049,368.9080525414049,5107986.044545974,2260.085406471617,0,40273,411.65489494859185,6541819.805096111,2557.698145813167,0
2183,374.37074466764335,374.37074466764335,5114520.488689693,2261.5305632888744,0,40273,418.4392042914618,6557089.719043362,2560.6814950406,0
2184,369.8937749857224,369.8937749857224,5095826.159809302,2257.3936652275124,0,40273,414.6182387125615,6538005.333929369,2556.9523526904777,0
2185,371.9460184242545,371.9460184242545,5106661.138926825,2259.7922778270627,0,40273,417.00603486812696,6551079.88131426,2559.5077419914674,0
2186,369.96985573461126,369.96985573461126,5103074.3914285,2258.9985372789642,0,40273,412.88466696468487,6538407.125614663,2557.030919956711,0
2187,373.19462170685074,373.19462170685074,5108795.689593524,2260.264517615919,0,40273,417.44188645507376,6558048.318059902,2560.868664742474,0
2188,369.81632855759443,369.81632855759443,5100784.282943908,2258.491594614403,0,40273,414.51408135896287,6548851.101922217,2559.0723127575384,0
2189,369.36637449407795,369.36637449407795,5105467.16723363,2259.5280850729937,0,40273,413.49888243182835,6549709.567277604,2559.2400370574082,0
2190,370.7165843120701,370.7165843120701,5102129.040970378,2258.789286536125,0,40273,415.28386231560125,6545685.710773357,2558.4537734290525,0
2191,369.1667370198396,369.1667370198396,5111881.661013583,2260.947071696634,0,40273,412.6725525257041,6555944.773580688,2560.457922634287,0
2192,370.2961785811834,370.2961785811834,5114734.995108386,2261.5779878457397,0,40273,413.9760840411265,6561197.716808225,2561.483499226225,0
2193,371.42435378541455,371.42435378541455,5098741.019715442,2258.0391980024265,0,40273,415.07241841752347,6538229.401430488,2556.9961676605008,0
2194,368.31832741538994,368.31832741538994,5105699.096317632,2259.5794069511326,0,40273,412.6571300849352,6553165.897183728,2559.915212889624,0
2195,370.96863903856183,370.96863903856183,5101118.7881210735,2258.5656483974676,0,40273,414.7049620026822,6545063.663835494,2558.332203572377,0
2196,369.0357311350036,369.0357311350036,5106457.837260696,2259.7472950001943,0,40273,414.9492624050067,6543758.603710326,2558.0771301331642,0
2197,371.97760286047725,371.97760286047725,5098768.331338614,2258.0452456358385,0,40273,416.723066607063,6535870.570630308,2556.534875692156,0
2198,368.83174831773147,368.83174831773147,5102553.3969905395,2258.883218980242,0,40273,412.950827000447,6545992.869915064,2558.513801001485,0
2199,369.7168077868547,369.7168077868547,5103715.803913292,2259.1405011449137,0,40273,413.90455967814034,6547409.966696468,2558.79072350524,0
2200,370.27770466565687,370.27770466565687,5105043.024507735,2259.434226638991,0,40273,414.1253911488601,6542526.704291462,2557.8363325849177,0
2201,371.34156879298786,371.34156879298786,5103404.722742284,2259.0716506437516,0,40273,416.1318730442557,6541814.359409924,2557.697081245143,0
2202,368.376803317359,368.376803317359,5112219.451419065,2261.0217715491076,0,40273,412.2836388019669,6563771.03196245,2561.9857595159365,0
2203,370.82896729818987,370.82896729818987,5103654.795992352,2259.1269986418097,0,40273,414.33012963790793,6553781.797273134,2560.0355070336686,0
2204,370.3299232736573,370.3299232736573,5102494.817147966,2258.8702523934317,0,40273,415.3513634331694,6548968.970049173,2559.0953421178297,0
2205,371.0677376902639,371.0677376902639,5104588.268840166,2259.3335895436435,0,40273,416.25927581582476,6546579.234242288,2558.6283892434026,0
2206,370.9775780299456,370.9775780299456,5103408.505549624,2259.072487891795,0,40273,415.28900312919086,6549928.352033974,2559.282780787222,0
2207,370.5349241427259,370.5349241427259,5115822.238099968,2261.8183477237885,0,40273,414.49821189092535,6570578.540679482,2563.3139762189653,0
2208,368.8609490229186,368.8609490229186,5112635.54696695,2261.113784613006,0,40273,412.4126061689763,6554163.531515422,2560.1100623831435,0
2209,369.6036550542547,369.6036550542547,5107596.877560648,2259.999309194728,0,40273,412.865891819401,6547816.844434511,2558.870228134774,0
2210,368.30586248851586,368.30586248851586,5105998.911628138,2259.645749144794,0,40273,411.8511399195351,6542135.640590076,2557.7598872040503,0
2211,368.79023166886003,368.79023166886003,5100947.118094008,2258.527643863145,0,40273,413.0261510952168,6542717.555878408,2557.873639544848,0
2212,370.0545278474412,370.0545278474412,5099960.006853227,2258.3091034783583,0,40273,414.49821189092535,6550084.78475637,2559.3133424331554,0
2213,370.6269957539791,370.6269957539791,5105405.308792491,2259.5143966774126,0,40273,414.1097451944569,6547294.937639696,2558.7682461762133,0
2214,369.23998708812354,369.23998708812354,5101400.6809525,2258.628052812702,0,40273,413.04067948144836,6542325.88869021,2557.7970773089505,0
2215,367.09507610557944,367.09507610557944,5101261.754674347,2258.5972980313127,0,40273,412.74921770227985,6542628.53509164,2557.8562381595334,0
2216,368.30722816775506,368.30722816775506,5099496.93131875,2258.2065741022784,0,40273,413.9906124273581,6543889.275368798,2558.1026709983316,0
2217,372.04059791920145,372.04059791920145,5113814.085094232,2261.3743796846716,0,40273,416.5181046043809,6565451.6611533305,2562.313731991719,0
2218,370.58826012464925,370.58826012464925,5108141.921957639,2260.119891058357,0,40273,414.6285203397407,6554363.084041126,2560.1490355135825,0
2219,375.5334839718918,375.5334839718918,5103926.1879174635,2259.187063507018,0,40273,418.6135449262405,6542882.394501565,2557.9058611492264,0
2220,371.32349216596725,371.32349216596725,5105285.562262558,2259.4878982332607,0,40273,414.50044702726865,6548042.436969155,2558.914308250504,0
2221,373.4271844660194,373.4271844660194,5111129.657909766,2260.780762902446,0,40273,416.5818059901654,6554646.9738489045,2560.204478913531,0
2222,370.9545601271323,370.9545601271323,5109130.769820971,2260.3386405184892,0,40273,414.77179257934733,6554613.368126956,2560.1979158117747,0
2223,369.04933826633226,369.04933826633226,5103709.220966901,2259.1390441862804,0,40273,412.86902101028164,6543452.258381762,2558.017251384705,0
2224,369.49996275420256,369.49996275420256,5106365.238149629,2259.726806087326,0,40273,413.8831023692445,6553760.525033527,2560.0313523536242,0
2225,368.9829165942443,368.9829165942443,5109324.480247312,2260.3814899806875,0,40273,412.5742065265981,6548355.32163612,2558.975443734488,0
2226,370.3821667121893,370.3821667121893,5098583.582772577,2258.0043363050872,0,40273,415.49172999552974,6530974.398301296,2555.577116484904,0
2227,371.2014252725151,371.2014252725151,5102876.790380652,2258.9548004288736,0,40273,415.05811354492624,6537398.255252571,2556.8336385562066,0
2228,370.86735530007695,370.86735530007695,5101212.869093438,2258.586475894478,0,40273,414.4193115780063,6535247.087170318,2556.412933618182,0
2229,371.8797209048246,371.8797209048246,5099226.781516152,2258.146758188261,0,40273,416.14751899865894,6538414.72999553,2557.0324069114827,0
2230,366.83832840861123,366.83832840861123,5100783.094529834,2258.491331515318,0,40273,413.17992847563704,6545003.756593652,2558.3204952846804,0
2231,369.7265413552504,369.7265413552504,5111428.664986467,2260.8468910977736,0,40273,415.19490388913727,6549441.109074653,2559.1875877072107,0
2232,371.76793385146374,371.76793385146374,5102234.236833611,2258.812572311747,0,40273,416.6014751899866,6539987.357398301,2557.3398986834545,0
2233,370.8542199488491,370.8542199488491,5103162.578452065,2259.018056247463,0,40273,414.0887349128297,6540854.275145284,2557.5093890629773,0
2234,368.88292404340376,368.88292404340376,5111934.383333747,2260.9587310107513,0,40273,413.05587840858294,6551214.645954403,2559.5340681370903,0
2235,370.14409157500063,370.14409157500063,5097559.45633551,2257.7775480182963,0,40273,413.8314707197139,6530980.381761287,2555.578287151714,0
2236,371.9500658009088,371.9500658009088,5100848.413999454,2258.5057923325003,0,40273,415.60348681269556,6536152.0393384,2556.589923968723,0
2237,369.57795545402627,369.57795545402627,5099299.954733941,2258.162960181116,0,40273,413.91729995529727,6539973.217255252,2557.337134062549,0
2238,372.493109527475,372.493109527475,5111662.727658729,2260.8986548845414,0,40273,415.75704067948146,6547008.080688422,2558.7121918434714,0
2239,371.2629553298736,371.2629553298736,5090190.923521963,2256.145146820559,0,40273,414.8209655789003,6524856.120026821,2554.3797916572275,0
2240,369.8261614481166,369.8261614481166,5103830.040846225,2259.1657842766267,0,40273,414.0938757264193,6547731.397407242,2558.853531839453,0
2241,369.05579420455393,369.05579420455393,5104691.910014153,2259.356525653743,0,40273,413.56794814483686,6555453.577782745,2560.362001315975,0
2242,370.0579792913366,370.0579792913366,5104313.13636928,2259.2727007533376,0,40273,414.83884666964684,6546735.073983013,2558.6588428282134,0
2243,371.98353735753483,371.98353735753483,5104567.057557172,2259.3288953928713,0,40273,416.47496647295486,6528896.000223514,2555.1704444563993,0
2244,372.56467111960865,372.56467111960865,5109463.532515581,2260.412248355503,0,40273,416.96490835940995,6545789.106168976,2558.473979967155,0
2245,371.4472475355697,371.4472475355697,5090862.619596256,2256.294001143525,0,40273,415.44814483683507,6521357.1884219935,2553.6948111358165,0
2246,371.81476423410226,371.81476423410226,5096733.90241601,2257.5947161561153,0,40273,416.6761287438534,6542217.358292356,2557.7758616212554,0
2247,370.0317582499441,370.0317582499441,5106698.756015196,2259.8006009414185,0,40273,413.6781403665624,6552777.599463567,2559.8393698557666,0
2248,372.4127827576788,372.4127827576788,5093314.379956795,2256.8372515440265,0,40273,418.4805543138131,6544503.142154671,2558.2226529672257,0
2249,374.2416755642738,374.2416755642738,5107657.2608199045,2260.012668287482,0,40273,418.84108180599014,6557997.893383997,2560.8588194947406,0
2250,370.21833486454943,370.21833486454943,5103070.899237703,2258.9977643277343,0,40273,414.13522574877067,6554093.420429146,2560.09636936369,0
2251,369.7979539641944,369.7979539641944,5110044.4831773145,2260.540750169595,0,40273,413.4863656683058,6555004.472954851,2560.2742964289687,0
2252,370.996126437067,370.996126437067,5105761.488913167,2259.593213149917,0,40273,416.3296826106392,6540493.79950827,2557.438914130359,0
2253,372.55101432721676,372.55101432721676,5091539.517319296,2256.443998267915,0,40273,417.4235583370586,6516477.361868574,2552.739187983875,0
2254,368.3237404712835,368.3237404712835,5103017.714250242,2258.9859924865054,0,40273,412.4510505140814,6540118.817165847,2557.365600997606,0
2255,370.3608869465895,370.3608869465895,5089962.361433218,2256.0944930195674,0,40273,414.8933839964238,6527958.053866786,2554.9868989618685,0
2256,370.8860526903881,370.8860526903881,5099766.971122092,2258.2663640771193,0,40273,414.16629414394276,6535110.291908806,2556.386178164169,0
2257,367.7105753234177,367.7105753234177,5104396.517120652,2259.2911536852994,0,40273,411.9197586052749,6550724.981895396,2559.4384114284517,0
2258,371.7079681175974,371.7079681175974,5100213.587192412,2258.3652466313797,0,40273,415.3252123379526,6539716.396289674,2557.286920994528,0
2259,372.1049338266332,372.1049338266332,5109011.140366996,2260.3121776354246,0,40273,415.19311578006256,6546610.08672329,2558.634418341802,0
2260,373.59973183025846,373.59973183025846,5108286.76274427,2260.1519335532003,0,40273,416.7876620473849,6551930.798390701,2559.673963298979,0
2261,371.8122811809401,371.8122811809401,5108725.607975567,2260.249014594535,0,40273,414.95708538220833,6545354.621367903,2558.3890676298442,0
2262,371.98440642614156,371.98440642614156,5106063.521962605,2259.6600456623128,0,40273,417.1148860080465,6547155.766204738,2558.7410510258237,0
2263,218.1604,218.1604,121433.55648888889,348.47317900935917,0,45000,218.8498,120773.0374,347.52415369294835,0
2264,218.01357777777778,218.01357777777778,121266.44286666666,348.23331670974085,0,45000,216.5954,120230.0206,346.74200870387773,0
2265,219.63104444444446,219.63104444444446,122390.25051111111,349.8431798836603,0,45000,218.047,120539.363,347.1877921240895,0
2266,217.32077777777778,217.32077777777778,120857.6222,347.6458286820079,0,45000,216.8202,119492.1078,345.67630494438004,0
2267,217.0496,217.0496,120718.99604444444,347.44639305142374,0,45000,217.8458,120643.4606,347.33767518079577,0
2268,218.1290888888889,218.1290888888889,121373.94322222222,348.3876335667244,0,45000,219.3154,121257.641,348.2206785933311,0
2269,217.96066666666667,217.96066666666667,121261.97826666667,348.2269062933918,0,45000,218.4382,120485.9826,347.11090821234643,0
2270,218.7175777777778,218.7175777777778,121598.1762,348.709300420852,0,45000,218.7762,121431.0314,348.4695559155778,0
2271,216.96415555555555,216.96415555555555,121059.31308888888,347.93578874397053,0,45000,217.615,120739.7834,347.47630624259835,0
2272,221.14697777777778,221.14697777777778,122566.53124444444,350.0950317334487,0,45000,220.292,121198.1028,348.1351789176153,0
2273,218.03595555555555,218.03595555555555,121346.20173333334,348.3478171789416,0,45000,219.1538,120900.5538,347.7075693740359,0
2274,219.90226666666666,219.90226666666666,122805.8392,350.43664077832955,0,45000,218.9048,120612.7016,347.2933941208787,0
2275,217.95737777777777,217.95737777777777,120749.29582222222,347.4899938447469,0,45000,218.2184,120390.1508,346.97283870643247,0
2276,218.2057111111111,218.2057111111111,121253.65637777778,348.2149571425354,0,45000,218.6038,120637.7146,347.32940359261266,0
2277,218.38793333333334,218.38793333333334,121168.73104444444,348.0929919496289,0,45000,219.066,120659.4248,347.36065522738755,0
2278,219.6604,219.6604,121666.55964444444,348.8073388626513,0,45000,220.2462,121709.4978,348.8688833931739,0
2279,218.84844444444445,218.84844444444445,121235.98888888888,348.18958756529304,0,45000,220.1006,121397.7786,348.42184001580614,0
2280,217.88166666666666,217.88166666666666,121443.95677777778,348.4881013431847,0,45000,219.9668,122535.3632,350.0505152117334,0
2281,224.42137777777776,224.42137777777776,126760.44822222223,356.03433573494317,0,45000,225.1534,125487.0562,354.24152241091105,0
2282,221.31826666666666,221.31826666666666,123191.05071111111,350.9858269376573,0,45000,222.076,122672.528,350.2463818514047,0
2283,220.55495555555555,220.55495555555555,123250.4418,351.0704228498892,0,45000,221.0272,121981.3636,349.25830498357516,0
2284,220.02793333333332,220.02793333333332,122901.41331111112,350.5729785809384,0,45000,219.9418,121614.991,348.733409641233,0
2285,219.12264444444443,219.12264444444443,121789.86606666667,348.984048441568,0,45000,218.8228,120654.9468,347.35420941741876,0
2286,223.34226666666666,223.34226666666666,125402.61435555556,354.12231552890813,0,45000,222.3808,123661.0428,351.65472099774234,0
2287,221.2846,221.2846,123824.45717777777,351.8869948971939,0,45000,219.7092,121877.7428,349.1099293918751,0
2288,221.45935555555556,221.45935555555556,123804.09553333334,351.858061629023,0,45000,222.0972,123100.5264,350.85684602127975,0
2289,221.57124444444443,221.57124444444443,124057.69835555555,352.21825386478133,0,45000,221.7722,122330.059,349.75714288631764,0
2290,224.33488888888888,224.33488888888888,125591.16004444445,354.3884310251175,0,45000,222.7522,123469.1894,351.38182849999515,0
2291,223.24553333333333,223.24553333333333,124901.07864444444,353.4134669822932,0,45000,223.023,123884.5874,351.9724242039424,0
2292,221.0070888888889,221.0070888888889,123360.7278,351.2274587784958,0,45000,221.2176,122615.5524,350.1650359473373,0
2293,220.52488888888888,220.52488888888888,123553.03648888889,351.5011187590857,0,45000,219.7506,121880.577,349.11398854815315,0
2294,217.9895111111111,217.9895111111111,121421.52124444445,348.455910043788,0,45000,218.1124,120863.6864,347.6545503801151,0
2295,218.15862222222222,218.15862222222222,121397.0096,348.42073646670343,0,45000,221.0478,123102.6794,350.85991421078586,0
2296,221.85097777777779,221.85097777777779,124596.57848888889,352.9824053531406,0,45000,223.5744,124919.5104,353.4395427792425,0
2297,222.38888888888889,222.38888888888889,124571.87693333333,352.94741383573466,0,45000,222.52,123580.542,351.5402423620943,0
2298,221.48871111111112,221.48871111111112,123303.29017777777,351.14568227130144,0,45000,220.945,122383.5734,349.83363674752604,0
2299,219.72935555555554,219.72935555555554,122436.60433333334,349.9094230416399,0,45000,220.44,122346.0136,349.7799502544421,0
2300,220.50017777777776,220.50017777777776,123154.22848888888,350.93336759118375,0,45000,220.7464,122645.522,350.207826868561,0
2301,219.88708888888888,219.88708888888888,122668.72988888889,350.240959753266,0,45000,219.301,120925.7814,347.74384451777144,0
2302,218.36277777777778,218.36277777777778,121168.98411111112,348.0933554538367,0,45000,218.9692,121425.59,348.46174825940363,0
2303,219.33615555555556,219.33615555555556,122538.35286666667,350.05478552173327,0,45000,219.3942,121450.9706,348.4981644141042,0
2304,222.39086666666665,222.39086666666665,124670.86713333333,353.0876196262527,0,45000,220.9076,122091.1924,349.41550108717274,0
2305,220.30913333333334,220.30913333333334,122646.33104444445,350.2089819585506,0,45000,219.9672,121386.6248,348.40583347584754,0
2306,218.34364444444444,218.34364444444444,121215.35146666666,348.1599509803887,0,45000,219.0222,120400.6342,346.9879453237533,0
2307,218.42822222222222,218.42822222222222,121387.72715555555,348.40741547153607,0,45000,219.0566,121392.6826,348.4145269646488,0
2308,220.3426888888889,220.3426888888889,122258.49824444445,349.65482728605997,0,45000,220.6688,121268.3272,348.23602226076497,0
2309,221.64551111111112,221.64551111111112,123920.1516,352.02294186600966,0,45000,222.072,123049.0188,350.7834357548828,0
2310,221.08635555555554,221.08635555555554,123521.32733333333,351.4560105238397,0,45000,220.7212,121612.6524,348.73005663406764,0
2311,220.46855555555555,220.46855555555555,122622.21593333334,350.17455066485536,0,45000,220.6008,122362.2068,349.8030971846876,0
2312,221.31588888888888,221.31588888888888,122890.27731111112,350.55709565078143,0,45000,221.9006,122444.0762,349.92009973706854,0
2313,221.21408888888888,221.21408888888888,123524.91235555556,351.4611107299861,0,45000,221.9658,122937.2894,350.6241426370979,0
2314,219.58564444444445,219.58564444444445,122854.95715555556,350.50671485087923,0,45000,219.1224,122001.9152,349.28772552152475,0
2315,224.9029111111111,224.9029111111111,126793.92566666666,356.0813469794039,0,45000,222.979,124083.519,352.2549062823682,0
2316,220.56475555555556,220.56475555555556,123469.70142222222,351.38255708304905,0,45000,218.975,121304.9114,348.28854617974446,0
2317,219.34433333333334,219.34433333333334,121946.4918888889,349.2083788927306,0,45000,220.6818,122638.1706,350.19733094356957,0
2318,219.66875555555555,219.66875555555555,122778.19595555555,350.397197413957,0,45000,219.672,122206.7904,349.5808781955901,0
2319,221.01042222222222,221.01042222222222,123559.66993333334,351.51055451199943,0,45000,221.2982,123057.7482,350.7958782540069,0
2320,221.8944888888889,221.8944888888889,124783.10444444444,353.24652078179685,0,45000,221.6804,123282.446,351.1160007746727,0
2321,219.57815555555555,219.57815555555555,122254.72522222222,349.6494318917481,0,45000,220.7012,122740.6916,350.3436764093224,0
2322,218.2424,218.2424,121248.69986666666,348.2078400419305,0,45000,219.4908,121456.0564,348.5054610762936,0
2323,220.6694222222222,220.6694222222222,123495.37635555555,351.4190893442693,0,45000,221.1898,123116.9698,350.88027844266196,0
2324,220.35784444444445,220.35784444444445,122780.9425111111,350.40111659512604,0,45000,220.7818,122419.0134,349.8842857288678,0
2325,221.75104444444443,221.75104444444443,123560.43873333333,351.5116480763238,0,45000,222.8598,122817.3314,350.45303736734826,0
2326,220.18926666666667,220.18926666666667,122761.9986888889,350.3740839287188,0,45000,221.4212,122645.414,350.2076726743719,0
2327,220.45513333333332,220.45513333333332,123380.00926666666,351.2549063951515,0,45000,221.0884,123709.4248,351.72350618063615,0
2328,219.13824444444444,219.13824444444444,121471.02602222223,348.526937297854,0,45000,219.145,120809.075,347.57599888369737,0
2329,220.0439111111111,220.0439111111111,122562.93293333333,350.0898926466363,0,45000,220.374,122663.9664,350.23415938483214,0
2330,218.96357777777777,218.96357777777777,122353.55811111111,349.7907347416611,0,45000,218.8102,121460.9674,348.5125068057099,0
2331,217.84806666666665,217.84806666666665,121308.52913333333,348.29373972745094,0,45000,217.534,120489.2184,347.1155692273108,0
2332,221.35597777777778,221.35597777777778,123364.2238,351.2324355750761,0,45000,221.3088,122618.7824,350.16964802792376,0
2333,218.8636,218.8636,121877.10204444444,349.10901169182733,0,45000,220.6398,121960.5166,349.2284590350563,0
2334,220.9294,220.9294,123481.75744444445,351.39971178765137,0,45000,219.3924,121423.4836,348.45872581985947,0
2335,218.9935111111111,218.9935111111111,121895.88786666667,349.13591603652964,0,45000,218.4738,121146.813,348.0615074954425,0
2336,222.17733333333334,222.17733333333334,123936.56764444444,352.04625781911733,0,45000,222.6366,122924.1598,350.60541895412854,0
2337,220.0348,220.0348,122405.03248888889,349.86430582282736,0,45000,221.0536,121814.5388,349.0193960226279,0
2338,222.48964444444445,222.48964444444445,125213.47404444445,353.8551596973604,0,45000,226.4022,127603.063,357.2157093410087,0
2339,219.66188888888888,219.66188888888888,123249.08526666666,351.06849084853326,0,45000,223.4018,124938.9934,353.46710370273496,0
2340,226.5653111111111,226.5653111111111,130036.63242222222,360.6059239976823,0,45000,227.3658,129378.0558,359.69161207901413,0
2341,218.33466666666666,218.33466666666666,122102.45644444444,349.4316191251794,0,45000,220.834,123846.8356,351.91879120047,0
2342,224.23871111111112,224.23871111111112,128008.8464,357.78323940620805,0,45000,224.731,127633.9694,357.25896685737644,0
2343,219.15642222222223,219.15642222222223,122609.81206666667,350.1568392401706,0,45000,219.21,121413.3144,348.44413382922664,0
2344,218.84593333333333,218.84593333333333,122576.14224444445,350.10875773742714,0,45000,219.0114,121502.9202,348.5726899801532,0
2345,220.35313333333335,220.35313333333335,123439.54522222222,351.3396436814699,0,45000,220.305,122400.9494,349.8584705277264,0
2346,220.61004444444444,220.61004444444444,123591.80044444444,351.5562550210769,0,45000,220.6534,122026.561,349.3230038231093,0
2347,220.38275555555555,220.38275555555555,123448.47528888889,351.3523520469002,0,45000,221.7112,123110.1876,350.8706137595453,0
2348,220.07922222222223,220.07922222222223,122748.6450888889,350.35502720653074,0,45000,220.3634,122002.2066,349.28814265588807,0
2349,220.07597777777778,220.07597777777778,123185.50824444444,350.9779312783703,0,45000,220.267,122009.9258,349.2991923838359,0
2350,220.12226666666666,220.12226666666666,123346.92693333334,351.20781160636693,0,45000,220.3858,122455.2798,349.93610816833404,0
2351,227.76486666666668,227.76486666666668,130154.34397777778,360.76910064164,0,45000,223.8084,125924.34,354.8581970308703,0
2352,220.593,220.593,123641.29882222222,351.62664691718436,0,45000,219.235,121804.1342,349.00449022899403,0
2353,219.20968888888888,219.20968888888888,122397.85564444444,349.854049061097,0,45000,219.8308,122110.7996,349.44355710185874,0
2354,219.94904444444444,219.94904444444444,122604.44233333334,350.14917154454804,0,45000,220.2972,121435.008,348.4752616757752,0
2355,222.19126666666668,222.19126666666668,124927.52144444444,353.4508755745902,0,45000,221.7838,123927.5566,352.0334594892934,0
2356,217.89051111111112,217.89051111111112,121284.06802222223,348.2586223228683,0,45000,216.417,119637.4034,345.88640245028427,0
2357,225.98995555555555,225.98995555555555,128184.64062222223,358.0288265240974,0,45000,225.6466,126256.0818,355.32531826482614,0
2358,221.4781111111111,221.4781111111111,123684.79055555556,351.68848510515033,0,45000,222.2722,123242.6058,351.05926251845284,0
2359,220.20426666666665,220.20426666666665,123116.71355555556,350.87991329734956,0,45000,219.9198,122635.2194,350.1931172938726,0
2360,221.56348888888888,221.56348888888888,124685.38153333333,353.1081725666136,0,45000,222.039,124588.0726,352.97035654570203,0
2361,222.96075555555555,222.96075555555555,125203.80542222223,353.8414975977552,0,45000,221.0504,122887.4684,350.5530892746489,0
2362,217.95031111111112,217.95031111111112,121898.2604,349.1393137416639,0,45000,218.7988,122180.1812,349.5428174058223,0
2363,220.24275555555556,220.24275555555556,122840.9568,350.4867426879368,0,45000,220.469,122466.6214,349.9523130370765,0
2364,220.03266666666667,220.03266666666667,122949.3308,350.6413135955317,0,45000,220.2326,122906.7826,350.5806363734312,0
2365,218.04548888888888,218.04548888888888,121616.69517777777,348.73585301453846,0,45000,218.224,121518.9944,348.59574638827706,0
2366,224.45573333333334,224.45573333333334,126549.53186666667,355.7380101516658,0,45000,223.2998,124195.8354,352.41429511301044,0
2367,219.6872,219.6872,122670.36564444445,350.24329493145825,0,45000,220.6844,122648.0008,350.2113658920852,0
2368,219.88946666666666,219.88946666666666,122854.12075555556,350.5055217190673,0,45000,221.0586,122473.641,349.96234225984944,0
2369,219.78013333333334,219.78013333333334,123428.95671111111,351.3245745903795,0,45000,220.7094,123023.5326,350.7471063316132,0
2370,220.9069111111111,220.9069111111111,123139.86775555556,350.91290622539884,0,45000,220.7518,122021.2922,349.31546229733374,0
2371,216.87055555555557,216.87055555555557,120541.07984444444,347.1902646164556,0,45000,216.6232,119733.3992,346.0251424391008,0
2372,218.16553333333334,218.16553333333334,121872.98077777778,349.1031090921102,0,45000,219.9934,122582.8682,350.1183631288139,0
2373,217.9838,217.9838,121113.12677777778,348.0131129394089,0,45000,218.3384,120283.9032,346.8196984024985,0
2374,221.2666888888889,221.2666888888889,122904.52277777778,350.57741338793886,0,45000,221.339,122307.8322,349.7253668237407,0
2375,219.633,219.633,122367.49055555556,349.8106495742455,0,45000,220.401,122160.9686,349.515333855326,0
2376,219.8086,219.8086,123001.62117777778,350.7158695835958,0,45000,221.0984,122318.714,349.740924113836,0
2377,221.38382222222222,221.38382222222222,123706.24537777778,351.7189863765927,0,45000,221.4224,122175.5,349.53612116632524,0
2378,220.81984444444444,220.81984444444444,123277.29006666667,351.1086584900274,0,45000,220.311,121667.9698,348.80936025284643,0
2379,218.8316,218.8316,121570.5424888889,348.66967532162715,0,45000,222.0482,123035.673,350.764412390995,0
2380,222.29862222222224,222.29862222222224,124288.18515555556,352.54529518283965,0,45000,222.3362,123409.4462,351.29680641873193,0
2381,223.17335555555556,223.17335555555556,124854.19313333333,353.3471283785017,0,45000,223.7774,124073.275,352.2403653756906,0
2382,220.57597777777778,220.57597777777778,123708.29366666666,351.72189819041216,0,45000,220.7336,122799.72,350.427909847375,0
2383,221.8201777777778,221.8201777777778,125376.6836888889,354.0857010511564,0,45000,222.4182,126175.6026,355.2120530049621,0
2384,218.79844444444444,218.79844444444444,121865.84915555555,349.09289473656656,0,45000,219.3496,121105.5544,348.002233326167,0
2385,225.0771777777778,225.0771777777778,129011.35628888888,359.18150883486317,0,45000,225.915,128676.9134,358.7156442086127,0
2386,218.87715555555556,218.87715555555556,122050.52222222222,349.3572987962642,0,45000,218.5246,121013.6934,347.87022494027855,0
2387,218.3625111111111,218.3625111111111,121724.73197777777,348.8907163823334,0,45000,217.593,119874.9326,346.2295952110391,0
2388,219.881,219.881,123058.97771111112,350.7976307090901,0,45000,220.2276,122673.2016,350.24734345887623,0
2389,219.70444444444445,219.70444444444445,122407.31764444444,349.86757158165494,0,45000,219.3246,121630.8802,348.7561901959591,0
2390,219.26917777777777,219.26917777777777,122349.51722222222,349.7849585419908,0,45000,219.7952,121703.9492,348.86093103126353,0
2391,217.36762222222222,217.36762222222222,120803.19837777778,347.56754505819123,0,45000,218.0064,120167.166,346.65136088006346,0
2392,219.22206666666668,219.22206666666668,122359.9366,349.79985220122666,0,45000,219.6308,121988.276,349.26820067106024,0
2393,220.252,220.252,123825.28124444444,351.88816582039874,0,45000,221.357,123640.3798,351.6253400993734,0
2394,220.70224444444443,220.70224444444443,123870.1717111111,351.9519451730749,0,45000,221.1002,123062.2718,350.8023258189717,0
2395,219.42115555555554,219.42115555555554,122789.36853333333,350.4131397840745,0,45000,218.927,121390.2166,348.41098805864317,0
2396,220.0844888888889,220.0844888888889,123076.2780888889,350.8222884722248,0,45000,220.7876,122903.962,350.5766135953738,0
2397,220.25504444444445,220.25504444444445,123068.37131111111,350.81101936956185,0,45000,221.9858,122954.0766,350.6480808445984,0
2398,220.76344444444445,220.76344444444445,123817.1414,351.87659967664797,0,45000,220.854,122541.3416,350.05905444653195,0
2399,221.2625111111111,221.2625111111111,124066.75095555556,352.23110446914757,0,45000,221.7482,122911.2234,350.5869698092044,0
2400,220.32675555555556,220.32675555555556,123128.89035555556,350.89726467380103,0,45000,220.6062,122273.3706,349.6760938354236,0
2401,220.15017777777777,220.15017777777777,123743.20586666667,351.77152509358496,0,45000,222.3114,124758.7262,353.21201310261233,0
2402,221.0856,221.0856,124759.09057777778,353.21252890827327,0,45000,221.0684,123585.2348,351.54691692574977,0
2403,220.93966666666665,220.93966666666665,124817.86686666666,353.2957215516014,0,45000,220.2472,123160.8324,350.9427765320153,0
2404,219.70346666666666,219.70346666666666,123195.38862222222,350.992006493342,0,45000,218.8792,121410.2028,348.43966880939377,0
2405,218.7188888888889,218.7188888888889,121815.14875555555,349.0202698347985,0,45000,219.2572,121018.6464,347.8773439015539,0
2406,218.31671111111112,218.31671111111112,121659.53631111111,348.7972710775001,0,45000,218.9444,121232.1208,348.18403294809485,0
2407,218.28086666666667,218.28086666666667,121763.72615555556,348.9465949906311,0,45000,219.0182,121620.093,348.7407246078381,0
2408,219.37151111111112,219.37151111111112,122095.53026666667,349.4217083506213,0,45000,220.8806,121893.8194,349.1329537583068,0
2409,220.0956,220.0956,122611.93497777778,350.1598705988134,0,45000,218.5428,120495.6196,347.1247896650425,0
2410,220.64504444444444,220.64504444444444,123100.9674,350.8574744821606,0,45000,221.7014,122061.8722,349.3735425014321,0
2411,219.61377777777778,219.61377777777778,122537.97742222222,350.05424925605774,0,45000,218.6386,120593.1658,347.2652671949788,0
2412,221.61193333333333,221.61193333333333,123646.91975555556,351.63463958426445,0,45000,219.1518,121013.5594,347.8700323396656,0
2413,220.35193333333333,220.35193333333333,123452.28806666666,351.3577778656204,0,45000,220.5098,122175.3802,349.53594979629776,0
2414,218.58971111111111,218.58971111111111,121971.2358,349.24380567162535,0,45000,218.97,121289.5416,348.26648072991463,0
2415,218.40342222222222,218.40342222222222,121750.95071111112,348.92828878024653,0,45000,219.0022,122288.1098,349.69716870458075,0
2416,218.17544444444445,218.17544444444445,121508.06957777777,348.58007627771525,0,45000,218.5606,121467.9586,348.5225367174984,0
2417,218.31533333333334,218.31533333333334,121920.99742222222,349.171873755923,0,45000,218.0412,120996.5448,347.84557608226095,0
2418,218.54942222222223,218.54942222222223,121904.03142222222,349.14757828491696,0,45000,219.1594,121720.3694,348.88446425715205,0
2419,218.61513333333335,218.61513333333335,121938.52206666667,349.1969674362403,0,45000,219.2554,121592.819,348.70161886633105,0
2420,220.05673333333334,220.05673333333334,123287.8322,351.1236708056009,0,45000,222.2342,124028.6146,352.17696489123193,0
2421,216.67353333333332,216.67353333333332,120629.49317777778,347.31756819628026,0,45000,219.261,122222.7806,349.6037479776211,0
2422,217.48435555555557,217.48435555555557,120683.01164444444,347.39460508828347,0,45000,217.359,120320.4842,346.87243217067567,0
2423,219.00671111111112,219.00671111111112,122358.27764444445,349.7974809006555,0,45000,219.201,121899.229,349.1407008642791,0
2424,219.07975555555555,219.07975555555555,122270.04886666666,349.67134407421304,0,45000,219.4006,122301.0966,349.71573684923015,0
2425,217.64342222222223,217.64342222222223,121802.18733333334,349.0017010464753,0,45000,217.9382,121433.0318,348.47242616884336,0
2426,218.92808888888888,218.92808888888888,121675.74586666666,348.82050666018284,0,45000,218.4098,120324.9262,346.878835041863,0
2427,218.1254888888889,218.1254888888889,121353.98157777778,348.35898377647413,0,45000,217.3934,120284.811,346.821007149221,0
2428,218.32791111111112,218.32791111111112,121561.13768888889,348.6561883702753,0,45000,218.9288,120810.8548,347.57855917763396,0
2429,222.05486666666667,222.05486666666667,124787.84513333334,353.25323088873984,0,45000,222.3416,123170.2916,350.95625311425925,0
2430,217.652,217.652,121530.85448888889,348.6127572090397,0,45000,217.0998,120321.4002,346.8737525382974,0
2431,217.47375555555556,217.47375555555556,121407.79415555556,348.4362124629924,0,45000,218.3976,120958.1036,347.7903155638466,0
2432,217.73486666666668,217.73486666666668,121531.37384444445,348.6135020971569,0,45000,219.0354,121464.4574,348.51751376365576,0
2433,220.33853333333334,220.33853333333334,122462.71595555556,349.94673302597863,0,45000,220.5614,121869.1754,349.0976588291591,0
2434,218.46862222222222,218.46862222222222,121643.48746666667,348.77426434108736,0,45000,219.0528,122257.084,349.65280493655416,0
2435,218.3724222222222,218.3724222222222,121561.58268888888,348.65682653418514,0,45000,218.4092,121257.0676,348.2198552638835,0
2436,218.50022222222222,218.50022222222222,121778.55111111111,348.9678367860154,0,45000,218.9094,121560.0542,348.65463455976027,0
2437,217.9321111111111,217.9321111111111,121485.60606666666,348.547853338199,0,45000,218.0172,121066.1624,347.9456313851347,0
2438,218.26413333333332,218.26413333333332,121991.12777777777,349.27228315138,0,45000,218.8958,121065.177,347.9442153564275,0
2439,222.85628888888888,222.85628888888888,125563.25877777778,354.34906346394905,0,45000,222.1362,123066.4606,350.80829608206244,0
2440,226.57926666666665,226.57926666666665,129619.28153333333,360.02677891142116,0,45000,223.954,124979.5788,353.5245094756515,0
2441,221.4615777777778,221.4615777777778,124342.25668888888,352.62197420026007,0,45000,219.6786,122079.959,349.39942615865874,0
2442,217.44544444444443,217.44544444444443,120636.03264444445,347.326982315576,0,45000,217.2518,120181.7586,346.6724081896337,0
2443,216.42475555555555,216.42475555555555,120134.73364444444,346.60457822199123,0,45000,218.7902,121684.2234,348.83265816147434,0
2444,223.08022222222223,223.08022222222223,127250.84644444444,356.7223660557948,0,45000,221.1446,124142.3982,352.33847107575406,0
2445,218.8282888888889,218.8282888888889,122334.8206,349.763949829024,0,45000,218.3186,120462.5774,347.07719227860537,0
2446,220.05473333333333,220.05473333333333,122564.25046666666,350.0917743487651,0,45000,219.4244,121027.2952,347.88977449761296,0
2447,218.9769777777778,218.9769777777778,122445.42093333333,349.9220212180613,0,45000,222.863,125938.4474,354.8780739916176,0
2448,217.71435555555556,217.71435555555556,121401.80684444445,348.4276206681159,0,45000,221.98,125450.1928,354.1894871392995,0
2449,222.93933333333334,222.93933333333334,126716.51524444444,355.9726327183656,0,45000,224.7462,128245.4686,358.11376488484774,0
2450,221.34851111111112,221.34851111111112,123850.70362222222,351.9242867751844,0,45000,221.6446,122525.7374,350.0367657832531,0
2451,220.4206,220.4206,123213.60042222223,351.0179488604852,0,45000,217.8678,119398.905,345.5414663973052,0
2452,221.83655555555555,221.83655555555555,124119.7002,352.3062590985292,0,45000,221.2618,122474.205,349.9631480599065,0
2453,219.43782222222222,219.43782222222222,122692.78946666667,350.2753052481243,0,45000,217.7286,121083.4738,347.97050708357455,0
2454,216.69015555555555,216.69015555555555,120069.60277777778,346.51060990650456,0,45000,216.186,118586.618,344.3640776852313,0
2455,220.92984444444446,220.92984444444446,122953.36291111111,350.64706317194657,0,45000,220.3054,122110.9058,349.4437090576964,0
2456,217.80882222222223,217.80882222222223,121716.33664444444,348.878684709233,0,45000,219.855,123542.4018,351.48599090148673,0
2457,220.69853333333333,220.69853333333333,124241.70435555556,352.4793672763777,0,45000,221.5604,123367.6084,351.2372537189072,0
2458,221.8906888888889,221.8906888888889,126264.95504444445,355.33780413072355,0,45000,222.801,126081.9746,355.08023684795523,0
2459,217.29873333333333,217.29873333333333,121808.75246666667,349.01110650904315,0,45000,218.8914,121644.9966,348.7764278158717,0
2460,221.6655111111111,221.6655111111111,124199.54342222222,352.4195559588347,0,45000,221.4244,122793.3952,350.41888533582204,0
2461,218.634,218.634,122106.09435555556,349.4368245556778,0,45000,219.4502,122264.3726,349.6632274060285,0
2462,216.97606666666667,216.97606666666667,121213.44211111112,348.15720890297695,0,45000,216.9388,120620.5,347.30462133406746,0
2463,219.4526888888889,219.4526888888889,122084.59566666666,349.4060612906803,0,45000,218.8716,121165.22,348.0879486566578,0
2464,218.80097777777777,218.80097777777777,121765.2320888889,348.94875281176877,0,45000,219.5816,122278.8652,349.6839504466855,0
2465,219.62282222222223,219.62282222222223,122178.64926666666,349.54062606035745,0,45000,220.9438,121995.8306,349.27901540172724,0
2466,220.73695555555557,220.73695555555557,123431.41051111111,351.3280667853212,0,45000,222.2874,123309.8318,351.15499683188335,0
2467,219.77355555555556,219.77355555555556,123184.37004444444,350.97630980515544,0,45000,218.1292,120788.7276,347.54672721808214,0
2468,216.27155555555555,216.27155555555555,121180.5779111111,348.11000834665913,0,45000,215.8112,120657.8564,347.3583976241254,0
2469,222.4779111111111,222.4779111111111,126746.76853333334,356.01512402331076,0,45000,221.6024,123837.928,351.9061352122182,0
2470,220.7458,220.7458,123783.23113333333,351.82841149249634,0,45000,220.2072,122512.2348,350.01747784932115,0
2471,222.1955111111111,222.1955111111111,124874.55373333333,353.3759382489608,0,45000,222.634,124478.9596,352.815758718343,0
2472,218.99022222222223,218.99022222222223,121607.10124444445,348.72209744213865,0,45000,220.0924,120759.244,347.50430788696707,0
2473,217.9153777777778,217.9153777777778,121036.83617777778,347.9034868721177,0,45000,218.7856,121065.1996,347.94424783289634,0
2474,217.8680222222222,217.8680222222222,121208.5474,348.15017937665925,0,45000,219.1196,121177.6128,348.10574944979004,0
2475,218.4682,218.4682,121835.0962,349.0488450059676,0,45000,218.3304,121341.3576,348.340864097223,0
2476,218.09684444444446,218.09684444444446,121616.3772,348.73539711362827,0,45000,218.201,121236.8986,348.19089390735076,0
2477,218.26211111111112,218.26211111111112,122242.14113333334,349.6314361343003,0,45000,218.272,121054.2664,347.9285363404387,0
2478,218.35162222222223,218.35162222222223,122338.3466,349.7689903350496,0,45000,218.2388,121215.134,348.1596386716875,0
2479,218.34537777777777,218.34537777777777,121906.07911111112,349.1505106843052,0,45000,218.831,121824.5818,349.0337831786488,0
2480,218.86317777777776,218.86317777777776,122711.94842222222,350.3026526051754,0,45000,218.5378,121383.285,348.4010404691697,0
2481,219.32806666666667,219.32806666666667,123029.75731111111,350.75597972252893,0,45000,218.4964,121686.5524,348.83599642238755,0
2482,219.48997777777777,219.48997777777777,123006.56428888888,350.72291668621955,0,45000,220.9158,122513.1786,350.0188260651132,0
2483,217.9210888888889,217.9210888888889,121838.9318888889,349.05433945001874,0,45000,218.4078,121104.6166,348.00088591841256,0
2484,217.47153333333333,217.47153333333333,121512.28868888889,348.5861280786843,0,45000,217.1178,120148.913,346.6250322755124,0
2485,217.8393111111111,217.8393111111111,121890.58415555555,349.128320471937,0,45000,218.1224,121643.27,348.7739525824714,0
2486,218.448,218.448,122303.66862222222,349.71941413399145,0,45000,218.458,121526.6824,348.60677331342833,0
2487,219.66642222222222,219.66642222222222,123067.88548888889,350.81032694162366,0,45000,218.7298,121070.2114,347.9514497742465,0
2488,221.09553333333332,221.09553333333332,124200.31228888889,352.42064679710364,0,45000,219.3972,121091.182,347.9815828459891,0
2489,219.14826666666667,219.14826666666667,122776.49342222222,350.3947679721006,0,45000,218.617,121871.6002,349.10113176556735,0
2490,218.93386666666666,218.93386666666666,122392.59386666666,349.84652901903524,0,45000,219.3242,122370.985,349.8156443042535,0
2491,221.45711111111112,221.45711111111112,125194.38195555555,353.82818140384967,0,45000,224.2942,127675.565,357.31717702903677,0
2492,221.02602222222222,221.02602222222222,124572.42255555556,352.9481867860431,0,45000,219.7092,122280.5972,349.6864269599265,0
2493,221.35337777777778,221.35337777777778,124666.07008888888,353.08082656650856,0,45000,221.1036,124530.41,352.88866516225767,0
2494,221.27326666666667,221.27326666666667,124938.3566,353.466202910547,0,45000,220.1184,123102.6768,350.85991050560335,0
2495,218.69024444444443,218.69024444444443,122612.59966666666,350.16081971954924,0,45000,219.453,122228.6702,349.6121711268073,0
2496,220.47506666666666,220.47506666666666,122762.33871111111,350.37456915579804,0,45000,220.4318,121258.289,348.2216090365444,0
2497,219.45648888888888,219.45648888888888,122815.24026666666,350.4500538830985,0,45000,218.5614,121056.8618,347.9322661093679,0
2498,217.6072,217.6072,120805.38675555556,347.570693177022,0,45000,217.4718,120008.1706,346.4219545583103,0
2499,219.1615111111111,219.1615111111111,122890.47284444445,350.557374540095,0,45000,219.1926,123282.117,351.1155322682265,0
2500,218.7444,218.7444,122381.75573333334,349.8310388363693,0,45000,219.749,122935.7442,350.6219391310247,0
2501,219.45546666666667,219.45546666666667,123087.7596888889,350.83865193118174,0,45000,220.3692,123759.776,351.79507671370277,0
2502,219.1742,219.1742,122639.29628888889,350.19893816071016,0,45000,221.7888,124851.512,353.3433344496539,0
2503,220.50117777777777,220.50117777777777,125796.91686666667,354.67861066981,0,45000,220.0338,123683.2554,351.68630254816577,0
2504,217.89193333333333,217.89193333333333,121332.53202222222,348.3281958472817,0,45000,218.0884,120100.8728,346.5557282746889,0
2505,219.37037777777778,219.37037777777778,122822.42864444444,350.4603096563781,0,45000,219.0236,121245.226,348.2028517976267,0
2506,219.47715555555556,219.47715555555556,122963.33786666667,350.66128652399976,0,45000,219.5684,122417.1648,349.8816439883636,0
2507,218.57413333333332,218.57413333333332,121791.87431111111,348.9869257022548,0,45000,219.1024,121255.3228,348.2173499410964,0
2508,218.45706666666666,218.45706666666666,121712.1272,348.87265183731444,0,45000,218.6122,121351.9798,348.3561106109666,0
2509,219.7471111111111,219.7471111111111,123054.25311111112,350.7908965624837,0,45000,220.7864,123492.2672,351.41466560176457,0
2510,217.75535555555555,217.75535555555555,121511.11588888889,348.5844458504838,0,45000,218.7028,121602.0248,348.7148187272804,0
2511,218.40488888888888,218.40488888888888,121661.58155555556,348.80020291788185,0,45000,219.0202,121831.281,349.04337982548816,0
2512,220.20646666666667,220.20646666666667,122505.72086666667,350.00817257125107,0,45000,220.815,122435.3994,349.907701258489,0
2513,218.7727111111111,218.7727111111111,121695.9232,348.8494276905152,0,45000,218.4682,120941.1182,347.76589568271356,0
2514,218.75877777777777,218.75877777777777,122396.74762222222,349.85246550828,0,45000,219.2938,122378.8006,349.8268151528696,0
2515,218.97608888888888,218.97608888888888,122576.1492,350.10876767084824,0,45000,219.733,122584.2106,350.12028018953714,0
2516,225.47615555555555,225.47615555555555,129285.6514,359.563139657001,0,45000,222.3048,125139.7964,353.7510373129668,0
2517,217.86457777777778,217.86457777777778,121387.96226666667,348.40775287967784,0,45000,218.189,120515.0138,347.15272402791254,0
2518,218.10093333333333,218.10093333333333,122154.52328888889,349.50611337841985,0,45000,218.3192,121316.06,348.30455064497795,0
2519,218.87771111111113,218.87771111111113,122393.537,349.8478769408212,0,45000,219.1844,122197.6704,349.56783376048776,0
2520,218.47444444444446,218.47444444444446,122257.5252888889,349.6534359746646,0,45000,218.9606,121642.1974,348.7724149069132,0
2521,217.6968,217.6968,121683.52186666666,348.83165261579495,0,45000,218.7268,121849.3928,349.0693237739461,0
2522,218.86637777777779,218.86637777777779,122314.9793111111,349.7355848510573,0,45000,218.0976,120380.5256,346.95896817923585,0
2523,218.1484,218.1484,120685.3168,347.3979228492882,0,45000,218.0578,119921.8902,346.29740137633144,0
2524,221.0479777777778,221.0479777777778,124433.38566666667,352.75116678285656,0,45000,218.5008,121049.4248,347.9215785202177,0
2525,221.52022222222223,221.52022222222223,124642.72391111111,353.04776434798606,0,45000,221.1986,123199.0042,350.997156968543,0
2526,222.88802222222222,222.88802222222222,126559.74922222222,355.75237064877336,0,45000,219.7082,122611.7302,350.1595781925721,0
2527,217.0954,217.0954,121103.90091111111,347.99985763087767,0,45000,216.1574,120176.7026,346.66511592601876,0
2528,219.50913333333332,219.50913333333332,123004.52215555556,350.7200053540653,0,45000,221.0452,124067.59,352.2322955096537,0
2529,217.79684444444445,217.79684444444445,122367.27884444444,349.81034696595873,0,45000,216.3248,120334.5464,346.89270156634893,0
2530,221.67715555555554,221.67715555555554,126092.25622222222,355.0947144385878,0,45000,220.026,123658.8112,351.65154798464914,0
2531,219.18068888888888,219.18068888888888,123466.37233333333,351.3778199222787,0,45000,219.0816,122882.5448,350.5460665875457,0
2532,218.87853333333334,218.87853333333334,123317.34875555556,351.1656998562866,0,45000,220.1004,122916.05,350.5938533403003,0
2533,221.07642222222222,221.07642222222222,124150.8782,352.3505047534344,0,45000,221.4226,123899.8058,351.9940422791272,0
2534,220.15124444444444,220.15124444444444,123269.04546666666,351.0969174838575,0,45000,220.0516,122662.0864,350.2314754558762,0
2535,219.16511111111112,219.16511111111112,123178.9860888889,350.96863975131583,0,45000,219.3036,122614.9212,350.1641346568777,0
2536,217.6215777777778,217.6215777777778,121429.903,348.4679368320707,0,45000,217.7458,120749.4322,347.4901900773603,0
2537,222.34466666666665,222.34466666666665,125233.72604444444,353.88377476855936,0,45000,221.5702,122867.8126,350.5250527423111,0
2538,216.08811111111112,216.08811111111112,119954.44242222222,346.3443985720315,0,45000,217.3,120528.6148,347.1723128361477,0
2539,219.51035555555555,219.51035555555555,122922.22368888889,350.6026578462988,0,45000,219.539,121573.407,348.6737830695047,0
2540,219.55242222222222,219.55242222222222,122849.6266888889,350.49911082467656,0,45000,218.6074,121606.2506,348.72087778049655,0
2541,221.03322222222224,221.03322222222224,124233.74971111112,352.468083251677,0,45000,219.8892,122695.5444,350.27923775182563,0
2542,219.55782222222223,219.55782222222223,123250.16631111111,351.0700304940755,0,45000,220.309,123452.3354,351.35784522335626,0
2543,227.8704888888889,227.8704888888889,131602.60191111112,362.77072912669115,0,45000,227.0776,129266.8524,359.5369972617561,0
2544,218.81044444444444,218.81044444444444,122420.15595555556,349.8859184870914,0,45000,219.2726,121670.4626,348.81293353314754,0
2545,218.10451111111112,218.10451111111112,121945.77873333334,349.20735778808177,0,45000,217.2242,120525.5562,347.1679077910284,0
2546,219.7085111111111,219.7085111111111,122530.49126666666,350.04355624217203,0,45000,219.6626,121713.1466,348.8741128258157,0
2547,218.80986666666666,218.80986666666666,122376.26884444445,349.82319654997787,0,45000,220.1654,122006.9942,349.2949959561402,0
2548,219.0646,219.0646,122469.04753333333,349.95577939695943,0,45000,219.4762,121531.7638,348.61406139167707,0
2549,216.8066,216.8066,120972.11433333333,347.81045748127434,0,45000,217.609,120633.7478,347.3236931163781,0
2550,219.18591111111112,219.18591111111112,122247.05937777778,349.6384695335709,0,45000,218.8536,121010.5444,347.86569879768257,0
2551,219.78102222222222,219.78102222222222,123002.69795555556,350.7174046943715,0,45000,219.7518,122073.1782,349.3897225162755,0
2552,219.66484444444444,219.66484444444444,122592.54471111111,350.13218177012965,0,45000,220.0046,121925.9234,349.1789274856087,0
2553,219.53642222222223,219.53642222222223,122625.7462,350.17959135278,0,45000,219.2978,121549.787,348.6399102225676,0
2554,218.76204444444446,218.76204444444446,122450.66906666667,349.9295201417946,0,45000,217.1264,120094.5036,346.54653886599414,0
2555,220.3475777777778,220.3475777777778,123753.23633333333,351.78578188058333,0,45000,220.4746,122072.939,349.3893802049513,0
2556,221.2688222222222,221.2688222222222,124263.87597777777,352.51081682379305,0,45000,221.235,123082.6246,350.83133354932824,0
2557,221.49813333333333,221.49813333333333,124543.88231111111,352.9077532601276,0,45000,221.7324,123600.3296,351.5683853818486,0
2558,217.9541111111111,217.9541111111111,121220.90233333333,348.16792260823416,0,45000,217.3884,120106.4356,346.5637540193723,0
2559,219.42724444444445,219.42724444444445,123201.74733333333,351.0010645757835,0,45000,219.0438,121811.811,349.01548819500834,0
2560,220.82335555555557,220.82335555555557,123516.9394,351.4497679612266,0,45000,220.9954,123020.7018,350.7430709222921,0
2561,218.86826666666667,218.86826666666667,122069.56924444444,349.38455782195706,0,45000,220.276,121688.5332,348.83883556737203,0
2562,217.5960888888889,217.5960888888889,121359.08968888888,348.36631537634184,0,45000,219.0562,121632.2206,348.7581118769856,0
2563,218.31886666666668,218.31886666666668,121813.56975555555,349.0180077811968,0,45000,218.8474,121270.8178,348.23959826533223,0
2564,217.73264444444445,217.73264444444445,121452.32175555556,348.50010294913193,0,45000,217.5884,121404.5036,348.43149054010604,0
2565,217.41566666666668,217.41566666666668,121019.10424444445,347.87800195534703,0,45000,217.921,120588.3558,347.25834158447515,0
2566,220.66426666666666,220.66426666666666,123482.3059111111,351.4004921896256,0,45000,220.8634,122962.0786,350.6594909595347,0
2567,216.71315555555555,216.71315555555555,121075.76377777777,347.959428350171,0,45000,216.7628,120983.3208,347.8265671279294,0
2568,218.47715555555556,218.47715555555556,122354.10066666667,349.79151028386417,0,45000,218.8544,121792.9416,348.9884548233652,0
2569,216.62993333333333,216.62993333333333,120934.17006666667,347.7559058688532,0,45000,216.8282,119627.3254,345.87183377661734,0
2570,217.7792,217.7792,121349.17031111111,348.35207809213813,0,45000,217.8756,120453.9232,347.06472479928004,0
2571,222.83797777777778,222.83797777777778,124974.28922222223,353.5170281927339,0,45000,223.0946,124078.503,352.24778636635887,0
2572,219.32542222222222,219.32542222222222,122145.91977777777,349.4938050635201,0,45000,218.7432,120632.3588,347.32169353497056,0
2573,219.41464444444443,219.41464444444443,122235.54455555555,349.6220023905183,0,45000,221.286,122604.3672,350.1490642569247,0
2574,219.23464444444446,219.23464444444446,122204.47015555555,349.5775595709135,0,45000,219.3348,122105.8948,349.4365390167433,0
2575,220.02055555555555,220.02055555555555,123230.8818,351.04256408589544,0,45000,219.919,122122.6286,349.4604821721621,0
2576,220.39946666666665,220.39946666666665,123270.18355555556,351.09853824183824,0,45000,219.4842,121824.5794,349.03377974058617,0
2577,218.0726,218.0726,121561.80931111111,348.657151527272,0,45000,217.955,120877.4442,347.6743364126838,0
2578,218.77113333333332,218.77113333333332,121797.63255555555,348.99517554767937,0,45000,219.0626,121321.419,348.3122435401891,0
2579,218.494,218.494,121474.41942222223,348.5318054671944,0,45000,218.7674,120977.6886,347.81847075737653,0
2580,218.46626666666666,218.46626666666666,121835.08164444445,349.0488241556537,0,45000,219.5878,120527.8554,347.17121914121856,0
2581,218.6232222222222,218.6232222222222,122243.4897111111,349.6333646995251,0,45000,217.8326,120731.7342,347.46472367709504,0
2582,218.37306666666666,218.37306666666666,122120.77533333334,349.4578305508883,0,45000,218.6178,121554.5978,348.64680953652794,0
2583,217.55755555555555,217.55755555555555,121379.08848888888,348.3950178875824,0,45000,216.6004,120645.5012,347.3406126556467,0
2584,219.254,219.254,122853.11311111112,350.5040843001849,0,45000,219.4602,121913.757,349.1615056102262,0
2585,219.36044444444445,219.36044444444445,122738.45115555555,350.340478899535,0,45000,219.2676,121893.69,349.1327684420355,0
2586,219.3596222222222,219.3596222222222,122727.79962222223,350.32527688167494,0,45000,219.651,121227.521,348.17742747053546,0
2587,219.5710222222222,219.5710222222222,122870.94173333334,350.52951620845477,0,45000,220.1536,121823.1984,349.03180141643253,0
2588,217.3994888888889,217.3994888888889,121259.13575555556,348.22282486298275,0,45000,217.5844,121849.75,349.06983541979105,0
2589,217.5370888888889,217.5370888888889,121529.51877777778,348.6108414518656,0,45000,216.927,121322.8506,348.3142985867792,0
2590,218.01144444444444,218.01144444444444,121836.14144444444,349.0503422780795,0,45000,217.7256,121407.9804,348.4364797204793,0
2591,217.79715555555555,217.79715555555555,121774.74288888888,348.9623803347416,0,45000,218.4868,122144.3852,349.49160962747015,0
2592,217.2974,217.2974,121183.70704444444,348.1145027781009,0,45000,217.6246,120270.8386,346.8008630323748,0
2593,217.83193333333332,217.83193333333332,120931.60135555555,347.7522125818261,0,45000,218.3298,120914.9282,347.7282390028167,0
2594,219.64733333333334,219.64733333333334,123064.33008888889,350.80525949433667,0,45000,219.7398,122139.609,349.48477649248184,0
2595,218.5005111111111,218.5005111111111,122365.29633333333,349.8075132602691,0,45000,218.3624,121415.1756,348.4468045484131,0
2596,217.98837777777777,217.98837777777777,121762.4698888889,348.9447949015559,0,45000,217.7044,120266.6644,346.794844829043,0
2597,217.18597777777777,217.18597777777777,121177.45753333333,348.10552643319716,0,45000,217.732,121487.0664,348.5499482140257,0
2598,218.09602222222222,218.09602222222222,123106.62828888888,350.86554160944456,0,45000,218.4174,123029.7294,350.75593993544857,0
2599,217.90964444444444,217.90964444444444,121834.39137777778,349.0478353718553,0,45000,219.2986,122022.3078,349.31691599463085,0
2600,215.84822222222223,215.84822222222223,120304.02084444444,346.8487002202033,0,45000,218.2226,120714.8194,347.44038251187783,0
2601,219.10644444444443,219.10644444444443,122922.05773333333,350.6024211743743,0,45000,221.875,123417.477,351.30823645340286,0
2602,218.93206666666666,218.93206666666666,122479.2358,349.97033560003337,0,45000,218.5894,121752.8354,348.9309894520691,0
2603,217.5066888888889,217.5066888888889,122131.58237777778,349.4732927961417,0,45000,217.7606,121640.5302,348.7700248014442,0
2604,219.51951111111111,219.51951111111111,123135.06613333333,350.906064543395,0,45000,218.4898,121487.7202,348.550886098429,0
2605,217.90195555555556,217.90195555555556,121631.74555555555,348.7574308248579,0,45000,216.8724,120697.0672,347.4148344558706,0
2606,219.52284444444444,219.52284444444444,122899.36,350.5700500613251,0,45000,221.0122,123000.7314,350.7146010647404,0
2607,216.52864444444444,216.52864444444444,120569.72855555556,347.23152010662216,0,45000,216.886,120248.3912,346.7684979925368,0
2608,216.87508888888888,216.87508888888888,120438.72944444444,347.0428351723234,0,45000,218.1542,120942.2082,347.76746282537704,0
2609,218.6896,218.6896,121572.0871111111,348.67189033690556,0,45000,218.5714,120980.8386,347.8229989520532,0
2610,217.02713333333332,217.02713333333332,120414.39211111111,347.00776952557,0,45000,217.4326,120110.497,346.56961349777913,0
2611,217.52286666666666,217.52286666666666,121241.77913333333,348.197902252919,0,45000,217.0174,120452.5666,347.06277040328024,0
2612,217.90855555555555,217.90855555555555,121560.86371111112,348.65579546468337,0,45000,218.6784,120780.7628,347.535268426098,0
2613,218.6776888888889,218.6776888888889,122320.2627111111,349.74313819017397,0,45000,218.438,121296.3244,348.2762185392508,0
2614,215.57955555555554,215.57955555555554,119970.79337777778,346.3680028203786,0,45000,215.5602,119481.6538,345.66118353092526,0
2615,217.7344,217.7344,121716.61004444445,348.8790765357597,0,45000,216.7978,120493.5582,347.12182040315474,0
2616,219.60506666666666,219.60506666666666,122813.8992,350.4481405286665,0,45000,221.3936,122945.9776,350.63653203851993,0
2617,219.57053333333334,219.57053333333334,122814.11022222223,350.448441603358,0,45000,219.5096,121790.2312,348.9845715787447,0
2618,218.89031111111112,218.89031111111112,122526.82333333333,350.03831695020665,0,45000,220.0338,122481.8354,349.97404960939605,0
2619,219.74915555555555,219.74915555555555,123077.23506666666,350.823652376328,0,45000,220.5886,123187.7002,350.9810539046232,0
2620,219.61062222222222,219.61062222222222,122870.43204444445,350.5287891806384,0,45000,218.325,121405.999,348.433636435979,0
2621,218.53377777777777,218.53377777777777,121821.72995555555,349.029697813174,0,45000,219.2116,121421.6448,348.45608733382744,0
2622,216.18182222222222,216.18182222222222,119892.68968888889,346.25523777827374,0,45000,217.6236,120290.2224,346.82880849202826,0
2623,218.3464888888889,218.3464888888889,121625.27524444445,348.74815446743867,0,45000,218.3638,120160.825,346.6422146825167,0
2624,215.9098888888889,215.9098888888889,119797.82882222222,346.1182295433487,0,45000,216.19,119225.1556,345.2899587303401,0
2625,217.53866666666667,217.53866666666667,121083.2587111111,347.97019802148446,0,45000,217.6676,120572.2848,347.23520098054576,0
2626,217.0974,217.0974,121228.61584444444,348.1789997177378,0,45000,216.4098,119575.969,345.797583855064,0
2627,217.98815555555555,217.98815555555555,122091.66393333333,349.41617583239236,0,45000,219.4008,123036.0432,350.7649400952153,0
2628,215.53528888888889,215.53528888888889,120329.23835555556,346.88505063717514,0,45000,215.8994,119971.9274,346.36963983582626,0
2629,218.9660888888889,218.9660888888889,122366.6588888889,349.8094608338787,0,45000,219.5302,121978.4546,349.25414041926547,0
2630,218.48566666666667,218.48566666666667,122034.72793333333,349.3346932861569,0,45000,218.2364,121718.6876,348.8820539953295,0
2631,218.42657777777777,218.42657777777777,121579.21871111111,348.68211699356067,0,45000,218.9698,121735.2122,348.90573540714405,0
2632,216.41202222222222,216.41202222222222,120367.1334,346.93966824218876,0,45000,216.7656,119687.9632,345.9594820206551,0
2633,216.52735555555554,216.52735555555554,120070.44495555556,346.51182513091175,0,45000,218.2286,120010.7538,346.42568293935716,0
2634,216.26184444444445,216.26184444444445,120053.14544444444,346.48686186411805,0,45000,216.0168,119507.9348,345.6991969906786,0
2635,216.32642222222222,216.32642222222222,120184.52277777778,346.6763948955535,0,45000,217.2232,119701.6828,345.97930978600436,0
2636,215.8586222222222,215.8586222222222,119711.34977777778,345.9932799604319,0,45000,217.258,119973.966,346.3725826332102,0
2637,215.97706666666667,215.97706666666667,119755.5772,346.05718775948003,0,45000,216.457,119396.9234,345.5385990016166,0
2638,216.78044444444444,216.78044444444444,120532.14173333334,347.1773923131132,0,45000,217.262,119978.9488,346.379775391116,0
2639,216.33417777777777,216.33417777777777,120568.03302222223,347.2290785954169,0,45000,216.159,119710.6834,345.9923169667211,0
2640,217.3176,217.3176,120862.05817777778,347.65220864792127,0,45000,216.7914,119389.6782,345.5281149197558,0
2641,218.57826666666668,218.57826666666668,122070.08004444445,349.3852888208724,0,45000,219.2766,122225.2726,349.6073119944719,0
2642,217.5782888888889,217.5782888888889,121165.77802222222,348.08875020922784,0,45000,217.4492,120637.1824,347.32863746025896,0
2643,218.442,218.442,122275.13133333334,349.67861148965534,0,45000,219.8266,122959.5054,350.6558218538514,0
2644,217.6284,217.6284,121760.61693333334,348.9421398073516,0,45000,218.0296,122229.916,349.61395281081104,0
2645,221.2366,221.2366,124305.10313333334,352.56928841482113,0,45000,219.6794,121718.7046,348.8820783588632,0
2646,216.47608888888888,216.47608888888888,119984.89417777778,346.3883574512541,0,45000,216.6042,119392.0054,345.5314825019567,0
2647,217.7264,217.7264,122094.53337777777,349.4202818638005,0,45000,217.9534,122255.1314,349.6500127270125,0
2648,216.57562222222222,216.57562222222222,120203.05855555556,346.7031274095398,0,45000,217.2842,120404.7342,346.9938532596795,0
2649,216.3275111111111,216.3275111111111,120105.83475555555,346.5628871583851,0,45000,216.1498,119423.7946,345.57747987969356,0
2650,216.31402222222223,216.31402222222223,119987.87566666666,346.3926611039366,0,45000,215.941,119192.6478,345.24288233068614,0
2651,217.0526,217.0526,120457.07237777777,347.0692616435195,0,45000,218.806,121142.1796,348.0548514243121,0
2652,216.3522888888889,216.3522888888889,120120.17477777778,346.5835754587597,0,45000,216.5018,119310.5942,345.4136566495309,0
2653,215.91255555555554,215.91255555555554,119858.42046666666,346.205748748727,0,45000,215.9604,119273.9292,345.36057852627016,0
2654,216.49893333333333,216.49893333333333,120861.73942222222,347.6517502073335,0,45000,217.8118,121574.3226,348.6750960421464,0
2655,215.9677111111111,215.9677111111111,120388.69037777778,346.97073418053253,0,45000,216.125,119938.1498,346.3208769335167,0
2656,216.8595777777778,216.8595777777778,120903.13953333333,347.71128761277413,0,45000,216.8542,120559.7054,347.21708684913534,0
2657,217.75542222222222,217.75542222222222,121487.17311111111,348.5501012926422,0,45000,218.3862,121147.445,348.06241537977064,0
2658,217.49766666666667,217.49766666666667,120640.67397777778,347.333663755441,0,45000,218.3942,121097.5574,347.99074326769096,0
2659,217.20302222222222,217.20302222222222,120995.57848888889,347.8441870850926,0,45000,218.122,120955.9016,347.7871498488695,0
2660,216.99593333333334,216.99593333333334,120622.903,347.3080808158659,0,45000,216.6598,119555.3434,345.76775934144007,0
2661,217.02455555555557,217.02455555555557,120727.92331111111,347.45923978376385,0,45000,217.2984,120294.2876,346.8346689706783,0
2662,219.18753333333333,219.18753333333333,122595.18971111112,350.1359588947001,0,45000,219.4,121978.884,349.2547551573207,0
2663,216.96906666666666,216.96906666666666,120768.35875555556,347.51742223312425,0,45000,218.0396,120193.6616,346.68957526871213,0
2664,218.78395555555556,218.78395555555556,121672.94355555555,348.81648979879884,0,45000,219.2884,121101.9496,347.9970540105189,0
2665,218.59317777777778,218.59317777777778,121539.4274,348.62505274291465,0,45000,219.247,121473.9618,348.5311489666311,0
2666,216.01355555555557,216.01355555555557,119958.23773333333,346.34987762858145,0,45000,217.1142,119890.0234,346.2513875784471,0
2667,217.87835555555554,217.87835555555554,121231.66884444444,348.18338392928007,0,45000,218.9518,121350.5938,348.35412126168393,0
2668,218.1724,218.1724,121337.16048888888,348.3348396139681,0,45000,219.9164,121721.5296,348.8861269812831,0
2669,217.4371111111111,217.4371111111111,120936.17671111111,347.7587909904092,0,45000,218.578,120635.9456,347.3268570093594,0
2670,217.24017777777777,217.24017777777777,120751.80942222223,347.49361062071665,0,45000,219.4576,121314.4688,348.30226642960565,0
2671,215.89117777777778,215.89117777777778,119838.52886666666,346.17701955309894,0,45000,215.7546,118901.0086,344.8202554955262,0
2672,217.02551111111111,217.02551111111111,121111.81106666666,348.01122261597635,0,45000,217.0182,120497.319,347.1272374792851,0
2673,216.14337777777777,216.14337777777777,119822.80511111111,346.15430823710847,0,45000,216.143,119182.1278,345.22764634368434,0
2674,217.6047111111111,217.6047111111111,121191.11013333334,348.1251357390519,0,45000,217.3336,120123.1888,346.587923621121,0
2675,217.4413111111111,217.4413111111111,121192.47877777778,348.1271014698192,0,45000,218.3472,120888.1064,347.68966967685424,0
2676,216.8105111111111,216.8105111111111,120575.9934,347.2405411238728,0,45000,218.2326,120557.5554,347.21399078954175,0
2677,217.9646888888889,217.9646888888889,121159.88153333333,348.0802802994351,0,45000,218.72,120767.9708,347.5168640512284,0
2678,218.99648888888888,218.99648888888888,122188.08266666667,349.5541197964439,0,45000,219.4696,120955.3596,347.7863706357683,0
2679,216.1177111111111,216.1177111111111,119759.72584444445,346.06318186776883,0,45000,219.5138,121764.823,348.94816663796934,0
2680,220.5706888888889,220.5706888888889,122968.55464444445,350.6687249305881,0,45000,220.605,122153.7398,349.5049925251426,0
2681,217.83104444444444,217.83104444444444,121364.0342,348.37341201647405,0,45000,217.7674,119652.7778,345.9086263740758,0
2682,218.2157777777778,218.2157777777778,121425.38453333333,348.46145343973603,0,45000,218.8074,120605.6158,347.2831925100897,0
2683,217.6152,217.6152,121758.60146666666,348.93925182854775,0,45000,218.0288,121337.0992,348.33475163985577,0
2684,217.92326666666668,217.92326666666668,122126.45757777778,349.46596054233635,0,45000,218.2008,121423.3552,348.45854157991306,0
2685,218.13555555555556,218.13555555555556,121548.89502222222,348.6386309952215,0,45000,218.4142,121151.9082,348.06882681446785,0
2686,218.1239111111111,218.1239111111111,121354.63488888889,348.3599214733074,0,45000,218.7118,121354.8786,348.3602712709932,0
2687,216.68997777777778,216.68997777777778,120770.44117777777,347.52041836096157,0,45000,217.1168,120788.7644,347.5467801605994,0
2688,218.70495555555556,218.70495555555556,122283.31548888888,349.6903136903979,0,45000,218.9836,121475.8192,348.5338135676365,0
2689,218.86291111111112,218.86291111111112,122406.34055555555,349.8661752092585,0,45000,220.1222,121578.3734,348.68090483994104,0
2690,218.9631777777778,218.9631777777778,122529.10953333334,350.0415825774608,0,45000,218.9248,121343.33,348.3436952206829,0
2691,216.5596888888889,216.5596888888889,120230.72906666667,346.74303030726753,0,45000,218.7776,121056.1508,347.9312443572724,0
2692,218.43902222222223,218.43902222222223,122016.1784888889,349.30814260318766,0,45000,218.4762,121313.8958,348.30144386723407,0
2693,218.1628,218.1628,121580.58333333333,348.6840738165902,0,45000,219.9154,121977.9014,349.2533484449362,0
2694,217.1458,217.1458,120954.87415555556,347.78567272898914,0,45000,217.2768,120847.3576,347.63106535521246,0
2695,216.7516222222222,216.7516222222222,120691.01104444444,347.40611831751676,0,45000,217.1408,120782.8532,347.53827587763624,0
2696,217.7026888888889,217.7026888888889,121159.25464444445,348.07937980357934,0,45000,218.5574,121125.319,348.0306293991953,0
2697,217.34813333333332,217.34813333333332,120879.45764444444,347.6772319903109,0,45000,217.1196,119550.8768,345.761300321479,0
2698,216.45913333333334,216.45913333333334,120571.8022888889,347.2345061898211,0,45000,216.8598,120219.3806,346.72666554506594,0
2699,216.15695555555556,216.15695555555556,120188.14695555555,346.6816218889538,0,45000,216.7434,119892.7442,346.25531649348,0
2700,216.27617777777778,216.27617777777778,120149.96764444445,346.6265535766763,0,45000,216.9928,120143.0564,346.6165841387281,0
2701,218.5754,218.5754,121281.50033333333,348.2549358348469,0,45000,218.9982,120963.8374,347.79855865141246,0
2702,217.19035555555556,217.19035555555556,120886.778,347.68775934737766,0,45000,217.789,119970.8358,346.36806405902956,0
2703,217.3258888888889,217.3258888888889,121262.9138,348.22824957203,0,45000,217.1982,119934.6994,346.3158953903214,0
2704,216.9086888888889,216.9086888888889,120827.81002222223,347.6029488111719,0,45000,217.0508,120164.2768,346.64719355563807,0
2705,218.24217777777778,218.24217777777778,121875.42746666666,349.106613324163,0,45000,218.9222,121577.9074,348.68023660655047,0
2706,218.47057777777778,218.47057777777778,121865.60675555555,349.09254755086874,0,45000,218.385,120987.6326,347.83276527664844,0
2707,217.09522222222222,217.09522222222222,120775.1366,347.5271739015526,0,45000,217.215,120076.309,346.5202865634276,0
2708,218.41224444444444,218.41224444444444,121535.68784444444,348.6196894101715,0,45000,217.8162,120485.9558,347.1108696079683,0
2709,216.80444444444444,216.80444444444444,120494.52235555556,347.12320918595395,0,45000,217.2104,119979.4756,346.38053582728924,0
2710,216.45544444444445,216.45544444444445,120014.53522222223,346.4311406646669,0,45000,218.3828,121263.3416,348.22886382377897,0
2711,217.14855555555556,217.14855555555556,120350.8366,346.91618094289,0,45000,217.1906,120356.9474,346.92498814585264,0
2712,218.77733333333333,218.77733333333333,122444.73404444444,349.9210397281713,0,45000,219.5352,122243.3328,349.6331403056638,0
2713,218.8154,218.8154,122353.36313333333,349.79045603522883,0,45000,219.1116,121864.484,349.09093944128654,0
2714,217.63451111111112,217.63451111111112,121903.85748888888,349.14732920199873,0,45000,218.408,122015.958,349.3078269950446,0
2715,218.32453333333333,218.32453333333333,121811.23408888889,349.01466171049157,0,45000,218.2822,120594.4306,347.26708827644467,0
2716,215.90553333333332,215.90553333333332,119611.6398,345.8491575817411,0,45000,217.2708,119985.5208,346.38926195827725,0
2717,218.41653333333332,218.41653333333332,121768.37737777778,348.9532595889853,0,45000,217.992,120269.9468,346.7995772777124,0
2718,218.1355111111111,218.1355111111111,121806.22675555556,349.007488108143,0,45000,218.686,121594.918,348.70462858987116,0
2719,216.3908,216.3908,120556.65151111111,347.21268915624483,0,45000,217.1146,120124.7454,346.5901692200747,0
2720,215.68246666666667,215.68246666666667,119930.39348888889,346.3096785954572,0,45000,215.452,118672.5084,344.4887638225665,0
2721,218.59373333333335,218.59373333333335,122477.92408888889,349.96846156316553,0,45000,218.9376,121367.4592,348.37832768414285,0
2722,219.83762222222222,219.83762222222222,123159.11486666667,350.9403294958655,0,45000,220.4208,122596.2888,350.1375284084812,0
2723,221.83364444444445,221.83364444444445,124534.52404444445,352.8944942110098,0,45000,220.64,122418.3076,349.8832771082379,0
2724,220.03344444444446,220.03344444444446,123753.64726666667,351.7863659476681,0,45000,220.0092,122842.6744,350.48919298603204,0
2725,219.0106,219.0106,122007.07744444444,349.29511511677975,0,45000,219.5856,121906.8608,349.1516300978702,0
2726,215.87617777777777,215.87617777777777,119711.08542222223,345.99289793610245,0,45000,215.822,118756.014,344.60994472011396,0
2727,216.83173333333335,216.83173333333335,120108.7084,346.567033054213,0,45000,217.3404,118858.4004,344.75846675607545,0
2728,215.4424888888889,215.4424888888889,119372.8895111111,345.50381982130256,0,45000,216.2228,119237.5724,345.3079385128584,0
2729,217.32342222222223,217.32342222222223,120937.44604444444,347.7606160053844,0,45000,217.7316,120960.8856,347.79431507717317,0
2730,217.49491111111112,217.49491111111112,120802.84922222223,347.56704277336513,0,45000,222.9064,125600.3828,354.4014429993196,0
2731,225.57948888888887,225.57948888888887,128967.7066,359.12074097718164,0,45000,223.7144,125782.144,354.65778434992797,0
2732,217.13224444444444,217.13224444444444,120515.57411111111,347.15353103650136,0,45000,216.9716,119501.7888,345.6903076454415,0
2733,217.23222222222222,217.23222222222222,121005.33004444445,347.85820393436813,0,45000,217.2128,119930.618,346.31000274320695,0
2734,216.77753333333334,216.77753333333334,120333.59744444444,346.89133376958904,0,45000,216.9462,120252.689,346.7746948668544,0
2735,216.57397777777777,216.57397777777777,120211.31682222222,346.7150369139219,0,45000,217.33,120255.0344,346.7780765850114,0
2736,216.65202222222223,216.65202222222223,120241.3078,346.7582843999549,0,45000,216.9754,119311.951,345.4156206658871,0
2737,216.0384222222222,216.0384222222222,119969.44037777778,346.36604968988775,0,45000,216.5108,119367.058,345.4953805769333,0
2738,218.46215555555557,218.46215555555557,121049.04935555556,347.92103896653845,0,45000,219.0616,120763.3744,347.5102507840596,0
2739,216.49295555555557,216.49295555555557,120064.92682222222,346.5038626367998,0,45000,217.6288,120028.34,346.4510643655176,0
2740,218.3524888888889,218.3524888888889,122034.25791111111,349.3340205463978,0,45000,218.053,120242.2874,346.7596969083922,0
2741,217.7927777777778,217.7927777777778,121512.57766666666,348.5865425782623,0,45000,217.244,119955.7132,346.3462331251778,0
2742,216.70275555555557,216.70275555555557,121044.402,347.9143601520351,0,45000,217.0452,120649.6196,347.34654107965434,0
2743,218.0081111111111,218.0081111111111,121583.14682222222,348.6877497449863,0,45000,218.3606,121280.0662,348.25287680075235,0
2744,219.6442,219.6442,123081.64637777778,350.8299393976771,0,45000,220.1012,122621.1368,350.17300981086476,0
2745,217.82657777777777,217.82657777777777,121078.83582222222,347.9638426937808,0,45000,218.545,121339.8694,348.33872796460633,0
2746,219.1533777777778,219.1533777777778,122869.66542222223,350.527695656452,0,45000,218.4822,120813.2658,347.5820274410056,0
2747,216.63064444444444,216.63064444444444,120201.67486666667,346.7011319085455,0,45000,215.9068,118665.8024,344.47903042130156,0
2748,216.47113333333334,216.47113333333334,120180.87744444444,346.67113731091666,0,45000,217.1914,120098.161,346.5518157505454,0
2749,216.82137777777777,216.82137777777777,120744.85484444445,347.4836037059079,0,45000,217.1352,120331.2292,346.88792022784537,0
2750,216.91413333333333,216.91413333333333,120755.00626666666,347.4982104510276,0,45000,217.4802,119888.9102,346.2497800721323,0
2751,218.1434888888889,218.1434888888889,121463.2005111111,348.51571056569475,0,45000,216.7112,120032.7288,346.457398246884,0
2752,217.47493333333333,217.47493333333333,120869.392,347.66275613013255,0,45000,216.986,119593.7068,345.82323056729433,0
2753,218.85295555555555,218.85295555555555,121701.5589111111,348.857505166667,0,45000,220.437,121424.7818,348.46058858929797,0
2754,215.5749111111111,215.5749111111111,119861.17033333333,346.20972016009796,0,45000,216.2744,119631.458,345.8778079033114,0
2755,218.86162222222222,218.86162222222222,123073.24024444445,350.81795883968715,0,45000,218.0742,121301.829,348.2841210850704,0
2756,218.34244444444445,218.34244444444445,121124.80102222222,348.0298852429518,0,45000,219.046,120418.0256,347.0130049436188,0
2757,217.08384444444445,217.08384444444445,120565.55384444444,347.2255086315584,0,45000,217.4062,120125.0282,346.59057719447594,0
2758,219.24444444444444,219.24444444444444,122789.91746666667,350.4139230491087,0,45000,219.7224,122534.6896,350.0495530635627,0
2759,217.68137777777778,217.68137777777778,121492.79728888889,348.5581691610295,0,45000,217.125,120217.6586,346.72418231210816,0
2760,215.93722222222223,215.93722222222223,120145.82748888888,346.6205814559904,0,45000,216.191,119691.8238,345.9650615307852,0
2761,217.40713333333332,217.40713333333332,120604.48348888889,347.2815622645246,0,45000,218.2974,120804.2138,347.56900581035705,0
2762,217.4003111111111,217.4003111111111,120672.70035555556,347.3797638832112,0,45000,218.1516,120810.5876,347.57817480388496,0
2763,216.22464444444444,216.22464444444444,120205.49446666667,346.706640355599,0,45000,217.4696,119856.5676,346.2030727766581,0
2764,220.30228888888888,220.30228888888888,122404.01002222222,349.8628445865926,0,45000,220.572,121194.8344,348.13048473237734,0
2765,217.5482,217.5482,121554.23922222223,348.64629529398735,0,45000,217.8456,120816.2816,347.5863656704618,0
2766,215.37475555555557,215.37475555555557,119245.39395555556,345.31926380605466,0,45000,215.8276,119372.6868,345.5035264653604,0
2767,217.17315555555555,217.17315555555555,120314.73124444444,346.8641394616117,0,45000,217.5702,119639.3058,345.8891524751824,0
2768,216.81724444444444,216.81724444444444,120041.61155555556,346.47021741493967,0,45000,217.7856,119841.5464,346.1813778931501,0
2769,220.35886666666667,220.35886666666667,123523.48988888889,351.4590870768444,0,45000,220.5738,122846.9226,350.4952533202126,0
2770,220.50017777777776,220.50017777777776,123385.26106666667,351.2623820830615,0,45000,219.8414,121414.5658,348.44592952135343,0
2771,216.1391111111111,216.1391111111111,119381.27613333333,345.51595640915536,0,45000,216.5744,119413.0216,345.5618925749771,0
2772,216.424,216.424,120395.7167111111,346.98085928637494,0,45000,216.9978,119670.653,345.93446344647424,0
2773,218.41451111111112,218.41451111111112,121793.42135555556,348.9891421743026,0,45000,219.108,121394.556,348.41721541852667,0
2774,223.86142222222222,223.86142222222222,125322.57782222223,354.0092905874396,0,45000,223.5626,124048.2486,352.204838978683,0
2775,221.18313333333333,221.18313333333333,124130.36335555556,352.3213921344481,0,45000,218.1144,121302.4392,348.28499709289804,0
2776,220.13884444444443,220.13884444444443,122966.54715555556,350.66586254660655,0,45000,220.5876,122214.3412,349.5916778185659,0
2777,216.0473111111111,216.0473111111111,120423.53135555556,347.02093792097844,0,45000,216.2554,120151.9942,346.6294768192688,0
2778,216.98324444444444,216.98324444444444,120962.63026666666,347.79682325557064,0,45000,218.7284,121445.3052,348.4900360125093,0
2779,218.09993333333333,218.09993333333333,121866.28828888889,349.0935236994363,0,45000,220.0044,122190.8972,349.5581456639224,0
2780,218.50877777777777,218.50877777777777,121256.49895555555,348.2190387608862,0,45000,219.423,121717.4882,348.88033507207024,0
2781,218.83733333333333,218.83733333333333,122936.86097777777,350.6235316942914,0,45000,219.2248,122431.4236,349.9020199998851,0
2782,217.53033333333335,217.53033333333335,120882.06873333333,347.6809870173135,0,45000,217.3256,119615.7312,345.85507253761654,0
2783,219.2351111111111,219.2351111111111,121804.5876,349.0051397902329,0,45000,219.6858,121388.4402,348.40843876117583,0
2784,219.5779777777778,219.5779777777778,121999.41313333334,349.2841438332598,0,45000,219.6472,120989.1528,347.834950515327,0
2785,221.5384222222222,221.5384222222222,123051.41108888888,350.7868456611349,0,45000,222.721,122997.761,350.71036625683024,0
2786,219.13662222222223,219.13662222222223,122268.82075555556,349.66958797635743,0,45000,219.6206,121825.375,349.0349194564922,0
2787,218.99144444444445,218.99144444444445,121916.74237777777,349.1657806512227,0,45000,219.3282,121292.2118,348.2703142675241,0
2788,214.59064444444445,214.59064444444445,118664.01468888888,344.4764356075592,0,45000,215.3914,118701.1506,344.53033335252206,0
2789,216.88682222222224,216.88682222222224,120460.86157777777,347.0747204533597,0,45000,217.5072,119938.7844,346.321793134651,0
2790,216.11115555555557,216.11115555555557,119884.4068,346.2432769022382,0,45000,216.4884,119584.5364,345.8099715161493,0
2791,216.58595555555556,216.58595555555556,119894.36911111111,346.25766289153967,0,45000,216.5058,118822.5678,344.70649515203513,0
2792,216.2877777777778,216.2877777777778,120157.2795111111,346.6371005981776,0,45000,216.5236,119203.2716,345.2582679676187,0
2793,218.84726666666666,218.84726666666666,122717.5566,350.3106572743684,0,45000,218.712,121259.76,348.22372119084594,0
2794,218.13837777777778,218.13837777777778,121322.00957777778,348.3130913097838,0,45000,219.3972,121705.3032,348.8628716272341,0
2795,217.28717777777777,217.28717777777777,120576.91055555556,347.2418617556869,0,45000,218.0466,120366.6038,346.93890499625434,0
2796,219.8341111111111,219.8341111111111,122236.32304444445,349.6231157181179,0,45000,220.8724,121775.5308,348.9635092670865,0
2797,215.14373333333333,215.14373333333333,119227.47315555556,345.2933146696524,0,45000,215.5624,119133.3772,345.15703266774096,0
2798,215.99384444444445,215.99384444444445,120043.35597777778,346.4727348259568,0,45000,216.8788,120566.6452,347.2270801651277,0
2799,219.80246666666667,219.80246666666667,122505.81762222222,350.00831079021856,0,45000,217.7994,120327.9506,346.8831944617669,0
2800,216.0625777777778,216.0625777777778,120013.97386666667,346.4303304658336,0,45000,216.8968,119571.27,345.79078935101785,0
2801,217.35784444444445,217.35784444444445,121627.07153333334,348.7507297961301,0,45000,215.5162,119517.5098,345.7130454582239,0
2802,217.29024444444445,217.29024444444445,120646.99637777777,347.3427649711129,0,45000,218.1214,120647.1914,347.34304570553877,0
2803,218.87024444444444,218.87024444444444,122864.99771111111,350.521037472947,0,45000,217.1104,120521.5868,347.1621909136996,0
2804,215.64957777777778,215.64957777777778,119690.32362222222,345.96289341809796,0,45000,216.0994,119686.4562,345.95730401308197,0
2805,218.00084444444445,218.00084444444445,122037.11217777777,349.33810581981714,0,45000,218.7352,121337.8624,348.33584713606496,0
2806,216.3132,216.3132,120142.56826666667,346.61587999782506,0,45000,216.3788,119531.498,345.7332758066542,0
2807,216.9120888888889,216.9120888888889,121122.85,348.02708227952604,0,45000,216.5062,119890.6502,346.2522926999907,0
2808,221.25473333333332,221.25473333333332,124284.40842222222,352.5399387618688,0,45000,219.995,121764.7274,348.948029654847,0
2809,217.9703111111111,217.9703111111111,121370.02386666667,348.3820085289518,0,45000,218.0862,120300.449,346.8435511869869,0
2810,218.22286666666668,218.22286666666668,121005.36393333333,347.8582526451447,0,45000,218.625,120435.2298,347.0377930427751,0
2811,219.69706666666667,219.69706666666667,122167.13862222222,349.52416028398125,0,45000,220.3108,121828.1872,349.0389479699937,0
2812,220.548,220.548,123285.89795555556,351.1209164312994,0,45000,219.8548,121913.1544,349.1606426847104,0
2813,218.17457777777778,218.17457777777778,121403.53075555556,348.430094503267,0,45000,218.5992,120593.4784,347.2657172828899,0
2814,216.11506666666668,216.11506666666668,120583.17626666666,347.2508837521751,0,45000,216.5958,120083.6946,346.5309432070966,0
2815,216.75424444444445,216.75424444444445,120158.3894,346.6387015323015,0,45000,218.0558,120399.5762,346.9864207717645,0
2816,216.35422222222223,216.35422222222223,120285.7016,346.82229109444506,0,45000,217.3436,120173.8076,346.6609404014245,0
2817,216.6423111111111,216.6423111111111,121201.91208888889,348.14064986566694,0,45000,217.3322,121507.181,348.5788017077344,0
2818,218.2958888888889,218.2958888888889,120922.55931111111,347.7392116387094,0,45000,219.3466,121079.2954,347.9645030746671,0
2819,218.94042222222222,218.94042222222222,122053.32353333333,349.36130800839027,0,45000,219.5348,121602.3236,348.71524715733324,0
2820,218.91457777777777,218.91457777777777,121978.69484444444,349.2544843583894,0,45000,220.4236,122335.0276,349.7642457427574,0
2821,219.13964444444446,219.13964444444446,122292.38213333333,349.7032772699354,0,45000,220.0156,122059.8964,349.37071485744195,0
2822,216.09053333333333,216.09053333333333,120016.59448888889,346.4341127673326,0,45000,216.5492,120020.6072,346.4399041680967,0
2823,217.70862222222223,217.70862222222223,121157.524,348.07689380365366,0,45000,217.9988,120133.2284,346.60240680064527,0
2824,217.02013333333332,217.02013333333332,120981.69586666666,347.82423128164413,0,45000,219.1,121583.8972,348.6888257458217,0
2825,216.20577777777777,216.20577777777777,120408.00648888889,346.99856842484076,0,45000,217.342,120120.9088,346.5846343968526,0
2826,220.88864444444445,220.88864444444445,123908.17064444444,352.00592416100676,0,45000,222.1922,123063.8978,350.8046433558142,0
2827,218.61506666666668,218.61506666666668,122063.85591111111,349.3763814442973,0,45000,218.9362,121369.2402,348.3808838039194,0
2828,217.06706666666668,217.06706666666668,120464.04444444444,347.0793056989201,0,45000,217.5588,120433.41,347.03517112823016,0
2829,216.92446666666666,216.92446666666666,120959.09593333333,347.79174218680544,0,45000,217.5672,120859.7236,347.6488509976698,0
2830,215.80131111111112,215.80131111111112,119250.49282222222,345.32664655688274,0,45000,217.1884,120311.9096,346.86007207518134,0
2831,217.02226666666667,217.02226666666667,120439.74613333333,347.04429995799285,0,45000,217.3214,120612.953,347.2937560625011,0
2832,216.93164444444446,216.93164444444446,120758.60351111111,347.50338633042287,0,45000,218.448,120643.5468,347.3377992675142,0
2833,218.49357777777777,218.49357777777777,121734.40148888889,348.90457361417447,0,45000,218.624,120776.6588,347.5293639392217,0
2834,218.13217777777777,218.13217777777777,121466.18964444444,348.51999891605135,0,45000,218.3802,121320.8362,348.3114069335083,0
2835,217.8554,217.8554,121060.63953333333,347.9376949014483,0,45000,218.2884,120728.3904,347.4599119322976,0
2836,217.33895555555554,217.33895555555554,121176.71606666666,348.1044614288456,0,45000,217.934,121429.6476,348.4675703706157,0
2837,217.16217777777777,217.16217777777777,120962.75088888888,347.79699666456133,0,45000,217.459,120251.7498,346.77334067081915,0
2838,217.56457777777777,217.56457777777777,121812.14693333334,349.01596945316606,0,45000,217.6898,121450.115,348.4969368588482,0
2839,216.98115555555555,216.98115555555555,121242.76848888889,348.19932292996907,0,45000,216.9866,120184.1538,346.67586273059163,0
2840,216.48602222222223,216.48602222222223,121027.89504444445,347.8906366150783,0,45000,216.8556,120330.37,346.88668178527695,0
2841,220.97011111111112,220.97011111111112,124247.85055555556,352.4880856930565,0,45000,220.766,122887.6496,350.55334772328166,0
2842,217.2206,217.2206,120976.75695555555,347.81713148658383,0,45000,217.283,120350.5858,346.91581947210193,0
2843,217.08926666666667,217.08926666666667,120906.40215555555,347.71597914901116,0,45000,217.1366,120275.6398,346.8077850913961,0
2844,216.57324444444444,216.57324444444444,120544.43111111112,347.1950908511109,0,45000,216.4208,119325.5856,345.4353566153876,0
2845,216.08755555555555,216.08755555555555,120364.56262222222,346.9359632874952,0,45000,217.8172,120601.4248,347.2771584772025,0
2846,218.54711111111112,218.54711111111112,121611.84657777777,348.7289012654067,0,45000,219.4764,121741.7644,348.91512492295317,0
2847,217.97404444444444,217.97404444444444,121674.91368888889,348.81931381288064,0,45000,217.7242,120318.6118,346.8697331852406,0
2848,220.55164444444443,220.55164444444443,123748.54164444444,351.7791091643227,0,45000,222.0374,123427.1682,351.3220291982841,0
2849,217.94462222222222,217.94462222222222,122099.17217777777,349.4269196524186,0,45000,218.1152,121826.2688,349.03619984179295,0
2850,219.87644444444445,219.87644444444445,122531.62764444444,350.0451794332332,0,45000,220.8214,121859.4718,349.0837604358014,0
2851,219.88977777777777,219.88977777777777,122535.58084444444,350.0508260873618,0,45000,220.2934,122163.667,349.5191940366079,0
2852,218.70164444444444,218.70164444444444,121802.45662222222,349.0020868450821,0,45000,219.1056,121603.784,348.7173411231509,0
2853,217.13875555555555,217.13875555555555,120559.01542222222,347.2160932650188,0,45000,217.4644,119870.7732,346.2235884511626,0
2854,216.82202222222222,216.82202222222222,120492.54126666667,347.1203555925043,0,45000,215.7834,119072.3962,345.06868330812057,0
2855,218.6365111111111,218.6365111111111,121655.45242222222,348.7914167840462,0,45000,216.9316,120347.9388,346.9120044045752,0
2856,218.44004444444445,218.44004444444445,121529.48537777778,348.61079354744277,0,45000,222.1744,122613.8948,350.1626690553977,0
2857,219.75562222222223,219.75562222222223,123304.33828888889,351.1471746844746,0,45000,219.802,121890.1056,349.1276351135785,0
2858,215.98755555555556,215.98755555555556,119934.83057777777,346.31608478062026,0,45000,216.8406,119963.8778,346.35801968483423,0
2859,216.39635555555554,216.39635555555554,120453.13888888889,347.0635948769172,0,45000,216.993,120086.4666,346.5349428268382,0
2860,216.26146666666668,216.26146666666668,120397.53173333334,346.9834747265831,0,45000,217.2114,119989.387,346.39484262904375,0
2861,215.22733333333332,215.22733333333332,118774.45573333334,344.6367010829423,0,45000,215.8184,118614.5636,344.4046509558197,0
2862,220.64613333333332,220.64613333333332,123610.16093333333,351.5823672104921,0,45000,220.4676,122412.8388,349.8754618432107,0
2863,219.6639111111111,219.6639111111111,122828.74053333333,350.46931468151865,0,45000,221.6962,123205.865,351.0069301310161,0
2864,218.44817777777777,218.44817777777777,121857.65204444445,349.08115395197785,0,45000,218.5022,120973.5782,347.81256187780224,0
2865,219.3972222222222,219.3972222222222,122389.63042222222,349.84229364418223,0,45000,219.54,121319.1,348.30891461459896,0
2866,218.06957777777777,218.06957777777777,120763.0158,347.5097348276736,0,45000,218.9224,120783.5584,347.5392904406637,0
2867,217.7197111111111,217.7197111111111,120791.75975555555,347.55108941788046,0,45000,217.9618,121065.9994,347.94539715305905,0
2868,217.9731111111111,217.9731111111111,121109.79546666666,348.00832672030515,0,45000,218.8582,121158.2478,348.0779335148955,0
2869,219.57008888888888,219.57008888888888,122348.7216888889,349.7838213652668,0,45000,219.8498,122155.4706,349.50746858972843,0
2870,218.92106666666666,218.92106666666666,121327.39546666667,348.32082261424836,0,45000,220.178,121119.12,348.0217234599013,0
2871,215.15848888888888,215.15848888888888,118655.91595555555,344.46468027296436,0,45000,216.2258,119212.713,345.2719406496856,0
2872,216.3316888888889,216.3316888888889,120152.60857777778,346.6303630350027,0,45000,217.5312,119942.8108,346.3276061765796,0
2873,217.8824888888889,217.8824888888889,121204.80702222222,348.1448075474087,0,45000,218.1224,120198.0524,346.69590767703045,0
2874,217.89033333333333,217.89033333333333,121453.81033333333,348.5022386346081,0,45000,219.2714,121175.7202,348.1030310123714,0
2875,216.41693333333333,216.41693333333333,119553.2212,345.7646905049733,0,45000,216.7192,119367.5412,345.4960798619863,0
2876,217.1838888888889,217.1838888888889,119799.78455555555,346.12105477066194,0,45000,217.744,119261.5952,345.3427213653127,0
2877,216.89273333333333,216.89273333333333,121172.74691111111,348.09876028378943,0,45000,216.319,120246.867,346.7663002657554,0
2878,218.53006666666667,218.53006666666667,122495.8238,349.99403394915174,0,45000,218.8006,121743.4694,348.91756820200385,0
2879,215.82288888888888,215.82288888888888,119882.92368888888,346.241135177334,0,45000,216.2962,120082.725,346.529544195008,0
2880,215.93415555555555,215.93415555555555,119459.3058,345.62885556619835,0,45000,216.0708,118989.2656,344.9482071268091,0
2881,218.7776888888889,218.7776888888889,121870.21377777778,349.09914605707326,0,45000,218.9358,121117.4702,348.019353197491,0
2882,217.98837777777777,217.98837777777777,121364.61357777778,348.3742435625484,0,45000,218.911,121199.9702,348.1378609114498,0
2883,218.42544444444445,218.42544444444445,121543.60473333333,348.63104384626064,0,45000,219.3152,121408.7692,348.4376116322691,0
2884,216.3462,216.3462,121111.29566666667,348.0104821218273,0,45000,216.8756,120864.6344,347.65591379983744,0
2885,216.63655555555556,216.63655555555556,120645.0762,347.340000863707,0,45000,216.0474,119883.465,346.24191687315965,0
2886,216.97886666666668,216.97886666666668,120511.96615555555,347.1483345135845,0,45000,217.4874,119884.2482,346.24304787244466,0
2887,216.63484444444444,216.63484444444444,121038.95253333333,347.90652844310546,0,45000,217.2268,119783.1036,346.0969569354807,0
2888,217.1928888888889,217.1928888888889,120881.86551111111,347.680694763329,0,45000,217.5404,120131.8296,346.6003889207281,0
2889,219.72495555555557,219.72495555555557,122799.95997777778,350.4282522539782,0,45000,220.0164,121832.2936,349.04483035850853,0
2890,217.55053333333333,217.55053333333333,121137.46053333333,348.048072158622,0,45000,219.2478,121307.1414,348.2917475335871,0
2891,220.0154222222222,220.0154222222222,122355.34924444444,349.7932950249968,0,45000,222.5252,123027.7284,350.75308751313935,0
2892,218.8593111111111,218.8593111111111,121803.50153333333,349.0035838402427,0,45000,218.834,121231.2136,348.18273018632044,0
2893,218.21957777777777,218.21957777777777,121631.3601111111,348.7568782276718,0,45000,218.5552,120589.4904,347.25997523469357,0
2894,219.5948,219.5948,122547.20351111112,350.06742709242616,0,45000,220.0774,121829.5362,349.0408804137418,0
2895,217.93875555555556,217.93875555555556,121156.95746666666,348.0760799978457,0,45000,218.107,120330.0106,346.8861637482821,0
2896,216.76224444444443,216.76224444444443,120322.61028888889,346.875496812457,0,45000,217.01,119862.0908,346.2110495059336,0
2897,216.1855111111111,216.1855111111111,119684.60244444445,345.9546248345937,0,45000,216.4624,118908.0856,344.8305172109917,0
2898,216.20648888888888,216.20648888888888,119663.20382222222,345.92369653179617,0,45000,216.9334,119472.7302,345.64827527415787,0
2899,218.5964,218.5964,122555.18102222223,350.0788211563536,0,45000,219.01,122325.8164,349.751077768175,0
2900,217.8969111111111,217.8969111111111,121104.0173111111,348.00002487228517,0,45000,218.8942,121004.8582,347.85752571994186,0
2901,217.8901111111111,217.8901111111111,121576.79411111111,348.67864017044565,0,45000,218.5706,121174.7838,348.10168600568426,0
2902,216.87784444444443,216.87784444444443,120588.80326666667,347.2589858688565,0,45000,216.735,119824.4514,346.1566861986057,0
2903,217.82526666666666,217.82526666666666,121486.2586,348.5487894111813,0,45000,217.6116,120204.5404,346.7052644538297,0
2904,218.9040222222222,218.9040222222222,122094.66477777778,349.4204698894697,0,45000,219.8306,122055.9934,349.36512905554844,0
2905,217.02044444444445,217.02044444444445,120782.81311111111,347.5382182021297,0,45000,217.27,120205.2692,346.70631548906056,0
2906,217.09397777777778,217.09397777777778,120511.01135555556,347.14695930622173,0,45000,217.2648,119927.7,346.3057897292507,0
2907,216.43553333333332,216.43553333333332,120099.04824444445,346.55309585176764,0,45000,217.2236,120178.89,346.6682708296218,0
2908,217.82964444444445,217.82964444444445,120495.70502222222,347.12491270754714,0,45000,218.2034,120299.695,346.8424642398909,0
2909,221.08024444444445,221.08024444444445,123227.24122222222,351.0373786681729,0,45000,221.1944,122406.6608,349.86663287601465,0
2910,218.19233333333332,218.19233333333332,121351.9742,348.35610257321457,0,45000,217.9856,120395.8368,346.981032334622,0
2911,217.04226666666668,217.04226666666668,120707.99288888888,347.4305583694228,0,45000,216.5174,119990.8698,346.39698295452865,0
2912,216.22802222222222,216.22802222222222,120342.71646666666,346.9044774381943,0,45000,216.8866,120981.0162,347.8232542542261,0
2913,215.8216,215.8216,120037.1568,346.4637885840308,0,45000,216.4424,120355.1672,346.92242245205193,0
2914,220.13533333333334,220.13533333333334,122386.7508,349.83817801949516,0,45000,220.6508,121521.21,348.5989242668428,0
2915,219.14957777777778,219.14957777777778,121979.98295555556,349.25632844023824,0,45000,219.9516,121324.8112,348.3171129875763,0
2916,217.9066,217.9066,121423.15526666667,348.45825469726884,0,45000,218.3078,121379.789,348.3960232264427,0
2917,217.86437777777778,217.86437777777778,121232.62775555556,348.1847609467645,0,45000,218.6122,121160.7306,348.08149993931016,0
2918,217.98048888888889,217.98048888888889,121098.97791111111,347.9927842802364,0,45000,216.9866,119530.6478,345.73204624390837,0
2919,216.78504444444445,216.78504444444445,120324.639,346.8784210642109,0,45000,216.9778,119019.4446,344.99194860170286,0
2920,218.16968888888889,218.16968888888889,121367.28924444444,348.3780837602223,0,45000,216.9578,120122.1162,346.586376246961,0
2921,219.9846222222222,219.9846222222222,122625.79511111112,350.17966118995423,0,45000,219.8356,121792.3136,348.98755507897414,0
2922,218.20506666666665,218.20506666666665,121621.19795555556,348.7423088120447,0,45000,218.6072,121429.7512,348.46771902143246,0
2923,220.72797777777777,220.72797777777777,123175.35775555555,350.96347068541985,0,45000,221.1176,122572.1784,350.1030968157808,0
2924,216.47635555555556,216.47635555555556,119980.09995555556,346.38143708281416,0,45000,217.6174,120380.2502,346.95857130210806,0
2925,216.8312,216.8312,120979.61635555555,347.82124195562807,0,45000,217.8036,121017.4156,347.8755748827445,0
2926,216.38735555555556,216.38735555555556,120386.33517777777,346.967340217747,0,45000,216.819,120451.409,347.0611026894256,0
2927,218.68928888888888,218.68928888888888,122098.60915555556,349.4261140149024,0,45000,219.0794,121577.6046,348.67980239755786,0
2928,217.77213333333333,217.77213333333333,120689.63884444445,347.40414338986295,0,45000,218.2956,120843.7784,347.6259173306847,0
2929,218.51662222222222,218.51662222222222,121770.73417777778,348.95663652920797,0,45000,218.6482,121518.9194,348.59563881379813,0
2930,217.59862222222222,217.59862222222222,121423.48453333334,348.4587271590903,0,45000,217.3434,120877.6438,347.67462346280035,0
2931,216.04835555555556,216.04835555555556,119568.78813333334,345.78720064995656,0,45000,216.5506,119490.6806,345.6742405791904,0
2932,214.6945111111111,214.6945111111111,119242.03002222223,345.31439301341356,0,45000,215.3538,119131.2162,345.1539021943689,0
2933,217.41686666666666,217.41686666666666,120954.13206666667,347.7846058506136,0,45000,217.992,120717.076,347.4436299603146,0
2934,216.99546666666666,216.99546666666666,120294.81928888889,346.835435457349,0,45000,216.6818,119438.9626,345.5994250573921,0
2935,218.24106666666665,218.24106666666665,121604.75822222223,348.71873798553213,0,45000,218.4512,120697.3812,347.41528636489215,0
2936,216.85497777777778,216.85497777777778,120492.72808888889,347.12062469534834,0,45000,217.6796,119882.5748,346.2406313533985,0
2937,217.24406666666667,217.24406666666667,121108.22015555555,348.0060633890673,0,45000,217.6708,120746.0804,347.48536717392864,0
2938,216.451,216.451,120471.72171111111,347.09036533892885,0,45000,216.037,119386.6218,345.5236920965044,0
2939,217.83306666666667,217.83306666666667,121379.47671111111,348.395575045251,0,45000,217.1562,120574.8602,347.23890939812605,0
2940,218.28693333333334,218.28693333333334,121910.52742222222,349.15688081752336,0,45000,218.0606,120473.8962,347.09349777833637,0
2941,217.53186666666667,217.53186666666667,121006.5968,347.86002472258866,0,45000,217.5958,119750.901,346.0504312957867,0
2942,219.12415555555555,219.12415555555555,122011.96135555556,349.30210614245595,0,45000,219.4142,120913.5826,347.72630415313705,0
2943,218.34244444444445,218.34244444444445,121766.38737777778,348.9504081925937,0,45000,218.5556,121090.774,347.9809966075734,0
2944,218.77886666666666,218.77886666666666,121416.05268888889,348.4480631154217,0,45000,220.2506,121988.6442,349.2687277727567,0
2945,223.0088,223.0088,125487.594,354.242281496718,0,45000,222.9584,123830.3228,351.89532932393405,0
2946,216.42584444444444,216.42584444444444,120349.21286666667,346.9138406963128,0,45000,216.806,119971.6012,346.3691689512795,0
2947,219.71777777777777,219.71777777777777,123379.7896,351.25459370661616,0,45000,218.2998,121258.1102,348.2213523033876,0
2948,216.43737777777778,216.43737777777778,119963.43862222222,346.35738569030434,0,45000,217.1816,119728.8556,346.0185769579431,0
2949,215.98302222222222,215.98302222222222,119412.9928,345.56185090371304,0,45000,217.0046,119093.0622,345.09862677211567,0
2950,218.47853333333333,218.47853333333333,121723.40306666667,348.88881189666523,0,45000,218.4348,120836.5672,347.61554510694714,0
2951,218.43184444444444,218.43184444444444,121649.03566666666,348.7822181056062,0,45000,218.1772,120529.518,347.17361362868576,0
2952,217.54744444444444,217.54744444444444,120977.83313333333,347.81867852853065,0,45000,217.172,119824.1468,346.15624622415817,0
2953,216.93877777777777,216.93877777777777,120965.88402222222,347.80150089127307,0,45000,217.1346,120744.805,347.4835319838913,0
2954,216.45773333333332,216.45773333333332,120252.23431111111,346.77403926924967,0,45000,216.706,119346.5992,345.46577138697836,0
2955,217.87071111111112,217.87071111111112,121650.88066666666,348.7848630125262,0,45000,218.3236,121394.9928,348.41784225266076,0
2956,215.99584444444446,215.99584444444446,120067.86162222222,346.50809748434773,0,45000,216.2058,119509.7922,345.70188341980435,0
2957,217.17006666666666,217.17006666666666,120805.20295555555,347.57042877027897,0,45000,217.0876,120355.9856,346.9236019644671,0
2958,216.42677777777777,216.42677777777777,120382.08984444445,346.9612223929995,0,45000,215.2044,119283.7548,345.37480336585065,0
2959,218.65904444444445,218.65904444444445,121850.49833333334,349.07090731445,0,45000,219.5096,121100.7028,347.9952626114327,0
2960,217.36697777777778,217.36697777777778,120735.23182222222,347.46975670153256,0,45000,219.1872,121766.5824,348.95068763365407,0
2961,216.68568888888888,216.68568888888888,120323.95813333333,346.8774396430724,0,45000,216.1208,119388.878,345.5269569802044,0
2962,215.9615777777778,215.9615777777778,119673.04091111111,345.9379148215921,0,45000,216.1984,118730.6364,344.5731219929959,0
2963,215.58802222222224,215.58802222222224,119310.4942,345.413511895525,0,45000,216.2918,119141.9402,345.1694369436552,0
2964,219.15995555555557,219.15995555555557,122355.9044,349.7940885721198,0,45000,219.6804,121758.494,348.9390978380038,0
2965,218.07631111111112,218.07631111111112,121304.2344,348.28757428309154,0,45000,218.3768,120689.54,347.40400112836926,0
2966,217.15353333333334,217.15353333333334,121056.75251111112,347.932109054498,0,45000,217.0166,120737.9714,347.47369886079144,0
2967,216.45708888888888,216.45708888888888,120263.65571111112,346.79050695068213,0,45000,217.664,120464.13,347.0794289496282,0
2968,215.86206666666666,215.86206666666666,120561.89282222222,347.22023676943456,0,45000,216.473,120752.7886,347.4950195326546,0
2969,218.3026888888889,218.3026888888889,121539.01597777777,348.62446267836367,0,45000,218.061,120437.1342,347.04053682531094,0
2970,221.4974222222222,221.4974222222222,123812.79506666667,351.8704236884178,0,45000,222.156,123286.6744,351.12202209488373,0
2971,217.3542888888889,217.3542888888889,120114.76504444444,346.57577100028857,0,45000,216.9234,119724.7934,346.01270699209874,0
2972,215.56233333333333,215.56233333333333,119381.17535555556,345.51581057247665,0,45000,215.5402,119008.7934,344.9765113743253,0
2973,215.9448888888889,215.9448888888889,119302.32644444445,345.4016885373383,0,45000,215.5266,118616.605,344.4076146080397,0
2974,220.38742222222223,220.38742222222223,122297.84142222222,349.7110827843782,0,45000,217.2402,119958.1766,346.3497893748457,0
2975,216.19546666666668,216.19546666666668,119698.86884444444,345.975243109163,0,45000,217.0576,119710.9556,345.9927103278334,0
2976,217.3041111111111,217.3041111111111,121169.05064444445,348.09345102205594,0,45000,217.8594,120606.5962,347.2846040353646,0
2977,217.01424444444444,217.01424444444444,120948.59291111112,347.77664227361663,0,45000,218.1442,121469.339,348.5245170716115,0
2978,220.59464444444444,220.59464444444444,123352.71504444444,351.21605180350804,0,45000,218.1452,121466.4652,348.52039423827125,0
2979,217.4890888888889,217.4890888888889,121242.32713333334,348.1986891608487,0,45000,218.4854,121918.153,349.1678006345946,0
2980,217.32933333333332,217.32933333333332,120916.79844444444,347.7309282253226,0,45000,218.0838,120691.7474,347.4071781066131,0
2981,216.84384444444444,216.84384444444444,120213.37695555556,346.7180078328144,0,45000,217.3452,120635.528,347.3262558459985,0
2982,217.62148888888888,217.62148888888888,121341.20873333333,348.34065041756656,0,45000,218.3522,120621.9046,347.30664347230675,0
2983,217.2015111111111,217.2015111111111,120807.1512,347.57323142037274,0,45000,216.9306,120425.4918,347.0237625869445,0
2984,218.51573333333334,218.51573333333334,121903.91537777778,349.1474121023637,0,45000,218.0574,120721.8342,347.45047733454044,0
2985,218.40464444444444,218.40464444444444,122229.79153333334,349.61377480490285,0,45000,218.7354,121550.539,348.6409886975426,0
2986,217.3418888888889,217.3418888888889,120884.23966666666,347.6841090223519,0,45000,217.3504,119767.6972,346.07469887294565,0
2987,217.3864888888889,217.3864888888889,121615.87493333334,348.7346769871521,0,45000,217.4598,121104.7526,348.00108132015913,0
2988,218.04766666666666,218.04766666666666,121368.15291111112,348.37932331169014,0,45000,219.9926,122474.3518,349.96335779621273,0
2989,217.54726666666667,217.54726666666667,121133.23073333333,348.0419956461193,0,45000,217.788,120678.6568,347.38833716749906,0
2990,216.27717777777778,216.27717777777778,120147.49237777777,346.6229830489862,0,45000,216.5868,119317.7328,345.4239899022649,0
2991,216.43204444444444,216.43204444444444,119721.5088,346.00796060206477,0,45000,217.626,119062.3624,345.0541441571163,0
2992,216.24055555555555,216.24055555555555,120091.3258,346.54195388148895,0,45000,217.6588,120458.0368,347.0706510207972,0
2993,217.65222222222224,217.65222222222224,121257.0148,348.2197794497033,0,45000,218.2774,121647.749,348.780373587735,0
2994,214.36004444444444,214.36004444444444,118345.97306666667,344.01449543103075,0,45000,215.027,118498.3306,344.23586477878797,0
2995,218.0699111111111,218.0699111111111,120994.56666666667,347.84273266329234,0,45000,218.5404,119785.8756,346.1009615704643,0
2996,218.6553111111111,218.6553111111111,122074.43148888889,349.3915160516765,0,45000,218.5212,120631.2736,347.32013129100363,0
2997,217.53226666666666,217.53226666666666,120821.77791111112,347.59427197684244,0,45000,217.3102,119840.6758,346.1801204575445,0
2998,218.93793333333332,218.93793333333332,122691.83646666666,350.2739448869508,0,45000,218.6838,122089.4822,349.41305384887954,0
2999,218.44264444444445,218.44264444444445,121992.85486666666,349.2747555530841,0,45000,218.3188,121280.098,348.2529224572279,0
3000,217.1066,217.1066,120629.8354,347.3180608606469,0,45000,217.9126,121302.659,348.285312638934,0
3001,216.76346666666666,216.76346666666666,120434.7472,347.0370977287587,0,45000,216.5656,120154.816,346.63354713587665,0
3002,218.98804444444445,218.98804444444445,121756.66546666667,348.9364776956784,0,45000,219.643,122285.9494,349.6940797325571,0
3003,215.8199111111111,215.8199111111111,119823.32137777777,346.15505395382826,0,45000,216.3862,119834.8134,346.17165308557543,0
3004,217.3696,217.3696,121100.84635555555,347.99546887216155,0,45000,217.9634,121265.1162,348.2314118513722,0
3005,217.42457777777778,217.42457777777778,120947.2124888889,347.774657628886,0,45000,218.0178,120786.1498,347.5430186322263,0
3006,217.62604444444443,217.62604444444443,121545.34044444445,348.6335331611755,0,45000,217.675,120672.6498,347.3796911162194,0
3007,215.26922222222223,215.26922222222223,119416.68944444445,345.5671996073187,0,45000,215.8644,119741.366,346.0366541278539,0
3008,217.51722222222222,217.51722222222222,121287.48526666667,348.26352847616226,0,45000,218.1458,120892.6306,347.69617570516937,0
3009,216.86313333333334,216.86313333333334,120755.95286666667,347.499572469761,0,45000,217.7096,120134.9024,346.60482166294224,0
3010,216.7102888888889,216.7102888888889,120496.04686666667,347.12540510119203,0,45000,217.1584,119278.504,345.36720168539455,0
3011,218.58495555555555,218.58495555555555,121646.89651111112,348.77915148573766,0,45000,219.0536,120509.594,347.14491786572364,0
3012,216.94833333333332,216.94833333333332,120819.77677777778,347.5913934172965,0,45000,217.7332,120635.5104,347.32623050958875,0
3013,217.46882222222223,217.46882222222223,120644.1814,347.33871278623695,0,45000,218.3712,120118.1104,346.58059726418617,0
3014,217.02793333333332,217.02793333333332,121403.93468888888,348.43067415038087,0,45000,218.0422,120967.7094,347.80412504741804,0
3015,221.1733111111111,221.1733111111111,124075.47513333333,352.24348841864105,0,45000,221.5762,123456.025,351.3630956716997,0
3016,218.15424444444446,218.15424444444446,121230.11553333333,348.18115332874254,0,45000,218.987,121092.447,347.98340046617164,0
3017,217.16608888888888,217.16608888888888,120974.40315555556,347.81374779550555,0,45000,216.386,119517.874,345.7135721952495,0
3018,217.68568888888888,217.68568888888888,121553.19146666667,348.6447926854303,0,45000,218.083,121329.0042,348.32313187613596,0
3019,218.13162222222223,218.13162222222223,122192.48597777777,349.56041820803705,0,45000,218.7722,121749.579,348.9263231686598,0
3020,215.80524444444444,215.80524444444444,119564.06942222222,345.7803774395277,0,45000,216.3232,119783.0908,346.0969384435523,0
3021,216.54144444444444,216.54144444444444,120520.00966666666,347.15991944155456,0,45000,216.6646,120544.2074,347.1947686817876,0
3022,215.41191111111112,215.41191111111112,119674.06524444444,345.939395334565,0,45000,215.894,119622.1468,345.86434739649013,0
3023,215.97375555555556,215.97375555555556,119939.29975555555,346.3225371753267,0,45000,216.1692,119755.6992,346.05736403087855,0
3024,216.86422222222222,216.86422222222222,120503.90533333333,347.1367242648541,0,45000,217.9464,120340.2772,346.90096165908795,0
3025,219.25386666666665,219.25386666666665,121730.75533333333,348.8993484277856,0,45000,219.6424,121523.418,348.6020912157585,0
3026,216.2831111111111,216.2831111111111,119591.09422222222,345.8194532154347,0,45000,216.551,119233.4938,345.3020327191834,0
3027,217.13066666666666,217.13066666666666,120552.61702222223,347.20687928412684,0,45000,218.0912,120570.0196,347.23193919914684,0
3028,216.89922222222222,216.89922222222222,120437.65633333333,347.04128909012155,0,45000,218.4396,121301.66,348.283878466977,0
3029,216.9445111111111,216.9445111111111,119832.04895555555,346.1676601815305,0,45000,218.6776,120838.6676,347.61856624754665,0
3030,218.16997777777777,218.16997777777777,122119.63993333334,349.45620603064606,0,45000,218.8302,121430.4866,348.4687742108323,0
3031,217.9880222222222,217.9880222222222,121710.0498,348.8696745204432,0,45000,219.1268,121579.9896,348.683222424022,0
3032,220.13917777777777,220.13917777777777,123324.66491111112,351.17611665816787,0,45000,220.6958,122915.8798,350.5936106092066,0
3033,218.1898,218.1898,121477.38882222222,348.5360653106393,0,45000,219.1198,121217.3094,348.1627627992402,0
3034,216.79266666666666,216.79266666666666,119890.34897777777,346.2518577246594,0,45000,217.1956,119576.856,345.79886639490303,0
3035,215.53331111111112,215.53331111111112,119436.17828888888,345.5953967993337,0,45000,216.043,119532.165,345.7342404217436,0
3036,216.2409111111111,216.2409111111111,119847.81086666667,346.1904257293472,0,45000,216.6354,119480.0718,345.65889515532507,0
3037,215.47264444444446,215.47264444444446,119548.3342,345.75762348789937,0,45000,215.5646,119645.7578,345.8984790368411,0
3038,215.7898,215.7898,119548.875,345.7584055377396,0,45000,216.8282,119772.3862,346.0814733556247,0
3039,217.12913333333333,217.12913333333333,121237.74193333334,348.1921049267679,0,45000,217.6062,121280.5838,348.2536199381135,0
3040,217.5777111111111,217.5777111111111,121464.95642222223,348.5182296842193,0,45000,218.526,120877.8504,347.6749205795552,0
3041,214.6596,214.6596,118563.00631111111,344.32979294727187,0,45000,215.927,119141.329,345.16855158023884,0
3042,215.44066666666666,215.44066666666666,119589.51395555555,345.81716839329357,0,45000,216.4164,119944.2836,346.32973248047875,0
3043,220.22237777777778,220.22237777777778,123182.12086666666,350.9731056173203,0,45000,219.7766,121531.9494,348.61432758852584,0
3044,218.66933333333333,218.66933333333333,120938.04146666666,347.7614720849144,0,45000,218.7098,120294.023,346.8342875207121,0
3045,215.32402222222223,215.32402222222223,119576.4174888889,345.79823233916176,0,45000,215.4264,119246.8412,345.3213593162172,0
3046,216.0722,216.0722,120242.29366666666,346.75970594442873,0,45000,217.4232,120425.8336,347.024255060075,0
3047,218.2370222222222,218.2370222222222,120555.83417777778,347.21151216193533,0,45000,218.8214,120468.8006,347.08615731544234,0
3048,216.60586666666666,216.60586666666666,120288.09035555556,346.82573485189295,0,45000,217.5444,120557.6928,347.21418865017597,0
3049,217.24584444444446,217.24584444444446,120499.06633333334,347.1297543186601,0,45000,218.0174,120678.4758,347.3880766520348,0
3050,216.76684444444444,216.76684444444444,120096.85373333334,346.5499296397755,0,45000,217.2886,120554.055,347.20895005745456,0
3051,216.11697777777778,216.11697777777778,120196.4384,346.6935799809394,0,45000,216.5448,120322.6828,346.8756013328121,0
3052,219.92553333333333,219.92553333333333,124795.6378,353.26426057556404,0,45000,220.2524,124837.2504,353.3231529350999,0
3053,218.5642222222222,218.5642222222222,122811.53564444445,350.4447683222628,0,45000,219.3134,122949.863,350.6420724898825,0
3054,217.73184444444445,217.73184444444445,121373.24131111111,348.38662619439214,0,45000,218.4046,120752.6946,347.4948842788912,0
3055,218.59715555555556,218.59715555555556,121998.24448888889,349.28247091557415,0,45000,219.8262,122329.667,349.7565824970275,0
3056,215.25304444444444,215.25304444444444,119762.00491111111,346.0664746997477,0,45000,217.079,120305.9658,346.8515039609891,0
3057,217.951,217.951,121762.59011111112,348.94496716690315,0,45000,219.298,121538.76,348.6240955527888,0
3058,216.617,216.617,120873.6402,347.6688657328982,0,45000,216.6568,120632.3644,347.32170159666094,0
3059,215.82246666666666,215.82246666666666,119732.28677777777,346.0235350056088,0,45000,215.8584,119230.054,345.29705182639486,0
3060,218.44351111111112,218.44351111111112,121981.62808888889,349.2586836270344,0,45000,218.6722,121805.281,349.0061331839313,0
3061,218.48704444444445,218.48704444444445,121832.15095555555,349.0446260230281,0,45000,217.982,120812.3208,347.5806680470017,0
3062,216.96977777777778,216.96977777777778,120912.99515555556,347.7254594584003,0,45000,216.9826,120698.0198,347.41620543664914,0
3063,216.98664444444444,216.98664444444444,120511.04122222222,347.14700232354335,0,45000,219.4344,121494.478,348.5605801005042,0
3064,216.82353333333333,216.82353333333333,120346.56433333333,346.91002339703783,0,45000,217.2876,120630.1768,347.31855234064307,0
3065,215.83977777777778,215.83977777777778,119662.30746666667,345.9224009321551,0,45000,217.6044,120419.316,347.0148642349489,0
3066,216.63322222222223,216.63322222222223,120237.7618,346.75317129047284,0,45000,217.1076,119732.7808,346.0242488612612,0
3067,216.75217777777777,216.75217777777777,120585.24626666667,347.25386429335333,0,45000,217.3808,120210.8872,346.7144173523795,0
3068,217.50364444444443,217.50364444444443,120767.39026666667,347.5160287909993,0,45000,218.598,120445.9796,347.0532806356972,0
3069,217.59886666666668,217.59886666666668,120744.0669111111,347.4824699335365,0,45000,217.1822,119740.3046,346.0351204718966,0
3070,216.66202222222222,216.66202222222222,120238.13082222223,346.75370340087534,0,45000,216.2418,119868.7486,346.2206646056818,0
3071,217.66222222222223,217.66222222222223,120827.03342222222,347.6018317302459,0,45000,218.1632,120625.9628,347.31248581068894,0
3072,217.86606666666665,217.86606666666665,121397.82277777778,348.42190341277023,0,45000,218.3366,120882.9394,347.6822391207236,0
3073,218.2391111111111,218.2391111111111,121369.2828,348.38094494389327,0,45000,218.9688,121435.536,348.47601926101026,0
3074,218.86046666666667,218.86046666666667,122362.30691111111,349.80324028103445,0,45000,219.1616,121998.9064,349.2834184441054,0
3075,215.44524444444446,215.44524444444446,119904.32284444444,346.27203589727606,0,45000,217.0698,120749.6898,347.4905607351083,0
3076,216.97753333333333,216.97753333333333,120979.30037777778,347.82078773094884,0,45000,218.0366,121321.7178,348.31267246541574,0
3077,216.83413333333334,216.83413333333334,120991.45973333334,347.83826663168236,0,45000,218.1262,121759.9282,348.9411529183682,0
3078,218.22604444444445,218.22604444444445,121873.45884444444,349.10379379841237,0,45000,219.3752,122173.8064,349.533698518469,0
3079,218.0688888888889,218.0688888888889,121630.64884444444,348.7558585091359,0,45000,218.0594,120652.2126,347.3502736431915,0
3080,215.25582222222224,215.25582222222224,119071.84555555556,345.0678854306143,0,45000,216.2868,119722.5352,346.0094438017552,0
3081,216.1507777777778,216.1507777777778,120200.66353333334,346.6996733966349,0,45000,216.7736,119878.5824,346.2348659508456,0
3082,218.28386666666665,218.28386666666665,120942.09626666666,347.76730189404907,0,45000,216.7374,119620.2994,345.861676685926,0
3083,216.6968,216.6968,120274.3656888889,346.8059481740313,0,45000,216.6458,119340.9714,345.4576260556423,0
3084,218.5440888888889,218.5440888888889,121533.45844444445,348.6164919283717,0,45000,217.8132,120693.442,347.4096170229028,0
3085,217.09895555555556,217.09895555555556,120649.40233333333,347.34622832749073,0,45000,217.3216,120039.4016,346.46702815708164,0
3086,219.71646666666666,219.71646666666666,122678.7314888889,350.25523763234276,0,45000,218.2116,120895.6056,347.70045383922064,0
3087,217.56897777777777,217.56897777777777,120898.53142222222,347.7046612028982,0,45000,217.8168,120618.3244,347.30148919922584,0
3088,218.73417777777777,218.73417777777777,121326.50244444444,348.3195407157693,0,45000,220.0598,120785.8838,347.54263594557716,0
3089,217.84246666666667,217.84246666666667,120938.0782888889,347.76152502668964,0,45000,217.3242,120424.427,347.0222283946664,0
3090,217.43262222222222,217.43262222222222,121162.5899111111,348.0841707275858,0,45000,218.0174,120453.2058,347.063691272942,0
3091,218.66593333333333,218.66593333333333,121376.08891111112,348.39071300927515,0,45000,219.0732,121063.9432,347.94244236655004,0
3092,218.69106666666667,218.69106666666667,121678.8604,348.8249710098175,0,45000,220.8578,122805.5874,350.43628151206036,0
3093,219.84202222222223,219.84202222222223,122370.32695555556,349.81470374407587,0,45000,221.4354,123037.7602,350.76738759468503,0
3094,217.6816,217.6816,120996.58631111111,347.84563575113475,0,45000,216.601,119241.3566,345.31341792638176,0
3095,186.2078846194694,186.2078846194694,65791.44688714713,256.4984344730921,0,94158,188.2617340598413,68624.79093776886,261.9633389193397,0
3096,187.8551371099641,187.8551371099641,67089.10327322161,259.0156429122025,0,94158,192.29777267947614,72035.8574706051,268.39496543453475,0
3097,186.19950508719387,186.19950508719387,65761.16492491345,256.4393981526892,0,94158,189.1186311060128,68999.57690469362,262.6777053818874,0
3098,185.7309097474458,185.7309097474458,65575.12312283608,256.0764009486936,0,94158,188.04425963101042,68606.11232195774,261.92768529110805,0
3099,188.86610803118162,188.86610803118162,67896.07048790331,260.5687442651235,0,94158,189.9376732625944,70455.24653474812,265.43407191758206,0
3100,190.80642112194397,190.80642112194397,71016.41533380063,266.4890529342634,0,94158,198.02303795048275,78960.2966255616,280.9987484412726,0
3101,188.59454321459674,188.59454321459674,68906.54381996219,262.50055965647425,0,94158,187.34346620781952,68885.12666093108,262.4597619844442,0
3102,187.73124960173325,187.73124960173325,67722.01230909748,260.2345332754619,0,94158,191.30513335245197,72473.68196157155,269.2093645502911,0
3103,185.7528728307738,185.7528728307738,66000.39923320376,256.90542857869656,0,94158,186.73339068922664,67803.2721537138,260.3906145653368,0
3104,188.44017502495805,188.44017502495805,67301.69721107076,259.42570653478185,0,94158,190.31650893796004,70072.5904789217,264.71227867048725,0
3105,188.5682045073175,188.5682045073175,67407.43464177234,259.62941790516027,0,94158,190.09683586655194,69975.71197782239,264.5292270767493,0
3106,189.01309501051423,189.01309501051423,67740.66633743282,260.270371608896,0,94158,190.69744766274735,70559.6526144728,265.6306695667366,0
3107,188.5428003993288,188.5428003993288,67727.28002931243,260.2446541800858,0,94158,189.50281999808814,69781.19577478252,264.16130635424736,0
3108,187.75705728668834,187.75705728668834,67267.02834597166,259.35887944308297,0,94158,187.24529203709014,68026.07102571455,260.81808032748523,0
3109,185.46811741965632,185.46811741965632,65868.2103804244,256.64802820287633,0,94158,185.98747729662557,67389.82190995125,259.59549670583897,0
3110,185.28167548163725,185.28167548163725,65635.32428471293,256.19391929691255,0,94158,186.93203326641813,67592.18602428066,259.9849726893473,0
3111,185.2978716625247,185.2978716625247,65755.51068416916,256.42837339921874,0,94158,186.19759105248065,67728.46200172068,260.24692505718616,0
3112,186.68255485460608,186.68255485460608,66469.7484016228,257.81727715888786,0,94158,187.94512952872574,68653.87649364305,262.018847592388,0
3113,191.54753711846047,191.54753711846047,70672.46983793199,265.8429420502489,0,94158,194.05228945607496,73699.00229423573,271.4756016555369,0
3114,194.45691284861616,194.45691284861616,73312.9864270694,270.7637095828564,0,94158,192.79065098938915,73481.39957939011,271.0745277214185,0
3115,193.64739055629897,193.64739055629897,72491.50594745003,269.2424668351002,0,94158,191.37252652710066,71382.38543160309,267.1748218519161,0
3116,187.22976273922555,187.22976273922555,66869.27421992821,258.59093994169285,0,94158,185.20151037185738,65881.58732434758,256.674087753999,0
3117,187.77463412561863,187.77463412561863,67261.9867244419,259.3491598683942,0,94158,189.06978300353694,69426.1236019501,263.488374699815,0
3118,192.6943010684169,192.6943010684169,71467.15423012384,267.3334139798537,0,94158,196.70002867794665,77423.32444316987,278.25047069712184,0
3119,196.78307738057308,196.78307738057308,76599.73651734319,276.76657406078357,0,94158,196.30159640569735,77874.52872574324,279.0600808531081,0
3120,197.85512648951763,197.85512648951763,77094.72946536672,277.65937669267845,0,94158,198.1504636268043,79053.28897810917,281.1641673081923,0
3121,195.85994817222115,195.85994817222115,76218.96827672636,276.07783010724773,0,94158,195.53646878883472,77222.34805467929,277.88909308333655,0
3122,189.18631449266127,189.18631449266127,69022.05313409376,262.7204848010405,0,94158,190.766274734729,71228.40302074372,266.8864983860062,0
3123,186.64234584421928,186.64234584421928,67219.35459546719,259.266956235204,0,94158,189.8175126660931,70166.60118535513,264.88979064009834,0
3124,188.46112916587012,188.46112916587012,68645.40768707916,262.00268641195106,0,94158,190.86597839594685,70814.23391645159,266.1094397357065,0
3125,188.14547887593196,188.14547887593196,67592.37923490304,259.9853442694473,0,94158,191.26507982028485,70638.34126756524,265.77874495069244,0
3126,192.61720724739268,192.61720724739268,70459.4637205548,265.44201574082956,0,94158,194.0826880795335,72923.90201701559,270.04425936689637,0
3127,196.74044690838804,196.74044690838804,75504.54124981414,274.7808968065541,0,94158,196.88318516394227,76809.67794665902,277.14558980192885,0
3128,193.58491046963616,193.58491046963616,71711.05356953206,267.7891961404195,0,94158,194.62976770863207,73749.1721632731,271.56798810477113,0
3129,195.20339217060686,195.20339217060686,73798.91816945984,271.65956300020036,0,94158,193.850492304751,73045.64190803938,270.26957266410767,0
3130,196.32535737802417,196.32535737802417,75318.6244716328,274.4423882559558,0,94158,197.66341649937866,78113.8486760348,279.48854838085015,0
3131,184.9086004375624,184.9086004375624,65583.15558954098,256.0920841992993,0,94158,186.03804607590098,67185.86119873817,259.20235569673775,0
3132,187.51483676373755,187.51483676373755,67118.96042821641,259.07327231541353,0,94158,190.1532358283147,70361.69094732817,265.25778206742245,0
3133,194.21372586503537,194.21372586503537,73597.85596550479,271.2892477882321,0,94158,196.52126947710545,77170.66427683778,277.79608398398597,0
3134,193.7744748189214,193.7744748189214,72895.13930839652,269.99099856920515,0,94158,192.6425771914731,72864.29289742855,269.9338676369243,0
3135,189.02855838059432,189.02855838059432,68499.2592982009,261.7236315241726,0,94158,189.21011375585508,69723.41009463722,264.05190795492695,0
3136,194.06318103613077,194.06318103613077,72098.12660634253,268.5109431780063,0,94158,192.0388108211452,71544.05047318611,267.4771961741526,0
3137,187.94386031988785,187.94386031988785,67605.72750058412,260.01101419090713,0,94158,187.91893700411052,68581.20906223114,261.88014255042543,0
3138,188.1826716795174,188.1826716795174,67474.73036810468,259.75898515374723,0,94158,189.46697256476438,69590.1676703948,263.79948383269215,0
3139,187.56771596677925,187.56771596677925,67112.00697763334,259.05985211459017,0,94158,188.67221106968742,69081.3467163751,262.83330594956016,0
3140,187.46837231037193,187.46837231037193,66518.39577093821,257.9116045681896,0,94158,186.28505878979064,66828.81101233151,258.5126902346024,0
3141,183.11715414516027,183.11715414516027,63548.63836317679,252.08855262224182,0,94158,184.6496510849823,65778.2609693146,256.4727294846659,0
3142,187.17332568661186,187.17332568661186,66444.33074194439,257.76797850381723,0,94158,186.15906701080203,66958.98460950196,258.76434184311785,0
3143,187.9806814078464,187.9806814078464,66962.97921578622,258.7720603461398,0,94158,187.02370710257145,67379.60185450721,259.57581138177574,0
3144,185.2164871811211,185.2164871811211,65285.28998067079,255.50986278551125,0,94158,187.25685880890927,67727.96424815983,260.2459687452619,0
3145,188.9688927122496,188.9688927122496,67696.43846513308,260.18539248991874,0,94158,190.81416690564956,70207.22732052385,264.96646452055745,0
3146,184.97208946664117,184.97208946664117,65326.23974595892,255.5899836573392,0,94158,188.64238600516202,68957.44326546219,262.59749287733536,0
3147,187.6636823212048,187.6636823212048,66994.25606958517,258.8324865035013,0,94158,191.04626708727656,70652.00124271102,265.80444172870966,0
3148,189.33185709127213,189.33185709127213,68215.13907474671,261.1802807923039,0,94158,191.04253895421087,70893.83309435044,266.2589587119097,0
3149,190.64947216380978,190.64947216380978,69489.41830752564,263.60845644160514,0,94158,190.90058311824873,71118.37290889972,266.68028218992816,0
3150,188.28824953801058,188.28824953801058,68113.53857346163,260.9857056879967,0,94158,188.8164611413823,69533.57451486474,263.69219653767675,0
3151,190.32569723231165,190.32569723231165,68690.82638756133,262.0893481001495,0,94158,191.5914348532645,70999.07962909856,266.45652483866587,0
3152,190.5253297648633,190.5253297648633,69006.67316637991,262.6912125792942,0,94158,189.60596501290507,69714.98958034605,264.0359626648348,0
3153,186.85367148834936,186.85367148834936,66620.06130121711,258.1086230663693,0,94158,187.43714750023898,68175.73253035083,261.10483053814005,0
3154,190.49097262048898,190.49097262048898,69391.82706726991,263.42328497547425,0,94158,192.124079915878,71805.9067010802,267.9662417191393,0
3155,189.7568873595446,189.7568873595446,68894.06281994095,262.47678529717814,0,94158,190.480068827072,70646.98575661982,265.7950070197328,0
3156,187.29946472949723,187.29946472949723,67176.45127339153,259.18420336392325,0,94158,187.16528056591147,68096.4529203709,260.9529707061617,0
3157,185.4690307780539,185.4690307780539,66077.78560504684,257.0559970221408,0,94158,189.02342032310486,69737.14730905267,264.0779190107584,0
3158,187.18172645978038,187.18172645978038,67730.5386371843,260.25091476723827,0,94158,188.9990440684447,70429.55577860626,265.38567364989063,0
3159,190.24931498120182,190.24931498120182,69824.14355657512,264.24258467660945,0,94158,189.3192811394704,69915.81368893987,264.4159860691858,0
3160,185.3446016270524,185.3446016270524,65521.148187089784,255.97099090930163,0,94158,186.41879361437722,67187.42749259152,259.2053770518496,0
3161,195.7212557615922,195.7212557615922,73604.53176575543,271.30155135154575,0,94158,194.16107446706815,73373.58579485709,270.87559099124655,0
3162,189.51843709509546,189.51843709509546,68282.63876675375,261.3094693400026,0,94158,190.914157346334,70765.85517636937,266.01852412260575,0
3163,190.39589838356804,190.39589838356804,69636.1158372098,263.8865586520272,0,94158,192.9662556160979,72623.43963292228,269.4873645144096,0
3164,189.59776120988127,189.59776120988127,68751.10580088788,262.20432071361427,0,94158,192.14224261542873,71981.55931555301,268.29379291283095,0
3165,192.56101446504812,192.56101446504812,71169.4572739438,266.77604329089183,0,94158,192.7163751075423,72032.07934231909,268.38792696825817,0
3166,184.74043628794155,184.74043628794155,64776.46387986151,254.5122077226582,0,94158,185.52681388012618,66259.68396902781,257.40956464169665,0
3167,187.26841054397926,187.26841054397926,67220.14788971728,259.2684861098959,0,94158,191.13966160022943,72101.20542969124,268.5166762599508,0
3168,195.73928927972133,195.73928927972133,75265.04388368488,274.34475370177006,0,94158,195.94044546410478,76824.36793805564,277.1720908353791,0
3169,190.818039890397,190.818039890397,70675.62432294653,265.84887497024795,0,94158,189.4639135837874,69863.96692476819,264.31792774000064,0
3170,186.67379298625715,186.67379298625715,66480.75862911277,257.8386290475358,0,94158,187.72985374247205,67960.36420992257,260.69208697220284,0
3171,187.56551753435716,187.56551753435716,66566.13184222265,258.0041314440965,0,94158,190.85402925150558,70583.01959659689,265.6746498945597,0
3172,189.88372735189787,189.88372735189787,69114.9534612035,262.8972298469566,0,94158,190.54143963292228,70693.22569544021,265.88197700378305,0
3173,190.0369060515304,190.0369060515304,69614.45337623994,263.8455104341174,0,94158,190.28955166810056,70736.7960042061,265.96389981387716,0
3174,188.575946812804,188.575946812804,68101.7324072304,260.96308629235364,0,94158,188.75279609979924,69128.86483127809,262.923686326048,0
3175,187.22412328214278,187.22412328214278,66931.72041674632,258.71165496889836,0,94158,188.40149125322628,68666.18258292707,262.04232975404386,0
3176,197.58498481276152,197.58498481276152,77564.96710847724,278.5048780694465,0,94158,191.98527865404836,72989.35665806328,270.1654246162215,0
3177,191.36027740606215,191.36027740606215,71503.62910214746,267.40162509257016,0,94158,187.38562278940827,68118.1650893796,260.99456908023893,0
3178,186.6587544340364,186.6587544340364,66355.94387094033,257.5964748806558,0,94158,186.30857470605105,66395.46123697543,257.67316747572966,0
3179,184.7541791456913,184.7541791456913,64632.094543214596,254.22842984846247,0,94158,185.50262881177707,66192.80097505018,257.2796163224949,0
3180,186.07541579047984,186.07541579047984,66072.58776736974,257.0458865015539,0,94158,187.23458560367078,67528.08765892361,259.86167023807803,0
3181,185.7661908706642,185.7661908706642,65720.70522950785,256.3604985747762,0,94158,187.08574706051047,67444.9507695249,259.7016572329197,0
3182,186.57235710189255,186.57235710189255,66122.28435183415,257.1425370331291,0,94158,188.50387152279896,68298.05840741802,261.3389722322678,0
3183,186.3883684870112,186.3883684870112,66147.56290490452,257.1916851395171,0,94158,187.18143580919607,67792.04502437626,260.36905542782205,0
3184,188.49959642303364,188.49959642303364,67520.82761953313,259.84770081633036,0,94158,189.62623076187745,69352.46018545072,263.34855265493815,0
3185,187.8812527878672,187.8812527878672,67220.25925571911,259.2687008794527,0,94158,188.02150845999427,68539.08832807571,261.79971032847936,0
3186,186.1167399477474,186.1167399477474,66368.51808662036,257.6208805330429,0,94158,185.76971608832807,66909.28964726126,258.66830042983867,0
3187,183.84494148133987,183.84494148133987,64517.62403619448,254.0031969015242,0,94158,183.52518879648218,64795.43781665233,254.54948009503443,0
3188,184.20591983686995,184.20591983686995,64541.844994583575,254.05087087940393,0,94158,187.77191473090528,68584.81407131249,261.88702539704497,0
3189,187.52952484122432,187.52952484122432,67652.21962021284,260.10040296049687,0,94158,188.4884810247586,69292.55023420323,263.23478158139216,0
3190,188.51812910214744,188.51812910214744,68543.37736570445,261.80790164871735,0,94158,188.92543733868655,69688.23391645159,263.9852910986739,0
3191,186.6661993670214,186.6661993670214,66969.57923915121,258.78481261301096,0,94158,186.4486186789026,67768.9567918937,260.3247141396562,0
3192,185.36938974914506,185.36938974914506,65627.62982433781,256.17890198909396,0,94158,186.01061084026384,67046.93117292802,258.934221710704,0
3193,184.29131884704432,184.29131884704432,64686.97737844899,254.3363469472049,0,94158,185.36870280087945,66458.23210018163,257.7949419600424,0
3194,189.760169077508,189.760169077508,68644.70972195671,262.0013544277142,0,94158,189.71360290603192,69284.4095210783,263.21931829004933,0
3195,187.31446079993202,187.31446079993202,66687.98781834789,258.24017467920805,0,94158,186.5249976101711,67031.01137558551,258.90347887887776,0
3196,185.15424074428088,185.15424074428088,65322.90196265851,255.58345400799814,0,94158,185.9214224261543,66866.26288117771,258.58511728476896,0
3197,184.02386414324857,184.02386414324857,64292.398022472866,253.55945658261865,0,94158,184.57594876206863,65602.83347672307,256.1305008715734,0
3198,187.9189978546698,187.9189978546698,67641.24432337136,260.0793039120402,0,94158,188.72029442691903,69290.7751648982,263.23140991321344,0
3199,187.3083434227575,187.3083434227575,67322.28937530534,259.4653914789125,0,94158,187.92524615237548,68772.99455119013,262.2460572652907,0
3200,186.13757726374817,186.13757726374817,66574.37653730962,258.02010878477984,0,94158,187.41860242806615,68304.44852308575,261.3511976691244,0
3201,185.11652753881773,185.11652753881773,65308.40183521315,255.5550857158064,0,94158,186.27167574801643,66989.21575375203,258.822749683547,0
3202,184.67661802502178,184.67661802502178,64999.86160496187,254.95070426449476,0,94158,185.68588089092822,66886.25485135264,258.62377085518,0
3203,185.54476518192826,185.54476518192826,66008.93090337518,256.92203273245207,0,94158,186.99732339164515,68223.18220055444,261.19567798980603,0
3204,184.96116102720958,184.96116102720958,65755.1469338771,256.4276641352822,0,94158,186.64028295574036,67785.12895516682,260.3557738080084,0
3205,187.3788738078549,187.3788738078549,67699.58607871876,260.19144120958083,0,94158,189.2200554440302,70020.38610075519,264.6136544110209,0
3206,187.26492703753266,187.26492703753266,66843.0950211347,258.5403160459403,0,94158,190.2342988242042,69922.0148169391,264.4277118929465,0
3207,188.38046687482742,188.38046687482742,67534.59330062236,259.8741874458146,0,94158,191.53742472039002,71144.78644489055,266.72980044398963,0
3208,188.53002400220905,188.53002400220905,67547.90018904395,259.8997887437463,0,94158,189.95526240321192,69772.34700315457,264.1445570197398,0
3209,189.74401537840652,189.74401537840652,69028.57742305487,262.73290129531716,0,94158,191.69620495172546,72146.04550234204,268.6001591629127,0
3210,185.62543809341744,185.62543809341744,65420.313855434484,255.7739506975534,0,94158,188.45884714654431,68847.14577956218,262.3873963809279,0
3211,185.54391554620958,185.54391554620958,65661.99808831963,256.24597184798756,0,94158,187.21575375203136,67663.84858044164,260.12275675234883,0
3212,186.91871110261476,186.91871110261476,66569.0510206249,258.00978861396885,0,94158,188.89723735780518,68734.62288500143,262.17288739494296,0
3213,188.12479024618196,188.12479024618196,67644.18322394273,260.08495385920105,0,94158,192.40521938629195,71939.1225504254,268.2146948815918,0
3214,187.12549119564986,187.12549119564986,66814.97485078273,258.4859277616148,0,94158,188.1090717904598,68697.99665423956,262.1030267933576,0
3215,186.9860447333206,186.9860447333206,66346.11744089721,257.57740087379017,0,94158,187.72478730522894,68022.36143772106,260.81096878337206,0
3216,186.7929012935704,186.7929012935704,66264.24892202468,257.41843158955163,0,94158,187.95076952490203,68129.74983271198,261.01676159341184,0
3217,186.8854691051212,186.8854691051212,66465.41555683,257.80887408471807,0,94158,188.26268999139663,68479.48915017684,261.6858596679936,0
3218,185.5964442745173,185.5964442745173,65316.859725142844,255.5716332560068,0,94158,185.21259917789885,65802.35837874009,256.5197036851947,0
3219,184.99164170861744,184.99164170861744,64891.94799167357,254.73898011822527,0,94158,185.66026192524615,66003.08440875633,256.9106545255691,0
3220,184.65614180420144,184.65614180420144,64516.14627540942,254.00028794355612,0,94158,184.76703947997322,65471.524519644394,255.87404033946936,0
3221,184.91484526009472,184.91484526009472,64646.835425561294,254.25741960769068,0,94158,186.8067106395182,67196.99005831183,259.2238223202332,0
3222,184.65977399689882,184.65977399689882,64350.0968053697,253.67320868662836,0,94158,185.99847050951152,66286.39632922283,257.4614462967666,0
3223,185.6893944221415,185.6893944221415,65860.04290660379,256.6321158908288,0,94158,187.18774495746104,67765.16097887392,260.3174235022964,0
3224,185.7861148282674,185.7861148282674,65884.05564051913,256.6788959780666,0,94158,187.58761112704332,68208.94197495459,261.16841687875393,0
3225,185.7061322457996,185.7061322457996,65935.52981159328,256.7791459826777,0,94158,186.74887678042253,67566.5513813211,259.9356677743959,0
3226,185.43740308842584,185.43740308842584,65642.82704602902,256.2085616173453,0,94158,186.34662078195203,66902.56074945033,258.65529329486054,0
3227,184.45980161005969,184.45980161005969,64952.124684041715,254.8570671651891,0,94158,185.67335818755376,66793.15581684351,258.44371885740134,0
3228,187.66953418721724,187.66953418721724,67392.77964697636,259.6011934621572,0,94158,190.53560845043495,71459.89456074945,267.31983570388013,0
3229,190.63056776906902,190.63056776906902,70150.14865438943,264.85873339270773,0,94158,192.8467641716853,73211.31765605582,270.5758999912147,0
3230,188.20847936447248,188.20847936447248,67829.91898723422,260.4417765782483,0,94158,190.6037663703279,70467.79657776504,265.45771146788155,0
3231,190.63021729433504,190.63021729433504,69901.7643960152,264.3894180863054,0,94158,189.3872478730523,69002.12025618965,262.68254653895383,0
3232,187.63792773848212,187.63792773848212,66584.7019053081,258.040116852609,0,94158,188.8261160500908,69462.4789217092,263.55735414081926,0
3233,187.145436394146,187.145436394146,67107.09569022282,259.0503728818448,0,94158,189.51266609310773,70265.00869897715,265.0754773625375,0
3234,187.43873064423627,187.43873064423627,67491.34758597251,259.7909690231216,0,94158,190.75250932033268,71361.76025236593,267.1362204051819,0
3235,189.23647486140317,189.23647486140317,69520.58550521464,263.66756627468357,0,94158,191.8358665519549,72608.9481885097,269.4604761157185,0
3236,189.35976762463093,189.35976762463093,68466.22594999894,261.6605166050066,0,94158,190.4623840932989,69830.0371857375,264.25373637043907,0
3237,187.9767943244334,187.9767943244334,66507.54095244165,257.89056002971813,0,94158,188.94379122454833,68395.49727559507,261.5253281722347,0
3238,187.95722084156418,187.95722084156418,66845.09583890907,258.54418546722155,0,94158,189.20007647452442,68761.11691042922,262.22341030203467,0
3239,187.2356252256845,187.2356252256845,66196.33779392086,257.2864897228785,0,94158,187.62049517254565,67278.36612178569,259.3807358339969,0
3240,185.09450073281081,185.09450073281081,64781.315363537884,254.52173848914728,0,94158,186.0992256954402,66306.07303317082,257.4996563748597,0
3241,187.99235327853182,187.99235327853182,67420.05664946155,259.6537245052756,0,94158,188.93298919797343,69501.5799636746,263.63152308416113,0
3242,190.45976974872025,190.45976974872025,69539.34400688205,263.7031361339528,0,94158,190.11872669916835,70153.2945225122,264.8646720922067,0
3243,186.46328511650628,186.46328511650628,66246.01161876845,257.38300569145673,0,94158,187.92668004970844,68362.5939202753,261.46241397240124,0
3244,187.85782408292445,187.85782408292445,67259.1876951507,259.3437635555378,0,94158,189.284580824013,69589.83691807666,263.79885693095156,0
3245,186.75516684721427,186.75516684721427,66827.43708447504,258.51003285070976,0,94158,188.44087563330464,68992.55635216518,262.6643416076213,0
3246,187.79906115253084,187.79906115253084,67411.82835234393,259.637879271003,0,94158,189.24949813593346,69254.6405697352,263.16276440586194,0
3247,186.42504088871897,186.42504088871897,66473.21511714353,257.8240002737207,0,94158,187.78940827836726,68301.34623840933,261.3452625138044,0
3248,186.67130780178,186.67130780178,66626.4417149897,258.1209827096389,0,94158,187.75145779562183,68292.46515629481,261.3282708707476,0
3249,186.53617324072303,186.53617324072303,66408.67330444572,257.69880345947615,0,94158,186.86129433132587,67494.6431507504,259.7973116695983,0
3250,185.08905244376473,185.08905244376473,64878.493882622824,254.71257111226927,0,94158,186.17675174457509,66566.96883663129,258.00575349521046,0
3251,185.1316722955033,185.1316722955033,65252.58146944497,255.44584840910014,0,94158,186.89656820571648,67771.80068827073,260.33017629209013,0
3252,186.77638649928844,186.77638649928844,66461.2197264173,257.80073647376827,0,94158,188.84877162795144,68900.52509320332,262.4890951891208,0
3253,187.45929182862847,187.45929182862847,66618.51757683893,258.1056325941744,0,94158,189.11872669916835,68838.71532358283,262.3713309864148,0
3254,188.0660591771278,188.0660591771278,67625.91412306973,260.04983007698684,0,94158,187.7997323391645,68441.2523659306,261.61279090658127,0
3255,185.64961022961404,185.64961022961404,65874.46320015294,256.66020961604653,0,94158,185.7997323391645,67014.44441258007,258.87148242434904,0
3256,183.30889568597465,183.30889568597465,63875.18756770535,252.73541019751337,0,94158,184.06595927731576,65514.478921709204,255.95796319260944,0
3257,183.78993818900148,183.78993818900148,64317.01721574375,253.6079991162419,0,94158,184.66284294044547,66091.82984418316,257.08331304109015,0
3258,182.98820068395676,182.98820068395676,63885.02006202341,252.7548615991855,0,94158,185.85842653665998,66741.89609023994,258.3445298244961,0
3259,187.21706068523122,187.21706068523122,66631.39588776312,258.1305791411841,0,94158,190.1965395277698,70293.26163846669,265.12876426081476,0
3260,188.18371248327279,188.18371248327279,67404.704305529,259.62415971078076,0,94158,187.8963770194054,67748.82974859,260.28605369590974,0
3261,189.22085218462584,189.22085218462584,68656.603591835,262.0240515522096,0,94158,190.3332377401778,70305.31325877068,265.15149114943836,0
3262,185.4100341978377,185.4100341978377,64993.498927334906,254.93822570837608,0,94158,186.57700028677948,66885.2637415161,258.6218547252264,0
3263,185.27354021963083,185.27354021963083,65468.731748762715,255.86858296548,0,94158,186.60711213077144,67400.40483701367,259.61587940072866,0
3264,186.67384608848957,186.67384608848957,66693.16699590051,258.2502023153138,0,94158,187.56734537807094,67809.34633400249,260.4022778971077,0
3265,185.88490622145756,185.88490622145756,65733.43283629644,256.38532102344794,0,94158,186.94742376445848,67317.51601185356,259.4561928570092,0
3266,186.0938422651288,186.0938422651288,65774.30829032052,256.46502352235194,0,94158,187.42089666379889,67642.26326355033,260.08126280751236,0
3267,186.00799719620213,186.00799719620213,65642.4818815183,256.20788801580306,0,94158,187.68540292515056,67666.5902877354,260.1280267247945,0
3268,184.7307716816415,184.7307716816415,64803.66855710614,254.56564685186046,0,94158,185.5921040053532,66425.60300162509,257.7316492044101,0
3269,184.90480893816775,184.90480893816775,65441.86479109582,255.81607609979443,0,94158,186.14099990440684,67267.36095975529,259.3595206653407,0
3270,185.40900401452876,185.40900401452876,65659.06685571061,256.24025221598305,0,94158,186.8257336774687,67348.27377879743,259.51545961425387,0
3271,185.3103294462499,185.3103294462499,65552.17411159966,256.0315881128726,0,94158,187.30006691520887,67489.53025523372,259.78747132075813,0
3272,185.19998300728562,185.19998300728562,65442.524331442895,255.81736518743776,0,94158,186.03737692381225,66741.71140426345,258.34417238301205,0
3273,186.46762887911808,186.46762887911808,65578.49921408696,256.08299282476173,0,94158,187.25418220055445,67697.41649937864,260.1872719780478,0
3274,183.97695363113064,183.97695363113064,64796.49884237134,254.55156421120523,0,94158,184.4934518688462,65630.22101137559,256.18395931708056,0
3275,183.188109348117,183.188109348117,64111.70806516706,253.2028990062457,0,94158,185.3246343561801,66702.48876780423,258.2682496316654,0
3276,184.61568852354554,184.61568852354554,65167.414176171966,255.2790907539667,0,94158,187.3128763980499,67927.02915591243,260.6281434456234,0
3277,184.79331549098325,184.79331549098325,65569.7334798955,256.06587722673146,0,94158,185.83519739986616,67397.04903928879,259.6094163147569,0
3278,185.04577412434418,185.04577412434418,65669.51052486246,256.2606300719298,0,94158,186.1310582162317,67392.56065385719,259.6007716742329,0
3279,186.05599099386137,186.05599099386137,65824.07071093269,256.5620211779847,0,94158,187.8372048561323,68230.61724500525,261.20991031162134,0
3280,185.5629686272011,185.5629686272011,65493.840608339175,255.91764419113267,0,94158,187.74715610362298,68073.43628716184,260.90886586538574,0
3281,186.8797022026806,186.8797022026806,66492.05355891162,257.8605312158331,0,94158,188.56830130962624,68469.91597361628,261.6675676762718,0
3282,186.33915333800633,186.33915333800633,65996.98982561227,256.8987929625444,0,94158,186.55482267469648,66972.59439824108,258.7906381580313,0
3283,187.1545593576754,187.1545593576754,67215.80854521124,259.26011753683065,0,94158,190.30838351973998,70968.26326355033,266.3986923082588,0
3284,189.3172008751248,189.3172008751248,69247.84102253658,263.14984518812963,0,94158,190.55377114998566,71354.20695918173,267.1220825000841,0
3285,189.6805582106672,189.6805582106672,69621.19764650906,263.8582908428482,0,94158,189.90545836918076,70802.16088328075,266.08675443035634,0
3286,187.85870557998257,187.85870557998257,68199.73792986257,261.1507953843192,0,94158,186.91970174935474,68214.36239365261,261.178793920281,0
3287,185.9110431402536,185.9110431402536,65514.28938592578,255.95759294446762,0,94158,186.92381225504255,67652.88060414874,260.1016735896729,0
3288,185.59441576923894,185.59441576923894,65893.02475626075,256.69636685442345,0,94158,188.02313354363827,68997.76522321002,262.67425687190973,0
3289,185.76324900698825,185.76324900698825,65937.56551753436,256.78310987589185,0,94158,187.24013000669152,68060.21250358474,260.8835228671691,0
3290,186.91693748805199,186.91693748805199,67172.04312963317,259.1756993424213,0,94158,187.89312685211738,68759.65643819903,262.22062550112076,0
3291,185.5996728902483,185.5996728902483,65879.5602497929,256.67013899126033,0,94158,187.0146257527961,67734.5842653666,260.2586872044171,0
3292,185.89997663501774,185.89997663501774,65776.84538754009,256.46996975774783,0,94158,187.1742663225313,67699.01328744862,260.1903404960465,0
3293,186.16996962552307,186.16996962552307,66365.65356103571,257.6153208973327,0,94158,189.14444125800594,69764.11012331517,264.1289649457537,0
3294,187.4309033751779,187.4309033751779,67423.91848807324,259.66116091566954,0,94158,187.97036612178567,68617.99847050951,261.95037406064057,0
3295,188.01013190594531,188.01013190594531,67804.16240786763,260.3923240187153,0,94158,188.84370519070833,69391.14692668006,263.4219940071065,0
3296,185.85323605004353,185.85323605004353,66054.00090273796,257.0097291986005,0,94158,185.70194054105727,66774.9110027722,258.40841898586086,0
3297,184.0087300070095,184.0087300070095,64665.510291212646,254.2941412836966,0,94158,186.15600802982507,67292.11815314024,259.4072438332057,0
3298,185.3130589009962,185.3130589009962,65963.34472907241,256.8333014409783,0,94158,186.22148934136317,67546.83424146831,259.89773804607904,0
3299,184.78651840523375,184.78651840523375,65467.00695639245,255.86521247796162,0,94158,185.79782047605391,67114.92352547558,259.06548115384953,0
3300,185.05356953206314,185.05356953206314,65544.27443233713,256.0161604905775,0,94158,186.26431507504063,67300.00047796578,259.4224363426683,0
3301,184.87567705346333,184.87567705346333,64831.48193462053,254.62027007805276,0,94158,187.00391931937673,67428.63015008126,259.67023346945496,0
3302,186.63627094883068,186.63627094883068,66656.00027613161,258.1782335444482,0,94158,187.6247968645445,68647.04531115571,262.0058115980554,0
3303,185.60223241785084,185.60223241785084,65782.09542471166,256.48020474241605,0,94158,187.30006691520887,67837.23888729567,260.45582905225154,0
3304,186.21918477452792,186.21918477452792,66289.71392765352,257.4678891195046,0,94158,187.34231908995315,68162.44814071312,261.07939049398965,0
3305,189.23649610229614,189.23649610229614,68455.83882410417,261.640667374367,0,94158,190.6508937960042,70678.58378740083,265.85444097739054,0
3306,187.0038021198411,187.0038021198411,66944.83168716413,258.7369932714766,0,94158,187.96042443361054,68652.00879457031,262.0152835133293,0
3307,186.28423500923978,186.28423500923978,66937.78054971431,258.7233668413317,0,94158,186.14090431125132,67732.77736354076,260.2552158238923,0
3308,186.6941205208267,186.6941205208267,67150.86143503473,259.13483253903695,0,94158,187.25026288117772,68240.34920179716,261.22853826065244,0
3309,185.82785318294782,185.82785318294782,66285.58651415705,257.4598736000565,0,94158,186.46429595640953,67687.62995889495,260.1684645741965,0
3310,188.29429257205973,188.29429257205973,68063.29705388815,260.8894345386339,0,94158,189.0591721632731,69501.84035943027,263.63201694678565,0
3311,187.51133201639797,187.51133201639797,67841.02926995051,260.46310539105247,0,94158,191.9777267947615,73149.76627473473,270.4621346413112,0
3312,195.42865184052337,195.42865184052337,75015.57115699144,273.8897061902682,0,94158,194.63961380365166,75449.19175987,274.6801626617219,0
3313,185.40804817434525,185.40804817434525,65456.23667664989,255.84416482822095,0,94158,187.27234490010514,67933.88108211452,260.64128813776705,0
3314,186.87690902525543,186.87690902525543,66498.43155122241,257.8728980548798,0,94158,187.99579390115667,68275.44995698308,261.29571362152706,0
3315,186.12465218037767,186.12465218037767,65799.48198772277,256.51409705457274,0,94158,186.98327119778224,67354.95325494694,259.52832842475397,0
3316,186.44233097559422,186.44233097559422,66250.69339833046,257.39210049714126,0,94158,188.27205812063858,68614.2039957939,261.9431312246876,0
3317,187.14315299815203,187.14315299815203,66323.43848637397,257.53337353899195,0,94158,186.58866265175413,67270.24624796865,259.36508293902756,0
3318,184.31363240510632,184.31363240510632,64712.91744726949,254.38733743500183,0,94158,185.7036612178568,66615.33161265653,258.0994606981125,0
3319,186.6405297478706,186.6405297478706,66252.60051190552,257.395805156,0,94158,187.81091673836153,67901.23984322723,260.5786634458532,0
3320,186.81942054843987,186.81942054843987,66604.53190382123,258.0785382472189,0,94158,188.14186024280662,68666.16575853169,262.04229765160375,0
3321,185.8055608657788,185.8055608657788,65367.97319399308,255.67161202212708,0,94158,186.25905745148648,66839.82754994743,258.53399689392387,0
3322,183.8980012319718,183.8980012319718,63986.353830795044,252.95524076562447,0,94158,184.50960711213077,65921.16977344423,256.7511826135261,0
3323,183.70196903077806,183.70196903077806,64626.28766541345,254.2170090009979,0,94158,186.4823630628047,67717.74648695154,260.22633703557284,0
3324,187.18759956668578,187.18759956668578,67671.87419019095,260.1381828763147,0,94158,186.31555300640474,67574.3656438199,259.950698486886,0
3325,184.2424754136664,184.2424754136664,64336.85671955649,253.64711060754564,0,94158,184.73721441544785,65740.8280279132,256.39974264400735,0
3326,185.97410735147307,185.97410735147307,65820.39703477135,256.554861647117,0,94158,185.8139757193385,66825.00296338781,258.5053248259846,0
3327,185.75174706344654,185.75174706344654,65660.07826207014,256.24222575928064,0,94158,188.05200267660837,68561.5229901539,261.8425538184233,0
3328,188.43507721064594,188.43507721064594,68295.50177361457,261.33408077327874,0,94158,189.6782334384858,70332.7607303317,265.2032441926978,0
3329,184.42215212727544,184.42215212727544,64810.2994647295,254.57867048268105,0,94158,185.8050855558742,66734.4365739413,258.3300922733186,0
3330,184.75516684721427,184.75516684721427,65041.97781388729,255.0332876584688,0,94158,186.65768091004685,67587.7027052863,259.97635028072517,0
3331,185.31936744620745,185.31936744620745,65307.84722487733,255.5540006043289,0,94158,186.3380173979543,67172.25446898003,259.1761070565341,0
3332,185.3301896811742,185.3301896811742,65365.333333333336,255.66644936974686,0,94158,186.9278271675748,67502.57661791415,259.8125797914992,0
3333,183.9875953185072,183.9875953185072,64015.39214936596,253.01263239088667,0,94158,186.10314501481693,66501.17340598413,257.8782142911342,0
3334,185.4519637205548,185.4519637205548,65376.86452558466,255.68899961786516,0,94158,187.09310773348628,67788.38285058789,260.36202267340735,0
3335,181.54184455914526,181.54184455914526,62757.993850761486,250.51545631110565,0,94158,183.612082974859,64845.97285154383,254.64872442551882,0
3336,181.61780199239575,181.61780199239575,62687.42000679709,250.37455942406987,0,94158,183.40397667527006,64749.64601854507,254.45951744539852,0
3337,182.3069096624822,182.3069096624822,62858.371142122814,250.71571778036338,0,94158,183.77946659019213,65028.968071886055,255.00778041441413,0
3338,181.42272563138553,181.42272563138553,62715.26125236305,250.43015244247857,0,94158,182.6715419175987,64528.46984035943,254.0245457438305,0
3339,185.31114722062915,185.31114722062915,65407.80569893158,255.7494979446325,0,94158,186.0776216422904,67264.72650798204,259.3544418512666,0
3340,186.0215807472546,186.0215807472546,66038.00700949469,256.9786119689627,0,94158,186.1338304177421,67351.87400822101,259.5223959665543,0
3341,184.88307950466236,184.88307950466236,65413.93934663013,255.76148917816016,0,94158,187.75853168913105,68973.55778606252,262.6281740142564,0
3342,183.6914016865269,183.6914016865269,64337.64475668557,253.6486640151798,0,94158,183.62709110027723,65144.88280279132,255.2349560753607,0
3343,182.78476603156398,182.78476603156398,63558.15898808386,252.1074354081685,0,94158,184.9335627569066,65894.87773635407,256.69997611288176,0
3344,184.51227723613502,184.51227723613502,65098.76085940653,255.1445881444608,0,94158,186.1357422808527,67347.86540483701,259.5146728122266,0
3345,183.20629155249688,183.20629155249688,63424.37719577731,251.8419686942137,0,94158,184.15428735302552,65166.34126756524,255.27698930292414,0
3346,183.44135389451773,183.44135389451773,63589.64059347055,252.16986456250189,0,94158,184.9742854411624,65705.28840455023,256.3304281675319,0
3347,185.16083604154719,185.16083604154719,65454.50905924085,255.84078849792667,0,94158,184.97055730809674,66315.12866838735,257.5172395556992,0
3348,182.1856454045328,182.1856454045328,63164.166634805326,251.32482295787125,0,94158,181.98365357040436,63861.55769046936,252.70844404267413,0
3349,182.2178359778245,182.2178359778245,62960.69369570297,250.91969571100427,0,94158,184.775834050282,65777.50119491444,256.47124828119513,0
3350,183.84694874572526,183.84694874572526,64119.91927398628,253.21911316878567,0,94158,185.52184303603863,66217.57919892935,257.3277660862297,0
3351,184.13630281017015,184.13630281017015,64299.18991482402,253.57284932504902,0,94158,185.9672115476532,66574.03871522799,258.01945414101624,0
3352,182.3158945602073,182.3158945602073,63018.71522334799,251.0352868091416,0,94158,182.08890163464295,63789.22148934136,252.56528163890889,0
3353,185.30097283289788,185.30097283289788,65465.342562501326,255.86195997549407,0,94158,186.51467354937387,67158.26326355033,259.1491139547854,0
3354,185.28936468489135,185.28936468489135,65347.79169056267,255.63214134878007,0,94158,186.32903164133447,66913.1478826116,258.67575820438145,0
3355,185.23117525860786,185.23117525860786,65168.64533018968,255.28150213086275,0,94158,187.36870280087945,67412.78883471944,259.6397289220574,0
3356,184.72363474160454,184.72363474160454,64811.290511693114,254.58061692063893,0,94158,184.04559793518783,65177.53340980786,255.29890992679123,0
3357,184.62312283608404,184.62312283608404,65334.88434333779,255.60689416237935,0,94158,185.84905840741803,67101.0154860912,259.03863705264354,0
3358,184.78340661441408,184.78340661441408,64912.53321013616,254.77938144625472,0,94158,184.93948953254946,65999.66351209253,256.90399668376614,0
3359,184.63364769854925,184.63364769854925,64700.5981541664,254.36312263016114,0,94158,184.63751075423,65680.95201223592,256.282953026993,0
3360,183.6663799146116,183.6663799146116,64034.8337369103,253.05104966569553,0,94158,183.42204378166522,64859.50195965969,254.6752872967059,0
3361,182.91005543873064,182.91005543873064,63380.04414919603,251.7539357173906,0,94158,183.75403881082116,64877.4737596788,254.71056860617074,0
3362,185.3840353448459,185.3840353448459,65762.17923065486,256.4413758164912,0,94158,185.40598413153617,66573.7958130198,258.01898343536624,0
3363,182.81018075999916,182.81018075999916,63701.75287283077,252.39206182610175,0,94158,183.4209922569544,65367.19615715515,255.67009241824738,0
3364,183.27262686123325,183.27262686123325,64044.791308226595,253.0707239255987,0,94158,185.61695822579102,66768.33792180479,258.3957002773165,0
3365,183.6381401474118,183.6381401474118,64329.74198687313,253.6330853553478,0,94158,185.53235828314692,66666.28563234872,258.1981518763229,0
3366,185.46415599311794,185.46415599311794,65233.395696595086,255.40829214533167,0,94158,186.71589714176466,66929.78023133543,258.70790523549033,0
3367,190.95932368996793,190.95932368996793,70204.88211304403,264.9620390037864,0,94158,187.52576235541534,68022.72430933945,260.81166444263846,0
3368,184.7227532445464,184.7227532445464,64719.16961915079,254.3996258235275,0,94158,185.38199024949813,66388.62393652614,257.65989974484995,0
3369,185.6826079568385,185.6826079568385,65462.853448458976,255.85709575553884,0,94158,186.4044546410477,66609.44469935952,258.08805609589825,0
3370,185.05388814545765,185.05388814545765,64875.3352450137,254.70637064081004,0,94158,185.97657967689514,66756.02953828506,258.37188225169757,0
3371,182.29220034410247,182.29220034410247,63078.15139446462,251.153641013752,0,94158,182.39126278558456,64302.79294522512,253.57995375270718,0
3372,185.7577157543703,185.7577157543703,66151.54118609146,257.19941910138806,0,94158,186.23353407895993,67348.17331039098,259.5152660449689,0
3373,185.34282801248963,185.34282801248963,65801.74315512224,256.5185045081977,0,94158,185.89350922473952,67049.22951916643,258.9386597616633,0
3374,185.86165806410503,185.86165806410503,66116.79298625715,257.1318591428475,0,94158,187.01615524328457,67864.74122932798,260.50862025915376,0
3375,184.70022727755475,184.70022727755475,65260.17196626946,255.46070532719796,0,94158,185.33275977440016,66650.06366504158,258.16673617071893,0
3376,183.15691709679476,183.15691709679476,64183.27858493171,253.34418995692738,0,94158,185.7278462862059,67029.7502150846,258.90104328697595,0
3377,183.11720724739268,183.11720724739268,64194.021240892966,253.36539077169354,0,94158,183.1052480642386,65206.99072746391,255.35659523001146,0
3378,183.62709488306888,183.62709488306888,64527.96149026105,254.02354514938384,0,94158,184.8089092820954,66348.58177994455,257.5821845158251,0
3379,183.79206227829818,183.79206227829818,64796.94818284161,254.552446821557,0,94158,186.31908995315936,67809.17598699933,260.40195081258383,0
3380,185.03643875188513,185.03643875188513,65791.47926888846,256.4984975957724,0,94158,187.58694197495458,68683.34069400631,262.07506690642344,0
3381,185.85745236729753,185.85745236729753,66560.14736931541,257.9925335534256,0,94158,186.67201988337635,68209.22550425389,261.16895968750555,0
3382,184.73135580619808,184.73135580619808,65518.25171520211,255.96533303399136,0,94158,185.3119204664946,67089.55090335532,259.0165070094092,0
3383,185.15129888060494,185.15129888060494,65874.87459376792,256.6610110510903,0,94158,185.7147500238983,67182.30570691139,259.1954970807004,0
3384,182.84116060239174,182.84116060239174,63579.77293485418,252.150298304115,0,94158,184.2801835388586,65591.42500716948,256.10822908912843,0
3385,184.348106374392,184.348106374392,64979.91067142463,254.91157422020802,0,94158,187.37692381225503,68757.57174266322,262.2166503917385,0
3386,185.9637948979375,185.9637948979375,66402.62525754582,257.687068471714,0,94158,189.51142338208584,70514.48895899054,265.54564383358,0
3387,185.24955925147094,185.24955925147094,65728.56169417362,256.37582119648806,0,94158,184.0009559315553,65676.86855941114,256.2749862148297,0
3388,185.36163682321205,185.36163682321205,65871.17223178063,256.65379839733646,0,94158,186.10448331899437,67609.77927540388,260.018805618755,0
3389,182.9663225642006,182.9663225642006,63247.89316892882,251.49133815884957,0,94158,184.50415830226555,65666.49192237835,256.25474029250336,0
3390,183.2429851950976,183.2429851950976,64006.23884322097,252.99454310957177,0,94158,184.16575853168914,66126.18315648599,257.15011793986406,0
3391,183.1244928736804,183.1244928736804,63880.01482614329,252.74496004103284,0,94158,184.9872861103145,66114.91865022464,257.12821441884716,0
3392,183.14770916969348,183.14770916969348,64010.91340087937,253.00378139640398,0,94158,185.52968167479207,66878.21871713985,258.60823404744843,0
3393,183.8622421886616,183.8622421886616,63951.148102126215,252.88564234081423,0,94158,184.89628142624989,65710.43188987668,256.34046089112945,0
3394,183.40623207799655,183.40623207799655,63673.000254890714,252.33509517086742,0,94158,185.49622407035656,66658.39269668292,258.1828667760177,0
3395,185.52802735827015,185.52802735827015,65614.20454979928,256.152697721104,0,94158,186.2448140713125,66660.39642481599,258.1867471905094,0
3396,185.53914696573844,185.53914696573844,65992.52521293995,256.89010337679406,0,94158,185.81407131249404,67069.81923334289,258.9784146089069,0
3397,183.72754306591048,183.72754306591048,64002.63930839652,252.9874291509294,0,94158,184.54545454545453,65388.695535799634,255.71213411920763,0
3398,182.79813717368677,182.79813717368677,63329.71803776631,251.65396487591113,0,94158,183.86043399292612,65091.98049899627,255.131300508182,0
3399,188.94726948320908,188.94726948320908,68434.53814864377,261.59995823517204,0,94158,189.44947901730237,69699.40531497945,264.00644938141085,0
3400,186.91056522016186,186.91056522016186,66506.26760339005,257.8880912399602,0,94158,185.58732434757673,66527.48809865213,257.9292307952942,0
3401,183.2099449860872,183.2099449860872,63925.024363304234,252.833985775853,0,94158,184.8098652136507,65921.39393939394,256.7516191563238,0
3402,183.3785445740139,183.3785445740139,64210.68018649504,253.398263976877,0,94158,185.4006309148265,66449.26852117389,257.7775562790017,0
3403,184.70739607893117,184.70739607893117,64912.38769939888,254.77909588386345,0,94158,185.62871618392123,66635.29088997228,258.13812366632766,0
3404,183.61336264576562,183.61336264576562,64150.05309161197,253.27860764701776,0,94158,184.63569448427492,65925.02858235351,256.75869718931335,0
3405,184.81019138044564,184.81019138044564,64893.24881582022,254.74153335453607,0,94158,186.13019787783196,66764.02007456266,258.3873450356318,0
3406,184.46209562650014,184.46209562650014,64695.10093672338,254.35231655466276,0,94158,185.59057451486473,66743.26326355033,258.3471758381545,0
3407,185.18944752437392,185.18944752437392,65349.72017247605,255.6359133073365,0,94158,186.7405601758914,67232.20256189657,259.2917325367251,0
3408,183.8376877163916,183.8376877163916,64324.04024087173,253.6218449599161,0,94158,184.50664372430933,65758.73511136603,256.4346605109497,0
3409,185.04187642048473,185.04187642048473,64729.19674377111,254.41933248825865,0,94158,186.0438772583883,66345.2542777937,257.5757253271234,0
3410,184.27228700694576,184.27228700694576,64394.213322288066,253.76014920055525,0,94158,185.63129719912055,66236.81684351401,257.36514302351435,0
3411,183.44034495210178,183.44034495210178,63676.55479088341,252.3421383575946,0,94158,185.45492782716758,66112.17053818947,257.1228705078361,0
3412,183.7986363346715,183.7986363346715,64089.13498587481,253.15832000128853,0,94158,186.47987764076092,68132.31545741325,261.0216762213691,0
3413,186.77122496229742,186.77122496229742,66358.75559166507,257.60193242998986,0,94158,188.90880412962431,69105.58847146544,262.87941812067646,0
3414,187.48589604706982,187.48589604706982,67750.86706387137,260.2899672747134,0,94158,188.42854411624128,70165.03900200746,264.8868418815994,0
3415,184.2653412349455,184.2653412349455,64536.23751566516,254.039834505664,0,94158,185.7722971035274,66521.88509702706,257.91836905700814,0
3416,184.35691072452687,184.35691072452687,64528.447163278746,254.0245011082174,0,94158,186.51744575088424,67089.75155338878,259.0168943397106,0
3417,187.00862380254466,187.00862380254466,66714.6801333928,258.29185069102124,0,94158,187.61236975432558,68166.3622024663,261.08688630888054,0
3418,185.43693578878057,185.43693578878057,65498.94932984983,255.92762517917018,0,94158,185.47710543925055,66277.2169008699,257.44361887774556,0
3419,184.6537203424032,184.6537203424032,65135.16513732237,255.21591865971521,0,94158,185.44938342414684,66360.7504062709,257.6058042946061,0
3420,183.7581087108902,183.7581087108902,63970.39682236241,252.92369762907234,0,94158,184.87945703087658,65851.50597457222,256.61548272575493,0
3421,183.96998661823744,183.96998661823744,64501.21574374987,253.97089546589757,0,94158,185.42280852690948,66561.14023515917,257.99445776054796,0
3422,184.53841415493108,184.53841415493108,64848.09902504301,254.65289910983344,0,94158,185.89398719051715,66830.2170920562,258.51540977677945,0
3423,184.4630302257907,184.4630302257907,64683.906009048624,254.33030886830736,0,94158,186.54507217283242,67006.58808909282,258.8563078024038,0
3424,186.13335032604772,186.13335032604772,65846.96115040676,256.60662725348067,0,94158,188.40397667527006,68416.51390880413,261.56550596132536,0
3425,183.38119968563478,183.38119968563478,63781.297043267696,252.54959323520538,0,94158,185.36191568683682,66297.28295574037,257.4825876748569,0
3426,185.60551413581427,185.60551413581427,65449.20966885448,255.83043147533186,0,94158,187.29500047796577,67928.42242615428,260.63081634019085,0
3427,185.8482338197498,185.8482338197498,65476.95341872172,255.88464865779213,0,94158,187.3440397667527,67956.95612274161,260.68555027607806,0
3428,185.6366639053506,185.6366639053506,65545.54314025362,256.0186382673215,0,94158,187.23458560367078,68117.8226746965,260.99391309893895,0
3429,187.10382548482337,187.10382548482337,67260.38911191827,259.3460798082714,0,94158,187.46181053436575,68287.27330083166,261.31833709258075,0
3430,185.19511884279615,185.19511884279615,64975.49057966397,254.90290421975183,0,94158,185.1392792276073,65799.39374820763,256.51392505711584,0
3431,185.20664202723083,185.20664202723083,65093.91073514731,255.1350833091116,0,94158,186.55013861007552,67148.44555969792,259.13017107179536,0
3432,184.25110983665752,184.25110983665752,64315.44922364536,253.60490772783825,0,94158,184.39030685402926,65645.28582353503,256.2133599630102,0
3433,185.20668450901675,185.20668450901675,65240.5495337624,255.4222964695181,0,94158,186.49832711977822,67120.11117483988,259.0754931961722,0
3434,184.01127891416556,184.01127891416556,64107.57486352726,253.194737037576,0,94158,186.09396807188605,66384.7078673167,257.652300333835,0
3435,185.1786040485142,185.1786040485142,64825.768123791924,254.6090495716755,0,94158,185.6518497275595,66579.43867699073,258.0299181819634,0
3436,184.16926867605514,184.16926867605514,64495.4533443786,253.95955060674248,0,94158,184.9007743045598,66129.98441831565,257.1575089673946,0
3437,183.76109305635208,183.76109305635208,64362.650003186136,253.697950333041,0,94158,185.01825829270624,66169.73635407705,257.2347883822813,0
3438,184.6003844601627,184.6003844601627,64483.70820323286,253.9364255147986,0,94158,185.98241085938247,66608.47471561037,258.0861769169561,0
3439,184.59371481977104,184.59371481977104,65078.760243420635,255.10539046327625,0,94158,185.3777841506548,66189.03594302648,257.2722992143275,0
3440,183.85805773274708,183.85805773274708,64049.9805114807,253.08097619434122,0,94158,185.957078673167,66315.05334098078,257.51709329864065,0
3441,184.05877355084007,184.05877355084007,64294.60307143312,253.56380473449502,0,94158,185.92562852499762,66691.33008316605,258.24664583139514,0
3442,185.49422247711294,185.49422247711294,65104.65238216615,255.15613334224625,0,94158,187.12321957747827,67130.03097218239,259.09463709652965,0
3443,191.41560993224155,191.41560993224155,70728.27671573313,265.94788345789317,0,94158,191.1882229232387,71605.88452346812,267.59275872763845,0
3444,186.01991333715668,186.01991333715668,66164.68768453026,257.22497484600956,0,94158,186.20676799541152,67092.63292228276,259.02245640539115,0
3445,185.57215531340938,185.57215531340938,65264.82288281399,255.46980816294905,0,94158,186.2543733868655,66862.74285441163,258.5783108739239,0
3446,182.6736974022388,182.6736974022388,63251.09673102657,251.49770720828963,0,94158,182.98174170729376,64392.0812541822,253.7559482143861,0
3447,183.02255782833112,183.02255782833112,63130.327598292235,251.25749262119973,0,94158,185.34155434470892,65777.35914348533,256.4709713466328,0
3448,184.73772807408824,184.73772807408824,64583.515633297226,254.1328700371072,0,94158,185.76684829366218,66582.2549469458,258.03537537893095,0
3449,183.20816075107797,183.20816075107797,64047.99513583551,253.0770537520846,0,94158,184.75097982984417,66002.18774495747,256.9089094308671,0
3450,185.10745767752076,185.10745767752076,65008.03279593874,254.96672880189436,0,94158,187.1704425963101,67496.720963579,259.80131055015676,0
3451,186.321268506128,186.321268506128,66343.94428513775,257.57318238733194,0,94158,187.0515247108307,67681.73922187171,260.1571433227843,0
3452,184.70411436096774,184.70411436096774,64380.24244355233,253.7326199832263,0,94158,185.11021890832617,65616.64525379983,256.1574618350983,0
3453,184.42369209201556,184.42369209201556,65090.67749952208,255.12874690932435,0,94158,186.12255042538953,66888.4494790173,258.62801371664534,0
3454,183.62274050001062,183.62274050001062,64405.45064678519,253.7822898603943,0,94158,185.9074658254469,67079.06242233056,258.996259475558,0
3455,184.25700418445592,184.25700418445592,64325.3749548631,253.6244762535018,0,94158,185.47720103240607,66160.32970079342,257.2165035544831,0
3456,184.3426580853459,184.3426580853459,64539.64629665031,254.0465435636752,0,94158,186.06117961953925,67066.04798776408,258.9711335028753,0
3457,186.65250961150406,186.65250961150406,67214.87677095945,259.258320543352,0,94158,186.65003345760442,67941.46544307428,260.6558371551926,0
3458,189.76280294823596,189.76280294823596,70351.04783449096,265.23771947913247,0,94158,186.28199980881368,67680.03250167287,260.1538631304038,0
3459,183.2434949765288,183.2434949765288,63827.89593024491,252.64183329418134,0,94158,183.58990536277602,65014.569161648025,254.97954655549927,0
3460,183.7644491174409,183.7644491174409,64132.43188045626,253.2438190370226,0,94158,183.9297390306854,65111.01319185546,255.16859758178603,0
3461,185.5820217081926,185.5820217081926,65444.99188597889,255.8221880251572,0,94158,187.70385240416786,68305.39126278559,261.3530012507712,0
3462,184.0087831092419,184.0087831092419,64166.394326557485,253.31086499903134,0,94158,186.65653379218048,67285.76981168149,259.39500729906405,0
3463,187.37449818390365,187.37449818390365,67223.55185964018,259.2750505923009,0,94158,190.97686645636173,71519.42806615046,267.4311650988913,0
3464,186.38715775611206,186.38715775611206,66281.01612183776,257.45099751571706,0,94158,187.92668004970844,68805.30475097983,262.30765286392204,0
3465,182.4034282801249,182.4034282801249,63198.50595807048,251.3931302921193,0,94158,183.5310199789695,64962.403211930025,254.8772316467872,0
3466,182.10108540963063,182.10108540963063,63063.35652838845,251.12418547083124,0,94158,185.268712360195,66540.31813402161,257.9541008280768,0
3467,185.29136132883028,185.29136132883028,65905.69362135984,256.72104242028905,0,94158,187.147882611605,68459.97992543734,261.6485809734831,0
3468,186.9365215913677,186.9365215913677,67195.57585122879,259.22109453366016,0,94158,187.37243093394514,68495.60529586082,261.71665078068844,0
3469,184.80118524182757,184.80118524182757,65406.27101255337,255.74649755676688,0,94158,185.4454641047701,66608.16375107542,258.0855744730329,0
3470,186.2629091527008,186.2629091527008,65682.01390216444,256.28502473255134,0,94158,188.23573272153715,67998.67335818756,260.765552476142,0
3471,182.7921047600841,182.7921047600841,63513.15294504981,252.0181599509246,0,94158,184.60080298250645,65969.91310582163,256.846088359978,0
3472,185.01456063212896,185.01456063212896,65083.84815947663,255.1153624529041,0,94158,186.72870662460568,67235.34509129147,259.2977922993011,0
3473,183.35717623568894,183.35717623568894,63846.72506850188,252.67909503657378,0,94158,184.89867125513814,66000.89771532359,256.9063987434404,0
3474,184.1671552072049,184.1671552072049,64519.46701289322,254.00682473684287,0,94158,185.51591626039576,66572.85097027053,258.0171524729907,0
3475,183.44054674058498,183.44054674058498,63886.50076467215,252.75779071014242,0,94158,185.3421279036421,66303.4709874773,257.4946038026376,0
3476,184.4161515750122,184.4161515750122,64838.98290108116,254.6349993639546,0,94158,186.31756046267088,67270.0967402734,259.36479472024223,0
3477,186.6161558231908,186.6161558231908,66220.84341213705,257.33410852845964,0,94158,187.89809769620496,68110.74275881847,260.9803493729336,0
3478,188.23660230676097,188.23660230676097,67461.49266127148,259.73350315519843,0,94158,189.4823630628047,69576.49985661027,263.77357687344323,0
3479,182.7757492724994,182.7757492724994,63347.1599120627,251.68861696958547,0,94158,183.78998183730045,65126.97552815219,255.1998736836525,0
3480,183.47327895664733,183.47327895664733,64185.775281972856,253.34911738937015,0,94158,185.22053340980787,66615.43504445082,258.0996610700038,0
3481,183.81412094564456,183.81412094564456,64106.201321183544,253.19202460026963,0,94158,186.80556352165186,67546.74189848008,259.89756039347515,0
3482,187.65303001338177,187.65303001338177,67364.41366639054,259.54655394820895,0,94158,188.4728037472517,68771.18114902973,262.24259979841133,0
3483,186.4605025595276,186.4605025595276,66115.54742029354,257.1294370940316,0,94158,185.98269763884906,66552.16107446706,257.97705532559877,0
3484,185.89794812973938,185.89794812973938,65654.20449669704,256.23076414961776,0,94158,185.8842366886531,66545.41755090335,257.9639849880276,0
3485,182.9144098217889,182.9144098217889,63456.19173092037,251.90512446339866,0,94158,184.05171589714178,65297.7259344231,255.53419719173223,0
3486,181.68838547972555,181.68838547972555,62598.58105524756,250.19708442595322,0,94158,183.57508842366886,64795.3336201128,254.54927542641482,0
3487,182.83423607128444,182.83423607128444,63288.521718813055,251.57210043805148,0,94158,184.21374629576522,65099.39738074754,255.14583551519618,0
3488,183.1934726735912,183.1934726735912,63634.2097644385,252.2582204100364,0,94158,184.82535130484658,65703.7787974381,256.3274834999909,0
3489,182.72975211877906,182.72975211877906,63163.2796788377,251.32305839066518,0,94158,184.59697925628524,65441.69457986808,255.81574341675707,0
3490,183.64740117674546,183.64740117674546,63921.6200429066,252.82725336265986,0,94158,185.2025618965682,65979.49316508939,256.8647370992939,0
3491,182.86784978440494,182.86784978440494,63311.14141124493,251.61705310102678,0,94158,185.212981550521,66143.90278176083,257.18456948611987,0
3492,184.07526710422906,184.07526710422906,64358.50885745237,253.68978863456914,0,94158,186.39441735971704,67195.73195679189,259.22139563853887,0
3493,184.19270800144437,184.19270800144437,64450.892765351855,253.8718038013514,0,94158,185.65863684160215,66569.72669916834,258.01109801550854,0
3494,185.55860362369634,185.55860362369634,65317.50375963806,255.57289324112222,0,94158,187.95507121690088,68023.78682726317,260.8137013794773,0
3495,186.20654644321246,186.20654644321246,65934.7970432677,256.77771913323727,0,94158,188.11547653188032,68018.03039862346,260.8026656279101,0
3496,185.33120924403661,185.33120924403661,65332.68480638926,255.60259154865636,0,94158,183.90631870758054,64827.5073128764,254.61246495974308,0
3497,185.69769961129165,185.69769961129165,65725.00851759808,256.3688914778821,0,94158,186.68607207723926,67600.36640856514,260.0007046309012,0
3498,187.01805475902208,187.01805475902208,66858.59098536502,258.57028248691887,0,94158,188.60061179619538,69163.76015677277,262.99003813219383,0
3499,185.85800463051467,185.85800463051467,65855.67599141868,256.62360762684847,0,94158,187.19434088519262,67556.16403785489,259.91568640206174,0
3500,182.65400709445825,182.65400709445825,63420.325622889184,251.83392468626855,0,94158,184.02408947519356,65323.60367077717,255.5848267616393,0
3501,185.9096412413178,185.9096412413178,65315.052486246524,255.56809755180032,0,94158,187.09396807188605,67166.01682439537,259.1640731744957,0
3502,184.28164362029779,184.28164362029779,64782.29833896217,254.52366950631955,0,94158,185.45760443552243,66491.9567918937,257.86034358135356,0
3503,181.9943074406848,181.9943074406848,62883.86992077147,250.76656459897413,0,94158,182.85077908421758,64337.44422139375,253.6482687135746,0
3504,182.1267656492279,182.1267656492279,62910.65107585123,250.81995749112795,0,94158,182.98709492400343,64571.005257623554,254.10825499700624,0
3505,182.01956286242273,182.01956286242273,62936.48792455235,250.87145697458757,0,94158,183.62584838925534,65133.51381321097,255.21268348812717,0
3506,183.83829308184116,183.83829308184116,64306.270502771935,253.58681058519574,0,94158,183.98527865404836,65438.31545741325,255.8091387292746,0
3507,185.1892669767837,185.1892669767837,65293.27202149578,255.52548213729247,0,94158,186.01414778701846,66787.54860911959,258.4328706049592,0
3508,184.2061959684785,184.2061959684785,64611.41259372544,254.18775067600217,0,94158,185.59200841219769,66760.01644202275,258.3795975730722,0
3509,183.82011087746127,183.82011087746127,64325.91170160793,253.62553440378974,0,94158,184.57786062517923,65785.30150081254,256.48645480963035,0
3510,183.53313579302875,183.53313579302875,63884.69405679815,252.75421669439692,0,94158,184.55587419940733,65528.29528725743,255.98495129061286,0
3511,182.83112428046476,182.83112428046476,63509.835797276915,252.0115786968466,0,94158,184.02150845999427,65264.680145301594,255.4695288000148,0
3512,182.8353724590582,182.8353724590582,63516.81723273647,252.0254297342561,0,94158,184.08794570308766,65392.95344613326,255.72045957672856,0
3513,182.80269334522822,182.80269334522822,63621.685061279975,252.23339402481975,0,94158,184.0304942166141,65600.86196348342,256.12665219278415,0
3514,182.2259181375985,182.2259181375985,63060.81955861425,251.11913419453774,0,94158,183.3493929834624,64972.3250167288,254.8966947936532,0
3515,184.35852503239235,184.35852503239235,64619.62176341893,254.20389800988286,0,94158,186.2159449383424,66953.8329987573,258.7543874000155,0
3516,183.78134624779625,183.78134624779625,64116.54510503622,253.21245053321573,0,94158,184.95564477583406,65932.76254660166,256.7737575115527,0
3517,184.51572888124215,184.51572888124215,64873.1640009346,254.70210835588819,0,94158,186.9398719051716,67773.73061848772,260.3338829627978,0
3518,186.92691008730006,186.92691008730006,65962.58996580217,256.8318320726661,0,94158,187.1056304368607,67245.91759869993,259.3181783036043,0
3519,184.19489581342,184.19489581342,64153.773646424095,253.2859523274516,0,94158,185.96443934614283,66444.7830991301,257.7688559526346,0
3520,184.6736230591134,184.6736230591134,64619.847161154656,254.20434134993576,0,94158,186.35273874390595,66816.01491253226,258.48793958816003,0
3521,185.72359225981862,185.72359225981862,65484.606894793855,255.899603154819,0,94158,187.68980021030495,67941.19959850874,260.65532720147644,0
3522,184.6136387773742,184.6136387773742,64340.01560143589,253.65333745376955,0,94158,185.64812159449383,65947.44030207438,256.802337026115,0
3523,182.75572973087787,182.75572973087787,63736.148155228446,252.46019122869342,0,94158,184.1376541439633,65712.56763215754,256.34462668867775,0
3524,183.81982412540623,183.81982412540623,64148.05394124769,253.27466107221954,0,94158,185.5336009941688,66237.5758531689,257.3666175967056,0
3525,183.55194460375114,183.55194460375114,63990.86187047303,252.96415135444198,0,94158,183.85001433897332,65194.327597744,255.3317990336182,0
3526,181.06965950848573,181.06965950848573,62263.09659296077,249.52574334717605,0,94158,182.427588184686,64194.178281235065,253.36570068033097,0
3527,184.15667282652564,184.15667282652564,64348.0839652499,253.66924126754094,0,94158,186.23286492687123,66889.83271197783,258.63068787747875,0
3528,182.73004949128062,182.73004949128062,63381.83020030162,251.7574829082576,0,94158,184.04206098843324,65288.70433036995,255.51654414219433,0
3529,184.87466811104738,184.87466811104738,64606.13854372438,254.17737614454276,0,94158,186.8127330083166,67016.99187458178,258.87640269939976,0
3530,184.77851058858514,184.77851058858514,64680.600703073556,254.32381072772867,0,94158,186.81560080298252,67439.18975241373,259.69056538968397,0
3531,185.41885978886552,185.41885978886552,65799.9376048769,256.51498514682703,0,94158,185.69716088328076,66847.02227320524,258.54791098209483,0
3532,183.6659338558593,183.6659338558593,64099.390524437644,253.17857437871325,0,94158,183.84599942644107,64807.253704234776,254.57268844916334,0
3533,183.26836806219333,183.26836806219333,63980.648580046305,252.94396332003322,0,94158,184.29538285058788,65816.42328649269,256.5471170886406,0
3534,186.08272265766053,186.08272265766053,66000.07063658956,256.90478904954176,0,94158,187.61762737787976,67936.73664085651,260.64676602800296,0
3535,184.4429894432762,184.4429894432762,64805.12824189129,254.5685138462557,0,94158,185.0766657107351,66461.03728133066,257.8003826244846,0
3536,184.77993372841394,184.77993372841394,65039.431413156606,255.02829531868932,0,94158,185.41984513908804,66502.7130293471,257.8811994491787,0
3537,184.8967055375008,184.8967055375008,65046.968478514835,255.04307181045877,0,94158,186.52968167479207,67247.53685116145,259.3213004193089,0
3538,183.94496484632214,183.94496484632214,64450.16614626479,253.8703727225073,0,94158,184.77258388299398,66007.47404645827,256.9191975046985,0
3539,186.11271479853013,186.11271479853013,66573.75019647826,258.0188950377051,0,94158,185.3189943600038,66938.30723640187,258.7243846961509,0
3540,186.67092546570657,186.67092546570657,66900.5954140912,258.65149412692597,0,94158,188.079533505401,69298.56151419558,263.24619942972697,0
3541,185.75788568151404,185.75788568151404,66188.22626861233,257.2707256347141,0,94158,189.22588662651754,70421.99158780232,265.37142195007044,0
3542,190.79994264958898,190.79994264958898,71099.28506340407,266.6444919052409,0,94158,196.9869037376924,77843.21212121213,279.0039643467672,0
3543,183.65613118375495,183.65613118375495,64111.804180207735,253.20308880463472,0,94158,184.74677373100087,65915.94627664659,256.74101011845886,0
3544,183.1683234563181,183.1683234563181,63764.01776800697,252.51538125034477,0,94158,185.5739413058025,66631.97352069592,258.13169801614043,0
3545,182.83363070583488,182.83363070583488,63545.0203806368,252.08137650496278,0,94158,183.45922951916643,65044.07389350922,255.03739704896068,0
3546,182.8479576881412,182.8479576881412,63541.54650693515,252.07448602929878,0,94158,183.23095306376064,64868.66657107351,254.6932793991108,0
3547,181.95008390152722,181.95008390152722,62844.33998173283,250.68773400733596,0,94158,184.07179045980308,65063.43418411242,255.07535001272157,0
3548,182.89944561269357,182.89944561269357,63477.4188916502,251.94725418557394,0,94158,183.7418028869133,64785.37548991492,254.5297143555442,0
3549,183.36087215106522,183.36087215106522,63752.57415195735,252.492720988066,0,94158,186.28400726507982,66654.64076092152,258.17560063050405,0
3550,183.22847766520104,183.22847766520104,63672.02078421377,252.33315434998582,0,94158,183.97791798107255,65018.924099034506,254.98808619038363,0
3551,184.82962679751057,184.82962679751057,64789.16916247159,254.53716656408272,0,94158,185.12312398432272,65956.87152279897,256.82069917122914,0
3552,183.84481403598207,183.84481403598207,64070.43295312135,253.12137988151326,0,94158,184.9498135933467,65891.05630436861,256.69253262291954,0
3553,183.2342445676416,183.2342445676416,63554.70269122114,252.10058050552192,0,94158,185.0120447375968,65867.83796960137,256.64730267353553,0
3554,183.94646232927633,183.94646232927633,64079.87356358461,253.14002758075344,0,94158,186.59449383424146,66970.24844661122,258.7861055903335,0
3555,181.18316022005564,181.18316022005564,62639.65007752926,250.2791443119647,0,94158,182.95497562374533,64637.970939680716,254.23998690151146,0
3556,185.50217719152914,185.50217719152914,65328.43928290746,255.59428648330044,0,94158,186.5382850587898,67276.80690182582,259.3777301578257,0
3557,185.62441853055503,185.62441853055503,65369.76526689182,255.6751166361166,0,94158,186.60959755281522,67443.66704903929,259.6991856919064,0
3558,185.56078081522548,185.56078081522548,65428.60241296544,255.79015308053874,0,94158,186.59430264793042,67242.74610457891,259.31206316825853,0
3559,183.82750270821384,183.82750270821384,64321.83277044967,253.61749302926577,0,94158,183.97591052480644,65528.633400248546,255.9856117055186,0
3560,182.51910618322395,182.51910618322395,63224.08619554366,251.44400210691776,0,94158,184.24089475193577,65351.03814166906,255.63849111913694,0
3561,183.29841330529536,183.29841330529536,63624.279912487524,252.23853772270311,0,94158,184.4775834050282,65405.122454832235,255.74425204651664,0
3562,182.4674164701884,182.4674164701884,63133.11638947301,251.2630422276086,0,94158,184.39193193767326,65612.36516585412,256.14910729076166,0
3563,183.56161983049768,183.56161983049768,63911.759393784916,252.8077518467045,0,94158,185.61915686836824,66408.54507217283,257.69855465674004,0
3564,183.65330614499032,183.65330614499032,64394.69136982519,253.76109112672333,0,94158,184.99799254373386,66405.83156485995,257.693289716399,0
3565,183.48208330678222,183.48208330678222,64163.47159030566,253.30509586328037,0,94158,186.44527291845904,67363.73711882229,259.5452506188897,0
3566,184.28768665434694,184.28768665434694,64822.02684848871,254.60170236761715,0,94158,187.2868750597457,67867.18382563809,260.51330834649906,0
3567,186.29769111493448,186.29769111493448,65966.78875931945,256.84000615036484,0,94158,188.4248159831756,68482.23076187745,261.691097979808,0
3568,186.81593704199324,186.81593704199324,66177.04701671658,257.24899808690526,0,94158,187.26699168339547,67680.1089761973,260.15401010977575,0
3569,183.005161536991,183.005161536991,63550.09488306889,252.09144151095032,0,94158,184.17627377879745,65308.1227416117,255.5545396615206,0
3570,183.00864504343764,183.00864504343764,63430.062618152464,251.85325611981366,0,94158,183.94474715610363,65340.12063856228,255.61713682490515,0
3571,182.47281165700207,182.47281165700207,63216.91661887466,251.4297448968094,0,94158,183.78147404645827,65033.21384188892,255.01610506375656,0
3572,182.58019499139743,182.58019499139743,63250.45468255485,251.49643075510008,0,94158,183.69391071599273,64989.16891310582,254.92973328567584,0
3573,182.69141230697338,182.69141230697338,63142.82465642856,251.28236041638212,0,94158,184.13593346716374,65101.86846381799,255.15067796072577,0
3574,181.9539709849402,181.9539709849402,63137.548843433375,251.27186241884183,0,94158,183.9685498518306,65599.50874677373,256.1240104847137,0
3575,186.27819197519062,186.27819197519062,66240.53253042758,257.37236162888115,0,94158,188.9077526049135,69096.33629672116,262.8618197774663,0
3576,188.06585738864462,188.06585738864462,67214.4794388156,259.2575542560247,0,94158,189.29710352738743,68930.60539145397,262.5463871232167,0
3577,187.8683170840502,187.8683170840502,67243.57421568003,259.31365990953896,0,94158,188.63703278845236,69008.620781952,262.69491959676725,0
3578,185.67261411669747,185.67261411669747,65627.37927738483,256.1784129808459,0,94158,184.1249402542778,65751.74906796674,256.4210386609623,0
3579,187.41089445400286,187.41089445400286,67234.37671785722,259.295924992772,0,94158,187.21030494216615,67980.28763980498,260.7302967432151,0
3580,185.0758299878927,185.0758299878927,65303.52373669789,255.54554141424165,0,94158,184.8181818181818,66251.26995507121,257.39322049166566,0
3581,184.8437519913337,184.8437519913337,65042.28605110559,255.03389196556913,0,94158,183.43953732912723,65091.839690278175,255.1310245545966,0
3582,186.73435077210647,186.73435077210647,66483.54301280825,257.84402846063404,0,94158,188.7275595067393,68975.75518592869,262.6323574617733,0
3583,183.19251683340767,183.19251683340767,63982.26205951698,252.94715270094855,0,94158,184.12044737596787,65455.975719338494,255.8436548350154,0
3584,182.6395632872406,182.6395632872406,63485.37284139425,251.96303864137346,0,94158,185.8180862250263,66717.14778701845,258.2966275177019,0
3585,185.372660846662,185.372660846662,65391.91974128592,255.71843840694382,0,94158,186.58866265175413,67174.64410668197,259.18071708111694,0
3586,185.36033050829457,185.36033050829457,65284.74561906583,255.50879753751303,0,94158,186.8566102667049,67292.70997036612,259.4083845413755,0
3587,184.41695872894496,184.41695872894496,64843.306081267656,254.64348819725913,0,94158,184.97657967689514,66147.1790459803,257.1909388877849,0
3588,183.20004672996453,183.20004672996453,63735.11351133202,252.45814209752083,0,94158,184.4289264888634,65492.41210209349,255.91485322679787,0
3589,183.33159158011003,183.33159158011003,63869.62974999469,252.7244146298388,0,94158,186.5564477583405,67216.19395851257,259.2608608303856,0
3590,183.13383886658596,183.13383886658596,63770.22700142314,252.52767571381784,0,94158,185.7004110505688,66900.32004588471,258.65096181125,0
3591,187.25353129845578,187.25353129845578,67050.29652286581,258.9407200941285,0,94158,189.07513622024663,69575.84045502343,263.7723269318133,0
3592,185.22092652775123,185.22092652775123,65069.94369039274,255.08810966094194,0,94158,186.44976579676896,66987.4372430934,258.819313891165,0
3593,184.35531765755434,184.35531765755434,64502.812315469746,253.97403866432833,0,94158,185.47815696396137,66486.91167192429,257.850560736106,0
3594,183.2292104760084,183.2292104760084,63856.46604643259,252.69836969484507,0,94158,184.5315935379027,65815.22407035656,256.5447798540375,0
3595,183.8583763461416,183.8583763461416,64763.59305635209,254.4869211891882,0,94158,185.62594398241086,67018.18114902973,258.87869968197407,0
3596,184.56284118184328,184.56284118184328,65054.04558295631,255.05694576497285,0,94158,185.90507599655865,66876.35283433706,258.6046264751214,0
3597,186.2856475286221,186.2856475286221,65866.47214256888,256.64464175698055,0,94158,187.70375681101234,67735.1193002581,260.2597150929396,0
3598,183.21013615412392,183.21013615412392,63667.26376940886,252.32372811412102,0,94158,184.87324347576714,65780.33371570596,256.4767703237585,0
3599,183.7371120881922,183.7371120881922,64052.07422630047,253.085112612932,0,94158,184.86043399292612,66159.03823726221,257.2139930821459,0
3600,183.81736018182204,183.81736018182204,64042.694184243504,253.066580536118,0,94158,185.84915400057355,66385.00640474142,257.65287967484744,0
3601,184.21069903778755,184.21069903778755,64377.79306060027,253.72779323637423,0,94158,185.53054201319185,66293.23037950482,257.47471794237356,0
3602,183.76742284245628,183.76742284245628,64061.69337708957,253.10411568579752,0,94158,184.65806328266896,65902.81732147979,256.7154403643844,0
3603,183.5878523333121,183.5878523333121,64074.8137917118,253.13003336568303,0,94158,185.06509893891598,66094.4494790173,257.08840790478536,0
3604,183.46443212472653,183.46443212472653,64001.21661462648,252.98461734782705,0,94158,184.17818564190804,65897.33371570596,256.7047598228478,0
3605,182.42357526710424,182.42357526710424,63442.951793793414,251.87884348192767,0,94158,183.47614950769525,65127.16585412485,255.20024657927908,0
3606,182.89311582658934,182.89311582658934,63323.88466195119,251.64237453567154,0,94158,184.54268234394416,65526.378835675365,255.9812079737014,0
3607,182.83854797255677,182.83854797255677,63472.558996580214,251.9376093333034,0,94158,184.19223783577095,65608.19376732626,256.1409646412035,0
3608,183.27402876016907,183.27402876016907,63694.44198050086,252.3775782047622,0,94158,184.82726316795717,65886.58311824873,256.68381935417887,0
3609,183.02731578835574,183.02731578835574,63571.01293570382,252.1329271152497,0,94158,184.34164993786445,65654.99340407227,256.23230359201835,0
3610,187.57128443679773,187.57128443679773,67493.58679028867,259.7952786143133,0,94158,187.0273396424816,68104.66160022942,260.9686985066014,0
3611,186.5979842392574,186.5979842392574,66772.03507933473,258.402854239915,0,94158,188.3310390976006,69077.61753178472,262.8262116528424,0
3612,185.24028760169077,185.24028760169077,65668.5806304297,256.25881571261056,0,94158,184.27052863015007,65495.45282477775,255.92079404530173,0
3613,186.43861381932496,186.43861381932496,66585.46414537267,258.0415938281514,0,94158,189.57891214989007,69908.36832042826,264.401906801801,0
3614,186.07695575521996,186.07695575521996,66241.93024490749,257.3750769692114,0,94158,187.957078673167,68656.92180479878,262.02465877241167,0
3615,181.85269440727288,181.85269440727288,62937.69570296735,250.87386412890314,0,94158,183.67163751075424,65485.88251601185,255.90209556783986,0
3616,186.9669704114361,186.9669704114361,66677.18866161133,258.21926469884335,0,94158,186.07437147500238,66669.16929547844,258.20373602153484,0
3617,181.69324964421503,181.69324964421503,62716.51482614329,250.43265527111933,0,94158,183.75642863970938,65043.4122932798,255.03609998053176,0
3618,185.7806665392213,185.7806665392213,66066.74345249475,257.0345180175121,0,94158,188.01127999235254,68571.46506070165,261.8615379560382,0
3619,186.0630960725589,186.0630960725589,66500.99888485312,257.8778759119384,0,94158,187.73931746486952,69046.12646974476,262.766296297194,0
3620,183.53829733001976,183.53829733001976,64273.84605662822,253.52287087485465,0,94158,183.57508842366886,64822.050186406654,254.60174819982413,0
3621,186.50996197880158,186.50996197880158,67171.84357144374,259.17531435583084,0,94158,186.43647834815027,67761.31765605582,260.3100414045832,0
3622,183.31675481637248,183.31675481637248,63947.43903863718,252.8783087546996,0,94158,184.16872191951057,65113.55176369372,255.1735718362968,0
3623,182.19059453259416,182.19059453259416,63025.75328702819,251.04930449421323,0,94158,183.14769142529394,64646.44680240895,254.2566553748573,0
3624,183.4549586864632,183.4549586864632,64407.403152148516,253.78613664293903,0,94158,186.6003250167288,68171.50654813115,261.09673791170036,0
3625,183.995475689798,183.995475689798,64559.601287198115,254.0858148090879,0,94158,184.39231431029538,65409.09205620878,255.75201280969185,0
3626,183.73291701183118,183.73291701183118,64590.85031542726,254.1473004291552,0,94158,186.8559411146162,68184.11107924672,261.1208744609414,0
3627,187.5797701735381,187.5797701735381,68233.91643832707,261.21622544996524,0,94158,186.9742854411624,68369.80001911863,261.4761939816293,0
3628,191.79584315724634,191.79584315724634,72216.3230421207,268.7309491705797,0,94158,191.5258579485709,72013.29375776695,268.35292761169376,0
3629,185.805433420421,185.805433420421,65860.71513838442,256.63342560622226,0,94158,185.1093585699264,65897.11318229615,256.70433027570095,0
3630,186.82929756366957,186.82929756366957,66790.80697338516,258.4391746105554,0,94158,187.16633209062232,67489.02504540674,259.7864989667607,0
3631,185.22998576860172,185.22998576860172,65133.23232226683,255.21213200446962,0,94158,185.32664181244624,66322.30169199886,257.5311664478668,0
3632,185.9957305805136,185.9957305805136,65227.96756515644,255.39766554367023,0,94158,187.07389350922475,67087.08345282478,259.01174385117133,0
3633,183.27729985768602,183.27729985768602,63956.07774166826,252.89538892923346,0,94158,184.71102189083263,66006.63282668962,256.91756037042234,0
3634,183.24924063807643,183.24924063807643,63995.11491323095,252.97255762874943,0,94158,184.78768760156774,66241.57193384954,257.3743808809446,0
3635,184.4050425879904,184.4050425879904,65050.4461012341,255.0498894358398,0,94158,186.07934231908996,67289.12321957748,259.40147112068865,0
3636,183.3751035493532,183.3751035493532,64030.35862061641,253.04220719203428,0,94158,184.6362680432081,65828.09100468406,256.5698559938093,0
3637,183.2155207204911,183.2155207204911,63954.47374625629,252.89221764668105,0,94158,184.72125035847432,66105.81311538094,257.11050759426564,0
3638,182.67880583699738,182.67880583699738,63474.99140805879,251.94243669548564,0,94158,184.16767039479973,65759.57059554536,256.4362895448797,0
3639,182.47242932092865,182.47242932092865,63451.4124237983,251.89563796103795,0,94158,184.5338877736354,65854.52891692954,256.62137268148484,0
3640,184.10971983262175,184.10971983262175,64583.67761634699,254.13318873446457,0,94158,185.58235350348914,66568.39814549279,258.0085233969854,0
3641,184.91229635293868,184.91229635293868,65165.368550733874,255.27508407742005,0,94158,185.93977631201605,67059.98336679094,258.9594241706429,0
3642,185.3830582637694,185.3830582637694,65691.50323923618,256.3035373131557,0,94158,186.0906223114425,67268.19424529203,259.36112708980124,0
3643,185.1162301663162,185.1162301663162,65316.05892223709,255.57006656147564,0,94158,185.8365357040436,66825.06892266513,258.5054524041323,0
3644,183.3287028186665,183.3287028186665,63978.03179761677,252.93879061467968,0,94158,183.40808718095784,64879.485135264316,254.714516930748,0
3645,185.8813696127785,185.8813696127785,65430.98275239491,255.79480595273023,0,94158,187.49545932511234,67527.04483318994,259.85966372869404,0
3646,186.89646126723167,186.89646126723167,66134.12390874913,257.1655573920215,0,94158,190.2702418506835,69879.17359717045,264.3466920488517,0
3647,185.09570084326344,185.09570084326344,64993.103878587055,254.93745091411552,0,94158,187.80929165471753,68082.60195010038,260.9264301486156,0
3648,186.40360882771512,186.40360882771512,65773.57532020647,256.4635945318681,0,94158,187.05496606442978,67273.01940541057,259.3704289340066,0
3649,186.46433654070816,186.46433654070816,66074.62513010047,257.04984950413893,0,94158,188.50540101328744,68660.03049421661,262.0305907603473,0
3650,185.85825952123028,185.85825952123028,65704.31699908664,256.32853332995654,0,94158,187.01472134595164,67455.60281043877,259.7221646499173,0
3651,185.48782896832984,185.48782896832984,65322.961543363286,255.5835705661913,0,94158,186.33524519644394,66814.28859573655,258.4846003067427,0
3652,186.62620276556427,186.62620276556427,66308.57027549438,257.5045053498955,0,94158,188.44603766370327,68696.05276742185,262.0993185176601,0
3653,183.90537182183138,183.90537182183138,64904.33146413475,254.7632851572902,0,94158,184.18334767230667,65721.18650224643,256.361437237051,0
3654,182.87631428025233,182.87631428025233,63818.62794451879,252.62349048439415,0,94158,183.4342797055731,64952.50090813498,254.85780527214578,0
3655,182.8722041674632,182.8722041674632,63815.94147071943,252.61817327880317,0,94158,183.59305993690853,65148.04712742568,255.2411548465993,0
3656,182.85919412052084,182.85919412052084,63725.53682108796,252.4391744977153,0,94158,184.54440302074372,65603.34853264506,256.1315063256472,0
3657,183.07339790564797,183.07339790564797,64049.790745342936,253.0806012821665,0,94158,183.4979447471561,65188.25427779371,255.3199057609761,0
3658,180.98553495188938,180.98553495188938,62242.89925444466,249.48526861208592,0,94158,181.96749832711978,63881.136602619255,252.74717921792768,0
3659,181.42537012255994,181.42537012255994,62503.83729475987,250.0076744717247,0,94158,182.4139183634452,64161.910333620115,253.30201407335892,0
3660,181.5581894262835,181.5581894262835,62740.77949829011,250.4810960896852,0,94158,183.25857948570882,64807.234490010516,254.57265071097194,0
3661,184.20925465706577,184.20925465706577,65169.25772637482,255.28270158076677,0,94158,185.2740655769047,66620.35751840168,258.109196888452,0
3662,183.0550032923384,183.0550032923384,63586.4395909004,252.16351756529016,0,94158,184.76904693623936,65840.14061753178,256.5933370482012,0
3663,184.34228636971898,184.34228636971898,64617.86451496421,254.20044161048227,0,94158,185.45072172832425,66565.00066915208,258.00193927401415,0
3664,185.09164383270672,185.09164383270672,65474.405987807724,255.87967091546707,0,94158,186.54296912341076,67641.11098365358,260.0790475675685,0
3665,184.99678200471547,184.99678200471547,65413.317795620125,255.76027407637045,0,94158,186.16633209062232,67231.45263359144,259.2902864235208,0
3666,183.99180101531468,183.99180101531468,64648.80798232758,254.26129863258305,0,94158,185.32807570977917,66443.14109549756,257.7656709018824,0
3667,180.73145139021645,180.73145139021645,62085.27077890355,249.16916097082228,0,94158,183.23544594207056,64411.61495076952,253.79443443615844,0
3668,182.4225450837953,182.4225450837953,62954.34452728392,250.9070435983891,0,94158,186.6022368798394,67580.65748972373,259.9628002036517,0
3669,186.69597909896132,186.69597909896132,66426.47360819048,257.73333817764143,0,94158,188.0273396424816,68092.52461523755,260.9454437525927,0
3670,186.77308354043203,186.77308354043203,67112.72006627159,259.0612284118787,0,94158,187.89589905362777,68944.99388203805,262.57378749989124,0
3671,187.0466131396164,187.0466131396164,66633.77447481891,258.1351864330373,0,94158,186.99502915591245,67492.0769524902,259.79237277581916,0
3672,185.37073854584847,185.37073854584847,65502.85212090316,255.93524986000494,0,94158,185.31306758436097,66431.93671733105,257.7439363347488,0
3673,183.4633488391852,183.4633488391852,64300.67195564901,253.57577162585744,0,94158,184.57422808526908,65850.95927731575,256.6144175164672,0
3674,184.99955394124768,184.99955394124768,64606.00356847002,254.17711063050115,0,94158,186.4165949718,66728.78979065099,258.31916264700726,0
3675,181.7637375475265,181.7637375475265,62917.126192145115,250.8328650558876,0,94158,184.0664372430934,65457.13287448619,255.8459162747887,0
3676,182.42134497334268,182.42134497334268,63342.44205484399,251.67924438627034,0,94158,184.01166236497465,65302.317560462674,255.5431814008401,0
3677,182.78271628539264,182.78271628539264,63738.05215701268,252.46396209560817,0,94158,185.73692763598126,66995.5556830131,258.83499702129365,0
3678,184.27359332186325,184.27359332186325,64580.721223900255,254.12737204775925,0,94158,186.08880604148743,66960.17981072555,258.7666512723878,0
3679,181.85723995836784,181.85723995836784,62833.57894177871,250.66627005199305,0,94158,185.1052480642386,65974.03938438008,256.8541208242143,0
3680,183.80884258374223,183.80884258374223,64018.956679198796,253.01967646647324,0,94158,185.36612178568015,66070.14214702227,257.0411292906687,0
3681,183.6895855901782,183.6895855901782,63853.62758342361,252.69275332589893,0,94158,185.82993977631202,66332.33906892267,257.5506534041851,0
3682,184.0551307376962,184.0551307376962,64343.029280570954,253.65927793118658,0,94158,185.98422712933754,66734.75604626708,258.33071061387005,0
3683,183.4451241530194,183.4451241530194,63699.15248837061,252.3869102952263,0,94158,184.77315744192717,65797.90364209922,256.51102050808504,0
3684,183.40222816967224,183.40222816967224,63968.2550500223,252.91946356502953,0,94158,184.9529681674792,66216.43810343179,257.32554887424567,0
3685,183.06817264597802,183.06817264597802,63540.768782259605,252.0729433760387,0,94158,185.82525571169106,66430.94006309149,257.74200290812416,0
3686,184.16478684763908,184.16478684763908,64254.24235858875,253.48420534342716,0,94158,186.23716661887008,66731.40034413536,258.32421555892773,0
3687,185.16559400157183,185.16559400157183,65496.77248879543,255.92337229881025,0,94158,186.56457317656057,67608.85192620209,260.0170223777707,0
3688,184.9819771023174,184.9819771023174,65059.41323095223,255.0674679980813,0,94158,185.8238218143581,66534.08918841412,257.94202679752306,0
3689,183.18618704730346,183.18618704730346,63429.18036704263,251.85150459555058,0,94158,184.3011184399197,65347.71322053341,255.631987866412,0
3690,183.94858641857303,183.94858641857303,64225.740574353746,253.4279790677299,0,94158,185.62852499761019,66398.78864353312,257.67962403638575,0
3691,182.75770513392382,182.75770513392382,63449.18129102147,251.89120923728456,0,94158,184.61189178854795,65599.01529490488,256.12304717636187,0
3692,185.50676522441003,185.50676522441003,65082.13275558104,255.11200041468265,0,94158,187.28133065672498,67509.59602332473,259.826088034525,0
3693,185.3398861488137,185.3398861488137,65371.421366214236,255.67835529472228,0,94158,186.7656055826403,67386.00219864257,259.58813955695774,0
3694,184.50159306697253,184.50159306697253,64703.29224282589,254.36841832827025,0,94158,184.97352069591818,66280.2108785011,257.4494336340655,0
3695,185.50573504110113,185.50573504110113,65276.47034771342,255.49260331311632,0,94158,187.24978491540006,67583.29261064908,259.9678684196358,0
3696,181.82240489390173,181.82240489390173,63161.42598610846,251.31937049520965,0,94158,183.5418220055444,65314.84150654813,255.56768478535804,0
3697,182.3604367127594,182.3604367127594,63530.21825017524,252.05201496948052,0,94158,184.48972373578053,65910.7353981455,256.7308617952768,0
3698,182.77069393997323,182.77069393997323,63781.76451284012,252.55051873405472,0,94158,184.82018927444796,66013.00525762356,256.9299617748455,0
3699,184.75619703052317,184.75619703052317,65211.245650927165,255.36492643064193,0,94158,186.94101902303794,67638.93432750215,260.0748629289308,0
3700,183.8012808258459,183.8012808258459,64311.64267507806,253.5974027372482,0,94158,185.3249211356467,66415.27444794953,257.7116110072449,0
3701,183.67078739990228,183.67078739990228,64406.29486607617,253.78395312957863,0,94158,187.02093490106108,67954.91195870376,260.6816294998628,0
3702,182.82315894560207,182.82315894560207,63572.16239724718,252.13520658021397,0,94158,183.62307618774497,64877.89245770003,254.71139051424464,0
3703,186.77657766732514,186.77657766732514,67005.27958325368,258.8537803147825,0,94158,190.48943695631394,70985.90765701176,266.4318067667818,0
3704,184.7863059963041,184.7863059963041,64406.78860001275,253.78492587230775,0,94158,185.44364783481504,66280.6532836249,257.45029284043335,0
3705,183.8980649546507,183.8980649546507,64671.59657171988,254.30610801103435,0,94158,186.22454832234013,67401.6137080585,259.61820758193846,0
3706,183.9095562777459,183.9095562777459,64223.15023683596,253.42286841726806,0,94158,186.68243953732912,67308.3639231431,259.4385551978408,0
3707,186.4108625926634,186.4108625926634,66303.88723209924,257.49541206029136,0,94158,187.9201797151324,68492.5401969219,261.7107949568032,0
3708,182.74021325856538,182.74021325856538,63283.17524798743,251.56147409328685,0,94158,184.25112321957747,65386.64802600134,255.70813054340167,0
3709,183.47648633148538,183.47648633148538,63636.147974680855,252.26206209947793,0,94158,185.1923334289265,65872.31918554631,256.65603282515355,0
3710,183.45019010599205,183.45019010599205,63601.14761358567,252.19267954004073,0,94158,184.69591817225887,65554.59554535896,256.0363168485263,0
3711,184.10726650948405,184.10726650948405,64408.46653497313,253.78823167155156,0,94158,186.22368798394035,67092.88710448332,259.0229470616133,0
3712,184.1018713226704,184.1018713226704,64607.275791754284,254.17961324967484,0,94158,185.56151419558358,66361.18698021222,257.60665166142786,0
3713,183.66582765139447,183.66582765139447,64216.87800293124,253.41049307976817,0,94158,185.0843131631775,66235.32960520027,257.36225365270695,0
3714,184.2101573950169,184.2101573950169,64522.57996134157,254.01295234956342,0,94158,185.77478252557117,66566.41028582354,258.0046710542729,0
3715,183.99181163576117,183.99181163576117,64476.827470846874,253.92287701356662,0,94158,186.31813402160407,66911.6698212408,258.67290121162824,0
3716,184.66292826950445,184.66292826950445,64811.48788207056,254.58100455860912,0,94158,185.9872861103145,66800.18994360004,258.45732712306693,0
3717,185.28114445931308,185.28114445931308,65264.85989506999,255.46988060252815,0,94158,187.0177803269286,67529.98135933468,259.86531388266246,0
3718,185.4099598547123,185.4099598547123,65643.51998768028,256.2099139137287,0,94158,186.29978013574228,67771.14386769907,260.328914774558,0
3719,184.50955840183522,184.50955840183522,64954.22206291553,254.8611819460067,0,94158,186.6336870280088,67296.15954497657,259.4150333827563,0
3720,185.3169884661951,185.3169884661951,65583.07167739332,256.09192036726444,0,94158,187.57862537042348,68415.9585125705,261.5644442820364,0
3721,185.19009537160943,185.19009537160943,65555.88320695002,256.0388314434942,0,94158,186.01003728133065,66928.00563999618,258.70447549278344,0
3722,186.11471144246903,186.11471144246903,66512.53528112322,257.90024288690233,0,94158,185.9414969888156,67184.59994264411,259.19992272885446,0
3723,183.23661292720746,183.23661292720746,63888.14066781368,252.76103471028455,0,94158,182.93298919797343,64302.905840741805,253.58017635600345,0
3724,184.23611376622273,184.23611376622273,64596.21952462882,254.15786339326354,0,94158,184.37940923429883,65371.514673549376,255.6785377648061,0
3725,184.78731493872002,184.78731493872002,64689.604430850275,254.34151141889967,0,94158,186.09932128859575,66795.00630914826,258.44729890085574,0
3726,184.573705898596,184.573705898596,64796.4359799486,254.55144073438004,0,94158,184.48064238600517,65571.95889494312,256.0702225854133,0
3727,184.34806389260604,184.34806389260604,64584.08994456127,254.13399997749468,0,94158,186.37271771341173,67034.19089953159,258.9096191715008,0
3728,182.367499309671,182.367499309671,63076.98526944073,251.15131946585655,0,94158,180.83988146448715,62800.767804225216,250.6008136543559,0
3729,183.30532721595617,183.30532721595617,63932.83144289386,252.84942444643582,0,94158,184.90622311442502,66123.05209826976,257.1440298709456,0
3730,183.8785976762463,183.8785976762463,64248.37665413454,253.47263492167068,0,94158,185.41009463722398,66321.66265175413,257.5299257402023,0
3731,184.17690477707683,184.17690477707683,64659.183659381044,254.28170138525707,0,94158,185.25074084695535,66283.4243380174,257.45567451120087,0
3732,182.87075978674144,182.87075978674144,63663.895696595086,252.31705391549553,0,94158,183.65452633591434,65142.277411337345,255.22985211635677,0
3733,183.78782472015124,183.78782472015124,64036.45313196967,253.05424938532383,0,94158,185.3844756715419,65988.030111844,256.8813541537104,0
3734,183.00629792476477,183.00629792476477,63419.37034558933,251.8320280377167,0,94158,183.80871809578434,65038.93805563522,255.02732805649518,0
3735,186.41011916140954,186.41011916140954,66122.46761825867,257.1428933847068,0,94158,187.15380938724786,67662.25982219673,260.11970287196,0
3736,187.33107117823232,187.33107117823232,66795.14081649993,258.44755912273564,0,94158,188.07714367651275,68472.99541152854,261.673451866116,0
3737,185.11974553410226,185.11974553410226,65246.58817094671,255.43411708490842,0,94158,186.82678520217954,67621.1468310869,260.0406638029654,0
3738,184.95920686505661,184.95920686505661,64892.511491323094,254.74008614924173,0,94158,186.00716948666476,66509.83624892458,257.8950101280065,0
3739,184.41547186643726,184.41547186643726,64749.16196180887,254.45856629677232,0,94158,189.49001051524712,71172.43370614664,266.7816217548477,0
3740,186.13383886658596,186.13383886658596,66121.72578007179,257.1414509177231,0,94158,189.534174553102,70484.1650893796,265.48854041065425,0
3741,193.9987680282079,193.9987680282079,74425.71046538797,272.8107594384576,0,94158,192.78233438485805,74315.07370232292,272.607912031773,0
3742,184.0900401452877,184.0900401452877,64964.03802119841,254.8804386789979,0,94158,184.1477870184495,65589.19357613995,256.1038726301107,0
3743,183.2823551902122,183.2823551902122,63691.96117164766,252.3726632812034,0,94158,185.07265079820286,65800.50176847338,256.51608481433163,0
3744,184.4637205548121,184.4637205548121,64253.59384226513,253.4829261355982,0,94158,186.1500812541822,66560.79418793615,257.9937871111166,0
3745,183.7138426899467,183.7138426899467,63752.86110580089,252.49328922924047,0,94158,184.76579676895133,65500.17331039098,255.93001643103722,0
3746,183.8268867223178,183.8268867223178,63964.37488051998,252.91179268772734,0,94158,185.0893796004206,65872.04722301883,256.65550300552457,0
3747,181.9663862868795,181.9663862868795,62914.11564604176,250.82686388431713,0,94158,183.5697352069592,64943.31622215849,254.83978539890214,0
3748,183.75628199409502,183.75628199409502,63818.60130843901,252.62343776545953,0,94158,184.97084408756334,65596.80776216423,256.11873762410323,0
3749,183.62418488073237,183.62418488073237,63800.30979842393,252.58723205741006,0,94158,185.10687314788262,65615.5341745531,256.1552930832254,0
3750,183.7446738460885,183.7446738460885,64379.305369697744,253.73077339908485,0,94158,185.14300736067298,66277.95459325112,257.4450515998533,0
3751,183.21630663353088,183.21630663353088,63778.43848637397,252.54393377464834,0,94158,183.61323009272536,65236.57375011949,255.41451358550376,0
3752,181.6406678136749,181.6406678136749,62654.09057116761,250.3079914248996,0,94158,183.5844565529108,65546.52088710449,256.02054778299436,0
3753,181.95680664415133,181.95680664415133,63390.26225068502,251.77422872622412,0,94158,183.69056495554918,65749.17589140618,256.4160211285679,0
3754,183.5468043076531,183.5468043076531,64555.36806219334,254.07748436686265,0,94158,185.0668196157155,66501.28286014721,257.8784265116941,0
3755,184.05987807727436,184.05987807727436,64129.309968351066,253.23765511540947,0,94158,185.2047605391454,65998.98432272249,256.902674806477,0
3756,188.80844962722233,188.80844962722233,68091.32908515474,260.9431529761889,0,94158,188.39403498709493,68693.98049899627,262.0953652756879,0
3757,183.69065825527306,183.69065825527306,64120.2949404193,253.21985494905272,0,94158,185.0124271102189,66503.32616384666,257.8823882389929,0
3758,185.2258013126872,185.2258013126872,65212.518309649735,255.36741826170726,0,94158,186.84313163177515,67647.15839785872,260.09067341575076,0
3759,184.71160177573864,184.71160177573864,65290.17660740457,255.51942510776863,0,94158,185.86798585221297,67318.55185928688,259.4581890387869,0
3760,181.68397799443488,181.68397799443488,62869.6457443871,250.73820160555331,0,94158,184.6219290698786,66016.28773539815,256.93634957980964,0
3761,183.34811699483845,183.34811699483845,64306.442511523186,253.58714973658107,0,94158,185.8689417837683,67078.52375489914,258.9952195599354,0
3762,182.61844983963127,182.61844983963127,63731.38554344825,252.45075865096592,0,94158,184.29710352738743,65984.50262881178,256.8744880847683,0
3763,183.45026444911744,183.45026444911744,64277.5668981924,253.53020904458782,0,94158,186.00879457030877,66988.67641716854,258.82170777809296,0
3764,181.5993436564073,181.5993436564073,62825.923479683086,250.65099935903524,0,94158,185.818755377115,67379.64095210783,259.57588669232706,0
3765,183.7285732492194,183.7285732492194,64620.14442745173,254.2049260487525,0,94158,185.92285632348725,67266.46314883855,259.35778983643144,0
3766,182.99788653114976,182.99788653114976,63692.56208713014,252.37385381043367,0,94158,183.31134690756141,64695.280948284104,254.3526704170493,0
3767,184.4396333821874,184.4396333821874,65230.98458973215,255.40357199877246,0,94158,185.519931172928,67001.71035273874,258.8468859243602,0
3768,182.7228913103507,182.7228913103507,63641.98525882028,252.27363171528702,0,94158,184.1958703756811,65509.41563904024,255.94807215339645,0
3769,183.83282355190212,183.83282355190212,64123.08435820642,253.22536278620754,0,94158,185.31010419653953,66115.41563904025,257.12918083920437,0
3770,183.01851143822086,183.01851143822086,63647.25689797999,252.28407975530283,0,94158,184.02322913679382,65238.953924099034,255.41917297669536,0
3771,182.583699738737,182.583699738737,63283.85182353066,251.56281884159802,0,94158,183.980881368894,65339.68416021413,255.61628304983648,0
3772,184.18936256080207,184.18936256080207,64811.190743218845,254.58042097384245,0,94158,185.1802886913297,66342.68454258675,257.57073696867576,0
3773,183.5557892053782,183.5557892053782,64688.37122708638,254.33908710044233,0,94158,184.55979351878406,66399.92906987859,257.6818369033382,0
3774,183.0462839057754,183.0462839057754,63840.372692708,252.6665246777024,0,94158,184.2016059650129,65565.84599942644,256.058286332285,0
3775,184.32686548142485,184.32686548142485,64729.47969370632,254.41988855768787,0,94158,185.8522129815505,66956.47643628716,258.7594953548317,0
3776,185.2470528261008,185.2470528261008,65682.20125746087,256.2853902536406,0,94158,188.3389733295096,69238.73721441545,263.1325468550317,0
3777,183.83351388092356,183.83351388092356,64511.562586291126,253.99126478343922,0,94158,185.90478921709206,67386.34126756524,259.58879264630286,0
3778,184.76701926548992,184.76701926548992,65297.01377471909,255.53280371552904,0,94158,187.27903642099227,68067.10390976006,260.8967303546751,0
3779,185.5002548907156,185.5002548907156,65250.73590135729,255.44223593868986,0,94158,186.82487333906892,67204.40789599465,259.23812971087926,0
3780,182.3244227787336,182.3244227787336,63522.518522058665,252.036740421032,0,94158,184.46917120734156,65832.17875920085,256.5778220330059,0
3781,184.00314365215914,184.00314365215914,64509.15922173368,253.98653354407134,0,94158,185.73998661695822,66593.21556256572,258.05661309597497,0
3782,183.33673187620806,183.33673187620806,64169.785913039785,253.3175594250027,0,94158,184.94742376445848,66052.41554344709,257.00664494025654,0
3783,183.5437562395123,183.5437562395123,63962.89951995582,252.90887592165646,0,94158,183.7665615141956,64857.174457508845,254.67071770721668,0
3784,181.14316361859852,181.14316361859852,62568.65485673018,250.137272026242,0,94158,182.63483414587515,64412.932128859575,253.7970293932921,0
3785,186.623802544659,186.623802544659,66498.59841967757,257.87322160254945,0,94158,187.14463244431698,67925.33696587324,260.6248970568108,0
3786,185.88819855986745,185.88819855986745,66050.71300367467,257.0033326703657,0,94158,185.60816365548226,67106.97266035753,259.05013541852765,0
3787,186.02338622315682,186.02338622315682,66148.44586758428,257.19340167971706,0,94158,187.1824873339069,68265.18210496129,261.27606492934115,0
3788,184.14948278425626,184.14948278425626,64945.56939399732,254.84420612208808,0,94158,184.78491540005734,66409.1936717331,257.69981309991886,0
3789,186.04232247923701,186.04232247923701,66000.92564625417,256.90645310356484,0,94158,186.41200650033457,67295.42127903643,259.4136104352207,0
3790,185.61426538371674,185.61426538371674,65856.96474011768,256.62611858522445,0,94158,188.40617531784724,69153.95822579104,262.97140191623697,0
3791,184.9033539369995,184.9033539369995,65316.89190509569,255.57169621281557,0,94158,184.90947328171302,66110.16671446324,257.11897385152895,0
3792,184.63922343295312,184.63922343295312,65105.432422099024,255.15766189181744,0,94158,185.84408756333048,66778.69333715706,258.4157374022663,0
3793,187.22690583912149,187.22690583912149,66834.30033560611,258.5233071419405,0,94158,188.22378357709587,68742.80059267757,262.1884829520121,0
3794,183.52665732067376,183.52665732067376,64175.33548928397,253.32851298123543,0,94158,183.81789503871522,65479.228658828026,255.8890944507562,0
3795,183.07275005841245,183.07275005841245,63940.54244992459,252.8646722061518,0,94158,184.01070643341936,65793.73004492879,256.5028850616086,0
3796,184.5581681853905,184.5581681853905,64921.100341978374,254.79619373526438,0,94158,186.15266226938152,66995.40149125323,258.8346991638741,0
3797,182.78595552157012,182.78595552157012,63798.162832685484,252.58298207259625,0,94158,183.91119395851257,65579.47548035561,256.0848989697667,0
3798,182.94507105078696,182.94507105078696,63615.532551668475,252.22119766520117,0,94158,184.05773826594015,65429.66083548418,255.79222199958343,0
3799,183.83838866585953,183.83838866585953,64079.440270608975,253.1391717427569,0,94158,186.31708249689322,66634.68205716471,258.1369443864336,0
3800,183.99289492130248,183.99289492130248,64089.55817880583,253.15915582653895,0,94158,185.4744288308957,66006.74142051428,256.91777171016076,0
3801,185.52952484122432,185.52952484122432,65157.8814651968,255.26041891604893,0,94158,186.80498996271868,67272.36526144728,259.3691679083065,0
3802,183.02486246521804,183.02486246521804,64210.89894645171,253.39869562894697,0,94158,184.2165184972756,65839.37472516968,256.5918446193676,0
3803,182.4380827970008,182.4380827970008,62927.847033709295,250.85423463379942,0,94158,183.59506739317465,64494.33859095689,253.95735585124697,0
3804,182.3979162683999,182.3979162683999,63175.64745427898,251.34766252002223,0,94158,183.48752509320332,64571.44565529108,254.10912155074456,0
3805,180.93411075001592,180.93411075001592,62272.57222965654,249.54472991761725,0,94158,182.02753082879266,64047.03336201128,253.07515358488135,0
3806,182.9402706089764,182.9402706089764,63938.940822872195,252.8615052214793,0,94158,184.3436573941306,65607.63970939681,256.1398830900741,0
3807,183.07943031925063,183.07943031925063,63486.59613628157,251.96546615812568,0,94158,185.01041965395277,65703.40751362202,256.3267592617322,0
3808,182.10934811699485,182.10934811699485,63056.13373266212,251.1098041348886,0,94158,182.8556543351496,64245.024854220435,253.4660230765071,0
3809,182.73733511756834,182.73733511756834,63423.40480893817,251.84003813718377,0,94158,184.58875824490966,65625.03001625084,256.17382773470604,0
3810,185.09099598547124,185.09099598547124,65481.488880392535,255.8935108211862,0,94158,188.66255616097888,69692.24481407131,263.9928878096365,0
3811,188.14966333184648,188.14966333184648,68984.79353852036,262.6495641316017,0,94158,192.44555969792563,74524.24729949336,272.9912952815407,0
3812,186.8762080757875,186.8762080757875,67198.79770173538,259.22730894281835,0,94158,188.351304846573,68959.70241850683,262.60179439315874,0
3813,186.6685040039083,186.6685040039083,67186.76676437477,259.20410252226867,0,94158,186.3456648503967,67748.32482554248,260.28508375537484,0
3814,187.5345801737505,187.5345801737505,68114.00973894942,260.9866083517494,0,94158,185.89924481407132,67240.08756333047,259.30693697494956,0
3815,186.93622421886616,186.93622421886616,67134.2339153338,259.1027477957997,0,94158,187.15878023133544,68368.77851065864,261.4742406254556,0
3816,184.86104207820898,184.86104207820898,65303.631555470594,255.5457523721938,0,94158,186.3300831660453,67280.53293184208,259.3849126912398,0
3817,183.7405955946388,183.7405955946388,64500.76723167442,253.970012465398,0,94158,183.05037759296434,64685.00621355511,254.33247180325816,0
3818,185.56643089275474,185.56643089275474,65537.89453896641,256.00370024467696,0,94158,187.09176942930887,67466.90861294331,259.74392892412965,0
3819,184.57237834278553,184.57237834278553,64946.27834066144,254.84559705959498,0,94158,185.26469744766274,66521.70977917982,257.9180291859796,0
3820,182.7926251619618,182.7926251619618,63801.68877843625,252.5899617531074,0,94158,184.19644393461428,65911.11834432655,256.73160760671163,0
3821,182.9366490367255,182.9366490367255,63617.84155355891,252.22577495878352,0,94158,184.35885670585986,65729.4467068158,256.3775471971284,0
3822,183.97121859002954,183.97121859002954,64722.97022026806,254.40709545975335,0,94158,185.77067201988336,66720.68607207724,258.30347669374726,0
3823,184.8773763249007,184.8773763249007,65162.78287559209,255.27001953929508,0,94158,185.83892553293185,67111.87276551,259.05959307755813,0
3824,184.8860957114637,184.8860957114637,65707.84994371164,256.33542467577837,0,94158,185.6479304081828,67322.34767230666,259.4655038194994,0
3825,183.8972259393785,183.8972259393785,64704.14034920028,254.37008540549786,0,94158,184.71694866647547,66431.0199789695,257.74215793883917,0
3826,183.5964442745173,183.5964442745173,64749.83797446845,254.459894628738,0,94158,184.75671541917598,66550.03058980977,257.9729260790941,0
3827,188.7654899211963,188.7654899211963,68785.11415917925,262.2691635689931,0,94158,189.72058120638562,70501.59879552624,265.5213716361194,0
3828,186.51291446292402,186.51291446292402,66265.45201682279,257.420768425593,0,94158,187.40655769046936,67953.56141860243,260.67903908562045,0
3829,184.9416831283587,184.9416831283587,64932.47718728095,254.81851814042273,0,94158,185.26670490392888,65738.0545836918,256.3943341489663,0
3830,182.92163172539773,182.92163172539773,63389.624896450645,251.77296299732154,0,94158,183.51304846572987,64717.10085077908,254.39555980948072,0
3831,181.5305762654262,181.5305762654262,62572.20765096965,250.1443736144582,0,94158,183.09119587037569,64917.026192524616,254.78819869162822,0
3832,182.468967055375,182.468967055375,63839.701554833366,252.66519656421494,0,94158,184.27081540961666,66370.16623649746,257.62407930257115,0
3833,184.6594022812719,184.6594022812719,65215.07366341681,255.37242150125925,0,94158,187.2256954402065,67911.89924481408,260.59911597089905,0
3834,186.61775951060983,186.61775951060983,66561.13170415684,257.994441227242,0,94158,187.33495841697734,68197.57241181532,261.146649244855,0
3835,186.33558486798785,186.33558486798785,66416.92121752798,257.71480597266424,0,94158,186.8546984035943,67843.83701366982,260.468495242073,0
3836,184.98696871216467,184.98696871216467,65773.11838611696,256.46270369415697,0,94158,185.65538667431412,66992.18363445178,258.8284830432149,0
3837,183.7181652116655,183.7181652116655,64395.248847681556,253.76218955486956,0,94158,184.89618583309436,65935.79437912245,256.7796611476899,0
3838,182.59096412413177,182.59096412413177,63375.6448097878,251.74519818615767,0,94158,184.16738361533314,65463.85689704617,255.85905670318996,0
3839,186.158701331804,186.158701331804,66158.43381337752,257.2128181358338,0,94158,187.34164993786445,67996.99522034223,260.76233474246663,0
3840,184.88068990420356,184.88068990420356,64940.967097856796,254.8351763353262,0,94158,185.4985183060893,66537.18650224643,257.9480306229269,0
3841,184.4187323435077,184.4187323435077,64908.53710784001,254.77153904594604,0,94158,185.20609884332282,66485.42730140522,257.847682365782,0
3842,182.4370419932454,182.4370419932454,63730.05604409609,252.4481254517373,0,94158,183.46028104387725,65116.25102762642,255.1788608557269,0
3843,181.8636653284904,181.8636653284904,62965.47565793666,250.92922439990258,0,94158,183.63378262116433,64985.7433323774,254.92301452081057,0
3844,182.9688927122496,182.9688927122496,63632.4716009261,252.25477517963085,0,94158,185.56113182296147,66391.39040244718,257.6652681337692,0
3845,183.74482253233927,183.74482253233927,64174.726194269206,253.32731039954854,0,94158,185.594589427397,66393.03441353599,257.6684583210293,0
3846,184.35556192782346,184.35556192782346,65100.14364153869,255.1472979310945,0,94158,186.01194914444125,67298.08689417837,259.4187481547515,0
3847,186.74198687312816,186.74198687312816,66076.08645043438,257.05269197274396,0,94158,186.9421661409043,67356.51887964821,259.5313446958733,0
3848,185.1574693600119,185.1574693600119,65225.45426835744,255.3927451365004,0,94158,186.28104387725838,67208.33629672116,259.2457064190672,0
3849,184.55723358609995,184.55723358609995,64880.713906412624,254.71692897491644,0,94158,185.46534748112035,66561.91520887104,257.99595967547833,0
3850,185.84581235795153,185.84581235795153,66028.15512224134,256.95944256290977,0,94158,187.4860911958704,68331.4346620782,261.40282068500755,0
3851,185.63475222498354,185.63475222498354,65761.25090804817,256.4395658006934,0,94158,186.18879648217188,67061.63913583788,258.9626211170984,0
3852,184.03679984706557,184.03679984706557,64476.000520401874,253.92124865871676,0,94158,184.0203613421279,65313.37223974764,255.56481025318732,0
3853,181.14702946111854,181.14702946111854,62313.80511480703,249.6273324674344,0,94158,182.56380843131632,64106.43972851544,253.19249540323156,0
3854,182.42355402621126,182.42355402621126,63296.34918965993,251.58765706937996,0,94158,184.53914539718957,65910.21584934519,256.72984993830613,0
3855,184.0166209987468,184.0166209987468,64842.46692792965,254.64184048959757,0,94158,185.09100468406461,66540.49985661027,257.95445306606024,0
3856,182.37283077380573,182.37283077380573,63308.90587098282,251.61261071532726,0,94158,183.95239460854603,65417.67288022178,255.768787932034,0
3857,184.44218228934344,184.44218228934344,64638.29593874126,254.24062605874235,0,94158,185.71771341171973,66309.84427874965,257.50697908746014,0
3858,181.4293634104378,181.4293634104378,62717.677265872255,250.43497612328883,0,94158,182.78988624414492,64411.762642194815,253.79472540262694,0
3859,181.7910851972217,181.7910851972217,62735.39362560802,250.47034480274908,0,94158,183.69228563234873,64990.829461810536,254.93299014017495,0
3860,182.4806814078464,182.4806814078464,63533.10484504769,252.0577410932814,0,94158,184.38007838638754,65901.4780613708,256.71283189854535,0
3861,183.60689479385712,183.60689479385712,64215.17976167718,253.40714228623702,0,94158,184.81540961667145,66023.08689417837,256.94958045145427,0
3862,181.94647294972282,181.94647294972282,63037.49595360989,251.0726905770715,0,94158,184.5599847050951,65950.22961475958,256.80776782402745,0
3863,184.28904607149684,184.28904607149684,64720.2887274581,254.40182532257526,0,94158,186.33945129528726,67226.6455405793,259.28101654494355,0
3864,183.80405276237812,183.80405276237812,64617.58166061301,254.1998852490162,0,94158,185.35522416594972,66759.01147117866,258.3776528091752,0
3865,181.88516111217317,181.88516111217317,63048.29016121838,251.09418583714435,0,94158,186.9889111939585,68136.4312207246,261.0295600515861,0
3866,182.77973193993074,182.77973193993074,63566.51668472143,252.12401052799677,0,94158,186.26498422712933,67346.79132014148,259.5126033936338,0
3867,189.49445612693557,189.49445612693557,70252.47873786614,265.0518416043664,0,94158,192.02494981359334,73543.82573367747,271.18964901647234,0
3868,188.28439431593705,188.28439431593705,68337.7405637333,261.4148820624666,0,94158,189.21737883567536,69394.12589618584,263.4276483138887,0
3869,186.87969158223413,186.87969158223413,67032.2410416534,258.9058536257019,0,94158,187.41353599082305,68089.14090431125,260.9389601119604,0
3870,185.95813419996176,185.95813419996176,65841.22610930563,256.59545223815957,0,94158,185.96893222445274,66781.73377306185,258.4216201734326,0
3871,183.3747955564052,183.3747955564052,63745.148495082736,252.47801586491195,0,94158,184.3481502724405,65405.41363158398,255.74482131918913,0
3872,183.49938401410395,183.49938401410395,63596.23705898596,252.18294363216947,0,94158,184.9876684829366,65372.49517254565,255.68045520247662,0
3873,181.95904755835934,181.95904755835934,63029.753924254976,251.05727219950228,0,94158,183.77726794761494,65281.73310390976,255.5029023395033,0
3874,182.8606172603496,182.8606172603496,63839.93147687929,252.66565155730862,0,94158,184.92027530828793,66015.34432654623,256.9345136927817,0
3875,181.39021644469935,181.39021644469935,62262.04343762612,249.52363302426107,0,94158,181.82659401586847,63513.64668769716,252.01913952653905,0
3876,183.6302491556745,183.6302491556745,64098.091219014845,253.17600837957542,0,94158,185.08804129624318,66056.13688939872,257.01388462376644,0
3877,183.88729582191635,183.88729582191635,64351.80626181525,253.67657807100608,0,94158,185.29672115476532,66244.3742472039,257.37982486435084,0
3878,182.76876101871323,182.76876101871323,63497.37363792774,251.9868521132159,0,94158,183.52853455692573,64886.58732434758,254.72845801823473,0
3879,186.81025510312455,186.81025510312455,67151.97389494254,259.1369790187084,0,94158,186.57919892935666,67937.64965108498,260.64851745422413,0
3880,183.66707024363305,183.66707024363305,64303.152679538645,253.5806630631339,0,94158,184.17636937195297,65534.91205429691,255.9978750972299,0
3881,184.01250026551116,184.01250026551116,64558.53545105036,254.0837174063902,0,94158,185.90096549087085,66948.14377210592,258.7433936781883,0
3882,186.93634104377747,186.93634104377747,66347.67841288047,257.5804309587211,0,94158,187.5783385909569,67873.34337061466,260.5251300174604,0
3883,182.69568172645978,182.69568172645978,63484.18715350793,251.9606857299526,0,94158,183.55530064047414,64934.32214893414,254.82213826301304,0
3884,182.3071751736443,182.3071751736443,63036.61470082202,251.07093559554443,0,94158,183.9033553197591,65219.969696969696,255.3820073869138,0
3885,182.88589392298053,182.88589392298053,63886.829690520186,252.75844138331007,0,94158,184.43064716566295,65852.92811394704,256.61825366475205,0
3886,183.6987085537076,183.6987085537076,64702.487595318504,254.36683666570707,0,94158,185.52442405123793,67060.74381034318,258.96089243424996,0
3887,185.21976889908453,185.21976889908453,65693.1931540602,256.30683399796465,0,94158,186.27836726890354,67494.21068731479,259.7964793589682,0
3888,183.65020497461714,183.65020497461714,64045.22508974277,253.07158096029426,0,94158,184.27014625752795,65397.45129528726,255.72925389029558,0
3889,183.58585568937318,183.58585568937318,63483.23939548418,251.95880495724728,0,94158,185.1869802122168,65670.24577000286,256.2620646330683,0
3890,185.05512011724974,185.05512011724974,64931.49157798594,254.8165841894635,0,94158,186.75174457508842,67196.66303412676,259.22319154374816,0
3891,184.33454406423246,184.33454406423246,64522.41553558911,254.01262869312052,0,94158,185.16050090813496,66518.41583022656,257.9116434561002,0
3892,183.55978249325602,183.55978249325602,64440.990738970664,253.85230103146725,0,94158,184.2864926871236,65688.5055921996,256.2976894008208,0
3893,183.32084368826867,183.32084368826867,64057.880604940634,253.09658355051067,0,94158,185.32415639040244,66434.31182487334,257.7485437880752,0
3894,184.62885787718517,184.62885787718517,64873.943414261135,254.70363840012402,0,94158,186.5122837204856,67317.40780040149,259.4559843218142,0
3899,173.59891214135303,173.59891214135303,55030.239587263044,234.58525014856122,0,437373,170.63993662160215,53828.287075333865,232.0092392025237,0
3900,173.9969545445192,173.9969545445192,55355.903908105895,235.27835410021444,0,437373,177.23396505957157,58497.28750745931,241.86212499574899,0
3901,173.36365527821792,173.36365527821792,54860.09851088202,234.22232709731585,0,437373,173.70782147046114,55657.275942959444,235.91794324077904,0
3902,172.9310542717543,172.9310542717543,54594.31042153951,233.65425401977922,0,437373,169.22013704549664,52825.790378006874,229.83861811716253,0
3903,176.34910476869857,176.34910476869857,58100.87545641821,241.04123185965136,0,437373,176.49389880033746,59005.214190176346,242.90988903331282,0
3904,177.43634837998687,177.43634837998687,59101.93660788389,243.10889866042314,0,437373,176.54818198654237,58774.61855670103,242.43477175665424,0
3905,177.19362191996305,177.19362191996305,58911.41320108923,242.71673448917613,0,437373,178.24507685659609,60814.42047863037,246.6057997668148,0
3906,177.46887896600842,177.46887896600842,59116.603704389614,243.1390624815141,0,437373,183.3178385497047,65290.96296067659,255.5209638379532,0
3907,175.33721560315794,175.33721560315794,55391.68073932319,235.35437267941973,0,437373,174.32343560302076,55448.03695701381,235.4740685447419,0
3908,171.9269730870447,171.9269730870447,53946.81506631639,232.26453682453632,0,437373,170.47939173199993,53723.19750190341,231.7826514256479,0
3909,173.13635729686104,173.13635729686104,54717.36847496302,233.9174394417035,0,437373,170.44329896907217,53597.35261435891,231.5110205030398,0
3910,174.53344170764998,174.53344170764998,55697.281759505044,236.00271557654807,0,437373,176.433318929152,57607.24744325782,240.01509836520248,0
3911,174.4417533775519,174.4417533775519,55668.91129767955,235.94260170151458,0,437373,175.79371154598022,57624.71895384489,240.05149229664224,0
3912,175.043450327295,175.043450327295,56405.806359789014,237.499066018772,0,437373,176.2987015659403,58374.5444368994,241.60824579657748,0
3913,176.08342993280334,176.08342993280334,57222.276980975046,239.21178269678742,0,437373,177.26168281992716,58588.603699816864,242.0508287525925,0
3914,177.1381246670462,177.1381246670462,57890.97082581687,240.60542559513672,0,437373,177.07609523221598,58130.6517892051,241.10299000469715,0
3915,177.91096615474663,177.91096615474663,57935.16824083791,240.69725432758455,0,437373,178.14914500895117,58945.130604769845,242.78618289509362,0
3916,178.03259460460524,178.03259460460524,57964.28764006923,240.75773640751243,0,437373,178.54157664053338,59407.47834228451,243.7364936612581,0
3917,179.1842409110759,179.1842409110759,59188.24119687315,243.28633582031102,0,437373,182.04848035886988,63274.79276498549,251.54481263779917,0
3918,181.24490766462492,181.24490766462492,61115.59466862381,247.21568451177166,0,437373,184.10657036442578,65013.28326851452,254.97702498169227,0
3919,184.16905707485373,184.16905707485373,64458.25859620964,253.88631037574604,0,437373,183.05405683478403,64343.17221227648,253.65955967058778,0
3920,183.05537150212749,183.05537150212749,63559.380672789586,252.1098583411398,0,437373,181.66279811510998,63223.071856287424,251.44198507068668,0
3921,183.51780516858608,183.51780516858608,64024.23609367748,253.03010906545782,0,437373,184.41012819721382,65190.811675617835,255.32491393441776,0
3922,183.71672462634868,183.71672462634868,64078.64586291335,253.1376026253574,0,437373,182.2516616252032,63414.29079984361,251.82194264965,0
3923,179.88573597364262,179.88573597364262,60369.93708345051,245.70294480011938,0,437373,176.3403296499784,58108.43004712225,241.05690209392938,0
3924,179.92774131004887,179.92774131004887,60418.86185932831,245.80248546206425,0,437373,177.92205280161326,59403.574418173965,243.72848503647242,0
3925,176.22622567008023,176.22622567008023,57346.10001760511,239.4704575048979,0,437373,171.6232071938597,53879.616869354075,232.11983299441277,0
3926,175.42129029455407,175.42129029455407,56171.10397761178,237.0044387297668,0,437373,172.93178591271067,54488.46579006935,233.42764572789864,0
3927,174.6120130872276,174.6120130872276,55117.36263098088,234.77087262047837,0,437373,175.25660020165853,56559.6062925695,237.8226362072574,0
3928,175.00660077325304,175.00660077325304,55453.533071314414,235.48573857309154,0,437373,175.3893655986995,56572.88698890878,237.85055599873795,0
3929,176.28342856097655,176.28342856097655,56448.665989898785,237.5892800399437,0,437373,176.83558655884107,57708.209992386364,240.22533170418637,0
3930,176.2734302300325,176.2734302300325,56386.94237870193,237.45934889724163,0,437373,175.30767331316747,56369.20881947445,237.42200576078548,0
3931,175.83465600299974,175.83465600299974,56182.47208446795,237.02842041508006,0,437373,176.01172911908142,57217.31868222318,239.20141864592523,0
3932,176.05317657925843,176.05317657925843,56286.19193228663,237.2471115362348,0,437373,176.45609811305224,57401.08210383357,239.58522931064337,0
3933,176.66412650072135,176.66412650072135,56832.02874663045,238.39469110412347,0,437373,179.5384694528469,60282.539436590734,245.52502812664687,0
3934,178.04917084502245,178.04917084502245,58321.64428531253,241.49874592906798,0,437373,182.02131818836554,63148.849393995515,251.29434811391107,0
3935,182.54282728929311,182.54282728929311,62694.522675153705,250.38874310789953,0,437373,180.87702944626213,62180.03113360907,249.35924112334212,0
3936,181.4858461770617,181.4858461770617,61834.777914960454,248.66599670031377,0,437373,177.99006111488364,59694.14982406321,244.32386257601448,0
3937,182.06544985630114,182.06544985630114,62338.84882697377,249.67748962806755,0,437373,180.49935181184023,61280.56556989114,247.54911748962294,0
3938,179.60307106291427,179.60307106291427,59961.488532671196,244.87035045646337,0,437373,174.17103936456982,55893.67792250551,236.4184382033379,0
3939,174.8157956709719,174.8157956709719,55610.11647495387,235.8179731804891,0,437373,172.4988373767928,54777.46692182645,234.0458649962149,0
3940,173.7247681041125,173.7247681041125,54844.10992676731,234.18819339746253,0,437373,172.13445274399655,54493.72401588575,233.43890853044562,0
3941,173.09938656478568,173.09938656478568,54414.299264014924,233.26872757404692,0,437373,170.90950058645595,53578.709364775605,231.47075272002638,0
3942,172.11874761359297,172.11874761359297,53851.020353336855,232.05822621345888,0,437373,173.331193283536,55591.23468526864,235.77793511113086,0
3943,175.00445615069975,175.00445615069975,56047.12527750913,236.74274070709987,0,437373,174.60409078749717,56130.241270037244,236.91821641663023,0
3944,175.046452341594,175.046452341594,55807.734688698205,236.23660742716868,0,437373,174.67111138547648,55823.23703109245,236.26941619916118,0
3945,174.924512944329,174.924512944329,55727.65997672467,236.06706669233782,0,437373,172.81151099862132,54766.02874663045,234.02142796468542,0
3946,174.7171819019464,174.7171819019464,55350.653103872435,235.26719512901164,0,437373,174.75097228223964,56058.94283597753,236.7676980417251,0
3947,178.3565857974772,178.3565857974772,58993.138554506106,242.885031557126,0,437373,179.69382883717103,60766.95300121407,246.50953937163175,0
3948,179.88969826669685,179.88969826669685,59978.57579914627,244.9052384069117,0,437373,178.49984566948578,59590.134226392576,244.11090558676926,0
3949,180.32978944745102,180.32978944745102,60478.735845605464,245.92424818550418,0,437373,180.16091528283638,61211.844887544496,247.41027643884257,0
3950,179.99578620536704,179.99578620536704,60034.554009964035,245.01949720372056,0,437373,175.41307076568512,56836.60100417721,238.40428059113623,0
3951,175.17796480349725,175.17796480349725,56052.23969472281,236.75354209540944,0,437373,176.58069428154002,57523.43284564891,239.8404320494126,0
3952,177.5117759898302,177.5117759898302,57672.90892670558,240.15184556173116,0,437373,176.96993641582813,57835.722945860856,240.4905880608654,0
3953,177.31911663500034,177.31911663500034,57563.215273919515,239.92335291488303,0,437373,176.9270942650781,57986.685392102394,240.80424703917163,0
3954,177.30817402994697,177.30817402994697,57304.83152823791,239.3842758583736,0,437373,175.92149721176204,56757.25824639381,238.2378186736812,0
3955,175.8856399457671,175.8856399457671,56295.75179080556,237.2672581516581,0,437373,175.21569232668682,56958.58264913472,238.65997286753955,0
3956,176.19893317603052,176.19893317603052,56811.478939029155,238.35158681877735,0,437373,175.80881535897277,57088.27740395498,238.93153287909692,0
3957,175.42457810610165,175.42457810610165,56186.50659734369,237.0369308722666,0,437373,174.57589974689796,55954.615819906576,236.54728030545306,0
3958,176.26961426516954,176.26961426516954,56620.13753478153,237.9498634897308,0,437373,175.4303352058769,56562.55151552565,237.8288281843176,0
3959,175.97093556300914,175.97093556300914,56023.14782119609,236.6920949698069,0,437373,174.42103422021935,55611.57637302714,235.82106855204253,0
3960,174.4666794703834,174.4666794703834,55126.95378315534,234.79129835484818,0,437373,174.6261703397329,56109.79690104327,236.87506601802409,0
3961,174.63661222800675,174.63661222800675,55194.05766473925,234.9341560198075,0,437373,175.24256641356462,56387.073173241144,237.45962430114545,0
3962,175.05088791489186,175.05088791489186,55513.38046930195,235.6127765408785,0,437373,176.1578080951499,56896.665658373975,238.53021959151,0
3963,176.3437729352292,176.3437729352292,56310.26549192565,237.29784131324425,0,437373,177.34956890343025,57625.15120274914,240.05239262033848,0
3964,175.953950060932,175.953950060932,55733.15290381436,236.0787006568241,0,437373,174.23349177932795,55413.4088729757,235.4005286166021,0
3965,175.03606075363592,175.03606075363592,55257.0258955171,235.06813032718216,0,437373,177.86130831121264,58903.6171368603,242.7006739522169,0
3966,174.71100639499923,174.71100639499923,55081.002505870274,234.69342237453156,0,437373,176.59207358478918,58060.07508693952,240.9565834065123,0
3967,175.49206512519063,175.49206512519063,55723.29170067654,236.05781431818042,0,437373,179.11873160894706,59766.830565672775,244.47255585376607,0
3968,182.09883097493443,182.09883097493443,61935.90971093323,248.86926228631214,0,437373,180.4607691832829,61085.35119451818,247.15450874810716,0
3969,178.6327779721199,178.6327779721199,58585.26494319494,242.04393184542954,0,437373,174.500998003992,56208.009568491885,237.08228438348547,0
3970,179.01884432738188,179.01884432738188,58857.80627747941,242.60627831422542,0,437373,174.83289091919255,56540.44484227421,237.78234762545813,0
3971,177.45578259288982,177.45578259288982,57494.383164941595,239.7798639688946,0,437373,174.83383747967983,56219.812992571555,237.10717617265732,0
3972,174.2528231052214,174.2528231052214,55269.6074974907,235.09489041127776,0,437373,175.2941333827191,56479.65477292837,237.65448611993077,0
3973,175.50230581220148,175.50230581220148,55863.35619711322,236.3543022606384,0,437373,175.92092104450893,57073.67596765232,238.90097523378242,0
3974,175.9860005075759,175.9860005075759,56228.99900313919,237.12654639061228,0,437373,176.57960367923945,57463.42809226907,239.71530633705697,0
3975,176.19372937972852,176.19372937972852,56351.801153706336,237.38534317372321,0,437373,175.98985534086466,57311.888532213925,239.39901531170491,0
3976,176.29234086237605,176.29234086237605,56771.29622541858,238.26727896507018,0,437373,175.9165380579048,57804.489330617114,240.42564199897046,0
3977,176.7283737222005,176.7283737222005,57713.49984795586,240.2363416470453,0,437373,177.99141922340885,59467.84947630512,243.86030729970204,0
3978,177.46999929122282,177.46999929122282,58485.670619814206,241.83810828695755,0,437373,180.0253925139412,61337.068296396894,247.66321546890424,0
3979,177.06078793158244,177.06078793158244,58007.9633127788,240.84842393667182,0,437373,175.7988764738564,57068.04325369879,238.88918613804768,0
3980,178.3466354804709,178.3466354804709,58672.677931651015,242.22443710668628,0,437373,176.85009362717864,57895.96621190608,240.61580623871342,0
3981,175.24942097477438,175.24942097477438,55771.33640851173,236.15955709755158,0,437373,176.04335658579748,56856.50350844702,238.44601801759455,0
3982,176.79302334620564,176.79302334620564,56744.53024535122,238.2111043703698,0,437373,177.29814597608905,57791.52215157314,240.39867335651655,0
3983,176.73422684985127,176.73422684985127,56630.27202182119,237.97115796209673,0,437373,177.046052225446,57954.895837191594,240.73823094222405,0
3984,176.39500609319734,176.39500609319734,56216.69351103063,237.1005978715166,0,437373,175.33244850505176,55924.33699611087,236.48327001314675,0
3985,180.00534783811528,180.00534783811528,60204.35075096085,245.3657489360747,0,437373,180.0610325740272,60820.987015659404,246.6191132407612,0
3986,181.32990833910642,181.32990833910642,62005.22580497653,249.0084854075791,0,437373,181.13735415766405,61996.07128012017,248.99010277543198,0
3987,181.63761594794374,181.63761594794374,61663.09588154733,248.32055066294316,0,437373,179.715661460584,60135.940531308515,245.22630472954674,0
3988,180.57069366421797,180.57069366421797,60381.64791150803,245.72677491780993,0,437373,178.47636685392104,58874.57822499331,242.64084203817237,0
3989,177.54536288248246,177.54536288248246,57432.58608556083,239.65096721182002,0,437373,175.22964380517317,56497.5856740128,237.69220785295593,0
3990,177.5724244523553,177.5724244523553,57433.91807450391,239.65374621420779,0,437373,176.19340700043213,57186.78982241702,239.1375960036753,0
3991,175.37455215571148,175.37455215571148,55782.53792072213,236.18327189011953,0,437373,173.79393789740107,55357.46490524107,235.28167141798588,0
3992,174.4144334469663,174.4144334469663,55187.08993467818,234.9193264392655,0,437373,173.36469329382473,55109.278556289486,234.75365504351467,0
3993,175.1257347847261,175.1257347847261,55394.1224446868,235.35955991777092,0,437373,176.1035043315431,56845.402596868116,238.42273926131315,0
3994,175.72083553397215,175.72083553397215,55860.401138158966,236.34805084484825,0,437373,176.91748461839208,57492.33802498096,239.77559931106617,0
3995,176.98855439178917,176.98855439178917,56801.01533245079,238.32963586690346,0,437373,177.4168364302323,57746.42089017841,240.30484990981435,0
3996,176.46987582681143,176.46987582681143,56435.17524630007,237.5608874505651,0,437373,177.16433113155134,57657.995246620165,240.12079303263215,0
3997,177.54792362582967,177.54792362582967,57108.604298847895,238.97406616377413,0,437373,176.3804967384818,57262.98394962652,239.2968531962477,0
3998,177.2335192158638,177.2335192158638,56916.46159685212,238.57171164421845,0,437373,176.62143753729654,57618.626993435806,240.03880309949017,0
3999,176.36226516040085,176.36226516040085,56634.85175582398,237.98078022358018,0,437373,175.95503837685453,57106.87974566331,238.9704578931532,0
4000,177.47694073479616,177.47694073479616,57387.08548538662,239.5560174267944,0,437373,176.8056875938844,57695.63314607897,240.19915309192697,0
4001,175.5865657002147,175.5865657002147,55878.17647408505,236.3856520055417,0,437373,174.73737061958556,55970.48949523633,236.58083078566685,0
4002,175.8917697251545,175.8917697251545,56127.30255639923,236.9120143774883,0,437373,174.8747453546515,56325.413502891126,237.32975688457427,0
4003,174.2571466459978,174.2571466459978,54963.66886158953,234.44331694801951,0,437373,171.93314402123588,54087.64596580036,232.56750840519481,0
4004,174.66345201921473,174.66345201921473,55363.6717218484,235.2948612312823,0,437373,174.16171780151038,55868.728830997796,236.36566762327772,0
4005,173.31640727708387,173.31640727708387,54273.06728353145,232.9658071123989,0,437373,173.36352038191657,54955.265818877706,234.42539499567386,0
4006,173.79293875022006,173.79293875022006,54459.58860057662,233.36578284010838,0,437373,173.51612239438649,55164.461983249996,234.87116039064907,0
4007,173.84890242424657,173.84890242424657,54505.21526934676,233.46352021107444,0,437373,173.52410642632262,55247.7657262794,235.04843272457572,0
4008,173.7966198187817,173.7966198187817,54464.61565986012,233.3765533635719,0,437373,173.02508385291273,54798.61621087721,234.09104256864936,0
4009,175.10879958296465,175.10879958296465,55700.04808024272,236.00857628536028,0,437373,175.84924995370085,56951.344609749576,238.6448084701395,0
4010,176.53825910607193,176.53825910607193,56610.90093352813,237.93045398504188,0,437373,177.0781735498076,57668.63374282363,240.14294439525727,0
4011,176.52256998031427,176.52256998031427,56577.55859186553,237.86037625435964,0,437373,176.6016420766714,57288.44290799843,239.3500426321216,0
4012,176.49468531436554,176.49468531436554,56519.8809620164,237.73910271980165,0,437373,174.82118237751303,56037.865444368996,236.7231831578162,0
4013,176.6826004348691,176.6826004348691,56806.17984877896,238.34047043836043,0,437373,175.10747577010926,56499.84229479186,237.6969547444642,0
4014,175.77330104967612,175.77330104967612,56245.60997592444,237.1615693486709,0,437373,174.42177500668765,56105.67485647262,236.86636497500572,0
4015,175.31244269765165,175.31244269765165,55924.74805943668,236.48413912868804,0,437373,172.95020268740868,55229.308949112085,235.00916779800758,0
4016,175.39334618277763,175.39334618277763,55983.25051157708,236.60779892382473,0,437373,174.47328024363645,56044.09621993127,236.73634325960867,0
4017,175.17768586538264,175.17768586538264,56181.67754753951,237.0267443718947,0,437373,175.72870753338682,57448.26063337243,239.68366784863008,0
4018,176.19240099411715,176.19240099411715,57178.306948531346,239.11985895891488,0,437373,178.39440706216433,59701.330143836036,244.33855640040937,0
4019,177.95535618339494,177.95535618339494,58464.38551076541,241.79409734475615,0,437373,179.45373171183405,59997.011358725846,244.942873663893,0
4020,178.6558040848429,178.6558040848429,59264.89349594054,243.4438199994827,0,437373,180.902483692409,61529.701339588864,248.05181180468904,0
4021,177.54504278956406,177.54504278956406,57817.15058771346,240.45197147811757,0,437373,175.2688437557874,56773.65919706978,238.27223757095533,0
4022,176.83379175212005,176.83379175212005,57204.029023282186,239.17363781002743,0,437373,176.37243039693809,57337.01094717781,239.45147931716315,0
4023,175.84418334007816,175.84418334007816,56421.01440189495,237.53108091762422,0,437373,175.90258657941848,57148.24030289936,239.05698128877006,0
4024,175.6268928351773,175.6268928351773,56228.37179935661,237.1252238783479,0,437373,175.78010988332613,57091.63133526761,238.93855137936114,0
4025,177.77898269897776,177.77898269897776,57394.93195739106,239.57239398017265,0,437373,177.5338806922238,57832.427145708585,240.48373571971263,0
4026,178.06808833649995,178.06808833649995,57652.01837790627,240.1083471641631,0,437373,176.25361647838344,57099.677737308884,238.95538859232465,0
4027,177.44684285495447,177.44684285495447,56978.035155347956,238.7007229887416,0,437373,175.42340062143754,56222.85657550878,237.1135942444228,0
4028,176.94968139322728,176.94968139322728,56637.70590548571,237.9867767450236,0,437373,175.8691277239336,57174.53851060765,239.1119790194704,0
4029,175.7994000544158,175.7994000544158,56354.40560116879,237.39082880593512,0,437373,174.80507027182747,56603.1009321563,237.91406207317024,0
4030,176.40903988129125,176.40903988129125,57237.4754340117,239.24354836444743,0,437373,176.40782352820133,57565.21853200815,239.92752766618537,0
4031,176.43690168346012,176.43690168346012,56944.063403548,238.62955266175229,0,437373,175.83877605613515,56858.33345679774,238.44985522494608,0
4032,175.59326936047722,175.59326936047722,56211.008336134146,237.08860861739888,0,437373,173.53527995555282,55212.01798464926,234.97237706728265,0
4033,176.79630429861925,176.79630429861925,56464.517718286224,237.62263721768224,0,437373,177.42150750046298,57487.2917464041,239.7650761608206,0
4034,176.56401515411332,176.56401515411332,56373.739496951115,237.43154697080823,0,437373,176.20589748338375,57107.90435623598,238.9726016852894,0
4035,177.31600487455788,177.31600487455788,56855.452515358746,238.44381416878642,0,437373,176.9277527419388,57409.49610058234,239.6027881736403,0
4036,177.01925816179784,177.01925816179784,56782.307403520565,238.29038462246135,0,437373,175.34810790789555,56418.14947424738,237.52505020365194,0
4037,175.76923358323444,175.76923358323444,56038.759390725994,236.7250713184516,0,437373,173.58110582957795,55255.117867358065,235.06407183437895,0
4038,173.78061517286162,173.78061517286162,54749.42811513285,233.98595708959297,0,437373,173.53174064242648,55265.821429306336,235.08683806054805,0
4039,174.1727678663292,174.1727678663292,54980.332430214024,234.47885284224253,0,437373,174.54301705866618,55871.629298104825,236.37180309441484,0
4040,174.26526557423526,174.26526557423526,55174.4514499066,234.89242527145612,0,437373,174.3268514517357,55901.104594933844,236.4341443085872,0
4041,174.3622148600851,174.3622148600851,55122.68605286563,234.78220983044187,0,437373,174.4027203325308,55790.16468094738,236.19941719010947,0
4042,174.8059276635732,174.8059276635732,55258.895951510494,235.07210798287085,0,437373,174.03224478877297,55466.75875054015,235.5138185978482,0
4043,175.01569369851362,175.01569369851362,55277.3756747673,235.11141119640982,0,437373,173.95948309566435,55560.12706545671,235.71195783298037,0
4044,174.56919151387945,174.56919151387945,55102.21974607486,234.73862005659583,0,437373,173.59053027964688,55342.85332427928,235.25061811667845,0
4045,174.4412069332126,174.4412069332126,54990.59716077581,234.50074021370554,0,437373,174.06872852233678,55479.48103792415,235.54082669024527,0
4046,174.6491987388339,174.6491987388339,55371.64159653202,235.31179655200464,0,437373,174.68117373500422,56161.219643187855,236.9835851766697,0
4047,175.08769174137407,175.08769174137407,55655.58862801316,235.91436715048357,0,437373,174.74765932053418,56375.13385599934,237.43448329170585,0
4048,175.38476769256448,175.38476769256448,55959.320813127466,236.55722523974504,0,437373,174.78895816614195,56378.36559869951,237.44128874039475,0
4049,175.2895034672922,175.2895034672922,55859.14561712772,236.3453947449108,0,437373,174.76354507479886,56135.173364610986,236.92862504267185,0
4050,175.22556262046353,175.22556262046353,55840.78372464693,236.30654608928404,0,437373,174.69740930510113,56293.25024178447,237.26198650813086,0
4051,175.59105386020627,175.59105386020627,56076.49957816326,236.8047710206939,0,437373,175.67351894149846,56783.263617095705,238.2923910180426,0
4052,178.46723048747864,178.46723048747864,57876.15494326353,240.57463487089308,0,437373,175.90589954112394,56843.99335349919,238.4197838970147,0
4053,176.88009319276682,176.88009319276682,57005.50069391572,238.75824738407618,0,437373,175.6343395682861,57270.651645163285,239.31287396453055,0
4054,176.332798320884,176.332798320884,56707.8162186509,238.13402994668968,0,437373,173.74936724489166,55748.34648229315,236.11087751794315,0
4055,177.37485853036196,177.37485853036196,57154.554528971836,239.07018745333312,0,437373,176.5570302693582,57846.44550075108,240.51288011404102,0
4056,176.51070825130952,176.51070825130952,57099.29659123906,238.95459106541364,0,437373,176.58550939358398,57536.72983929049,239.86815094816254,0
4057,175.71459143568532,175.71459143568532,56244.22816680499,237.15865610768878,0,437373,175.8456694857707,56811.24024116715,238.3510860918556,0
4058,176.7591712337067,176.7591712337067,56634.158055023974,237.97932274679658,0,437373,176.89762742556124,57492.55340864662,239.77604844655903,0
4059,176.58987408916417,176.58987408916417,56523.991972526885,237.74774861715701,0,437373,176.79284729510053,57582.85153404531,239.9642713698131,0
4060,176.982982488631,176.982982488631,56866.36908085318,238.46670434434486,0,437373,177.27577834022676,57914.07228841286,240.6534277512225,0
4061,177.2979173382902,177.2979173382902,57057.33858285719,238.8667799901384,0,437373,177.3849620346935,57844.2613947363,240.5083395534057,0
4062,178.13601205378475,178.13601205378475,57540.78331309889,239.87660017829768,0,437373,177.21945799123404,57776.7190567319,240.3678827479493,0
4063,177.95405980707542,177.95405980707542,57429.735203133256,239.6450191494354,0,437373,176.7707060106591,57603.24324546783,240.00675666628186,0
4064,177.66611107681544,177.66611107681544,57198.42247235197,239.16191685206064,0,437373,174.4587320204951,55987.39891351318,236.61656517140378,0
4065,175.30547153116447,175.30547153116447,55790.19201916899,236.19947506116307,0,437373,172.61378274379078,54968.66510278412,234.45397224782548,0
4066,173.65079463066994,173.65079463066994,54797.927743596425,234.08957205223052,0,437373,173.11706483939338,55143.561042862726,234.82666169509528,0
4067,173.33741451804295,173.33741451804295,54639.713157876686,233.751391777411,0,437373,173.13949420746135,55146.19758421302,234.8322754312384,0
4068,173.45813984859606,173.45813984859606,54690.10308592437,233.8591522389585,0,437373,174.92094162191083,56773.80136633949,238.27253590445434,0
4069,174.59850973882703,174.59850973882703,55479.08749282649,235.5399912813671,0,437373,174.73702080375332,56303.57402720332,237.28374159896273,0
4070,175.40101012179537,175.40101012179537,56113.52481291712,236.88293482840237,0,437373,174.41792703253287,56190.49620346935,237.04534630207223,0
4071,175.19023350778397,175.19023350778397,55969.05882164651,236.57780711987022,0,437373,173.46603699816862,55244.4642056094,235.04140955501734,0
4072,174.82824271274177,174.82824271274177,55721.07208035247,236.05311283766724,0,437373,172.4685474412001,54826.188530156185,234.14992746135152,0
4073,173.77979207678572,173.77979207678572,54979.63957766026,234.47737540679753,0,437373,171.99360042800996,54443.2321542482,233.33073555416613,0
4074,172.65772464235332,172.65772464235332,54165.14162739812,232.7340577298435,0,437373,171.93707430499825,54523.55157725786,233.50278708670237,0
4075,172.5527067285818,172.5527067285818,54137.00100143356,232.67359326196336,0,437373,172.11811428689015,54770.30026544849,234.0305541279781,0
4076,172.46284064174057,172.46284064174057,54090.47356832727,232.5735874262752,0,437373,170.97191184641028,53895.021338765764,232.15301277124482,0
4077,172.99212342782934,172.99212342782934,54624.693120059994,233.71926133731466,0,437373,175.1608947054345,56524.55307940819,237.7489286609052,0
4078,176.14669858450338,176.14669858450338,56361.103854147375,237.40493645698982,0,437373,176.38878943144638,57041.89135131798,238.83444339399202,0
4079,176.29973272241313,176.29973272241313,56421.34946373005,237.5317862176135,0,437373,176.83336419943618,57078.553593843244,238.91118348424638,0
4080,176.58384719678628,176.58384719678628,56555.552292894165,237.8141128968047,0,437373,177.37335638002347,57619.09206329609,240.03977183645233,0
4081,177.62750787085622,177.62750787085622,57138.50255960016,239.03661342898948,0,437373,177.42930633578203,57887.6377142622,240.5984989858877,0
4082,176.9673025083853,176.9673025083853,56828.66598075327,238.3876380619458,0,437373,175.89626931703603,57018.77208469659,238.78603829515785,0
4083,176.48966214192464,176.48966214192464,56545.79467639749,237.79359679435754,0,437373,175.7841842089018,56870.39817272671,238.47515210756595,0
4084,176.38295459481952,176.38295459481952,56512.56064731933,237.72370653201446,0,437373,175.66016420766715,56692.76751651336,238.1024307236559,0
4085,176.40798128828254,176.40798128828254,56468.71522476239,237.63146934857426,0,437373,176.19554705022944,56826.660678642715,238.3834320556752,0
4086,175.642970645193,175.642970645193,55880.359585525395,236.39026965068888,0,437373,175.13214807498406,56247.80869189456,237.16620478452356,0
4087,175.08437420691263,175.08437420691263,55473.28708905214,235.5276779681151,0,437373,174.20554766755149,55621.59353458032,235.84230649860157,0
4088,175.18863075681398,175.18863075681398,55520.538211092135,235.62796568126657,0,437373,174.62077906043584,55912.62312488425,236.45850190865258,0
4089,175.09135909166775,175.09135909166775,55493.33109496928,235.57022539992036,0,437373,174.22947918595798,55754.40907874972,236.12371562117542,0
4090,173.7539445736248,173.7539445736248,54809.57983231704,234.11445882797807,0,437373,174.29917484618392,56048.21237936498,236.74503665201723,0
4091,174.6699224689224,174.6699224689224,55574.2581229294,235.74193119368772,0,437373,174.9313949420746,56309.223635203816,237.29564605193207,0
4092,174.96848913856135,174.96848913856135,55683.93443353842,235.9744359746166,0,437373,175.94795975060188,56961.289853283124,238.66564447629057,0
4093,175.16081696858288,175.16081696858288,55813.02233105381,236.2477985739842,0,437373,174.03333539107354,55557.34864292035,235.7060640775293,0
4094,175.75118720177056,175.75118720177056,56035.77836309054,236.7187748428302,0,437373,174.89205094964709,56199.7006193798,237.06476039129012,0
4095,175.82527956686855,175.82527956686855,56298.144874054866,237.2723011100429,0,437373,176.1920694693088,57246.155688622755,239.26168871890619,0
4096,176.77335134999188,176.77335134999188,57068.47662521464,238.89009319185809,0,437373,176.97882585344774,58113.29086157582,241.06698417986613,0
4097,177.0831784312246,177.0831784312246,57270.233816445005,239.31200098709007,0,437373,178.07732987632983,58771.84649258185,242.42905455531078,0
4098,177.70473028742057,177.70473028742057,57792.46547683556,240.40063535031592,0,437373,182.35870526987262,62043.91633228389,249.08616246649248,0
4099,176.27421903043856,176.27421903043856,56863.22255374703,238.4601068391672,0,437373,175.17464040990185,56911.04401506266,238.56035717415972,0
4100,175.58297151401663,175.58297151401663,56327.47297844174,237.3340956930583,0,437373,174.71520875774226,56362.83986665843,237.4085926554859,0
4101,175.54555951098948,175.54555951098948,56274.858827591095,237.22322573388783,0,437373,175.15007099203655,56653.12969936416,238.01917926789883,0
4102,175.46354941891704,175.46354941891704,56207.64991208877,237.0815258768358,0,437373,174.03636026915242,55837.696256970594,236.30001323946342,0
4103,176.54672099100767,176.54672099100767,57220.29867641578,239.20764761272952,0,437373,175.80739551824186,57968.560569582485,240.76661016341632,0
4104,177.19630384134365,177.19630384134365,58623.568777679466,242.12304470595,0,437373,177.31242669300573,59456.095149906374,243.83620557642044,0
4105,176.9332377627334,176.9332377627334,58361.627432420384,241.58151301873326,0,437373,176.03609276292775,58391.8525011832,241.64406158890642,0
4106,177.14344735500362,177.14344735500362,58614.98650579711,242.1053211017823,0,437373,175.69144185855095,57777.22334712019,240.3689317426863,0
4107,178.3034252228647,178.3034252228647,60016.80450782284,244.98327393481955,0,437373,178.52460028396814,61139.34238739017,247.26371021116336,0
4108,174.68242667014195,174.68242667014195,55821.49397196443,236.26572745949514,0,437373,174.06767907484002,55959.27528448258,236.55712900794722,0
4109,174.54836946953745,174.54836946953745,55581.43499484422,235.75715258469725,0,437373,174.1669238841904,56079.397040969605,236.81088877196842,0
4110,174.51652708329047,174.51652708329047,55530.7070280973,235.64954281325754,0,437373,174.56939728789843,55921.683663600634,236.4776599672803,0
4111,174.53032766082956,174.53032766082956,55471.59646114415,235.52408891904062,0,437373,177.05693767104967,58810.020700866306,242.5077745163365,0
4112,178.90124676191718,178.90124676191718,59480.8150548845,243.88688987906772,0,437373,176.82638846019302,58119.26365825051,241.07937211269342,0
4113,177.08246736767015,177.08246736767015,57528.11480361156,239.85019241937573,0,437373,174.01740848200507,55552.82124410972,235.69645997364856,0
4114,176.91797390328165,176.91797390328165,57334.166171665835,239.44553905150505,0,437373,173.90410930715888,55585.60215651172,235.76599024564956,0
4115,176.7581309317219,176.7581309317219,57117.055863073394,238.99174852507647,0,437373,174.00714035845834,55532.01607095088,235.6523203173499,0
4116,174.4721873549579,174.4721873549579,55719.11698710254,236.0489715866234,0,437373,176.82083256168076,58586.03786241949,242.04552849085954,0
4117,176.84045654395675,176.84045654395675,57435.27687580166,239.6565811234936,0,437373,177.38465337366503,58586.380188077455,242.04623564120442,0
4118,177.2538634072062,177.2538634072062,57846.73777302211,240.5134877153922,0,437373,177.55007510751693,59101.99376504723,243.10901621504544,0
4119,177.20712755474162,177.20712755474162,57845.13395888635,240.51015354634478,0,437373,179.8995822787415,61737.27695125213,248.46987131491844,0
4120,175.6846993298626,175.6846993298626,56295.67757954881,237.26710176412743,0,437373,172.67975389427332,54892.00843673478,234.29043607611212,0
4121,173.75357418039064,173.75357418039064,54790.755858272,234.0742528734675,0,437373,173.86334547400045,55576.0726588061,235.7457797263953,0
4122,174.10223310538146,174.10223310538146,55004.026279628604,234.52937189108874,0,437373,174.56279194188943,56133.69685371525,236.92550908189529,0
4123,174.01983661542894,174.01983661542894,54957.0570154079,234.42921536235175,0,437373,174.64147992674444,55928.72062061444,236.49253819225342,0
4124,176.05739494664738,176.05739494664738,56151.78449286993,236.96367758133297,0,437373,177.9566845690063,58202.02508385291,241.25095872110626,0
4125,178.35717339662028,178.35717339662028,57675.14363255162,240.15649821012883,0,437373,176.05788423153692,57078.33168714118,238.91071907124882,0
4126,177.3271509672522,177.3271509672522,57222.23762783711,239.2117004409214,0,437373,174.8606086795481,56329.4642261868,237.33829068691549,0
4127,177.07536130488165,177.07536130488165,57065.46004440146,238.88377936645563,0,437373,174.9888676255736,56508.96170545507,237.716136821746,0
4128,175.60047145114123,175.60047145114123,56120.19916867296,236.89702228747612,0,437373,172.72557976829845,54883.43615861062,234.27214123452796,0
4129,174.36265841741488,174.36265841741488,55112.54152176746,234.76060470566065,0,437373,173.6902895240447,55631.38352161656,235.86306095193575,0
4130,173.64913243387224,173.64913243387224,54637.96142880333,233.74764475562816,0,437373,172.95049077103525,55079.91022079552,234.69109531636585,0
4131,173.91805392651125,173.91805392651125,54850.256556760476,234.20131630023022,0,437373,173.230672675268,55160.337901516556,234.8623807712009,0
4132,173.79718455414485,173.79718455414485,54838.204932631874,234.17558568867054,0,437373,173.90423277157026,56167.76669341729,236.9973980730955,0
4133,173.38816982301148,173.38816982301148,54628.92518285308,233.72831489328178,0,437373,173.84262403028993,55902.10654978702,236.43626318690417,0
4134,174.41054889076372,174.41054889076372,55568.580765159255,235.72988941829004,0,437373,173.9984772722596,55977.31724180505,236.5952603959028,0
4135,174.40489467799796,174.40489467799796,55533.75525238184,235.65601043126787,0,437373,173.1712657159907,55141.951807724756,234.82323523817817,0
4136,174.45787920150536,174.45787920150536,55565.28469750076,235.72289811874612,0,437373,174.50348786962158,56480.63567709941,237.6565498300003,0
4137,174.02169544073365,174.02169544073365,55052.61564156909,234.63293810027844,0,437373,174.42648723172212,55752.381916579216,236.11942299730282,0
4138,175.20627244937387,175.20627244937387,55646.40687696771,235.8949064243815,0,437373,174.78087124719633,55916.59197069778,236.46689402683367,0
4139,175.44612035951008,175.44612035951008,55625.34361288877,235.8502567581574,0,437373,175.96752885980615,57050.57900693458,238.8526303119448,0
4140,175.53511990909362,175.53511990909362,55669.076710267895,235.9429522369081,0,437373,175.76539704096962,56983.76395662284,238.7127226534498,0
4141,175.78374751070598,175.78374751070598,55944.871798213426,236.52668305756418,0,437373,176.5992962528551,57649.168384879726,240.10241228459103,0
4142,178.64923532088173,178.64923532088173,59055.265780009286,243.01289220946546,0,437373,178.6432701607095,60113.2386155524,245.1800126754879,0
4143,179.3851815269804,179.3851815269804,59848.23845779232,244.63899619192424,0,437373,176.42706339897524,58283.89295635533,241.4205727695039,0
4144,178.50911464585147,178.50911464585147,59161.14458139848,243.2306407124696,0,437373,174.1244727040764,56343.185978558344,237.36719650903396,0
4145,177.47502017728576,177.47502017728576,58305.04782416839,241.4643821025544,0,437373,172.05117599851843,54758.463917525776,234.005264721813,0
4146,174.95171398325914,174.95171398325914,56242.092749209485,237.15415397839752,0,437373,174.44494516122396,56159.32676914213,236.97959146125248,0
4147,175.12874137178108,175.12874137178108,55747.81347042456,236.10974878311265,0,437373,175.2160009877153,56435.117064839396,237.56076499464174,0
4148,175.26014180116286,175.26014180116286,55806.61974561759,236.2342476137141,0,437373,175.15544169393172,56305.76564396979,237.288359689155,0
4149,175.40159086180446,175.40159086180446,55827.57891319309,236.27860443381894,0,437373,175.07918184250056,55947.49208798897,236.5322220924434,0
4150,175.8105941610479,175.8105941610479,55948.83064340963,236.53505161690018,0,437373,175.2123382101776,56190.03173035372,237.04436658641293,0
4151,174.93521090693756,174.93521090693756,55450.20347392272,235.47866882994458,0,437373,174.4065477292837,55865.937177192005,236.35976217874313,0
4152,175.11796567232088,175.11796567232088,55525.46774492253,235.63842586667084,0,437373,174.89915015330163,56123.588698890875,236.9041761955472,0
4153,175.25978283981866,175.25978283981866,55667.62146497383,235.93986832448184,0,437373,175.70761569644216,56679.70156594028,238.07499147524985,0
4154,175.38759594213636,175.38759594213636,55803.53264833449,236.2277135484626,0,437373,175.0452702841739,56591.8307920242,237.89037557670173,0
4155,177.47926826758854,177.47926826758854,57530.459877495865,239.85508099161848,0,437373,176.33720188489002,57371.49217029858,239.52346893425408,0
4156,177.20601866141715,177.20601866141715,57367.64791150803,239.51544399371835,0,437373,176.74918204827458,57695.91999506142,240.19975019774984,0
4157,177.0712458245022,177.0712458245022,57214.80802427219,239.19617058864506,0,437373,174.82451591662036,56336.604378871125,237.35333235257332,0
4158,176.83085147002672,176.83085147002672,57033.65023446806,238.81718998947304,0,437373,175.4827046937054,56496.43510916312,237.68978755757075,0
4159,175.50713235613537,175.50713235613537,56202.52816474725,237.07072397229322,0,437373,175.4236681276622,56896.18075189827,238.5292031427143,0
4160,175.46401126727073,175.46401126727073,56185.109677552115,237.03398422494635,0,437373,175.41564294092228,56828.52632878573,238.38734515235018,0
4161,175.57145045533218,175.57145045533218,56256.50695859141,237.18454198912588,0,437373,175.63415437166904,56723.03090725765,238.16597344553156,0
4162,175.67106108516072,175.67106108516072,56257.60485672412,237.1868564164636,0,437373,175.923308023129,57182.548243718746,239.12872734934786,0
4163,174.0985794733557,174.0985794733557,54770.75712949816,234.03153020372739,0,437373,173.3417700681112,55004.736753297526,234.53088656570912,0
4164,174.0710263322153,174.0710263322153,54792.712780624315,234.078432967722,0,437373,173.38761651953826,55083.28509990329,234.69828525130578,0
4165,173.9758695667085,173.9758695667085,54732.25121349512,233.94924922618392,0,437373,172.92236146264173,54868.994505833696,234.24131682056796,0
4166,173.96268859760434,173.96268859760434,54744.94790716391,233.976383225239,0,437373,173.110336028973,54929.77938967426,234.37102933100383,0
4167,174.60776271054684,174.60776271054684,55512.50542900454,235.61091958779105,0,437373,174.59376093174475,56216.041998477274,237.09922395165546,0
4168,174.71300240298328,174.71300240298328,55601.29343146468,235.79926512070531,0,437373,175.56982941333828,56788.0162767249,238.3023631370971,0
4169,174.8338580570817,174.8338580570817,55623.84860748149,235.8470873415262,0,437373,175.97927855628947,57382.72841944976,239.54692321015054,0
4170,175.2148760897449,175.2148760897449,55886.02805385792,236.40225898636822,0,437373,174.34578266148117,56130.11593308229,236.9179519012485,0
4171,174.54614025099858,174.54614025099858,55934.15942227801,236.50403679911685,0,437373,174.30744696174662,56248.976047904194,237.168665822246,0
4172,174.33246450969767,174.33246450969767,55603.814202065514,235.8046102222463,0,437373,173.841409963578,55543.87145297035,235.6774733676733,0
4173,174.62105342579446,174.62105342579446,55880.28640085236,236.3901148543491,0,437373,172.8316974298825,55027.70574315287,234.57984939707177,0
4174,174.49594968139323,174.49594968139323,55720.43692912,236.05176747722098,0,437373,175.5398069839702,56673.33172829598,238.0616133027246,0
4175,173.04606137095797,173.04606137095797,54293.341324224406,233.00931596016585,0,437373,172.5009774265901,54660.08296808445,233.79495924438672,0
4176,173.07776886090363,173.07776886090363,54311.607755851415,233.04850944782166,0,437373,175.17671872749347,56546.429470954994,237.79493155018042,0
4177,173.30417058208897,173.30417058208897,54441.5757648506,233.3271860817993,0,437373,174.3461942095191,55888.822643373045,236.40816957832283,0
4178,173.41126909983012,173.41126909983012,54566.46253655347,233.59465434070503,0,437373,175.25277280490565,56702.02780006996,238.1218759376592,0
4179,176.8259723393991,176.8259723393991,57103.26235958781,238.96288908445138,0,437373,174.280737494084,55865.47990616705,236.3587948568173,0
4180,175.3144204146118,175.3144204146118,55869.75125579311,236.36783041647845,0,437373,172.20881947445315,54640.966397102704,233.75407247169557,0
4181,174.24566216936117,174.24566216936117,55236.32132756252,235.02408669658206,0,437373,171.6971417988765,54499.491162005885,233.4512607847854,0
4182,174.32122467550582,174.32122467550582,55291.93616661293,235.14237424720568,0,437373,171.44124122888243,54297.25592114739,233.01771589548164,0
4183,172.79109364318327,172.79109364318327,54689.93048267726,233.85878320618463,0,437373,172.72551803609275,55392.74025145585,235.35662355552233,0
4184,173.40905588593716,173.40905588593716,55133.31568935439,234.80484596650555,0,437373,173.1064469000144,55386.84943515032,235.3441085626541,0
4185,173.6029841805507,173.6029841805507,55011.104297704704,234.54446123859907,0,437373,172.70341790645514,54954.25421322304,234.42323735761144,0
4186,173.66297187983713,173.66297187983713,55060.41852377719,234.6495653602989,0,437373,172.44255818260388,54749.59044797004,233.98630397519005,0
4187,173.18902172745,173.18902172745,54611.442379845124,233.69091206087825,0,437373,172.89435561865957,55006.81574994341,234.5353187687164,0
4188,173.03557375512435,173.03557375512435,54378.31818607916,233.1915911564548,0,437373,174.51431158301952,55991.11558326646,236.62441882288155,0
4189,174.85783301666999,174.85783301666999,55548.68508344136,235.6876854726215,0,437373,174.16558635306706,55926.63512150956,236.4881289230171,0
4190,174.8607298575815,174.8607298575815,55510.69028952404,235.607067571251,0,437373,174.43420375743358,56021.69498117168,236.6890258993257,0
4191,174.9838856079365,174.9838856079365,55648.62879281529,235.89961592341623,0,437373,173.49079161265098,55650.759470749224,235.90413194929255,0
4192,174.43507029469126,174.43507029469126,55626.675748160036,235.85308085365355,0,437373,176.46369117435233,58293.3600839558,241.44017910023965,0
4193,176.16453690557032,176.16453690557032,57338.98777016414,239.45560709694007,0,437373,174.94693088050704,56728.58493322633,238.17763315060952,0
4194,176.24193765961778,176.24193765961778,57294.66839745481,239.36304726806685,0,437373,174.71792497479268,56802.34662633496,238.33242881810054,0
4195,176.45395806325493,176.45395806325493,57537.006008601355,239.8687266164586,0,437373,175.00781941272095,56072.22900590571,236.7957537750745,0
4196,175.50865965663175,175.50865965663175,56494.144217864385,237.68496843061908,0,437373,173.25501574171244,55364.73037430294,235.29711084988472,0
4197,174.50525523980676,174.50525523980676,55404.8626389832,235.38237537883586,0,437373,173.9493795913328,55788.406321377865,236.1956949679182,0
4198,174.57280170472342,174.57280170472342,55463.79096103326,235.50751784398147,0,437373,174.41788587772908,55976.72819309834,236.59401554793885,0
4199,174.4305569845418,174.4305569845418,55347.20519099259,235.2598673615893,0,437373,172.72946889725702,54695.632816840545,233.87097472076468,0
4200,174.3031051299463,174.3031051299463,55242.67087360217,235.0375945962734,0,437373,173.2887626808239,55170.38154618598,234.8837617763007,0
4201,174.72161061611027,174.72161061611027,55619.809217761496,235.8385236083399,0,437373,173.70300635841718,55660.62343354528,235.92503774196007,0
4202,174.43785510308135,174.43785510308135,55388.69365507244,235.34802666492115,0,437373,172.97806448957755,54996.87838755479,234.51413259664074,0
4203,174.34660804393505,174.34660804393505,55344.101755252384,235.2532715080757,0,437373,172.55869703891187,54986.48379529601,234.4919695752842,0
4204,174.3862424063671,174.3862424063671,55354.41639515928,235.27519290218268,0,437373,172.70308866802478,54757.96304298619,234.00419449870165,0
4205,174.96913161077615,174.96913161077615,55463.57071881438,235.5070502528839,0,437373,174.8867625573595,56157.019075251555,236.97472243944407,0
4206,174.93366988817326,174.93366988817326,55444.916398588844,235.46744233245676,0,437373,175.70802724448012,56571.646459658004,237.84794819307987,0
4207,175.1582882345275,175.1582882345275,55618.37963477398,235.83549273757328,0,437373,175.21170031071878,56401.99162499743,237.49103483078562,0
4208,175.4659798387189,175.4659798387189,55767.32993120288,236.15107438079312,0,437373,177.5457950079223,57723.41467580303,240.25697633118384,0
4209,176.27413214807498,176.27413214807498,56530.8890535081,237.762253214231,0,437373,177.44490400642016,58028.95096405128,240.89199024469718,0
4210,175.7280353382582,175.7280353382582,56185.041792703254,237.03384102845578,0,437373,175.29464781776653,56754.57645533675,238.23219021647085,0
4211,176.53208588550277,176.53208588550277,56691.372242913945,238.0995007195814,0,437373,178.00726382286973,58996.486017655414,242.89192250393057,0
4212,176.40762004056035,176.40762004056035,56639.7753862264,237.99112459549073,0,437373,177.0581517377616,57878.73809082865,240.58000351406733,0
4213,175.79544919325153,175.79544919325153,56544.08472630912,237.79000131693746,0,437373,175.92898738605263,57409.185073152665,239.60213912474293,0
4214,177.61056352358284,177.61056352358284,58201.56021290752,241.2499952599119,0,437373,177.41728913307406,58691.39329588246,242.26306630578765,0
4215,177.25756048041373,177.25756048041373,57892.60831144126,240.6088284154205,0,437373,174.78529538860423,56571.5650143013,237.84777697994426,0
4216,177.3486977934166,177.3486977934166,57938.48322141513,240.70414043263804,0,437373,175.0296931909377,56944.73123855382,238.63095197093318,0
4217,174.48929403506847,174.48929403506847,55590.01791605792,235.77535476817317,0,437373,172.84478465748916,55004.080992653864,234.52948853535213,0
4218,173.2406115603844,173.2406115603844,54529.00404460266,233.5144621744072,0,437373,172.6977796983353,54915.19912751816,234.33992218040476,0
4219,173.17237918207113,173.17237918207113,54542.44371051711,233.54323734699986,0,437373,172.31668621519847,54718.492993394655,233.91984309458368,0
4220,173.06628895702295,173.06628895702295,54501.37926666712,233.45530464452318,0,437373,172.41564294092228,54816.980410313394,234.1302637642417,0
4221,173.2296140822593,173.2296140822593,54552.59379522742,233.56496696899436,0,437373,172.0171409757804,54297.072432454675,233.01732217252578,0
4222,172.8532854108507,172.8532854108507,54209.4556774195,232.82924145695168,0,437373,172.44284626623042,54603.24124945985,233.67336444160648,0
4223,172.73322770267026,172.73322770267026,54086.159474864704,232.56431255647266,0,437373,172.2880013169537,54512.84713048131,233.47986450758725,0
4224,172.79292960470812,172.79292960470812,54111.04558351796,232.61781011676203,0,437373,172.4616745889664,54637.10512994629,233.7458130746865,0
4225,173.32828958349052,173.32828958349052,54431.144030381394,233.30483070519864,0,437373,173.46465831224148,55578.50933185176,235.75094767964723,0
4226,173.518420204265,173.518420204265,54718.73158151052,233.92035307238768,0,437373,174.18124575591085,55924.18194538757,236.48294218693147,0
4227,174.90712961248178,174.90712961248178,55683.76183715044,235.9740702644052,0,437373,175.63454534230507,56675.76175484083,238.0667170245367,0
4228,175.00932842219342,175.00932842219342,55769.80004481301,236.15630426650273,0,437373,176.0246517274729,57012.74099224232,238.77340930732282,0
4229,175.5898260752264,175.5898260752264,56009.651604008475,236.66358318086978,0,437373,176.527830936066,56964.2104039344,238.67176289610464,0
4230,176.527833222444,176.527833222444,56433.99120659025,237.5583953612043,0,437373,174.5227688951993,55877.38907751507,236.3839865082131,0
4231,174.27383491893647,174.27383491893647,55024.99549354899,234.57407250919482,0,437373,172.60565467004136,54705.883346708644,233.89288861936063,0
4232,174.00471451141246,174.00471451141246,54895.78011902884,234.2984850975969,0,437373,172.70656624894542,54845.612712718896,234.19140187615534,0
4233,173.8813781371964,173.8813781371964,54819.38439729933,234.13539757435083,0,437373,171.11062411259954,53903.3894067535,232.1710348143228,0
4234,173.25907634902018,173.25907634902018,54366.44138984345,233.1661240185706,0,437373,174.2604893306171,55436.941066320964,235.4505066172527,0
4235,177.80469987859334,177.80469987859334,56977.73501565026,238.70009429334178,0,437373,175.87538325411035,56604.951128670495,237.91795041289024,0
4236,177.07331956933785,177.07331956933785,56594.834329050944,237.89668835242526,0,437373,174.78134452743996,55868.75858592094,236.36573056583507,0
4237,177.19306404373384,177.19306404373384,56643.24994912809,237.99842425765783,0,437373,175.70331501944565,56521.54165895014,237.74259538195957,0
4238,176.88757879430142,176.88757879430142,56483.97491614709,237.66357507230066,0,437373,173.48747865094552,55344.62104656666,235.2543751911251,0
4239,176.0550834185009,176.0550834185009,56365.34142253866,237.41386105815022,0,437373,177.8159351400292,58670.248184044285,242.2194215665711,0
4240,177.60428741600418,177.60428741600418,57836.96920020212,240.4931791136749,0,437373,178.0884828281581,58999.881926867914,242.89891298000475,0
4241,178.3347806106001,178.3347806106001,58475.846428563265,241.81779593024842,0,437373,178.96839311068584,59517.678766178986,243.9624535992762,0
4242,178.51932789632647,178.51932789632647,58686.396544825584,242.2527534308446,0,437373,181.14111982221124,62359.52126674486,249.71888448162036,0
4243,176.15948172383756,176.15948172383756,56831.530956414776,238.39364705548422,0,437373,174.0395291890446,55808.000925983084,236.2371709235934,0
4244,174.41755435292075,174.41755435292075,55343.941786530035,235.25293151527364,0,437373,174.41346173632118,55989.2082433072,236.62038847763563,0
4245,174.48975131066618,174.48975131066618,55254.85094415979,235.06350406679425,0,437373,173.96164372286356,55695.19081424779,235.99828561717942,0
4246,174.4418471190494,174.4418471190494,55230.31135895449,235.01130049202845,0,437373,173.8549498940264,55514.616560693044,235.6153996679611,0
4247,174.4533636049779,174.4533636049779,55176.912555187446,234.8976640053865,0,437373,173.26151820071198,55104.15630594481,234.74274494847506,0
4248,173.98349463730042,173.98349463730042,54821.438472425136,234.13978404454278,0,437373,173.9017223285388,55556.42928575838,235.7041138498825,0
4249,174.01961940952003,174.01961940952003,54903.53205844897,234.31502738503343,0,437373,174.0707862625265,55634.22100129638,235.86907597499163,0
4250,174.00216977271117,174.00216977271117,54865.095794664965,234.23299467552593,0,437373,174.54034199641953,55908.95189003436,236.45073882319411,0
4251,174.7455535664067,174.7455535664067,55421.87062072876,235.41850101623015,0,437373,172.64094491429512,54779.67446550199,234.05058099800135,0
4252,174.08942024313345,174.08942024313345,54980.731768993515,234.47970438610145,0,437373,172.05854270839762,54394.1973990164,233.22563623885003,0
4253,172.56387111230003,172.56387111230003,54012.10065550457,232.40503577914262,0,437373,171.89110438915984,54315.14027614873,233.05608826235098,0
4254,172.5021251883404,172.5021251883404,53987.37805031404,232.35184107364856,0,437373,171.59248513282714,54171.59627137478,232.74792431163544,0
4255,172.87454186701055,172.87454186701055,54116.013400461394,232.62848793830344,0,437373,173.20497150029837,54989.05142292734,234.49744438464003,0
4256,173.10274982680687,173.10274982680687,54328.93767333603,233.08568740558917,0,437373,173.01438360392618,55035.54256435583,234.59655275462984,0
4257,173.660790675236,173.660790675236,54709.957772884925,233.90159848296233,0,437373,173.07274111570672,55151.32057534416,234.8431829441599,0
4258,173.65708445651651,173.65708445651651,54711.375471279665,233.90462900780665,0,437373,173.1435479556351,55192.42560240344,234.93068254786016,0
4259,173.7000569308119,173.7000569308119,54734.96909731511,233.95505785794654,0,437373,172.92236146264173,55081.246249768505,234.69394165544304,0
4260,173.71544882743106,173.71544882743106,54893.01328385611,234.29258051388678,0,437373,174.8913101631788,56635.50727411157,237.982157470075,0
4261,175.4610504077755,175.4610504077755,56044.727644367624,236.737676858517,0,437373,174.9002613330041,56324.495627302094,237.32782312089347,0
4262,175.5634549915061,175.5634549915061,56174.30908858114,237.01120034416334,0,437373,175.04487931353788,56491.33851883861,237.6790662192163,0
4263,175.63344788087056,175.63344788087056,56182.190862261734,237.02782718968197,0,437373,174.6000370393234,55704.11478074778,236.01719170591744,0
4264,175.2737686139748,175.2737686139748,55851.436339234475,236.32908483560476,0,437373,173.71864518385908,55340.848138773996,235.24635627098243,0
4265,178.00456818322118,178.00456818322118,57534.6800419779,239.863878151709,0,437373,177.55676276313352,57976.93618947671,240.78400318434095,0
4266,177.88056647301045,177.88056647301045,57420.03746230334,239.624784741277,0,437373,177.97407247360948,58206.99639895467,241.26126170389367,0
4267,177.89265455343607,177.89265455343607,57476.23527286778,239.74201816299907,0,437373,179.61166327139534,59797.84110130255,244.53597097626056,0
4268,178.0791955607685,178.0791955607685,57629.07653193041,240.06056846539877,0,437373,176.74955244150874,57593.25686770788,239.9859513965513,0
4269,174.2108749282649,174.2108749282649,54813.455839752336,234.12273669968994,0,437373,174.288947877441,55489.72471551742,235.5625707015387,0
4270,174.32272225308833,174.32272225308833,54856.03193612774,234.2136459221105,0,437373,173.5816408420273,55179.597773525114,234.90337965539175,0
4271,174.2392305880793,174.2392305880793,54821.18188136899,234.1392360997383,0,437373,172.8548881618207,54873.895734304584,234.25177850830627,0
4272,174.24689909985298,174.24689909985298,54812.244329211,234.1201493447563,0,437373,173.07755622775068,55167.398563697345,234.87741177835161,0
4273,175.4848218797228,175.4848218797228,55600.53859063088,235.797664514793,0,437373,175.37920036216227,56332.79595448279,237.34530952703236,0
4274,175.79681187453272,175.79681187453272,55905.71994841931,236.44390444335696,0,437373,175.02800584398213,56314.65744799062,237.30709523314007,0
4275,175.82222039311984,175.82222039311984,55891.79516796876,236.41445634302644,0,437373,174.48223141346173,56125.31734469206,236.90782457464772,0
4276,175.76148504823115,175.76148504823115,55867.53817908284,236.36314894476007,0,437373,174.34364261168386,56069.76916270552,236.79055969929527,0
4277,174.42646894069821,174.42646894069821,56187.95499950843,237.03998607726172,0,437373,177.18778936971418,59467.898450521636,243.86040771417083,0
4278,177.28102100495457,177.28102100495457,58539.529856666966,241.94943657026144,0,437373,177.81002942568472,59525.89024013828,243.97928239942482,0
4279,177.10631429009106,177.10631429009106,58405.06636669388,241.67140163183123,0,437373,177.88130954585674,59428.72329567669,243.78007157205587,0
4280,177.4413875570737,177.4413875570737,58649.42432660452,242.1764322278378,0,437373,176.89240076547935,58618.75280367101,242.11309919884758,0
4281,176.87853159660062,176.87853159660062,57288.90017445064,239.35099785555656,0,437373,176.76362738440645,57377.441735086526,239.53588819858817,0
4282,177.22040912447727,177.22040912447727,56949.61153980698,238.64117737684538,0,437373,177.57452106097085,58054.678663291976,240.9453852292921,0
4283,177.34971294524354,177.34971294524354,57013.88830128974,238.77581180113228,0,437373,178.9173817313826,58743.56441755664,242.3707169143101,0
4284,177.5442356981341,177.5442356981341,57134.19627869118,239.02760568330007,0,437373,177.72393357614666,58027.89443792827,240.88979728898497,0
4285,177.68935668182536,177.68935668182536,57275.45889435333,239.32291761206935,0,437373,178.03909706360474,58434.121735909626,241.73150753658413,0
4286,175.0257926300892,175.0257926300892,55817.117188303804,236.25646486033733,0,437373,174.634360145688,56281.47383583349,237.23716790552336,0
4287,174.92227458027816,174.92227458027816,55718.63932158592,236.04795979119567,0,437373,174.8101117352923,56484.44531555446,237.6645647031851,0
4288,175.08130817402994,175.08130817402994,55837.26743763332,236.29910587565354,0,437373,175.66705763730272,56876.128773381075,238.4871668945335,0
4289,175.11863558107154,175.11863558107154,55837.700962336494,236.30002319580186,0,437373,177.3187028005844,58228.96180834208,241.30677944960865,0
4290,174.63124381248957,174.63124381248957,56010.591762637385,236.66556944903792,0,437373,173.72506533325102,56012.257690803955,236.6690890057338,0
4291,174.7521246167459,174.7521246167459,56039.11644980372,236.7258254813017,0,437373,173.94845360824743,56184.85229540918,237.0334413018745,0
4292,174.77356169676682,174.77356169676682,56073.10256691657,236.7975983132358,0,437373,174.14858941909995,56278.98798279729,237.23192867486722,0
4293,174.665400013261,174.665400013261,55987.30599282534,236.6163688184428,0,437373,172.96892812313519,55247.75358561228,235.0484068986903,0
4294,175.02425847045885,175.02425847045885,55747.079117823916,236.10819366939367,0,437373,174.26571599069902,56144.06023005535,236.94737860979882,0
4295,175.27067743093423,175.27067743093423,55915.161973875845,236.4638703351441,0,437373,174.64283803526968,56174.06753503303,237.01069076105622,0
4296,175.0739711870646,175.0739711870646,55755.40443054327,236.12582330305017,0,437373,174.06494228038767,56075.47025536556,236.80259765333142,0
4297,174.89273000390972,174.89273000390972,55730.33926191146,236.07274146311653,0,437373,174.65041051916785,56270.61110768154,237.21427256318609,0
4298,172.70922759292412,172.70922759292412,54950.35123110023,234.41491256125371,0,437373,172.218058727905,55317.15116159434,235.19598457795647,0
4299,177.9132876438644,177.9132876438644,56424.43583088568,237.53828287433097,0,1106163,176.9161879810587,55821.47814590012,236.26569396740635,0
4300,178.11914428524548,178.11914428524548,56622.965578309886,237.95580593528263,0,1106163,177.0836981107513,55943.01881926025,236.52276596399818,0
4301,177.97900671058426,177.97900671058426,56592.95643227987,237.89274144513084,0,1106163,177.22986672741771,55914.95933477617,236.46344185682523,0
4302,178.22078301299175,178.22078301299175,56727.29359777899,238.17492226886313,0,1106163,177.20224399134298,56003.13456625389,236.64981421132342,0
4303,175.7783048248766,175.7783048248766,55039.555388310764,234.6051052051314,0,1106163,174.90929653556375,54376.56539143736,233.18783285462678,0
4304,175.78859806375732,175.78859806375732,55023.4473192468,234.57077251705252,0,1106163,174.8121572583926,54359.70913543684,233.15168696674024,0
4305,175.80639562162176,175.80639562162176,55016.420344922044,234.55579367161675,0,1106163,174.63500561404652,54273.625030511124,232.967004166923,0
4306,175.79319774752906,175.79319774752906,55027.276304667575,234.57893405987585,0,1106163,174.7963565651799,54371.626519453894,233.1772427134644,0
4307,176.11538353750757,176.11538353750757,55256.8599935091,235.0677774462274,0,1106163,175.21702764714496,54593.104258539046,233.65167292048017,0
4308,175.77237893511173,175.77237893511173,55057.02419444512,234.64233248594576,0,1106163,174.95272810115048,54437.33235155322,233.31809263654034,0
4309,175.95784075222187,175.95784075222187,55131.11240115607,234.8001541761761,0,1106163,175.48995167038225,54793.83081379266,234.08082111482918,0
4310,176.227293807513,176.227293807513,55356.466417697935,235.27954951014746,0,1106163,175.1012725172083,54460.73598522448,233.36824116666878,0
4311,179.01245928493358,179.01245928493358,56424.95553819826,237.539376816136,0,1106163,178.10407140416254,55755.974069614174,236.1270295193123,0
4312,179.13562467737574,179.13562467737574,56507.89127822934,237.71388532904285,0,1106163,178.9933282345858,56488.025873431725,237.672097380891,0
4313,179.39284264615614,179.39284264615614,56668.68113379312,238.05184547445356,0,1106163,179.243291621239,56654.07281987861,238.02116044561797,0
4314,179.10876516390442,179.10876516390442,56461.97258722268,237.61728175202805,0,1106163,179.1278782158723,56617.08475582966,237.9434486507869,0
4315,180.31740982115656,180.31740982115656,57726.695336039986,240.2638036326737,0,1106163,179.03998991098888,56770.754747530635,238.2661426798416,0
4316,179.689472528009,179.689472528009,57322.75917202076,239.42171825467454,0,1106163,177.24078564105903,55602.619741916584,235.8020774758284,0
4317,179.63559077640457,179.63559077640457,57312.67623487677,239.40066047293348,0,1106163,177.27798480139293,55633.919271638486,235.86843636154137,0
4318,179.4486074837072,179.4486074837072,57152.55262922372,239.06600057143993,0,1106163,177.69744357476446,55940.359494247634,236.51714418673254,0
4319,177.2515198935419,177.2515198935419,55970.9645911136,236.5818348713899,0,1106163,176.11209379525818,55335.18483231087,235.2343189934472,0
4320,176.94978678549182,176.94978678549182,55957.27268856398,236.5528961745427,0,1106163,175.81342652108114,55095.48611947342,234.7242768004056,0
4321,176.91666056449185,176.91666056449185,55895.400381318126,236.4220809935445,0,1106163,176.02607683921045,55230.67335199258,235.01207065168498,0
4322,177.03031198837783,177.03031198837783,55998.62133247993,236.64027833925468,0,1106163,175.82118041430036,55106.16817730624,234.7470301778198,0
4323,176.7580908057854,176.7580908057854,55654.65371378359,235.91238567269755,0,1106163,175.59731013945617,54843.15612744699,234.186156993634,0
4324,176.59070679456826,176.59070679456826,55559.00990179567,235.7095880565652,0,1106163,175.16705449693262,54747.178510406324,233.98114990401754,0
4325,176.56585241053986,176.56585241053986,55580.095840305636,235.75431245325214,0,1106163,175.00681008250208,54562.960921354534,233.58715915339724,0
4326,176.59331129318193,176.59331129318193,55555.56480464452,235.7022800157956,0,1106163,174.8593803394464,54459.16245748784,233.36486980153597,0
4327,175.99292147721448,175.99292147721448,55416.71321857629,235.4075470722557,0,1106163,175.01196035994988,54765.127609717994,234.01950262684946,0
4328,175.8683485164483,175.8683485164483,55454.649618546275,235.48810929332774,0,1106163,174.7831106699429,54764.51267635429,234.0181887724847,0
4329,175.80491482719998,175.80491482719998,55447.14479149999,235.47217413422757,0,1106163,175.02442517045546,54987.44067824191,234.49400989842343,0
4330,175.81949947702103,175.81949947702103,55546.69874060152,235.68347150490106,0,1106163,174.83249800660667,54756.023538313835,234.00005029553697,0
4331,176.05866676068536,176.05866676068536,55595.02544832904,235.78597381593553,0,1106163,175.4771288627081,54922.82601337608,234.35619474077504,0
4332,176.55582314722153,176.55582314722153,55673.6682559442,235.9526822393511,0,1106163,175.7355214554212,54760.03396091322,234.00861941585234,0
4333,176.60119168693944,176.60119168693944,55594.164111437465,235.78414728610883,0,1106163,176.78772395163784,55167.934551608545,234.87855277059364,0
4334,176.85112682308122,176.85112682308122,55734.27963419496,236.0810869896082,0,1106163,176.65002522252777,55028.695946495696,234.58195997666934,0
4335,177.5003430778285,177.5003430778285,55772.878360603274,236.1628217154497,0,1106163,177.1740761232161,55242.89889020878,235.03807965988997,0
4336,178.23268180186827,178.23268180186827,56108.035732527664,236.87134848378702,0,1106163,177.5922086798041,55677.1161538086,235.9599884595026,0
4337,178.339947186807,178.339947186807,56206.64394939986,237.0794043129851,0,1106163,176.0696629944836,55092.111304574224,234.71708779842643,0
4338,178.31828672627813,178.31828672627813,56229.09118005213,237.12674075281373,0,1106163,175.87510780596554,54943.57663580297,234.40046210663274,0
4339,177.6662065174843,177.6662065174843,55977.61230487731,236.59588395590762,0,1106163,175.64485053618213,54518.06980944787,233.49104867092416,0
4340,177.3086913953911,177.3086913953911,55796.57222669715,236.21298064817935,0,1106163,177.88738548158756,56067.44052365222,236.78564256232306,0
4341,177.6508552537013,177.6508552537013,56011.238915964466,236.6669366767662,0,1106163,177.7498576147625,55926.99685938848,236.48889373369838,0
4342,177.8206150449798,177.8206150449798,56096.901112223066,236.84784379897374,0,1106163,177.9973882479293,56127.85946170244,236.91318971661843,0
4343,178.45294952009786,178.45294952009786,56644.29208715171,238.00061362767894,0,1106163,176.47306884936455,55588.51436870454,235.77216622982564,0
4344,177.31414990376643,177.31414990376643,56078.306538909725,236.80858628628675,0,1106163,174.3465900769694,54176.22199078971,232.75786128676665,0
4345,176.01599402619686,176.01599402619686,55345.172246766524,235.2555466865054,0,1106163,173.66708704212976,53867.6776967764,232.09411387791894,0
4346,175.92657592054698,175.92657592054698,55301.83094986905,235.16341328928922,0,1106163,173.47455779213382,53680.85455551397,231.69129149692694,0
4347,175.1349837230137,175.1349837230137,54794.28216365942,234.08178520264968,0,1106163,174.71355344735,54409.551966543535,233.25855175436448,0
4348,175.47078866315363,175.47078866315363,54983.49682641708,234.48560046710136,0,1106163,175.64353245569785,54878.33064293037,234.26124443221582,0
4349,176.43802766861666,176.43802766861666,55514.09013138209,235.61428252841992,0,1106163,177.34373423592012,55782.442573999644,236.18307004101638,0
4350,176.5183404254165,176.5183404254165,55532.13048619417,235.6525630800441,0,1106163,177.69483995899304,55946.57430882138,236.5302820123068,0
4351,177.44772515443023,177.44772515443023,56034.01523645249,236.7150507180574,0,1106163,177.05033928368022,55560.777740712416,235.7133380628097,0
4352,177.9786722210018,177.9786722210018,56304.46446138589,237.28561789831656,0,1106163,176.3363952939645,55153.71354531105,234.84827771416815,0
4353,177.05638951944695,177.05638951944695,55747.76845998284,236.10965346631392,0,1106163,174.32415016353963,53941.37353750021,232.25282245324857,0
4354,176.96593540011733,176.96593540011733,55726.71516946417,236.06506554224447,0,1106163,174.53706084324605,54011.041901941324,232.40275794822514,0
4355,176.3233655437761,176.3233655437761,55282.802584248435,235.12295205753188,0,1106163,175.09145200397052,54393.185930711275,233.22346779582725,0
4356,176.06880179503383,176.06880179503383,55044.15556296857,234.61490908074995,0,1106163,176.6389191740029,55040.0204302475,234.60609631944243,0
4357,177.18302637133948,177.18302637133948,55562.40034967722,235.71677994932227,0,1106163,177.12698322295088,55216.70051095959,234.98234084917868,0
4358,177.21075284564753,177.21075284564753,55597.3490923128,235.7909012076437,0,1106163,177.21403348900785,55224.18804614909,234.9982724322651,0
4359,177.7700555885525,177.7700555885525,55803.96712238612,236.22863315522554,0,1106163,176.97724277089807,55272.13715359706,235.10027042433845,0
4360,177.58233189864424,177.58233189864424,55736.02714337761,236.08478803891114,0,1106163,175.44961189852407,54495.74738417978,233.44324231851257,0
4361,177.3286025658063,177.3286025658063,55816.48220289415,236.25512100882418,0,1106163,177.84650057767726,56405.0762533969,237.4975289416648,0
4362,177.26575378131432,177.26575378131432,55803.03592327713,236.2266621769802,0,1106163,177.5853497795063,56271.075220086896,237.21525081682015,0
4363,177.5359110727804,177.5359110727804,56114.3054070693,236.88458245962167,0,1106163,178.65105039623776,56892.45683693229,238.52139702117353,0
4364,179.04714495060855,179.04714495060855,57265.121112349625,239.30131865986368,0,1106163,178.5161993718777,56803.85162644623,238.33558615206044,0
4365,179.18644268521004,179.18644268521004,57390.768419301676,239.5637043028465,0,1106163,177.5088929751192,56291.009747286545,237.2572648988573,0
4366,178.9946246620073,178.9946246620073,57214.8016476776,239.19615725942924,0,1106163,177.61058044359103,56386.26691943436,237.45792663003348,0
4367,178.77266008716617,178.77266008716617,57148.78241814271,239.05811514805916,0,1106163,177.70254503441654,56389.752908726994,237.46526674174265,0
4368,179.07530987747737,179.07530987747737,57664.42376394799,240.1341786667362,0,1106163,179.6948725041902,58525.26713097814,241.91996017480275,0
4369,180.66373943080723,180.66373943080723,59002.68874659521,242.90469066404464,0,1106163,181.012448537907,58924.19082876344,242.74305516072636,0
4370,180.75085859859712,180.75085859859712,59167.21308523246,243.24311518567686,0,1106163,181.3231982165232,59475.32806372349,243.87564057060618,0
4371,181.32320462716615,181.32320462716615,59673.92663287418,244.2824730365938,0,1106163,178.81397165313328,57531.603924950774,239.85746585201548,0
4372,180.18253910138017,180.18253910138017,58457.69808970288,241.78026819759896,0,1106163,176.0591264869087,54969.564976486094,234.4558913239036,0
4373,177.02459040846603,177.02459040846603,55856.3557595038,236.33949259381893,0,1106163,174.64008266480073,54229.86291962964,232.8730618161526,0
4374,176.96355329187472,176.96355329187472,55812.92760560605,236.2475980948929,0,1106163,174.75198932517534,54346.14988690544,233.12260698376176,0
4375,176.3376780818017,176.3376780818017,55305.78505609029,235.17182028485107,0,1106163,174.49533790050933,54270.36060078434,232.9599978553922,0
4376,176.2070716521887,176.2070716521887,55637.53573659578,235.87610251272972,0,1106163,176.90280376873383,56868.427432346674,238.47102011008943,0
4377,178.0547523285447,178.0547523285447,57254.88851733424,239.27993755710955,0,1106163,177.66888516427187,56484.38146225571,237.66443036823097,0
4378,178.07540118409312,178.07540118409312,57242.07124628106,239.25315305400065,0,1106163,178.51095145883846,57405.51770458725,239.59448596448803,0
4379,178.15325679850076,178.15325679850076,57223.74587922395,239.21485296532896,0,1106163,181.64259678128,60301.80138479814,245.56425103177813,0
4380,178.71648030172767,178.71648030172767,57197.35750879391,239.1596903928292,0,1106163,176.0990513075033,54986.32333653361,234.49162743376067,0
4381,176.42970430216886,176.42970430216886,55259.350159967384,235.07307408541578,0,1106163,174.46554277252534,54020.816477633314,232.42378638520051,0
4382,176.50096323959488,176.50096323959488,55356.54321921815,235.2797127234266,0,1106163,174.5801995020585,53990.721950108215,232.35903673003168,0
4383,176.19086337185388,176.19086337185388,55152.49683816942,234.84568728884383,0,1106163,175.10587766260394,54149.374863716985,232.70018234568917,0
4384,176.4312791152841,176.4312791152841,55472.92238576051,235.52690374086887,0,1106163,180.06622947618504,58496.43182594828,241.86035604445033,0
4385,181.38278897413852,181.38278897413852,59646.90267166774,244.2271538377085,0,1106163,180.39064000130182,59012.86285453924,242.92563235389395,0
4386,181.14161656103124,181.14161656103124,59477.24261795052,243.87956580646627,0,1106163,181.28753681675425,59760.40963012383,244.45942327945517,0
4387,180.95432047537298,180.95432047537298,59295.503619267685,243.50668085140433,0,1106163,182.584772102257,60891.159406375606,246.7613409883639,0
4388,181.02530097282227,181.02530097282227,59390.3552568654,243.70136490562666,0,1106163,178.00956015166062,56413.78545392414,237.5158635837281,0
4389,179.56704843680362,179.56704843680362,57286.5078049076,239.34600018573028,0,1106163,178.97143345320814,56686.39691308805,238.08905248475423,0
4390,179.67677458023817,179.67677458023817,57393.55867263686,239.56952784658748,0,1106163,178.971230045726,56550.736725627714,237.80398803558302,0
4391,179.68398780288257,179.68398780288257,57394.71875754296,239.5719490206292,0,1106163,178.53673539127465,56209.35747644542,237.08512706714737,0
4392,179.91688385888878,179.91688385888878,57453.70436002651,239.69502364468585,0,1106163,177.22633557352773,55964.85558068768,236.56892353115123,0
4393,177.3311853677984,177.3311853677984,56282.248583617424,237.23880075488796,0,1106163,175.79901713504628,55082.67549183929,234.69698654187977,0
4394,177.2723649227103,177.2723649227103,56252.2643326526,237.17559809696402,0,1106163,175.24519551527183,54700.506989081085,233.881395132407,0
4395,177.16842454502637,177.16842454502637,56195.33404028159,237.0555505367499,0,1106163,175.42195661725222,54750.70083641157,233.9886767269125,0
4396,176.748471970225,176.748471970225,55851.86275440419,236.3299869978505,0,1106163,175.65407709957202,54378.95741460954,233.19296176044753,0
4397,176.91964837008652,176.91964837008652,55227.93691616877,235.00624867472945,0,1106163,176.04536800481668,54483.17639496851,233.41631561433,0
4398,177.00740578016078,177.00740578016078,55257.27218050143,235.06865418532823,0,1106163,176.12575464175873,54616.142840870256,233.70096884880527,0
4399,176.97914231446902,176.97914231446902,55247.22923023099,235.04729147605804,0,1106163,176.1014189705954,54633.41785592241,233.73792558316762,0
4400,177.04603661485694,177.04603661485694,55291.6043250407,235.141668627746,0,1106163,175.71880949668852,55224.33498771419,234.99858507598336,0
4401,177.17942834826331,177.17942834826331,55952.31321062086,236.54241313265757,0,1106163,176.66477633313264,55361.882454884224,235.2910590202786,0
4402,177.29143986916938,177.29143986916938,55986.756055843485,236.61520672992148,0,1106163,175.33782728263876,54442.87690592811,233.3299742980488,0
4403,177.30294721483182,177.30294721483182,55967.06791132953,236.57359935404781,0,1106163,175.5909556897141,54519.51870535206,233.4941513300752,0
4404,177.29692730637348,177.29692730637348,55932.903822492706,236.50138228452855,0,1106163,175.0941776642312,54201.13057946724,232.81136265111124,0
4405,175.97277073993615,175.97277073993615,54965.55251260438,234.44733419811874,0,1106163,175.71230045726003,54633.778757749824,233.73869760429022,0
4406,176.37988524295244,176.37988524295244,55285.07663608347,235.12778788582915,0,1106163,176.84510113420012,55967.10284282297,236.57367318199834,0
4407,176.63080757537543,176.63080757537543,55477.03043945603,235.53562456549122,0,1106163,177.00609408816493,56059.18133370218,236.7682016946156,0
4408,176.47298815816475,176.47298815816475,55462.0460311907,235.50381319883272,0,1106163,176.98645306168942,55821.258693635784,236.2652295485643,0
4409,179.82379631211674,179.82379631211674,58727.65644484583,242.3378972526704,0,1106163,180.2123085935593,59405.797699054565,243.73304597254466,0
4410,180.68068991640473,180.68068991640473,59487.26906432415,243.9001210830453,0,1106163,179.5820464419963,58172.9133890941,241.19061629568864,0
4411,180.5811268321215,180.5811268321215,59292.98864905082,243.50151672844015,0,1106163,179.4388882560656,58081.60649602135,241.0012582872159,0
4412,180.85266005100513,180.85266005100513,59539.9013264772,244.00799439050598,0,1106163,177.64878036873708,56338.07915805575,237.35643904907184,0
4413,177.93135369742072,177.93135369742072,56477.880032147164,237.65075222297776,0,1106163,175.41595202837942,54681.80501358762,233.8414099632219,0
4414,176.3436555010428,176.3436555010428,55267.84403473991,235.091139847379,0,1106163,175.1463964330464,54660.33416594796,233.79549646207465,0
4415,176.28552482771528,176.28552482771528,55268.05181605243,235.09158176347452,0,1106163,174.82218931541178,54447.143133777034,233.33911616738638,0
4416,176.37198134452157,176.37198134452157,55314.02997930685,235.18934920465009,0,1106163,174.94755341480482,54468.28895253283,233.38442311459613,0
4417,175.75972438058406,175.75972438058406,55018.13698885246,234.55945299401697,0,1106163,174.53360291604966,54061.00773762062,232.51023146868314,0
4418,175.33320496165575,175.33320496165575,54730.87536827755,233.94630872975438,0,1106163,173.85686622296714,53877.69648349145,232.11569633157393,0
4419,175.20039451690212,175.20039451690212,54720.92597564735,233.9250434982269,0,1106163,173.91054952565375,53937.65090394285,232.24480813129676,0
4420,175.25280993849913,175.25280993849913,54740.99722554452,233.96794059345933,0,1106163,173.9485297707191,53885.00899874701,232.13144767296612,0
4421,175.5907917730027,175.5907917730027,55056.42116668158,234.64104748888585,0,1106163,176.3801604478219,55260.90225050038,235.0763753559689,0
4422,176.6036262286842,176.6036262286842,55543.948261693804,235.67763632066112,0,1106163,176.51884366914553,55129.54016077327,234.79680611280315,0
4423,177.4289358801551,177.4289358801551,55959.34511279079,236.55727660080717,0,1106163,176.6422469204107,55242.715864156344,235.03769030552598,0
4424,177.45123277491655,177.45123277491655,55934.76173403016,236.5053101603221,0,1106163,176.79089710835925,55319.62654386279,235.20124690116504,0
4425,177.3482027513124,177.3482027513124,55768.68144568206,236.15393590978334,0,1106163,176.32326330691748,55035.401550778646,234.59625220957525,0
4426,177.24559219572524,177.24559219572524,55736.51296056729,236.0858169407203,0,1106163,177.34624835239939,55779.93071127529,236.17775236307776,0
4427,177.89041578863151,177.89041578863151,56148.14730559601,236.95600288997957,0,1106163,178.1051779408654,56112.29654370006,236.88034224835977,0
4428,177.89432208453908,177.89432208453908,56171.19479588451,237.00463032583247,0,1106163,178.3924543960425,56346.12166208322,237.37338027269027,0
4429,178.89406353313208,178.89406353313208,56763.619938471995,238.2511698575098,0,1106163,177.5519828161359,55825.828763445235,236.27490083257942,0
4430,178.64693901350887,178.64693901350887,56630.17525265264,237.9709546407978,0,1106163,176.7826387645843,55480.36454688949,235.54270217285335,0
4431,177.99091363569383,177.99091363569383,56215.452309469765,237.0979803993905,0,1106163,177.0813223113599,55519.45531544432,235.62566777718493,0
4432,177.90476810379664,177.90476810379664,56171.82068465497,237.00595073680105,0,1106163,177.54420451401884,55711.36001497079,236.03254016124725,0
4433,177.7404559725827,177.7404559725827,56024.119805128175,236.69414822747135,0,1106163,176.25796950515027,54884.176818056076,234.27372199642042,0
4434,177.86450459832773,177.86450459832773,56106.982225946806,236.86912467847472,0,1106163,177.71969635331067,56178.49132670496,237.0200230501739,0
4435,177.60654171220696,177.60654171220696,56194.29276607516,237.05335426033346,0,1106163,176.20186158527656,55520.75073633509,235.62841665710673,0
4436,177.4530561951539,177.4530561951539,56127.95631294845,236.91339411892366,0,1106163,176.00216425560998,55357.37832164418,235.28148741803759,0
4437,178.0323677432711,178.0323677432711,56776.88733396435,238.27901152632882,0,1106163,177.29220705254423,56467.090101378286,237.6280499044216,0
4438,177.1759216318029,177.1759216318029,56331.122540710545,237.34178422837928,0,1106163,174.98930076643938,54562.787178819584,233.5867872522322,0
4439,176.8909717645591,176.8909717645591,56026.61583509844,236.6994208592375,0,1106163,175.78623500886857,55023.25480448473,234.57036216130274,0
4440,176.73149255579875,176.73149255579875,55873.01103906025,236.37472588891615,0,1106163,175.52143914861765,54806.54225180219,234.10797135467683,0
4441,176.4944262283226,176.4944262283226,55658.440398024526,235.92041115177915,0,1106163,177.27027972596943,56548.88014417522,237.8000844074182,0
4442,177.12749115636666,177.12749115636666,56233.34365098091,237.13570724583195,0,1106163,177.8234829869982,57020.6799912128,238.7900332744497,0
4443,178.30176655700834,178.30176655700834,57367.0748081431,239.5142476099138,0,1106163,176.79113306103852,56064.628146713745,236.779703831882,0
4444,178.50430903944536,178.50430903944536,57556.2060003815,239.90874515194625,0,1106163,175.93716336061706,55267.22232437798,235.08981756847314,0
4445,178.02309514962985,178.02309514962985,57056.230249068176,238.8644599957645,0,1106163,174.8508372251965,54405.425129773976,233.24970552987622,0
4446,176.96770005867128,176.96770005867128,56030.822047022004,236.70830582601448,0,1106163,174.7085821684865,54080.247351634585,232.551601481552,0
4447,176.1193829480827,176.1193829480827,55230.4303931699,235.01155374400193,0,1106163,175.02709387662117,54678.367744455114,233.83406027449277,0
4448,176.09613501807598,176.09613501807598,55239.1606218975,235.03012705161333,0,1106163,174.84941337282152,54848.17667160269,234.19687587925398,0
4449,176.29680707092896,176.29680707092896,55417.56058465163,235.40934685065423,0,1106163,176.73797048150618,55607.268522285325,235.81193464768768,0
4450,177.15518237366464,177.15518237366464,56050.66860128209,236.7502240786312,0,1106163,177.91071225163947,56407.36138186907,237.5023397397783,0
4451,178.39812667753307,178.39812667753307,56659.881050984346,238.03336121431454,0,1106163,177.72102257009422,55894.18475908418,236.41951010668342,0
4452,178.5180339606369,178.5180339606369,56709.44172603857,238.13744293167878,0,1106163,177.25972694579596,55677.61774038696,235.9610513207359,0
4453,178.45268916063907,178.45268916063907,56597.53210512375,237.90235834292133,0,1106163,175.1766390574911,54332.44741509772,233.09321614988653,0
4454,177.23335078103318,177.23335078103318,55724.32516455532,236.0600033138933,0,1106163,174.31625795323257,53977.973605845116,232.33160268427778,0
4455,175.73475337721476,175.73475337721476,55113.16341985765,234.7619292386601,0,1106163,175.2268725692806,55027.018371763785,234.57838428074268,0
4456,175.77334262671957,175.77334262671957,55166.34124446397,234.875160978048,0,1106163,175.21540038728784,54933.60289977706,234.37918614880687,0
4457,176.33652635280694,176.33652635280694,55799.01719095649,236.21815592997183,0,1106163,178.70400143198867,58168.71542479619,241.1819135523976,0
4458,177.8387398602195,177.8387398602195,57224.801766104996,239.21705993951392,0,1106163,177.77954697085576,57008.603737815894,238.76474559242595,0
4459,179.30543780618228,179.30543780618228,58389.93019202414,241.64008399275178,0,1106163,176.85613395603144,56046.27492555286,236.74094475935686,0
4460,179.26418439235448,179.26418439235448,58340.99081238479,241.53879773730927,0,1106163,176.1954908629359,55276.86660537321,235.11032858080313,0
4461,178.63888414275291,178.63888414275291,57648.3342780404,240.10067529692705,0,1106163,176.83271768668737,55807.21090915008,236.23549883357938,0
4462,177.87015476019357,177.87015476019357,56813.6642592457,238.3561710114628,0,1106163,175.58305534310773,54879.2118773697,234.26312530436732,0
4463,176.53880305162983,176.53880305162983,55567.719196899554,235.72806196314335,0,1106163,174.59086619042193,54176.691544757785,232.75886995935898,0
4464,176.36361006470113,176.36361006470113,55469.1812237437,235.51896149512822,0,1106163,174.19784225342946,53703.025271345585,231.73913193793055,0
4465,175.9742885994198,175.9742885994198,55144.09964263856,234.8278084951579,0,1106163,175.1928302930695,54201.91748165264,232.81305264450413,0
4466,175.83519788674906,175.83519788674906,54925.102877243226,234.36105238977578,0,1106163,175.65707939400843,54558.7836313931,233.57821737352373,0
4467,176.57600281332859,176.57600281332859,55280.942317723515,235.11899608012007,0,1106163,176.0604933851887,54995.68065838934,234.5115789431075,0
4468,176.67938811911083,176.67938811911083,55384.66122262271,235.33945955283977,0,1106163,175.82959334776172,54791.23076172034,234.07526730032873,0
4469,176.81806569194595,176.81806569194595,55503.23649046298,235.5912487561093,0,1106163,175.78769954273997,55116.912201194405,234.76991332194677,0
4470,176.91370078370005,176.91370078370005,55747.072691818474,236.10818006121363,0,1106163,175.54176362423314,54912.813792654546,234.33483264904206,0
4471,176.62858276763913,176.62858276763913,55598.76524617077,235.79390417517322,0,1106163,175.39470001464534,54606.668014580246,233.68069670937788,0
4472,176.71760038981597,176.71760038981597,55638.996351351474,235.87919864064204,0,1106163,174.4882186386344,53823.03538476559,231.99792107854242,0
4473,176.24297323269718,176.24297323269718,55265.2550754274,235.0856334943235,0,1106163,175.25254259352675,54434.25638292679,233.31150075152058,0
4474,176.1788832206465,176.1788832206465,55167.48011821043,234.87758538909247,0,1106163,174.32284021935462,54043.32282394676,232.47219795912534,0
4475,175.74090979358377,175.74090979358377,55185.76379249713,234.91650387424278,0,1106163,175.3981253966446,55336.17231054627,235.23641790876317,0
4476,175.87146740579823,175.87146740579823,55306.844262554434,235.17407225830493,0,1106163,174.66986965648545,54761.27343661009,234.01126775565763,0
4477,175.92435382488839,175.92435382488839,55468.58407034045,235.51769375216895,0,1106163,175.37064097765773,55516.75844954681,235.61994493155032,0
4478,176.6721920729585,176.6721920729585,56308.00169956869,237.2930713265111,0,1106163,177.01034937269134,56404.531853611705,237.49638282216364,0
4479,177.29908792827098,177.29908792827098,56562.42126070028,237.8285543426194,0,1106163,175.70286235008868,55033.176834328675,234.5915105759982,0
4480,177.35707847758422,177.35707847758422,56541.20946370472,237.7839554379242,0,1106163,175.72456186028347,54842.776406359335,234.18534626735152,0
4481,177.16727191200573,177.16727191200573,56307.55995002545,237.2921405146522,0,1106163,176.25927131303598,55141.540396725955,234.8223592350736,0
4482,177.21727177640184,177.21727177640184,55977.420925306666,236.5954795115635,0,1106163,177.3375262395652,55721.276178542954,236.0535451513977,0
4483,177.79666197477226,177.79666197477226,56158.42806078309,236.97769528118693,0,1106163,177.16294566579336,55483.32975607375,235.54899650831405,0
4484,177.87003542877497,177.87003542877497,56178.37194699154,237.01977121538098,0,1106163,176.527516964184,55051.79760955527,234.63119487731223,0
4485,177.85358034936985,177.85358034936985,56168.77303616194,236.99952117285372,0,1106163,175.7592062226417,54794.25657819797,234.08173055195482,0
4486,176.99699592193917,176.99699592193917,55732.7885854074,236.0779290518438,0,1106163,175.11678843994596,54692.95744715474,233.86525489510993,0
4487,175.93707256525485,175.93707256525485,55349.84651809905,235.26548093185932,0,1106163,174.89731176671603,54733.45936732137,233.95183129721676,0
4488,175.81553170735236,175.81553170735236,55329.56737840626,235.22237856633936,0,1106163,175.98676224106228,55529.67966576083,235.64736295100107,0
4489,175.88435971913722,175.88435971913722,55426.19954473256,235.4276949399381,0,1106163,174.79785364424845,54958.92015849511,234.43318911471368,0
4490,175.55335606054442,175.55335606054442,55367.77851636694,235.30358798022382,0,1106163,175.09183441003694,55097.896140139615,234.72941047116277,0
4491,176.02893154083077,176.02893154083077,55730.85791967368,236.0738399731611,0,1106163,176.0257676598376,55415.184230224724,235.40429951516333,0
4492,176.25301786445579,176.25301786445579,55892.510464551786,236.41596914030953,0,1106163,175.80533903959125,55092.193342879924,234.71726255833832,0
4493,176.35789029284112,176.35789029284112,55880.02746521082,236.38956716659646,0,1106163,176.5915170943648,55736.545058825446,236.08588492077507,0
4494,177.09053005750508,177.09053005750508,56149.48115784021,236.95881743003406,0,1106163,176.29847200299415,55418.42305501766,235.41117869595246,0
4495,178.2553647156884,178.2553647156884,57113.45799398461,238.9842212238804,0,1106163,178.8390477275316,57811.02803768734,240.43923980433672,0
4496,178.48690382882089,178.48690382882089,57319.11413146164,239.4141059575681,0,1106163,179.59971848404473,58598.59504824825,242.07146681971474,0
4497,178.83518703843828,178.83518703843828,57702.15149213995,240.2127213370265,0,1106163,178.04889915870666,56965.82949571217,238.67515475162506,0
4498,180.03479505280868,180.03479505280868,58558.02621584703,241.98765715599427,0,1106163,178.59096382601336,56929.62344393276,238.59929472639428,0
4499,178.79943643025484,178.79943643025484,57132.01116019972,239.02303478995432,0,1106163,175.53457927196393,54361.40786454689,233.1553299080827,0
4500,178.42725077588022,178.42725077588022,56770.327343257726,238.26524577297823,0,1106163,176.1933428799245,54668.7790750655,233.81355622603556,0
4501,177.78891447282183,177.78891447282183,56185.014929083685,237.03378436223744,0,1106163,176.68283891754675,54949.81563959449,234.41377015780128,0
4502,177.07412831562797,177.07412831562797,55670.3802396211,235.94571460321356,0,1106163,178.00355556278782,56992.85689063186,238.7317676611805,0
4503,178.90901069733846,178.90901069733846,57470.02759087042,239.7290712259788,0,1106163,179.30061998600556,57907.26581289766,240.63928568065867,0
4504,179.053226332828,179.053226332828,57687.4529251114,240.18212449121063,0,1106163,179.99010626006867,58821.73610726897,242.53192801622833,0
4505,179.57274741606798,179.57274741606798,58285.108123305516,241.42308945771015,0,1106163,178.6021593738304,58269.5398353213,241.39084455571486,0
4506,179.54913697167598,179.54913697167598,58413.05349030839,241.68792582648473,0,1106163,176.12221535156948,55734.82867394594,236.08224980702371,0
4507,178.01428993737812,178.01428993737812,57248.88321070222,239.26738852317968,0,1106163,176.84104925715587,56154.43939270662,236.96927942817106,0
4508,177.68908198882082,177.68908198882082,56947.79588180042,238.63737318743773,0,1106163,176.6114510276146,56008.08781507819,236.6602793353337,0
4509,177.4875845603225,177.4875845603225,56699.877968256034,238.11736175309863,0,1106163,176.70688168193578,55690.25238800384,235.98782254176558,0
4510,177.5269142070382,177.5269142070382,56535.98269152015,237.77296459337035,0,1106163,176.34091094006803,55535.73020031569,235.66020071347577,0
4511,177.32029095169517,177.32029095169517,56187.711817336145,237.03947312069386,0,1106163,176.09113468829838,55307.56642474737,235.1756076312919,0
4512,177.28453491935636,177.28453491935636,56188.12550139536,237.04034572493217,0,1106163,176.50304297593283,55584.224635086975,235.7630688532175,0
4513,177.22312172799127,177.22312172799127,56161.565700534185,236.98431530490407,0,1106163,176.10224073682326,55523.87597025369,235.63504826373705,0
4514,177.19238123133752,177.19238123133752,56164.71774955409,236.9909655441618,0,1106163,176.13758482092004,55342.982734772915,235.25089316466563,0
4515,177.2122472004578,177.2122472004578,56043.0938668171,236.73422622598764,0,1106163,176.24190031406116,55087.386075537404,234.70702178575186,0
4516,177.19037429384278,177.19037429384278,55960.125543884584,236.55892615558724,0,1106163,176.3793142726962,55082.38582331213,234.69636942933764,0
4517,177.30375179788152,177.30375179788152,55953.05780070387,236.54398703138466,0,1106163,177.25024815712823,55608.15087139765,235.81380551485455,0
4518,177.90470301393194,177.90470301393194,56175.013572140815,237.01268652150418,0,1106163,178.12681236066587,56028.14773892243,236.70265680579598,0
4519,178.91531808603253,178.91531808603253,56678.1786093008,238.07179297283582,0,1106163,177.79339495223994,55844.07211202057,236.31350387148967,0
4520,178.9823651667973,178.9823651667973,56688.727475064705,238.09394674175297,0,1106163,177.13877272061575,55322.64828405448,235.20767054680525,0
4521,178.85307590291848,178.85307590291848,56624.037165408714,237.95805757613823,0,1106163,175.78486811058858,54395.09281076595,233.2275558564338,0
4522,177.78551443141743,177.78551443141743,55890.15935987734,236.41099669828674,0,1106163,174.76359168795665,54067.76136234195,232.52475430014317,0
4523,175.70567719224022,175.70567719224022,54647.40287914168,233.76783970243144,0,1106163,174.03987600279888,53509.000252225276,231.3201250480063,0
4524,175.38894991063705,175.38894991063705,54492.19622695751,233.4356361547172,0,1106163,176.04444860299742,55702.95727629245,236.01473953186155,0
4525,175.3991997562746,175.3991997562746,54615.400288203455,233.69938016221494,0,1106163,177.7936227686199,57027.38296747107,238.80406815519513,0
4526,176.84315421868206,176.84315421868206,55975.62067615713,236.59167499334615,0,1106163,178.0051990952435,56966.58189998861,238.67673095630545,0
4527,178.77334805087497,178.77334805087497,57704.99378391792,240.21863746162146,0,1106163,177.7011537272387,56716.12718663043,238.15147949704286,0
4528,178.99464455057708,178.99464455057708,57924.96383534795,240.67605579979897,0,1106163,176.07198183978,54954.470904593756,234.42369953695757,0
4529,178.54754407804276,178.54754407804276,57416.64802474861,239.6177122517211,0,1106163,175.9809203781752,55281.48873936179,235.12015808807587,0
4530,178.30100446317587,178.30100446317587,57165.234758349354,239.09252342628648,0,1106163,177.5908499178234,56312.41248596489,237.30236510824093,0
4531,178.08944341837505,178.08944341837505,56770.419138047466,238.26543840441371,0,1106163,177.33066733926742,56187.90935348966,237.0398897938692,0
4532,178.1881946874014,178.1881946874014,56853.44353228231,238.439601434582,0,1106163,177.15327974224203,55908.59927912388,236.44999318909672,0
4533,178.32353188454144,178.32353188454144,56919.91456322441,238.5789482817468,0,1106163,175.2944282622492,54481.56826355101,233.4128708181085,0
4534,177.80376129015343,177.80376129015343,56457.272025913,237.60739051198092,0,1106163,176.07760402258637,54935.16327925406,234.3825148752655,0
4535,176.88805989713993,176.88805989713993,55584.21128079677,235.7630405317949,0,1106163,175.8750671244691,54809.392942574,234.1140596858164,0
4536,176.71351871288408,176.71351871288408,55437.691886277156,235.45210104451638,0,1106163,176.14688461100354,55085.17218850178,234.7023054605595,0
4537,176.83463015848477,176.83463015848477,55537.73039687641,235.66444449020392,0,1106163,176.7794330626658,55327.24463411062,235.2174411775424,0
4538,177.04553126437966,177.04553126437966,55675.56395757226,235.95669932759327,0,1106163,177.27803361918865,55686.22757229102,235.97929479573207,0
4539,177.91826701851355,177.91826701851355,56376.48131785279,237.4373208193118,0,1106163,177.17418189510684,56059.43809089874,236.7687439061557,0
4540,178.00010396297833,178.00010396297833,56494.69065137778,237.6861179189432,0,1106163,177.9813678746359,56498.03916814476,237.69316180349983,0
4541,178.17849539353602,178.17849539353602,56682.40284388467,238.08066457376304,0,1106163,177.90788895578734,56269.82017964949,237.2126054400345,0
4542,178.50166295564034,178.50166295564034,56849.810611094385,238.43198319666425,0,1106163,177.62841521162514,55814.77958765235,236.2515176409505,0
4543,179.06513777806705,179.06513777806705,56942.17376643406,238.62559327623276,0,1106163,178.64788537581566,56625.95994499862,237.96209770675375,0
4544,179.07575465821944,179.07575465821944,56931.418089377425,238.6030554904472,0,1106163,178.60598343449465,56741.849535417314,238.20547755124633,0
4545,179.2696609812478,179.2696609812478,57065.49223215747,238.88384673760902,0,1106163,177.01453956682343,55600.07574081005,235.79668305726875,0
4546,178.97831513077188,178.97831513077188,56896.06828107611,238.5289673835782,0,1106163,176.64668933982068,55729.892194034466,236.0717945753674,0
4547,177.93572195056245,177.93572195056245,56528.317904323325,237.75684617760922,0,1106163,177.07476445413567,55978.4772671798,236.5977118806938,0
4548,177.7730813632349,177.7730813632349,56479.6047752456,237.6543809300506,0,1106163,177.53337509966966,56477.304419637774,237.64954117279035,0
4549,177.94134137554772,177.94134137554772,56652.51458781391,238.01788711736333,0,1106163,178.01044700828274,56689.74004523782,238.09607314115414,0
4550,178.10602596543185,178.10602596543185,56691.2046145098,238.09914870597459,0,1106163,177.10218378272828,55554.47113241014,235.69995997541056,0
4551,177.74869526462194,177.74869526462194,56076.647613416826,236.80508358862744,0,1106163,175.92045953818365,54709.19876979155,233.8999759935677,0
4552,177.57142663423022,177.57142663423022,55916.78341980341,236.4672988381341,0,1106163,176.35169153662147,55187.76132166046,234.92075540841523,0
4553,177.41772143888377,177.41772143888377,55788.40777082582,236.1956980362382,0,1106163,178.95168665484192,57943.527053195125,240.71461744812078,0
4554,178.1360260648747,178.1360260648747,56746.1922474355,238.2145928515621,0,1106163,179.29710510471418,58427.861422550566,241.71855829156058,0
4555,179.8676090232633,179.8676090232633,58776.26097781249,242.4381590794083,0,1106163,179.09701723268188,57905.62241062275,240.6358709972866,0
4556,180.0687611138684,180.0687611138684,58960.19711832704,242.81720927135095,0,1106163,177.69342424291736,56360.812946479426,237.40432377376666,0
4557,179.75781778996404,179.75781778996404,58592.77668390644,242.05944865653652,0,1106163,174.79915545213416,54267.7926789579,232.95448628210167,0
4558,178.53234107450712,178.53234107450712,57492.845036400606,239.7766565710695,0,1106163,175.05361007599305,54399.94726864433,233.2379627518735,0
4559,175.98998429707015,175.98998429707015,55097.04781935393,234.72760344568326,0,1106163,175.25080142547964,54406.74473988251,233.25253426250808,0
4560,175.90840771206413,175.90840771206413,55022.732696718296,234.5692492564153,0,1106163,176.16829121442404,55087.73365010659,234.70776222806649,0
4561,176.21861244680937,176.21861244680937,55219.26533160122,234.98779826110382,0,1106163,176.72772688070557,55338.36146323206,235.24107095325013,0
4562,176.54471357295444,176.54471357295444,55406.82085551587,235.38653499194865,0,1106163,176.01814394740697,55121.04715799066,234.77871955948362,0
4563,177.5920420408204,177.5920420408204,56183.56255452406,237.0307206978118,0,1106163,177.028769954274,55781.17379135274,236.18038401051163,0
4564,177.65840748605765,177.65840748605765,56241.273243635886,237.15242618121343,0,1106163,176.55279644606446,55501.32904821571,235.58720051865234,0
4565,177.62149068446513,177.62149068446513,56238.19274826585,237.14593133399075,0,1106163,179.5371422062389,57783.79301254617,240.3825971499313,0
4566,178.7880746327621,178.7880746327621,57212.602964481724,239.1915612317494,0,1106163,180.5840398353213,59197.35160203733,243.30505872677068,0
4567,180.96303166893125,180.96303166893125,59195.27719513309,243.30079571413876,0,1106163,181.04197516801457,59373.937635265975,243.66767868403468,0
4568,180.9891534972694,180.9891534972694,59234.25052636908,243.3808754326623,0,1106163,182.00376710656926,60372.23212048232,245.70761510478732,0
4569,181.35328337686218,181.35328337686218,59504.407120831194,243.93525190269486,0,1106163,177.8884838819911,56205.19335101623,237.07634498409206,0
4570,180.86447386144718,180.86447386144718,58984.63229108188,242.8675200414454,0,1106163,177.67183864091257,55962.50961710575,236.56396517032292,0
4571,177.89705766690804,177.89705766690804,56272.08708391078,237.2173836039652,0,1106163,175.71086033228647,54718.78211804143,233.92046109317036,0
4572,177.86194078087948,177.86194078087948,56172.04688820725,237.00642794702267,0,1106163,174.42346183262006,54026.909312808166,232.43689318352233,0
4573,177.06552198907394,177.06552198907394,55717.310641379256,236.04514534592585,0,1106163,177.28484370169073,55487.72426895351,235.55832455880966,0
4574,177.015476019357,177.015476019357,55703.947494175816,236.01683731076437,0,1106163,178.18135811107675,56112.351097586776,236.88045739905766,0
4575,178.70079997251761,178.70079997251761,56552.366737090284,237.8074152273017,0,1106163,177.81790148568825,55842.941654597824,236.31111199983343,0
4576,178.74251172747597,178.74251172747597,56578.1173380415,237.8615507770045,0,1106163,179.34390509820514,56495.44622719802,237.68770735399428,0
4577,179.0621707650681,179.0621707650681,56679.433714561055,238.07442893885317,0,1106163,176.71833759132997,55156.99214033489,234.85525785116008,0
4578,178.63689347772436,178.63689347772436,56394.659403722595,237.4755974910319,0,1106163,174.6448586724814,53894.31418319691,232.15148972857554,0
4579,176.2308068521547,176.2308068521547,54972.382111858744,234.4618990622117,0,1106163,174.58147690104633,53917.986078791924,232.20246785680794,0
4580,175.82695407458033,175.82695407458033,54731.56298936052,233.9477783381593,0,1106163,174.3077311115812,53908.59754609213,232.18225071286594,0
4581,175.5608911164087,175.5608911164087,54613.74023719831,233.69582845484922,0,1106163,174.47483442630954,53915.90246204416,232.19798117564278,0
4582,175.66833459444945,175.66833459444945,54699.624988360665,233.87950955216377,0,1106163,176.4344702455535,55153.338413096186,234.8474790435192,0
4583,177.76978709286064,177.76978709286064,56614.29752305944,237.9375916560043,0,1106163,178.34750134248938,57544.815419914405,239.88500457493046,0
4584,178.04326667950383,178.04326667950383,56867.88295395886,238.46987850451652,0,1106163,178.53634484890893,57353.57990659528,239.4860745567376,0
4585,178.78834041637626,178.78834041637626,57559.6401389307,239.91590222186335,0,1106163,178.08299838901274,57178.98227100386,239.12127105509424,0
4586,179.1349792028842,179.1349792028842,57986.94382835079,240.80478364922652,0,1106163,177.8065920296812,56720.800701349,238.1612913580815,0
4587,177.99826336624892,177.99826336624892,56688.725094764515,238.09394174309543,0,1106163,175.79153173970352,54753.28428229704,233.99419711244346,0
4588,177.62172663522463,177.62172663522463,56317.3183608564,237.31270164248772,0,1106163,176.30279237791484,54907.1833840496,234.32281874382102,0
4589,177.20815105911154,177.20815105911154,55778.86109370861,236.17548791885372,0,1106163,175.7040502497844,54800.655834540215,234.0953990033555,0
4590,176.68825842122726,176.68825842122726,55395.69315914562,235.36289673426782,0,1106163,174.60670756513107,54172.48873122549,232.74984152782037,0
4591,176.13786485355232,176.13786485355232,55345.74007356963,235.25675351319805,0,1106163,175.26642312010804,54886.03120270776,234.27767969379363,0
4592,176.09267350291051,176.09267350291051,55349.916923636025,235.26563056178867,0,1106163,174.92697671391144,54779.960628447756,234.05119232434546,0
4593,176.11141938394252,176.11141938394252,55461.14634280843,235.50190305559832,0,1106163,177.5014157160757,55988.495606398385,236.6188826074504,0
4594,176.74937238001993,176.74937238001993,55868.94881495765,236.36613296950486,0,1106163,180.02946153971328,58495.580142547966,241.85859534560265,0
4595,180.01697760637447,180.01697760637447,58315.11192292637,241.48522092030058,0,1106163,179.25484516622458,57958.464094511255,240.7456419013878,0
4596,180.20612423304703,180.20612423304703,58429.671553830674,241.72230255777117,0,1106163,178.14491562657642,57097.06335736254,238.94991809448803,0
4597,180.2304325854327,180.2304325854327,58572.75127264246,242.0180804664033,0,1106163,177.46015654239827,57265.62805721445,239.30237787622264,0
4598,179.9976549568192,179.9976549568192,58638.56678084514,242.1540145875041,0,1106163,178.60695979040892,58299.65385741949,241.45321256388263,0
4599,180.132013997937,180.132013997937,59599.36090160311,244.12980338664738,0,1106163,180.58265666444274,60586.554081981354,246.1433608326281,0
4600,180.39154175288814,180.39154175288814,59846.59932848956,244.63564607082418,0,1106163,180.73875156623762,60800.80725920622,246.57819704752126,0
4601,181.02678628737357,181.02678628737357,60534.85738810645,246.03832503922322,0,1106163,179.68522285323743,59361.17811986396,243.64149506983404,0
4602,181.20957851600534,181.20957851600534,60748.8171878828,246.47275141054192,0,1106163,177.72835337575057,57546.567043106115,239.88865551148123,0
4603,179.17915533244195,179.17915533244195,58165.302025108416,241.1748370479566,0,1106163,177.57063121409857,56327.23168925846,237.3335873601932,0
4604,178.8104393294659,178.8104393294659,57702.24470715437,240.2129153629221,0,1106163,177.0072494426635,55693.612899288884,235.99494252904844,0
4605,178.40885836897456,178.40885836897456,57145.7828855241,239.05184141839214,0,1106163,176.49825883195288,55471.20652368477,235.52326110956594,0
4606,178.24620602931031,178.24620602931031,56788.734237178425,238.3038695388273,0,1106163,176.94384326233057,55635.451548337755,235.87168449887696,0
4607,176.95828191686036,176.95828191686036,55817.00142022469,236.25621985510708,0,1106163,175.27193953102372,54733.69387173938,233.95233247766387,0
4608,176.7977901990936,176.7977901990936,55728.578017887055,236.06901113421696,0,1106163,175.12909866076512,54576.32092005272,233.61575486266486,0
4609,176.53058093608266,176.53058093608266,55553.28770081805,235.69744950002757,0,1106163,174.7204611654435,54165.20147917921,232.7341863138701,0
4610,176.24244437754652,176.24244437754652,55357.25189416026,235.2812187450589,0,1106163,173.25905163295528,53272.759271313036,230.80892372547694,0
4611,175.87311906111486,175.87311906111486,55588.38520091523,235.77189230464947,0,1106163,174.8090491920655,55165.07273037932,234.87246056185327,0
4612,175.78734146775838,175.78734146775838,55616.68093309937,235.8318912554012,0,1106163,175.31328006769402,55695.40639187672,235.99874235232,0
4613,176.15266466153722,176.15266466153722,56112.0908021693,236.87990797484133,0,1106163,179.38286983548403,59021.69938815029,242.94381940718372,0
4614,176.97279786071311,176.97279786071311,56861.00653972335,238.4554602849835,0,1106163,181.27400615104227,60498.042137894,245.9634975720869,0
4615,180.30274561705644,180.30274561705644,58978.657053255265,242.85521829529475,0,1106163,179.47807267342523,57979.26610580443,240.78884132327318,0
4616,180.27652886599896,180.27652886599896,58756.59328507643,242.39759339786448,0,1106163,180.18452313149888,58794.283216441836,242.4753249640916,0
4617,180.27779721433458,180.27779721433458,58555.8466943841,241.98315374088358,0,1106163,178.4046913901681,56092.04479032757,236.83759159037143,0
4618,180.0490786620055,180.0490786620055,58147.480694074926,241.13788730532357,0,1106163,177.73771825622833,55820.7209900249,236.2640916221187,0
4619,179.10268287765908,179.10268287765908,57138.830124493405,239.03729860524572,0,1106163,178.46351683400323,56707.7641856378,238.13392069513702,0
4620,179.11331512625173,179.11331512625173,57108.26956967463,238.97336581651652,0,1106163,177.84354710103656,56385.5216588287,237.45635737715827,0
4621,179.01179663394996,179.01179663394996,57156.13715157712,239.0734973843339,0,1106163,177.72538362651133,56303.25329926936,237.2830657659104,0
4622,178.90141416771309,178.90141416771309,57141.13540319103,239.04212056286445,0,1106163,180.3449465445137,58563.11826924641,241.99817823538757,0
4623,180.38438367582356,180.38438367582356,58610.98556993861,242.09705816043822,0,1106163,180.72859746472915,59035.216824239666,242.97163790088683,0
4624,180.67099514266886,180.67099514266886,58895.79779291117,242.684564389479,0,1106163,180.96195466454037,59064.32244154069,243.03152561250297,0
4625,181.11441984589973,181.11441984589973,59285.616051160636,243.48637754741154,0,1106163,179.41383659056515,58279.406741737585,241.41128130586105,0
4626,180.88620754807383,180.88620754807383,59160.92435744099,243.23018800601415,0,1106163,176.0509088246302,55261.15518363628,235.07691333611703,0
4627,177.86509673529127,177.86509673529127,56689.846388823345,238.0962964617958,0,1106163,176.19501895757733,55234.36697150668,235.019928881588,0
4628,177.36604731852358,177.36604731852358,56269.67151405354,237.21229208043485,0,1106163,175.29783737164988,54923.57037085252,234.35778282543237,0
4629,176.93101920783826,176.93101920783826,55932.83960953313,236.50124652849746,0,1106163,175.74451206613185,55060.62860234651,234.6500130030819,0
4630,176.86011916869396,176.86011916869396,55890.3056511563,236.4113060984104,0,1106163,176.38400078108472,55760.413828454264,236.13643054059716,0
4631,177.35621784492884,177.35621784492884,56678.16487805143,238.07176413437068,0,1106163,176.53932273444747,56244.9316713586,237.1601392969708,0
4632,177.61736832636782,177.61736832636782,57014.38241832352,238.77684648709874,0,1106163,177.1684295315119,56751.45793533269,238.22564499930039,0
4633,177.849524889189,177.849524889189,57300.38638247709,239.37499113833317,0,1106163,176.80900851056904,56897.97199485786,238.53295787974008,0
4634,177.91402623302352,177.91402623302352,57439.831548334194,239.66608343345996,0,1106163,175.6014189705954,55275.62675540657,235.10769182527093,0
4635,177.6721830326995,177.6721830326995,57002.63167815231,238.75223910604967,0,1106163,176.31983792491823,55827.43743999479,236.27830505570077,0
4636,177.40887102533713,177.40887102533713,56700.56104299276,238.11879607244944,0,1106163,176.14185637804502,55354.05609978357,235.27442721167884,0
4637,177.18171553378662,177.18171553378662,56443.458624090665,237.57832103138253,0,1106163,176.05653100743658,55019.80235301775,234.56300295020472,0
4638,177.3170726194964,177.3170726194964,56463.533970129174,237.62056722878424,0,1106163,175.48516752640228,54480.656322718176,233.4109173169031,0
4639,177.1368378801316,177.1368378801316,55610.214335500285,235.8181806721023,0,1106163,176.16917807104616,54674.86846044945,233.8265777460925,0
4640,177.0402725457279,177.0402725457279,55424.477444101816,235.4240375240001,0,1106163,175.60439685613395,54276.66930825183,232.97353778541424,0
4641,176.93442286534625,176.93442286534625,55292.2511203141,235.1430439547683,0,1106163,174.38234911232973,53697.99901550778,231.7282870421904,0
4642,176.74596691446015,176.74596691446015,55173.20537841168,234.8897728263444,0,1106163,173.0091045189006,53017.95223178689,230.25627511923946,0
4643,175.59981395147008,175.59981395147008,55180.073727832154,234.90439273847596,0,1106163,174.9800742030495,55205.747213317496,234.95903305324845,0
4644,175.77024452996528,175.77024452996528,55536.17782099022,235.66115042787646,0,1106163,176.60932745350104,56651.89818235074,238.01659224169802,0
4645,176.27711015465172,176.27711015465172,56129.05379858122,236.91571032453973,0,1106163,177.91565098530583,56708.20056791369,238.1348369472927,0
4646,176.81177095961445,176.81177095961445,56444.978279873765,237.58151923050278,0,1106163,178.66471937903765,57734.76946609604,240.28060568030878,0
4647,177.64552150089995,177.64552150089995,56376.45559741196,237.43726665671494,0,1106163,175.36691455258492,54627.16861666639,233.7245571536427,0
4648,177.42982996176875,177.42982996176875,56166.560818794336,236.99485399222138,0,1106163,175.33887686524662,54807.36016142418,234.10971821226084,0
4649,176.84040778800232,176.84040778800232,55678.92326537771,235.96381770385415,0,1106163,175.75169641840105,55330.417506061545,235.22418563162577,0
4650,176.7800378425241,176.7800378425241,55642.51894793082,235.8866654729148,0,1106163,175.5114965908906,55223.01949457309,234.99578612088578,0
4651,176.65861179591073,176.65861179591073,55963.67358156077,236.56642530494636,0,1106163,175.62156444762664,55248.16733113111,235.04928702536222,0
4652,176.73230979521102,176.73230979521102,56023.50032138121,236.69283960732992,0,1106163,176.1684295315119,55428.41329959481,235.4323964529835,0
4653,176.72568147732295,176.72568147732295,55994.06169795952,236.63064403825538,0,1106163,176.6176264787724,55856.30354905375,236.33938213732756,0
4654,177.01761765671063,177.01761765671063,56169.08782973215,237.00018529472112,0,1106163,177.01538574194913,55794.305282085494,236.20818208115801,0
4655,177.62542048504605,177.62542048504605,56312.634787097384,237.30283349993397,0,1106163,176.66713585992548,55487.341358436526,235.557511785204,0
4656,177.70085059796793,177.70085059796793,56265.70907361754,237.20393983578253,0,1106163,176.0240102191919,55151.97517615088,234.84457663772199,0
4657,177.62502994585788,177.62502994585788,56150.309091878866,236.9605644234476,0,1106163,175.8288692171253,54704.166021186924,233.88921741112165,0
4658,177.44420216550364,177.44420216550364,55978.47318252373,236.59770324862356,0,1106163,176.32742095585243,55259.501391307174,235.07339575397972,0
4659,178.11905117057793,178.11905117057793,56428.08850051936,237.54597134137924,0,1106163,177.99317364489934,56343.79033570371,237.36846954830312,0
4660,178.3528883175445,178.3528883175445,56604.711788407316,237.91744742327603,0,1106163,177.46496509527606,56177.043683790864,237.01696918953053,0
4661,178.70822383319637,178.70822383319637,56872.34097416023,238.47922545613955,0,1106163,179.59008510569052,58408.33216441834,241.67815822787614,0
4662,178.89531470497568,178.89531470497568,57139.70709922498,239.03913298710106,0,1106163,179.35645127170358,58351.54807739248,241.5606509293111,0
4663,178.93072268734355,178.93072268734355,57918.73484377981,240.66311483852238,0,1106163,177.6162677167917,57086.54406619693,238.92790558282834,0
4664,178.6730707861319,178.6730707861319,57697.46365770687,240.20296346570512,0,1106163,177.13191382031798,56616.875457666836,237.94300884385495,0
4665,178.51176725310827,178.51176725310827,57626.45741359999,240.05511328359574,0,1106163,175.03379818723252,54316.75338876865,233.0595490186331,0
4666,177.7816442965458,177.7816442965458,56959.70888648418,238.6623323578402,0,1106163,175.03356223455324,54453.12893593478,233.3519422159044,0
4667,175.6947746399039,175.6947746399039,55047.82322044762,234.62272528561172,0,1106163,174.65305192586203,54211.30900037427,232.83322142764393,0
4668,175.48459585070194,175.48459585070194,54865.71219883507,234.23431046461803,0,1106163,175.78538069744357,54617.49283192033,233.70385711819208,0
4669,175.67073749528777,175.67073749528777,54984.44133097925,234.48761445112459,0,1106163,174.99141620425365,53912.94549493108,232.19161374806603,0
4670,175.74180025909382,175.74180025909382,54922.12958216827,234.3547088969374,0,1106163,177.23986623923975,55593.77699217288,235.78332636590926,0
4671,177.729227066897,177.729227066897,55874.04868993087,236.37692080643336,0,1106163,177.05129936699592,55392.85217157828,235.35686132249953,0
4672,177.8614526068943,177.8614526068943,55979.949803057956,236.60082375819817,0,1106163,176.34105739345517,55076.24444697574,234.68328540178516,0
4673,177.89063004276946,177.89063004276946,56025.92569178322,236.69796300725366,0,1106163,176.93211071876067,55532.57780743007,235.6535121898888,0
4674,177.8972113513108,177.8972113513108,56049.29721659466,236.74732779187744,0,1106163,177.1056254373261,55739.4260329032,236.09198638010398,0
4675,177.74402506683012,177.74402506683012,56169.96701028691,237.00204009730996,0,1106163,176.56661188225146,55279.33497144159,235.11557790040538,0
4676,177.65426885549417,177.65426885549417,56137.30832888101,236.93313050074067,0,1106163,177.2323564349991,55774.936422957384,236.167178970655,0
4677,177.79505190464695,177.79505190464695,56200.492930969485,237.06643147221305,0,1106163,177.02356272273119,55697.12380192993,236.00238092428205,0
4678,177.6580133307659,177.6580133307659,56109.15452695489,236.87371007976992,0,1106163,177.0064520853335,55651.216580150685,235.90510079298983,0
4679,178.03556889897783,178.03556889897783,56431.77399262134,237.5537286439035,0,1106163,177.62052300131808,56146.93194799277,236.9534383544429,0
4680,178.12461092985393,178.12461092985393,56510.19041497501,237.71872121264454,0,1106163,176.5194213463948,55220.11262265471,234.98960109471804,0
4681,177.91583609287238,177.91583609287238,56325.93103638433,237.33084720782574,0,1106163,176.95313491611475,55864.77687012839,236.35730763005486,0
4682,177.8340678543759,177.8340678543759,56337.453290337864,237.35512063222455,0,1106163,174.95356613997689,54422.44916440206,233.28619582907615,0
4683,176.3260288040732,176.3260288040732,55353.45813139655,235.27315641907927,0,1106163,175.32300294534033,54660.24116804713,233.79529757470985,0
4684,176.19012930282426,176.19012930282426,55267.17385050847,235.08971447196168,0,1106163,174.77923779148293,54242.47219012904,232.90013351247578,0
4685,176.1061263123066,176.1061263123066,55202.48599437877,234.9520929772254,0,1106163,174.91417831513513,54390.38261761021,233.2174577890991,0
4686,176.14810204282733,176.14810204282733,55216.05095903588,234.9809587158838,0,1106163,175.96716189608318,54931.19974614746,234.37405945656073,0
4687,177.19754593129585,177.19754593129585,55794.85820353781,236.2093524895613,0,1106163,177.2214293850585,55674.877084926695,235.9552438173958,0
4688,177.64951639134557,177.64951639134557,56077.7950048953,236.80750622582744,0,1106163,177.17328690218542,55860.4715310888,236.3481997627416,0
4689,177.8877769370337,177.8877769370337,56263.34986706299,237.1989668338861,0,1106163,176.31618472653898,55264.65096089694,235.08434860895557,0
4690,177.81526773179,177.81526773179,56251.6467500721,237.17429614119675,0,1106163,175.33488194229736,54708.91903568581,233.89937801474764,0
4691,176.16256826525566,176.16256826525566,55404.426146056234,235.3814481773282,0,1106163,175.2137894000293,54772.52776918946,234.03531308157207,0
4692,175.93597869391763,175.93597869391763,55289.990988669844,235.1382380402427,0,1106163,175.1979887068166,54693.857989032265,233.86718023064344,0
4693,175.8184453828233,175.8184453828233,55216.58419690407,234.98209335373636,0,1106163,176.40949180674662,55282.98323108717,235.12333621120464,0
4694,176.19264882300348,176.19264882300348,55391.18762695914,235.35332508158695,0,1106163,175.88567685873758,54754.23646526614,233.99623173304767,0
4695,177.04012518950643,177.04012518950643,55554.267367467546,235.6995277200774,0,1106163,176.43444583665567,55052.29368785901,234.63225201974902,0
4696,177.14285417248632,177.14285417248632,55600.43520077963,235.79744528043477,0,1106163,176.9057084275788,55341.8051763136,235.24839037985703,0
4697,177.2945036129395,177.2945036129395,55672.01822335406,235.9491856806335,0,1106163,177.87769514913836,56122.783216441836,236.90247617203548,0
4698,177.7474784457625,177.7474784457625,56032.33525981252,236.71150217049555,0,1106163,180.85881079849642,57963.06018420582,240.75518724257182,0
