trial,loss,mae,mse,rmse,error_count,evaluated,val_mae,val_mse,val_rmse,val_error_count
0,553.8463336875665,553.8463336875665,1179592.0320935175,1086.0902504366372,0,9410,580.0937799043062,1344173.5942583731,1159.3850069146026,0
1,552.3375132837407,552.3375132837407,1174712.3096705633,1083.8414596566065,0,9410,572.6909090909091,1323575.69569378,1150.4675987153137,0
2,556.115302869288,556.115302869288,1188060.305738576,1089.9817914711125,0,9410,580.8794258373206,1346088.123444976,1160.2103789593402,0
9,546.3367693942614,546.3367693942614,1161318.2766206164,1077.6447822082268,0,9410,571.2842105263157,1319239.452631579,1148.581495859819,0
10,547.4875664187035,547.4875664187035,1164682.5791710946,1079.2046048692966,0,9410,572.4038277511962,1323455.081339713,1150.4151778117816,0
11,544.0204038257173,544.0204038257173,1159302.5883103083,1076.7091475000611,0,9410,567.9081339712918,1314586.5550239235,1146.554209369938,0
12,547.8997874601488,547.8997874601488,1168240.582890542,1080.8517858108678,0,9410,572.2421052631579,1327119.451674641,1152.0067064364864,0
13,549.4578108395324,549.4578108395324,1172655.4014877789,1082.8921467476707,0,9410,573.6794258373205,1329132.2344497608,1152.879973999792,0
14,547.4294367693942,547.4294367693942,1162257.4540913922,1078.080448803053,0,9410,572.0813397129186,1318438.2937799043,1148.2326827694394,0
15,544.9488841657811,544.9488841657811,1158549.1820403826,1076.3592253705929,0,9410,568.977990430622,1314178.7272727273,1146.37634626362,0
16,548.3877789585547,548.3877789585547,1168736.056004251,1081.0809664425005,0,9410,572.7808612440191,1326253.8411483255,1151.6309483286411,0
17,550.8171094580234,550.8171094580234,1179077.996918172,1085.8535798707726,0,9410,575.3626794258373,1336071.1674641147,1155.8854473796764,0
18,549.3482465462274,549.3482465462274,1171600.9639744952,1082.4051755116914,0,9410,574.3578947368421,1331324.0899521532,1153.830182458473,0
19,552.745908607864,552.745908607864,1182466.2764080765,1087.4126523119346,0,9410,577.7397129186603,1340526.009569378,1157.8108695159922,0
20,542.3804463336876,542.3804463336876,1154315.8850159405,1074.3909367711274,0,9410,570.3387559808613,1317448.8267942583,1147.801736709898,0
21,545.7151965993623,545.7151965993623,1161732.9177470775,1077.8371480641579,0,9410,569.9004784688996,1318435.8870813397,1148.2316347677151,0
22,542.203294367694,542.203294367694,1153337.77162593,1073.9356459424978,0,9410,566.177990430622,1309447.3588516747,1144.3108663521791,0
23,554.0922422954304,554.0922422954304,1182713.8950053134,1087.526503127769,0,9410,578.0755980861244,1340002.2210526315,1157.584649627245,0
24,541.7543039319872,541.7543039319872,1153028.5521785335,1073.7916707530067,0,9410,565.2411483253588,1306504.1023923445,1143.0241040294577,0
25,544.7723698193412,544.7723698193412,1160357.5577045695,1077.198940634723,0,9410,569.1043062200957,1317969.756937799,1148.028639424034,0
26,544.524867162593,544.524867162593,1157033.8931987248,1075.6550995550222,0,9410,568.5799043062201,1314493.1770334928,1146.5134875061403,0
27,542.1321997874602,542.1321997874602,1153475.495855473,1073.9997652958184,0,9410,566.4545454545455,1310242.2363636363,1144.6581307812548,0
28,544.798087141339,544.798087141339,1157552.449946865,1075.896114848857,0,9410,568.666985645933,1311592.2,1145.2476588057275,0
29,542.6903294367694,542.6903294367694,1154323.144102019,1074.3943149989295,0,9410,564.6468899521531,1305746.8344497608,1142.692799684045,0
30,544.3214665249734,544.3214665249734,1159096.2659936238,1076.6133316997443,0,9410,570.6047846889952,1319485.471770335,1148.6885878123517,0
31,546.1304994686503,546.1304994686503,1159993.4289054198,1077.0299108685049,0,9410,571.3090909090909,1318682.9837320575,1148.339228508744,0
32,542.2532412327312,542.2532412327312,1152133.0462274177,1073.3746066622862,0,9410,565.9645933014355,1306977.8210526316,1143.2313068896563,0
33,541.6759829968119,541.6759829968119,1152472.709989373,1073.532817378851,0,9410,565.2956937799044,1307453.0200956939,1143.4391195405613,0
34,541.9120085015941,541.9120085015941,1153983.277364506,1074.2361366871373,0,9410,566.6708133971292,1310757.0076555023,1144.8829667942057,0
35,544.3669500531349,544.3669500531349,1158537.7907545164,1076.353933775743,0,9410,568.7244019138756,1313159.028708134,1145.9315113514133,0
36,540.0666312433581,540.0666312433581,1146340.8944739639,1070.6731034606053,0,9410,563.6593301435406,1301918.2220095694,1141.0163110181945,0
37,542.2004250797024,542.2004250797024,1152218.6310308182,1073.4144730861506,0,9410,566.2200956937799,1306839.9693779903,1143.1710149308328,0
38,546.8426142401701,546.8426142401701,1170523.0302869289,1081.9071264609217,0,9410,571.1349282296651,1325294.281339713,1151.2142638708542,0
39,540.7895855472901,540.7895855472901,1146029.3105207225,1070.5275851283434,0,9410,564.3138755980862,1301931.6650717703,1141.0222018312222,0
40,541.7045696068013,541.7045696068013,1150230.7840595113,1072.4881277009604,0,9410,565.8133971291866,1307625.8899521532,1143.5147091105357,0
41,540.2200850159405,540.2200850159405,1147011.9916046758,1070.9864572461577,0,9410,563.6172248803828,1301386.2009569379,1140.7831524689248,0
42,543.5434643995749,543.5434643995749,1154996.8170031882,1074.707782145076,0,9410,567.7645933014354,1309800.9550239234,1144.465357721204,0
43,540.3374070138151,540.3374070138151,1148687.175664187,1071.7682471804187,0,9410,563.201913875598,1302942.2066985646,1141.4649388827345,0
44,543.9429330499469,543.9429330499469,1156245.1316684377,1075.2883946497507,0,9410,565.7607655502393,1307405.9559808613,1143.4185392850954,0
45,539.3823591923485,539.3823591923485,1145396.9315621678,1070.232185818651,0,9410,562.9626794258373,1301578.6622009568,1140.867504226918,0
46,540.0030818278427,540.0030818278427,1144979.6770456962,1070.0372316165901,0,9410,563.444019138756,1300623.4631578948,1140.4487990076077,0
47,543.0855472901169,543.0855472901169,1154055.645802338,1074.2698198322141,0,9410,564.4248803827751,1304443.7818181817,1142.1224898486946,0
48,542.86609989373,542.86609989373,1152067.6108395325,1073.344125078035,0,9410,566.9023923444976,1306513.0842105264,1143.0280329941722,0
49,541.0251859723699,541.0251859723699,1149121.332731137,1071.970770464912,0,9410,565.4,1306388.4507177034,1142.9735126929686,0
50,541.7396386822529,541.7396386822529,1150425.8184909672,1072.579049996301,0,9410,565.9416267942584,1308030.55215311,1143.691633331778,0
51,539.5310308182784,539.5310308182784,1145732.627098831,1070.3890073701389,0,9410,563.2612440191388,1300893.0200956939,1140.566973086497,0
52,541.101381509033,541.101381509033,1144942.3961742828,1070.0198111129919,0,9410,564.0038277511961,1299178.8344497608,1139.815263299172,0
53,540.5987247608927,540.5987247608927,1150610.9300743889,1072.6653392714752,0,9410,564.6354066985646,1306863.8660287082,1143.1814667972483,0
54,543.6652497343251,543.6652497343251,1155526.1154091393,1074.95400618312,0,9410,568.421052631579,1314767.8028708133,1146.6332468888268,0
55,538.0032943676939,538.0032943676939,1136364.165674814,1066.0038300469723,0,9410,563.3607655502392,1297819.7990430621,1139.2189425404856,0
56,541.048352816153,541.048352816153,1150450.77162593,1072.590682239003,0,9410,564.88995215311,1306791.3569377991,1143.149752629899,0
57,542.1812964930924,542.1812964930924,1153938.2167906482,1074.2151631729316,0,9410,566.2688995215311,1311111.8267942583,1145.0379150029305,0
58,538.4523910733262,538.4523910733262,1141723.1250797024,1068.514447763671,0,9410,562.0822966507177,1297951.1119617224,1139.2765739545962,0
59,538.2793836344315,538.2793836344315,1143146.304250797,1069.1802019541874,0,9410,561.0593301435407,1295894.2650717704,1138.3735173798495,0
60,541.1680127523911,541.1680127523911,1151880.6817215728,1073.2570436393944,0,9410,565.3990430622009,1308901.2822966508,1144.0722364853764,0
61,540.1790648246546,540.1790648246546,1143161.8296493092,1069.1874623513452,0,9410,562.9875598086124,1298242.3770334928,1139.4043957408155,0
62,537.1222104144528,537.1222104144528,1137203.3126461213,1066.3973521376172,0,9410,560.6794258373205,1292185.9157894736,1136.743557619516,0
63,536.7395324123273,536.7395324123273,1135791.6891604676,1065.735280996396,0,9410,560.2363636363636,1291580.5004784688,1136.477232714527,0
64,540.8759829968119,540.8759829968119,1147896.3078639745,1071.3992289823502,0,9410,565.0918660287082,1304550.4870813398,1142.1692024745457,0
65,543.3116896918173,543.3116896918173,1154387.9204038258,1074.424460073311,0,9410,568.288995215311,1312808.7406698565,1145.7786612910263,0
66,543.3419766206164,543.3419766206164,1152170.0546227416,1073.391845796651,0,9410,567.0076555023924,1307788.0775119618,1143.585623165997,0
67,539.891817215728,539.891817215728,1145220.3147715197,1070.1496693320612,0,9410,568.1751196172249,1310811.5894736843,1144.9068038376242,0
68,537.7597236981934,537.7597236981934,1134775.8064824655,1065.2585632054152,0,9410,561.3186602870813,1290048.8861244018,1135.8031898724364,0
69,538.8825717321998,538.8825717321998,1141490.7178533475,1068.405689732766,0,9410,562.6124401913876,1298112.04784689,1139.3472025010155,0
70,540.9586609989373,540.9586609989373,1147330.582678002,1071.135184128503,0,9410,564.62009569378,1303987.9732057417,1141.9229278746188,0
71,539.0566418703507,539.0566418703507,1137207.8604675876,1066.3994844651734,0,9410,561.5253588516747,1291507.305263158,1136.445029582671,0
72,540.890967056323,540.890967056323,1148574.388522848,1071.7156285707733,0,9410,564.155023923445,1304410.1205741626,1142.10775348658,0
73,542.2651434643996,542.2651434643996,1151753.3663124335,1073.1977293641808,0,9410,566.6535885167464,1308532.6,1143.9110979442414,0
74,537.5290116896919,537.5290116896919,1134906.9381509032,1065.3201106479232,0,9410,560.8181818181819,1290256.2440191389,1135.8944686981881,0
75,542.2360255047821,542.2360255047821,1151483.8441020192,1073.0721523280804,0,9410,567.6593301435406,1312880.380861244,1145.8099235306195,0
76,535.7308182784273,535.7308182784273,1132531.165887354,1064.204475600133,0,9410,559.0507177033493,1288200.9875598087,1134.9894217832202,0
77,538.0484590860787,538.0484590860787,1139003.507120085,1067.241072635459,0,9410,559.0325358851675,1287880.5425837322,1134.848246499827,0
78,540.4198724760893,540.4198724760893,1146181.695749203,1070.5987557199958,0,9410,564.1138755980861,1302135.0822966506,1141.1113365034328,0
79,541.2468650371944,541.2468650371944,1149146.9133900106,1071.9827020013013,0,9410,564.0373205741627,1302933.8172248804,1141.461264005433,0
80,540.3021253985122,540.3021253985122,1144235.9807651434,1069.6896656344509,0,9410,564.2047846889952,1300523.8200956937,1140.4051122718163,0
81,536.3773645058449,536.3773645058449,1134861.9286928799,1065.2989855870885,0,9410,559.8755980861245,1289681.9559808613,1135.6416494567559,0
82,540.3952178533475,540.3952178533475,1146631.3522848033,1070.808737489942,0,9410,564.3655502392345,1304223.4373205742,1142.0260230487631,0
83,538.8825717321998,538.8825717321998,1142920.4217853348,1069.07456324867,0,9410,563.11004784689,1299483.7913875598,1139.9490301708931,0
84,540.5428267800213,540.5428267800213,1147475.9166843784,1071.2030230933715,0,9410,564.6277511961722,1304228.771291866,1142.0283583571234,0
85,542.8353878852284,542.8353878852284,1152309.1735387885,1073.4566472563242,0,9410,567.0,1309211.761722488,1144.2079189214205,0
86,537.7123273113709,537.7123273113709,1134827.997130712,1065.2830596281497,0,9410,561.1043062200957,1291420.9875598087,1136.4070518787748,0
87,536.2287991498406,536.2287991498406,1137117.7095642933,1066.3572148038822,0,9410,559.5311004784689,1292260.4574162678,1136.7763445006533,0
88,537.2299681190223,537.2299681190223,1136497.2127523911,1066.066232816888,0,9410,560.9894736842106,1291491.4315789475,1136.4380456403892,0
89,536.3206163655685,536.3206163655685,1130780.6266737513,1063.3816937834463,0,9410,560.111004784689,1286491.3569377991,1134.2360234703353,0
90,538.6424017003188,538.6424017003188,1146720.5123273113,1070.8503687851592,0,9410,562.5655502392344,1303264.4009569378,1141.6060620708606,0
91,540.5754516471839,540.5754516471839,1147756.4594048883,1071.3339625928454,0,9410,563.6688995215311,1303468.1301435407,1141.6952877819635,0
92,540.0973432518597,540.0973432518597,1145015.798512221,1070.0541100861308,0,9410,563.2296650717703,1300902.4105263157,1140.571089641639,0
93,539.0320935175346,539.0320935175346,1142160.475876727,1068.7190818342895,0,9410,563.0899521531101,1298908.7971291866,1139.6968005259937,0
94,535.6490967056324,535.6490967056324,1131519.0550478215,1063.7288447004817,0,9410,558.7377990430622,1285760.980861244,1133.9140094651111,0
95,536.627311370882,536.627311370882,1138089.191392136,1066.8126318112922,0,9410,559.5531100478469,1291488.919617225,1136.436940449062,0
96,539.1972369819341,539.1972369819341,1141032.3394261424,1068.1911530368254,0,9410,563.601913875598,1297479.3339712918,1139.0695035735491,0
97,535.7831030818278,535.7831030818278,1131888.295749203,1063.902390141691,0,9410,558.444019138756,1285812.6660287082,1133.9367998388218,0
98,540.4609989373007,540.4609989373007,1142515.0278427205,1068.8849460268025,0,9410,564.2200956937799,1299578.918660287,1139.9907537608747,0
99,537.7114771519659,537.7114771519659,1135551.6211477153,1065.6226448174398,0,9410,561.3387559808613,1290551.6105263159,1136.024476200366,0
100,538.7131774707758,538.7131774707758,1138054.4738575984,1066.79636006953,0,9410,563.2296650717703,1294507.7827751196,1137.764379287346,0
101,537.0391073326249,537.0391073326249,1137418.3851222105,1066.4981880538805,0,9410,560.644019138756,1292394.3454545455,1136.8352323246081,0
102,538.7772582359192,538.7772582359192,1140152.9893730073,1067.7794666376608,0,9410,562.0727272727273,1296489.923444976,1138.635114268384,0
103,537.5567481402763,537.5567481402763,1137282.689798087,1066.4345689249233,0,9410,561.8325358851674,1294612.0220095695,1137.8101871619754,0
104,540.2155154091392,540.2155154091392,1144435.1081827842,1069.782738775862,0,9410,564.4287081339713,1301810.9971291865,1140.9693234829701,0
105,537.9099893730074,537.9099893730074,1136778.854303932,1066.1983184679725,0,9410,561.6267942583733,1293154.7253588517,1137.1696115174955,0
106,539.3585547290116,539.3585547290116,1140644.4760892668,1068.009586141092,0,9410,562.8181818181819,1296331.2679425837,1138.5654429775145,0
107,537.705738575983,537.705738575983,1138521.9950053135,1067.015461464975,0,9410,561.6870813397129,1295653.2277511961,1138.2676432857063,0
108,535.4545164718385,535.4545164718385,1133616.9161530286,1064.7144763517722,0,9410,558.6047846889952,1288276.9358851674,1135.0228790139727,0
109,540.3925611052073,540.3925611052073,1145391.8401700319,1070.2298071769594,0,9410,564.911004784689,1303506.757894737,1141.712204495834,0
110,539.8198724760892,539.8198724760892,1142444.2851222104,1068.8518536832923,0,9410,562.9377990430622,1296714.2641148325,1138.7336229842485,0
111,537.6566418703507,537.6566418703507,1135538.5839532411,1065.6165276276645,0,9410,561.4153110047847,1291044.0296650718,1136.2411846369025,0
112,536.8192348565356,536.8192348565356,1134857.9238044634,1065.2971058838295,0,9410,559.5655502392344,1290242.2392344498,1135.8883040310125,0
113,536.9505844845909,536.9505844845909,1135084.491498406,1065.4034407201837,0,9410,560.4057416267942,1290644.5358851675,1136.065374828917,0
114,535.3315621679064,535.3315621679064,1130342.0561105206,1063.1754587604628,0,9410,557.9004784688996,1283176.9301435407,1132.7739978228406,0
115,536.1743889479277,536.1743889479277,1134006.049840595,1064.897201536653,0,9410,559.6277511961722,1287916.0909090908,1134.8639085410598,0
116,535.0223166843783,535.0223166843783,1130479.530074389,1063.2401093235662,0,9410,559.0153110047847,1287946.1177033493,1134.877137712867,0
117,536.1795961742827,536.1795961742827,1137677.1974495219,1066.6195185957934,0,9410,559.3052631578947,1289451.1483253588,1135.540024977261,0
118,536.2740701381509,536.2740701381509,1137455.0921360254,1066.5153970459241,0,9410,559.2947368421053,1291498.7837320573,1136.441280371343,0
119,537.9705632306058,537.9705632306058,1139298.665568544,1067.3793447357618,0,9410,561.7952153110048,1296240.066985646,1138.5253914540713,0
120,536.7729011689692,536.7729011689692,1135561.9136025505,1065.6274741214918,0,9410,559.4363636363636,1290863.8019138756,1136.1618731122232,0
121,536.2197662061636,536.2197662061636,1137671.6244420828,1066.6169061298826,0,9410,559.2870813397129,1291028.6995215311,1136.2344386267876,0
122,538.3981934112646,538.3981934112646,1141354.0594048884,1068.3417334378023,0,9410,561.4468899521531,1296130.8401913876,1138.477421906727,0
123,537.6365568544102,537.6365568544102,1138144.7606801274,1066.8386760331327,0,9410,561.2334928229665,1293456.366507177,1137.302231821945,0
124,537.4676939426142,537.4676939426142,1140502.721466525,1067.9432201510176,0,9410,560.7693779904306,1295667.4928229665,1138.2739094009696,0
125,537.4405951115834,537.4405951115834,1139189.8930924549,1067.3283904649286,0,9410,561.2535885167464,1293829.4507177034,1137.466241572779,0
126,537.5170031880978,537.5170031880978,1135073.9250797024,1065.3984818272,0,9410,560.0966507177034,1289199.4153110047,1135.4291767041238,0
127,536.0725823591923,536.0725823591923,1135150.0304994686,1065.4341981086718,0,9410,559.5837320574162,1290634.1923444977,1136.0608224670445,0
128,537.8087141339001,537.8087141339001,1138047.0877789585,1066.792898260463,0,9410,561.2401913875598,1292085.0870813397,1136.6992069502555,0
129,538.4034006376196,538.4034006376196,1141076.0063761955,1068.2115925116125,0,9410,561.799043062201,1295391.6861244019,1138.1527516657866,0
130,535.9345377258236,535.9345377258236,1133838.3619553666,1064.8184643193254,0,9410,558.9827751196173,1288190.3971291867,1134.9847563422104,0
131,536.5127523910734,536.5127523910734,1135035.025823592,1065.3802259398246,0,9410,559.9521531100479,1290736.6583732057,1136.105918641922,0
132,537.7144527098831,537.7144527098831,1137822.8394261424,1066.6877891052013,0,9410,560.8976076555024,1292767.3263157895,1136.9992639908742,0
133,536.0188097768331,536.0188097768331,1136106.4402763017,1065.8829392931955,0,9410,558.7799043062201,1289439.828708134,1135.535040722273,0
134,535.2107332624868,535.2107332624868,1133681.491498406,1064.7448011135843,0,9410,560.0468899521532,1290986.324401914,1136.2157913010687,0
135,537.3054197662061,537.3054197662061,1137532.6425079703,1066.5517533190643,0,9410,560.911004784689,1292481.9693779903,1136.8737702040585,0
136,534.7916046758768,534.7916046758768,1131434.952922423,1063.6893122159415,0,9410,558.2736842105263,1286515.3071770335,1134.246581293959,0
137,535.4178533475026,535.4178533475026,1132204.5519659936,1064.0510100394592,0,9410,557.7607655502393,1285499.8028708133,1133.7988370389226,0
138,537.9268862911796,537.9268862911796,1140097.611689692,1067.753535086488,0,9410,560.0315789473684,1291512.1215311005,1136.4471485868141,0
139,536.757917109458,536.757917109458,1136355.5594048884,1065.9997933418601,0,9410,559.7617224880382,1291362.6937799044,1136.381403306084,0
140,536.973219978746,536.973219978746,1137524.5475026567,1066.5479583697381,0,9410,560.5397129186603,1292272.976076555,1136.7818506980814,0
141,535.8775770456961,535.8775770456961,1132707.547077577,1064.2873423458427,0,9410,558.7253588516746,1285724.8133971293,1133.8980612899597,0
142,537.2548352816153,537.2548352816153,1138973.8252922422,1067.2271666764495,0,9410,560.8105263157895,1294793.614354067,1137.8899834140675,0
143,536.3302869287992,536.3302869287992,1133819.8446333688,1064.809769223296,0,9410,559.8842105263158,1289068.9215311005,1135.371710732261,0
144,534.6333687566419,534.6333687566419,1131304.3032943676,1063.6278970083324,0,9410,557.3818181818182,1285481.1311004786,1133.790602845375,0
145,537.5415515409139,537.5415515409139,1142547.9436769395,1068.900343192451,0,9410,560.4947368421052,1297209.5071770335,1138.9510556547343,0
146,533.2675876726886,533.2675876726886,1128038.3321997875,1062.0914895618869,0,9410,556.1942583732058,1282684.5540669856,1132.5566449705664,0
147,537.4763018065887,537.4763018065887,1139680.5621679064,1067.558224251917,0,9410,560.9224880382775,1296477.619138756,1138.6297111610763,0
148,539.2209351753454,539.2209351753454,1145441.6538788523,1070.2530793596682,0,9410,562.8172248803828,1301481.9157894736,1140.8251030677197,0
149,536.710945802338,536.710945802338,1137083.6952178534,1066.341265832779,0,9410,560.0755980861244,1293313.061244019,1137.2392277986278,0
150,536.5003188097768,536.5003188097768,1136138.2633368757,1065.8978672165902,0,9410,559.5827751196173,1292487.5827751197,1136.8762389878327,0
151,535.0766206163655,535.0766206163655,1132101.8532412327,1064.0027505797307,0,9410,557.8172248803828,1285802.4679425838,1133.9323030686548,0
152,535.4895855472901,535.4895855472901,1130849.4989373006,1063.414076894462,0,9410,558.4956937799043,1285846.246889952,1133.9516069435908,0
153,534.9882040382572,534.9882040382572,1128563.44303932,1062.3386668286719,0,9410,557.622966507177,1283098.514832536,1132.7393852217447,0
154,535.0536663124336,535.0536663124336,1132923.9811902232,1064.3890177891838,0,9410,558.3454545454546,1285793.576076555,1133.9283822519635,0
155,539.9055260361317,539.9055260361317,1143743.667056323,1069.4595209994266,0,9410,563.1138755980861,1298947.9368421054,1139.7139715043004,0
156,536.5615302869288,536.5615302869288,1133905.5396386823,1064.850008047463,0,9410,559.777033492823,1289927.5837320574,1135.749789228269,0
157,535.3544102019129,535.3544102019129,1131059.6562167907,1063.5128848381626,0,9410,558.888995215311,1286835.7196172248,1134.3878171142462,0
158,537.9184909670563,537.9184909670563,1140559.8759829968,1067.9699789708495,0,9410,561.3186602870813,1295440.809569378,1138.1743318004399,0
159,538.6903294367694,538.6903294367694,1143856.473113709,1069.512259449937,0,9410,561.3253588516747,1298023.7444976077,1139.308450112439,0
160,535.3686503719448,535.3686503719448,1134927.6810839532,1065.3298461434154,0,9410,558.6325358851675,1290397.2392344498,1135.9565305215028,0
161,535.8722635494155,535.8722635494155,1133982.7018065888,1064.8862389037567,0,9410,559.1224880382775,1288237.390430622,1135.0054583263563,0
162,538.1173219978746,538.1173219978746,1142629.5413390012,1068.9385114865127,0,9410,561.2066985645934,1297827.0880382776,1139.2221416555585,0
163,535.4451647183847,535.4451647183847,1132217.0880977684,1064.056900780108,0,9410,558.3205741626795,1287148.1253588516,1134.5255067026267,0
164,533.6715196599363,533.6715196599363,1127441.9231668438,1061.8106814149328,0,9410,556.1885167464114,1282014.942583732,1132.2609869565108,0
165,533.7910733262487,533.7910733262487,1128647.8380446334,1062.3783874141234,0,9410,556.2133971291865,1283063.5320574162,1132.7239434466883,0
166,533.7698193411264,533.7698193411264,1127678.2478214665,1061.9219593837706,0,9410,556.0459330143541,1281180.694736842,1131.892527909272,0
167,535.7272051009564,535.7272051009564,1133354.4912858661,1064.591232016245,0,9410,558.888995215311,1288682.5311004785,1135.2015376577317,0
168,534.5639744952178,534.5639744952178,1132975.5833156216,1064.4132577695666,0,9410,558.7789473684211,1288770.0172248804,1135.2400703044623,0
169,532.6662061636557,532.6662061636557,1123709.8145589798,1060.0517980546892,0,9410,555.266985645933,1277741.8909090909,1130.3724567190634,0
170,534.6024442082891,534.6024442082891,1129943.5877789585,1062.9880468655133,0,9410,557.2047846889952,1283565.796172249,1132.9456280741142,0
171,533.9934112646121,533.9934112646121,1130939.2025504783,1063.4562532377522,0,9410,557.1014354066986,1285308.4832535884,1133.7144628404405,0
172,533.9529224229543,533.9529224229543,1129759.177151966,1062.901301698312,0,9410,556.3043062200957,1283471.862200957,1132.9041716760323,0
173,534.7975557917109,534.7975557917109,1131178.770138151,1063.5688835887177,0,9410,558.0832535885168,1285009.1722488038,1133.582450573757,0
174,535.5529224229543,535.5529224229543,1132205.5004250796,1064.051455722457,0,9410,558.6363636363636,1287503.0325358852,1134.6819080852065,0
175,532.4357066950054,532.4357066950054,1127848.659936238,1062.0021939413487,0,9410,555.2555023923445,1281693.6057416268,1132.119077545126,0
176,535.2991498405951,535.2991498405951,1129209.3463336877,1062.6426239962746,0,9410,558.4746411483253,1284093.5559808612,1133.1785190255157,0
177,533.9938363443146,533.9938363443146,1128391.2981934112,1062.2576420969685,0,9410,557.243062200957,1282787.3368421053,1132.6020205006282,0
178,534.8396386822529,534.8396386822529,1131350.6168969183,1063.6496683104444,0,9410,557.9502392344498,1286609.5004784688,1134.2881029431935,0
179,535.8091392136025,535.8091392136025,1135544.7096705632,1065.619401883507,0,9410,558.6526315789474,1289415.8449760766,1135.5244801306912,0
180,532.899468650372,532.899468650372,1126161.6010626992,1061.20761449525,0,9410,555.4162679425838,1279784.7406698565,1131.2757138159807,0
181,533.3021253985122,533.3021253985122,1128174.22858661,1062.155463473502,0,9410,555.5598086124402,1280087.923444976,1131.4097062713295,0
182,536.5324123273114,536.5324123273114,1136389.6123273114,1066.0157655153657,0,9410,559.2784688995215,1290024.466985646,1135.7924400988263,0
183,538.2488841657811,538.2488841657811,1139210.8692879914,1067.3382169153278,0,9410,562.2784688995215,1297258.8794258374,1138.972729886821,0
184,534.2359192348565,534.2359192348565,1127163.8924548354,1061.6797504213948,0,9410,556.9167464114832,1282206.5511961721,1132.3455970666253,0
185,533.771307120085,533.771307120085,1127969.9190223166,1062.0592822542048,0,9410,557.1177033492824,1284098.35215311,1133.180635270966,0
186,533.2646121147715,533.2646121147715,1126193.9951115835,1061.2228772089225,0,9410,556.1196172248804,1281266.9062200957,1131.9306101612835,0
187,535.7103081827843,535.7103081827843,1134819.1747077578,1065.278918738073,0,9410,558.6574162679426,1289558.6803827751,1135.5873724125217,0
188,536.8002125398513,536.8002125398513,1134040.9806588735,1064.9136024386548,0,9410,559.6717703349283,1288600.718660287,1135.1655027617282,0
189,534.6392136025505,534.6392136025505,1132631.8047821466,1064.2517581766763,0,9410,557.3693779904306,1287821.1339712918,1134.8220715034106,0
190,536.3948990435707,536.3948990435707,1138820.3755579172,1067.1552724687806,0,9410,559.9291866028708,1294480.2028708134,1137.7522590049266,0
191,534.6883103081827,534.6883103081827,1128095.2761955366,1062.1182967050029,0,9410,557.5751196172249,1283298.3023923445,1132.8275695763873,0
192,534.601912858661,534.601912858661,1127622.5621679064,1061.895739782351,0,9410,556.8258373205741,1280262.0602870814,1131.4866593500258,0
193,534.1523910733263,534.1523910733263,1131027.8208289053,1063.4979176420165,0,9410,557.112918660287,1282467.7043062202,1132.4609063037099,0
194,535.6749202975558,535.6749202975558,1132267.2334750267,1064.0804638160719,0,9410,558.6698564593302,1287973.5234449762,1134.8892119695984,0
195,535.1594048884166,535.1594048884166,1132113.448459086,1064.008199432263,0,9410,557.7645933014354,1286433.0277511962,1134.2103101943644,0
196,535.1523910733263,535.1523910733263,1132379.8444208289,1064.1333771763898,0,9410,558.398086124402,1287787.2727272727,1134.8071522189455,0
197,536.8871413390011,536.8871413390011,1138731.0788522847,1067.1134329827755,0,9410,560.3741626794258,1294711.3253588516,1137.8538242493416,0
198,535.0451647183847,535.0451647183847,1132249.0292242295,1064.0719097994408,0,9410,557.5913875598086,1286370.0947368422,1134.1825667575931,0
199,536.1820403825717,536.1820403825717,1133240.308714134,1064.5376032410193,0,9410,558.7617224880382,1288066.2296650717,1134.9300549659754,0
200,536.027311370882,536.027311370882,1133751.1167906483,1064.7774963768948,0,9410,557.7244019138756,1285700.3349282297,1133.8872672925777,0
201,534.9439957492029,534.9439957492029,1130920.9150903295,1063.4476550777333,0,9410,556.7349282296651,1282982.1799043063,1132.6880329129933,0
202,534.3311370882041,534.3311370882041,1129052.1951115835,1062.5686778329123,0,9410,556.665071770335,1282273.3885167465,1132.3751094565557,0
203,535.1828905419766,535.1828905419766,1133879.4332624867,1064.8377497358397,0,9410,558.0545454545454,1289478.014354067,1135.5518545421282,0
204,534.1676939426143,534.1676939426143,1127179.445483528,1061.6870751231402,0,9410,557.243062200957,1283211.6966507176,1132.789343457431,0
205,535.5768331562168,535.5768331562168,1132910.391285866,1064.3826338708584,0,9410,558.3875598086124,1288160.8851674641,1134.9717552289414,0
206,534.1467587672688,534.1467587672688,1130658.1110520724,1063.3240856164562,0,9410,556.8440191387559,1285067.9291866028,1133.6083667592627,0
207,535.0361317747078,535.0361317747078,1132276.3339001064,1064.0847399996424,0,9410,556.3033492822966,1281957.2334928229,1132.2355026640098,0
208,533.0462274176408,533.0462274176408,1126048.4613177471,1061.1543060826484,0,9410,555.2727272727273,1280205.0449760766,1131.4614642028585,0
209,534.6323060573858,534.6323060573858,1128341.5096705633,1062.2342065997325,0,9410,557.7062200956938,1283935.8153110049,1133.1089159083538,0
210,533.5780021253985,533.5780021253985,1126932.5620616365,1061.5707993636772,0,9410,557.7942583732057,1284784.8909090909,1133.4835203517919,0
211,535.6279489904357,535.6279489904357,1131331.8770456961,1063.6408590523854,0,9410,558.4421052631579,1287024.5875598085,1134.4710606973667,0
212,535.7112646121147,535.7112646121147,1130964.1775770457,1063.467995558421,0,9410,558.709090909091,1286313.367464115,1134.157558482998,0
213,535.3324123273113,535.3324123273113,1133514.751540914,1064.6664978015012,0,9410,559.4995215311005,1289796.004784689,1135.6918617233678,0
214,536.4044633368757,536.4044633368757,1135039.3761955367,1065.3822676370846,0,9410,559.3406698564594,1289846.2114832536,1135.713965522681,0
215,538.6448459086079,538.6448459086079,1142415.977045696,1068.8386113187041,0,9410,561.5167464114833,1297778.4411483253,1139.2007905318208,0
216,536.4702444208289,536.4702444208289,1137197.8530286928,1066.3947922925602,0,9410,559.7665071770335,1293572.3732057416,1137.3532315009886,0
217,533.5696068012752,533.5696068012752,1127944.4558979808,1062.0472945674221,0,9410,557.1177033492824,1284295.0086124402,1133.2674038427294,0
218,537.1211477151966,537.1211477151966,1134857.3689691818,1065.2968454703982,0,9410,560.4985645933015,1291080.4220095694,1136.257198881296,0
219,535.0126461211477,535.0126461211477,1131618.6296493092,1063.775648174609,0,9410,558.755980861244,1287854.623923445,1134.836827003532,0
220,536.933049946865,536.933049946865,1137638.3666312434,1066.6013156898146,0,9410,559.5569377990431,1292693.342583732,1136.9667288816026,0
221,536.0562167906483,536.0562167906483,1133929.9544102019,1064.8614719343554,0,9410,558.5464114832536,1288712.4124401915,1135.214698830222,0
222,535.4460148777896,535.4460148777896,1131477.4060573857,1063.7092676372552,0,9410,558.6593301435406,1286989.1913875598,1134.4554602925405,0
223,535.040701381509,535.040701381509,1131329.14293305,1063.6395737904122,0,9410,557.6382775119617,1286168.966507177,1134.093896688972,0
224,536.7026567481403,536.7026567481403,1138882.8811902232,1067.18455816706,0,9410,560.6488038277512,1295738.271770335,1138.304999448889,0
225,538.2528161530287,538.2528161530287,1140477.2997874601,1067.931317916775,0,9410,561.2449760765551,1296431.367464115,1138.6094007446604,0
226,537.8723698193411,537.8723698193411,1139624.6676939426,1067.5320452773035,0,9410,561.2918660287081,1296123.471770335,1138.4741858164089,0
227,537.413390010627,537.413390010627,1137906.8478214666,1066.7271665339113,0,9410,560.9674641148325,1293626.2210526315,1137.3769036922772,0
228,535.1200850159405,535.1200850159405,1130970.667375133,1063.471046796824,0,9410,558.4392344497608,1285898.804784689,1133.9747813706833,0
229,537.5985122210415,537.5985122210415,1138789.851434644,1067.1409707412813,0,9410,560.2622009569378,1292311.1521531101,1136.7986418680796,0
230,533.6131774707758,533.6131774707758,1130755.7993623805,1063.370019965948,0,9410,556.6459330143541,1285497.1741626794,1133.7976777903011,0
231,534.7586609989373,534.7586609989373,1131066.5546227416,1063.5161280501306,0,9410,557.7751196172248,1285623.5244019139,1133.8533963444806,0
232,534.1258235919234,534.1258235919234,1129194.115834219,1062.6354576402102,0,9410,556.6842105263158,1284185.3559808612,1133.219023834696,0
233,537.5530286928799,537.5530286928799,1138526.812964931,1067.0177191429068,0,9410,560.888995215311,1293499.5550239235,1137.3212189280227,0
234,537.249734325186,537.249734325186,1137916.0401700318,1066.7314751942176,0,9410,560.0880382775119,1292680.2545454546,1136.960973184856,0
235,536.5334750265674,536.5334750265674,1136189.508607864,1065.9219054920786,0,9410,559.5205741626794,1291181.2488038277,1136.301565960299,0
236,531.6897980871413,531.6897980871413,1121950.9860786397,1059.2218776435086,0,9410,553.8622009569378,1274780.0899521532,1129.061597058439,0
237,532.7123273113709,532.7123273113709,1122216.9926673751,1059.3474371835594,0,9410,554.9617224880383,1275930.7971291866,1129.57106776386,0
238,536.3541976620617,536.3541976620617,1135556.9463336875,1065.6251434410167,0,9410,559.48995215311,1291278.423923445,1136.3443245440376,0
239,536.4255047821466,536.4255047821466,1134409.5060573858,1065.0866190396844,0,9410,559.5090909090909,1288845.1531100478,1135.2731623314487,0
240,537.4862911795962,537.4862911795962,1136812.3032943676,1066.21400445425,0,9410,560.5387559808612,1292023.6028708133,1136.6721615623449,0
241,533.4451647183847,533.4451647183847,1128896.6719447395,1062.495492670317,0,9410,556.4229665071771,1282442.3272727274,1132.4497018732122,0
242,537.8427205100957,537.8427205100957,1138102.7874601488,1066.8190040771437,0,9410,561.3607655502392,1294585.6918660288,1137.7986165688676,0
243,537.769925611052,537.769925611052,1140057.0606801275,1067.7345459804733,0,9410,560.8842105263158,1295496.3732057416,1138.1987406449462,0
244,533.6047821466525,533.6047821466525,1123616.7019128588,1060.0078782315059,0,9410,555.9904306220096,1277616.5818181818,1130.3170271291951,0
245,533.5524973432518,533.5524973432518,1126284.9773645059,1061.2657430467195,0,9410,556.1043062200957,1279991.576076555,1131.3671270089808,0
246,534.5663124335813,534.5663124335813,1131392.775876727,1063.669486201765,0,9410,557.0105263157894,1284890.899521531,1133.5302816958756,0
247,533.7641870350691,533.7641870350691,1126572.448777896,1061.401172402733,0,9410,556.4516746411483,1281115.8736842105,1131.8638936215832,0
248,534.3801275239107,534.3801275239107,1129197.9996811901,1062.6372850983491,0,9410,556.8765550239234,1282403.0660287081,1132.4323670880783,0
249,533.5350690754517,533.5350690754517,1126199.2997874601,1061.225376528219,0,9410,556.3827751196172,1281079.8066985647,1131.8479609464182,0
250,532.9837407013815,532.9837407013815,1127656.3977683315,1061.9116713589372,0,9410,555.8258373205741,1281686.1913875598,1132.1158029934745,0
251,532.843995749203,532.843995749203,1126241.975770457,1061.245483274467,0,9410,555.3311004784689,1279893.9052631578,1131.323961234428,0
252,536.1432518597237,536.1432518597237,1133650.9151965994,1064.7304425048621,0,9410,559.4267942583732,1288838.8832535886,1135.2704009413742,0
253,535.9250797024442,535.9250797024442,1134043.6736450584,1064.914866853242,0,9410,555.6095693779904,1280004.9033492822,1131.3730168911056,0
254,532.7202975557917,532.7202975557917,1125699.362592986,1060.9898032464714,0,9410,555.6009569377991,1279039.1933014353,1130.9461496028161,0
255,531.6998937300743,531.6998937300743,1122814.4297555792,1059.629383206968,0,9410,554.0143540669857,1276188.3397129187,1129.6850621801275,0
256,536.1046758767269,536.1046758767269,1136639.1682252923,1066.1328098437325,0,9410,559.0870813397129,1290774.5014354067,1136.122573244369,0
257,535.1403825717322,535.1403825717322,1130339.3790648247,1063.1741997738775,0,9410,557.1397129186603,1282333.8363636364,1132.401799876544,0
258,534.9812964930925,534.9812964930925,1131447.341339001,1063.695135524743,0,9410,557.665071770335,1285429.3722488037,1133.76777703761,0
259,535.9858660998938,535.9858660998938,1134690.3161530287,1065.2184358867569,0,9410,557.1598086124402,1282296.9397129186,1132.385508434702,0
260,535.650265674814,535.650265674814,1134303.590116897,1065.0368961293768,0,9410,558.5368421052632,1288889.4976076556,1135.2926924840376,0
261,535.5378320935175,535.5378320935175,1132938.505738576,1064.3958407183748,0,9410,559.0124401913876,1287760.8229665072,1134.79549830201,0
262,533.5354941551541,533.5354941551541,1126906.4912858661,1061.5585199535003,0,9410,556.2507177033493,1280098.7215311006,1131.414478222327,0
263,533.4426142401701,533.4426142401701,1127862.0173219978,1062.0084826977597,0,9410,556.5626794258374,1282518.6660287082,1132.4834065136267,0
264,533.8600425079702,533.8600425079702,1129946.8623804464,1062.9895871458225,0,9410,556.6660287081339,1284265.3454545455,1133.2543163185153,0
265,533.1854410201913,533.1854410201913,1127102.2944739638,1061.6507403444712,0,9410,556.2488038277512,1281518.918660287,1132.0419244269565,0
266,534.7969181721572,534.7969181721572,1133840.9418703506,1064.8196757528247,0,9410,557.5904306220095,1288698.4306220096,1135.2085405871512,0
267,534.1383634431456,534.1383634431456,1131255.4140276301,1063.6049144431545,0,9410,556.8736842105263,1284076.5215311004,1133.1710027754418,0
268,533.0006376195537,533.0006376195537,1127773.7927736451,1061.9669452358887,0,9410,555.4784688995215,1281534.3607655503,1132.048744871682,0
269,534.8738575982997,534.8738575982997,1131425.2219978746,1063.6847380675697,0,9410,557.355980861244,1284546.3033492824,1133.3782701945906,0
270,532.8198724760892,532.8198724760892,1125815.91424017,1061.0447277283697,0,9410,555.5253588516747,1278952.4459330144,1130.9077972730643,0
271,532.6308182784272,532.6308182784272,1124155.0724760892,1060.2617943112396,0,9410,555.2736842105263,1277657.1339712918,1130.334965384727,0
272,531.4935175345378,531.4935175345378,1122829.969819341,1059.6367159641748,0,9410,554.4334928229665,1277281.0842105264,1130.168608752927,0
273,535.3184909670563,535.3184909670563,1135300.2207226355,1065.5046788835023,0,9410,558.6909090909091,1288900.8669856458,1135.2976997182923,0
274,533.9134962805526,533.9134962805526,1131125.890116897,1063.5440235913588,0,9410,556.5741626794259,1284949.171291866,1133.5559850716973,0
275,531.5615302869288,531.5615302869288,1123944.70010627,1060.1625819214098,0,9410,553.976076555024,1277051.451674641,1130.0670120283314,0
276,536.8718384697131,536.8718384697131,1140743.6695005314,1068.0560235776638,0,9410,560.866028708134,1297783.042105263,1139.2028099093081,0
277,533.8554729011689,533.8554729011689,1130657.425717322,1063.323763355885,0,9410,555.1894736842105,1280081.757894737,1131.4069815476378,0
278,534.0857598299681,534.0857598299681,1130007.4736450585,1063.0180965745872,0,9410,557.2028708133971,1282141.038277512,1132.3166687272214,0
279,533.8412327311371,533.8412327311371,1127518.0918172158,1061.8465481495975,0,9410,557.0516746411483,1281634.1578947369,1132.0928221196073,0
280,532.9155154091392,532.9155154091392,1125185.0874601488,1060.7474192568884,0,9410,555.3358851674641,1278997.804784689,1130.9278512728781,0
281,532.4698193411265,532.4698193411265,1125559.7085015941,1060.9239880884936,0,9410,555.0296650717703,1279977.0602870814,1131.3607118364512,0
282,533.6534537725823,533.6534537725823,1127994.1150903294,1062.0706733030197,0,9410,556.0105263157894,1281543.3138755981,1132.0526992484042,0
283,533.7078639744952,533.7078639744952,1127266.8481402763,1061.7282364806335,0,9410,556.1387559808612,1280922.2306220096,1131.7783487158647,0
284,534.2346439957493,534.2346439957493,1130463.305844846,1063.232479679231,0,9410,557.3502392344498,1285692.0028708135,1133.8835931747199,0
285,534.0179596174282,534.0179596174282,1130296.9888416578,1063.1542638966641,0,9410,556.9444976076555,1283644.1521531101,1132.9802081912596,0
286,533.1195536663124,533.1195536663124,1125585.870031881,1060.936317613777,0,9410,555.8688995215311,1280119.5645933014,1131.4236892487718,0
287,533.1599362380447,533.1599362380447,1127920.7622741763,1062.036139815485,0,9410,556.334928229665,1282180.380861244,1132.3340412004065,0
288,535.5117959617428,535.5117959617428,1131534.6176408078,1063.7361597881345,0,9410,558.201913875598,1285612.3990430622,1133.8484903385736,0
292,519.6519488298464,519.6519488298464,1062924.5022461815,1030.9822996764694,0,23373,506.4637904468413,1058382.3620955315,1028.7771197375705,0
293,519.705686048004,519.705686048004,1062825.3207119326,1030.934198051424,0,23373,506.58166409861326,1058414.7950693374,1028.7928824935257,0
294,519.2119967483849,519.2119967483849,1062840.974714414,1030.9417901678125,0,23373,506.0543143297381,1059027.656779661,1029.0906941468575,0
295,521.2177726436487,521.2177726436487,1068513.010439396,1033.6890298534643,0,23373,507.7230354391371,1064496.842449923,1031.7445625977018,0
296,519.8557737560433,519.8557737560433,1064549.798699354,1031.7702257282647,0,23373,507.14791987673345,1061747.9114021573,1030.4115252665592,0
297,521.2762161468361,521.2762161468361,1066617.1065331793,1032.7715655134873,0,23373,508.12788906009246,1060241.0870570107,1029.6800896671796,0
298,521.7588670688401,521.7588670688401,1068616.3071920592,1033.738993746516,0,23373,509.7480739599384,1068253.813559322,1033.563647560866,0
299,520.9749283361143,520.9749283361143,1067280.0945107604,1033.092490782292,0,23373,508.65716486902926,1065397.001540832,1032.1807019804392,0
300,519.1392204680615,519.1392204680615,1062161.030719206,1030.611969035488,0,23373,505.62788906009246,1056108.6016949152,1027.6714463752096,0
301,519.9288923116417,519.9288923116417,1063946.8464467549,1031.477991256602,0,23373,506.3567026194145,1058054.4514637904,1028.6177382603269,0
302,521.2403628117913,521.2403628117913,1066824.1042656056,1032.8717753262529,0,23373,508.25077041602464,1062737.3632511557,1030.8915380636101,0
303,520.0415008770804,520.0415008770804,1064150.3612715527,1031.576638583655,0,23373,506.73613251155626,1059565.4279661018,1029.3519456270055,0
304,517.4627989560604,517.4627989560604,1058539.5139691096,1028.8534949005664,0,23373,505.424499229584,1056299.3775038521,1027.7642616397266,0
305,521.9101099559321,521.9101099559321,1068143.0781243315,1033.510076450313,0,23373,509.4191063174114,1064271.8097072418,1031.6355023491785,0
306,520.287810721773,520.287810721773,1064659.192529842,1031.8232370565427,0,23373,507.6494607087827,1060564.5670261942,1029.8371555863548,0
307,521.8586830958799,521.8586830958799,1068763.716981132,1033.8102906148363,0,23373,508.48767334360554,1065143.560862866,1032.0579251490035,0
308,519.6404826081376,519.6404826081376,1062256.1882086168,1030.6581335285803,0,23373,506.42526964560864,1058331.3590138676,1028.752331231316,0
309,520.6815556411244,520.6815556411244,1065332.6947332392,1032.1495505658272,0,23373,507.22919876733437,1060126.2091679508,1029.6243048646195,0
310,519.9283788987293,519.9283788987293,1063207.5089205494,1031.1195415278237,0,23373,506.9325885978428,1059718.466486903,1029.426280258525,0
311,520.203012022419,520.203012022419,1065364.7093227229,1032.1650591464152,0,23373,507.1937596302003,1061333.122881356,1030.210232370731,0
312,521.7346510931417,521.7346510931417,1069843.8667693492,1034.3325706799285,0,23373,509.1186440677966,1066264.1055469953,1032.6006515333,0
313,521.4858597527061,521.4858597527061,1067375.1615539298,1033.1385006638411,0,23373,508.42103235747305,1064154.441063174,1031.5786160362059,0
314,521.4070508706627,521.4070508706627,1069244.9592692424,1034.0430161599866,0,23373,507.9248844375963,1064267.7253466872,1031.6335227912514,0
315,522.1827322123818,522.1827322123818,1070802.740812048,1034.7959899478003,0,23373,508.66833590138674,1065440.911787365,1032.201972381067,0
316,519.3810379497711,519.3810379497711,1062596.1884653233,1030.823063607583,0,23373,507.60593220338984,1062382.5812788906,1030.7194483849087,0
317,520.4806400547641,520.4806400547641,1066298.1494887264,1032.617135965081,0,23373,507.56702619414483,1063491.6471494606,1031.2573137435004,0
318,519.7270354682754,519.7270354682754,1064327.79934112,1031.66263833732,0,23373,506.37942989214173,1059375.2877503852,1029.2595822970925,0
319,523.9676549865229,523.9676549865229,1074256.7223719677,1036.4635653856665,0,23373,510.9237288135593,1069802.9298921418,1034.3127814602997,0
320,521.2870406024044,521.2870406024044,1065691.675779746,1032.3234356439584,0,23373,508.42411402157165,1061770.152927581,1030.4223177549975,0
321,521.2366833525863,521.2366833525863,1069066.838103795,1033.9568840642219,0,23373,508.1448382126348,1065088.0523882897,1032.0310326672786,0
322,519.4988662131519,519.4988662131519,1062496.5878150002,1030.7747512502428,0,23373,505.88906009244994,1057132.9791987673,1028.1697229537385,0
323,519.5870876652548,519.5870876652548,1061120.0282804945,1030.1068043074438,0,23373,506.2022342064715,1055969.1683359013,1027.603604672493,0
324,522.5416934069225,522.5416934069225,1069852.825354041,1034.336901282189,0,23373,506.6891371340524,1056840.5150231125,1028.0274874842173,0
325,519.2952979934112,519.2952979934112,1062306.8130321312,1030.6826927003922,0,23373,506.20146379044684,1057885.9295069338,1028.5358182907069,0
326,524.4375989389466,524.4375989389466,1072378.7620758996,1035.557222984756,0,23373,510.1406009244992,1064860.6421417566,1031.9208507156723,0
327,521.8738715612031,521.8738715612031,1066494.8010952808,1032.7123515748617,0,23373,508.0993836671803,1061787.3567026195,1030.4306656454958,0
328,517.7195054122278,517.7195054122278,1057513.954220682,1028.3549748120452,0,23373,504.1413713405239,1052021.1429121725,1025.6808192182266,0
329,519.1084584777307,519.1084584777307,1061939.8586403115,1030.5046621147872,0,23373,505.3120184899846,1056411.3983050848,1027.81875751763,0
330,520.5072519573868,520.5072519573868,1064804.3725666367,1031.8935858733869,0,23373,507.0712634822804,1059698.7977657935,1029.4167269700806,0
331,518.8791340435545,518.8791340435545,1062168.3579343688,1030.6155238178633,0,23373,508.7357473035439,1066726.655624037,1032.8246006094341,0
332,523.8664270739743,523.8664270739743,1074782.5198305738,1036.7171841107747,0,23373,510.4094761171032,1069754.7607858244,1034.2894956373793,0
333,519.4414923201986,519.4414923201986,1062222.5068241132,1030.6417936529224,0,23373,506.30392912172573,1056084.9256548537,1027.6599270453498,0
334,519.9470756856201,519.9470756856201,1064464.6869036923,1031.7289793854259,0,23373,505.9826656394453,1057547.0543143298,1028.371068396194,0
335,520.107902280409,520.107902280409,1063515.6784323792,1031.2689651261592,0,23373,506.11209553158704,1057297.9287365177,1028.2499349557565,0
336,520.8981303213109,520.8981303213109,1066326.728875198,1032.6309741990108,0,23373,507.65215716486904,1061970.7985362096,1030.5196740170513,0
337,521.2869978179951,521.2869978179951,1066062.2153339323,1032.502888777524,0,23373,508.0504622496148,1060631.1621725732,1029.8694879316374,0
338,519.2642792966243,519.2642792966243,1062547.233474522,1030.7993177503183,0,23373,505.83281972265024,1057651.8020030817,1028.421996071205,0
339,519.6554143670047,519.6554143670047,1062687.3814230096,1030.8672957384038,0,23373,505.7892912172573,1055669.2838983051,1027.4576798575722,0
340,521.1992042099859,521.1992042099859,1067033.9679544773,1032.9733626548543,0,23373,507.75038520801235,1061723.808936826,1030.399829647126,0
341,518.3412484490651,518.3412484490651,1059511.13147649,1029.3255711758502,0,23373,504.961093990755,1054711.4549306626,1026.9914580611967,0
342,518.2198690797073,518.2198690797073,1060537.996876738,1029.8242553352188,0,23373,504.4926810477658,1055731.7376733436,1027.4880717912708,0
343,518.098789201215,518.098789201215,1059510.0715783169,1029.3250563249283,0,23373,504.0508474576271,1053415.1024653313,1026.3601231854886,0
344,519.7274205279596,519.7274205279596,1063650.8491421726,1031.3344991525169,0,23373,506.89214175654854,1059398.7912172573,1029.27099989131,0
345,518.1948829846403,518.1948829846403,1057391.719804903,1028.295541079948,0,23373,508.074345146379,1065031.9834360555,1032.0038679365769,0
346,521.5867881743892,521.5867881743892,1069950.9287639584,1034.3843235296822,0,23373,508.19722650231125,1065086.2249614792,1032.0301473123152,0
347,522.0262696273478,522.0262696273478,1070737.8025071663,1034.764612125466,0,23373,508.5304314329738,1065039.2030046226,1032.007365770527,0
348,521.7657981431566,521.7657981431566,1069725.6262353999,1034.275411210863,0,23373,507.29237288135596,1063060.7885208013,1031.0483929092763,0
349,520.8482436999957,520.8482436999957,1068438.8145295854,1033.6531403375047,0,23373,507.2411402157165,1063315.8081664098,1031.1720555593085,0
350,517.5956017627177,517.5956017627177,1057779.6330809053,1028.4841433298354,0,23373,503.94106317411405,1052431.6637134051,1025.8809208253194,0
351,519.1690412013862,519.1690412013862,1061567.988191503,1030.3242150854765,0,23373,505.4117873651772,1057372.8879044685,1028.2863841870458,0
352,518.0924571086296,518.0924571086296,1060531.5502930733,1029.821125386867,0,23373,504.58474576271186,1056100.062403698,1027.6672916871967,0
353,520.0954948016943,520.0954948016943,1063748.805801566,1031.3819883057713,0,23373,506.67026194144836,1059650.4275808937,1029.3932327254215,0
354,518.4516750096265,518.4516750096265,1059339.2306079664,1029.242066089395,0,23373,504.74036979969185,1054523.9791987673,1026.9001797637234,0
355,521.361956103196,521.361956103196,1067439.5784452145,1033.1696755350567,0,23373,506.363251155624,1056563.5820493067,1027.8927872347906,0
356,517.1025114448295,517.1025114448295,1055572.5445171779,1027.410601715389,0,23373,503.6617873651772,1050085.2526964562,1024.736674807951,0
357,518.8828990715783,518.8828990715783,1059153.1200958372,1029.151650679256,0,23373,504.26232665639446,1051491.8663328197,1025.4227744363882,0
358,518.1102982073332,518.1102982073332,1058219.53133958,1028.6979786796414,0,23373,504.4279661016949,1052982.807010786,1026.149505194436,0
359,519.9276943481796,519.9276943481796,1063013.3554956573,1031.0253903254068,0,23373,506.91525423728814,1058836.1278890602,1028.9976325964312,0
360,520.652847302443,520.652847302443,1065974.8891883797,1032.4605993394516,0,23373,506.72765793528504,1057945.095916795,1028.5645803335808,0
361,519.5268044324648,519.5268044324648,1061335.4489368075,1030.211361292821,0,23373,506.16024653312786,1057347.7110939908,1028.2741419942402,0
362,519.7558721601848,519.7558721601848,1062984.8514097463,1031.0115670591413,0,23373,506.26926040061636,1057781.910246533,1028.485250378698,0
363,520.1500021392204,520.1500021392204,1063442.0600693107,1031.233271413074,0,23373,506.7600154083205,1057847.9233436056,1028.5173422668213,0
364,518.3859153724383,518.3859153724383,1060367.7112052368,1029.7415749620081,0,23373,504.2126348228043,1053780.0392912172,1026.5378898468468,0
365,517.832285115304,517.832285115304,1058806.5831514995,1028.9832764197383,0,23373,504.54853620955316,1053778.8975346687,1026.537333726674,0
366,517.6916099773242,517.6916099773242,1058259.61536816,1028.7174613897444,0,23373,503.8166409861325,1051749.9152542374,1025.548592341795,0
367,519.8939374491935,519.8939374491935,1062637.155307406,1030.8429343539228,0,23373,506.1502311248074,1056440.6825885978,1027.8330032590886,0
368,517.6074958285201,517.6074958285201,1058391.6759508834,1028.7816463909546,0,23373,503.96725731895225,1054468.622881356,1026.8732262949288,0
369,521.7624181748171,521.7624181748171,1069689.6946476705,1034.2580406492716,0,23373,507.63405238828966,1064221.7881355933,1031.611258243915,0
370,520.0505711718649,520.0505711718649,1066052.0110383776,1032.4979472320406,0,23373,506.4164098613251,1061888.4348998459,1030.479711056868,0
371,518.2008300175416,518.2008300175416,1057282.6809566594,1028.2425204963367,0,23373,504.2180277349769,1050881.439137134,1025.1250846297412,0
372,522.5500791511573,522.5500791511573,1070500.2039532794,1034.649797735098,0,23373,509.2846687211094,1064824.2669491526,1031.903225573577,0
373,520.2436999957216,520.2436999957216,1063417.3438582981,1031.221287531584,0,23373,506.80469953775037,1059127.3378274268,1029.1391246218495,0
374,519.0014974543276,519.0014974543276,1061985.4523595602,1030.5267839117819,0,23373,505.9375963020031,1057139.277349769,1028.1727857465246,0
375,519.5991100842853,519.5991100842853,1063617.1341291233,1031.318153689308,0,23373,506.05469953775037,1058562.2526964562,1028.8645453588417,0
376,518.728532922603,518.728532922603,1061802.4052539254,1030.4379676884607,0,23373,504.8802003081664,1057159.9287365177,1028.1828284583037,0
377,520.0757284045694,520.0757284045694,1063809.0292217515,1031.4111833898987,0,23373,504.32473035439136,1053614.5558551617,1026.4572839895295,0
378,519.3290976768066,519.3290976768066,1062940.496769777,1030.9900565814285,0,23373,506.0373651771957,1059162.941063174,1029.1564220579755,0
379,516.8725452445129,516.8725452445129,1056440.802892226,1027.8330617820318,0,23373,504.4938366718028,1054570.5138674884,1026.9228373483027,0
380,516.0125358319428,516.0125358319428,1054037.07170667,1026.6630760413418,0,23373,501.8112480739599,1047308.8852080123,1023.3811045783542,0
381,518.780173704702,518.780173704702,1061682.4206990972,1030.3797458699862,0,23373,505.00770416024653,1056500.0847457626,1027.861899646914,0
382,519.0721345141831,519.0721345141831,1058752.9875925214,1028.9572331212416,0,23373,504.0319722650231,1049476.5520030817,1024.439628286158,0
383,518.4736234116288,518.4736234116288,1058600.3350019252,1028.8830521502068,0,23373,506.3008474576271,1055941.1991525423,1027.5899956463873,0
384,520.088478158559,520.088478158559,1062205.9377059,1030.6337553689477,0,23373,507.69029275808936,1059738.2981510016,1029.4359126001975,0
385,517.216275189321,517.216275189321,1056594.1817481709,1027.9076718013982,0,23373,503.7342064714946,1051952.3859784284,1025.647300965799,0
386,517.7884310957087,517.7884310957087,1057736.0084285287,1028.4629348831822,0,23373,504.345531587057,1053512.031201849,1026.4073417517282,0
387,517.8704915928636,517.8704915928636,1059018.6740683694,1029.0863297451626,0,23373,504.0042372881356,1053890.2584745763,1026.5915733506565,0
388,522.5300132631669,522.5300132631669,1072949.7491122235,1035.8328770184037,0,23373,508.4094761171032,1065772.410246533,1032.3625381843983,0
389,519.2793821931289,519.2793821931289,1063779.522483207,1031.396879228945,0,23373,506.01040061633284,1059988.5820493067,1029.5574690367248,0
390,518.893637958328,518.893637958328,1059070.5454584348,1029.1115320792178,0,23373,505.1325115562404,1053060.0693374423,1026.1871512241041,0
391,520.1541950113378,520.1541950113378,1065232.504599324,1032.1010147264287,0,23373,506.43528505392914,1059774.5462249615,1029.4535182440059,0
392,520.7723869421983,520.7723869421983,1066099.3513455696,1032.5208721113436,0,23373,507.0982280431433,1060541.1298151002,1029.8257764375003,0
393,520.2132374962564,520.2132374962564,1064280.7077396996,1031.6398149255872,0,23373,506.5862865947612,1058820.9422187982,1028.9902537044743,0
394,520.0264407649853,520.0264407649853,1064677.3171608266,1031.832019836963,0,23373,506.7704160246533,1061112.2288135593,1030.103018544048,0
395,520.9760407307577,520.9760407307577,1067197.6002652633,1033.0525641346926,0,23373,507.47342064714945,1062006.4749614792,1030.5369837912074,0
396,519.2386086510076,519.2386086510076,1063679.7917254951,1031.3485306750067,0,23373,505.64714946070876,1059194.6494607087,1029.1718269855178,0
397,520.0177555298849,520.0177555298849,1063513.1191117957,1031.2677242655254,0,23373,506.49460708782743,1057922.8004622497,1028.5537421361364,0
398,518.1504299833141,518.1504299833141,1057792.5952167031,1028.4904448835211,0,23373,504.22226502311247,1051869.251540832,1025.6067723746914,0
399,520.1116673084329,520.1116673084329,1063777.641295512,1031.3959672674273,0,23373,506.4137134052388,1058929.6425269647,1029.043071269111,0
400,520.4397381594147,520.4397381594147,1064707.0797073545,1031.8464419221275,0,23373,506.8239599383667,1060028.9895993837,1029.577092596462,0
401,522.3402644076499,522.3402644076499,1068255.0776964873,1033.564259103655,0,23373,508.6629429892142,1063371.8956086286,1031.1992511676046,0
402,518.3254182176015,518.3254182176015,1058048.0695674496,1028.6146360845978,0,23373,505.8497688751926,1056919.564714946,1028.065934030958,0
403,518.6837804304112,518.6837804304112,1060879.9956359903,1029.9902890979072,0,23373,504.2850539291217,1054002.2935285054,1026.6461384179581,0
404,520.9826295297994,520.9826295297994,1065330.2965387413,1032.1483888175874,0,23373,505.36594761171034,1055560.9453004622,1027.4049568210494,0
405,518.6701322038249,518.6701322038249,1060604.2827621615,1029.8564379379106,0,23373,505.02773497688753,1055800.2195685671,1027.5213961609593,0
406,520.0219484020023,520.0219484020023,1063507.086852351,1031.2647995797931,0,23373,506.39098613251156,1058876.50192604,1029.0172505483279,0
407,519.6096350489881,519.6096350489881,1061452.6326958456,1030.2682333721862,0,23373,505.7330508474576,1056018.8863636365,1027.6277956359668,0
408,519.8499978607796,519.8499978607796,1063537.4267744834,1031.2795095290526,0,23373,506.3112480739599,1059055.9506933745,1029.1044411007924,0
409,518.8570145039148,518.8570145039148,1060490.477516793,1029.801183489703,0,23373,505.5970724191063,1055520.5762711863,1027.3853105194694,0
410,518.7045736533607,518.7045736533607,1061087.3514739228,1030.0909433025429,0,23373,505.27080123266563,1056702.8570878275,1027.960532845414,0
411,521.1005861464082,521.1005861464082,1066500.382321482,1032.7150537885473,0,23373,507.7157164869029,1062113.0285053928,1030.5886805633918,0
412,517.7011936850212,517.7011936850212,1057048.4033714114,1028.1285928187249,0,23373,504.0181047765794,1052713.9888289676,1026.0185129075244,0
413,518.7492405767339,518.7492405767339,1059430.426303855,1029.2863674915038,0,23373,505.1325115562404,1054252.091679507,1026.7677885868386,0
414,518.4764043982373,518.4764043982373,1060108.762118684,1029.6158322979907,0,23373,505.0219568567026,1055012.7908320492,1027.1381556694548,0
415,521.0692679587559,521.0692679587559,1064449.116844222,1031.7214337427627,0,23373,507.537750385208,1059430.0208012327,1029.2861705090731,0
416,519.7664826937064,519.7664826937064,1063404.6504085911,1031.2151329420021,0,23373,506.1055469953775,1059075.9922958398,1029.1141784543831,0
417,520.9898600949814,520.9898600949814,1064647.4624566808,1031.817552892313,0,23373,507.136748844376,1060897.7892912172,1029.9989268398376,0
418,519.8497411543234,519.8497411543234,1063060.7395713,1031.0483691715438,0,23373,506.209938366718,1059072.3208782743,1029.1123946772161,0
419,520.6828819578145,520.6828819578145,1063522.065845206,1031.2720619919876,0,23373,506.4194915254237,1057036.0728043143,1028.122596193817,0
420,518.9325717708467,518.9325717708467,1059823.304881701,1029.477199787203,0,23373,505.0473805855162,1055829.279275809,1027.5355367459604,0
421,519.9960210499294,519.9960210499294,1063127.201086724,1031.080598734514,0,23373,504.7342064714946,1054855.4884437597,1027.0615796746365,0
422,518.2180293501049,518.2180293501049,1058843.6853634536,1029.001304840501,0,23373,504.65832049306624,1054929.6729583975,1027.0976939699542,0
423,519.6191759722757,519.6191759722757,1063213.5918795192,1031.1224912101952,0,23373,506.12788906009246,1058799.6479198767,1028.9799064704212,0
424,519.0016258075557,519.0016258075557,1061713.18833697,1030.394676003797,0,23373,505.75847457627117,1057147.4818952235,1028.1767756058407,0
425,520.9337697343088,520.9337697343088,1063902.1013562658,1031.4563012344565,0,23373,507.095531587057,1058610.4745762711,1028.8879796052975,0
426,518.1103409917426,518.1103409917426,1058578.2030120224,1028.8722967463077,0,23373,504.0142526964561,1053242.5204160246,1026.2760449391892,0
427,519.1878663415051,519.1878663415051,1060941.1574894108,1030.019979170021,0,23373,505.7573189522342,1056727.1371340523,1027.9723425919844,0
428,519.4390536088649,519.4390536088649,1060321.866726565,1029.7193145350655,0,23373,505.8605546995378,1056392.152542373,1027.8093950448074,0
429,521.3436443759894,521.3436443759894,1068265.6947332392,1033.569395218937,0,23373,507.77850539291217,1064118.0928351309,1031.5609981165103,0
430,519.1523552817354,519.1523552817354,1062004.5077653702,1030.5360293387953,0,23373,505.58320493066253,1057174.7342064716,1028.1900282566796,0
431,520.6275617165105,520.6275617165105,1062434.7197193343,1030.7447403306671,0,23373,507.13366718027737,1057043.3817411403,1028.1261506941355,0
432,520.0708937663115,520.0708937663115,1064880.00834296,1031.9302342421022,0,23373,506.4738058551618,1059997.0885978427,1029.5616001958517,0
433,519.9804047405125,519.9804047405125,1063804.340392761,1031.4089103710328,0,23373,506.42719568567026,1058986.656779661,1029.070773455189,0
434,518.999529371497,518.999529371497,1059187.6751807642,1029.1684386827862,0,23373,504.97342064714945,1053966.7091679508,1026.6288078794355,0
435,519.2062208531211,519.2062208531211,1063799.3746202884,1031.406503091913,0,23373,505.39830508474574,1059253.6486902928,1029.200490035976,0
436,519.5125572241475,519.5125572241475,1062336.0768835836,1030.696888946301,0,23373,505.81856702619416,1058006.3655624038,1028.5943639561729,0
437,519.801138065289,519.801138065289,1064141.5687331536,1031.5723768757834,0,23373,506.1386748844376,1059872.9175654855,1029.5012955628008,0
438,519.8556026184059,519.8556026184059,1063084.9436957173,1031.0601067327343,0,23373,506.36787365177196,1058257.6197996917,1028.7164914589887,0
439,518.4419201642921,518.4419201642921,1056832.4959996578,1028.0235872778687,0,23373,505.0119414483821,1053572.343990755,1026.4367218639222,0
440,519.8331835879005,519.8331835879005,1062989.1489753134,1031.01365120706,0,23373,506.076656394453,1058239.7145608629,1028.7077887140074,0
441,519.7967312711248,519.7967312711248,1061462.332049801,1030.2729405598309,0,23373,505.15215716486904,1054711.3463020031,1026.9914051743583,0
442,521.6094639113508,521.6094639113508,1067951.5490523253,1033.417412787459,0,23373,507.9264252696456,1063256.626733436,1031.1433589629698,0
443,518.673940016258,518.673940016258,1058954.9560604116,1029.0553707456231,0,23373,505.0562403697997,1053474.1671802774,1026.388896656758,0
444,518.3617849655585,518.3617849655585,1058060.2907628461,1028.6205766767678,0,23373,504.3212634822804,1053754.6363636365,1026.5255166646548,0
445,518.9638471740898,518.9638471740898,1059518.8980447524,1029.3293438179796,0,23373,505.30893682588595,1055584.1949152541,1027.4162714865158,0
446,519.4988234287425,519.4988234287425,1061767.7292602577,1030.4211416989938,0,23373,506.001155624037,1057693.0104006163,1028.4420306466554,0
447,520.6858340820605,520.6858340820605,1063702.387969024,1031.3594853246002,0,23373,507.2180277349769,1059625.1024653313,1029.380931660059,0
448,522.6512642792966,522.6512642792966,1069377.9584991229,1034.107324458696,0,23373,508.91795069337445,1065570.0250385208,1032.2645131159557,0
449,519.8033200701665,519.8033200701665,1063242.0369229452,1031.1362843596114,0,23373,505.83166409861326,1057754.0196456087,1028.4716912222761,0
450,518.9369785650109,518.9369785650109,1059163.2214948873,1029.1565583014508,0,23373,505.0050077041602,1053727.808551618,1026.5124492920766,0
451,519.1637787190348,519.1637787190348,1060450.9223035127,1029.7819780436598,0,23373,504.90832049306624,1054821.1409861324,1027.0448583124949,0
452,521.06028323279,521.06028323279,1066199.493432593,1032.5693649496836,0,23373,506.596687211094,1059629.316255778,1029.3829784175462,0
453,519.9240576733838,519.9240576733838,1063469.4549694092,1031.2465539188042,0,23373,506.307781201849,1058902.032742681,1029.029655910208,0
454,520.2854147948487,520.2854147948487,1063619.5294998502,1031.3193150037723,0,23373,506.1999229583975,1058725.8016178736,1028.9440225871733,0
455,520.0270397467162,520.0270397467162,1062249.0729474179,1030.6546817180902,0,23373,509.6976117103236,1069433.8062403698,1034.1343269809634,0
456,523.3642236768922,523.3642236768922,1073062.4628417406,1035.8872828844558,0,23373,509.8424499229584,1069668.4202619414,1034.247755744213,0
457,520.2672742052796,520.2672742052796,1066057.139733881,1032.500430863775,0,23373,506.2241910631741,1061395.842064715,1030.2406719134685,0
458,519.1413596885295,519.1413596885295,1061292.7901852564,1030.1906572014989,0,23373,505.82704160246533,1058724.1120955315,1028.9432015886648,0
459,518.0261840585291,518.0261840585291,1057719.1330167288,1028.4547306599006,0,23373,503.53697996918334,1051508.5762711863,1025.4309222327881,0
460,519.190690112523,519.190690112523,1061328.1352843023,1030.2078116983496,0,23373,505.61171032357475,1056473.2118644067,1027.8488273400942,0
461,521.0162152911479,521.0162152911479,1064252.0291789672,1031.6259153292763,0,23373,507.00154083204933,1059176.3412942989,1029.1629323359343,0
462,520.7649852393788,520.7649852393788,1065392.2501176572,1032.1784003347761,0,23373,506.71147919876734,1061727.6490755007,1030.401693067078,0
463,520.5254781157746,520.5254781157746,1063089.8858511958,1031.0625033678589,0,23373,506.616718027735,1058746.0789676425,1028.9538760156563,0
464,520.508107645574,520.508107645574,1064527.0076584092,1031.7591810390684,0,23373,506.6005392912173,1061079.687596302,1030.0872232953393,0
465,520.6853206691482,520.6853206691482,1062812.1192829332,1030.927795377995,0,23373,506.68605546995377,1057933.280046225,1028.5588364533285,0
466,521.1408462756172,521.1408462756172,1065527.9458777222,1032.2441309485475,0,23373,507.03274268104775,1060041.1521571649,1029.5829991589628,0
467,519.473409489582,519.473409489582,1060207.650793651,1029.6638533005084,0,23373,505.5381355932203,1054349.0265793528,1026.814991407582,0
468,519.058742994053,519.058742994053,1059996.9156719293,1029.5615162154854,0,23373,505.25924499229586,1054949.0050077043,1027.1071049348768,0
469,518.0919864801266,518.0919864801266,1057028.8253112566,1028.11907156285,0,23373,504.1074730354391,1051327.1652542374,1025.3424624262068,0
470,518.2137081247594,518.2137081247594,1059101.2986351773,1029.126473585816,0,23373,504.2257318952234,1054137.7842835132,1026.712123374178,0
471,517.9466050571172,517.9466050571172,1058534.5647542037,1028.8510896889811,0,23373,504.03158705701077,1053928.0046224962,1026.609957394967,0
472,520.8589825867454,520.8589825867454,1064367.6534034999,1031.681953609493,0,23373,506.7773497688752,1058688.8359013868,1028.926059491831,0
473,520.3091601420442,520.3091601420442,1061784.643819792,1030.429349261652,0,23373,506.3906009244992,1056561.8543913714,1027.8919468462486,0
474,521.6660249005263,521.6660249005263,1066465.3431737474,1032.698089072381,0,23373,508.458782742681,1063557.250770416,1031.2891208436247,0
475,520.1580883925898,520.1580883925898,1062691.4632695846,1030.8692755483523,0,23373,505.6968412942989,1056213.9880585517,1027.7227194426284,0
476,519.5382278697642,519.5382278697642,1061995.2230779105,1030.5315245434806,0,23373,505.88790446841296,1057588.81779661,1028.3913738439321,0
477,518.9456210157019,518.9456210157019,1059452.5434475676,1029.2971113568558,0,23373,505.0392912172573,1054465.625577812,1026.8717668617694,0
478,520.6360758139734,520.6360758139734,1063706.4748641595,1031.3614666372598,0,23373,506.557781201849,1058125.2573189521,1028.652155647842,0
479,518.8207333247765,518.8207333247765,1061811.8051170153,1030.4425287792694,0,23373,505.2199537750385,1057584.4256548537,1028.3892383989896,0
480,520.2277414110298,520.2277414110298,1063707.737774355,1031.362078890995,0,23373,506.41101694915255,1060132.7638674884,1029.6274879137059,0
481,518.4790142472083,518.4790142472083,1058167.3347880032,1028.6726081645236,0,23373,504.4699537750385,1053347.6702619414,1026.327272492523,0
482,520.0412441706242,520.0412441706242,1062415.3080905317,1030.7353239753315,0,23373,506.41101694915255,1058239.8663328197,1028.7078624822598,0
483,519.9221751593719,519.9221751593719,1062703.0919009114,1030.8749157394952,0,23373,505.99768875192603,1058395.7295839754,1028.783616502506,0
484,521.0013691010996,521.0013691010996,1065733.3402216232,1032.3436153827965,0,23373,507.29661016949154,1061685.249614792,1030.3811186230034,0
485,520.0922004021735,520.0922004021735,1066134.783339751,1032.5380299726257,0,23373,506.19029275808936,1062220.9437596302,1030.6410353559722,0
486,518.7170239164848,518.7170239164848,1059870.7624609591,1029.5002488882453,0,23373,504.673343605547,1054507.43990755,1026.8921267141695,0
487,520.0195524750781,520.0195524750781,1064409.187823557,1031.7020828822422,0,23373,506.2935285053929,1059012.2688751926,1029.0832176627857,0
488,518.2548667265648,518.2548667265648,1058265.534805117,1028.7203384813176,0,23373,504.614406779661,1053359.4919106318,1026.3330316766735,0
489,518.76288880332,518.76288880332,1060431.9205493517,1029.7727518969182,0,23373,504.90793528505395,1056365.2700308166,1027.7963173853157,0
490,520.4649381765284,520.4649381765284,1063842.20463783,1031.42726580105,0,23373,506.3031587057011,1059344.499614792,1029.244625740058,0
491,519.1535104607881,519.1535104607881,1060729.503230223,1029.9172312522123,0,23373,505.44029275808936,1056873.629044684,1028.0435929690357,0
492,518.0631497882172,518.0631497882172,1059135.5810550635,1029.1431295281834,0,23373,504.73921417565487,1055209.4949922957,1027.2339047131845,0
493,517.9117785478971,517.9117785478971,1058353.265905104,1028.762978486835,0,23373,503.6991525423729,1052758.8116332819,1026.0403557527754,0
494,519.1859838274933,519.1859838274933,1060352.561245882,1029.7342187408758,0,23373,506.3802003081664,1056067.2238058553,1027.651314311355,0
495,521.1705386557138,521.1705386557138,1066849.243101014,1032.8839446428694,0,23373,506.8624807395994,1060729.345531587,1029.9171546933214,0
496,519.0815042998331,519.0815042998331,1061041.5665083644,1030.068719313602,0,23373,503.87519260400614,1052476.0446841295,1025.9025512611465,0
497,519.982116116887,519.982116116887,1062634.9864373421,1030.8418823647698,0,23373,506.39676425269647,1058150.8151001541,1028.6645785192343,0
498,519.2626534890686,519.2626534890686,1060880.301116673,1029.990437390888,0,23373,505.74653312788905,1057322.3197226503,1028.2617953238612,0
499,518.2328327557439,518.2328327557439,1059361.6885294998,1029.2529759633926,0,23373,504.209938366718,1053959.124422188,1026.6251138668817,0
500,519.172335600907,519.172335600907,1061246.0055191887,1030.167950151425,0,23373,505.47727272727275,1056732.4487673345,1027.9749261374689,0
501,519.797458606084,519.797458606084,1060792.5538869635,1029.9478403720082,0,23373,505.8886748844376,1056222.3447611711,1027.72678507528,0
502,519.6350489881487,519.6350489881487,1062304.660762418,1030.6816486007783,0,23373,505.7330508474576,1056743.2422958398,1027.9801760227867,0
503,519.1825610747444,519.1825610747444,1061141.423180593,1030.1171890520966,0,23373,505.345531587057,1055296.1174884439,1027.2760668332753,0
504,519.6476703889102,519.6476703889102,1061026.512001027,1030.0614117619525,0,23373,506.08320493066253,1055984.2526964562,1027.6109442276568,0
505,519.0074444872289,519.0074444872289,1060033.4252770292,1029.579246720246,0,23373,504.93721109399075,1055136.563559322,1027.1984051580891,0
506,519.3919907585675,519.3919907585675,1060589.0651178712,1029.8490496756654,0,23373,505.45146379044684,1055507.7003081664,1027.379044125471,0
507,518.2664185170923,518.2664185170923,1058998.681855132,1029.0766161249278,0,23373,504.56779661016947,1053643.6771956857,1026.4714692555685,0
508,519.7411543233645,519.7411543233645,1061790.695760065,1030.4322858684432,0,23373,506.0157935285054,1055066.7908320492,1027.1644419624588,0
509,519.6202883669191,519.6202883669191,1062084.3019295768,1030.574743494899,0,23373,506.04583975346685,1055826.4934514638,1027.5341811596652,0
510,521.7352500748727,521.7352500748727,1069031.7875326232,1033.9399341995759,0,23373,508.212249614792,1065148.7145608629,1032.060421952544,0
511,519.3255465708296,519.3255465708296,1062849.9141744748,1030.9461257381372,0,23373,505.62942989214173,1058927.620955316,1029.042089010608,0
512,519.3296110897189,519.3296110897189,1061044.1676721002,1030.0699819294318,0,23373,505.6498459167951,1057754.0866718027,1028.4717238076128,0
513,519.2809224318659,519.2809224318659,1061290.2031831602,1030.189401606889,0,23373,505.3959938366718,1055595.8697996917,1027.4219531427639,0
514,519.537971163308,519.537971163308,1063576.5014760622,1031.298454122793,0,23373,505.19106317411405,1055702.7742681047,1027.473977416511,0
515,518.4303683737646,518.4303683737646,1057493.369657297,1028.3449662721634,0,23373,504.43027734976886,1052192.9557010785,1025.7645712838198,0
516,519.8457622042528,519.8457622042528,1062483.2796388995,1030.7682958060457,0,23373,505.79468412942987,1058229.1390600924,1028.7026485141819,0
517,519.1182988918838,519.1182988918838,1058852.6850639626,1029.0056778579808,0,23373,505.50038520801235,1054503.316255778,1026.8901188811674,0
518,520.3909211483335,520.3909211483335,1063116.8468318144,1031.0755776526833,0,23373,505.79699537750383,1055753.4865177195,1027.4986552388862,0
519,519.3679459205066,519.3679459205066,1060392.2724939033,1029.7535008408097,0,23373,505.61633281972263,1055736.3967642528,1027.4903390126121,0
520,518.989346682069,518.989346682069,1060128.8280494588,1029.6255766294166,0,23373,505.38366718027737,1055880.0531587056,1027.5602430800375,0
521,519.1488041757583,519.1488041757583,1060796.8089248277,1029.9499060269036,0,23373,505.6818181818182,1055864.030046225,1027.5524463725562,0
522,520.4535575236384,520.4535575236384,1065341.7262225645,1032.1539256441185,0,23373,506.9087057010786,1060527.5104006163,1029.8191639315207,0
523,519.6207589954221,519.6207589954221,1061381.2356137424,1030.2335830352952,0,23373,505.692218798151,1056759.3547765794,1027.9880129537403,0
524,518.3746202883669,518.3746202883669,1060056.2859709922,1029.5903486197763,0,23373,504.5231124807396,1054929.5231124808,1027.0976210236693,0
525,519.5315107174946,519.5315107174946,1061969.0920292644,1030.518846033038,0,23373,506.0993836671803,1058228.371340524,1028.7022753647063,0
526,519.0717922389082,519.0717922389082,1060535.0246438198,1029.8228122564676,0,23373,506.5712634822804,1060039.1660246532,1029.582034626019,0
527,520.6222136653404,520.6222136653404,1065963.6699182817,1032.4551660572395,0,23373,506.7962249614792,1060915.3385978427,1030.0074458943695,0
528,518.6511359260685,518.6511359260685,1060619.0199375348,1029.8635928789477,0,23373,505.0088597842835,1055546.4256548537,1027.397890622155,0
529,519.9371497026483,519.9371497026483,1062316.621443546,1030.687450900391,0,23373,506.3124036979969,1056686.6976117103,1027.9526728462308,0
530,517.8493133102297,517.8493133102297,1058468.1869678688,1028.8188309745642,0,23373,504.07973805855164,1053075.9271956857,1026.1948777867124,0
531,518.367646429641,518.367646429641,1059843.2689427973,1029.486895954872,0,23373,504.7049306625578,1054556.3882896765,1026.9159597015116,0
532,518.269456210157,518.269456210157,1058595.3847601933,1028.880646508716,0,23373,504.3513097072419,1052898.7734976888,1026.1085583395593,0
533,519.1794805972703,519.1794805972703,1063627.9522525992,1031.3233984801273,0,23373,505.03235747303546,1056646.4275808937,1027.9330851669743,0
534,518.3923758182518,518.3923758182518,1058630.1454242074,1028.8975388366946,0,23373,504.48921417565487,1054189.2642526964,1026.7371933716518,0
535,518.229538356223,518.229538356223,1058613.1744748214,1028.8892916513523,0,23373,504.42103235747305,1053468.8224191063,1026.3862929809159,0
536,518.8483292688145,518.8483292688145,1061181.405638985,1030.1365956216607,0,23373,504.7026194144838,1054136.1764252696,1026.7113403607023,0
537,519.6198605228254,519.6198605228254,1062551.2878535062,1030.8012843674119,0,23373,505.60631741140213,1057163.1918335902,1028.184415284335,0
538,518.3192144782441,518.3192144782441,1059224.870705515,1029.1865091933118,0,23373,504.74845916795067,1054950.589753467,1027.1078763953992,0
539,518.7739699653446,518.7739699653446,1059976.675052411,1029.5516864404676,0,23373,504.82858243451466,1054112.2669491526,1026.6996965759524,0
540,518.4405510631926,518.4405510631926,1058859.3753904076,1029.0089287223934,0,23373,504.31471494607086,1053193.2060862866,1026.2520187976668,0
541,517.990287939075,517.990287939075,1058693.137851367,1028.9281499946276,0,23373,504.153312788906,1053471.2110939908,1026.387456613725,0
542,518.5515338210756,518.5515338210756,1059040.1129936252,1029.0967461777466,0,23373,505.0862865947612,1054177.786594761,1026.7316039719246,0
543,519.7561716510504,519.7561716510504,1064926.564882557,1031.9527919835077,0,23373,506.07588597842835,1060699.2369029275,1029.9025375747588,0
544,518.9547768793052,518.9547768793052,1059848.1210798784,1029.4892525324772,0,23373,505.36633281972263,1056157.9472265022,1027.6954545129126,0
545,520.9800196808283,520.9800196808283,1065886.5507209173,1032.4178179017047,0,23373,507.518875192604,1060568.93798151,1029.8392777426534,0
546,520.7443203696573,520.7443203696573,1065573.09489582,1032.2660000677247,0,23373,507.1136363636364,1060626.4441448383,1029.8671973341216,0
547,518.9743293543833,518.9743293543833,1059432.2607709751,1029.287258626558,0,23373,504.96725731895225,1052731.405624037,1026.0270004361664,0
548,519.0265691182133,519.0265691182133,1059181.7798314295,1029.1655745464038,0,23373,505.0562403697997,1053623.4545454546,1026.461618642146,0
549,519.2110554913789,519.2110554913789,1061543.3259744148,1030.3122468331699,0,23373,505.74961479198765,1056285.4329738058,1027.757477702695,0
550,517.650836435203,517.650836435203,1057484.2630813331,1028.3405384799985,0,23373,504.61286594761174,1054139.909476117,1026.7131583242308,0
551,518.8497839387327,518.8497839387327,1060891.6744106447,1029.99595844384,0,23373,505.2873651771957,1056438.8567026195,1027.8321150375773,0
552,518.5360030804775,518.5360030804775,1060440.975227827,1029.7771483325055,0,23373,504.3166409861325,1054227.8620955315,1026.7559895591219,0
553,519.9544346040303,519.9544346040303,1065069.8645873445,1032.0222209755682,0,23373,505.7850539291217,1058831.2688751926,1028.995271551426,0
554,519.3963975527317,519.3963975527317,1060680.669404869,1029.8935233337809,0,23373,505.9048536209553,1055891.7954545454,1027.5659567417292,0
555,521.167714884696,521.167714884696,1067017.6147263937,1032.9654470147555,0,23373,507.6548536209553,1061658.9738058553,1030.368368014981,0
556,518.9420271253156,518.9420271253156,1061166.4831215504,1030.1293526162383,0,23373,505.23613251155626,1056357.6359784284,1027.7926035822736,0
557,519.6393274290848,519.6393274290848,1063386.224190305,1031.2061986772117,0,23373,505.9491525423729,1057852.3721109398,1028.519504973503,0
558,519.7584392247466,519.7584392247466,1063188.6340649468,1031.11038888421,0,23373,506.23343605546995,1058018.6949152541,1028.6003572404854,0
559,519.6513926325247,519.6513926325247,1062464.3475805416,1030.7591122956621,0,23373,506.05392912172573,1057839.2064714946,1028.5131046668753,0
560,519.9667565139263,519.9667565139263,1063597.0314037565,1031.3084075114275,0,23373,506.5392912172573,1058348.1440677966,1028.7604891653823,0
561,521.0508706627305,521.0508706627305,1066726.4402515723,1032.8244963456145,0,23373,507.37596302003084,1061789.6132511557,1030.4317605990004,0
562,520.4691310486459,520.4691310486459,1065763.3923330337,1032.3581705653487,0,23373,507.1213405238829,1061493.18990755,1030.2879160252003,0
563,518.9995721559064,518.9995721559064,1060109.156248663,1029.6160236945923,0,23373,505.74961479198765,1055543.6163328197,1027.3965234186944,0
564,520.0313609720617,520.0313609720617,1063671.677448338,1031.3445968483754,0,23373,506.538906009245,1059188.529661017,1029.1688538140945,0
565,518.0045351473923,518.0045351473923,1057682.3132674454,1028.4368299839546,0,23373,503.5500770416025,1050497.3513097072,1024.937730454737,0
566,519.1932143926753,519.1932143926753,1061281.5787874898,1030.1852157682567,0,23373,505.43412942989215,1056536.222265023,1027.8794784725605,0
567,519.2280836863047,519.2280836863047,1061756.717494545,1030.4157983525606,0,23373,505.4653312788906,1056093.8759630201,1027.6642817394309,0
568,519.533222093869,519.533222093869,1061209.9569588841,1030.150453554666,0,23373,505.8863636363636,1057446.7546224962,1028.3223009458154,0
569,519.3124973259744,519.3124973259744,1062323.1136353912,1030.690600342989,0,23373,505.8813559322034,1058799.3536209553,1028.9797634652273,0
570,518.7293458263808,518.7293458263808,1059871.413468532,1029.5005650646979,0,23373,505.1093990755008,1054711.0531587056,1026.991262454898,0
571,519.5895691609977,519.5895691609977,1062091.750096265,1030.5783570870606,0,23373,506.2469183359014,1058102.183744222,1028.6409401458907,0
572,503.9326720441828,503.9326720441828,1017746.96588184,1008.8344591070628,0,27522,474.9299967288191,939700.3536146549,969.3814283421437,0
573,502.7590654748928,502.7590654748928,1016714.4115616598,1008.3225731687553,0,27522,473.8989205103042,938907.3559044815,968.9723194727915,0
574,504.46075866579463,504.46075866579463,1018902.7867524163,1009.4071461766141,0,27522,475.6022244030095,941112.3258096173,970.1094401198337,0
575,504.0396046798925,504.0396046798925,1018585.0541385073,1009.2497481488451,0,27522,475.05757278377496,940726.5381092575,969.9105825328733,0
576,503.86138362037644,503.86138362037644,1018687.5731051522,1009.3005365624018,0,27522,474.87144259077525,940815.3889434086,969.956385072756,0
577,503.65565729234794,503.65565729234794,1017536.836894121,1008.7303092968511,0,27522,474.98364409551846,940098.8194308145,969.5869323742015,0
578,502.15126080953416,502.15126080953416,1012773.9888452874,1006.3667268174596,0,27522,473.44749754661433,934348.5780176644,966.6170793120016,0
579,502.25477799578516,502.25477799578516,1014997.2358113509,1007.4707121357677,0,27522,473.8351324828263,938682.9244357212,968.8565035317259,0
580,503.79823413996075,503.79823413996075,1018009.044655185,1008.9643426083921,0,27522,475.2090284592738,940410.7000327118,969.7477507232032,0
581,502.6211757866434,502.6211757866434,1014850.108422353,1007.3976912929437,0,27522,474.1125286228328,937481.9810271508,968.2365315495748,0
582,502.7496548215973,502.7496548215973,1016122.5799723858,1008.0290571071778,0,27522,474.33824010467777,938730.149820085,968.8808749377216,0
583,504.77723275924717,504.77723275924717,1019457.5802267278,1009.6819203227953,0,27522,475.8285901210337,941171.6617598953,970.1400217287684,0
584,504.10969406293145,504.10969406293145,1017724.3340236901,1008.8232422102943,0,27522,474.6342819757933,938277.6882564606,968.6473497906555,0
585,502.3164014243151,502.3164014243151,1012944.6838892523,1006.4515308196676,0,27522,473.861956166176,935694.2178606477,967.3128851931249,0
586,504.00221640869125,504.00221640869125,1017608.0484339801,1008.7656062901729,0,27522,475.2626758259732,939709.7494275434,969.3862746230438,0
587,502.78529903350045,502.78529903350045,1013199.2281447569,1006.5779791674149,0,27522,474.2103369316323,935743.459928034,967.3383378777221,0
588,503.0883656710995,503.0883656710995,1015308.8931036989,1007.6253733921644,0,27522,474.27870461236506,937887.7598953223,968.4460541998827,0
589,501.8686141995494,501.8686141995494,1013430.4996729889,1006.6928526978767,0,27522,473.41740268236833,936535.4252535165,967.7476041063169,0
590,502.97460213647264,502.97460213647264,1015516.5554465519,1007.728413535389,0,27522,474.3359502780504,937957.8132155709,968.4822214246221,0
591,502.7198968098249,502.7198968098249,1016754.2804665358,1008.3423428908139,0,27522,473.7510631337913,938449.6758259732,968.736122907561,0
592,502.41050795727057,502.41050795727057,1015520.2934379769,1007.7302681957989,0,27522,473.74092247301274,937016.3395485771,967.9960431471696,0
593,503.6646682653877,503.6646682653877,1019416.9861565293,1009.6618177174619,0,27522,474.0608439646712,937934.6333006215,968.4702542156995,0
594,502.24485865852773,502.24485865852773,1014952.6342198969,1007.4485764642764,0,27522,474.0497219496238,938601.3130520118,968.8143852420916,0
595,503.2844270038515,503.2844270038515,1015999.8226873047,1007.9681655128325,0,27522,474.53810925744193,938433.1053320249,968.7275702342866,0
596,501.6353099338711,501.6353099338711,1012518.4795799723,1006.2397724101211,0,27522,472.5547922800131,933381.6696107294,966.1167991556349,0
597,503.5792820289223,503.5792820289223,1018340.4844488046,1009.1285767675022,0,27522,475.1347726529277,941668.2816486752,970.3959406596233,0
598,503.24369595232906,503.24369595232906,1016421.2088147664,1008.1771713418066,0,27522,474.42165521753356,938124.0258423291,968.5680285051377,0
599,502.8088801685924,502.8088801685924,1016464.4626117288,1008.198622599599,0,27522,474.11547268563953,938828.3627739614,968.931557321755,0
600,502.8563331153259,502.8563331153259,1017274.6278613473,1008.6003310833024,0,27522,474.5773634281976,940454.5289499509,969.7703485619422,0
601,502.27058353317346,502.27058353317346,1013504.962175714,1006.7298357432911,0,27522,474.267255479228,937400.1436048413,968.1942695579443,0
602,504.3295545381876,504.3295545381876,1019956.455853499,1009.9289360412935,0,27522,475.3951586522735,941762.7461563625,970.4446126164864,0
603,502.7080154058571,502.7080154058571,1015518.7614998909,1007.7295081021945,0,27522,474.3241740268237,938382.288191037,968.7013410701138,0
604,502.83638543710487,502.83638543710487,1015020.088547344,1007.4820537098137,0,27522,474.8478900883219,939827.9156035329,969.447221669923,0
605,504.06136908654895,504.06136908654895,1016430.2068526996,1008.1816338600399,0,27522,475.1615963362774,938477.8328426562,968.7506556605039,0
606,503.4170845142068,503.4170845142068,1016266.6312404622,1008.1005065173126,0,27522,474.3251553810926,937945.7494275434,968.4759932117798,0
607,503.802448949931,503.802448949931,1017324.0588256668,1008.6248355189688,0,27522,475.0909388289172,939862.8325155381,969.4652301735932,0
608,502.56605624591236,502.56605624591236,1014582.3404912434,1007.26478171891,0,27522,473.80143931959435,936904.7644749754,967.9384094429643,0
609,502.85418937577214,502.85418937577214,1015834.852735993,1007.8863292732931,0,27522,474.47922800130846,938667.1772980046,968.8483768361305,0
610,501.6336748782792,501.6336748782792,1012135.1754232977,1006.0492907523457,0,27522,473.9293424926398,937409.0369643441,968.1988623027524,0
611,502.51315311387253,502.51315311387253,1014870.7198968098,1007.4079212994158,0,27522,473.7769054628721,936667.8684985279,967.8160302963203,0
612,502.02027468933943,502.02027468933943,1013223.038078628,1006.5898062660023,0,27522,473.37782139352305,936424.3846908734,967.6902317843626,0
613,501.74627570670737,501.74627570670737,1012492.4401932999,1006.2268333697427,0,27522,472.6977428851815,934014.6310107949,966.4443238028742,0
614,502.30800813894336,502.30800813894336,1014652.1665213284,1007.2994423314889,0,27522,474.030094864246,937177.9548577036,968.0795188711016,0
615,503.367051813095,503.367051813095,1015535.9887362837,1007.7380556157854,0,27522,474.4540399084069,937464.719005561,968.2276173532549,0
616,501.2011845069399,501.2011845069399,1011704.4660635128,1005.8352082043623,0,27522,472.63395485770366,934621.9607458293,966.7584810829586,0
617,501.99854661725163,501.99854661725163,1011728.4833951021,1005.847147132755,0,27522,473.2217860647694,933963.8635917567,966.4180583948939,0
618,502.2018021946079,502.2018021946079,1013331.3998982632,1006.6436310324837,0,27522,473.3532875368008,935389.1753352961,967.1551971298588,0
619,504.0873846377444,504.0873846377444,1018305.9839764552,1009.1114824321717,0,27522,475.198233562316,940009.0228982663,969.5406246765868,0
620,502.85008356950806,502.85008356950806,1013921.4497492915,1006.9366662056217,0,27522,473.62087013411843,935099.2558063461,967.0053028842945,0
621,502.493641450476,502.493641450476,1012908.809679529,1006.433708536995,0,27522,473.8416748446189,935068.3055282957,966.9892995934835,0
622,501.6822541966427,501.6822541966427,1011776.4995639852,1005.8710153712478,0,27522,472.7759241086032,933971.9077526988,966.4222202291805,0
623,503.4190829154858,503.4190829154858,1016370.5888380205,1008.1520663263159,0,27522,474.77526987242396,938045.2443572129,968.5273586002684,0
624,503.154276578737,503.154276578737,1015609.6745149335,1007.7746149387439,0,27522,473.5740922473013,936421.1782793589,967.6885750484806,0
625,503.11885037424605,503.11885037424605,1015698.1671026815,1007.8185189321943,0,27522,474.5963362773961,939706.0559371933,969.3843695548187,0
626,502.8945207470387,502.8945207470387,1014476.7121938813,1007.2123471214405,0,27522,473.6751717369971,936083.1295387635,967.5138911347804,0
627,501.93310805900734,501.93310805900734,1012334.3122229489,1006.1482555880863,0,27522,473.14491331370624,934665.6454039909,966.7810741858732,0
628,500.3113145846959,500.3113145846959,1009396.2153913233,1004.6871231340249,0,27522,471.6810598626104,932072.8259731763,965.4391881279608,0
629,501.4334350701257,501.4334350701257,1011816.919882276,1005.8911073681265,0,27522,473.3248282630029,936496.1779522408,967.7273262403211,0
630,503.35520674369593,503.35520674369593,1017420.0805900734,1008.6724347329382,0,27522,474.33693163231925,938130.4592737978,968.5713496040432,0
631,502.3612746166703,502.3612746166703,1014491.8551340746,1007.2198643464468,0,27522,473.54923127248935,936654.2813215571,967.809010766875,0
632,503.1722985248165,503.1722985248165,1016176.9484775816,1008.0560244736309,0,27522,474.1540726202159,937199.7929342493,968.0907978770634,0
633,503.12150279776176,503.12150279776176,1017101.9736937722,1008.5147364782392,0,27522,474.42067386326465,939262.5704939483,969.1555966375823,0
634,501.01115471259357,501.01115471259357,1009993.5943245403,1004.9843751643805,0,27522,472.1311743539418,932641.2800130848,965.7335450387362,0
635,501.0308843834024,501.0308843834024,1011160.7649153405,1005.5648984105106,0,27522,472.3235197906444,933523.6686293752,966.1902859320079,0
636,501.1160889470242,501.1160889470242,1010802.1438485575,1005.3865643863347,0,27522,472.1498200850507,932870.0569185476,965.8519849948788,0
637,501.1966426858513,501.1966426858513,1010501.5396410144,1005.2370564404271,0,27522,471.93588485443246,931068.4514229636,964.9188833383683,0
638,501.875154421917,501.875154421917,1013356.7942736719,1006.6562443424626,0,27522,472.6908734052993,934497.8070003272,966.6942675946347,0
639,502.02874064384855,502.02874064384855,1012807.4669355425,1006.3833598264343,0,27522,472.9990186457311,934368.9708864901,966.6276278311572,0
640,500.7249109803067,500.7249109803067,1008436.4556718261,1004.2093684445621,0,27522,471.4828263002944,929687.6516192346,964.2031174079633,0
641,501.297580117724,501.297580117724,1010320.175568636,1005.1468427889708,0,27522,471.7684003925417,930198.0464507687,964.467752934627,0
642,501.9253324613037,501.9253324613037,1012343.5001453382,1006.1528214666688,0,27522,472.0893032384691,931901.4468433105,965.3504269659337,0
643,502.773635636945,502.773635636945,1015483.380204927,1007.7119529929805,0,27522,473.49165848871445,936662.8302257115,967.8134273844889,0
644,500.8868541530412,500.8868541530412,1010405.2983068092,1005.1891853312038,0,27522,471.70134118416746,931777.1890742558,965.2860659277413,0
645,502.9642467843907,502.9642467843907,1015377.4841217935,1007.6594087893952,0,27522,474.1004252535165,937559.8891069676,968.2767626598129,0
646,502.9780539205,502.9780539205,1015335.2659690429,1007.6384599493227,0,27522,474.08799476611057,937746.1429506051,968.3729358829712,0
647,501.8757357750163,501.8757357750163,1012392.9966572197,1006.1774180815328,0,27522,473.30945371279034,935335.8105986262,967.127608228938,0
648,503.01940265969046,503.01940265969046,1014736.5033064458,1007.3413042789647,0,27522,474.30781812234216,938012.6637226038,968.5105387772525,0
649,503.3084078191992,503.3084078191992,1016078.2861710632,1008.0070863694675,0,27522,474.9093882891724,939694.9113509977,969.3786212574515,0
650,502.1760409853935,502.1760409853935,1012596.403786062,1006.2784921611224,0,27522,473.56068040562644,935072.4923127249,966.9914644466749,0
651,500.8894339074195,500.8894339074195,1008543.0279412833,1004.2624298166706,0,27522,473.74124959110236,935980.2083742231,967.4607012040453,0
652,501.5763025942882,501.5763025942882,1012270.7636436305,1006.1166749654985,0,27522,472.723912332352,934004.3006215243,966.4389792540056,0
653,502.2381004287479,502.2381004287479,1013745.8270837875,1006.8494560180224,0,27522,473.2204775924109,935447.353941773,967.1852738445582,0
654,502.3415812804302,502.3415812804302,1013599.0771382893,1006.7765775673813,0,27522,473.2198233562316,935170.2430487406,967.0420068687505,0
655,504.2685851318945,504.2685851318945,1018882.2596468279,1009.3969782235471,0,27522,475.05593719332677,940277.7114818449,969.6791796681234,0
656,501.8656710994841,501.8656710994841,1011113.579282029,1005.5414358851797,0,27522,472.5472685639516,933368.7716715734,966.110123987723,0
657,502.7440592980161,502.7440592980161,1015341.4550541386,1007.641531028837,0,27522,473.82172064115144,937470.1108930324,968.2304017603622,0
658,500.75288859821234,500.75288859821234,1009741.6883584042,1004.8590390489625,0,27522,472.07360157016683,932415.8420019627,965.616819448565,0
659,501.2017295254705,501.2017295254705,1011259.589128697,1005.6140358650017,0,27522,472.3931959437357,933609.025188093,966.2344566346684,0
660,501.43332606641957,501.43332606641957,1011198.8754450985,1005.5838480430652,0,27522,472.6565260058881,933607.0006542362,966.2334089930011,0
661,500.9310006540222,500.9310006540222,1009810.9837584478,1004.8935186169964,0,27522,472.1638861629048,932073.8348053647,965.4397106010115,0
662,499.9082915485793,499.9082915485793,1007036.6556209577,1003.5121601759282,0,27522,471.14491331370624,929642.0268236833,964.1794577897225,0
663,501.67458760264515,501.67458760264515,1012536.5700167139,1006.2487614982261,0,27522,472.969905135754,934755.7569512594,966.8276769679587,0
664,500.98808226146355,500.98808226146355,1009944.6635418937,1004.9600308180886,0,27522,471.961072947334,932090.518482172,965.4483510173768,0
665,501.8365307753797,501.8365307753797,1012140.9629750745,1006.0521671240883,0,27522,472.6561988877985,933653.065750736,966.2572461569104,0
666,502.87141196134,502.87141196134,1016010.873882712,1007.9736474148082,0,27522,473.8298985933922,938090.5632973503,968.5507541153175,0
667,501.7489644647918,501.7489644647918,1011379.2216045345,1005.6735164080511,0,27522,472.8374223094537,933831.6552175336,966.3496547407328,0
668,501.9066928275561,501.9066928275561,1012047.6772763607,1006.005803798547,0,27522,472.900883218842,934183.9672881911,966.5319277127844,0
669,501.39750018167285,501.39750018167285,1011608.6548215973,1005.7875793732975,0,27522,472.5544651619235,933691.9708864901,966.2773778198939,0
670,500.04585422571034,500.04585422571034,1007635.5305573723,1003.8105053033527,0,27522,470.898266274125,928939.3182859012,963.8149813558105,0
671,500.94190102463483,500.94190102463483,1009557.1429765279,1004.7672083505353,0,27522,471.7746156362447,931139.2067386326,964.9555465090776,0
672,502.04683525906546,502.04683525906546,1013433.4971659037,1006.6943414790329,0,27522,472.67124631992147,934341.2515538109,966.6132895599,0
673,501.3067000944699,501.3067000944699,1011764.5038514643,1005.8650525052873,0,27522,471.98364409551846,932715.3693163232,965.7719033583049,0
674,500.3078991352373,500.3078991352373,1008427.947096868,1004.2051319809453,0,27522,471.45861956166175,930854.656526006,964.8080931076428,0
675,501.1618341690284,501.1618341690284,1009964.6689920791,1004.9699841249385,0,27522,472.1799149492967,931758.8400392542,965.2765614264413,0
676,501.29369231887216,501.29369231887216,1011031.1144175569,1005.5004298445411,0,27522,472.8590121033693,934092.0412168793,966.4843719465304,0
677,500.5372429329264,500.5372429329264,1007790.062931473,1003.8874752338894,0,27522,471.91625776905465,930426.8963035656,964.5863861280469,0
678,502.11129278395464,502.11129278395464,1013799.0500327011,1006.8758861114418,0,27522,473.5269872423945,936805.0578999019,967.8869034654317,0
679,501.4187559043674,501.4187559043674,1010356.6354552722,1005.1649792224518,0,27522,472.6090938828917,933615.368662087,966.2377392040155,0
680,500.2812295618051,500.2812295618051,1007167.5900733959,1003.5773961550727,0,27522,471.4533856722277,929217.5816159634,963.959325706206,0
681,501.2666957343216,501.2666957343216,1011585.8200712157,1005.7762276327751,0,27522,472.49918220477593,933724.4357212954,966.2941765949412,0
682,501.0467262553594,501.0467262553594,1010374.4562168447,1005.1738437786992,0,27522,472.1498200850507,933046.284592738,965.9432098176052,0
683,500.20965046144903,500.20965046144903,1006794.362764334,1003.3914304818105,0,27522,471.435394177298,929178.7386326464,963.9391778699766,0
684,500.7494004796163,500.7494004796163,1009879.475147155,1004.9275969676397,0,27522,471.9571475302584,931715.9970559372,965.2543690944565,0
685,501.25939248601117,501.25939248601117,1011575.525361529,1005.77110982645,0,27522,472.6463853451096,934274.3545960091,966.5786851550209,0
686,501.8831116924642,501.8831116924642,1012365.616851973,1006.1638121359628,0,27522,472.8112528622833,934214.737324174,966.5478453362638,0
687,500.6398517549597,500.6398517549597,1008372.0500690357,1004.1773001163867,0,27522,471.9084069349035,930806.1511285574,964.7829554508918,0
688,500.47928929583605,500.47928929583605,1008799.6551486084,1004.3901906871694,0,27522,471.46810598626104,930937.9188747138,964.8512418371621,0
689,499.9247147736356,499.9247147736356,1007611.1818181818,1003.7983770748893,0,27522,471.20837422309455,930082.7065750737,964.4079565075527,0
690,502.136072959814,502.136072959814,1012930.0168229053,1006.4442442693511,0,27522,473.0192999672882,935233.3228655545,967.0746211464524,0
691,500.2680764479326,500.2680764479326,1008155.6415231451,1004.0695401829223,0,27522,470.99509322865555,928763.5309126595,963.7237835151001,0
692,501.32722912579027,501.32722912579027,1012640.2334859385,1006.3002700416703,0,27522,471.4432450114491,931474.2754334315,965.1291496133724,0
693,502.0172589201366,502.0172589201366,1013095.3685415304,1006.5263874044884,0,27522,473.08570493948315,934859.5776905463,966.8813669166173,0
694,502.0407310515224,502.0407310515224,1013963.3670881477,1006.9574802781633,0,27522,473.0497219496238,935433.3388943409,967.1780285419748,0
695,501.8028849647555,501.8028849647555,1012642.7586294601,1006.3015247079079,0,27522,473.12430487405953,934630.7396140007,966.763021434933,0
696,500.95763389288567,500.95763389288567,1009966.0600973767,1004.970676237559,0,27522,472.3444553483808,932529.4789008832,965.6756592670664,0
697,501.32032555773566,501.32032555773566,1010916.4190829155,1005.4433942708637,0,27522,472.65260058881256,933101.6110565914,965.971847962761,0
698,501.12520892377006,501.12520892377006,1010182.3826030085,1005.0782967525507,0,27522,471.48773307163884,930082.6725547923,964.4079388696425,0
699,501.16964610130077,501.16964610130077,1009808.3231233195,1004.8921947767927,0,27522,472.1429506051685,931690.3241740268,965.2410704969132,0
700,501.6425405130441,501.6425405130441,1011331.828718843,1005.6499533728637,0,27522,472.5139025188093,932985.6247955512,965.9118100507682,0
701,500.83380568272656,500.83380568272656,1008893.0346631785,1004.4366752877846,0,27522,471.64932940791624,930446.7726529277,964.5966891156778,0
702,499.8161470823341,499.8161470823341,1007335.3440156966,1003.6609706547807,0,27522,470.8544324501145,929258.8518155054,963.9807320768945,0
703,500.388125862946,500.388125862946,1008308.7418065547,1004.1457771691094,0,27522,471.8089630356559,930941.2731436049,964.8529800667068,0
704,501.89670082116123,501.89670082116123,1013496.592507812,1006.7256788757362,0,27522,471.4213280994439,930257.675171737,964.4986651995621,0
705,502.3713392922026,502.3713392922026,1012880.573214156,1006.4196804584834,0,27522,473.1615963362774,934355.5371279032,966.6206790297335,0
706,502.679093089165,502.679093089165,1014575.2789768185,1007.2612764207798,0,27522,473.6431141642133,936228.135099771,967.5888254314283,0
707,500.5264152314512,500.5264152314512,1009851.9209359785,1004.9138873236744,0,27522,471.9996728819104,932526.3882891724,965.6740590329495,0
708,501.34001889397575,501.34001889397575,1010732.0150425114,1005.3516872430819,0,27522,472.4317958783121,932966.7988223749,965.9020648193972,0
709,498.72174987282904,498.72174987282904,1004121.0381512971,1002.0584005691969,0,27522,470.1118743866536,926739.2155708211,962.6729535885077,0
710,500.72229489135964,500.72229489135964,1008793.7790494877,1004.3872654755672,0,27522,471.8593392214589,930800.2015047432,964.7798720458171,0
711,500.42446043165467,500.42446043165467,1008411.3242496912,1004.1968553275256,0,27522,471.7190055610075,931012.3490350016,964.8898118619563,0
712,500.5843325339728,500.5843325339728,1009190.7647700022,1004.5848718600147,0,27522,472.2240758913968,932331.0889761203,965.5729330175533,0
713,501.1170699803793,501.1170699803793,1009943.9005159509,1004.959651188022,0,27522,472.3552502453386,932378.601897285,965.5975361905627,0
714,500.8714846304774,500.8714846304774,1010021.7658237047,1004.998390955779,0,27522,471.8675171736997,931781.6038599935,965.2883527008878,0
715,500.49927330862585,500.49927330862585,1008632.1243005595,1004.3067879391035,0,27522,471.25907752698726,929993.8223748773,964.3618731445563,0
716,502.24365961776033,502.24365961776033,1013738.9268948478,1006.8460293882316,0,27522,473.13837095191366,935358.215243703,967.1391912458636,0
717,500.6408691228835,500.6408691228835,1009139.2714192283,1004.5592423641466,0,27522,471.9771017337259,931907.6238141969,965.3536263018837,0
718,501.668120049415,501.668120049415,1011938.2031102391,1005.951392021622,0,27522,472.6326463853451,933622.7562970233,966.2415620832211,0
719,501.5963956107841,501.5963956107841,1010930.0641668483,1005.450179853208,0,27522,472.9898593392215,933510.9421000981,966.1836999764062,0
720,500.04879732577575,500.04879732577575,1007184.4517476928,1003.5857969041275,0,27522,471.3650637880275,929749.8230291135,964.2353566578615,0
721,499.88910689630114,499.88910689630114,1006778.1638689049,1003.3833583774972,0,27522,471.16748446189075,929348.065750736,964.0270046791926,0
722,501.29187559043675,501.29187559043675,1008614.6877770511,1004.2981070265198,0,27522,472.5161923454367,931987.3405299314,965.3949142863408,0
723,500.988772618269,500.988772618269,1009758.6277523435,1004.8674677549988,0,27522,472.1720641151456,932270.4612365064,965.5415378100034,0
724,499.80019620667105,499.80019620667105,1007749.8878351864,1003.8674652737714,0,27522,471.11645403990843,929921.0045796533,964.3241180120164,0
725,501.28642540513044,501.28642540513044,1010570.5627134655,1005.2713875931541,0,27522,472.26660124304874,932056.576709192,965.4307726135479,0
726,500.5913814403023,500.5913814403023,1009601.1837075794,1004.7891239994486,0,27522,471.67844291789334,931294.292116454,965.0359019831615,0
727,501.9280575539568,501.9280575539568,1013336.5472712739,1006.646187729966,0,27522,472.8050376185803,935237.6647039581,967.0768659749638,0
728,501.95665285953055,501.95665285953055,1012723.8391468644,1006.3418102945263,0,27522,472.42067386326465,933303.9450441609,966.0765730749094,0
729,500.9282028922317,500.9282028922317,1010343.381803648,1005.1583864265612,0,27522,472.08766764802095,932459.0075237161,965.6391704584669,0
730,500.4991643049197,500.4991643049197,1008306.9946224838,1004.1449071834621,0,27522,471.52993130520116,930464.5518482173,964.6059049416074,0
731,500.1706634692246,500.1706634692246,1008074.2889688249,1004.0290279512963,0,27522,471.59241086032057,931002.8053647367,964.8848663777128,0
732,499.8387835186396,499.8387835186396,1006977.8902332679,1003.4828798904682,0,27522,471.071638861629,930065.5446516193,964.3990588193351,0
733,500.0027977617906,500.0027977617906,1008457.2399898263,1004.2197169891788,0,27522,471.20739286882565,930872.8756951259,964.81753492312,0
734,500.3756631058789,500.3756631058789,1009404.1346195771,1004.6910642678062,0,27522,471.5354923127249,931784.1223421656,965.2896572232428,0
735,500.55940701983866,500.55940701983866,1008480.0427294528,1004.231070386419,0,27522,471.0,928246.9646712464,963.4557408990028,0
736,501.7971077683308,501.7971077683308,1012650.73294092,1006.3054868880125,0,27522,472.9286882564606,934485.9440628067,966.6881317481904,0
737,501.76883947387546,501.76883947387546,1012468.5405130441,1006.2149574087259,0,27522,472.65325482499185,933729.5600261694,966.2968281155482,0
738,501.18712302884967,501.18712302884967,1010003.4993096432,1004.9893030821986,0,27522,471.76218514883874,930975.4566568531,964.8706942678139,0
739,500.68912143012864,500.68912143012864,1009143.3246130368,1004.5612597612138,0,27522,471.5057245665685,930557.0686947989,964.6538595241294,0
740,500.41050795727057,500.41050795727057,1009050.0404767095,1004.5148284006112,0,27522,471.62315996074585,931330.4226365718,965.0546215818936,0
741,501.23606569290024,501.23606569290024,1011543.5762299252,1005.7552267972188,0,27522,471.86228328426563,933237.8884527314,966.0423843976679,0
742,500.8093161834169,500.8093161834169,1010775.9931691011,1005.3735590162997,0,27522,472.13640824337585,933846.7212953876,966.3574500646164,0
743,500.28831480270327,500.28831480270327,1007339.8653077538,1003.6632230523114,0,27522,471.471704285247,929778.6375531567,964.2502981867087,0
744,502.5011990407674,502.5011990407674,1013651.4084732215,1006.8025667792178,0,27522,473.48936866208703,935767.0196270854,967.3505153909235,0
745,500.47594651551486,500.47594651551486,1008745.892413342,1004.3634264614288,0,27522,471.94569839712136,931443.6977428852,965.1133082404807,0
746,500.92969260954874,500.92969260954874,1010766.2112128478,1005.3686941678898,0,27522,471.9087340529931,931911.2970232253,965.3555288199397,0
747,499.7753070271056,499.7753070271056,1006895.8949204274,1003.4420236966495,0,27522,471.49002289826626,930302.0408897612,964.521664292597,0
748,500.71510064675533,500.71510064675533,1009466.7066710268,1004.7222037314726,0,27522,472.02715080143935,932076.9731763167,965.4413359579735,0
749,501.72174987282904,501.72174987282904,1013114.3260664196,1006.5358046619205,0,27522,472.678770035983,934757.295714753,966.8284727472361,0
750,501.2561223748274,501.2561223748274,1011836.1825085386,1005.9006822288861,0,27522,472.50016355904484,933945.9506051685,966.4087906290839,0
751,501.5924714773636,501.5924714773636,1012936.550468716,1006.4474901696143,0,27522,472.77003598298984,934819.0893032384,966.860429070938,0
752,502.115616597631,502.115616597631,1014730.8069181019,1007.3384768379008,0,27522,473.33627739614,936864.9895322211,967.9178630091611,0
753,502.1270619867742,502.1270619867742,1011981.8878351864,1005.9731049263626,0,27522,473.14393195943734,933936.7585868499,966.4040348564621,0
754,502.41592180800814,502.41592180800814,1014056.026197224,1007.0034886718238,0,27522,473.24599280340203,935692.2672554792,967.3118769329152,0
755,500.68450693990263,500.68450693990263,1009424.8699585786,1004.7013834759952,0,27522,471.6411514556755,931206.7598953223,964.9905491222814,0
756,500.25764842671316,500.25764842671316,1007986.5785553375,1003.9853477792082,0,27522,471.6355904481518,930636.3631010795,964.6949585755486,0
757,500.3492478744277,500.3492478744277,1008427.1116924642,1004.2047160277949,0,27522,471.64180569185476,930826.9816813869,964.7937508511272,0
758,500.4426640505777,500.4426640505777,1008737.2686214665,1004.3591332892166,0,27522,472.4334314687602,932577.6817140988,965.7006170206679,0
759,501.4608676695008,501.4608676695008,1010746.1537678947,1005.3587189495572,0,27522,472.7984952567877,933081.452731436,965.961413686611,0
760,500.29383765714704,500.29383765714704,1008430.7875517767,1004.2065462601689,0,27522,472.1324828263003,932342.098462545,965.5786340130694,0
761,500.7073250490517,500.7073250490517,1009167.5484703147,1004.5733166226917,0,27522,471.732744520772,930971.8230291135,964.8688113049947,0
762,501.25005450185307,501.25005450185307,1011375.1711358186,1005.6715025970551,0,27522,472.4965652600589,934002.0392541707,966.4378093049603,0
763,501.90244168301723,501.90244168301723,1013036.0206743696,1006.4969054469913,0,27522,473.09322865554464,935263.3627739614,967.0901523508351,0
764,500.8281738245767,500.8281738245767,1010083.7103771528,1005.0292087184097,0,27522,471.9679424272162,931909.4504416094,965.3545723937964,0
765,501.20903277378096,501.20903277378096,1010119.8834750381,1005.04720460038,0,27522,472.21720641151455,932156.5390906117,965.4825420952011,0
766,500.9933144393576,500.9933144393576,1009475.841363273,1004.7267496007424,0,27522,472.1550539744848,931506.9977101734,965.1461017432404,0
767,500.6110384419737,500.6110384419737,1009359.7020928712,1004.6689514924163,0,27522,471.69316323192675,931683.2437029767,965.2374027683431,0
768,500.5627861347286,500.5627861347286,1008774.58509556,1004.3777103737219,0,27522,471.6656853123978,930892.4285246974,964.8276677856504,0
769,500.54948768258123,500.54948768258123,1010225.9708960105,1005.0999805472143,0,27522,471.7857376512921,932409.4494602551,965.6135093608908,0
770,501.0120267422426,501.0120267422426,1009970.9831044256,1004.9731255632787,0,27522,472.20510304219823,932724.2862283285,965.7765198162194,0
771,501.77810478889614,501.77810478889614,1011977.890305937,1005.971118027718,0,27522,473.0709846254498,934956.0758913968,966.9312674080804,0
772,501.5340818254487,501.5340818254487,1011854.2861347286,1005.9096809031756,0,27522,472.87569512594047,934297.8511612692,966.5908395806724,0
773,501.4823050650389,501.4823050650389,1012261.5767749437,1006.1121094465287,0,27522,472.6898920510304,934452.3706247956,966.6707664064304,0
774,501.9336894121067,501.9336894121067,1013137.6960613327,1006.5474137174725,0,27522,473.16683022571146,935738.7939156035,967.3359260957919,0
775,500.3198532083424,500.3198532083424,1008163.2570670736,1004.0733325146493,0,27522,471.9332679097154,932120.6143277723,965.4639373522826,0
776,500.86072959813964,500.86072959813964,1010549.9079645375,1005.261114320323,0,27522,472.120379456984,932842.5070330389,965.837722929188,0
777,501.4656638325703,501.4656638325703,1011860.7642613183,1005.9129009319437,0,27522,473.7252208047105,936130.3735688584,967.538305995612,0
778,502.5713974275125,502.5713974275125,1014122.0945425478,1007.0362925647456,0,27522,473.80994438992474,936192.7559699052,967.5705431491314,0
779,501.12626262626264,501.12626262626264,1010788.1977690575,1005.3796286821498,0,27522,472.5358194308145,933142.966961073,965.9932540970838,0
780,501.6849066201584,501.6849066201584,1012105.0957779231,1006.03434125179,0,27522,472.9061171082761,934235.5197906444,966.5585961495788,0
781,501.61667030012353,501.61667030012353,1011464.2853717026,1005.7158074584006,0,27522,472.86261040235524,933566.4654890415,966.2124328992261,0
782,500.63149480415666,500.63149480415666,1009507.7483467772,1004.742627913625,0,27522,472.2018318613019,931839.284592738,965.3182297008267,0
783,501.27603371847977,501.27603371847977,1009400.0802630623,1004.6890465527442,0,27522,472.7255479228001,933502.7922800131,966.1794824358532,0
784,500.6583460504324,500.6583460504324,1010517.9528013952,1005.245220233051,0,27522,472.4367026496565,933419.5979718679,966.1364282397533,0
785,501.01496984230795,501.01496984230795,1011535.2277450766,1005.7510764324722,0,27522,471.8773307163886,932742.2639842983,965.7858271813158,0
786,501.6865053411816,501.6865053411816,1011477.736647046,1005.7224948498697,0,27522,473.0549558390579,934414.8070003272,966.6513368326385,0
787,500.36062059443356,500.36062059443356,1008754.2134655912,1004.3675689037311,0,27522,471.60091593065096,930719.3732417403,964.7379816518785,0
788,500.84510573359495,500.84510573359495,1010672.4936051159,1005.3220845107879,0,27522,472.1485116126922,932667.0722930979,965.7468986712294,0
789,500.9091272436596,500.9091272436596,1009859.5780466535,1004.9176971506938,0,27522,471.6993784756297,931742.5132482826,965.2681043359314,0
790,501.4763825303394,501.4763825303394,1011823.2790131532,1005.8942683071383,0,27522,472.88191036964344,934550.7877003598,966.7216702341785,0
791,501.9291475910181,501.9291475910181,1011580.5368795872,1005.7736012043601,0,27522,473.73438011122016,935021.9313052011,966.9653206321317,0
792,502.22650970132986,502.22650970132986,1012798.3611656129,1006.3788358096632,0,27522,473.17533529604185,934770.5210991168,966.8353122942484,0
793,501.38441973693773,501.38441973693773,1011080.5312840637,1005.5250028139845,0,27522,472.1184167484462,931935.5740922473,965.3681028976705,0
794,503.1349102536153,503.1349102536153,1016243.7975801177,1008.0891813625011,0,27522,474.23846908734055,938288.383055283,968.6528702560495,0
795,501.096032265097,501.096032265097,1010678.2521982414,1005.3249485605345,0,27522,472.44749754661433,933040.0228982663,965.939968578931,0
796,500.9937867887508,500.9937867887508,1010215.6579100356,1005.0948502057084,0,27522,472.2437029767746,932617.4036637226,965.7211831909469,0
797,500.92326139088726,500.92326139088726,1008378.974638471,1004.1807479923477,0,27522,472.2005233889434,930511.5665685312,964.6302745448803,0
798,500.59098176004653,500.59098176004653,1007687.2008938304,1003.8362420703043,0,27522,471.82597317631667,931166.1550539745,964.9695099089787,0
799,500.9040040694717,500.9040040694717,1010175.9935324468,1005.0751183530746,0,27522,472.0987896630684,932360.6797513902,965.5882558064748,0
800,501.4015333187995,501.4015333187995,1011861.1506067873,1005.9130929691627,0,27522,472.87111547268563,934663.6666666666,966.7800508216264,0
801,500.9543637817019,500.9543637817019,1010173.0113363854,1005.0736347832359,0,27522,471.99116781158,932060.4615636244,965.432784591255,0
802,502.316038078628,502.316038078628,1012285.828718843,1006.1241616812723,0,27522,472.13640824337585,932247.4488060189,965.529620884838,0
803,500.2520892377008,500.2520892377008,1008560.3788968825,1004.2710684356502,0,27522,471.8570493948315,932104.6068040562,965.4556472485187,0
804,500.15867306155076,500.15867306155076,1007122.1105660925,1003.5547372047489,0,27522,472.24828263002945,931961.1229964017,965.381335533478,0
805,501.897609185379,501.897609185379,1012295.5537388271,1006.1289945821197,0,27522,473.1691200523389,934998.3892705267,966.9531474019445,0
806,501.9775089019693,501.9775089019693,1011708.4583605842,1005.8371927705717,0,27522,472.28720968269545,931791.025188093,965.2932327474864,0
807,499.76833078991353,499.76833078991353,1006179.0238354771,1003.0847540639211,0,27522,471.67419038272817,931160.0569185476,964.9663501483084,0
808,501.77628806046073,501.77628806046073,1013118.3245040331,1006.5377908971094,0,27522,472.801766437684,935119.3807654564,967.0157086446198,0
809,501.6845432744713,501.6845432744713,1011227.9298742824,1005.598294486562,0,27522,472.8007850834151,933573.419692509,966.2160315853329,0
810,501.3973185088293,501.3973185088293,1010778.2818472495,1005.3746972384224,0,27522,472.95289499509323,933778.9031730455,966.3223598639563,0
811,500.4875735775016,500.4875735775016,1007790.7999055302,1003.8878422939139,0,27522,471.61236506378805,929996.2777232581,964.3631461867766,0
812,500.2400624954582,500.2400624954582,1008028.390560279,1004.0061705787864,0,27522,471.48969578017665,930388.3199214917,964.5663895873066,0
813,499.96119468061914,499.96119468061914,1007760.1254996003,1003.872564372391,0,27522,471.58030749100425,930338.1265947007,964.5403706401826,0
814,500.9073468497929,500.9073468497929,1009551.8555337548,1004.7645771690774,0,27522,472.09453712790315,931516.6434412823,965.1510987618893,0
815,501.17208051740425,501.17208051740425,1010472.7666593997,1005.2227447980869,0,27522,472.33824010467777,932314.5083415112,965.5643470745548,0
816,501.7145919627934,501.7145919627934,1012419.6098757358,1006.1906429080603,0,27522,472.6571802420674,933970.149492967,966.421310554029,0
817,500.3602209141778,500.3602209141778,1008693.1677930383,1004.3371783385489,0,27522,471.60189728491986,930950.7520444881,964.8578921501799,0
818,501.2871157619359,501.2871157619359,1011519.1783300632,1005.7430975801242,0,27522,472.33464180569183,933332.1933267909,966.0911930696765,0
819,500.91893757721095,500.91893757721095,1009536.8123319526,1004.7570912075976,0,27522,472.03729146221787,931643.4936211973,965.2168117170345,0
820,500.3041203400916,500.3041203400916,1007993.8782791948,1003.9889831463265,0,27522,471.6090938828917,930488.4929669611,964.6183146545379,0
821,499.7805392049996,499.7805392049996,1007310.4469878642,1003.6485674716346,0,27522,470.82237487733073,929257.3856722277,963.9799716136366,0
822,500.1418138216699,500.1418138216699,1008067.1646319308,1004.0254800710641,0,27522,471.81092574419364,931190.2950605168,964.9820179985308,0
823,500.1778577138289,500.1778577138289,1008185.6518784972,1004.0844844327081,0,27522,471.5839057899902,930658.7968596664,964.7065858900655,0
824,500.26629605406583,500.26629605406583,1009154.7126298961,1004.5669278997274,0,27522,471.59012103369315,930015.8694798822,964.3733040062247,0
825,501.0892740353172,501.0892740353172,1011060.3365671099,1005.5149608867637,0,27522,472.7759241086032,934341.5721295387,966.6134553840737,0
826,500.3814403023036,500.3814403023036,1007255.0730324831,1003.6209807653898,0,27522,471.405299313052,929238.1086032058,963.9699728742622,0
827,499.83707579391034,499.83707579391034,1007255.2474384129,1003.6210676537299,0,27522,471.74942754334313,931411.2391233235,965.0964921308768,0
828,500.1860329917884,500.1860329917884,1008380.2208415086,1004.1813684994901,0,27522,471.6388616290481,931440.1413150147,965.1114657463223,0
829,500.6294237337403,500.6294237337403,1009196.1729162125,1004.587563588268,0,27522,471.70101406607785,931128.9990186457,964.9502572768431,0
830,501.23817309788535,501.23817309788535,1009031.2187704382,1004.505459801209,0,27522,472.58456002616947,931464.4517500817,965.1240602897027,0
831,499.67451493350774,499.67451493350774,1006538.6971877044,1003.2640216751045,0,27522,470.8351324828263,928518.613346418,963.5967067951291,0
832,500.9978562604462,500.9978562604462,1008520.2734902987,1004.2511008160751,0,27522,472.1125286228328,930594.4769381747,964.6732487936911,0
833,501.56354916067147,501.56354916067147,1011883.5365162415,1005.924220066423,0,27522,471.93457638207394,931742.1792607132,965.2679313334268,0
834,500.25001816728434,500.25001816728434,1008886.6257902769,1004.4334850005135,0,27522,471.6771344455348,931459.029440628,965.1212511599919,0
835,499.75176222658234,499.75176222658234,1007019.7764697333,1003.5037501024764,0,27522,471.20641151455675,929390.5580634609,964.049043391186,0
836,500.6335658745731,500.6335658745731,1008398.6701184507,1004.1905546849416,0,27522,471.9116781157998,930578.8838730782,964.665166714896,0
837,500.77014751834895,500.77014751834895,1008464.6124554902,1004.2233877258038,0,27522,472.03565587176973,931299.3127248937,965.0385032344013,0
838,500.58487755250343,500.58487755250343,1008479.7597194972,1004.2309294776263,0,27522,471.9087340529931,931106.1468760222,964.9384161054126,0
839,500.3540077029286,500.3540077029286,1009167.2237846087,1004.5731550188909,0,27522,471.414131501472,930907.1439319594,964.835293680719,0
840,501.00163505559186,501.00163505559186,1011376.5717244386,1005.6721989418016,0,27522,472.28819103696435,933696.7893359503,966.2798711222076,0
841,500.5459632294165,500.5459632294165,1010211.3049197006,1005.0926847409152,0,27522,471.97775596990516,932625.5014720313,965.7253758041317,0
842,499.6663033209796,499.6663033209796,1006850.992587748,1003.4196492932297,0,27522,470.85475956820414,929113.6542361793,963.9054176817243,0
843,500.224365961776,500.224365961776,1008177.1623065184,1004.0802569050536,0,27522,471.3444553483808,930233.405299313,964.4860835177006,0
844,500.3969188285735,500.3969188285735,1008783.9789986192,1004.3823868420927,0,27522,471.82335623159963,931412.3617926071,965.097073766472,0
845,500.3746094033864,500.3746094033864,1008483.5075212558,1004.2327954818323,0,27522,471.50278050376187,930920.1543997383,964.8420359829573,0
846,500.44876825812077,500.44876825812077,1008489.3803865998,1004.2357195333175,0,27522,471.87994766110563,930916.3608112528,964.8400700692591,0
847,501.06896301140904,501.06896301140904,1010204.2489644648,1005.0891746330097,0,27522,472.3058554138044,932329.4036637226,965.5720603164336,0
848,500.3897972531066,500.3897972531066,1009571.630840782,1004.7744178873096,0,27522,471.7886817140988,932182.2695453059,965.495867181888,0
849,499.482668410726,499.482668410726,1007130.9570525398,1003.5591447705211,0,27522,470.8992476283938,929827.1210336932,964.2754383648343,0
850,500.37526342562313,500.37526342562313,1008744.0406220478,1004.3625045878842,0,27522,471.5518482172064,930684.0137389598,964.7196555160259,0
851,500.36360002906764,500.36360002906764,1007773.8810042875,1003.8794155695631,0,27522,471.58684985279683,930193.2767419039,964.4652802158841,0
852,432.0243280432988,432.0243280432988,758747.4732226401,871.0611191085503,0,54505,443.49537648612943,840719.5459048877,916.9075994367631,0
853,432.1738923034584,432.1738923034584,759349.0472066783,871.4063616973876,0,54505,443.7282034346103,841497.8768163804,917.3319338256902,0
854,431.343087790111,431.343087790111,757988.3721309971,870.6252765288848,0,54505,442.9942206076618,840314.6425033025,916.6867744782306,0
855,432.8439776167324,432.8439776167324,760932.0879001926,872.3142139734928,0,54505,444.44071994715983,843314.4981836196,918.3215657838051,0
856,432.16903036418677,432.16903036418677,758950.0429134942,871.1773888901698,0,54505,443.72721268163804,841431.4346103038,917.2957181903248,0
857,432.0883038253371,432.0883038253371,758993.5645353637,871.2023671543619,0,54505,444.0259247027741,842247.5989101718,917.740485600462,0
858,432.71237501146686,432.71237501146686,760872.0013943675,872.2797724321982,0,54505,444.3698811096433,843896.4372523117,918.6383604293432,0
859,432.86415925144485,432.86415925144485,761251.6614072104,872.4973704299689,0,54505,444.6733817701453,844513.2417437253,918.9740158153141,0
860,433.4333547380974,433.4333547380974,762353.5040638474,873.128572470199,0,54505,445.276750330251,845784.3328929987,919.6653374423756,0
861,432.22135583891384,432.22135583891384,759334.3976699385,871.3979559707141,0,54505,443.54408850726554,840684.9281704095,916.8887218034746,0
862,433.4358866159068,433.4358866159068,762258.4992019081,873.074165922866,0,54505,444.9220607661823,844425.1951783355,918.926109748948,0
863,431.79781671406295,431.79781671406295,759053.9744977525,871.2370369180551,0,54505,443.5764531043593,841839.9242073976,917.518350883184,0
864,432.28201082469496,432.28201082469496,759398.8672782313,871.4349472440449,0,54505,444.2128467635403,842422.3617899604,917.8356943320305,0
865,433.006770021099,433.006770021099,761309.2580864141,872.5303765980954,0,54505,444.73629458388376,844165.3251321004,918.7847000968727,0
866,432.25289422988715,432.25289422988715,760140.7577653426,871.8605150856085,0,54505,443.87533025099077,842730.3257926024,918.0034454143417,0
867,434.200935693973,434.200935693973,764005.8683056601,874.0742922118577,0,54505,444.625,843942.3495706737,918.6633494216876,0
868,432.1930281625539,432.1930281625539,759302.1744977525,871.3794664196262,0,54505,443.6852708058124,840973.4782034346,917.0460611133088,0
869,431.7526281992478,431.7526281992478,758389.9360976057,870.8558641345913,0,54505,444.22341479524437,843227.5298877147,918.2742127968718,0
870,433.1351068709293,433.1351068709293,760744.8760847629,872.2068998149251,0,54505,444.18295904887714,842722.9943857332,917.9994522796477,0
871,433.0317402073204,433.0317402073204,761890.9874506926,872.8636705985034,0,54505,444.8434610303831,844465.5416116249,918.9480625212857,0
872,431.14684891294377,431.14684891294377,758067.7937620402,870.6708871680735,0,54505,442.49405548216646,840200.681968296,916.6246134423272,0
873,433.1047243372168,433.1047243372168,761874.0361251262,872.8539603651496,0,54505,444.91116248348743,844782.9577278732,919.1207525281285,0
874,432.7163196037061,432.7163196037061,761155.7770296303,872.4424204666061,0,54505,444.5488771466314,844191.9884412154,918.799210078685,0
875,433.2826896614989,433.2826896614989,761513.599394551,872.6474657010991,0,54505,445.17453764861295,844396.6933619551,918.9106013981747,0
876,431.93712503440054,431.93712503440054,758672.8268048803,871.0182700752495,0,54505,443.7085535006605,841405.4575627476,917.2815584992144,0
877,430.6896248050638,430.6896248050638,756754.1057517659,869.916148690071,0,54505,443.01304491413475,840347.4651585205,916.7046771771815,0
878,431.9427025043574,431.9427025043574,758492.0220713696,870.9144746020528,0,54505,443.64233817701455,841060.5776089828,917.0935489954026,0
879,433.8379965140813,433.8379965140813,763643.1008164389,873.8667523235101,0,54505,445.5132100396301,846980.5019815059,920.3154361312788,0
880,432.90887074580314,432.90887074580314,760603.1481882397,872.1256493122075,0,54505,444.93064729194185,843576.2480184941,918.4640700748691,0
881,432.2464544537198,432.2464544537198,759679.8035593065,871.5961241075516,0,54505,443.8832562747688,842366.2485138705,917.8051255652642,0
882,432.8364920649482,432.8364920649482,760426.3830290799,872.0243018569379,0,54505,444.6208718626156,843358.8916776751,918.3457364618595,0
883,433.0043115310522,433.0043115310522,760970.4523621686,872.3362037438138,0,54505,444.2182959048877,842728.356010568,918.0023725517096,0
884,433.6668745986607,433.6668745986607,762350.9468672599,873.1271080817844,0,54505,444.51849405548217,843413.1182298547,918.3752600271062,0
885,432.31167782772224,432.31167782772224,759833.0352077791,871.6840225722731,0,54505,443.82348084544253,842133.4526089828,917.6782947247814,0
886,432.6130079809192,432.6130079809192,760672.6986881937,872.1655225289485,0,54505,444.2301849405548,843067.7265521797,918.1871958114966,0
887,432.8857902944684,432.8857902944684,761466.0460141271,872.6202186599432,0,54505,444.44270145310435,844272.9598745046,918.8432727481355,0
888,432.45863682230987,432.45863682230987,759390.3665718741,871.4300698116139,0,54505,444.2452113606341,842397.447985469,917.8221221922411,0
889,432.56134299605543,432.56134299605543,760679.3290156866,872.1693235924356,0,54505,444.29673051519154,844091.946334214,918.7447666975927,0
890,432.4613154756444,432.4613154756444,760119.0792771305,871.8480826824881,0,54505,444.0455746367239,842378.2717965654,917.8116755612588,0
891,432.1137877258967,432.1137877258967,759476.3044491331,871.4793769499845,0,54505,443.77278731836196,842160.6225231176,917.6930982213594,0
892,431.2137051646638,431.2137051646638,757146.8201632878,870.1418391062964,0,54505,442.9123183619551,839677.1421730515,916.3389886788904,0
893,432.987138794606,432.987138794606,761848.0633336391,872.8390821529699,0,54505,444.43807793923384,844097.6395310436,918.7478650484276,0
894,432.2241812677736,432.2241812677736,759817.096761765,871.6748801943102,0,54505,443.6425033025099,842047.7098745046,917.6315763281605,0
895,431.99112008072655,431.99112008072655,759389.9592697917,871.4298361140682,0,54505,443.6256605019815,841817.2217635403,917.5059791432099,0
896,431.8621777818549,431.8621777818549,760075.7568296486,871.8232371471,0,54505,443.4275099075297,842529.5724900925,917.8940965547673,0
897,431.74844509678013,431.74844509678013,759104.3890101826,871.2659691564812,0,54505,443.54607001321006,842046.053665786,917.6306738910737,0
898,431.4157967158976,431.4157967158976,757970.0847628658,870.6147740320433,0,54505,443.38953104359314,841419.6765191546,917.2893090618437,0
899,432.26537014952754,432.26537014952754,760017.4538115769,871.789799098141,0,54505,443.8806142668428,842830.6794914135,918.0581024594323,0
900,432.44729841298965,432.44729841298965,760124.7655811394,871.8513437399401,0,54505,444.3181968295905,843380.6124504623,918.3575624180717,0
901,432.12319970644893,432.12319970644893,760201.9943307954,871.8956327054261,0,54505,443.64580581241745,843085.1055151916,918.1966594990375,0
902,432.30747637831394,432.30747637831394,760211.9116961746,871.9013199302858,0,54505,443.96879128137385,842847.7888044914,918.0674206203439,0
903,432.1925144482158,432.1925144482158,759461.0344555546,871.4706159449983,0,54505,444.49669749009246,843852.0852047557,918.6142200100952,0
904,432.37811209980737,432.37811209980737,759858.7435831575,871.6987688319615,0,54505,444.1358982826948,843243.6580250991,918.2829945202618,0
905,433.62379598202,433.62379598202,762718.9023942758,873.337793980242,0,54505,445.55713342140024,846306.4263540291,919.949143351973,0
906,432.1976882854784,432.1976882854784,759612.9913035501,871.5577957333352,0,54505,443.6497688243065,841796.9512879789,917.4949325680109,0
907,431.8445830657738,431.8445830657738,758716.768168058,871.0434938440549,0,54505,443.27493394980183,841043.0853698811,917.0840121656692,0
908,431.89109256031554,431.89109256031554,758509.3762407119,870.9244377330974,0,54505,443.59065389696167,841221.9502972258,917.1815252703392,0
909,431.96657187414,431.96657187414,759071.9012567655,871.247324963908,0,54505,443.61971598414794,841756.196334214,917.4727223924501,0
910,431.92963948261627,431.92963948261627,759283.8969819283,871.368978666287,0,54505,443.4952113606341,842341.8228203434,917.7918188894165,0
911,431.23729933033667,431.23729933033667,756894.3740023851,869.9967666620291,0,54505,443.15009907529725,839423.6028731837,916.2006346173221,0
912,430.97191083386844,430.97191083386844,756857.0038345106,869.9752892091307,0,54505,442.4123183619551,839021.0061096434,915.9808983322979,0
913,431.85504082194296,431.85504082194296,757973.8159618384,870.616916882413,0,54505,443.598249669749,840935.8238110965,917.0255306212017,0
914,431.6917713971195,431.6917713971195,758277.0810751307,870.7910662582217,0,54505,443.79177675033026,842475.6804821665,917.8647397531765,0
915,431.74160168791855,431.74160168791855,758582.4373543712,870.9663812997441,0,54505,443.85617569352706,842527.7739431969,917.8931168405159,0
916,432.382918998257,432.382918998257,760488.3905513255,872.059854913254,0,54505,444.0275759577279,843453.516347424,918.397254104902,0
917,432.31226492982296,432.31226492982296,760028.8566920466,871.7963389989927,0,54505,443.9853038309115,842535.8188573315,917.8974991017959,0
918,431.32785982937344,431.32785982937344,758035.1883863866,870.6521626840346,0,54505,444.05498678996037,842715.377972259,917.9953038944475,0
919,432.1938170810017,432.1938170810017,759446.733840932,871.4624110315557,0,54505,443.82546235138705,841720.1705746368,917.4530890321514,0
920,432.493257499312,432.493257499312,760156.6536097606,871.8696310858411,0,54505,444.2344782034346,843179.9405548216,918.2483000555033,0
921,431.5047426841574,431.5047426841574,758317.139418402,870.8140670765499,0,54505,442.9674702774108,840586.0837186262,916.834818120814,0
922,431.8810934776626,431.8810934776626,759597.8504907807,871.5491096265205,0,54505,443.3997688243065,842040.8360303831,917.6278308935399,0
923,431.8093569397303,431.8093569397303,758040.1366663609,870.6550043882829,0,54505,444.18295904887714,841311.5581241744,917.230373529014,0
924,431.7085588478121,431.7085588478121,758098.9281166865,870.6887665042466,0,54505,443.1304491413474,839887.8315719947,916.453944053925,0
925,431.51310888909273,431.51310888909273,757669.5843317127,870.4421774774662,0,54505,442.6172391017173,838906.2975561427,915.918281047028,0
926,431.8123107971746,431.8123107971746,758786.5856343454,871.0835698337705,0,54505,443.74042272126815,842023.9877807134,917.6186505192194,0
927,431.5384093202459,431.5384093202459,758148.3681313641,870.7171573659061,0,54505,443.3259577278732,840577.7780713342,916.8302885874431,0
928,431.6425649023025,431.6425649023025,758073.8476836988,870.6743637455388,0,54505,443.2072324966975,840087.2495046235,916.5627362622939,0
929,432.0742317218604,432.0742317218604,759359.5932850197,871.412412859158,0,54505,443.87466974900923,842097.8277741083,917.6588842124879,0
930,430.6541785157325,430.6541785157325,756044.9790294468,869.508469785917,0,54505,442.3939894319683,838477.9220607661,915.6844009050095,0
931,430.806458123108,430.806458123108,756634.2345105953,869.8472478030815,0,54505,442.44963672391015,838987.7072324967,915.9627215299195,0
932,431.5715072011742,431.5715072011742,758259.2651866801,870.7808364833714,0,54505,443.6358982826948,840847.2874834874,916.9772557067528,0
933,432.07529584441795,432.07529584441795,758287.5127786442,870.7970560231839,0,54505,444.1537318361955,841235.0160171731,917.1886479984219,0
934,431.4479772497936,431.4479772497936,757482.1476194845,870.3345032913979,0,54505,443.1496036988111,840104.4953764861,916.5721441198648,0
935,431.30364186771857,431.30364186771857,757124.8583249244,870.1292193260289,0,54505,442.62400924702774,838784.6061756936,915.8518472851893,0
936,431.8593340060545,431.8593340060545,758505.9119163379,870.9224488531329,0,54505,444.06737120211363,842231.1136063408,917.7315040938395,0
937,431.1867535088524,431.1867535088524,757001.467058068,870.0583124469692,0,54505,443.2395970937913,840974.2703104359,917.0464929928231,0
938,432.0426749839464,432.0426749839464,758721.9968810201,871.0464952463905,0,54505,443.8854029062087,841449.2916116249,917.3054516417227,0
939,432.0190991652142,432.0190991652142,758967.1984038162,871.1872349867256,0,54505,443.71515852047554,841986.015686922,917.5979597225148,0
940,432.3725713237318,432.3725713237318,760032.5636363636,871.7984650344158,0,54505,444.2031043593131,842711.570343461,917.9932300096015,0
941,431.4068250619209,431.4068250619209,756708.8819924778,869.8901551302198,0,54505,443.24636723910174,840119.820343461,916.5805040166745,0
942,433.0577561691588,433.0577561691588,760985.7605540776,872.3449779497086,0,54505,445.00594451783354,844398.3728533685,918.911515246908,0
943,431.76613154756444,431.76613154756444,758290.2717732318,870.7986401994618,0,54505,443.55069352708057,841404.3816050198,917.2809720064075,0
944,431.9954132648381,431.9954132648381,759255.4112099807,871.352633099815,0,54505,443.7618890356671,842282.9375825628,917.7597384841868,0
945,431.3946059994496,431.3946059994496,758270.3375286671,870.7871941689698,0,54505,442.9580581241744,840591.5759577279,916.8378133332677,0
946,431.5227960737547,431.5227960737547,758382.4798825795,870.8515831544314,0,54505,443.0196499339498,840872.4575627476,916.9909800879983,0
947,431.40412806164574,431.40412806164574,758501.2144573892,870.9197520193173,0,54505,443.0069352708058,840989.6013870542,917.0548518965778,0
948,431.2581047610311,431.2581047610311,757291.7816530593,870.2251327404072,0,54505,442.6931968295905,839180.9699471599,916.0682124968423,0
949,431.17387395651775,431.17387395651775,757143.7799101,870.140092117413,0,54505,442.30184940554824,838440.9722589168,915.6642246254447,0
950,431.9104852765801,431.9104852765801,758501.318099257,870.9198115207031,0,54505,442.93378467635404,839669.2224240423,916.3346672608443,0
951,431.0267681864049,431.0267681864049,756723.1358957894,869.8983480245203,0,54505,442.7551188903567,839032.6900594452,915.9872761449502,0
952,431.18000183469405,431.18000183469405,756850.109421154,869.9713267810348,0,54505,442.8827608982827,839466.6571994716,916.2241304394202,0
953,431.98862489679846,431.98862489679846,758750.3961104486,871.0627968811713,0,54505,442.8163804491413,839561.5366578599,916.2759064047575,0
954,431.0980643977617,431.0980643977617,756864.7361159527,869.9797331639127,0,54505,442.5751321003963,838918.1646301189,915.9247592625275,0
955,431.0738097422255,431.0738097422255,757030.5105953582,870.0750028562815,0,54505,442.6459709379128,839306.785336856,916.1368813320726,0
956,431.81161361343,431.81161361343,758405.4886707641,870.8647935648588,0,54505,443.49900924702774,841349.3368560106,917.2509672145408,0
957,432.04661957618566,432.04661957618566,758314.4391340244,870.8125166383545,0,54505,443.8439564068692,841091.232001321,917.1102616377821,0
958,431.942097055316,431.942097055316,759115.2503073113,871.2722021890239,0,54505,443.80019815059444,842112.1885733157,917.6667088727344,0
959,432.34633519860563,432.34633519860563,759445.9911384276,871.4619849072177,0,54505,444.22886393659184,842951.106340819,918.123687931435,0
960,432.57769012017246,432.57769012017246,760735.5084671131,872.201529732156,0,54505,444.28054821664466,842992.7108652575,918.1463450154652,0
961,431.3077882763049,431.3077882763049,757726.1647004862,870.4746778054409,0,54505,442.7290290620872,839374.9707727873,916.1740941397477,0
962,432.1838363452894,432.1838363452894,759290.3776534263,871.3726973307267,0,54505,443.4408850726552,841191.8801188903,917.1651324155811,0
963,430.82896981928263,430.82896981928263,756333.3255481148,869.6742640483935,0,54505,442.7683289299868,839307.5622523117,916.1373053491009,0
964,431.90281625538944,431.90281625538944,758768.9600770571,871.0734527449779,0,54505,443.6425033025099,841256.8855680317,917.2005699780347,0
965,431.6628933125401,431.6628933125401,758567.2521786992,870.9576638268356,0,54505,443.4212351387054,841025.2901254954,917.0743100346315,0
966,431.63951931015504,431.63951931015504,758705.9015503165,871.0372561207221,0,54505,443.24785336856013,841408.8013540291,917.2833811609306,0
967,431.8056141638382,431.8056141638382,759214.7063755619,871.3292755184815,0,54505,443.6641347424042,842127.4141347425,917.6750046365775,0
968,431.8822860288047,431.8822860288047,758815.651004495,871.100253130772,0,54505,443.04260237780716,839999.6889035667,916.5149692741339,0
969,433.03370332996974,433.03370332996974,761270.7287404825,872.5082972330306,0,54505,444.71714002642005,844582.3558454425,919.0116189937114,0
970,431.92870378864325,431.92870378864325,758975.3173470324,871.1918946747796,0,54505,443.4453434610304,841556.94831572,917.3641307113114,0
971,432.2287496559949,432.2287496559949,759221.6629300064,871.333267429866,0,54505,443.84147952443857,841789.1908850727,917.4907034325049,0
972,431.5929547747913,431.5929547747913,758333.3386294835,870.8233682150953,0,54505,443.26304491413475,840730.4357661823,916.9135377810616,0
973,431.054930740299,431.054930740299,757424.0756077424,870.3011407597617,0,54505,441.93312417437255,838261.8347093791,915.566401037838,0
974,431.4206403082286,431.4206403082286,758166.4309696358,870.7275296955046,0,54505,443.0333553500661,840774.819682959,916.9377403526147,0
975,431.1581506283827,431.1581506283827,757507.5549949546,870.3490994968367,0,54505,442.7452113606341,839819.9370871863,916.416901353956,0
976,432.4610402715347,432.4610402715347,760413.6905054582,872.0170242062125,0,54505,443.6131109643329,841947.7864927344,917.5771283618258,0
977,432.2551325566462,432.2551325566462,759994.2647096596,871.7764992873228,0,54505,443.9436922060766,842570.6332562747,917.9164631143047,0
978,431.65727914870195,431.65727914870195,757910.5443170351,870.5805788765535,0,54505,443.4782034346103,840640.3292602377,916.8644006941472,0
979,432.1013485001376,432.1013485001376,759457.189211999,871.4684097613631,0,54505,443.86112945838835,842112.2455416116,917.6667399124867,0
980,431.8703788643244,431.8703788643244,758531.9121365013,870.9373755537773,0,54505,443.7394319682959,841515.1588507266,917.3413535051859,0
981,432.3355471975048,432.3355471975048,760056.2356297587,871.8120414571931,0,54505,443.62747688243064,841864.3503963011,917.5316617950037,0
982,431.7661682414457,431.7661682414457,758596.3395101366,870.9743621428455,0,54505,443.5097424042272,841438.6385402906,917.2996449036109,0
983,432.12963948261626,432.12963948261626,759259.1993028163,871.354806782413,0,54505,443.8031704095112,841809.9052179656,917.5019919422331,0
984,431.416402164939,431.416402164939,757896.7514356481,870.5726571835622,0,54505,443.1261558784676,840566.8513870542,916.8243296221224,0
985,431.55343546463627,431.55343546463627,758678.2914594992,871.0214070041558,0,54505,443.2415785997358,841508.3330581242,917.3376330763522,0
986,431.62928171727367,431.62928171727367,759029.7059719291,871.2231091815282,0,54505,443.38887054161165,841655.2422391017,917.4177032514152,0
987,431.9752499770663,431.9752499770663,759265.0701953949,871.3581756059875,0,54505,443.5275759577279,841677.1560435931,917.4296463727303,0
988,431.25716906705804,431.25716906705804,757169.3657095679,870.1547941082482,0,54505,442.8946499339498,839358.8051519154,916.1652717451777,0
989,432.25511420970554,432.25511420970554,760428.6981561325,872.0256293000409,0,54505,443.9152906208719,842456.7845112286,917.8544462556297,0
990,431.2699385377488,431.2699385377488,757951.8946885606,870.6043272856853,0,54505,442.9922391017173,840267.1025429326,916.6608437928024,0
991,432.20880653151085,432.20880653151085,759462.2860104578,871.4713340153294,0,54505,444.07859973579923,842383.4815059445,917.8145136714414,0
992,431.7911384276672,431.7911384276672,759330.4512246583,871.3956915343673,0,54505,443.5586195508587,842789.4182628798,918.0356301706812,0
993,430.92022750206405,430.92022750206405,756996.6478488212,870.0555429677012,0,54505,443.23266182298545,841683.5652245707,917.4331393756008,0
994,431.97600220163287,431.97600220163287,760037.2651683332,871.8011614859969,0,54505,443.71251651254954,843302.7950792602,918.3151937538986,0
995,432.1537290156866,432.1537290156866,759423.425355472,871.4490377270905,0,54505,443.69616908850725,842404.1387054161,917.8257670742395,0
996,431.9817998348775,431.9817998348775,759081.3447573617,871.2527444762293,0,54505,443.7080581241744,841967.6304491414,917.5879415342931,0
997,432.119291808091,432.119291808091,759612.7409228511,871.557652093567,0,54505,443.88920079260237,842435.8290951123,917.8430307493282,0
998,431.69331254013395,431.69331254013395,758602.3955967342,870.9778387517872,0,54505,443.6335865257596,841713.6940224571,917.4495593886659,0
999,431.3032382350243,431.3032382350243,757727.6367122282,870.4755233274674,0,54505,442.7057463672391,839402.1750330251,916.1889406847395,0
1000,432.0128978992753,432.0128978992753,759259.1980368773,871.3548060559931,0,54505,443.4669749009247,841581.5482166447,917.3775385394198,0
1001,431.7268874415191,431.7268874415191,759282.676635171,871.3682784191602,0,54505,443.14778731836196,841591.4720937912,917.3829473528442,0
1002,431.446968168058,431.446968168058,758924.3853041006,871.1626629419449,0,54505,443.07430647291943,841197.6459709379,917.1682757111357,0
1003,431.38992752958444,431.38992752958444,758082.1994312449,870.6791598696071,0,54505,443.10221268163804,840662.3769815059,916.8764240515218,0
1004,431.0114117970828,431.0114117970828,757376.5992294285,870.273864498658,0,54505,442.68064729194185,839814.393659181,916.4138768368695,0
1005,431.00653151087056,431.00653151087056,757383.8541234749,870.2780326559295,0,54505,442.82083883751653,840314.3195178335,916.686598308186,0
1006,431.90239427575455,431.90239427575455,758600.7138060728,870.9768732900276,0,54505,443.6193857331572,841470.2115257595,917.3168544869104,0
1007,431.61733785891204,431.61733785891204,757938.053481332,870.5963780543382,0,54505,443.13177014531044,840220.8857331572,916.635634117045,0
1008,432.05032565819647,432.05032565819647,759129.6694064764,871.2804768881697,0,54505,443.3363606340819,840995.3228203434,917.0579713520533,0
1009,431.8488579029447,431.8488579029447,758324.1293459316,870.8180805116139,0,54505,443.32694848084543,840501.5492073976,916.788715685025,0
1010,431.8921383359325,431.8921383359325,758618.3691954867,870.9870086261257,0,54505,443.3804491413474,840904.3378467635,917.0083630189877,0
1011,431.40064214292266,431.40064214292266,758282.6543619852,870.7942663809777,0,54505,442.9712681638045,840611.8332232496,916.8488606216674,0
1012,431.61761306302174,431.61761306302174,758398.5664801394,870.8608192358521,0,54505,443.22110303830914,840697.8079590489,916.8957454144113,0
1013,431.16886524172094,431.16886524172094,757163.3340977893,870.1513282744497,0,54505,442.76915455746365,839419.4729194187,916.1983807666431,0
1014,432.06702137418586,432.06702137418586,759732.791028346,871.6265203791966,0,54505,443.4397291941876,841714.4535997357,917.4499733499019,0
1015,432.3957251628291,432.3957251628291,759842.7908081828,871.6896183895864,0,54505,443.71103038309116,842149.6000660502,917.6870926770465,0
1016,431.7158242363086,431.7158242363086,758615.6927804789,870.9854721982904,0,54505,443.06340819022455,840713.5914795244,916.9043524160654,0
1017,431.8514815154573,431.8514815154573,758705.9840565086,871.0373034816067,0,54505,443.4988441215324,841043.5843791282,917.0842842286243,0
1018,431.6303091459499,431.6303091459499,758782.733547381,871.0813587417543,0,54505,443.0244385733157,840390.8256274769,916.7283270563188,0
1019,431.2303458398312,431.2303458398312,757894.693954683,870.5714755002504,0,54505,442.76073315719947,840239.9327939234,916.6460237157653,0
1020,431.025722410788,431.025722410788,757548.0825061921,870.372381516206,0,54505,442.6238441215324,840189.1558784676,916.6183261742411,0
1021,431.6291349417485,431.6291349417485,758678.1894138153,871.0213484259816,0,54505,443.5876816380449,841667.3274438573,917.4242897612082,0
1022,432.22952022750206,432.22952022750206,759753.9790110999,871.6386745728415,0,54505,444.4095112285337,843539.8903566711,918.444277219185,0
1023,433.0114668379048,433.0114668379048,761970.0814237226,872.9089765970576,0,54505,444.79590488771464,844768.5508586526,919.1129151843382,0
1024,430.6545454545454,430.6545454545454,756693.4507292908,869.881285423069,0,54505,442.18989431968294,838864.0412813738,915.8952130464346,0
1025,431.6751490688928,431.6751490688928,759121.1084487662,871.2755640144892,0,54505,443.2006274768824,841535.0804161163,917.3522117573578,0
1026,431.7489955049995,431.7489955049995,758545.7438950555,870.9453162484173,0,54505,443.3925033025099,841502.6860964333,917.3345551631821,0
1027,431.8523254747271,431.8523254747271,759038.274195028,871.228026520628,0,54505,443.45756274768826,841766.5731505945,917.4783774839572,0
1028,431.2613338225851,431.2613338225851,758151.0156315934,870.7186776632241,0,54505,443.16198811096433,841392.5794253632,917.274538742553,0
1029,431.82577745160995,431.82577745160995,759250.0522520869,871.3495580145129,0,54505,443.40422721268163,842155.4412153236,917.6902752101734,0
1030,431.5569580772406,431.5569580772406,758559.4770388037,870.9532002575131,0,54505,443.0604359313078,840958.4597093791,917.0378725600045,0
1031,431.28885423355655,431.28885423355655,758095.0625997615,870.6865466973528,0,54505,442.8307463672391,840503.4034015852,916.7897269284736,0
1032,431.1976148977158,431.1976148977158,757739.6509311072,870.4824242516946,0,54505,442.7146631439894,840127.3160501982,916.5845929592086,0
1033,431.2825428859738,431.2825428859738,758207.5665535273,870.7511507621034,0,54505,442.82116908850725,840895.3198480846,917.0034459303217,0
1034,430.8440143106137,430.8440143106137,757247.4240344922,870.199646078124,0,54505,442.3971268163804,839730.161988111,916.3679184629452,0
1035,432.2602880469682,432.2602880469682,759532.1648105679,871.5114255192343,0,54505,443.85584544253635,842037.8783025099,917.6262192758606,0
1036,431.24179433079536,431.24179433079536,757932.8784148244,870.5934059104884,0,54505,443.1172391017173,841116.6704095112,917.1241303168897,0
1037,431.82308045133476,431.82308045133476,759045.327969911,871.2320746907285,0,54505,442.9643328929987,840819.2080581242,916.9619447164229,0
1038,431.98719383542795,431.98719383542795,759282.9042840106,871.368409046375,0,54505,443.7029392338177,842119.732661823,917.6708193365544,0
1039,431.4526006788368,431.4526006788368,758386.0978992752,870.853660438581,0,54505,442.8257926023778,840643.4849735799,916.8661216194979,0
1040,432.1165581139345,432.1165581139345,759162.6260159619,871.2993894270568,0,54505,443.8172060766182,842113.0942866579,917.6672023596888,0
1041,430.9030731125585,430.9030731125585,757350.6141821851,870.2589351349317,0,54505,442.62136723910174,839459.0084214002,916.2199563540407,0
1042,431.5286304008807,431.5286304008807,758291.4004219796,870.7992882530277,0,54505,442.8454425363276,840418.746367239,916.7435553998943,0
1043,431.18027703880375,431.18027703880375,757159.9694523438,870.149394904314,0,54505,442.8431307793923,840122.8315719947,916.5821466578949,0
1044,431.5024676635171,431.5024676635171,758159.5463168516,870.723576295515,0,54505,443.1215323645971,840828.964993395,916.9672649519148,0
1045,431.4310797174571,431.4310797174571,757914.5608843225,870.5828857060783,0,54505,443.05416116248347,840260.5019815059,916.6572434566292,0
1046,431.55950830199066,431.55950830199066,758836.9433079534,871.112474545023,0,54505,443.1354029062087,841350.8157199471,917.2517733533946,0
1047,431.0404733510687,431.0404733510687,757503.0136868177,870.3464905925787,0,54505,442.90819022457066,840610.9124834874,916.8483584996417,0
1048,431.28015778368956,431.28015778368956,758103.5275112375,870.6914077394111,0,54505,443.7528071334214,842201.9149603699,917.715595901241,0
1049,432.3393450142189,432.3393450142189,759872.562297037,871.7066951085308,0,54505,444.27196169088506,843155.7151585205,918.2351088683772,0
1050,432.633116227869,432.633116227869,760609.74218879,872.1294297228995,0,54505,444.11393659180976,842961.2305151916,918.1292014282039,0
1051,432.1216769103752,432.1216769103752,759529.0539216585,871.5096407508402,0,54505,443.25330250990754,841001.3371862615,917.0612505096165,0
1052,431.26645261902576,431.26645261902576,757878.864911476,870.5623842732214,0,54505,442.3840819022457,839616.4108322324,916.3058500480244,0
1053,431.76763599669755,431.76763599669755,759067.1491973214,871.2445978009398,0,54505,443.3370211360634,841657.1543923381,917.4187453896602,0
1054,431.8207136959912,431.8207136959912,758601.3246491147,870.9772239554343,0,54505,443.585535006605,841401.4204095112,917.2793578891391,0
1055,431.9179524814237,431.9179524814237,759652.681625539,871.5805651949446,0,54505,443.29722589167767,841738.7311756936,917.4632042625435,0
1056,431.50476103109804,431.50476103109804,758203.01853041,870.7485392065897,0,54505,443.0974240422721,840758.8143989432,916.9290127370512,0
1057,431.5933400605449,431.5933400605449,758529.2152096138,870.935827262614,0,54505,443.19633421400266,840697.1428335535,916.8953827092563,0
1058,431.4045133473993,431.4045133473993,758168.3340794422,870.7286225222197,0,54505,442.9359313077939,840251.0092470277,916.6520655336068,0
1059,431.1057150720117,431.1057150720117,757302.9815062839,870.2315677486561,0,54505,442.79441875825626,839971.2660171731,916.4994631843343,0
1060,432.07529584441795,432.07529584441795,758961.8760113751,871.1841803036687,0,54505,443.6755284015852,841699.1051849405,917.4416085969398,0
1061,431.8342353912485,431.8342353912485,758675.5363911567,871.019825486858,0,54505,443.3284346103038,841266.5665455747,917.2058474222538,0
1062,431.6515915971012,431.6515915971012,758460.3355655444,870.896282897995,0,54505,443.2278731836196,841001.6017173051,917.0613947371818,0
1063,431.4624162920833,431.4624162920833,758233.0363636364,870.7657758339129,0,54505,442.87863276089826,840362.1712351387,916.7126983058207,0
1064,431.29964223465737,431.29964223465737,758291.1755435282,870.7991591311559,0,54505,442.9522787318362,840895.9575627476,917.003793646868,0
1065,431.1849738556096,431.1849738556096,757928.8384001468,870.5910856424771,0,54505,442.5485468956407,840241.2351387055,916.6467341013688,0
1066,431.2670030272452,431.2670030272452,757727.509733052,870.4754503907919,0,54505,442.90075957727873,840476.1137714663,916.774843552912,0
1067,431.4335382075039,431.4335382075039,758196.5124483992,870.7448032853249,0,54505,443.028071334214,840731.0558124174,916.9138758969773,0
1068,431.66962663975784,431.66962663975784,758246.4324924318,870.7734679538828,0,54505,443.4025759577279,841333.9597093791,917.2425849846807,0
1069,431.84491331070546,431.84491331070546,758764.9844051005,871.0711706887678,0,54505,443.29788639365916,841531.0290620872,917.350003576654,0
1070,431.7061737455279,431.7061737455279,758889.3426474635,871.1425501302663,0,54505,443.2732826948481,842104.126651255,917.6623162423392,0
1071,431.6942115402257,431.6942115402257,758406.1359324832,870.8651651848771,0,54505,443.32001321003963,840656.4151254954,916.8731728682519,0
1072,431.93055682964865,431.93055682964865,758930.7598752409,871.1663215914863,0,54505,443.59461690885075,841515.1349075297,917.3413404548656,0
1073,433.14013393266674,433.14013393266674,761770.8203100633,872.7948328846037,0,54505,444.8545244385733,844875.9146301189,919.1713195210775,0
1074,432.51681497110354,432.51681497110354,759703.7144665627,871.60984073527,0,54505,444.304821664465,842750.2935931308,918.0143210174506,0
1075,432.51681497110354,432.51681497110354,760728.1545362811,872.197313992815,0,54505,444.6816380449141,844680.003632761,919.0647439831216,0
1076,431.92848362535545,431.92848362535545,759432.4687276396,871.4542264098784,0,54505,443.13143989431967,841013.0782694848,917.0676519589407,0
1077,431.57345197688284,431.57345197688284,758430.1822034676,870.8789710421693,0,54505,443.22291941875824,841476.8272787319,917.3204605146077,0
1078,431.0182552059444,431.0182552059444,757260.2798642326,870.20703275958,0,54505,442.7798877146631,840016.0150264201,916.5238758627187,0
1079,431.47529584441793,431.47529584441793,758545.2292633704,870.9450208040519,0,54505,443.35353368560106,841500.1362285337,917.3331653377271,0
1080,431.7470140354096,431.7470140354096,758734.5031281534,871.0536740799348,0,54505,443.452608982827,841574.5483817701,917.3737233983596,0
1081,431.5278047885515,431.5278047885515,758860.7143381342,871.126118503018,0,54505,443.1755284015852,841877.8700462352,917.5390291678252,0
1082,431.4916796624163,431.4916796624163,758735.9952297955,871.0545305718784,0,54505,442.95756274768826,841449.7019484808,917.3056753059368,0
1083,431.3333822585084,431.3333822585084,758051.1454728924,870.6613265058305,0,54505,442.9473249669749,840760.7442206077,916.930065065274,0
1084,431.0484359233098,431.0484359233098,757916.4895147234,870.5839933715318,0,54505,442.6020475561427,840135.1948480846,916.5888908600652,0
1085,432.1574167507568,432.1574167507568,759567.2969085405,871.5315811309081,0,54505,443.817536327609,842239.767007926,917.7362186423319,0
1086,432.1256765434364,432.1256765434364,759690.3538390973,871.6021763620702,0,54505,443.6215323645971,842086.6631439894,917.652800978665,0
1087,431.42203467571784,431.42203467571784,757987.5108338684,870.6247818858985,0,54505,443.0120541611625,840256.6358982828,916.6551346598582,0
1088,431.0200532061279,431.0200532061279,757333.294927071,870.2489844447225,0,54505,442.68725231175694,840052.5231175694,916.5437922530322,0
1089,431.82142922667646,431.82142922667646,758576.9877075498,870.9632527882849,0,54505,443.41165785997356,841416.8086195509,917.2877458134666,0
1090,431.3325566461792,431.3325566461792,758189.3969177139,870.7407173881982,0,54505,442.9109973579921,840911.5331902246,917.0122862809552,0
1091,432.3683515273828,432.3683515273828,760277.5795798551,871.9389769816779,0,54505,444.0703434610304,843312.9230515192,918.3207081687308,0
1092,431.21223740941196,431.21223740941196,757273.7189432163,870.2147544963923,0,54505,443.2339828269485,840559.4367569353,916.820285964995,0
1093,431.4233740023851,431.4233740023851,757889.9850105495,870.5687709828268,0,54505,442.7589167767503,840007.249339498,916.5190938215625,0
1094,431.95616915879276,431.95616915879276,759012.5035684799,871.2132365663873,0,54505,443.3839167767503,841527.5104029062,917.3480857356744,0
1095,430.9862397945143,430.9862397945143,757591.4273002477,870.3972813033412,0,54505,442.72110303830914,840222.5308784676,916.6365314989729,0
1096,431.71415466470967,431.71415466470967,758363.7421520961,870.8408248078957,0,54505,443.4360964332893,841249.2983817701,917.19643391248,0
1097,431.0266764517017,431.0266764517017,757751.6023667554,870.4892890591793,0,54505,442.8560105680317,840436.6667767504,916.7533292967909,0
1098,431.64368406568207,431.64368406568207,758771.2532611687,871.0747690417676,0,54505,443.43213342140024,841403.5279062088,917.2805066642421,0
1099,431.53822585083935,431.53822585083935,757890.7427391983,870.5692061744421,0,54505,443.28698811096433,840366.0601056804,916.7148193989668,0
1100,432.0700302724521,432.0700302724521,759884.0425832493,871.7132800314845,0,54505,443.60997357992073,842062.0511889035,917.6393906044484,0
1101,431.9390881570498,431.9390881570498,759182.3044491331,871.3106819321872,0,54505,443.6467965653897,841609.0137054161,917.3925079841322,0
1102,431.8705990276122,431.8705990276122,759293.1283918907,871.3742757230618,0,54505,443.5232826948481,842046.0787648613,917.630687567096,0
1103,431.97591046692963,431.97591046692963,759702.9824970186,871.6094208399876,0,54505,443.3754953764861,841951.0343461031,917.5788981586832,0
1104,431.7279515640767,431.7279515640767,758413.2700853132,870.8692611898259,0,54505,443.44121532364596,841177.0875165126,917.1570680731369,0
1105,431.76941564994036,431.76941564994036,759397.2748922118,871.4340335861411,0,54505,443.3629458388375,842286.3345442537,917.7615891636856,0
1106,430.86258141454914,430.86258141454914,756956.6113751032,870.032534664712,0,54505,442.4501321003963,839404.6347424042,916.1902830429955,0
1107,431.3525364645445,431.3525364645445,757694.0,870.4562022296125,0,54505,442.59643328929985,839744.7645310436,916.3758860484292,0
1108,431.2367305751766,431.2367305751766,757659.6319970645,870.4364606317134,0,54505,443.0663804491413,840258.9494715984,916.6563966239468,0
1109,431.6686175580222,431.6686175580222,759422.7685166498,871.448660861126,0,54505,443.32777410832233,842085.6811426685,917.6522659170349,0
1110,431.5934501421888,431.5934501421888,758525.4947802954,870.9336913797143,0,54505,443.08041611624833,840539.4050528401,916.8093613466434,0
1111,432.23740941198054,432.23740941198054,760187.4058893679,871.8872667319829,0,54505,444.03781373844123,843211.2369550859,918.2653412576813,0
1112,431.2720484359233,431.2720484359233,757797.3008531327,870.5155373990361,0,54505,442.81159180977545,839740.1841149273,916.3733868434457,0
1113,431.0928722135584,431.0928722135584,756924.9229428492,870.0143234124649,0,54505,442.7744385733157,839227.6647952443,916.0936986985798,0
1114,431.67113108889095,431.67113108889095,759085.6111365929,871.2551928893124,0,54505,443.3545244385733,841962.0830581242,917.584918717676,0
1115,432.1097697458949,432.1097697458949,759836.2742684158,871.6858805030719,0,54505,443.8398282694848,842538.6862615588,917.8990610418766,0
1116,431.8936427850656,431.8936427850656,759777.1405008715,871.651960647638,0,54505,443.751321003963,842647.0,917.9580600441395,0
1117,432.1525548114852,432.1525548114852,759963.3086689295,871.758744532528,0,54505,443.9775429326288,842752.1453104359,918.0153295617868,0
1118,432.2173562058527,432.2173562058527,760164.1570681588,871.8739341602999,0,54505,443.5686922060766,842517.0056142668,917.8872510359139,0
1119,431.15723328135033,431.15723328135033,757657.0301990643,870.4349660940007,0,54505,442.63887054161165,839746.2234147952,916.3766820553627,0
1120,432.0272268599211,432.0272268599211,758980.9667003027,871.1951369815506,0,54505,443.31423381770145,841337.2296895641,917.2443674886013,0
1121,431.36895697642416,431.36895697642416,758203.7581322815,870.7489638996313,0,54505,443.02625495376486,841118.1702443857,917.1249480002089,0
1122,431.4885606825062,431.4885606825062,758308.668012109,870.8092029900172,0,54505,443.169749009247,840958.6248348745,917.0379625919935,0
1123,431.7839831208146,431.7839831208146,758261.2022016329,870.7819487114056,0,54505,443.8745046235139,841966.4772126817,917.5873131275746,0
1124,431.9301531969544,431.9301531969544,758966.6522887809,871.186921555174,0,54505,443.34230515191547,841534.3370211361,917.3518065721221,0
1125,430.98783597835063,430.98783597835063,757348.0949637648,870.2574877378331,0,54505,442.45277410832233,839879.8101056804,916.4495676826306,0
1126,431.6836437024126,431.6836437024126,758534.5422805247,870.938885502608,0,54505,443.4370871862616,841416.7561096434,917.2877171910912,0
1127,431.6047335106871,431.6047335106871,758460.4328777177,870.8963387669727,0,54505,443.1862615587847,840922.0994055482,917.0180474808269,0
1128,431.4570956792955,431.4570956792955,758173.8399963306,870.7317841886389,0,54505,443.1304491413474,840689.9154557463,916.8914414780772,0
1129,431.3418952389689,431.3418952389689,758136.464617925,870.7103218740002,0,54505,442.90389696169086,840546.4749009247,916.8132170191072,0
1130,431.27788276304926,431.27788276304926,758152.7023759289,870.7196462558594,0,54505,442.84725891677675,840543.0985799207,916.8113756819996,0
1131,430.98011191633793,430.98011191633793,757074.7758003853,870.1004400644705,0,54505,442.58801188903567,839584.6494385733,916.2885186656948,0
1132,416.0842666589592,416.0842666589592,707868.697096695,841.3493311916845,0,69197,429.301638917794,726793.9598074922,852.5221169022492,0
1133,416.0090610864633,416.0090610864633,707921.8475511944,841.380917035319,0,69197,429.8279136316337,728305.2285379813,853.4080082457518,0
1134,415.892769917771,415.892769917771,707559.7338612946,841.1656994084427,0,69197,428.64151925078045,725829.906087409,851.9565165472995,0
1135,415.9052993626891,415.9052993626891,707467.4711186901,841.1108554279216,0,69197,429.1595993756504,726634.9324921956,852.4288430667956,0
1136,415.6128444874778,415.6128444874778,707433.6211974508,841.0907330350577,0,69197,428.88618626430804,726897.5443548387,852.5828665618602,0
1137,415.7109412257757,415.7109412257757,707299.1904851366,841.010814725433,0,69197,428.9229968782518,726890.1534859522,852.5785321517028,0
1138,415.79867624318973,415.79867624318973,707326.3793950605,841.0269789935758,0,69197,429.16376170655565,726621.7961758585,852.4211378044648,0
1139,415.8596615460208,415.8596615460208,707531.7866236976,841.1490870373085,0,69197,429.4488813735692,727138.2725026015,852.7240306820264,0
1140,416.04322441724355,416.04322441724355,707617.7794268538,841.2002017515532,0,69197,429.5703694068678,727152.9259885536,852.7326228006957,0
1141,416.268653265315,416.268653265315,708362.4416954492,841.6427042964546,0,69197,429.32310093652444,727310.2133194589,852.8248432822879,0
1142,415.24051620735,415.24051620735,706675.7582265127,840.6400884008046,0,69197,429.0539802289282,726617.2782258064,852.4184877311181,0
1143,416.3528476668064,416.3528476668064,708240.8697197855,841.5704781655459,0,69197,430.4436784599376,728638.19367846,853.6030656449518,0
1144,416.6480483257945,416.6480483257945,709578.4318250791,842.3647854849341,0,69197,429.8259625390219,729031.5486472425,853.8334431534305,0
1145,416.26175990288596,416.26175990288596,708795.0748876396,841.8996821995122,0,69197,429.3656347554631,728426.455905307,853.4790307355577,0
1146,416.58327673165024,416.58327673165024,709276.984392387,842.1858372071968,0,69197,429.9220863683663,728689.8393600417,853.6333166881677,0
1147,415.72020463314885,415.72020463314885,707997.6093038715,841.4259380978647,0,69197,429.0267950052029,727590.0548907388,852.9888949398689,0
1148,415.77188317412606,415.77188317412606,707760.5752417012,841.2850737067081,0,69197,429.06750780437045,727074.6934183142,852.6867498784734,0
1149,415.88233593941936,415.88233593941936,708243.230053326,841.5718805029824,0,69197,429.3419614984391,727983.3294745057,853.2193911735162,0
1150,416.3012269318034,416.3012269318034,708289.4780987615,841.5993572352355,0,69197,429.6692247658689,727864.2800468262,853.1496234816178,0
1151,415.99343902192294,415.99343902192294,707953.4243970114,841.3996817191052,0,69197,429.09547346514046,727420.4960978148,852.8894981753584,0
1152,415.6756940329783,415.6756940329783,707592.5947223145,841.1852321114028,0,69197,429.1436004162331,727700.0907908429,853.0533926964026,0
1153,415.7488330418949,415.7488330418949,707629.1490093501,841.2069596771951,0,69197,428.9579864724246,727111.2511706556,852.7081864100143,0
1154,416.5894330679076,416.5894330679076,709625.3348122028,842.392625093669,0,69197,430.08610822060353,729600.9409469303,854.1668109607925,0
1155,416.4504964088039,416.4504964088039,709006.2119311531,842.0250660943254,0,69197,429.90985952133195,729140.4137617066,853.8971915644802,0
1156,416.5255719178577,416.5255719178577,709113.218781161,842.0886050655008,0,69197,429.7103277835588,728826.7433662851,853.7135019233824,0
1157,416.16401000043356,416.16401000043356,708289.682197205,841.5994784915239,0,69197,429.2982570239334,727485.6273413112,852.9276800182482,0
1158,415.51902539127417,415.51902539127417,706623.0656242323,840.6087470543191,0,69197,428.77471383975023,725562.5111862643,851.7995721918768,0
1159,415.8845181149472,415.8845181149472,707491.3205052242,841.1250326231078,0,69197,429.2749739854318,727142.2310093653,852.7263517737476,0
1160,416.3132361229533,416.3132361229533,708660.5381880717,841.8197777363464,0,69197,429.4819198751301,727756.6746878251,853.0865575589767,0
1161,416.56443198404554,416.56443198404554,709107.5719612122,842.0852521931566,0,69197,429.74661810613946,728261.1149843913,853.3821623307996,0
1162,416.48372039250256,416.48372039250256,708843.7851640967,841.9286104914696,0,69197,429.87877211238293,728529.9516129033,853.539660246027,0
1163,416.33985577409425,416.33985577409425,708624.8075639118,841.7985552160991,0,69197,429.83441727367324,728379.8890478668,853.4517496893816,0
1164,415.2357616659682,415.2357616659682,706294.8660057517,840.4135089381606,0,69197,428.5681581685744,725673.7518210198,851.864867112748,0
1165,415.8299492752576,415.8299492752576,707636.4712776565,841.2113119054311,0,69197,429.3312955254943,727497.5472164412,852.9346676132008,0
1166,416.2919779759238,416.2919779759238,708732.0328915993,841.8622410416085,0,69197,429.61407388137354,728214.1619406868,853.3546519124899,0
1167,416.1067531829415,416.1067531829415,708321.8155844907,841.618568939927,0,69197,429.32284079084286,727759.8355879292,853.0884101826313,0
1168,416.0455944621877,416.0455944621877,708156.0129629897,841.5200609391256,0,69197,429.27354318418315,727541.8172476587,852.9606188140568,0
1169,415.94045984652513,415.94045984652513,708240.1832738414,841.5700703291684,0,69197,429.28381893860563,727748.9131113424,853.082008432567,0
1170,416.08550948740555,416.08550948740555,708445.3114585893,841.6919338205572,0,69197,429.5196409989594,728208.0737513007,853.3510846956841,0
1171,416.5110048123474,416.5110048123474,709078.2889142593,842.0678647913476,0,69197,429.8609521331946,728851.2790062435,853.7278717520259,0
1172,416.196944954261,416.196944954261,708619.4071130251,841.7953475239841,0,69197,429.2529916753382,727819.2847294485,853.1232529531993,0
1173,415.59989594924633,415.59989594924633,707493.6545514979,841.1264200769691,0,69197,429.04279396462016,727246.9834807492,852.7877716529179,0
1174,416.1436912004856,416.1436912004856,708532.3923435988,841.7436618968977,0,69197,429.24505723204993,727896.4911550469,853.1685010330883,0
1175,415.72416434238477,415.72416434238477,707847.7111001922,841.3368594684249,0,69197,428.8329864724246,726968.9151925078,852.6247211947984,0
1176,416.2324667254361,416.2324667254361,708394.3618653988,841.6616670999094,0,69197,429.1586888657648,727092.4331425598,852.6971520666407,0
1177,415.6349263696403,415.6349263696403,707187.982022342,840.944696173501,0,69197,429.11979708636835,727268.1611602497,852.800188297499,0
1178,416.0468228391404,416.0468228391404,708421.3905227105,841.6777236702362,0,69197,429.0707596253902,726960.6909469303,852.6198982823063,0
1179,415.83510845845916,415.83510845845916,706967.7335722647,840.8137329826772,0,69197,429.27523413111345,726489.6191467221,852.3436039219877,0
1180,415.3970981400928,415.3970981400928,706273.1013916788,840.4005600852958,0,69197,428.7955254942768,725388.6292924037,851.697498700333,0
1181,415.82812838706883,415.82812838706883,707440.3751174184,841.0947480025175,0,69197,428.76821019771074,726683.4864724246,852.4573223759795,0
1182,415.36702458199056,415.36702458199056,707156.1167680679,840.9257498543304,0,69197,428.8181581685744,726997.453433923,852.641456553646,0
1183,415.5710074136162,415.5710074136162,707407.6897408847,841.0753175197123,0,69197,428.80385015608744,726943.9042663892,852.6100540495574,0
1184,415.37387458993885,415.37387458993885,707080.8576094339,840.8810008612597,0,69197,428.4103798126951,726199.1874349635,852.1732144552324,0
1185,415.0329205023339,415.0329205023339,706390.0114600344,840.4701133651538,0,69197,429.04656607700315,727102.8550988553,852.7032632157891,0
1186,415.9183057068948,415.9183057068948,707851.2958798792,841.3389898726191,0,69197,429.06724765868887,727163.137226847,852.7386101419631,0
1187,414.8180412445626,414.8180412445626,705991.6032486957,840.2330648389741,0,69197,427.8069719042664,724871.2440166493,851.3937068223192,0
1188,417.01683598999955,417.01683598999955,709995.1415812824,842.612094371593,0,69197,430.0381113423517,729190.229578564,853.9263607469697,0
1189,415.2888420018209,415.2888420018209,706635.9335520326,840.6164009535102,0,69197,428.4166233090531,725584.0001300728,851.8121859483302,0
1190,415.853519661257,415.853519661257,707324.9322947527,841.0261186757239,0,69197,429.40387617065556,727304.486082206,852.8214854717287,0
1191,416.384424180239,416.384424180239,708724.6045204272,841.8578291614489,0,69197,429.80879292403745,728777.0070239335,853.6843720157547,0
1192,416.1913955807333,416.1913955807333,708562.7348584476,841.7616853114945,0,69197,429.4906347554631,727429.5111862643,852.8947831862172,0
1193,416.12721649782503,416.12721649782503,708634.0477332833,841.804043547715,0,69197,429.4669614984391,728275.0733610822,853.3903405599821,0
1194,416.12095900111274,416.12095900111274,708649.6293191902,841.813298373927,0,69197,429.31191467221646,727614.8590010406,853.0034343430515,0
1195,415.3831235458185,415.3831235458185,706917.6264288914,840.7839356391697,0,69197,428.5989854318418,726117.5911810613,852.1253377180269,0
1196,415.2600401751521,415.2600401751521,706203.9393759845,840.3594108332366,0,69197,428.50052029136316,725507.0827263268,851.7670354776162,0
1197,415.43666632946514,415.43666632946514,706618.705941009,840.6061538800492,0,69197,428.69693028095736,726028.669094693,852.0731594732304,0
1198,415.30791797332256,415.30791797332256,706593.4309579895,840.5911199614171,0,69197,428.4815296566077,726266.5920915713,852.2127622205451,0
1199,415.3326878332876,415.3326878332876,706885.9980924028,840.7651265914892,0,69197,428.5400624349636,726189.8394901145,852.1677296695261,0
1200,415.2323077590069,415.2323077590069,706815.7899619925,840.7233730318151,0,69197,428.34703433923,726026.527835588,852.0719029727409,0
1201,415.465366995679,415.465366995679,707500.5111059728,841.130495883946,0,69197,428.4616285119667,726285.6270811654,852.2239301270326,0
1202,415.13013569952454,415.13013569952454,706759.9130309117,840.6901409145415,0,69197,428.4136316337149,726119.9737252862,852.1267357179249,0
1203,414.9505614405249,414.9505614405249,706363.3806089859,840.4542703853589,0,69197,428.0920915712799,725486.7364724246,851.7550918382728,0
1204,415.76003294940534,415.76003294940534,707284.7039467029,841.0022021057393,0,69197,429.0593132154006,727834.527835588,853.1321866132985,0
1205,415.78757749613425,415.78757749613425,708208.9962137087,841.5515410322226,0,69197,429.085197710718,728132.0245837669,853.3065244000933,0
1206,415.8000635865717,415.8000635865717,708134.194358137,841.5070970337309,0,69197,429.08584807492196,727883.7122788762,853.1610119308525,0
1207,414.8968163359683,414.8968163359683,706013.9509371794,840.2463632394843,0,69197,428.3540582726327,725721.2359521332,851.8927373514422,0
1208,415.83282512247644,415.83282512247644,707739.2493027154,841.2723989901936,0,69197,429.28590010405827,727513.4849115504,852.9440104201157,0
1209,415.75231585184326,415.75231585184326,707488.1800511583,841.1231658034145,0,69197,429.29188345473466,727663.5775234131,853.0319909144165,0
1210,416.1584895298929,416.1584895298929,708347.0836452447,841.633580393062,0,69197,429.2060353798127,727658.5379812695,853.0290370094499,0
1211,415.39416448689974,415.39416448689974,707172.1242539417,840.9352675764893,0,69197,428.49076482830384,726234.6044484911,852.1939946094968,0
1212,416.83538303683684,416.83538303683684,709568.8092836394,842.3590738418145,0,69197,429.5646462018731,728150.6973204995,853.317465730369,0
1213,415.66825151379396,415.66825151379396,707618.0430943538,841.2003584725543,0,69197,428.9873829344433,726999.7670395421,852.642813280885,0
1214,415.2733789037097,415.2733789037097,706797.7960027169,840.7126714893245,0,69197,428.27744536940685,725731.8674557753,851.898977259496,0
1215,415.6796103877336,415.6796103877336,707486.4201916268,841.12211966612,0,69197,428.80450052029136,726973.7449271592,852.6275534646761,0
1216,415.64521583305634,415.64521583305634,707202.184285446,840.9531403624378,0,69197,428.95083246618105,726506.0569719042,852.3532465896427,0
1217,415.2279867624319,415.2279867624319,706961.3957396997,840.8099641058612,0,69197,428.34157127991676,726177.6084807492,852.1605532297004,0
1218,414.7779383499285,414.7779383499285,706046.1934332413,840.265549355227,0,69197,428.2800468262227,725557.8107440167,851.7968130628434,0
1219,414.90074714221714,414.90074714221714,705989.630778791,840.2318910745955,0,69197,428.1239594172737,724947.6393080124,851.4385704841028,0
1220,415.48294001185025,415.48294001185025,706823.1958466407,840.7277774920017,0,69197,428.914802289282,726417.4676118627,852.3012774904556,0
1221,415.3978785207451,415.3978785207451,706607.2569764585,840.5993439067499,0,69197,428.573361082206,725462.2523413112,851.7407189639997,0
1222,415.1675072618755,415.1675072618755,706980.9558506871,840.8215957328208,0,69197,428.38410509885534,726439.6879552549,852.3143128888867,0
1223,415.7824761189069,415.7824761189069,708035.3889908522,841.4483875977493,0,69197,429.28511966701353,728018.6641519251,853.240097599688,0
1224,416.14350333106927,416.14350333106927,708457.3317051317,841.699074316428,0,69197,429.5016909469303,728083.4218262227,853.2780448518657,0
1225,415.53125135482753,415.53125135482753,706735.1722473517,840.6754262183186,0,69197,428.93509365244535,726464.7363423518,852.3290070989909,0
1226,415.4838071014639,415.4838071014639,706805.2620344813,840.7171117768933,0,69197,428.6809313215401,726039.8632934443,852.0797282493254,0
1227,415.86695955026954,415.86695955026954,707609.3903492925,841.1952153628149,0,69197,429.2939646201873,727477.8933402705,852.9231462097101,0
1228,414.7000158966429,414.7000158966429,705434.9802592598,839.9017682201055,0,69197,427.84482310093654,724466.6179760665,851.1560479583438,0
1229,415.43438299348236,415.43438299348236,707331.0327181814,841.029745441968,0,69197,428.56620707596255,726469.7844693029,852.3319684661035,0
1230,415.8694307556686,415.8694307556686,708050.6462852436,841.4574536393646,0,69197,429.0556711758585,727272.5429240374,852.8027573384348,0
1231,415.8080119080307,415.8080119080307,707909.9422373802,841.373842139973,0,69197,429.12408949011444,727527.0764828303,852.9519778292506,0
1232,415.5440264751362,415.5440264751362,707396.6630634275,841.0687623871354,0,69197,428.8976326742976,727190.1174557753,852.7544297485504,0
1233,415.40052314406694,415.40052314406694,707178.1311328526,840.9388391154571,0,69197,428.52224245577526,726516.3242715921,852.359269481826,0
1234,415.264693556079,415.264693556079,706918.2969059353,840.7843343604442,0,69197,428.58454734651406,725976.4138917794,852.0424953555893,0
1235,415.21482145179704,415.21482145179704,706259.8493865341,840.3926757097149,0,69197,428.29981789802287,724963.4504422477,851.4478553864867,0
1236,415.40657831986937,415.40657831986937,706834.5818893883,840.7345490042551,0,69197,428.40816857440166,725592.3444328824,851.8170839052727,0
1237,415.11149327282976,415.11149327282976,706362.4851944449,840.4537376884256,0,69197,428.1464620187305,725334.2812174818,851.6655923644455,0
1238,415.1229533072243,415.1229533072243,706624.737185138,840.6097413099244,0,69197,428.29214360041624,725849.0460457857,851.9677494164821,0
1239,414.9869792043008,414.9869792043008,706473.7940662168,840.5199545913332,0,69197,428.17117585848075,725704.5317377731,851.8829331180272,0
1240,414.69193751174186,414.69193751174186,705606.3833403182,840.0037995987389,0,69197,428.33220603537984,725764.4167533818,851.9180810109514,0
1241,415.3595098053384,415.3595098053384,707074.8273191034,840.8774151558023,0,69197,428.65010405827263,726526.8262226847,852.3654299786475,0
1242,415.4949925574808,415.4949925574808,707454.7856265445,841.1033144783966,0,69197,428.9533038501561,727346.7740634755,852.8462780967479,0
1243,416.0007803806523,416.0007803806523,708515.0148416839,841.733339509422,0,69197,429.02718522372527,727566.5456555671,852.9751143237223,0
1244,415.16549850427043,415.16549850427043,706603.9582785381,840.5973817937681,0,69197,428.54214360041624,726069.3285639959,852.0970182813668,0
1245,416.0673006055176,416.0673006055176,708345.615026663,841.63270791163,0,69197,429.6346253902185,728694.513137357,853.6360542627971,0
1246,415.1706721389656,415.1706721389656,706600.4894865385,840.5953185014406,0,69197,428.0357700312175,725233.1481529657,851.6062166007043,0
1247,416.32906050840353,416.32906050840353,709165.0786305765,842.1193968972432,0,69197,429.4089490114464,728554.5991155047,853.5540985289126,0
1248,415.2970215471769,415.2970215471769,706822.0434122867,840.7270921127061,0,69197,428.67689906347556,726248.0267950052,852.2018697439036,0
1249,415.5658915848953,415.5658915848953,707404.3900024567,841.0733558985546,0,69197,428.644901144641,726415.5291363164,852.3001402888049,0
1250,415.11120424295854,415.11120424295854,706271.7695853866,840.3997677209261,0,69197,428.233220603538,725406.7628772112,851.708144188613,0
1251,415.61540240183825,415.61540240183825,707096.7182247785,840.8904317595595,0,69197,428.7925338189386,726397.101326743,852.289329586346,0
1252,415.7816090292932,415.7816090292932,707334.7950633698,841.0319821881744,0,69197,429.1506243496358,726926.9859521332,852.6001325076916,0
1253,415.4145988987962,415.4145988987962,706930.5608624652,840.7916274930818,0,69197,428.5045525494277,726244.5550208116,852.1998327979252,0
1254,415.1483734843996,415.1483734843996,706510.0614188476,840.5415286699686,0,69197,428.54721644120707,726170.4171436004,852.1563337461034,0
1255,415.2784513779499,415.2784513779499,706821.7059554606,840.7268914192412,0,69197,428.4102497398543,726034.4825702393,852.0765708375271,0
1256,415.52801422026965,415.52801422026965,707117.4255820339,840.9027444253194,0,69197,428.76495837669097,726509.7529916753,852.3554147136482,0
1257,415.38255993756957,415.38255993756957,706975.2083038283,840.8181779099618,0,69197,428.67598855359,726422.2212539022,852.3040661958045,0
1258,415.63940633264446,415.63940633264446,707360.7008396317,841.0473832309519,0,69197,428.585197710718,726247.1406087409,852.2013498045758,0
1259,414.96640027746867,414.96640027746867,705934.635403269,840.1991641291182,0,69197,427.9812695109261,724799.2388137357,851.3514191059621,0
1260,415.78276514877814,415.78276514877814,707745.4013613306,841.2760553833269,0,69197,429.0573621227888,727324.9296305932,852.8334712184983,0
1261,415.8375941153518,415.8375941153518,707695.7520123705,841.2465465084362,0,69197,429.079604578564,727115.0041623309,852.7103870379033,0
1262,415.81504978539533,415.81504978539533,707880.2104426492,841.3561733550478,0,69197,428.9466701352758,727195.9388657649,852.7578430397253,0
1263,414.809948408168,414.809948408168,705837.1489226412,840.1411482141802,0,69197,428.1787200832466,725299.6701352758,851.6452724786745,0
1264,415.37426478026504,415.37426478026504,706921.1296588002,840.7860189482221,0,69197,428.55059833506766,725853.0976847034,851.9701272255404,0
1265,415.3646978915271,415.3646978915271,706957.1821755278,840.807458444279,0,69197,428.4767169614984,725990.2087669094,852.0505904973656,0
1266,415.1426795959362,415.1426795959362,706659.530702198,840.6304364595646,0,69197,428.27185223725286,725709.9006243496,851.886084300213,0
1267,415.2587684437187,415.2587684437187,706637.08543723,840.6170860964164,0,69197,428.7585848074922,726642.6945889698,852.4333959840908,0
1268,415.5458618148186,415.5458618148186,707388.9764729685,841.0641928372462,0,69197,429.04214360041624,727555.3964620187,852.9685788245771,0
1269,415.3949304160585,415.3949304160585,707112.1728254115,840.8996211352527,0,69197,428.6139438085328,726514.6436004163,852.3582835876098,0
1270,415.57587756694653,415.57587756694653,707135.9700854083,840.9137708977112,0,69197,428.8579604578564,726734.5790842872,852.4872896907538,0
1271,415.8638524791537,415.8638524791537,707787.2068586788,841.300901496414,0,69197,429.06191467221646,727056.6750780437,852.6761841860272,0
1272,415.6472823966357,415.6472823966357,707064.6662861106,840.8713732112127,0,69197,428.75949531737774,726603.5407127992,852.4104297301853,0
1273,415.3700015896643,415.3700015896643,707023.3007211295,840.8467760068594,0,69197,428.6182362122789,726368.7064255984,852.2726714060461,0
1274,415.36400421983615,415.36400421983615,707239.5100799168,840.9753326227333,0,69197,428.6576482830385,726694.8868366285,852.4640091151231,0
1275,415.4590083385118,415.4590083385118,706734.0523866642,840.6747601698675,0,69197,428.44146722164413,725407.3527575443,851.7084904810708,0
1276,415.2839718484905,415.2839718484905,706367.0811306848,840.4564718833956,0,69197,428.6109521331946,725754.2373829344,851.9121066066232,0
1277,415.1801667702357,415.1801667702357,706203.5295749815,840.3591670083581,0,69197,428.21488033298647,724973.2882414152,851.4536324670975,0
1278,415.93125424512624,415.93125424512624,708054.2110929665,841.459571870786,0,69197,428.86745577523413,726814.2454474506,852.5340142466167,0
1279,415.42712834371434,415.42712834371434,707012.8650519531,840.8405705316277,0,69197,428.6021071800208,726048.7355619146,852.0849344765547,0
1280,415.33036114282413,415.33036114282413,706542.2647658136,840.5606847609598,0,69197,428.53446930280955,725741.1845733611,851.9044456823553,0
1281,416.07925199069325,416.07925199069325,708303.5281587353,841.607704431664,0,69197,429.26742976066595,727281.6422996878,852.8080923042932,0
1282,415.66158937526194,415.66158937526194,707595.168186482,841.1867617755775,0,69197,429.14412070759624,727396.7307492195,852.8755658061846,0
1283,415.3436276139139,415.3436276139139,706304.2228853852,840.419075750536,0,69197,428.47983870967744,725396.9317117586,851.7023727287359,0
1284,415.3770828215096,415.3770828215096,706844.6340448285,840.7405271811443,0,69197,428.56919875130075,726374.697710718,852.2761862862989,0
1285,416.09907943986013,416.09907943986013,708777.1035449514,841.8890090415431,0,69197,428.7519510926119,726841.9122008325,852.5502402796169,0
1286,415.54489356474994,415.54489356474994,707568.624160007,841.1709839028014,0,69197,428.8493756503642,726339.5496878251,852.2555659471079,0
1287,415.2701128661647,415.2701128661647,707028.8661358152,840.8500854110769,0,69197,428.0849375650364,725270.1585587929,851.627946088427,0
1288,415.4365362660231,415.4365362660231,706408.0432677717,840.4808405120082,0,69197,428.6913371488033,725544.695239334,851.7891142996217,0
1289,415.5144731708022,415.5144731708022,707011.6306053731,840.83983647623,0,69197,428.74752861602497,726198.2118886576,852.1726420677078,0
1290,416.0997297570704,416.0997297570704,708499.702544908,841.7242437668693,0,69197,428.9363943808533,727109.2155306971,852.7069927769428,0
1291,415.3265025940431,415.3265025940431,707024.9550125005,840.8477597118878,0,69197,428.3665452653486,725989.3969823101,852.0501141261059,0
1292,415.1969305027675,415.1969305027675,706756.7598884344,840.6882655826918,0,69197,428.3562695109261,726187.5482570239,852.166385312765,0
1293,415.1272598523057,415.1272598523057,706647.2998684914,840.6231616298063,0,69197,428.37682101977106,726076.027705515,852.100949245754,0
1294,415.27885601976965,415.27885601976965,706849.0716505051,840.7431662823701,0,69197,428.5256243496358,726030.514698231,852.0742424802143,0
1295,415.47795424657136,415.47795424657136,706996.8749512262,840.8310620756266,0,69197,428.54214360041624,725914.2739334027,852.0060292823066,0
1296,415.11990404208274,415.11990404208274,706318.7306097085,840.4277069502816,0,69197,428.26248699271594,725582.0403225806,851.8110355721982,0
1297,415.3859126840759,415.3859126840759,706729.9657066058,840.6723295711628,0,69197,428.33142559833504,725608.0803850156,851.8263205519161,0
1298,415.32004277642096,415.32004277642096,706970.2027111002,840.8152012845036,0,69197,428.4520031217482,726119.0456555671,852.1261911569009,0
1299,415.2137953957542,415.2137953957542,706923.7591947628,840.7875826834996,0,69197,428.35158688865766,725864.2901925078,851.9766958036515,0
1300,414.98716707371705,414.98716707371705,706361.2507045103,840.4530032693739,0,69197,428.26352757544225,725699.4825702393,851.8799695791886,0
1301,415.64021561628397,415.64021561628397,707058.4829689148,840.8676964712789,0,69197,428.9053069719043,726591.2187825182,852.4032020015635,0
1302,415.28677543824153,415.28677543824153,706871.6162694915,840.7565737295733,0,69197,428.366285119667,726164.7715920915,852.1530212303959,0
1303,415.01287628076363,415.01287628076363,706348.3766059222,840.4453442109857,0,69197,428.2783558792924,725576.733610822,851.8079206081744,0
1304,415.307672297932,415.307672297932,706730.9982947238,840.6729437151666,0,69197,428.8303850156087,726297.3184183142,852.2307894099545,0
1305,415.9361533014437,415.9361533014437,707694.3107071116,841.2456898594558,0,69197,429.1450312174818,727018.7459677419,852.653942679996,0
1306,415.343295229562,415.343295229562,706650.49617758,840.6250627822013,0,69197,428.94081685744015,726525.321930281,852.3645475559628,0
1307,416.226368195153,416.226368195153,708468.4620431522,841.7056861178687,0,69197,429.3253121748179,727576.89789282,852.9811826135557,0
1308,415.36377299593914,415.36377299593914,706743.2136508808,840.6802089087627,0,69197,428.4631893860562,725941.2225546306,852.0218439421789,0
1309,415.2460944838649,415.2460944838649,706526.8661358152,840.5515249738205,0,69197,428.5084547346514,726074.0188605619,852.0997704849837,0
1310,415.3071375926702,415.3071375926702,706670.4248739107,840.6369161974216,0,69197,428.835197710718,726725.1491935484,852.4817588626447,0
1311,415.9559373961299,415.9559373961299,707972.5923811726,841.4110721764794,0,69197,429.3573100936525,727795.2196930281,853.1091487570791,0
1312,415.5008454123734,415.5008454123734,707146.5064092374,840.9200356807046,0,69197,428.707726326743,726521.3965920915,852.3622449358556,0
1313,415.81571455409915,415.81571455409915,708050.1723774152,841.4571720399174,0,69197,429.01482830385015,727203.0023413112,852.7619845779426,0
1314,415.2566440741651,415.2566440741651,706347.0302469761,840.444543231126,0,69197,428.61407388137354,726239.6538761706,852.1969572089369,0
1315,415.57008251802824,415.57008251802824,707844.257077619,841.3348067669725,0,69197,428.7319198751301,727095.5812955255,852.6989980617577,0
1316,415.47937049294046,415.47937049294046,707678.188620894,841.2361075351521,0,69197,428.73204994797084,727132.4432882414,852.7206126793473,0
1317,415.746983250719,415.746983250719,708008.7732994205,841.4325720456872,0,69197,429.10783038501563,727636.0394120708,853.0158494495109,0
1318,416.0637021836207,416.0637021836207,708474.969666315,841.7095518445273,0,69197,428.9829604578564,727371.9374349635,852.8610305524362,0
1319,415.3102157607989,415.3102157607989,707108.133661864,840.8972194399646,0,69197,428.4579864724246,726387.792533819,852.2838685167161,0
1320,415.732965301964,415.732965301964,707722.680289608,841.2625513414988,0,69197,428.99635796045783,727289.0374609781,852.8124280643301,0
1321,415.4463777331387,415.4463777331387,707396.6808532162,841.0687729628394,0,69197,428.5479968782518,726448.4004942768,852.3194239803976,0
1322,415.20998020145385,415.20998020145385,706671.6561556137,840.6376485475854,0,69197,428.8103537981269,726364.2182622269,852.2700383459617,0
1323,415.060161567698,415.060161567698,706446.994407272,840.5040121303836,0,69197,428.3753902185224,725978.2596253902,852.0435784778794,0
1324,415.5893174559591,415.5893174559591,706918.3496105323,840.7843657029621,0,69197,428.8922996878252,726623.4242976067,852.4220928023901,0
1325,415.5289824703383,415.5289824703383,707361.8842579881,841.0480867691145,0,69197,428.6220083246618,726447.1456815817,852.318687863631,0
1326,415.8387357833432,415.8387357833432,707936.0177897885,841.3893378156088,0,69197,428.934053069719,726955.4317117586,852.6168141150857,0
1327,415.39829761405844,415.39829761405844,707019.7268378687,840.8446508350212,0,69197,428.7284079084287,726613.098074922,852.41603579175,0
1328,415.4907871728543,415.4907871728543,707090.6678902265,840.8868341758161,0,69197,429.15751821019774,727179.1713059313,852.7480116106582,0
1329,415.41003222683065,415.41003222683065,707432.8894027198,841.0902980077227,0,69197,428.7843392299688,726554.5621748179,852.3816998122484,0
1330,416.0010694105236,416.0010694105236,708176.1030680521,841.5319976495558,0,69197,429.4690426638918,727984.9518730489,853.2203419240828,0
1331,415.4853678627686,415.4853678627686,707109.5636371518,840.8980697071149,0,69197,428.9430280957336,726814.6618106139,852.5342584381075,0
1332,415.5376967209561,415.5376967209561,707184.1462202119,840.9424155197619,0,69197,429.09950572320497,727057.4148022893,852.6766179521339,0
1333,415.3931239793633,415.3931239793633,707087.6818648208,840.8850586523826,0,69197,428.7860301768991,726756.20512487,852.4999736802753,0
1334,415.8502825266991,415.8502825266991,707769.0813763603,841.2901291328458,0,69197,428.9020551508845,726514.9137617066,852.3584420663096,0
1335,415.41227220833275,415.41227220833275,706785.5727704958,840.7054018920634,0,69197,428.3860561914672,725645.0967741936,851.8480479370681,0
1336,415.6478171018975,415.6478171018975,707067.2509790887,840.8729101232176,0,69197,429.00520291363165,726530.3600416234,852.3675029244272,0
1337,415.53060103761726,415.53060103761726,707092.9602872957,840.8881972576947,0,69197,428.66220083246617,726339.4670915713,852.2555174896619,0
1338,415.1129095191988,415.1129095191988,706442.3039149096,840.501221840224,0,69197,428.39425078043706,725769.584937565,851.9211142691353,0
1339,415.3310548145151,415.3310548145151,706611.7816812868,840.6020352588297,0,69197,428.6556971904266,726106.5558012486,852.1188624841305,0
1340,415.5127823460555,415.5127823460555,707247.6351864965,840.9801633727733,0,69197,428.7899323621228,726921.1223985432,852.5966938702866,0
1341,415.8402965446479,415.8402965446479,708650.7580241918,841.8139687746883,0,69197,428.74492715920917,726885.0935223725,852.5755646993248,0
1342,415.05969911990405,415.05969911990405,706224.935965432,840.3719033650708,0,69197,428.2600156087409,725246.869276795,851.6142725887084,0
1343,415.4646877754816,415.4646877754816,706928.4551064352,840.7903752460747,0,69197,428.7832986472425,726365.447710718,852.2707596243802,0
1344,415.4629102417735,415.4629102417735,706635.8875818315,840.6163736103596,0,69197,428.71214880332985,725838.1166753382,851.9613351997485,0
1345,415.7780395103834,415.7780395103834,707576.3376013411,841.175568832893,0,69197,429.0215920915713,726991.7101977107,852.6380886388496,0
1346,415.6858534329523,415.6858534329523,707388.0593089296,841.0636475968568,0,69197,428.79617585848075,726429.8141259105,852.3085205052865,0
1347,415.2279434079512,415.2279434079512,706722.065205139,840.6676306395643,0,69197,428.46240894901143,726122.8060613944,852.1283976381695,0
1348,414.87297137159123,414.87297137159123,705661.7492521352,840.0367547031113,0,69197,428.10874089490113,725170.9784079085,851.5697143557352,0
1349,415.04125901411913,415.04125901411913,705912.282873535,840.1858621004849,0,69197,428.1476326742976,724708.1905567118,851.2979446449473,0
1350,415.0549734815093,415.0549734815093,706324.0114022284,840.4308486736005,0,69197,428.4376951092612,726193.2821279917,852.1697495968698,0
1351,415.5254274029221,415.5254274029221,707281.8210471552,841.0004881372871,0,69197,428.76508844953173,726624.2070759626,852.4225519517668,0
1352,415.1058716418342,415.1058716418342,706201.5049351851,840.3579623798331,0,69197,428.2732830385016,725326.0055931321,851.6607338565822,0
1353,415.06510397849615,415.06510397849615,706097.8036042025,840.2962594253306,0,69197,428.448361082206,725829.1101716962,851.9560494366457,0
1354,415.5261499776002,415.5261499776002,707146.2346778039,840.9198741127503,0,69197,428.61446409989594,726101.1737773153,852.1157044541048,0
1355,414.9578305417865,414.9578305417865,705751.7790800179,840.0903398325789,0,69197,428.4344432882414,726083.5470863683,852.1053614937347,0
1356,415.29918927121116,415.29918927121116,706972.359235227,840.8164836842977,0,69197,428.5355098855359,726168.0828563996,852.1549641094626,0
1357,415.23181640822577,415.23181640822577,706407.589115135,840.48057033767,0,69197,428.4417273673257,725956.9141519251,852.0310523401862,0
1358,415.2008902120034,415.2008902120034,706928.6628322037,840.7904987761242,0,69197,428.29019250780436,726046.7764047867,852.0837848502849,0
1359,415.01722618032574,415.01722618032574,706295.5524805989,840.4139173529903,0,69197,428.1960197710718,725528.0594432882,851.7793490354695,0
1360,415.1887220544243,415.1887220544243,706724.5839270488,840.669128686815,0,69197,428.35587929240376,726208.7250260146,852.1788104770117,0
1361,415.08208448343134,415.08208448343134,706739.9060508404,840.678241689911,0,69197,428.37278876170654,726412.1269510926,852.298144402,0
1362,415.56366605488677,415.56366605488677,707536.3194213622,841.1517814409967,0,69197,428.6122528616025,726632.2228147762,852.4272536790317,0
1363,415.08773501741405,415.08773501741405,706433.1007702646,840.4957470268749,0,69197,428.39451092611864,725928.9181841832,852.0146232220332,0
1364,415.6687284130815,415.6687284130815,707486.2915010767,841.1220431667908,0,69197,428.94549947970864,726863.0576222684,852.5626414652876,0
1365,415.19204589794356,415.19204589794356,706601.8093558969,840.5961035812009,0,69197,428.47684703433924,726204.68132154,852.176437905637,0
1366,415.49103284824486,415.49103284824486,707044.8084310014,840.8595652253719,0,69197,428.24791883454736,725603.2427159209,851.8234809606512,0
1367,415.0536150411145,415.0536150411145,706229.175123199,840.3744255528003,0,69197,428.1489334027055,725397.6835327784,851.7028140923209,0
1368,414.65869907654957,414.65869907654957,705410.046967354,839.8869251079898,0,69197,428.43951612903226,725976.5159989594,852.0425552746526,0
1369,415.39271933754355,415.39271933754355,707088.399583797,840.8854854162944,0,69197,428.66142039542143,726581.7636576482,852.3976558259931,0
1370,415.4441522031302,415.4441522031302,706969.6616471813,840.8148795348363,0,69197,428.72047346514046,726445.8404006243,852.317922139752,0
1371,415.3606081188491,415.3606081188491,706984.951688657,840.8239718803557,0,69197,428.5503381893861,726191.248309053,852.1685562780717,0
1372,415.0735436507363,415.0735436507363,706529.5016546961,840.5530927042598,0,69197,428.0697190426639,725456.0876690947,851.7371000896313,0
1373,414.70929375550963,414.70929375550963,705905.4768414815,840.1818117773566,0,69197,427.87812174817896,724807.8432622269,851.356472496819,0
1374,415.3030044655115,415.3030044655115,706521.9119615012,840.5485779902915,0,69197,428.80476066597294,726248.9621488033,852.2024185302475,0
1375,415.4809457057387,415.4809457057387,707001.1916557077,840.8336289990474,0,69197,428.7359521331946,726327.7617065557,852.2486501641148,0
1376,415.1322889720653,415.1322889720653,706614.4826654334,840.6036418345054,0,69197,428.38748699271594,726163.583376691,852.1523240458192,0
1377,415.9889879619059,415.9889879619059,708192.1573767649,841.5415363348175,0,69197,429.29448491155046,727872.9248178981,853.1546898528414,0
1378,415.49908233015884,415.49908233015884,707462.7703224128,841.1080610257001,0,69197,428.704604578564,726630.2472684704,852.426094901177,0
1379,415.466884402503,415.466884402503,706911.1462346633,840.780081968325,0,69197,428.681581685744,726045.6048387097,852.0830973788353,0
1380,415.3185398210905,415.3185398210905,706363.5559778603,840.4543747151658,0,69197,428.5411030176899,725564.4677419355,851.8007206746984,0
1381,415.435813691345,415.435813691345,707112.7345405148,840.8999551317117,0,69197,428.31347554630594,725671.9812695109,851.863827891237,0
1382,415.211064063471,415.211064063471,706554.4442100091,840.5679295631074,0,69197,428.29344432882414,725488.2718522373,851.7559931413675,0
1383,414.9081174039337,414.9081174039337,706612.32210934,840.6023567117451,0,69197,428.6426899063475,726683.031867846,852.4570557323377,0
1384,415.96394352356316,415.96394352356316,708102.5597497001,841.4883004235413,0,69197,428.96149843912593,726885.023673257,852.5755237357315,0
1385,415.42227264187756,415.42227264187756,706978.2157174444,840.819966293287,0,69197,428.23946409989594,725420.776144641,851.7163707154166,0
1386,414.897090914346,414.897090914346,706209.2472217004,840.3625689080282,0,69197,427.87382934443286,724945.6680541103,851.4374128813639,0
1387,414.6452013815628,414.6452013815628,705545.5723514025,839.9676019653392,0,69197,428.3223204994797,725842.7570239335,851.9640585282535,0
1388,414.9088399786118,414.9088399786118,705921.5289535674,840.1913644840486,0,69197,428.2431061394381,725281.6900364204,851.6347163170489,0
1389,415.2273364452216,415.2273364452216,706858.2405884648,840.7486191415747,0,69197,428.17156607700315,725647.696019771,851.849573586658,0
1390,414.86224836336834,414.86224836336834,706170.0857696143,840.3392682539679,0,69197,428.00338189386054,725333.1360561915,851.6649200572908,0
1391,414.77980259259795,414.77980259259795,705847.0246397965,840.1470256090873,0,69197,428.5139177939646,726271.9842611862,852.2159258434368,0
1392,415.12093009812565,415.12093009812565,706583.4490946139,840.5851825333432,0,69197,428.9131113423517,727107.8046305932,852.7061654700248,0
1393,415.88698932034623,415.88698932034623,708116.7754671446,841.49674715185,0,69197,429.32856399583767,727973.3855359001,853.2135638489933,0
1394,415.6652745061202,415.6652745061202,707767.2528288799,841.2890423801322,0,69197,428.90257544224767,727120.3201092612,852.7135041203823,0
1395,415.1558015520904,415.1558015520904,706550.1125193288,840.5653529139354,0,69197,428.57895421436007,726185.4030957336,852.1651266601641,0
1396,414.94488200355505,414.94488200355505,706197.4198158879,840.3555317934713,0,69197,428.38410509885534,725741.192898023,851.9044505682682,0
1397,415.25053109238837,415.25053109238837,706575.1397748457,840.5802399383688,0,69197,428.6874349635796,726074.9598074922,852.1003226190518,0
1398,415.52859228001216,415.52859228001216,707214.7713051144,840.9606241109714,0,69197,428.71657127991676,726473.2441467221,852.3339980000341,0
1399,415.296920386722,415.296920386722,706873.1068254404,840.757460166391,0,69197,428.4313215400624,725974.861082206,852.0415841273277,0
1400,415.3796262843765,415.3796262843765,706851.2768472622,840.7444777381902,0,69197,428.69940166493234,726208.8201092612,852.1788662653288,0
1401,415.3127881266529,415.3127881266529,707495.6671387488,841.1276164404238,0,69197,429.13618626430804,727656.8437825182,853.0280439601726,0
1402,415.0135988554417,415.0135988554417,706489.9810685434,840.5295836962215,0,69197,428.49076482830384,726105.2966961499,852.1181236754385,0
1403,415.730985447346,415.730985447346,707851.5398499935,841.339134861795,0,69197,429.16389177939647,727670.9128511967,853.0362904655327,0
1404,415.1225197624174,415.1225197624174,706629.0712747662,840.612319249942,0,69197,428.3967221644121,726159.1917273673,852.1497472436212,0
1405,415.7086145353122,415.7086145353122,707843.7080364756,841.3344804752005,0,69197,429.07583246618105,727405.8705775234,852.8809240319092,0
1406,415.5199936413428,415.5199936413428,707568.4249750712,841.1708655053807,0,69197,428.89516129032256,727232.7554630593,852.7794295496692,0
1407,415.4792693324855,415.4792693324855,707366.1150483403,841.0506019546864,0,69197,428.676638917794,726724.5629552549,852.4814150204419,0
1408,415.5450380796855,415.5450380796855,707530.0972296487,841.1480828187441,0,69197,428.9206555671176,727032.2653485952,852.661870467183,0
1409,415.1876670953943,415.1876670953943,706982.9097359712,840.8227576225391,0,69197,428.4213059313215,726159.7311394381,852.1500637443138,0
1410,415.2415567148865,415.2415567148865,706945.6488865124,840.800599956085,0,69197,428.38046305931323,726209.7373829344,852.1794044583186,0
1411,415.5335202393167,415.5335202393167,707041.2031301935,840.8574214040057,0,69197,428.91649323621226,726332.2539021852,852.2512856559298,0
1412,387.87339004839066,387.87339004839066,612375.0350279618,782.5439508602452,0,122131,379.1217391304348,559843.4675018423,748.2268823704761,0
1413,387.8551391538594,387.8551391538594,612210.2791265117,782.4386743550651,0,122131,379.038540899042,559521.2314664702,748.0115182712564,0
1414,387.90691961909755,387.90691961909755,612317.8655050724,782.5074220127707,0,122131,379.12512896094324,559726.709064112,748.1488548839142,0
1415,388.0000655034348,388.0000655034348,612773.1776043756,782.7982994388628,0,122131,379.1156963890936,560179.4056005896,748.4513381647397,0
1416,388.0094243066871,388.0094243066871,612793.4236762165,782.8112311893696,0,122131,379.11621223286664,560189.6678703021,748.4581938026346,0
1417,387.7455682832369,387.7455682832369,612211.9036280715,782.4397124559,0,122131,378.8875460574797,559588.713633014,748.0566246167559,0
1418,387.86321245220296,387.86321245220296,612503.3773898518,782.6259498571791,0,122131,379.00162122328663,560010.6377302874,748.3385849535539,0
1419,387.90669854500493,387.90669854500493,612334.1751643727,782.5178433520687,0,122131,379.060943257185,559962.1694178334,748.3062003069555,0
1420,387.7933120993032,387.7933120993032,612363.0080241708,782.536266267686,0,122131,379.0456890198968,560016.6564480471,748.3426063295121,0
1421,388.23044108375433,388.23044108375433,613142.7624763574,783.0343303306423,0,122131,379.5106116433309,560351.4964627855,748.5662939665301,0
1422,388.3722068925989,388.3722068925989,612980.8881938247,782.9309600429815,0,122131,379.43603537214443,560262.9689756817,748.5071602701485,0
1423,388.3807141511983,388.3807141511983,612972.1226306179,782.9253621071538,0,122131,379.4670596904937,560297.1065585851,748.5299637012436,0
1424,388.08338587254667,388.08338587254667,612682.8169097117,782.740580850202,0,122131,379.18504053058217,559919.284229919,748.2775449189418,0
1425,387.94297925997495,387.94297925997495,612311.4748262112,782.5033385399779,0,122131,379.07243920412674,559665.1720707443,748.1077275838984,0
1426,388.0195282115106,388.0195282115106,612474.2691618017,782.6073531227531,0,122131,379.2791451731761,560131.3624170965,748.419242415036,0
1427,388.3643382924892,388.3643382924892,613139.7694197214,783.0324191371143,0,122131,379.3277081798084,560399.5109064112,748.5983642156929,0
1428,387.67086980373534,387.67086980373534,612187.7390916311,782.4242705154481,0,122131,378.8047899778924,559664.9308032425,748.1075663320365,0
1429,388.0308029902318,388.0308029902318,612926.4209741998,782.8961750923297,0,122131,379.19115696389093,560296.9282240235,748.5298445780393,0
1430,387.80787023769557,387.80787023769557,612365.2724615372,782.5377131241262,0,122131,379.0114959469418,559849.4414148858,748.2308744063464,0
1431,387.79920740843846,387.79920740843846,612213.3839647592,782.4406584302475,0,122131,378.9322770817981,559704.3576271186,748.1339169073399,0
1432,388.1282393495509,388.1282393495509,612803.8389106779,782.8178836170505,0,122131,379.22343404568903,560144.0532056006,748.4277207623998,0
1433,387.55720496843554,387.55720496843554,611718.4087496214,782.1242923919582,0,122131,378.6144436256448,559206.734266765,747.8012665586793,0
1434,387.9502255774537,387.9502255774537,612360.9298949488,782.5349384500023,0,122131,378.8474576271187,559453.7719970524,747.9664243781617,0
1435,387.6082648958905,387.6082648958905,611964.0859323186,782.2813342604555,0,122131,379.12159174649963,560008.1485630067,748.3369218226551,0
1436,388.3508036452661,388.3508036452661,613137.1369431184,783.0307381853655,0,122131,379.4830508474576,560470.0756816507,748.6454939967585,0
1437,387.99954147595616,387.99954147595616,612282.1147292661,782.4845779497933,0,122131,379.03279292557113,559575.3383198231,748.0476845227336,0
1438,387.6972676879744,387.6972676879744,611994.9014664581,782.3010299535966,0,122131,378.84134119380985,559471.3238761974,747.978157352337,0
1439,387.6006992491669,387.6006992491669,611446.5700518296,781.950490793266,0,122131,378.84568901989684,559097.2745762712,747.7280752895877,0
1440,387.7542966159288,387.7542966159288,612334.1114704702,782.5178026540165,0,122131,379.13935151068534,560196.3125276344,748.4626326862514,0
1441,388.38446422284267,388.38446422284267,613039.2043870925,782.9682013894896,0,122131,379.33419307295503,560066.6404568902,748.3760020583838,0
1442,388.2848171225979,388.2848171225979,613202.3501567988,783.0723786194983,0,122131,379.48798820928516,560414.2178334561,748.6081871269216,0
1443,387.7748646944674,387.7748646944674,612111.7261465148,782.3756937344838,0,122131,379.03117170228444,559676.5866617538,748.1153565204726,0
1444,388.1660512073102,388.1660512073102,612730.5353923247,782.7710619282784,0,122131,379.313706705969,560154.9481945467,748.4349993115947,0
1445,388.1784067927062,388.1784067927062,612766.2225069802,782.7938569680911,0,122131,379.18268238761976,560041.2628592483,748.3590467544628,0
1446,387.71002448190876,387.71002448190876,612148.6026234126,782.3992603673731,0,122131,378.8599852616065,559492.9512159175,747.9926144126808,0
1447,387.8626229212894,387.8626229212894,611936.9649638503,782.2639995320316,0,122131,379.1854826823876,559784.7741341194,748.1876597045151,0
1448,388.265444481745,388.265444481745,612730.3619637929,782.7709511496917,0,122131,379.41643330876934,560286.6879145174,748.5230042654116,0
1449,387.99529194062114,387.99529194062114,612291.0427737429,782.4902828621854,0,122131,378.94473102431834,559456.7936624908,747.9684442959414,0
1450,387.24260834677517,387.24260834677517,611177.3120419877,781.7783010815712,0,122131,378.3875460574797,558700.4708179808,747.4626885791563,0
1451,387.97046613881815,387.97046613881815,612652.6457082968,782.7213078154298,0,122131,379.03478260869565,560028.2969786293,748.3503838300809,0
1452,388.0812570109145,388.0812570109145,612917.6647534205,782.8905828744017,0,122131,379.0834193072955,560116.3882092852,748.4092384580011,0
1453,387.67761665752346,387.67761665752346,612037.9104322408,782.328518227631,0,122131,378.83515106853355,559460.0360353722,747.9706117457906,0
1454,387.69606406235926,387.69606406235926,612519.9314506555,782.6365257580657,0,122131,379.04141488577744,560217.2800294767,748.4766396017158,0
1455,387.6266467972914,387.6266467972914,612232.8557860003,782.4531013332366,0,122131,378.81665438467206,559911.5675755342,748.2723886229761,0
1456,387.7700829437244,387.7700829437244,612682.9679278807,782.7406773177696,0,122131,379.1786293294031,560520.8857774503,748.6794279112057,0
1457,388.30804627817673,388.30804627817673,613187.885843889,783.0631429481846,0,122131,378.93655121591746,559655.9552689757,748.1015674819668,0
1458,387.6851249887416,387.6851249887416,611859.9561454504,782.2147762254625,0,122131,378.9925571112749,559692.1611643331,748.1257656065143,0
1459,387.6820299514456,387.6820299514456,611866.1143526214,782.218712607044,0,122131,378.91680176860723,559588.0149594694,748.0561576241917,0
1460,388.4606529054867,388.4606529054867,613298.6707715486,783.1338779363007,0,122131,379.37155490051583,560511.1335298453,748.6729149166846,0
1461,388.21883059992956,388.21883059992956,613290.2053696441,783.128473093428,0,122131,379.4991156963891,561030.8333824613,749.0199152108449,0
1462,387.91618835512685,387.91618835512685,612572.4029116277,782.6700472815014,0,122131,379.2201179071481,560452.5274134119,748.6337738930911,0
1463,388.21364764064816,388.21364764064816,613136.0477765677,783.030042703706,0,122131,379.0376565954311,559743.7511422255,748.1602442941121,0
1464,387.77965463313984,387.77965463313984,611868.49396959,782.2202336743726,0,122131,378.8962417096536,559284.9759764186,747.8535792362156,0
1465,387.8154931999247,387.8154931999247,611816.969287077,782.1872980859999,0,122131,379.09447310243183,559624.2806190125,748.0803971626395,0
1466,388.05246825130394,388.05246825130394,612633.768887506,782.7092492666137,0,122131,379.22159174649966,560216.913706706,748.4763948894488,0
1467,388.0237368071988,388.0237368071988,612683.3383416168,782.7409139310508,0,122131,379.176050110538,560281.8058216654,748.519743107465,0
1468,387.68409330964295,387.68409330964295,612344.4419025473,782.5244033910682,0,122131,378.60206337509214,559459.7040530582,747.970389823727,0
1469,387.9077711637504,387.9077711637504,612686.1099802671,782.7426843990733,0,122131,379.0141488577745,560203.2505526898,748.4672675225615,0
1470,387.6886539862934,387.6886539862934,612372.7077564255,782.5424638678884,0,122131,378.7033161385409,559764.0915254237,748.1738377712921,0
1471,387.8004519737004,387.8004519737004,612553.286512024,782.6578348882888,0,122131,379.0165806927045,559897.2245394252,748.2628044607224,0
1472,387.74804922583127,387.74804922583127,612057.9443793959,782.3413221729988,0,122131,379.0086956521739,559646.4462785557,748.0952120409244,0
1473,387.92530152049846,387.92530152049846,612489.5162161941,782.6170942524793,0,122131,379.26153279292555,560387.6961680177,748.5904729343125,0
1474,388.055334026578,388.055334026578,612493.3068917801,782.6195160432559,0,122131,379.19292557111277,559917.8224023582,748.276568123283,0
1475,387.8919684600961,387.8919684600961,612200.5668994768,782.4324679481781,0,122131,379.20184229918937,560128.6034635225,748.4173992255407,0
1476,387.970277816443,387.970277816443,612605.0106688719,782.6908781050613,0,122131,379.25018422991894,560374.8923360354,748.581920925182,0
1477,388.32927757899307,388.32927757899307,613198.8911169154,783.0701699828154,0,122131,379.5963154016212,560845.8974207811,748.8964530699695,0
1478,388.03300554322817,388.03300554322817,612646.8730379675,782.7176202424265,0,122131,379.17907148120855,559962.2185703758,748.306233149488,0
1479,388.1385070129615,388.1385070129615,613233.7046286365,783.0923985256379,0,122131,379.18032424465736,560414.0098010317,748.6080481807764,0
1480,387.95530209365353,387.95530209365353,612630.3330931541,782.7070544547009,0,122131,379.00213706705966,559751.2350036846,748.1652457871086,0
1481,387.7320090722257,387.7320090722257,611826.0043887302,782.193073600585,0,122131,379.05637435519526,559640.3448047163,748.0911340236003,0
1482,388.17710491193884,388.17710491193884,612718.8575054654,782.7636025681479,0,122131,379.1241709653648,560126.3125276344,748.4158687037805,0
1483,387.45809008359873,387.45809008359873,612084.3559129132,782.3582017930873,0,122131,378.5613117170228,559527.3369933678,748.0155994318352,0
1484,387.71410207072734,387.71410207072734,612392.1061073765,782.5548582095548,0,122131,379.30250552689756,560464.1837140751,748.6415589012375,0
1485,387.3038704342059,387.3038704342059,611690.0483497229,782.1061618154679,0,122131,379.02144436256447,560060.381798084,748.371820553182,0
1486,388.1836388795638,388.1836388795638,613030.0429866291,782.9623509381719,0,122131,379.2400884303611,560555.9491525424,748.7028443598584,0
1487,388.04569683372773,388.04569683372773,612994.8986006828,782.9399074007423,0,122131,379.18061901252764,560489.170449521,748.6582467651853,0
1488,387.92036419909766,387.92036419909766,612750.249649966,782.7836544345864,0,122131,378.8273397199705,559708.052247605,748.1363861272923,0
1489,387.18387632951504,387.18387632951504,611274.4228246718,781.8404075159276,0,122131,379.02881355932203,560384.2519528371,748.588172463897,0
1490,387.89290188404254,387.89290188404254,612718.8453054507,782.7635947752366,0,122131,379.34112011790717,560868.1645541636,748.9113195526982,0
1491,388.1626777804161,388.1626777804161,613386.2217455028,783.1897737748513,0,122131,379.0828297715549,560568.0798820929,748.7109454803589,0
1492,387.89923934136294,387.89923934136294,612778.0080569225,782.8013848077445,0,122131,379.01709653647754,560235.1215917465,748.4885580900662,0
1493,387.8166722617517,387.8166722617517,612784.187994858,782.8053321195877,0,122131,378.9984524686809,560356.5150331614,748.569646080551,0
1494,388.02458016392234,388.02458016392234,612970.9241060828,782.9245966924802,0,122131,379.0880619012528,560216.4602063375,748.4760919403756,0
1495,387.85644103462676,387.85644103462676,612512.8298057005,782.6319887441992,0,122131,378.9894620486367,559879.7971260133,748.2511591210623,0
1496,387.78829289860886,387.78829289860886,612357.215121468,782.5325648952048,0,122131,378.9398673544584,559846.3501842299,748.2288087104305,0
1497,388.1580270365427,388.1580270365427,612793.4160532543,782.8112263204036,0,122131,379.19439941046426,560145.3904200442,748.4286141109546,0
1498,387.9895194504262,387.9895194504262,612536.2762443606,782.6469678241657,0,122131,378.92542372881354,559743.6722181282,748.1601915486604,0
1499,388.03007426451927,388.03007426451927,612569.3962466532,782.6681265048763,0,122131,378.8750184229919,559590.0129697863,748.0574930911301,0
1500,387.2137868354472,387.2137868354472,611313.014721897,781.865087289295,0,122131,378.4842299189388,559147.661532793,747.7617678999061,0
1501,387.36341305647215,387.36341305647215,611682.2084237417,782.1011497394322,0,122131,378.6658806190125,559615.3911569639,748.0744556238797,0
1502,387.51430021861773,387.51430021861773,612168.6946229868,782.4121002534322,0,122131,378.8446573323508,560021.1706705969,748.3456224703909,0
1503,387.804300300497,387.804300300497,612604.4232095046,782.6905028231175,0,122131,379.07767133382464,560359.0985998526,748.5713717474457,0
1504,387.71668945640334,387.71668945640334,612517.7912814928,782.6351584751945,0,122131,378.6068533529845,559550.9666175387,748.0313941390018,0
1505,387.43602361398825,387.43602361398825,611991.2480451319,782.2986949018463,0,122131,378.60235814296243,559416.825202653,747.9417258066653,0
1506,387.6620268400324,387.6620268400324,612367.7686336802,782.539308043807,0,122131,378.97074428887254,559993.8108327192,748.3273420320276,0
1507,388.03630527875805,388.03630527875805,612966.7366352524,782.9219224387911,0,122131,379.16374355195285,560082.0280029477,748.3862826127612,0
1508,387.7380599520187,387.7380599520187,612089.1249641778,782.3612496565623,0,122131,378.7823139277819,559366.2122328667,747.9078902063186,0
1509,388.06838558596917,388.06838558596917,612628.3563714372,782.7057917068438,0,122131,379.1174649963154,560223.170523213,748.4805745797369,0
1510,387.7927225683897,387.7927225683897,612539.1268965291,782.6487889829825,0,122131,378.9120854826824,560092.7160648489,748.3934233174747,0
1511,387.8208890453693,387.8208890453693,612375.8139456813,782.5444485431364,0,122131,378.979513633014,559877.8667649226,748.249869204748,0
1512,387.79255062187326,387.79255062187326,612387.9736184917,782.5522178222304,0,122131,378.8803979366249,559845.8021370671,748.2284424806819,0
1513,387.83307268424886,387.83307268424886,612289.626802368,782.4893780763852,0,122131,379.0400884303611,559922.0782608696,748.2794118916206,0
1514,388.08192023319225,388.08192023319225,612815.246292915,782.8251696853615,0,122131,379.3719970523213,560563.6443625644,748.7079833703955,0
1515,387.79775814494275,387.79775814494275,612312.5266312403,782.5040106167125,0,122131,378.8608695652174,559791.1831982314,748.1919427514783,0
1516,387.95458155587033,387.95458155587033,612626.6471985,782.7046998699445,0,122131,379.0200442151805,560105.1718496684,748.4017449536501,0
1517,387.48947441681474,387.48947441681474,612111.9328507914,782.3758258348678,0,122131,378.56661753868826,559599.3785556374,748.0637530021338,0
1518,388.084917015336,388.084917015336,612890.3774553554,782.8731554060054,0,122131,379.2842299189388,560459.5076639646,748.6384358713922,0
1519,388.22292456460684,388.22292456460684,613080.5474613325,782.9946024471258,0,122131,379.2802505526898,560465.3244657333,748.642320781916,0
1520,387.702245949022,387.702245949022,612452.6241904185,782.5935242451336,0,122131,378.6551952837141,559543.84532056,748.0266340983856,0
1521,387.3634048685428,387.3634048685428,611567.6540927365,782.0279113258915,0,122131,378.78872512896095,559561.4036109064,748.0383704135146,0
1522,387.5582038958168,387.5582038958168,612161.0823705693,782.4072356328061,0,122131,378.85585851142224,560022.3867354458,748.3464349720962,0
1523,387.7222900000819,387.7222900000819,612222.7607159525,782.4466503960206,0,122131,379.01761238025057,559967.9325718497,748.3100510963685,0
1524,387.64406252302854,387.64406252302854,612375.0191270029,782.5439407004586,0,122131,378.65165806927047,559395.4600589536,747.9274430444129,0
1525,387.4716083549631,387.4716083549631,611961.6694778558,782.2797897669707,0,122131,378.6191599115696,559332.4676492262,747.8853305482239,0
1526,387.30467285128265,387.30467285128265,611720.6717622881,782.1257390997231,0,122131,378.48334561532795,559185.7498157701,747.78723565983,0
1527,387.48114729266115,387.48114729266115,611686.1470552112,782.1036677162506,0,122131,378.89358879882093,559940.3376565954,748.291612712982,0
1528,387.8916491308513,387.8916491308513,612706.8396639674,782.7559259845737,0,122131,379.14642593957257,560475.279513633,748.6489694867903,0
1529,387.71411844658604,387.71411844658604,612410.6590709975,782.5667122175576,0,122131,378.88776713338245,559870.8236551216,748.2451628010178,0
1530,388.0247521104388,388.0247521104388,612684.4871408569,782.7416477617994,0,122131,379.2647752394989,560265.2429624171,748.5086792832914,0
1531,388.0953074976869,388.0953074976869,612808.3969344392,782.8207949041972,0,122131,379.24436256448047,560384.2717759764,748.5881857042472,0
1532,388.03479869975683,388.03479869975683,612872.5117947123,782.8617450065575,0,122131,379.1990420044215,560429.1073691967,748.6181318731177,0
1533,387.0560054367851,387.0560054367851,611189.290212968,781.7859618930031,0,122131,378.5641857037583,559308.1612380251,747.8690802794464,0
1534,387.4706913068754,387.4706913068754,611783.9766070858,782.1662077890388,0,122131,378.5337509211496,559019.970449521,747.6763808289794,0
1535,387.66674308734065,387.66674308734065,612356.3681538675,782.5320237241845,0,122131,379.04377302873985,560255.5176123802,748.5021827706183,0
1536,387.5031318829781,387.5031318829781,611791.5489842873,782.1710484186226,0,122131,378.71429624170963,559708.7526160649,748.1368542025348,0
1537,387.5381844085449,387.5381844085449,612229.9676904308,782.45125579197,0,122131,378.7473102431835,559977.6877671333,748.3165692186251,0
1538,387.5607012142699,387.5607012142699,612289.7303387347,782.4894442347032,0,122131,378.69830508474575,559825.8222549742,748.2150909029931,0
1539,387.5694295469619,387.5694295469619,612144.7901351827,782.396823955199,0,122131,378.74200442151806,559756.7739867355,748.1689474889582,0
1540,387.6612817384612,387.6612817384612,612359.6843061958,782.5341425817763,0,122131,378.89992630803243,560012.9914517318,748.3401575832555,0
1541,387.5611024228083,387.5611024228083,612121.7307726949,782.382087456439,0,122131,379.45025792188653,560898.0473102431,748.9312700844071,0
1542,388.35129492102743,388.35129492102743,613363.9752888292,783.1755711772611,0,122131,379.3108327192336,560412.7152542373,748.6071835443721,0
1543,388.512597129312,388.512597129312,613857.6160516167,783.4906611132112,0,122131,379.5262343404569,561005.2933677229,749.0028660610872,0
1544,388.148217897176,388.148217897176,613070.9101047236,782.9884482575229,0,122131,378.93839351510684,560010.7525423729,748.3386616648728,0
1545,387.46432109783757,387.46432109783757,612024.5509084507,782.3199798729742,0,122131,378.8576271186441,559904.4153279293,748.2676094339039,0
1546,387.56628538208975,387.56628538208975,612102.1950037255,782.3696025560588,0,122131,378.7860722181282,559799.3229918939,748.1973823743931,0
1547,387.41095217430467,387.41095217430467,611696.5044173879,782.1102891647622,0,122131,378.5471628592483,559198.4139277819,747.7957033359993,0
1548,387.185931499783,387.185931499783,611377.6962523847,781.9064498086614,0,122131,378.4588061901253,559304.572733972,747.8666811230274,0
1549,387.45524887211275,387.45524887211275,612023.7197353662,782.3194486495694,0,122131,378.684893146647,559620.8641120117,748.0781136432289,0
1550,387.2416094193939,387.2416094193939,611614.3556427115,782.0577700161999,0,122131,378.4587324981577,559130.8109801032,747.7505004880326,0
1551,387.36938205697163,387.36938205697163,611612.5455781088,782.0566127705262,0,122131,378.30685335298455,558751.8677966102,747.4970687545272,0
1552,387.11880685493446,387.11880685493446,611310.4350492504,781.8634375958825,0,122131,378.42402358142965,559112.4221075902,747.738204258409,0
1553,387.25193439831,387.25193439831,611540.4147349977,782.0104952844288,0,122131,378.5958732498158,559392.6079587325,747.9255363729283,0
1554,387.2153179782365,387.2153179782365,611543.0816909712,782.012200474501,0,122131,378.5358142962417,559257.4599115696,747.8351823173135,0
1555,387.45625598742333,387.45625598742333,611762.5024113453,782.1524802820389,0,122131,378.5593220338983,559439.9896831246,747.9572111311746,0
1556,387.34914149560717,387.34914149560717,611744.0184719686,782.1406641212108,0,122131,378.57184966838616,559455.8517317612,747.9678146362725,0
1557,387.37872448436514,387.37872448436514,611851.9763123203,782.209675414668,0,122131,378.74708916728076,559727.686366986,748.1495080309724,0
1558,388.0162530397688,388.0162530397688,612762.049266771,782.7911913574213,0,122131,379.08990420044216,560020.0372881356,748.3448652113112,0
1559,387.6261637094595,387.6261637094595,612057.8118168196,782.3412374512925,0,122131,378.6611643330877,559223.3574060427,747.8123811532159,0
1560,387.7698782454905,387.7698782454905,612086.4042462602,782.3595108684116,0,122131,378.9252763448784,559656.4095799557,748.1018711244851,0
1561,387.43117635981037,387.43117635981037,611510.5296198344,781.9913871775279,0,122131,378.48533529845247,559042.1311717023,747.6912004107727,0
1562,387.5393798462307,387.5393798462307,612011.4428277833,782.3116021303681,0,122131,378.7974944731024,559767.5951363301,748.1761792093691,0
1563,387.6462241363781,387.6462241363781,612350.2722895907,782.5281287529482,0,122131,378.704347826087,559702.4434782609,748.1326376240117,0
1564,387.70777280133626,387.70777280133626,612207.1492250125,782.4366742586984,0,122131,378.846352247605,559465.497789241,747.9742627853187,0
1565,387.4829404491898,387.4829404491898,611933.4111814363,782.261728056177,0,122131,378.7570375829035,559584.0622697126,748.0535156455804,0
1566,387.9834685706332,387.9834685706332,612622.6168540338,782.7021252392469,0,122131,379.1798084008843,560230.9854089904,748.4857950615966,0
1567,387.7030729298868,387.7030729298868,612236.3183303175,782.455313951102,0,122131,378.8937361827561,559832.8415622697,748.2197815897878,0
1568,387.7263512130417,387.7263512130417,612478.8096470183,782.6102539879083,0,122131,378.90375829034633,559978.7179071481,748.3172575232701,0
1569,387.66074133512376,387.66074133512376,612326.5147587426,782.5129486204958,0,122131,378.86366985998524,559874.2837140752,748.2474749132638,0
1570,387.8237957602902,387.8237957602902,612450.5528162383,782.592200840411,0,122131,378.8141488577745,559713.1053795136,748.139763265871,0
1571,387.55116227657186,387.55116227657186,612098.4530790708,782.3672111477262,0,122131,378.61849668386145,559546.9844509949,748.0287323699504,0
1572,387.42707420720376,387.42707420720376,611584.9627203577,782.0389777500593,0,122131,378.56624907885043,559324.9535740605,747.8803069837181,0
1573,387.3442533017825,387.3442533017825,611718.829969459,782.124561671259,0,122131,378.522402358143,559378.9676492262,747.9164175556158,0
1574,387.39247201775146,387.39247201775146,611896.3555198925,782.2380427465112,0,122131,378.67472365512157,559682.2086956522,748.1191139756103,0
1575,387.82254300709894,387.82254300709894,612372.4385373082,782.5422918522092,0,122131,379.0753131908622,559987.0582166543,748.3228302121046,0
1576,387.625967199155,387.625967199155,612169.3820324078,782.4125395419017,0,122131,378.63905674281506,559501.0686809138,747.9980405595417,0
1577,387.57451425109105,387.57451425109105,612158.351876264,782.4054906992052,0,122131,378.76816507000734,559659.1979366249,748.1037347431336,0
1578,387.44052697513325,387.44052697513325,611764.7684617337,782.1539288795612,0,122131,378.73419307295507,559547.3856300663,748.0290005274303,0
1579,387.9363716009858,387.9363716009858,612648.2005469537,782.7184682546807,0,122131,378.79299926308033,559886.5540899042,748.2556742784542,0
1580,387.532182656328,387.532182656328,612054.8409085326,782.3393387197991,0,122131,378.58356669123066,559423.1638172439,747.9459631666207,0
1581,387.43526213655826,387.43526213655826,612190.7053409864,782.4261660636014,0,122131,378.6428150331614,559863.0429624171,748.2399634892654,0
1582,387.6432601059518,387.6432601059518,612399.1592388501,782.5593646739205,0,122131,378.8812822402358,559955.1617538688,748.3015179417109,0
1583,387.71440502411343,387.71440502411343,612388.0579705398,782.5522717177043,0,122131,378.9364038319823,559963.9731024319,748.3074054841578,0
1584,387.8799240160156,387.8799240160156,612612.6880726434,782.6957825826349,0,122131,379.0466470154753,560172.4960206337,748.4467222325405,0
1585,387.79327115965646,387.79327115965646,612732.0197820374,782.7720100910848,0,122131,378.9362564480472,560319.856816507,748.5451601717207,0
1586,387.81247185399286,387.81247185399286,612646.5171086784,782.7173928747708,0,122131,378.7009579955785,559540.0698599853,748.0241104803944,0
1587,387.4169539265215,387.4169539265215,611594.0247275466,782.0447715620548,0,122131,378.55954310980104,559148.7462785556,747.7624932280006,0
1588,387.3179209209783,387.3179209209783,611526.7232971154,782.0017412366262,0,122131,378.45195283714077,559029.9598378777,747.6830610879704,0
1589,387.6206204812865,387.6206204812865,612083.3294740893,782.3575458024862,0,122131,378.8860722181282,559884.0856300663,748.2540248004459,0
1590,387.6804906207269,387.6804906207269,612299.6846009613,782.4958048455987,0,122131,378.71274871039054,559754.6145910096,748.1675043671769,0
1591,387.4064324373009,387.4064324373009,611996.2921862591,782.301918817958,0,122131,378.4952837140752,559446.8445836403,747.9617935320229,0
1592,387.4640590840982,387.4640590840982,612118.2988839853,782.3798942227396,0,122131,378.6810611643331,559436.747678703,747.9550438888042,0
1593,387.4185833244631,387.4185833244631,611603.3974584667,782.0507639907187,0,122131,378.664406779661,559510.5003684598,748.0043451534623,0
1594,387.3697259500045,387.3697259500045,611851.6611343557,782.2094739482229,0,122131,379.03986735445835,560314.0641857038,748.5412909023147,0
1595,387.6820053876575,387.6820053876575,612471.8862614733,782.6058307101176,0,122131,379.1568901989683,560607.1461311717,748.7370340320904,0
1596,387.9388443556509,387.9388443556509,612971.3954442361,782.9248977036278,0,122131,378.80884303610907,559818.4117907148,748.2101387917132,0
1597,387.44088724402485,387.44088724402485,611899.0649957833,782.2397746188717,0,122131,378.75762711864405,559551.9128224023,748.0320266020716,0
1598,387.5834309061581,387.5834309061581,612043.9161883551,782.3323566032246,0,122131,378.93050847457624,559813.7375829035,748.2070151922551,0
1599,387.7705250919095,387.7705250919095,612302.9835176982,782.4979127880778,0,122131,378.90316875460576,559950.7061164333,748.2985407686115,0
1600,387.6720979931385,387.6720979931385,612348.7971031106,782.5271861750942,0,122131,378.83824613117173,559901.2445836404,748.2654907074362,0
1601,387.73221377045957,387.73221377045957,612281.5737773374,782.4842322867199,0,122131,378.8694915254237,559714.7331613854,748.1408511512958,0
1602,387.5509493904087,387.5509493904087,612052.0122409544,782.3375308912097,0,122131,378.910243183493,559790.1214443626,748.1912332046952,0
1603,387.9451490612539,387.9451490612539,612628.8220762952,782.706089203537,0,122131,379.1198968312454,560252.5097273397,748.5001734985368,0
1604,387.78485396827995,387.78485396827995,612505.8557941882,782.627533245661,0,122131,378.8859248341931,559967.4884303611,748.3097543332982,0
1605,387.75896373566087,387.75896373566087,612631.1510754845,782.7075769886762,0,122131,378.62999263080326,559522.0584377303,748.0120710508155,0
1606,387.14292849481296,387.14292849481296,611340.011127396,781.8823512059829,0,122131,378.3753868828298,559051.6993367723,747.6975988571666,0
1607,387.1739198074199,387.1739198074199,611339.8069286258,781.882220624453,0,122131,378.39078850405303,558945.8963154017,747.6268429607123,0
1608,387.14281386380196,387.14281386380196,611368.560390073,781.9006077437675,0,122131,378.3708179808401,559078.2399410465,747.7153468674068,0
1609,387.3048366098697,387.3048366098697,611668.728570142,782.092531974409,0,122131,378.66293294030953,559605.6281503317,748.0679301710051,0
1610,387.6837903562568,387.6837903562568,612187.6742104789,782.4242290538291,0,122131,378.94281503316137,559682.3880619012,748.1192338537362,0
1611,387.7210699986081,387.7210699986081,612345.6311501585,782.5251632696284,0,122131,378.8985998526161,559994.3544583641,748.3277052591092,0
1612,387.44200899034644,387.44200899034644,612051.1860379429,782.3370028561495,0,122131,378.6281503316139,559682.6079587325,748.1193808201552,0
1613,387.466662845633,387.466662845633,612109.8822002604,782.3745153059757,0,122131,378.66728076639646,559631.8837877671,748.0854789312295,0
1614,387.71498636709765,387.71498636709765,612548.7682324717,782.6549483856035,0,122131,378.8075165806927,559907.3708179808,748.2695843197029,0
1615,387.8396066518738,387.8396066518738,612720.5209242535,782.7646650968945,0,122131,378.8042004421518,559776.5086956521,748.1821360441935,0
1616,387.4528334329531,387.4528334329531,611973.6641638896,782.2874562230239,0,122131,378.6474576271186,559539.1070007369,748.0234668783706,0
1617,387.57820700722993,387.57820700722993,612185.0421432724,782.4225470570697,0,122131,379.02851879145175,560090.6985261607,748.3920754031009,0
1618,388.14766930590923,388.14766930590923,612893.2127715322,782.8749662439924,0,122131,379.3561532792926,560423.0487103906,748.6140853005576,0
1619,387.8067157396566,387.8067157396566,612414.5293168811,782.569185003397,0,122131,379.1952837140752,560301.5802505527,748.5329520138393,0
1620,388.3361554396509,388.3361554396509,613333.6803678018,783.1562298595356,0,122131,379.10125276344877,559939.9258658806,748.2913375590289,0
1621,387.8501527048825,387.8501527048825,612426.019708346,782.5765264230367,0,122131,378.830213706706,559524.5516580692,748.0137376132001,0
1622,387.67764122131155,387.67764122131155,611773.8111863491,782.159709513568,0,122131,378.8510685335298,559425.663596168,747.9476342606935,0
1623,387.56480336687656,387.56480336687656,611937.222646175,782.264164234931,0,122131,378.65040530582166,559462.0927044952,747.9719865773685,0
1624,387.547215694623,387.547215694623,611895.7570068205,782.2376601818788,0,122131,378.83419307295503,559760.5301400147,748.1714577154188,0
1625,387.3523102242674,387.3523102242674,611666.8767389115,782.0913480782865,0,122131,378.9322770817981,560123.7496683862,748.4141565125464,0
1626,387.90157290122903,387.90157290122903,612741.30111929,782.7779385747211,0,122131,379.18769344141486,560529.3172439204,748.685058782343,0
1627,387.9379191196338,387.9379191196338,612898.6812357223,782.8784587889248,0,122131,379.08990420044216,560411.0952100221,748.6061015046712,0
1628,387.8366016818007,387.8366016818007,612799.8411869223,782.8153301941156,0,122131,378.9271186440678,560115.9353721444,748.4089359248354,0
1629,387.5785918399096,387.5785918399096,612278.0047899387,782.4819517343124,0,122131,378.7650700073692,559793.3263080324,748.193374942623,0
1630,387.55502697922725,387.55502697922725,612237.8630732574,782.4563010630417,0,122131,378.75136330140015,559768.9196757553,748.1770643876724,0
1631,387.5690037746354,387.5690037746354,612160.1206409511,782.4066210359873,0,122131,378.8985261606485,559800.1156226972,748.1979120678546,0
1632,388.04657294216867,388.04657294216867,612415.6141192653,782.569878106272,0,122131,379.0608695652174,559646.4117907148,748.0951889904886,0
1633,387.7884730330547,387.7884730330547,611995.1187004119,782.3011687965268,0,122131,378.72218128224023,559412.4042741341,747.938770404459,0
1634,387.46874257968904,387.46874257968904,611587.9836159534,782.0409091703281,0,122131,378.61252763448783,559350.9809874723,747.8977075693389,0
1635,387.46464861501175,387.46464861501175,612047.4059575374,782.3345869623414,0,122131,379.08504053058215,560299.6947678704,748.5316925607561,0
1636,388.14968353653046,388.14968353653046,612972.6757907493,782.9257153719944,0,122131,378.83470891672806,559637.8714075165,748.089480882813,0
1637,387.5219559325642,387.5219559325642,611894.1558490474,782.2366367340815,0,122131,378.4373618275608,559036.4946941783,747.6874311463168,0
1638,387.13518271364353,387.13518271364353,611074.2647566957,781.712392607854,0,122131,378.4177597641857,558766.4883566691,747.5068483677384,0
1639,387.50492503950676,387.50492503950676,611735.736332299,782.135369569935,0,122131,378.70221075902725,559553.879661017,748.033341276321,0
1640,387.50902719211336,387.50902719211336,612029.9765088307,782.3234475003486,0,122131,378.7867354458364,559777.8078113486,748.1830042251352,0
1641,387.7041537365616,387.7041537365616,612502.6684625525,782.6254969412589,0,122131,378.9159174649963,560123.5527634488,748.4140249644236,0
1642,387.573982035683,387.573982035683,612209.9496278586,782.4384637962647,0,122131,378.708327192336,559670.0720707442,748.1110025061416,0
1643,387.67318698774267,387.67318698774267,612229.7602901802,782.4511232595811,0,122131,379.07096536477525,560009.5297715549,748.3378446741517,0
1644,387.9929256290377,387.9929256290377,612606.3813118701,782.6917537012065,0,122131,379.1286661753869,560364.5444362564,748.5750092250317,0
1645,388.06114745641975,388.06114745641975,612746.251975338,782.7811009313766,0,122131,379.1548268238762,560339.2335298453,748.5581029752101,0
1646,387.7436523077679,387.7436523077679,612558.5401413237,782.6611911557412,0,122131,378.7559322033898,559546.8474576271,748.0286408003553,0
1647,387.4632976066683,387.4632976066683,611689.7278823558,782.1059569408455,0,122131,378.77450257921885,559386.588798821,747.9215124589083,0
1648,387.58509305581714,387.58509305581714,611874.1026029427,782.2238187392038,0,122131,378.89145173176126,559695.7344878408,748.1281537863956,0
1649,387.66207596760853,387.66207596760853,612036.2585666211,782.3274624903698,0,122131,378.7325718496684,559366.3692704495,747.9079951908855,0
1650,387.30027593321927,387.30027593321927,611521.6672589269,781.9985084761523,0,122131,378.5675755342668,559044.4428887251,747.6927463127652,0
1651,387.350107671271,387.350107671271,611618.1581744193,782.0602011190822,0,122131,378.6473102431835,559269.6568901989,747.8433371303103,0
1652,387.4587205541591,387.4587205541591,611462.9489400726,781.9609638211313,0,122131,378.87781871775974,559360.7053795137,747.9042086922052,0
1653,387.8916491308513,387.8916491308513,612135.6552636104,782.390986185047,0,122131,378.89329403095064,559488.4717759765,747.989620099087,0
1654,387.5577453717729,387.5577453717729,611876.1917367417,782.2251541191588,0,122131,378.65276344878407,559210.4414148858,747.8037452533157,0
1655,387.4483382597375,387.4483382597375,611349.9445759061,781.8887034456413,0,122131,378.8400884303611,559259.5845246868,747.8366028248997,0
1656,387.3476840441821,387.3476840441821,611548.9966675128,782.015982360663,0,122131,378.6650700073692,559226.3735445837,747.8143977917139,0
1657,387.67692068352835,387.67692068352835,612016.1203789373,782.3145916950145,0,122131,378.7880619012528,559592.2763448784,748.059005924585,0
1658,387.52668036780176,387.52668036780176,611774.138613456,782.1599188231625,0,122131,378.8274871039057,559574.5834193073,748.0471799420858,0
1659,387.53047956702227,387.53047956702227,611955.29740197,782.2757169962327,0,122131,378.9147383935151,559848.3231392779,748.2301271261923,0
1660,387.8472050503148,387.8472050503148,612363.8819546225,782.5368246636208,0,122131,379.02100221075904,559668.6215917465,748.1100330778531,0
1661,387.88758791789144,387.88758791789144,612279.3123203773,782.4827872358454,0,122131,378.93529845246866,559562.5040530582,748.0391059650947,0
1662,387.6576708616158,387.6576708616158,611852.1646674472,782.2097958140432,0,122131,378.60869565217394,559088.1587324982,747.7219795702799,0
1663,387.21887153957636,387.21887153957636,611239.7626646798,781.8182414504536,0,122131,378.20501105379515,558518.9509211496,747.3412546629214,0
1664,387.3138678959478,387.3138678959478,611540.4667119732,782.0105285173424,0,122131,378.7280766396463,559590.2467207074,748.0576493297207,0
1665,387.7034987022132,387.7034987022132,612292.2530070171,782.4910561834027,0,122131,378.9018422991894,559904.6881355932,748.2677917267275,0
1666,387.7662428048571,387.7662428048571,612396.372624477,782.5575842227056,0,122131,378.9724392041268,559978.6560058953,748.3172161629687,0
1667,387.7218232881087,387.7218232881087,612290.0052894023,782.489619924381,0,122131,378.8938098747237,559752.6652173913,748.1662016005477,0
1668,387.5957046122606,387.5957046122606,612015.8560152623,782.3144227324857,0,122131,378.80994841562267,559562.3652910832,748.0390132146072,0
1669,387.48275212681466,387.48275212681466,611845.9395075779,782.2058165902232,0,122131,378.7921149594694,559708.456669123,748.1366564132004,0
1670,387.61543752200504,387.61543752200504,612209.1481360178,782.4379516204577,0,122131,378.88113485630066,560021.8661016949,748.3460871159111,0
1671,387.61900745920366,387.61900745920366,611820.8451335041,782.1897756513467,0,122131,378.7193809874724,559309.124981577,747.8697246055473,0
1672,387.6996503754166,387.6996503754166,611910.3183630692,782.2469676279156,0,122131,378.8263080324245,559374.3468680914,747.9133284466131,0
1673,387.59105386838723,387.59105386838723,611713.647894474,782.1212488447517,0,122131,378.60515843773027,558856.7050847458,747.567191016798,0
1674,388.09544669248595,388.09544669248595,612651.489801934,782.720569425599,0,122131,379.14760501105377,559912.7132645542,748.2731541787091,0
1675,388.0647255815477,388.0647255815477,612567.6483857498,782.6670098999637,0,122131,379.2122328666175,559968.9439941046,748.310726900333,0
1676,388.03783642154735,388.03783642154735,612489.2663369661,782.6169346091139,0,122131,379.0837140751658,559680.3484156227,748.1178706698716,0
1677,387.41345768068715,387.41345768068715,611575.8352506735,782.0331420410988,0,122131,378.6717759764186,559129.6739867354,747.7497402117472,0
1678,387.4592363937084,387.4592363937084,611657.7039080986,782.0854837599907,0,122131,378.8290346352248,559367.0212232866,747.9084310417196,0
1679,387.3519335795171,387.3519335795171,611532.3277873759,782.0053246541074,0,122131,378.61134856300663,559174.5428150331,747.7797421801644,0
1680,387.8126765522267,387.8126765522267,612610.6140619499,782.6944576665596,0,122131,379.1395725865881,560309.1821665438,748.5380298732615,0
1681,388.0342501084901,388.0342501084901,612644.0645290712,782.7158261649442,0,122131,379.06853352984524,559660.0470154753,748.1043022302941,0
1682,387.948776313958,387.948776313958,612665.534074068,782.729540821137,0,122131,379.22932940309505,560177.4785556374,748.4500508087614,0
1683,387.5867715813348,387.5867715813348,611739.2594017899,782.1376217787953,0,122131,379.1678703021371,560056.4389093589,748.36918623722,0
1684,388.02129680425116,388.02129680425116,612467.0121508872,782.6027166774257,0,122131,379.3243920412675,560170.7967575535,748.4455870385992,0
1685,388.18313122794376,388.18313122794376,612738.5533893934,782.776183458205,0,122131,379.412675018423,560202.2711864407,748.4666132743936,0
1686,388.0693353857743,388.0693353857743,612506.1817065282,782.6277414623943,0,122131,379.14318349299924,559958.3938835667,748.3036775825485,0
1687,387.8512826391334,387.8512826391334,612444.4465287273,782.5882995092167,0,122131,379.08091378039796,560053.572733972,748.3672712872818,0
1688,388.0614012822297,388.0614012822297,612713.9543195422,782.7604705908074,0,122131,378.977081798084,559693.1848931466,748.1264498018678,0
1689,388.214613816312,388.214613816312,613009.947032285,782.949517550324,0,122131,379.24141488577743,560273.5526897568,748.5142301184105,0
1690,387.59214286299135,387.59214286299135,611944.8774840131,782.2690569644265,0,122131,378.6978629329403,559335.0259395726,747.8870408955971,0
1691,387.76268924351723,387.76268924351723,612123.7838959806,782.3833995529178,0,122131,379.30685335298455,560214.8437730287,748.4750121233365,0
1692,390.51597472744305,390.51597472744305,613521.8475231256,783.276354502755,0,451557,390.7593079805469,617576.546001754,785.8603858203784,0
1693,390.5288501783828,390.5288501783828,613504.0654136688,783.2650033122052,0,451557,390.89292832655667,617571.6024874432,785.8572405261933,0
1694,390.4843862458117,390.4843862458117,613361.9470365867,783.1742762863108,0,451557,390.75360758989075,617297.3988678944,785.6827596860545,0
1695,390.54786217465346,390.54786217465346,613390.9649523759,783.1928019028111,0,451557,390.81358128039545,617097.2232918759,785.5553597881411,0
1696,390.5190197472301,390.5190197472301,613392.0908035974,783.1935206598669,0,451557,390.75550107629755,617174.1361516383,785.6043127119647,0
1697,390.5430942273068,390.5430942273068,613495.8445201823,783.259755458036,0,451557,390.8012437215977,617654.4463445747,785.9099479867746,0
1698,390.2376089840264,390.2376089840264,613324.2710355503,783.1502225215481,0,451557,390.5417762895639,617189.2294905524,785.6139188498079,0
1699,390.20541814211714,390.20541814211714,613271.6167261276,783.1166048080755,0,451557,390.4747668022004,617053.0822769672,785.5272638661037,0
1700,390.2123917910696,390.2123917910696,613281.7112989058,783.1230499090841,0,451557,390.45876185920434,617054.7727616997,785.5283398845007,0
1701,390.2379190224047,390.2379190224047,612952.0978702578,782.9125735803825,0,451557,390.47470700789285,616462.123834011,785.1510197624474,0
1702,390.272811627325,390.272811627325,613042.3138828542,782.9701870970913,0,451557,390.5328270748625,616737.8910747031,785.32661426613,0
1703,390.2101085798692,390.2101085798692,612968.9910952549,782.9233622106667,0,451557,390.2825281033246,616567.8962568763,785.2183748848955,0
1704,390.216619385814,390.216619385814,613276.601554178,783.1197874873154,0,451557,390.4172048154349,617049.5346408355,785.5250057387324,0
1705,390.2143428182932,390.2143428182932,613265.3863056048,783.1126268332064,0,451557,390.44293629913096,617015.7152395758,785.503478820798,0
1706,390.18867385512794,390.18867385512794,613264.0281315537,783.1117596687932,0,451557,390.3907757314837,616992.878497967,785.488942314255,0
1707,390.6051971290446,390.6051971290446,613659.8574067061,783.3644473721705,0,451557,390.830523000877,617357.1724268516,785.7207980108784,0
1708,390.6111720115069,390.6111720115069,613735.9021142403,783.4129831157002,0,451557,390.8642469903532,617557.5679462649,785.8483110284483,0
1709,390.59810610842044,390.59810610842044,613705.4778090031,783.3935650801601,0,451557,390.68554173642667,617260.5241369688,785.6592926561543,0
1710,390.20026043223777,390.20026043223777,612936.0705580913,782.9023378162127,0,451557,390.4725942756916,616752.9395479551,785.3361952361263,0
1711,390.2652001851372,390.2652001851372,613139.417670416,783.0321945299669,0,451557,390.6982181296341,617424.6212429244,785.7637184567154,0
1712,390.20934012760296,390.20934012760296,613023.766627469,782.9583428430078,0,451557,390.52017061309095,617017.9127003109,785.5048775789435,0
1713,390.4970092369291,390.4970092369291,613681.9745901403,783.378564035384,0,451557,390.7180499083154,617342.9490951129,785.7117468226581,0
1714,390.3353330808735,390.3353330808735,613358.1753798524,783.1718683532066,0,451557,390.3606394004624,616672.5132344734,785.2849885452246,0
1715,390.2763571376371,390.2763571376371,613242.4237360953,783.0979656058975,0,451557,389.9469823806107,615831.6999123017,784.7494504058616,0
1716,390.5288701094214,390.5288701094214,613507.8619199791,783.2674268217587,0,451557,390.8342701108188,617303.3314398469,785.6865351015294,0
1717,390.6338136713637,390.6338136713637,613689.9553256843,783.3836578112185,0,451557,391.14444311568207,617915.1182532089,786.0757713180129,0
1718,390.8987281782809,390.8987281782809,614117.6892861809,783.6566143957319,0,451557,391.6564817029419,618793.8787969386,786.6345268273816,0
1719,390.09491382040363,390.09491382040363,613166.9391970449,783.049768020555,0,451557,390.2795383879455,616843.5143705653,785.3938593919393,0
1720,390.1226777571824,390.1226777571824,613094.7324568105,783.0036605641193,0,451557,390.50944750059796,616828.0700390657,785.38402710971,0
1721,390.0906020723851,390.0906020723851,613102.4407904207,783.0085828331773,0,451557,390.29444710196924,616516.3014231045,785.1855203855357,0
1722,390.1301297510613,390.1301297510613,612734.0837391515,782.7733284541263,0,451557,390.4805469186,616609.2110739058,785.244682295847,0
1723,390.1662558658154,390.1662558658154,612914.3247873469,782.8884497726013,0,451557,390.50589970501477,617070.7886470541,785.5385341579712,0
1724,390.302531020447,390.302531020447,613129.1263605702,783.0256230549356,0,451557,390.7200629833373,616910.1142669218,785.436257290763,0
1725,390.3835573360617,390.3835573360617,612950.4282382955,782.9115072843772,0,451557,390.6183130032688,616579.0001594515,785.2254454355459,0
1726,390.38680609535453,390.38680609535453,613001.2404701953,782.9439574261975,0,451557,390.6189707406522,616727.9945188551,785.3203133237132,0
1727,390.40258261969143,390.40258261969143,613048.1844307585,782.9739359843076,0,451557,390.7018456509607,617192.6691580962,785.6161080057461,0
1728,390.31851792796925,390.31851792796925,613258.560750913,783.1082688561736,0,451557,390.54478593637884,616969.4273100534,785.4740144078946,0
1729,390.3512181186428,390.3512181186428,613336.0897627542,783.157768117481,0,451557,390.71412341545084,617345.0227417683,785.7130664191402,0
1730,390.26768270672363,390.26768270672363,613208.4842267975,783.0762952783065,0,451557,390.53404289245,616836.3695686837,785.3893108316943,0
1731,390.4469424679498,390.4469424679498,613456.4127983842,783.2345835050852,0,451557,390.7276369289644,617155.4263533445,785.5924047197404,0
1732,390.4532074577517,390.4532074577517,613391.7530345006,783.1933050240539,0,451557,390.6931356134896,616960.5891732441,785.468388398441,0
1733,390.50029342917946,390.50029342917946,613498.0534749766,783.2611655603619,0,451557,390.6943912939488,617115.5845292194,785.5670464888528,0
1734,390.1342864798907,390.1342864798907,612871.9798209307,782.8614052442047,0,451557,390.35992186877144,616560.9482978553,785.2139506515758,0
1735,390.16856343717404,390.16856343717404,612863.3676102906,782.8559047553327,0,451557,390.52939886789443,616640.3414454277,785.2645041292951,0
1736,390.02568003596446,390.02568003596446,612627.1926999249,782.7050483419184,0,451557,389.9850314916687,616028.4862672407,784.8748220367632,0
1737,390.0607852386299,390.0607852386299,612966.7546732749,782.9219339584726,0,451557,390.3978713226501,616830.3215737862,785.3854605057228,0
1738,389.9958919914872,389.9958919914872,612778.1225116652,782.8014579136048,0,451557,390.28300645778523,616590.3296858806,785.2326595894242,0
1739,390.24887002083904,390.24887002083904,613244.9885197218,783.0996031921621,0,451557,390.5309136570198,617061.426512796,785.5325750806238,0
1740,389.847297240437,389.847297240437,612501.4880336259,782.6247427941605,0,451557,390.0025312923543,616033.0195128757,784.8777099095602,0
1741,389.77943426854193,389.77943426854193,612331.2268882998,782.5159595102836,0,451557,390.27080841903853,616396.6537311648,785.109325973883,0
1742,389.8286971522975,389.8286971522975,612373.4502200165,782.5429382596309,0,451557,390.36340987004706,616551.5163637089,785.2079446641563,0
1743,390.2071233531979,390.2071233531979,613116.8813682436,783.0178039918655,0,451557,390.33725982619785,616710.8652036993,785.3094073062537,0
1744,390.11713249933007,390.11713249933007,612996.7414124906,782.9410842537839,0,451557,390.3188631108985,616638.4734911904,785.2633147493841,0
1745,390.03154419043443,390.03154419043443,612889.035616766,782.8722984093677,0,451557,390.2264410428127,616532.7231324244,785.1959775319945,0
1746,390.2798384257137,390.2798384257137,613179.2612029046,783.0576359393378,0,451557,390.5326676233756,616856.4158694092,785.4020727432601,0
1747,390.2592806666711,390.2592806666711,613128.44753597,783.0251895922443,0,451557,390.4709200350793,616793.5818185442,785.3620705245092,0
1748,390.284539936265,390.284539936265,613123.2479974843,783.0218694247845,0,451557,390.6944710196923,616996.0721717293,785.4909752325161,0
1749,390.43352223528814,390.43352223528814,613211.3439676497,783.0781212418399,0,451557,390.5800247149805,616732.6832695528,785.3232985653442,0
1750,390.38918674718803,390.38918674718803,613097.3562850315,783.005336051442,0,451557,390.4662959419597,616567.427110739,785.2180761487467,0
1751,390.2865817604422,390.2865817604422,612934.3993648642,782.9012705091646,0,451557,390.117555608706,616083.807940684,784.9100636000816,0
1752,389.8284291905562,389.8284291905562,612541.8628345923,782.6505368519161,0,451557,390.0884756437854,616303.6998923703,785.0501257196067,0
1753,389.8611581705078,389.8611581705078,612557.1572027452,782.6603076704127,0,451557,390.19933429004226,616464.3830224029,785.1524584578481,0
1754,389.95362047316286,389.95362047316286,612709.2706280713,782.7574788068596,0,451557,390.3885234792314,616684.7483257594,785.2927787301749,0
1755,390.31856221916615,390.31856221916615,613207.7504036035,783.0758267266355,0,451557,390.6864585824763,617004.0281631189,785.4960395591559,0
1756,390.4090469198794,390.4090469198794,613182.5219628973,783.0597180055281,0,451557,390.4853703260783,616472.0151877542,785.1573187506783,0
1757,390.42834016525046,390.42834016525046,613214.335563395,783.0800313910419,0,451557,390.4307980546919,616380.5775332855,785.0990877165032,0
1758,389.79164978064784,389.79164978064784,612051.7281760664,782.3373493423834,0,451557,389.9747468707646,615813.7258430998,784.7379982153915,0
1759,389.7024672411235,389.7024672411235,611972.2203287736,782.2865333934706,0,451557,390.2677190464801,616392.3429402855,785.106580624749,0
1760,389.8577610357053,389.8577610357053,612341.4696771393,782.5225042624265,0,451557,390.5670892131069,617178.6227377821,785.6071682067203,0
1761,390.2027473829439,390.2027473829439,613239.5838089101,783.0961523394877,0,451557,390.4073786175556,617013.2424260543,785.5019047883043,0
1762,390.13206306180615,390.13206306180615,613236.2800399506,783.0940429092477,0,451557,390.33712030614686,616776.6880331659,785.3513150387957,0
1763,390.1149445142031,390.1149445142031,613172.8094349108,783.053516328808,0,451557,390.3002670812405,616614.1431675038,785.2478227715782,0
1764,390.07413239081666,390.07413239081666,612755.1499212724,782.7867844574744,0,451557,390.3288288288288,616424.05469186,785.1267761908646,0
1765,390.0046439319953,390.0046439319953,612710.2390152295,782.7580973808125,0,451557,390.16638762656464,616427.7757713465,785.1291459189033,0
1766,390.0782979778854,390.0782979778854,612753.2289079784,782.7855574216852,0,451557,390.4274695049031,616600.7103364427,785.2392694818839,0
1767,389.9958742750085,389.9958742750085,612563.4245975591,782.6643115650279,0,451557,390.1675237184087,616132.0741250099,784.9408093130398,0
1768,389.87070956712,389.87070956712,612210.9898905343,782.4391285528443,0,451557,389.95985808817665,615782.2332775253,784.717932302764,0
1769,389.8708136514327,389.8708136514327,612330.6011887757,782.515559710333,0,451557,390.06744797895243,616187.5703181057,784.9761590762523,0
1770,389.7063958702888,389.7063958702888,612194.9463412149,782.4288762189283,0,451557,389.9278083393128,615700.1704935024,784.665642483155,0
1771,389.81061970028145,389.81061970028145,612300.5220514797,782.4963399604369,0,451557,390.01181934146535,615772.3353862712,784.7116256219678,0
1772,389.63498517352184,389.63498517352184,611707.9092628395,782.1175802031555,0,451557,389.79626086263255,615114.939089532,784.2926361311395,0
1773,389.55443277371404,389.55443277371404,611517.161972907,781.9956278476926,0,451557,389.94797895240373,615452.2907597864,784.5076741242156,0
1774,389.69683561543724,389.69683561543724,611671.9604568194,782.094598150901,0,451557,390.0374113051104,615427.1882125488,784.4916750434952,0
1775,389.8594773195853,389.8594773195853,611971.1394220442,782.2858425294709,0,451557,390.14394482978554,615704.5651757952,784.6684428316174,0
1776,389.80898978423545,389.80898978423545,611946.2247468204,782.2699180889039,0,451557,390.0847683967153,615831.6758949214,784.7494351032827,0
1777,389.84529527833695,389.84529527833695,612049.0245749706,782.3356214406772,0,451557,390.2540660129156,616271.7316232162,785.0297648008108,0
1778,390.0404445064521,390.0404445064521,612718.2641682002,782.7632235664884,0,451557,390.58263573307823,617138.2474687076,785.5814709301052,0
1779,390.3746348744455,390.3746348744455,613419.3260585043,783.2109077754882,0,451557,390.6208243641872,617029.526110181,785.5122698660925,0
1780,390.4018850333402,390.4018850333402,613448.0949204641,783.2292735339149,0,451557,390.45680857849,616799.4369967312,785.3657982091728,0
1781,390.1001047486807,390.1001047486807,612851.4237117352,782.8482763037389,0,451557,389.7081240532568,615397.5306146855,784.4727723858142,0
1782,389.6154549702474,389.6154549702474,611886.6410264928,782.231833299114,0,451557,389.88015227616995,615698.5409989635,784.6646041455951,0
1783,389.465002203487,389.465002203487,611711.4521267526,782.1198451175834,0,451557,389.6300725504265,615448.10966276,784.5050093292967,0
1784,389.6865312684777,389.6865312684777,612152.6120268316,782.4018226121611,0,451557,389.94562704297215,615714.471099418,784.6747549777666,0
1785,389.5527873557491,389.5527873557491,611553.2572809191,782.018706477613,0,451557,389.6010922426852,614957.806704935,784.1924551441024,0
1786,389.3643105964474,389.3643105964474,611282.4740043893,781.8455563628851,0,451557,389.70918041935744,615466.914713386,784.5169945344626,0
1787,389.29245034403186,389.29245034403186,611263.5065495607,781.8334263444872,0,451557,389.56437853782984,615355.7417284541,784.446136919836,0
1788,389.63876542717753,389.63876542717753,612212.6608556616,782.4401963445267,0,451557,389.84323925695605,615772.1528940445,784.711509342156,0
1789,389.25992510358606,389.25992510358606,611612.5446887104,782.0566122018984,0,451557,389.7074663158734,615523.2446982381,784.552894773984,0
1790,389.53965058674765,389.53965058674765,611819.4017322287,782.1888529838742,0,451557,389.95941959658774,615828.7438411863,784.747566954614,0
1791,389.79459735980174,389.79459735980174,612238.278589414,782.4565665833561,0,451557,390.0511440644184,616170.4092322411,784.9652280402241,0
1792,389.70161685014295,389.70161685014295,612303.7910142019,782.4984287614908,0,451557,389.8933468867097,615859.1639360599,784.7669488045861,0
1793,389.7967432682917,389.7967432682917,612272.7461206447,782.4785914775207,0,451557,390.02062903611574,615721.9029538388,784.6794905908009,0
1794,389.73583179975066,389.73583179975066,611976.6249510029,782.2893486114987,0,451557,389.9120824364187,615489.1752571155,784.5311818258823,0
1795,389.6741895264607,389.6741895264607,611851.7075850889,782.2095036402261,0,451557,389.87359483377185,615641.0708363231,784.6279824453899,0
1796,389.62134127031584,389.62134127031584,611850.8978800018,782.2089860644671,0,451557,389.6963047117914,615292.9200948736,784.4060938664829,0
1797,389.533881658351,389.533881658351,611834.7871320785,782.1986877591131,0,451557,389.6304113848362,615401.28511919,784.4751653935197,0
1798,389.3335481456383,389.3335481456383,611451.507444243,781.9536478872919,0,451557,389.40406999920276,615001.4321733238,784.2202701877349,0
1799,389.20812876336765,389.20812876336765,611405.1508602458,781.9240058089058,0,451557,389.5159451486885,615322.1976002551,784.4247558563251,0
1800,389.09473665561603,389.09473665561603,611293.0609026103,781.8523267872331,0,451557,389.3844773977517,615085.5580802041,784.2739050103631,0
1801,389.28493634247724,389.28493634247724,611514.4560354507,781.9938976970668,0,451557,389.6062146217013,615394.0625647772,784.4705619491258,0
1802,389.30993207944954,389.30993207944954,611521.2375204016,781.998233706702,0,451557,389.6389420393845,615427.0085107231,784.491560509559,0
1803,389.3515746627779,389.3515746627779,611698.0542412143,782.1112799603483,0,451557,389.79657976560634,615809.3841983577,784.7352319084174,0
1804,389.59594912713123,389.59594912713123,612085.661070474,782.3590359102872,0,451557,389.9492545642988,615809.5540540541,784.7353401332541,0
1805,389.645809942045,389.645809942045,612201.1956120711,782.4328697160358,0,451557,389.7816511201467,615387.8536434665,784.4666045431549,0
1806,389.6204421590187,389.6204421590187,611786.5745144024,782.1678685003639,0,451557,389.7905206091047,615403.236466555,784.4764091204751,0
1807,389.4272638891657,389.4272638891657,611491.8033935915,781.9794136635513,0,451557,389.77351909431553,615650.8063661006,784.634186335327,0
1808,389.64915171285134,389.64915171285134,612078.5674056653,782.3545023872907,0,451557,389.8565335246751,615986.628358447,784.8481562432615,0
1809,389.6089375206231,389.6089375206231,612272.4178099332,782.4783816885507,0,451557,389.79422785617476,615993.6228972335,784.8526122127857,0
1810,389.47972902645733,389.47972902645733,612102.1382904041,782.3695663114742,0,451557,389.8256995933987,615969.8306824524,784.8374549436669,0
1811,389.7170523322637,389.7170523322637,612422.2669629748,782.5741287334861,0,451557,390.0496691381647,616249.6085465997,785.015674077021,0
1812,389.6032394581415,389.6032394581415,612212.1363947409,782.439861200042,0,451557,389.56370086901063,615446.3347285339,784.5038780838078,0
1813,389.50251463270416,389.50251463270416,611961.0027017631,782.2793635919096,0,451557,389.59720561269233,615235.7004903133,784.3696198160109,0
1814,389.144522175495,389.144522175495,611246.6506886174,781.8226465692954,0,451557,389.32599856493664,614740.9016184326,784.0541445706621,0
1815,389.32800953146557,389.32800953146557,611348.5485198989,781.887810699143,0,451557,389.57153392330383,615224.4775372718,784.3624656606611,0
1816,389.15678862247734,389.15678862247734,611337.4491902462,781.8807128905573,0,451557,389.3712229929044,615330.643127641,784.4301390994873,0
1817,389.2471581660787,389.2471581660787,611625.4674581503,782.0648742004402,0,451557,389.5714342661245,615706.6866379654,784.6697946512057,0
1818,389.43606012087065,389.43606012087065,612144.9332531663,782.396915416444,0,451557,389.71228972335166,615908.8045722714,784.798575796536,0
1819,389.4145523156545,389.4145523156545,612054.8996760099,782.3393762786135,0,451557,389.6715897313242,615765.2782229132,784.707128948701,0
1820,389.4561151748284,389.4561151748284,612083.4714665037,782.3576365489786,0,451557,389.73670573228094,615808.6116559037,784.734739676984,0
1821,389.52417081343,389.52417081343,612083.4111928283,782.3575980284388,0,451557,389.8111695766563,615833.5259507295,784.7506138581413,0
1822,389.5579162763505,389.5579162763505,612085.448995365,782.3589003746074,0,451557,389.8938651040421,615981.6016303914,784.8449538796765,0
1823,389.6019151513541,389.6019151513541,612114.744127541,782.3776224608811,0,451557,389.9968906960057,616183.6636769513,784.9736706902668,0
1824,389.6949643123681,389.6949643123681,612399.68214644,782.559698774758,0,451557,389.7370644981265,615777.4901140078,784.7149100877388,0
1825,389.51937629136523,389.51937629136523,611917.3598438293,782.2514684190943,0,451557,389.34407637726224,615124.3588256398,784.2986413513922,0
1826,389.2440688550947,389.2440688550947,611665.8685127237,782.0907035074152,0,451557,389.2667623375588,615161.7359882006,784.3224693888354,0
1827,389.06191687871075,389.06191687871075,611417.5536067429,781.931936684225,0,451557,389.2611416726461,615162.5377102767,784.3229804807944,0
1828,389.303618369331,389.303618369331,611778.8280416426,782.162916559998,0,451557,389.59704616120547,615560.2980746233,784.5765087450831,0
1829,389.18145660459254,389.18145660459254,611624.736786275,782.0644070575486,0,451557,389.4295224427968,615529.8775412581,784.5571219109913,0
1830,389.3740613034456,389.3740613034456,611841.8590986299,782.2032083152242,0,451557,389.7487443195408,615894.4370166627,784.7894220850984,0
1831,389.40654446725443,389.40654446725443,612077.9955243745,782.3541368998917,0,451557,389.38483616359724,615410.5432113529,784.4810661904804,0
1832,389.41681116669656,389.41681116669656,612060.0576782111,782.3426727963976,0,451557,389.7514948576895,615684.7117914375,784.6557919186205,0
1833,389.1909637100078,389.1909637100078,611492.4540423468,781.9798296902209,0,451557,389.4216694570677,615229.9900342821,784.3659796512608,0
1834,389.5164242830916,389.5164242830916,611903.4780193863,782.2425953752368,0,451557,390.14137367455953,616128.0811807383,784.9382658405299,0
1835,389.55593424528905,389.55593424528905,612148.4424712716,782.3991580205538,0,451557,389.7436817348322,615864.5501474927,784.7703805238145,0
1836,389.6785411365564,389.6785411365564,612231.2749508921,782.4520911537601,0,451557,389.83004464641635,615825.4500318903,784.7454683092412,0
1837,389.36657387660915,389.36657387660915,611773.4653963952,782.159488465361,0,451557,389.32898828031574,615054.1158016423,784.2538592838688,0
1838,389.21691392227336,389.21691392227336,611643.5324311217,782.076423651245,0,451557,389.3575898907757,615284.222972973,784.4005500845681,0
1839,389.1227021173407,389.1227021173407,611378.3024335798,781.9068374388216,0,451557,389.6769512875708,615661.0540939169,784.6407165664531,0
1840,389.67400128887385,389.67400128887385,612353.2009890224,782.5300000568811,0,451557,389.96230965478753,616172.8097544448,784.9667571014996,0
1841,389.7767147890521,389.7767147890521,612563.3787318101,782.6642822639923,0,451557,389.6215418958782,615767.9459060831,784.7088287422814,0
1842,389.3856611679146,389.3856611679146,611893.8282099491,782.2364273095118,0,451557,389.32526110180976,615243.5341425496,784.3746133975459,0
1843,389.1277490992278,389.1277490992278,611602.1177149286,782.0499457930603,0,451557,389.3849158893407,615415.5387865742,784.4842501838862,0
1844,389.23884249386015,389.23884249386015,611726.3817989755,782.1293894228598,0,451557,389.54165670094875,615724.6956469744,784.6812701007807,0
1845,389.20495529910954,389.20495529910954,611819.5122830562,782.188923651477,0,451557,389.7739974487762,616499.2964003826,785.1746916453577,0
1846,389.53298254705385,389.53298254705385,612697.3039350514,782.7498348355313,0,451557,389.905744239815,616669.4008809695,785.2830068713887,0
1847,389.82305002469235,389.82305002469235,613322.638464247,783.1491802104163,0,451557,389.8899186797417,616383.528442159,785.1009670368258,0
1848,389.5557017165053,389.5557017165053,612472.6433340642,782.6063143970052,0,451557,389.6308100135534,615717.8748505142,784.6769238677242,0
1849,389.400729033101,389.400729033101,611933.1109184443,782.261536136377,0,451557,389.4476999123017,615518.9802280156,784.5501769982692,0
1850,389.2920982290165,389.2920982290165,611957.2826907788,782.2769859140551,0,451557,389.37630550904885,615660.4158893407,784.6403098804832,0
1851,389.0432835721736,389.0432835721736,611658.5302586384,782.0860120591842,0,451557,389.4732719445109,615606.7598062664,784.6061176197051,0
1852,389.22005195357394,389.22005195357394,611889.5961905142,782.2337222278992,0,451557,389.5332655664514,615721.9837160169,784.6795420526885,0
1853,389.33994379447114,389.33994379447114,611978.4990975668,782.2905464707898,0,451557,389.6141871960456,615717.9704416806,784.6769847788838,0
1854,389.3112718881559,389.3112718881559,611928.2720719643,782.2584432730428,0,451557,389.55375508251615,615563.251235749,784.5783907524786,0
1855,389.3853201256984,389.3853201256984,611967.4915126994,782.2835109553948,0,451557,389.92701108187833,615889.800486327,784.7864680830876,0
1856,389.50665364505477,389.50665364505477,611862.2277851965,782.2162282803882,0,451557,390.07127481463766,615976.3944032529,784.8416365122666,0
1857,390.04955742021497,390.04955742021497,612944.933596423,782.9079981686373,0,451557,389.9586223391533,616258.8161125728,785.0215386297199,0
1858,389.86576002586605,389.86576002586605,612775.3035674344,782.799657362875,0,451557,389.7916766323846,616182.1981981982,784.9727372324456,0
1859,389.3403822773205,389.3403822773205,611977.7158476117,782.2900458574247,0,451557,389.5302957825082,615700.3421430279,784.6657518606429,0
1860,389.35646441091603,389.35646441091603,612124.2688276342,782.3837094595171,0,451557,389.7439807063701,616170.8365024317,784.9655001988506,0
1861,389.45750370385133,389.45750370385133,612157.5938630118,782.4050062870327,0,451557,389.6817946264849,615943.9303794946,784.8209543453172,0
1862,389.44114475027516,389.44114475027516,612208.6180770091,782.4376128976731,0,451557,389.6496252890058,615818.495794467,784.7410374094546,0
1863,389.3540771154029,389.3540771154029,611973.5851841518,782.2874057430247,0,451557,389.61653910547716,615834.181954078,784.7510318273421,0
1864,389.4713203427253,389.4713203427253,612097.7318145882,782.3667501974942,0,451557,389.7501993143586,615903.7082237104,784.7953288748031,0
1865,389.3098656426542,389.3098656426542,612174.8856046966,782.4160565867093,0,451557,389.45916048792157,615660.7047556406,784.6404939560796,0
1866,389.2122478446796,389.2122478446796,611862.0110661555,782.2160897515184,0,451557,389.43460495894124,615486.7642310451,784.5296452212913,0
1867,389.1330573991766,389.1330573991766,611650.0774963072,782.080608055402,0,451557,389.44710196922586,615528.9817428048,784.5565510164355,0
1868,389.2243016939168,389.2243016939168,611806.6387986456,782.1806944681297,0,451557,389.49097105955514,615669.9584828191,784.6463907282179,0
1869,389.27814428743216,389.27814428743216,612023.632965495,782.3193931927643,0,451557,389.50294985250736,615836.4258151958,784.7524614903707,0
1870,389.25959291960925,389.25959291960925,612077.3823592592,782.3537450279504,0,451557,389.5035079327115,615914.9115442877,784.8024665763276,0
1871,389.28471931561245,389.28471931561245,612207.8217722237,782.4371040359881,0,451557,389.42441999521645,615829.6824523639,784.7481649882106,0
1872,389.2005106775003,389.2005106775003,612122.318925407,782.3824633294173,0,451557,389.31936139679505,615703.3619349438,784.6676761119601,0
1873,389.09534123045376,389.09534123045376,611876.4740774698,782.2253345919382,0,451557,389.3968946822929,615701.937076457,784.6667681738899,0
1874,389.2371549992581,389.2371549992581,612159.4146652583,782.4061698793397,0,451557,389.4825799250578,615817.0161843259,784.7400946710484,0
1875,389.1589478183264,389.1589478183264,611959.6536317674,782.2785013227498,0,451557,389.14454277286137,615124.4513274336,784.2987003224177,0
1876,388.9888120436623,388.9888120436623,611394.3116483634,781.9170746622453,0,451557,389.04199553535835,614685.7116120545,784.0189485031943,0
1877,388.7640253611394,388.7640253611394,610925.3004227595,781.6171060197951,0,451557,389.3505740253528,615273.4094514869,784.3936571973838,0
1878,388.99276946210557,388.99276946210557,611181.5545678618,781.7810144585643,0,451557,389.3520688830423,615262.0105237982,784.3863910878351,0
1879,389.298183839471,389.298183839471,611942.2109944038,782.2673526323362,0,451557,389.60842701108186,615941.5120385872,784.8194136478705,0
1880,389.0939881343883,389.0939881343883,611661.5060645721,782.0879145368327,0,451557,389.11117754923066,614881.5610300566,784.143839502713,0
1881,389.01153342767356,389.01153342767356,611429.9229266737,781.939846104976,0,451557,389.3535637407319,615350.3465080124,784.4426980398329,0
1882,388.99836344027443,388.99836344027443,611365.1118552032,781.8984025148045,0,451557,389.46988360041456,615581.5771944511,784.59006952322,0
1883,389.33725753337893,389.33725753337893,612064.6644033865,782.3456169771686,0,451557,389.9750458423025,616464.467671211,785.1525123638152,0
1884,389.62927382368116,389.62927382368116,612585.473532688,782.6783972569372,0,451557,390.1031252491429,616441.6738818465,785.137996712582,0
1885,389.85069658979927,389.85069658979927,612816.4074856552,782.825911353,0,451557,390.0684644821813,616245.4924459858,785.0130524048539,0
1886,389.79171178832354,389.79171178832354,612405.2742311602,782.5632717110867,0,451557,389.80247947062105,615754.648847963,784.7003560901212,0
1887,389.5658444005962,389.5658444005962,612019.8728931231,782.3169900322523,0,451557,389.5395639001834,615509.9900940764,784.5444474942617,0
1888,389.34561085311486,389.34561085311486,611868.1545275568,782.2200167009004,0,451557,389.48666586940925,615709.6357131468,784.6716738312572,0
1889,389.2467794763452,389.2467794763452,611881.976166907,782.2288515306163,0,451557,389.5191939727338,615752.1422107948,784.6987588946441,0
1890,389.34880203385177,389.34880203385177,612169.9473842726,782.4129008293975,0,451557,389.6002351909432,615967.6960655346,784.8360950322906,0
1891,389.26034365539675,389.26034365539675,611952.9123964417,782.2741925926239,0,451557,389.5973849956151,615759.2210396237,784.7032694207561,0
1892,389.40522680414654,389.40522680414654,612145.8513321684,782.397502125466,0,451557,389.7743562146217,615949.9731922188,784.8248041392543,0
1893,389.5266378330975,389.5266378330975,612170.7759286202,782.4134303094626,0,451557,389.8060471976401,615926.0382484255,784.8095554008154,0
1894,389.51387311015,389.51387311015,612103.6289992182,782.3705189992899,0,451557,389.72060113210557,615741.688631109,784.6920979792704,0
1895,389.48880207814295,389.48880207814295,612074.1350770778,782.3516696966127,0,451557,389.520449653193,615644.9215897314,784.6304363136389,0
1896,389.34588767309555,389.34588767309555,611903.907876525,782.2428701346693,0,451557,389.34686677828273,615363.8066850036,784.4512774449435,0
1897,389.08660922098426,389.08660922098426,611660.8849646888,782.0875174586849,0,451557,389.11590129952964,615126.1623016822,784.2997910886386,0
1898,388.9031528688516,388.9031528688516,611348.2736199417,781.8876349066671,0,451557,389.0461811368891,614813.7173921709,784.1005786199695,0
1899,388.8755550240612,388.8755550240612,611089.5304756653,781.7221568279009,0,451557,389.0820377900024,614671.0250338834,784.0095822334594,0
1900,388.8417386952256,388.8417386952256,610991.5042198438,781.6594554023151,0,451557,389.19594594594594,614966.2156382046,784.1978166497306,0
1901,388.95299818184634,388.95299818184634,611190.9537511322,781.7870258268119,0,451557,389.3350275053815,615206.9792513753,784.3513111172667,0
1902,389.2290386374256,389.2290386374256,611686.1717280432,782.1036834896274,0,451557,389.7308458901379,615832.795822371,784.7501486603052,0
1903,389.2905923283218,389.2905923283218,611773.5906784747,782.1595685526546,0,451557,389.5092282548035,615308.7758710037,784.4162006683721,0
1904,389.50835442701583,389.50835442701583,612045.0983951085,782.333112168409,0,451557,389.71260862632545,615726.2641513195,784.6822695533011,0
1905,389.34506828595283,389.34506828595283,611739.6277258464,782.1378572386369,0,451557,389.4386111775492,615506.8030375509,784.5424163406022,0
1906,389.312199788731,389.312199788731,611924.0648046647,782.255754088562,0,451557,389.50215259507297,615759.6076696165,784.7035157749814,0
1907,389.16083905243414,389.16083905243414,611758.7553575739,782.1500849310021,0,451557,389.4517659252173,615523.4374551543,784.553017619048,0
1908,389.35806110856436,389.35806110856436,612033.9641197014,782.3259960653879,0,451557,389.66724467830664,615762.529359005,784.7053774245497,0
1909,389.3037955341186,389.3037955341186,611773.1415790254,782.1592814631975,0,451557,389.4376345371921,615305.3220720721,784.4139991561038,0
1910,389.2180189876361,389.2180189876361,611808.5584566289,782.1819215864228,0,451557,389.31936139679505,615469.7699314358,784.518814262243,0
1911,389.01128539697095,389.01128539697095,611525.3183341195,782.0008429241745,0,451557,389.21167184884,615274.7824284461,784.3945323805145,0
1912,389.0164386777306,389.0164386777306,611592.3748009665,782.0437166814695,0,451557,389.38112891652713,615432.1850833134,784.4948598195615,0
1913,389.1586399945079,389.1586399945079,611629.1288054442,782.0672150176379,0,451557,389.42214781152836,615169.7424858487,784.3275734575757,0
1914,389.19085298201554,389.19085298201554,611479.2757724938,781.9714034237402,0,451557,389.23509128597624,614765.2659850116,784.069681842763,0
1915,389.05202886900213,389.05202886900213,611190.4883613808,781.7867281819133,0,451557,389.22502591086663,614959.2154588216,784.1933533630731,0
1916,389.0646629329188,389.0646629329188,611406.4697170014,781.9248491492015,0,451557,389.46689388503546,615574.0408395121,784.5852667744355,0
1917,389.1693739660774,389.1693739660774,611751.7234701267,782.1455896891107,0,451557,389.46123335725105,615689.5350195328,784.6588653800661,0
1918,389.2959692796258,389.2959692796258,611984.0953057975,782.29412327193,0,451557,389.3690504663956,615560.9007015865,784.576892791004,0
1919,388.94113921387554,388.94113921387554,611420.1139081002,781.933573846334,0,451557,389.12991309893965,615141.2201626406,784.3093905868019,0
1920,388.98404409631564,388.98404409631564,611579.2206078081,782.0353064969689,0,451557,389.3785577613011,615588.4556126923,784.5944529581459,0
1921,389.07948276740257,389.07948276740257,611717.0267319519,782.1234088888734,0,451557,389.8308618352866,616146.9767200829,784.9503020701902,0
1922,389.4071734022504,389.4071734022504,612077.0696479072,782.3535451750105,0,451557,389.47030216056766,615434.670294188,784.4964437740862,0
1923,389.54163926148857,389.54163926148857,612250.2584568504,782.464221838194,0,451557,389.3972135852667,615280.3120266284,784.3980571282851,0
1924,389.10709168499216,389.10709168499216,611498.0456974424,781.9834050013097,0,451557,389.0526588535438,614746.6880331659,784.0578346226546,0
1925,389.1129336938637,389.1129336938637,611535.459193413,782.0073268156847,0,451557,389.4518655823966,615510.6581958064,784.5448732837443,0
1926,389.13844763783976,389.13844763783976,611562.5104516152,782.0246226632606,0,451557,389.45053017619387,615338.472335167,784.4351294627025,0
1927,389.2584723523276,389.2584723523276,611798.6330452191,782.1755768657182,0,451557,389.55933588455713,615831.2084628877,784.749137280754,0
1928,389.252331377877,389.252331377877,611752.0074121318,782.1457712038925,0,451557,389.4647014270908,615487.8397711872,784.5303306891245,0
1929,389.2319352817031,389.2319352817031,611877.3577532847,782.2258994390845,0,451557,389.14737303675355,615201.559674719,784.3478562951001,0
1930,389.1622165086578,389.1622165086578,611757.4230163634,782.1492332134344,0,451557,389.27808339312764,615324.7304073985,784.426370290672,0
1931,388.90252614841535,388.90252614841535,611321.6737200398,781.8706246688386,0,451557,389.20393845172606,615133.9035318504,784.3047261950232,0
1932,389.25310425926295,389.25310425926295,612024.4244735438,782.3198990653017,0,451557,389.65861436657895,616106.9453480028,784.924802352431,0
1933,389.12803256288794,389.12803256288794,611722.1543526066,782.1266868945252,0,451557,388.9991230168221,614677.0440086104,784.0134208089875,0
1934,388.76009673197404,388.76009673197404,611140.6774626459,781.7548704438277,0,451557,388.88379972893244,614778.4249780754,784.07807326699,0
1935,388.58981922547986,388.58981922547986,610863.905210195,781.5778305518875,0,451557,388.94325520210475,614849.1395399824,784.1231660523636,0
1936,388.5663936114378,388.5663936114378,610874.0807672121,781.5843401496809,0,451557,388.9461651917404,614931.6817547636,784.1757977359181,0
1937,388.84375394468475,388.84375394468475,611329.8526498316,781.8758550114152,0,451557,389.04008211751574,614977.1133102129,784.2047649116988,0
1938,388.77531518723,388.77531518723,611190.255907892,781.7865795138031,0,451557,389.0237981344176,614960.1983975125,784.1939800824235,0
1939,388.7904539183315,388.7904539183315,611231.4996002719,781.8129569150616,0,451557,389.18372797576336,615290.9148130431,784.4048156488096,0
1940,388.9759321636028,388.9759321636028,611520.4118217634,781.9977057650254,0,451557,389.12544845730685,615090.3285896516,784.2769463586518,0
1941,388.96050111060174,388.96050111060174,611507.8453727879,781.9896708862515,0,451557,389.1215219644423,615145.8787172128,784.3123604261333,0
1942,388.6563844653056,388.6563844653056,610888.5461658218,781.5935939897549,0,451557,388.57966594913495,614085.1998923703,783.6358847656036,0
1943,388.431564564385,388.431564564385,610438.1690417822,781.3054262206184,0,451557,388.60095272263413,614150.9321733238,783.6778242194453,0
1944,388.34171101322755,388.34171101322755,610338.6713305297,781.2417496079748,0,451557,388.70060990193736,614413.5993582078,783.8453925093952,0
1945,388.47989068932606,388.47989068932606,610563.1578383239,781.3854092816962,0,451557,388.95308139998406,614680.2595471578,784.0154714973154,0
1946,388.75522248575487,388.75522248575487,611071.3111611601,781.7105034225651,0,451557,389.0881567408116,614962.537770071,784.1954716587383,0
1947,388.8464335620974,388.8464335620974,611115.7216851915,781.7389088980998,0,451557,389.42356294347445,615480.0435501874,784.5253619547219,0
1948,389.07068875025743,389.07068875025743,611545.2240425904,782.0135702419686,0,451557,389.52933907358687,615799.7579526429,784.7290984490398,0
1949,389.27447254720886,389.27447254720886,612139.370380705,782.3933603889446,0,451557,389.40183767838636,615829.7239296819,784.7481914153622,0
1950,389.14407261984644,389.14407261984644,612001.0872868763,782.304983549815,0,451557,389.26441042812723,615681.4260942359,784.6536981970045,0
1951,389.05575154410184,389.05575154410184,612001.7981251536,782.3054378726723,0,451557,388.967392170932,615143.0809216296,784.3105768263166,0
1952,388.83165137513095,388.83165137513095,611589.0505340411,782.041591307036,0,451557,388.98869887586704,615246.1357928725,784.3762718191267,0
1953,388.591433639607,388.591433639607,611102.8083630638,781.7306494970398,0,451557,388.6397193653831,614450.2476281591,783.8687693920195,0
1954,388.6108353984104,388.6108353984104,611224.1630735433,781.8082649048572,0,451557,388.7849796699354,614894.0308139998,784.1517906719336,0
1955,388.43812409064634,388.43812409064634,610734.9202647727,781.4953104560338,0,451557,388.70607111536316,614617.9261141673,783.9757178090194,0
1956,388.44799216931636,388.44799216931636,610819.8379252232,781.549638810756,0,451557,388.84046878737144,614780.4829785537,784.0793856355068,0
1957,388.5799976525666,388.5799976525666,611043.9434179959,781.6929981891842,0,451557,389.03009646814957,614928.5016742406,784.1737700753836,0
1958,388.792276501084,388.792276501084,611149.6952455614,781.7606380763625,0,451557,389.05813999840547,614859.1249103085,784.1295332470959,0
1959,388.8180938397589,388.8180938397589,611106.1578139637,781.7327918246514,0,451557,389.02100773339714,614628.5740652157,783.9825087750463,0
1960,388.8549729048603,388.8549729048603,611118.9805207317,781.7409932456732,0,451557,389.04584230247946,614821.8758271546,784.1057810188333,0
1961,388.61923522390305,388.61923522390305,610654.2673726684,781.4437071041448,0,451557,388.65859443514313,614197.545543331,783.707563791068,0
1962,388.5626377179404,388.5626377179404,610716.9888341893,781.4838378585889,0,451557,388.5634616917803,614202.8855536953,783.7109706733058,0
1963,388.3660113784085,388.3660113784085,610437.235239405,781.3048286292649,0,451557,388.42214781152836,613842.448417444,783.4809815288716,0
1964,388.2210108579869,388.2210108579869,610185.089698532,781.1434501412222,0,451557,388.4051462967392,613819.8803515906,783.4665789627472,0
1965,388.1915749285251,388.1915749285251,610108.1968765848,781.0942304719609,0,451557,388.411185521805,613845.0,783.4826098899707,0
1966,388.16309125979666,388.16309125979666,610086.3423288754,781.080240646808,0,451557,388.4983257593877,613947.6926572591,783.5481431649615,0
1967,388.3653071483777,388.3653071483777,610250.2183755317,781.1851370677323,0,451557,388.75554093916924,614061.7037989317,783.620892906086,0
1968,388.46362253270354,388.46362253270354,610342.610283973,781.2442705607338,0,451557,388.996571793032,614645.501235749,783.993304330942,0
1969,388.6137652610855,388.6137652610855,610515.4687448096,781.3548929550577,0,451557,389.04143745515427,614724.2407518137,784.0435196797521,0
1970,388.8308275588685,388.8308275588685,611209.3494021796,781.7987908676884,0,451557,389.09933827632943,615253.1148050706,784.3807205720132,0
1971,388.8067132167146,388.8067132167146,611263.4425709269,781.8333854287158,0,451557,388.9294227856175,614840.7759905923,784.1178329757539,0
