trial,loss,mae,mse,rmse,error_count,evaluated,val_mae,val_mse,val_rmse,val_error_count
0,181.26117414057802,181.26117414057802,58963.342549106914,242.8236861368901,0,2205494,181.53904037477454,58881.385710904535,242.65486953882572,0
1,181.3143164297885,181.3143164297885,59043.093161441386,242.9878457072316,0,2205494,181.8831318811364,59229.70586482979,243.37153873209945,0
2,181.184131990384,181.184131990384,58917.807176079375,242.72990581318854,0,2205494,181.60034114929772,58974.04882189232,242.8457304996164,0
3,179.3229670994344,179.3229670994344,58190.431955833934,241.2269304116643,0,2205494,179.70874174671704,58229.73119394093,241.30837365068982,0
4,179.32276805105795,179.32276805105795,58212.17095625742,241.27198543605806,0,2205494,179.72360377712667,58208.65392933803,241.26469681521584,0
5,179.3684009115418,179.3684009115418,58218.33688325609,241.28476305655127,0,2205494,179.72163278297845,58248.515914859585,241.3472931583439,0
6,188.23601651149357,188.23601651149357,66048.77315875718,256.9995586742459,0,2205494,188.706954385564,66084.93326368881,257.0698995675861,0
7,188.3824444772917,188.3824444772917,66085.88538486163,257.07175143306125,0,2205494,188.6501301753899,66299.51268291887,257.48691749857676,0
8,188.5715182176873,188.5715182176873,66339.72684124282,257.56499537251335,0,2205494,187.28006888277685,64860.67940127482,254.67759893888356,0
9,185.7174623916456,185.7174623916456,63793.584595106586,252.5739190714405,0,2205494,186.36820455899516,64062.65283570152,253.1060110619689,0
10,185.8593476110114,185.8593476110114,63956.001767404494,252.89523872031378,0,2205494,185.7715238274013,63521.005847690714,252.03373950265214,0
11,185.62058658967106,185.62058658967106,63748.18105240821,252.48402138038006,0,2205494,186.23949007157606,63693.827172786405,252.37636017025525,0
12,179.30256766010473,179.30256766010473,57574.50965192768,239.9468892316124,0,2235771,179.33639671843426,57767.920992037616,240.34958080270832,0
13,179.25390525237157,179.25390525237157,57532.76105960763,239.85987796963383,0,2235771,179.44116770926422,57881.41192667198,240.58556051158178,0
14,179.2140152099656,179.2140152099656,57506.17244073744,239.8044462488914,0,2235771,179.8772150166252,58242.27216224267,241.33435760836596,0
15,181.24884883111912,181.24884883111912,58714.45331207892,242.31065455748933,0,2235771,181.55278200452463,59131.662629117054,243.1700282294614,0
16,181.2147366613128,181.2147366613128,58705.08085711819,242.29131403564222,0,2235771,181.77800320427667,59321.75480842773,243.56057728710476,0
17,181.39943446802022,181.39943446802022,58829.61281678669,242.5481659728366,0,2235771,180.90265600721364,58788.93236399939,242.4642909048658,0
18,181.02192576967855,181.02192576967855,59388.59928588393,243.69776216839566,0,2235771,181.2842829424599,59809.76105193666,244.56034235324552,0
19,180.84644089220228,180.84644089220228,59294.08098146009,243.50375968649865,0,2235771,181.2171622024169,59713.43258137494,244.36332085927899,0
20,180.9747456246637,180.9747456246637,59344.56007077648,243.60738919576409,0,2235771,180.82887310903396,59574.76550411001,244.0794245816513,0
21,180.174389058629,180.174389058629,59635.91906326721,244.20466634212215,0,2235771,180.02607298987996,59672.71307634712,244.27998910337934,0
22,179.71636093320828,179.71636093320828,59202.08695613281,243.31478984256754,0,2235771,180.88535854889741,60377.232056453235,245.71778945866583,0
23,179.9051503933095,179.9051503933095,59406.22421258707,243.73392093138588,0,2235771,179.4934908098447,58914.45929038958,242.72300939628607,0
24,181.2980631737329,181.2980631737329,58989.58916722688,242.87772472424655,0,2235771,181.76711027381268,59421.05502016762,243.76434320910764,0
25,181.245668720097,181.245668720097,58952.918462579575,242.80222087653888,0,2235771,182.4343244048338,60179.77595021295,245.31566592904935,0
26,181.34451471103256,181.34451471103256,59035.98321071344,242.973215006744,0,2235771,183.13304188907406,60953.41497798066,246.88745407164913,0
27,187.99506389518424,187.99506389518424,65175.6627087479,255.29524615383636,0,2235771,187.96118638745983,65358.32528238695,255.6527435455895,0
28,188.3504267655319,188.3504267655319,65517.95602590784,255.96475543696997,0,2235771,187.78137252534034,64845.074338413484,254.64696019865127,0
29,188.13313841176043,188.13313841176043,65397.27671259713,255.72891254724627,0,2235771,187.80899129692696,64651.419140319944,254.26643337318424,0
30,181.25040176297125,181.25040176297125,58972.14390472012,242.84180839534224,0,2235771,181.39268491011117,59201.22318028484,243.3130148189464,0
31,181.10528806393856,181.10528806393856,58815.47806416668,242.51902619004284,0,2235771,181.19280003864455,59075.80663639511,243.0551514294546,0
32,181.1686344442253,181.1686344442253,58853.17296851958,242.59672909691008,0,2235771,180.49232342261834,58683.763245819544,242.247318345982,0
33,179.85378735120904,179.85378735120904,57787.20405265119,240.3896920682149,0,2235771,180.1234250336127,58163.31046462012,241.17070813973268,0
34,179.83473665236735,179.83473665236735,57760.372890157356,240.33387794931733,0,2235771,180.11916608297307,58200.26463863327,241.24731011688664,0
35,179.69994690869504,179.69994690869504,57654.23162390066,240.1129559684372,0,2235771,180.55369578693976,58583.40036551296,242.04008008078532,0
36,179.9522419782706,179.9522419782706,58250.42613577151,241.35125053699537,0,2235771,180.06391243790708,58524.272093809624,241.9179036239559,0
37,179.9367318924881,179.9367318924881,58245.17882600678,241.34037960110774,0,2235771,180.13302981265448,58569.57408480867,242.01151643012503,0
38,179.87569478269464,179.87569478269464,58202.90416952362,241.25278064620028,0,2235771,180.2425589128002,58637.76550813548,242.1523601126685,0
39,179.83039452609412,179.83039452609412,57727.76533956295,240.26603034878434,0,2235771,180.00497951034143,58054.211067636,240.94441489197462,0
40,179.8118886057651,179.8118886057651,57726.32780995907,240.26303879281778,0,2235771,179.5563968794532,57829.961134056306,240.47860847496665,0
41,179.7281872785719,179.7281872785719,57685.296202070786,240.17763468331265,0,2235771,180.0751233807534,58328.792792792796,241.51354577495812,0
42,180.3998727955591,180.3998727955591,58766.25821875317,242.4175286953342,0,2235771,180.73964849568065,59209.801922565995,243.33064320501435,0
43,180.47882453077708,180.47882453077708,58821.88576826517,242.5322365547829,0,2235771,180.37531499327747,59088.97178545838,243.08223255815793,0
44,180.4837320101209,180.4837320101209,58845.55219474624,242.58102191792796,0,2235771,180.0339186371358,58824.00608651547,242.53660772451542,0
45,179.5465626846399,179.5465626846399,58345.85461480626,241.54886589426633,0,2235771,179.61148548011818,58556.58509447786,241.98467946231196,0
46,179.37852042986515,179.37852042986515,58219.256481097575,241.2866686766958,0,2235771,180.5097295687108,59223.64468758302,243.3590858948624,0
47,179.49397053633848,179.49397053633848,58319.3256295032,241.49394532679943,0,2235771,180.69520324614157,59191.25672455297,243.29253322811402,0
48,179.03162935738948,179.03162935738948,57917.06472040294,240.6596449768904,0,2235771,178.8272186395511,57980.214734842084,240.79081115117762,0
49,178.77569661651395,178.77569661651395,57742.74491707782,240.2972012260605,0,2235771,179.4190074793292,58742.04025875741,242.36757262215878,0
50,178.86837113461084,178.86837113461084,57823.524006260035,240.46522410997403,0,2235771,180.34613836356465,59790.89266880822,244.52176318031127,0
51,181.64475878790807,181.64475878790807,60635.87882032641,246.24353559093976,0,2235771,182.22545065172412,61312.6610149023,247.61393542145868,0
52,182.2614216751179,182.2614216751179,61119.2548588384,247.22308722859685,0,2235771,179.97793638142164,59336.952511492724,243.59177430999742,0
53,181.88547485408836,181.88547485408836,60820.616403916145,246.61836185474135,0,2235771,177.89978584482606,57409.67448011014,239.60316041344308,0
54,177.4449838556811,177.4449838556811,56942.47842869417,238.6262316441639,0,2235771,177.8007350514053,57334.10024635896,239.445401389041,0
55,177.33396354098878,177.33396354098878,56876.07318593899,238.4870503527162,0,2235771,177.9893365215081,57463.09326618844,239.7146079532669,0
56,177.2739846791107,177.2739846791107,56826.0015305682,238.38204951415324,0,2235771,178.28080090814674,57687.72718563067,240.1826954333527,0
57,180.54389157029053,180.54389157029053,59224.1634384738,243.36015170621874,0,2235771,181.1360207392379,59704.26075405164,244.344553354585,0
58,180.42840612925028,180.42840612925028,59173.08021349235,243.25517510115247,0,2235771,181.75761418254717,60167.4514044876,245.2905448738039,0
59,180.58379100542945,180.58379100542945,59215.885273133965,243.34314305756382,0,2235771,180.9891352478484,60037.833244772926,245.0261888957442,0
60,176.15028641126483,176.15028641126483,55974.78636497208,236.58991179881716,0,2235771,176.29907253097602,56163.07581173667,236.9875013829562,0
61,176.04433280510392,176.04433280510392,55875.08305457044,236.379108752382,0,2235771,176.4484819940584,56245.97069052967,237.16232983028664,0
62,176.02387856359172,176.02387856359172,55850.353669942044,236.32679422770082,0,2235771,176.2194567221377,56080.096422159426,236.81236543339418,0
63,180.19607956271014,180.19607956271014,59797.75980321777,244.5358047469077,0,2235771,180.9472542247341,60610.32940849697,246.19165178473654,0
64,180.3689796495258,180.3689796495258,59971.27477277414,244.89033213414967,0,2235771,180.83840945503144,60604.5790804209,246.1799729474778,0
65,180.30190837970437,180.30190837970437,59858.95436876138,244.66089668919588,0,2235771,181.35705142139457,61348.99239185566,247.68728750554732,0
66,175.5925915489556,175.5925915489556,55702.93146391111,236.01468484802191,0,2235771,175.41534429872232,55618.1435201958,235.83499214534683,0
67,175.33877262027283,175.33877262027283,55415.072034211014,235.4040612101053,0,2235771,175.2643045189962,55505.61621138565,235.59629923109074,0
68,175.20125719494527,175.20125719494527,55298.928409036525,235.1572418809094,0,2235771,175.59585859317764,55761.828563147596,236.13942610912645,0
69,176.5340743752379,176.5340743752379,56058.80912490591,236.76741567391807,0,2235771,176.57918508320654,56216.604513360544,237.10041019230763,0
70,176.5285062736747,176.5285062736747,56051.91859407784,236.75286396172243,0,2235771,177.29239829641975,56772.00591342012,238.26876822911584,0
71,176.53124447897392,176.53124447897392,56049.26163412979,236.74725264325622,0,2235771,177.74222882399826,57069.38376043604,238.8919918298561,0
72,176.54099324125772,176.54099324125772,56303.78029547749,237.28417624333377,0,2235771,176.65785490584418,56538.6431297249,237.77855902020454,0
73,176.60718427781737,176.60718427781737,56353.16068729758,237.388206714861,0,2235771,175.9949238783019,55987.15514576239,236.61605005950545,0
74,176.4943176201856,176.4943176201856,56274.54113189589,237.22255611955597,0,2235771,175.73787728747513,55752.30293295977,236.11925574370204,0
75,175.54079420477322,175.54079420477322,55279.17328518887,235.11523405596003,0,2235771,175.95915754896987,55639.12301846082,235.87946714044617,0
76,175.57013620804636,175.57013620804636,55279.29737124241,235.11549793929453,0,2235771,175.8109557278458,55629.954021045174,235.8600305711953,0
77,175.5037027495213,175.5037027495213,55270.20578717588,235.0961628508128,0,2235771,176.0558816188843,55673.416555966156,235.95214886914286,0
78,176.41492308469876,176.41492308469876,55779.483941333885,236.1768065270887,0,2235771,176.75024354112827,56166.47526346722,236.9946734917627,0
79,176.47335840745765,176.47335840745765,55828.09452622831,236.27969554371003,0,2235771,176.70118912478162,56191.17710471866,237.0467825234476,0
80,176.428906627736,176.428906627736,55790.63419330513,236.20041107776493,0,2235771,176.81924417715302,56316.5197328696,237.31101898746633,0
81,176.28849063701068,176.28849063701068,55948.20123483129,236.53372113682076,0,2235771,176.48930029224937,56233.217677462984,237.13544163085996,0
82,176.21556009090375,176.21556009090375,55940.223365004735,236.51685640775105,0,2235771,176.28916986691786,55998.703825809724,236.64045264030773,0
83,176.32773079174925,176.32773079174925,55982.329420589136,236.60585246478823,0,2235771,175.6787229588838,55617.96598877698,235.83461575599324,0
84,175.3280680355904,175.3280680355904,55020.96437783655,234.5654799364914,0,2235771,175.61724995773253,55317.77529808629,235.19731141763992,0
85,175.34717777446795,175.34717777446795,55005.70865307762,234.53295856462822,0,2235771,175.98091120611227,55555.447898300445,235.7020320198798,0
86,175.2748693851025,175.2748693851025,54993.74457670307,234.50745100466014,0,2235771,176.24540894782183,55709.29219299729,236.0281597458178,0
87,177.37098701074484,177.37098701074484,56159.423204344275,236.97979492847966,0,2235771,177.75777520147494,56515.93396211225,237.73080145852418,0
88,177.38045846376932,177.38045846376932,56160.92633234799,236.98296633375992,0,2235771,177.62432271413505,56437.09744462962,237.56493311225378,0
89,177.39514422541487,177.39514422541487,56172.23740043144,237.00682986030475,0,2235771,177.53672036647907,56368.47464756982,237.42045962294367,0
90,177.18785018680356,177.18785018680356,56307.2059110705,237.29139451541536,0,2235771,177.39709280325903,56589.865963819044,237.8862458483446,0
91,177.13115207237234,177.13115207237234,56281.56090807154,237.23735141851407,0,2235771,177.39532964599988,56615.55134088512,237.9402264033661,0
92,177.15494475954827,177.15494475954827,56309.06297827461,237.29530753530423,0,2235771,177.22035037718683,56453.04122487098,237.5984874212607,0
93,176.05486205877077,176.05486205877077,55395.08868171203,235.36161259158646,0,2235771,176.11291854857538,55582.76049642135,235.7599637267137,0
94,175.85676037483267,175.85676037483267,55274.24025224408,235.10474315131134,0,2235771,176.25846758286437,55641.86806914153,235.88528582584698,0
95,175.90486234949822,175.90486234949822,55305.85644236373,235.17197205952016,0,2235771,176.2892946565869,55650.54047613297,235.9036677886399,0
96,174.78041892483623,174.78041892483623,54786.064511079174,234.06423159269588,0,2235771,174.73768406476182,54935.30959914338,234.3828270141466,0
97,174.72378342862484,174.72378342862484,54756.94789135381,234.00202540011017,0,2235771,175.25390269626195,55299.08408408408,235.15757288270365,0
98,174.68856828360327,174.68856828360327,54738.128991296515,233.96181096772293,0,2235771,175.6975460715407,55569.10463412474,235.73100057931444,0
99,177.46210412425958,177.46210412425958,56345.52737646208,237.3721284743895,0,2235771,177.61518086451062,56624.124878229435,237.9582418791781,0
100,177.62408985535637,177.62408985535637,56461.2771106701,237.6158183090303,0,2235771,177.2522160229935,56411.23141237753,237.51048695242392,0
101,177.59044508583392,177.59044508583392,56423.8604995771,237.53707184264334,0,2235771,177.01320355207756,56399.74815834601,237.48631151783468,0
102,175.82473383902018,175.82473383902018,55725.46896395025,236.0624259892926,0,2235771,175.70323406516437,55802.23488636089,236.22496668718338,0
103,175.8838924022183,175.8838924022183,55764.545212367455,236.14517825347917,0,2235771,175.8676303649494,55911.317090549,236.45574023598792,0
104,175.7851859604584,175.7851859604584,55696.25285818628,236.00053571588833,0,2235771,176.3643335024032,56301.69553333495,237.27978323771063,0
105,177.3421710005184,177.3421710005184,56649.68815276699,238.01194960078578,0,2235771,177.7224516741943,57007.16316047951,238.7617288437984,0
106,177.37057820322386,177.37057820322386,56666.06431651542,238.0463490930189,0,2235771,177.22299913854874,56712.48765789918,238.14383816907625,0
107,177.4823159438064,177.4823159438064,56702.200603281824,238.12223878353282,0,2235771,176.6591189044272,56360.9365223132,237.40458403812087,0
108,175.4373310146701,175.4373310146701,55359.767918539066,235.28656552922664,0,2235771,175.2852691833925,55408.68857329179,235.39050230052143,0
109,175.41924061095702,175.41924061095702,55348.33096994281,235.26225997797184,0,2235771,175.44134080461157,55514.45024515132,235.61504672909012,0
110,175.29627050355336,175.29627050355336,55276.42426885401,235.1093878790339,0,2235771,175.72463750613883,55704.61406580843,236.01824943382755,0
111,176.08637109972355,176.08637109972355,55846.750474892106,236.31917077311377,0,2235771,176.03716719400364,55993.45542190984,236.62936297490606,0
112,176.12036161127415,176.12036161127415,55869.36138316491,236.36700569911383,0,2235771,176.24667697187803,56049.56033379224,236.74788348323673,0
113,176.0994417585701,176.0994417585701,55844.19209972757,236.31375774534916,0,2235771,176.14315387773834,55991.1086797253,236.62440423533093,0
114,175.94887490713495,175.94887490713495,55716.693142544565,236.04383733227303,0,2235771,176.10400615092303,55981.38940414946,236.60386599578092,0
115,175.85406108228437,175.85406108228437,55657.45956182454,235.91833239878696,0,2235771,176.9139072047919,56476.42655121609,237.6476941845136,0
116,175.89301319321166,175.89301319321166,55682.10051745013,235.97055010625826,0,2235771,177.53424067499134,56830.833566810776,238.3921843660374,0
117,177.17054251083854,177.17054251083854,56453.604187995996,237.59967211255994,0,2235771,177.586857635115,56885.28834464491,238.5063696102159,0
118,177.28850450247364,177.28850450247364,56530.394863785245,237.76121396011007,0,2235771,177.14577446078786,56640.130928515646,237.99187155975653,0
119,177.33541941460015,177.33541941460015,56559.113798327286,237.8216007816096,0,2235771,177.1528351407708,56605.598479176224,237.91931085806428,0
120,176.57211449652044,176.57211449652044,55890.37112253447,236.41144456758954,0,2235771,176.66527385294143,56096.68958771104,236.84739725762458,0
121,176.73086733838124,176.73086733838124,55976.772162265275,236.59410846905143,0,2235771,176.15258556143274,55751.22051944706,236.11696364185073,0
122,176.62546343073598,176.62546343073598,55917.56615816199,236.46895389915775,0,2235771,176.3728514036825,55758.62078029772,236.13263387405334,0
123,177.69514140759497,177.69514140759497,56428.32520683022,237.54646957349254,0,2235771,177.92569379030505,56764.73223759953,238.25350414547847,0
124,177.78774704565004,177.78774704565004,56470.27421457743,237.63474959394603,0,2235771,177.81830624189874,56779.777648962634,238.28507642939505,0
125,177.8162660666052,177.8162660666052,56479.75378113412,237.6546944226731,0,2235771,177.5266808363323,56777.02595222568,238.27930239998958,0
126,176.63529717488956,176.63529717488956,56070.4391062412,236.7919743281879,0,2235771,176.6762271655033,56267.569189833266,237.20786072521557,0
127,176.58639726519397,176.58639726519397,56035.27596967668,236.7177136795569,0,2235771,176.2131528311153,55898.84850936728,236.42937319497187,0
128,176.60296336252685,176.60296336252685,56061.93012790666,236.7740064447672,0,2235771,175.7344717371527,55575.56596542924,235.74470506339955,0
129,175.00524785409596,175.00524785409596,55116.42483867981,234.76887536187544,0,2235771,175.05918653237688,55316.73562704796,235.19510119695937,0
130,174.99097134724443,174.99097134724443,55097.9360359357,234.7294954536726,0,2235771,175.9982006134821,55945.766043523414,236.52857341878044,0
131,174.91354391840667,174.91354391840667,55069.21199935056,234.66830207625094,0,2235771,176.25920424445894,56169.511826840244,237.00107980100057,0
132,175.85931296183733,175.85931296183733,55596.86437653946,235.78987335451762,0,2235771,176.17721340643592,55913.584840873045,236.46053548292798,0
133,175.9451853521671,175.9451853521671,55655.164807576446,235.91346889818828,0,2235771,174.85988937999662,55112.00248774244,234.75945665242634,0
134,175.93687993985074,175.93687993985074,55651.28805141493,235.90525227602484,0,2235771,174.5324694667858,54904.83080533617,234.31779873781713,0
135,174.49506098790977,174.49506098790977,54830.227730389204,234.15855254589613,0,2235771,174.7013380672898,55116.189772882804,234.76837472897154,0
136,174.4380578332933,174.4380578332933,54812.28604047552,234.1202384256336,0,2235771,174.6119121802768,55086.51320757755,234.7051622942656,0
137,174.48245549298207,174.48245549298207,54838.24859522733,234.17567891484234,0,2235771,174.42649888494392,55027.48473943112,234.5793783337127,0
138,175.5584440445824,175.5584440445824,55571.70563801033,235.7365174045174,0,2235771,175.89485464016295,55954.79830769107,236.54766603729377,0
139,175.6056380550602,175.6056380550602,55610.88800284108,235.81960902953148,0,2235771,176.29574749011746,56050.64775901907,236.75018006121783,0
140,175.6377352600065,175.6377352600065,55607.52772757138,235.81248424875935,0,2235771,176.38600665008173,56142.61903324236,236.944337415441,0
141,175.39515048723683,175.39515048723683,55484.9104380547,235.5523517990315,0,2235771,175.32181645452422,55637.945579627885,235.87697127873227,0
142,175.31841633154738,175.31841633154738,55450.59965130597,235.47951004557908,0,2235771,175.46082812034555,55741.75722371165,236.0969233677382,0
143,175.28190141119103,175.28190141119103,55434.24113560825,235.44477300549326,0,2235771,175.81812107013178,56019.71180832307,236.68483645625267,0
144,176.20504693906486,176.20504693906486,56126.587927833396,236.91050615756447,0,2235771,176.403263853666,56419.36056968497,237.5275995956785,0
145,176.1865911133117,176.1865911133117,56114.609164802656,236.88522361009066,0,2235771,175.79297796455973,56050.75050922236,236.75039706243865,0
146,176.28321773562678,176.28321773562678,56177.610619334446,237.01816516742855,0,2235771,175.37804023863006,55759.98883333736,236.13553064572338,0
147,175.87648690317567,175.87648690317567,55832.26773090804,236.28852644787483,0,2235771,175.89423069181782,56035.92745694757,236.71908976030548,0
148,175.93293588654652,175.93293588654652,55854.558075938905,236.3356893825791,0,2235771,176.75459507765137,56542.57757086845,237.78683220663933,0
149,175.82306461618833,175.82306461618833,55784.292834552376,236.18698701357866,0,2235771,177.43780241367372,56992.8100620728,238.7316695833898,0
150,176.0200579576352,176.0200579576352,55748.93607127027,236.11212605724057,0,2235771,176.00660982698517,55850.5161139692,236.32713791261722,0
151,176.03470883198682,176.03470883198682,55735.244000839084,236.08312942868045,0,2235771,175.18306241898736,55535.29514769461,235.65927766097946,0
152,175.94640506563508,175.94640506563508,55692.69669747036,235.99300137391864,0,2235771,175.09136213961952,55531.1200476616,235.65041915443646,0
153,175.00802765578408,175.00802765578408,55262.22781358198,235.07919476972432,0,2235771,175.1396114613273,55568.50271719441,235.72972387290156,0
154,174.9794970057309,174.9794970057309,55266.792673757736,235.08890376569826,0,2235771,175.18579974075953,55526.17208897906,235.6399204060701,0
155,175.00923842379206,175.00923842379206,55300.60436332702,235.16080532972967,0,2235771,175.27777777777777,55594.84418600907,235.78558943669367,0
156,175.9801849116032,175.9801849116032,56210.403620048746,237.0873333184393,0,2235771,176.4949842603998,56704.48226376511,238.1270296790457,0
157,176.0163809263113,176.0163809263113,56287.09832357607,237.24902175472943,0,2235771,176.3858134273684,56620.09498104002,237.94977407226094,0
158,176.09781815758413,176.09781815758413,56352.78325597747,237.3874117470795,0,2235771,176.01457623843683,56129.31364474394,236.91625871759823,0
159,175.50031376200872,175.50031376200872,55568.387225704246,235.72947890686953,0,2235771,175.68241834327625,55807.04355159449,236.23514461568686,0
160,175.47077227497806,175.47077227497806,55533.99612929947,235.65652150810396,0,2235771,175.96097303738054,55912.5697856033,236.4583891207992,0
161,175.45285451864257,175.45285451864257,55527.98511922733,235.6437674101043,0,2235771,176.02805352269158,55975.99345860606,236.59246281022155,0
162,176.74145755751226,176.74145755751226,56022.11870942045,236.68992101359206,0,2585970,176.35627327463195,56040.96171649323,236.7297229257307,0
163,176.73613924368806,176.73613924368806,56023.786370298185,236.6934438684312,0,2585970,176.32843420457314,56015.858688615874,236.67669654745453,0
164,176.6467785782511,176.6467785782511,55971.96486579504,236.58394887607028,0,2585970,176.54712351651412,56112.92418821564,236.88166705808123,0
165,176.1465376628499,176.1465376628499,55920.45370363925,236.47505936914203,0,2585970,175.91873107576654,55985.901259875405,236.61340042329684,0
166,176.10041106432016,176.10041106432016,55876.294475187264,236.38167119129025,0,2585970,175.8378310653256,55947.867727003795,236.53301614574613,0
167,176.1198130682104,176.1198130682104,55917.87495639934,236.46960683436538,0,2585970,176.14929871576237,56186.57975150524,237.037085181845,0
168,175.91549747290185,175.91549747290185,55996.472759158074,236.63573855011435,0,2585970,175.8026032784603,56132.98749869488,236.92401207706845,0
169,175.9177778551182,175.9177778551182,56000.56392765577,236.64438283562907,0,2585970,175.63130546758083,55944.7857620158,236.52650118330462,0
170,175.90574755314253,175.90574755314253,55982.910269647364,236.6070799229122,0,2585970,175.98475620366827,56246.29565308182,237.16301493504804,0
171,174.24389494077658,174.24389494077658,54539.96797449313,233.53793690639029,0,2585970,173.9207740229005,54565.162913722896,233.5918725335342,0
172,174.19773779278182,174.19773779278182,54501.00066048717,233.45449376803,0,2585970,174.29759161939234,54842.35725124421,234.1844513439016,0
173,174.2469100569612,174.2469100569612,54533.93656152237,233.5250234161692,0,2585970,174.3381930184805,54832.891139108346,234.1642396676067,0
174,175.06121184700518,175.06121184700518,55141.72057216441,234.82274287675887,0,2585970,174.8421605819093,55213.94476734069,234.97647705108844,0
175,175.10774022900497,175.10774022900497,55170.23630475218,234.88345259884142,0,2585970,174.54982772421954,55076.11490620541,234.68300941100404,0
176,175.0471335707684,175.0471335707684,55142.031998051025,234.82340598426518,0,2585970,175.05168969477603,55350.62765461316,235.26714104314092,0
177,176.38675351995576,176.38675351995576,56083.11921135976,236.81874759266793,0,2585970,176.19293843316046,56228.54358055198,237.12558609427197,0
178,176.42139197283805,176.42139197283805,56121.7590811185,236.90031464968234,0,2585970,176.41324957366095,56120.919914384154,236.89854350414262,0
179,176.41636793930323,176.41636793930323,56136.83405027901,236.93212962846346,0,2585970,176.8466293112449,56102.04479170292,236.8587021658755,0
180,176.11280331945073,176.11280331945073,55534.206084370664,235.65696697609147,0,2585970,175.77405770368566,55593.70653255838,235.7831769498375,0
181,176.06319292180498,176.06319292180498,55513.78210149383,235.6136288534554,0,2585970,175.29843733686005,55345.572373229385,235.25639709310644,0
182,176.0856827418725,176.0856827418725,55527.30418798362,235.6423225738187,0,2585970,174.57338948247659,54904.353391570665,234.31678000427257,0
183,175.10149383016818,175.10149383016818,54990.616662219596,234.5007817944742,0,2585970,174.87417951484355,55068.85403542964,234.66753937310895,0
184,175.16159429537078,175.16159429537078,55026.776242570486,234.57786818574868,0,2585970,175.56124316987436,55750.42348519124,236.11527584040647,0
185,175.1050313808745,175.1050313808745,54987.63644048462,234.494427312217,0,2585970,176.68438728987576,56657.4553405492,238.02826584367915,0
186,176.20783845133548,176.20783845133548,56113.989515732974,236.88391569655585,0,2585970,175.87018758918316,56005.50169839557,236.65481549800666,0
187,176.23716168401026,176.23716168401026,56134.10105724351,236.9263620985295,0,2585970,175.5571851181568,55558.45301917656,235.70840676390088,0
188,176.23681249202426,176.23681249202426,56124.283209782014,236.9056419965173,0,2585970,175.90640726690566,55595.87077576306,235.78776638274314,0
189,176.8572640053829,176.8572640053829,56344.83548881077,237.37067107966556,0,2585970,176.76757386976647,56564.27897887446,237.8324598932502,0
190,176.9893181282072,176.9893181282072,56464.24162267931,237.62205626304834,0,2585970,175.79855914801797,55915.85005394494,236.46532526766993,0
191,176.99487349041172,176.99487349041172,56452.70338983051,237.59777648334696,0,2585970,176.0374377893015,56094.45117808791,236.84267178464253,0
192,176.3838238649327,176.3838238649327,56386.77850980483,237.45900385078016,0,2585970,175.60257543590993,56042.38204851565,236.73272280890035,0
193,176.1566808586333,176.1566808586333,56231.949710940185,237.13276810879634,0,2585970,176.5885636724324,56925.743709323775,238.59116435719864,0
194,176.2806815237609,176.2806815237609,56315.52605714683,237.30892536343177,0,2585970,176.0651759301152,56551.3046845091,237.80518220700975,0
195,176.53226448876052,176.53226448876052,56083.021657637175,236.81854162551795,0,2585970,176.1522152229144,56045.827898235475,236.74000062987977,0
196,176.52543416976994,176.52543416976994,56047.883665703775,236.74434241540763,0,2585970,175.6440155918282,55495.91108133505,235.57570138139258,0
197,176.45934755623614,176.45934755623614,55994.13991616299,236.63080931307948,0,2585970,175.46440329934222,55352.84334737062,235.27184988300368,0
198,176.0725422182005,176.0725422182005,55636.670074285474,235.87426751192143,0,2585970,175.97011450248843,55816.432634949364,236.25501610537154,0
199,176.14933893277959,176.14933893277959,55699.50110094085,236.0074174701737,0,2585970,175.2167994988341,55374.76466432325,235.31843247889284,0
200,176.1018418620479,176.1018418620479,55668.82694694834,235.94242294879558,0,2585970,175.0705147391501,55296.26965162009,235.15158866488673,0
201,173.76040673325676,173.76040673325676,54279.98290196715,232.9806492006732,0,2585970,173.5542198865416,54348.980934813626,233.12867891963361,0
202,173.7727835203038,173.7727835203038,54275.406930861536,232.97082849760727,0,2585970,174.0766401002332,54775.32769637699,234.04129485280367,0
203,173.76070140024825,173.76070140024825,54265.41298970986,232.9493785991065,0,2585970,174.990063689834,55547.16604949013,235.68446289369635,0
204,176.16070217365245,176.16070217365245,56094.756833605956,236.84331705498036,0,2585970,176.08743256882332,56215.830661608605,237.09877827945172,0
205,176.25796896329038,176.25796896329038,56169.59535106749,237.00125601158211,0,2585970,175.69582013712457,55522.197835241706,235.63148735948195,0
206,176.23103090909794,176.23103090909794,56107.854581839696,236.87096610146145,0,2585970,175.253492499913,55191.95181846657,234.92967419733628,0
207,174.9399935034049,174.9399935034049,54855.29078411582,234.21206370320854,0,2585970,174.51401872411512,54826.17102634601,234.14989008399303,0
208,174.89597365785372,174.89597365785372,54850.290965092405,234.20138975909688,0,2585970,174.86502627640692,55151.82131347231,234.84424905343607,0
209,174.8701624535474,174.8701624535474,54838.38739351191,234.17597526969308,0,2585970,175.09135488810776,55370.80218912052,235.3100129385074,0
210,175.93699230849546,175.93699230849546,55886.50628970947,236.40327047168674,0,2585970,175.6636967946264,56024.652998294645,236.69527455843863,0
211,176.03706346167976,176.03706346167976,55990.168860814316,236.62241833945978,0,2585970,175.2834615250757,55772.781035742875,236.16261566078336,0
212,176.06160280281674,176.06160280281674,55983.43049648681,236.60817926793405,0,2585970,175.12529495701807,55653.90671701528,235.91080245935174,0
213,176.17090298804703,176.17090298804703,55527.73847105728,235.64324405986537,0,2585970,176.0211464170118,55623.78592559078,235.8469544547709,0
214,176.25013979280502,176.25013979280502,55529.37182565923,235.64670977049357,0,2585970,176.35810740263807,55818.37699857307,236.25913103745444,0
215,176.2239867438524,176.2239867438524,55506.44147263889,235.5980506554307,0,2585970,176.49699648487803,55962.24187519577,236.56339927215234,0
216,175.70386547407742,175.70386547407742,55381.55848559728,235.33286741464158,0,2585970,175.5406710054641,55500.31046879894,235.5850387202017,0
217,175.62162863451624,175.62162863451624,55356.8344377545,235.28033159989064,0,2585970,175.53375909233287,55502.37172240977,235.58941343449575,0
218,175.6296643039169,175.6296643039169,55359.925902079296,235.28690125478573,0,2585970,175.0557129433056,55199.12763721157,234.94494597077752,0
219,174.81839503165156,174.81839503165156,54894.10770697262,234.29491609288627,0,2585970,174.48771099432707,54924.85077089061,234.36051453026514,0
220,174.77632223111638,174.77632223111638,54882.05213672239,234.26918733952698,0,2585970,174.98975742177984,55366.12167542547,235.3000673085868,0
221,174.7719064799669,174.7719064799669,54864.1521560575,234.23098035071598,0,2585970,175.59541293982528,55804.567612153274,236.22990414457115,0
222,176.61346380661803,176.61346380661803,56204.85066300073,237.0756222453096,0,2585970,176.30538753349808,56272.338158215294,237.21791281059552,0
223,176.7514070155493,176.7514070155493,56314.6352896592,237.30704854609607,0,2585970,174.99447325375004,55293.57004837643,235.14584846085722,0
224,176.70925996821308,176.70925996821308,56270.5670974528,237.21417979845302,0,2585970,174.86881286325828,55284.41182612327,235.12637416105252,0
225,176.60305997362693,176.60305997362693,55922.42566425751,236.47922882202047,0,2585970,176.78699404865486,56245.17447882226,237.16065120255985,0
226,176.7348376044579,176.7348376044579,55987.047374099464,236.6158223240776,0,2585970,177.18376431281106,56498.66636619914,237.6944811437555,0
227,176.72403972203853,176.72403972203853,55968.34629906766,236.5763012202779,0,2585970,177.50860682838547,56689.060898618314,238.09464693398363,0
228,175.89660011523722,175.89660011523722,55719.84320506425,236.05050985978457,0,2585970,175.45106671771134,55697.22586224898,236.00259715149107,0
229,175.71775929341794,175.71775929341794,55639.10867334114,235.87943673271127,0,2585970,174.88142205826054,55370.06884418613,235.30845468063006,0
230,175.7015746509047,175.7015746509047,55643.72436377839,235.88922053323756,0,2585970,174.7712595273727,55230.0857063307,235.01082040265868,0
231,175.09238854279053,175.09238854279053,55009.01247191576,234.54000185877837,0,2585970,174.7521142936693,55030.15095882783,234.58506124395012,0
232,175.07032718863715,175.07032718863715,54978.86968294296,234.47573367609485,0,2585970,175.3761006508196,55642.51182612327,235.88665037708952,0
233,175.0845953355994,175.0845953355994,54989.18123837477,234.497721179492,0,2585970,175.23301778442905,55657.507809835384,235.91843465451228,0
234,174.45716307613776,174.45716307613776,54919.28792600069,234.34864609380762,0,2585970,174.1957714126614,54933.51870323322,234.37900653265262,0
235,174.40138942060426,174.40138942060426,54901.96412835416,234.3116815874833,0,2585970,173.9746423972436,54757.83089130964,234.00391212821557,0
236,174.34095793841382,174.34095793841382,54853.992950034226,234.20929304797926,0,2585970,174.07754498312045,54842.034841471475,234.18376297572698,0
237,174.033013144004,174.033013144004,54525.62260544399,233.50722174152128,0,2585970,173.90404761076115,54610.95279991647,233.68986456394825,0
238,174.01894414861735,174.01894414861735,54519.85505903007,233.49487159042718,0,2585970,173.74073365120245,54361.44407127693,233.1554075531531,0
239,174.06912183822706,174.06912183822706,54558.690474754156,233.57801796135303,0,2585970,173.91421362196778,54453.44219190478,233.3526134242014,0
240,174.80045128133736,174.80045128133736,54854.83631867346,234.21109350044344,0,2585970,174.54175338461002,54959.91097344517,234.43530231909438,0
241,174.8873173316009,174.8873173316009,54919.85068349594,234.34984677506392,0,2585970,174.9672954442627,55457.058340584,235.49322355554946,0
242,174.88308449053935,174.88308449053935,54917.33767599779,234.34448505565004,0,2585970,175.08801030174365,55580.96230118679,235.75615008136435,0
243,176.84637834158943,176.84637834158943,56804.8424734239,238.33766482330043,0,2585970,176.82822886576412,56997.2278460307,238.74092201805433,0
244,177.09268514329247,177.09268514329247,57010.00102746745,238.76767165482735,0,2585970,176.2130616364459,56343.074085546235,237.36696081288616,0
245,177.008897241654,177.008897241654,56938.13115542717,238.61712251099493,0,2585970,176.49468207287788,56624.893095047504,237.95985605779708,0
246,175.1690042807921,175.1690042807921,55158.28509224778,234.85801049197318,0,2585970,174.86271882504437,55159.92447360178,234.86150062026297,0
247,175.04298193714544,175.04298193714544,55048.20318178478,234.62353501254896,0,2585970,174.75065952041206,55015.450308008214,234.55372584550477,0
248,175.00454258943452,175.00454258943452,55027.181128551376,234.57873119392426,0,2585970,174.8598475620367,55054.517634775344,234.63699119016877,0
249,176.76596673588634,176.76596673588634,55985.00826498374,236.61151338213392,0,2585970,176.54871750252323,56094.00334458637,236.84172635873597,0
250,176.88781965761396,176.88781965761396,56059.88972764572,236.76969765501184,0,2585970,175.98240698848014,55819.22030766018,236.2609157428714,0
251,176.92480113845096,176.92480113845096,56075.44431760616,236.8025428866974,0,2585970,175.5609508230954,55556.21255699022,235.70365410190445,0
252,173.88465450101896,173.88465450101896,54261.38037022858,232.94072286791888,0,2585970,173.43765008874814,54157.13671388299,232.71685953940465,0
253,173.626600076567,173.626600076567,54093.52259422963,232.58014230417356,0,2585970,174.0599658928758,54572.25649253472,233.6070557421901,0
254,173.65428601259876,173.65428601259876,54115.700278812204,232.62781492936782,0,2585970,174.14235199944315,54622.410350468104,233.71437771448316,0
255,174.80027803880168,174.80027803880168,54972.34012807573,234.46180952998662,0,2585970,174.52646434413393,55042.65233355376,234.6117054487132,0
256,174.843206997761,174.843206997761,55013.25189387348,234.54903942219306,0,2585970,174.4144294017332,54947.82302578916,234.40951991288486,0
257,174.85428949291756,174.85428949291756,55023.93370727426,234.57180927655023,0,2585970,174.43002471026347,54845.391240037585,234.1909290302201,0
258,174.90820079119248,174.90820079119248,54869.90917760067,234.24326922582145,0,2585970,174.63440643162915,54904.17405074305,234.31639731513255,0
259,174.91804970668647,174.91804970668647,54860.96005174074,234.22416624195876,0,2585970,175.10800473323357,55314.26917829673,235.18985772838235,0
260,174.92638739041828,174.92638739041828,54877.42472805176,234.25931086736287,0,2585970,175.06593463961298,55340.87476768872,235.246412868908,0
261,176.62394459332475,176.62394459332475,56381.78791555973,237.44849529015704,0,2585970,176.5284898896739,56447.009135836845,237.58579321128786,0
262,176.87472128446964,176.87472128446964,56580.13212488931,237.86578594848254,0,2585970,176.73156301117183,56656.45042285873,238.02615491340177,0
263,176.81421207515942,176.81421207515942,56531.45599059541,237.76344544650973,0,2585970,176.57148226777574,56531.5372150489,237.76361625582854,0
264,174.84023944593324,174.84023944593324,54735.88514406586,233.957015590612,0,2585970,174.48810079003238,54682.801204190306,233.8435400095335,0
265,174.58081648278983,174.58081648278983,54502.25466420724,233.4571795088068,0,2585970,173.9141892597362,54389.71991786447,233.21603700831653,0
266,174.53972474545336,174.53972474545336,54472.31335862365,233.3930447948774,0,2585970,173.9721365677096,54412.026638360076,233.2638562623024,0
267,175.01023368407212,175.01023368407212,54796.366156606615,234.08623658089473,0,2585970,174.95795426861102,54934.34692165803,234.3807733617628,0
268,175.14469696090828,175.14469696090828,54867.64870822167,234.23844412952727,0,2585970,175.41727630250932,55087.59937354262,234.70747617735276,0
269,175.1067038674076,175.1067038674076,54843.39848528792,234.18667444004564,0,2585970,175.69331778790936,55249.24629172032,235.05158219361198,0
270,174.89020367599005,174.89020367599005,54871.51029748992,234.24668684421113,0,2585970,174.7006229770647,54991.37309017506,234.5023946363343,0
271,174.77976890683186,174.77976890683186,54852.27414664516,234.20562364436333,0,2585970,174.27236278843142,54855.62975672571,234.21278734673245,0
272,174.76160860334807,174.76160860334807,54834.42321179287,234.16751100823714,0,2585970,174.046009814499,54736.58024571051,233.95850111870377,0
273,174.62505094800017,174.62505094800017,54789.81695031265,234.07224728769674,0,2585970,174.50866599380504,54932.8353078342,234.37754864285571,0
274,174.66091524650324,174.66091524650324,54803.272782360196,234.10098842670484,0,2585970,174.61824035081614,54946.39275049594,234.4064690884105,0
275,174.66701933897144,174.66701933897144,54794.46727224214,234.08218059528184,0,2585970,174.76261789579925,55057.040229004975,234.64236665403155,0
276,174.8180458396656,174.8180458396656,54783.6471211963,234.0590675902053,0,2585970,174.88362858037797,54970.5654508753,234.45802492317318,0
277,174.83588131339496,174.83588131339496,54777.977406543774,234.04695555922913,0,2585970,175.26491838652422,55475.120199770296,235.53156943342074,0
278,174.86191641821057,174.86191641821057,54794.98756830126,234.08329194605338,0,2585970,175.29716702049907,55553.87455190896,235.69869442130764,0
279,176.49009269249063,176.49009269249063,56404.41513435964,237.49613709355282,0,2585970,176.5615668395225,56744.281846657155,238.2105829862669,0
280,176.65692409424705,176.65692409424705,56559.40945254586,237.82222236903317,0,2585970,176.9897922249678,56918.95316534994,238.57693343102125,0
281,176.6941534511228,176.6941534511228,56587.87186935657,237.88205453408327,0,2585970,176.51731110569727,56568.4125535099,237.84114983221448,0
282,175.14725344841588,175.14725344841588,54825.21819858699,234.1478554217121,0,2585970,174.93635192983677,54923.889694776044,234.3584640988587,0
283,175.12227249349374,175.12227249349374,54807.34881108443,234.10969397076326,0,2585970,174.89839905335327,54925.28515992065,234.36144128230788,0
284,175.0978975007444,175.0978975007444,54806.06420028074,234.10695034594923,0,2585970,174.93858977482338,54941.240932029374,234.3954797602321,0
285,174.3823644512504,174.3823644512504,54535.00298263321,233.5273067172942,0,2585970,174.2447708210072,54653.72889012634,233.78136985253195,0
286,174.39520760101627,174.39520760101627,54523.24783930208,233.50213669108487,0,2585970,174.2416663766401,54673.919249643266,233.8245480047877,0
287,174.3596747062031,174.3596747062031,54504.926600076564,233.46290197818703,0,2585970,174.2233773013608,54678.51142936693,233.8343675112085,0
288,178.75532894813165,178.75532894813165,58195.81180137434,241.23808115920326,0,2585970,178.49048828872725,58340.24465249017,241.53725313601248,0
289,178.83421153377648,178.83421153377648,58296.347380673404,241.44636543272588,0,2585970,178.09620993282985,57970.63181707444,240.77091148449483,0
290,178.80181015247663,178.80181015247663,58229.59888513788,241.3080995017322,0,2585970,178.2014826158076,58120.119340131554,241.08114679528873,0
291,173.44465829069944,173.44465829069944,53919.527593514234,232.2057871662854,0,2585970,173.24186127449275,54052.18262624856,232.49125279512896,0
292,173.4419738048005,173.4419738048005,53916.45596159275,232.19917304243947,0,2585970,173.57604148540005,54246.236967946264,232.90821575879684,0
293,173.42881394602412,173.42881394602412,53909.07178428211,232.18327197341782,0,2585970,173.43939024814674,54158.88394528939,232.72061349457076,0
294,176.3776513261948,176.3776513261948,55698.560879283206,236.00542552933652,0,2585970,175.9906797062611,55667.17708558104,235.93892660089188,0
295,176.35374385627057,176.35374385627057,55659.83739370526,235.92337186829383,0,2585970,175.66458775623846,55337.133922667315,235.23846182686052,0
296,176.34699551812278,176.34699551812278,55654.08188030023,235.91117370802985,0,2585970,175.70904534855393,55405.65682664532,235.3840623887805,0
297,175.52351496730435,175.52351496730435,55224.153524596186,234.9981989816011,0,2585970,175.39832944697736,55408.050652559774,235.38914727013176,0
298,175.47054335510467,175.47054335510467,55211.06356956964,234.97034614940168,0,2585970,174.49071798976786,54882.30540493509,234.26972788846427,0
299,175.55836919995204,175.55836919995204,55279.4779490868,235.11588195842236,0,2585970,174.45853200153135,54830.7145720948,234.15959209926635,0
300,174.26150148686952,174.26150148686952,54382.74396957428,233.20108054975705,0,2585970,174.08167612153272,54450.488219120874,233.3462839196735,0
301,174.22822693225365,174.22822693225365,54347.50752870296,233.12551882774,0,2585970,174.04578707409598,54403.19841297463,233.24493223428163,0
302,174.24742630424947,174.24742630424947,54353.31409683794,233.13797223283456,0,2585970,173.95783941809069,54358.964820937596,233.15009075901642,0
303,174.7828520825841,174.7828520825841,54618.61418964644,233.706256205619,0,2585970,174.98127588487105,54936.426520029236,234.38520968702193,0
304,174.86420376106452,174.86420376106452,54665.215995931896,233.80593661396173,0,2585970,175.23286813072076,55024.23774057704,234.57245733584546,0
305,174.90036040634655,174.90036040634655,54691.77746880281,233.86273210753956,0,2585970,175.2766157380016,54995.32139351965,234.51081295650238,0
306,175.04053797994564,175.04053797994564,54734.79430233143,233.95468429234631,0,2585970,174.41887724915603,54607.22963143424,233.68189838204037,0
307,174.96767827933039,174.96767827933039,54704.03396597795,233.8889351080507,0,2585970,174.70244666411443,54882.276142414645,234.2696654336934,0
308,174.974015553158,174.974015553158,54702.56358851804,233.88579176281323,0,2585970,174.4347126996833,54700.38414366756,233.88113250894685,0
309,174.34286747332723,174.34286747332723,54450.78571174453,233.34692136761635,0,2585970,173.82058608568545,54342.09419482825,233.1139081968904,0
310,174.29915312242602,174.29915312242602,54413.78700023589,233.26762955934518,0,2585970,174.28924233459784,54662.146270838406,233.79937183585076,0
311,174.30074556162677,174.30074556162677,54412.058581112695,233.26392473143525,0,2585970,174.63527651132844,54941.20174712004,234.39539617304783,0
312,175.97269264531297,175.97269264531297,55673.022700186004,235.95131425822998,0,2585970,175.85789510319145,55862.95654125918,236.35345679989362,0
313,176.1142124618615,176.1142124618615,55780.58843838095,236.179144799834,0,2585970,175.42383322312324,55480.33285072913,235.54263488958668,0
314,176.05088960815476,176.05088960815476,55733.90446022189,236.08029240116994,0,2585970,175.40184456896253,55465.30475063516,235.51073171011797,0
315,175.08776319910905,175.08776319910905,55019.371088218344,234.56208365423927,0,2585970,174.6977447534194,55029.442345038806,234.58355088334477,0
316,175.0698921487875,175.0698921487875,55004.29713608433,234.52994933714612,0,2585970,175.03718024571052,55338.9764486827,235.24237808839354,0
317,175.02620602713876,175.02620602713876,54965.377192310814,234.44696029658994,0,2585970,175.13813037274215,55424.680071694565,235.42446786962176,0
318,174.2468802809004,174.2468802809004,54531.783415507525,233.52041327367405,0,2585970,174.03925799603243,54593.33115929419,233.65215847343288,0
319,174.1564820937598,174.1564820937598,54460.38381961121,233.36748663773025,0,2585970,174.04853652594576,54579.150050464625,233.62180987755536,0
320,174.17080708592908,174.17080708592908,54470.526375789355,233.3892164942274,0,2585970,173.82617199735495,54409.57596491839,233.25860319593443,0
321,174.71979373310594,174.71979373310594,54696.568518969674,233.87297517877022,0,2585970,174.7772387150663,54935.150029582706,234.38248661020452,0
322,174.7599991492554,174.7599991492554,54725.24161030484,233.9342677127591,0,2585970,174.83811645146696,55026.16095778373,234.57655670970988,0
323,174.76403747916643,174.76403747916643,54725.12572226283,233.93402001902766,0,2585970,175.35466884766646,55410.951606167124,235.39530922719578,0
324,175.02711400364274,175.02711400364274,55015.20873327997,234.5532108782141,0,2585970,174.8043608394529,55093.73123238089,234.7205385823339,0
325,174.9891522330112,174.9891522330112,55005.56711021396,234.53265680969454,0,2585970,174.67494170466014,55033.312828455084,234.59180042886214,0
326,174.98294141076656,174.98294141076656,55010.93659671226,234.5441037346969,0,2585970,173.93835311314515,54540.144896112484,233.5383156916922,0
327,173.56096899809356,173.56096899809356,54181.003438941676,232.76813235265192,0,2585970,173.36921309991996,54268.75072564647,232.95654256888014,0
328,173.56767286550115,173.56767286550115,54197.8056470106,232.804221712173,0,2585970,173.4747363658511,54328.85189155327,233.0855033921099,0
329,173.54535396775677,173.54535396775677,54173.56991805783,232.75216415332818,0,2585970,173.7008770403369,54497.553979744545,233.4471117399925,0
330,173.96457074134656,173.96457074134656,54401.28700139599,233.24083476397522,0,2585970,173.70985278251487,54426.60530400585,233.29510347198857,0
331,173.9658569124932,173.9658569124932,54396.22719095736,233.2299877609167,0,2585970,173.5747502871263,54313.310246058536,233.052162071195,0
332,173.95387881529948,173.95387881529948,54378.78431923031,233.1925906182062,0,2585970,173.53845404239027,54342.335767236276,233.11442633873236,0
333,173.84856784881495,173.84856784881495,54318.52414258479,233.06334791765264,0,2585970,173.64068492673928,54373.13736818293,233.18048239117897,0
334,173.88257327037823,173.88257327037823,54336.1876131587,233.10123897817166,0,2585970,173.9532419169596,54597.59284794487,233.66127802429068,0
335,173.8632292718013,173.8632292718013,54332.24581220973,233.09278369827268,0,2585970,174.58103574287404,55013.90575644729,234.55043328983064,0
336,175.85035827948508,175.85035827948508,55747.84959879658,236.10982529068244,0,2585970,175.8335746354366,55991.57741621132,236.62539469847974,0
337,175.88182577524103,175.88182577524103,55772.5841146649,236.16219874201906,0,2585970,175.22231928444646,55515.928072251416,235.61818281332071,0
338,175.9279442530269,175.9279442530269,55790.20799158536,236.1995088724474,0,2585970,175.23336581630878,55436.564190999896,235.4497062877758,0
339,177.27493474402254,177.27493474402254,56463.45406907273,237.6203991013245,0,2585970,177.27221661504194,56718.7658580726,238.15701933403642,0
340,177.42693032015066,177.42693032015066,56553.370548382234,237.80952577300647,0,2585970,177.00749312637038,56514.177165628374,237.72710650161116,0
341,177.46964736636542,177.46964736636542,56598.999672850034,237.90544271380182,0,2585970,176.29949187345562,56013.7184596109,236.67217508530845,0
342,174.6403666709204,174.6403666709204,54848.67144823799,234.1979322031644,0,2585970,174.43618487453452,54924.15375700414,234.35902747068255,0
343,174.55664025491402,174.55664025491402,54790.363757120154,234.07341531476862,0,2585970,174.4727769463683,54969.864716528034,234.4565305478353,0
344,174.58426779893037,174.58426779893037,54820.45435909929,234.13768248425816,0,2585970,174.12079838513208,54679.06317822712,233.83554729387728,0
345,174.35428214557786,174.35428214557786,54661.288934906435,233.79753834227262,0,2585970,174.10664392858385,54710.82598406014,233.90345440813851,0
346,174.37583150616595,174.37583150616595,54653.08915842025,233.7800016220811,0,2585970,174.25704242508613,54856.14782306059,234.21389331775472,0
347,174.37401864677472,174.37401864677472,54658.12429030499,233.7907703274554,0,2585970,174.34159328994537,54836.072759544775,234.17103313506726,0
348,175.06611097576538,175.06611097576538,55030.136998109025,234.58503148775077,0,2585970,174.97858907875963,55169.89162983329,234.88271888292098,0
349,175.1276569333751,175.1276569333751,55058.823460829015,234.6461665163721,0,2585970,174.71664636480702,55032.14482302579,234.58931097350916,0
350,175.0921596151541,175.0921596151541,55030.667155458104,234.58616147475132,0,2585970,174.78787804962934,55179.43043538788,234.90302347008623,0
351,173.63297408709303,173.63297408709303,54124.27411145528,232.64624241851678,0,2585970,173.5089548602652,54222.39072843072,232.85701777792895,0
352,173.50383299110197,173.50383299110197,54056.242509773896,232.49998389198632,0,2585970,173.22908154386943,54040.8486757387,232.4668765130609,0
353,173.55749138621098,173.55749138621098,54073.25005703856,232.53655638853553,0,2585970,172.95950997111336,53925.747962273344,232.21918086642486,0
354,173.5708705050716,173.5708705050716,54108.835403349614,232.61305939983166,0,2585970,173.421880764278,54205.30956391605,232.82033752212467,0
355,173.59216966940838,173.59216966940838,54112.87666948959,232.62174590843736,0,2585970,173.55589740020187,54266.904186823514,232.9525792663037,0
356,173.57656972045305,173.57656972045305,54113.29101420357,232.62263650428255,0,2585970,173.4931576932447,54191.02028677827,232.7896481520995,0
357,174.49627025835568,174.49627025835568,54464.994185547395,233.37736433841948,0,2585970,174.37479205095187,54588.298440817176,233.64138854410444,0
358,174.54115631658527,174.54115631658527,54497.04596418365,233.44602366325208,0,2585970,174.2577002053388,54527.76903560366,233.51181776433427,0
359,174.5232052189314,174.5232052189314,54488.63643236387,233.42801124193272,0,2585970,174.41246302161278,54599.583980092575,233.66553870884036,0
360,175.38299361554851,175.38299361554851,55335.939379033785,235.23592280736756,0,2585970,175.01127275258415,55331.80710333066,235.227139385171,0
361,175.42940985394262,175.42940985394262,55380.56523818915,235.33075710197582,0,2585970,175.3237566561097,55542.66228726551,235.6749080561304,0
362,175.3723535075813,175.3723535075813,55345.94320931797,235.25718524482514,0,2585970,175.23243309087113,55484.03691574148,235.55049759179343,0
363,174.3404138485752,174.3404138485752,54621.380037664785,233.71217349052398,0,2585970,174.0809626561793,54705.83718024571,233.89278992787638,0
364,174.3015239929311,174.3015239929311,54607.67127460875,233.68284334672228,0,2585970,174.1946611909651,54709.45781505586,233.9005297451373,0
365,174.29614458017687,174.29614458017687,54592.361824383115,233.65008415231335,0,2585970,174.51957331291547,54921.32859429924,234.35299996863543,0
366,174.20380824216832,174.20380824216832,54591.35582779383,233.64793135783125,0,2585970,173.99185257369575,54670.5311975777,233.81730303289726,0
367,174.18773264964403,174.18773264964403,54563.32388194759,233.58793607964344,0,2585970,173.92373229387812,54723.48588730728,233.9305150836617,0
368,174.1757151088373,174.1757151088373,54569.51972760705,233.60119804403197,0,2585970,173.89239898374692,54700.85271638882,233.88213423942585,0
369,174.66994358016527,174.66994358016527,54887.4887798389,234.28079046272424,0,2585970,174.5411791320085,55006.52531583893,234.53469959867118,0
370,174.69751466567672,174.69751466567672,54902.814065901766,234.31349527054937,0,2585970,174.56697177461456,54882.833348414715,234.2708546712858,0
371,174.6865079641295,174.6865079641295,54894.31125921801,234.29535048570216,0,2585970,174.40381790972054,54780.67328507291,234.05271475689597,0
372,174.71177391849093,174.71177391849093,54712.75311159836,233.9075738654017,0,2585970,174.4533672084363,54802.6607663662,234.09968126071038,0
373,174.76050766250188,174.76050766250188,54746.29890369958,233.97927024354013,0,2585970,174.76175825705636,55020.98820867991,234.56553073433426,0
374,174.65651457673522,174.65651457673522,54690.46066621036,233.8599167583243,0,2585970,175.61675425468974,55613.58449866008,235.82532624521073,0
375,174.65409575517117,174.65409575517117,54861.88037680252,234.22613085819975,0,2585970,174.19022726481745,54809.189733059546,234.11362568859496,0
376,174.57133338747164,174.57133338747164,54818.29883989374,234.13307933714478,0,2585970,174.48426199839906,55045.62054432186,234.61803115771357,0
377,174.58126003008542,174.58126003008542,54814.88481343558,234.1257884416742,0,2585970,174.47069223540876,55201.12665576167,234.9492001598679,0
378,175.37790113574403,175.37790113574403,55702.26749227563,236.01327821178967,0,2585970,174.99840253367208,55679.4936310166,235.96502628783063,0
379,175.44118299902937,175.44118299902937,55774.943579391875,236.1671941218591,0,2585970,174.63337277694637,55249.47540806738,235.0520695677181,0
380,175.38680727154608,175.38680727154608,55707.09457108938,236.02350427677618,0,2585970,174.01712664880102,54756.374722444576,234.00080068761426,0
381,174.33725565261778,174.33725565261778,54600.303710019834,233.66707878950308,0,2585970,174.10378658685136,54670.45708070859,233.8171445397206,0
382,174.38538536796636,174.38538536796636,54625.620001392126,233.72124422352394,0,2585970,174.40402324852957,54874.0922423694,234.252197945653,0
383,174.41652803396792,174.41652803396792,54645.264505388695,233.7632659452479,0,2585970,174.55561549437928,54937.13404447847,234.38671900190607,0
384,174.67170075445577,174.67170075445577,54750.340508977286,233.98790675797176,0,2585970,174.3765043678001,54804.020474715486,234.10258536529554,0
385,174.68360847186935,174.68360847186935,54764.51351987842,234.0181905747466,0,2585970,174.38017262381234,54732.322649914735,233.94940190116907,0
386,174.68279253046245,174.68279253046245,54756.6350495172,234.00135693947846,0,2585970,174.4411686910521,54762.07334771865,234.01297687888732,0
387,175.54496494545566,175.54496494545566,55230.3905199983,235.01146891162205,0,2585970,175.409473427766,55389.52971844221,235.34980288592172,0
388,175.597481022595,175.597481022595,55271.99106872856,235.09995973782844,0,2585970,175.22279956844048,55225.9247172241,235.00196747521946,0
389,175.61632114835052,175.61632114835052,55281.00420809213,235.1191276950732,0,2585970,174.84878362858038,55066.78976438242,234.66314104345918,0
390,173.6247350123938,173.6247350123938,54156.41766068438,232.7153146242945,0,2585970,173.2970173667908,54163.13839139665,232.72975398817542,0
391,173.49126710673363,173.49126710673363,54091.94968928487,232.57676085388425,0,2585970,173.26372811749556,54141.704795879305,232.6837011822687,0
392,173.4868471018612,173.4868471018612,54086.035288885796,232.5640455635518,0,2585970,173.44480562419517,54247.08476664463,232.91003577914935,0
393,173.5489796865393,173.5489796865393,54014.19047823447,232.40953181449868,0,2585970,173.43838095569555,54143.027153447256,232.68654269950218,0
394,173.51805821413242,173.51805821413242,53993.242754169616,232.36446103948344,0,2585970,173.65284516061672,54370.06836738245,233.1739015571478,0
395,173.5295838698825,173.5295838698825,53997.34978054657,232.37329833814076,0,2585970,173.91250130511955,54564.34009327254,233.590111291708,0
396,175.0657412885687,175.0657412885687,55163.36517399661,234.8688254622069,0,2585970,175.1571955591132,55420.27878397661,235.41512012607987,0
397,175.08597470194937,175.08597470194937,55199.36411636639,234.94544923527758,0,2585970,174.68202763373125,55072.896463996105,234.67615231206622,0
398,175.11489808466456,175.11489808466456,55218.71975970332,234.98663740669025,0,2585970,174.26709358577244,54803.68164827898,234.1018616933214,0
399,174.15895195999954,174.15895195999954,54357.99937779634,233.14802031712887,0,2585970,173.72143876379076,54314.936640796295,233.05565138137348,0
400,174.0463524325495,174.0463524325495,54278.5720244241,232.9776212953169,0,2585970,173.95653429854175,54485.24292973236,233.42074228682498,0
401,174.11987262033202,174.11987262033202,54322.42074695376,233.07170730690106,0,2585970,173.70003480318798,54315.627567605196,233.0571336981668,0
402,173.23635657026185,173.23635657026185,53803.55242984257,231.95592777474468,0,2585970,173.0340618800682,53872.3839661713,232.10425236555082,0
403,173.12234364667805,173.12234364667805,53724.17491502222,231.78475988516203,0,2585970,172.835078133157,53748.783207461805,231.8378381702646,0
404,173.21642478451025,173.21642478451025,53797.06113837361,231.94193484226523,0,2585970,172.9470295479066,53844.29510319145,232.04373532416565,0
405,173.75252149096858,173.75252149096858,54471.89709084019,233.39215301899117,0,2585970,173.58343716284412,54535.19567396373,233.5277192839508,0
406,173.6642787812697,173.6642787812697,54420.09307416559,233.2811459894811,0,2585970,173.45926286847876,54453.15463056416,233.3519972714272,0
407,173.6800519727607,173.6800519727607,54410.248963445054,233.2600457931985,0,2585970,173.41635749834685,54416.44507012842,233.27332695815957,0
408,175.12658499518557,175.12658499518557,55009.249028797705,234.54050615788674,0,2585970,174.8871924268263,55081.49462638778,234.69447080489087,0
409,175.1996403670576,175.1996403670576,55063.256479386844,234.65561250348742,0,2585970,174.89124351790625,55133.44007587095,234.80511083848015,0
410,175.05288576433603,175.05288576433603,54981.87591696733,234.4821441324847,0,2585970,174.47893363032054,54888.62628336756,234.2832181001609,0
411,174.22739822967785,174.22739822967785,54560.679534178664,233.58227572780146,0,2585970,174.13682873351198,54702.70499773779,233.88609406661567,0
412,174.14418380723674,174.14418380723674,54520.89265730074,233.49709346649422,0,2585970,173.71741899558,54455.66783141336,233.35738220894868,0
413,174.17999551425578,174.17999551425578,54534.569435453624,233.52637845745312,0,2585970,174.57923989837468,54999.213124282185,234.51911036050384,0
414,174.95450565938506,174.95450565938506,54969.631642671804,234.4560334959879,0,2585970,174.57096718059375,54982.065193331706,234.4825477372073,0
415,174.8461088102337,174.8461088102337,54923.03744049621,234.3566458210567,0,2585970,174.3752201301639,54794.970264156196,234.08325498453792,0
416,174.87135001566145,174.87135001566145,54930.19026786854,234.37190588436263,0,2585970,174.45093098527826,54799.575136602514,234.0930907493908,0
417,174.69377680328853,174.69377680328853,54601.69389822774,233.67005349044567,0,2585970,174.34140187241152,54532.944708175266,233.52289975112777,0
418,174.66132089699417,174.66132089699417,54540.680414699316,233.53946222148264,0,2585970,173.92219051265096,54334.51970556503,233.09766130436623,0
419,174.64981805666733,174.64981805666733,54534.093837128814,233.52536015843936,0,2585970,173.97851599206487,54408.71140848502,233.2567499741112,0
420,173.68995966697216,173.68995966697216,54181.62782901581,232.7694735763601,0,2585970,173.49177600668222,54333.9065534403,233.09634607483724,0
421,173.81566375479994,173.81566375479994,54293.16711330758,233.00894213164347,0,2585970,173.18238958688616,54016.340486548565,232.4141572420849,0
422,173.69830663155412,173.69830663155412,54234.64694331334,232.88333333090486,0,2585970,173.03523474750287,53963.97242891449,232.3014688479487,0
423,172.97190377305228,172.97190377305228,53564.57720236507,231.4402238211091,0,2585970,172.63192496432674,53541.06310862075,231.38941874818033,0
424,173.09496591221088,173.09496591221088,53624.856425635255,231.57041353686625,0,2585970,173.2487418647548,53995.90326453903,232.3701858340244,0
425,173.12197511958763,173.12197511958763,53640.07156154171,231.60326327912935,0,2585970,173.18792677409252,53939.43761180524,232.2486547039729,0
426,173.89401423837091,173.89401423837091,54103.17675843107,232.60089586764508,0,2585970,173.89823199805102,54257.95020707897,232.9333600132857,0
427,174.12183552013366,174.12183552013366,54201.89524975154,232.81300489824778,0,2585970,174.9257265165489,54831.81133539832,234.16193400166117,0
428,174.34435318275155,174.34435318275155,54294.60538327978,233.01202840900677,0,2585970,175.24163505377092,54971.2899836425,234.45957004064155,0
429,176.3550868726242,176.3550868726242,55994.24854348658,236.63103884208974,0,2585970,176.29359273309436,56412.81486096126,237.51382035780836,0
430,176.30481018727983,176.30481018727983,56111.06900698771,236.87775118610804,0,2585970,175.43150036543346,55745.43995754011,236.10472243803196,0
431,176.6649423620537,176.6649423620537,56444.38917350163,237.58027942887352,0,2585970,176.19011241429715,56398.212602234365,237.48307855978786,0
432,175.28782623154947,175.28782623154947,55065.504360839455,234.6604022003701,0,2585970,174.85598092785298,54963.870709637005,234.4437474313124,0
433,175.07696957041264,175.07696957041264,54868.231080406964,234.23968724451237,0,2585970,174.73230779939442,54920.45460620193,234.35113527824424,0
434,175.13877887214468,175.13877887214468,54905.90722552853,234.3200956502206,0,2585970,176.04499356141022,55814.56544739498,236.25106443653326,0
435,176.10391613205104,176.10391613205104,55620.38714138215,235.83974885795257,0,2585970,175.46425712595274,55441.718209027946,235.46065108426916,0
436,175.6263259047862,175.6263259047862,55309.30769575827,235.17930966766244,0,2585970,174.42447012146312,54865.012985069436,234.23281790788718,0
437,175.1404239028295,175.1404239028295,55044.624862624085,234.6159092274522,0,2585970,173.86982215570947,54550.00463578464,233.5594242067415,0
438,174.60459634102483,174.60459634102483,54706.1758009567,233.89351380693887,0,2585970,174.42381930184806,54796.3332892493,234.08616637736048,0
439,174.66214031871985,174.66214031871985,54691.75292714146,233.8626796373065,0,2585970,174.5938885601921,54767.37029895939,234.0242942494633,0
440,174.75058217999435,174.75058217999435,54706.95424811579,233.8951779069329,0,2585970,174.31947586398914,54547.70723210246,233.55450591265085,0
441,174.69001535207292,174.69001535207292,54615.957262071875,233.7005718051881,0,2585970,174.8728883165698,55020.530898270285,234.56455592921597,0
442,174.68539890253948,174.68539890253948,54634.11639075472,233.73941984773285,0,2585970,174.82003619531548,55105.73284724881,234.74610294368853,0
443,175.07627892048245,175.07627892048245,54983.47769347672,234.4855596694106,0,2585970,175.29722966623743,55670.81781575192,235.94664188276113,0
444,175.43960332099755,175.43960332099755,55445.87353565587,235.4694747428122,0,2585970,175.27983503288903,55567.62296662374,235.72785785015682,0
445,175.37324253568295,175.37324253568295,55413.05103307463,235.39976854932257,0,2585970,174.38898827132564,54856.35055163053,234.21432610246225,0
446,175.24504151246921,175.24504151246921,55240.66359470528,235.03332443444117,0,2585970,174.25296349145583,54578.364006543,233.62012757154082,0
447,173.94291310417367,173.94291310417367,54243.683145976174,232.9027332299391,0,2585970,173.61882156405528,54194.55925938816,232.79724925219404,0
448,173.8744865563019,173.8744865563019,54191.84732846862,232.7914245166016,0,2585970,174.1962725785682,54885.48489541642,234.27651375120047,0
449,173.87208513633183,173.87208513633183,54265.95159649957,232.9505346559642,0,2585970,174.2676539170988,54925.38348588731,234.36165105641177,0
450,175.21012811440195,175.21012811440195,55283.557678936726,235.12455779636616,0,2585970,175.41982041555008,55553.914164897506,235.6987784544025,0
451,175.57628936143885,175.57628936143885,55354.030771818696,235.2743733852429,0,2585970,176.1033376257265,55470.39010197334,235.52152789495346,0
452,176.1289500651593,176.1289500651593,55577.67101358485,235.74916969861175,0,2585970,176.1994048654857,55466.51610691539,235.51330346058032,0
453,176.2369776138161,176.2369776138161,55245.80084262385,235.0442529453206,0,2585970,175.68162391675077,55069.96577106463,234.66990810724886,0
454,175.8175299790794,175.8175299790794,54989.3631735867,234.49810910450154,0,2585970,174.80719033863502,54720.6349006369,233.92442134295618,0
455,175.56552241518656,175.56552241518656,54871.49849070175,234.2466616425979,0,2585970,174.99471687606584,54974.05362475203,234.4654636076538,0
456,175.00200698383972,175.00200698383972,54902.80402634215,234.3134738471993,0,2585970,174.561695611318,54995.42088191278,234.5110250753955,0
457,174.95032927682843,174.95032927682843,54959.67674837682,234.4348027669459,0,2585970,174.87750321929488,55128.15089618209,234.79384765402625,0
458,174.88635250988992,174.88635250988992,55016.01186672699,234.5549229215345,0,2585970,174.73957818536178,55122.86449378763,234.78258984385454,0
459,175.14476579388005,175.14476579388005,55045.22941333426,234.61719760779314,0,2585970,174.3172902237845,54676.50337590923,233.8300737200184,0
460,174.42025777561224,174.42025777561224,54535.67171622254,233.52873852316878,0,2585970,173.9706643928584,54540.659767514706,233.53941801656248,0
461,174.41258908649365,174.41258908649365,54560.44873413071,233.58178168284167,0,2585970,174.27279782828106,54755.65902968712,233.99927142982116,0
462,174.28544221317338,174.28544221317338,54541.1877048071,233.5405483097252,0,2585970,173.88258100442002,54491.90425642989,233.43501077693955,0
463,174.3134715406598,174.3134715406598,54570.904663240486,233.60416234142852,0,2585970,174.43351895033584,54874.85112936345,234.25381774768036,0
464,174.23210748771254,174.23210748771254,54526.482434444326,233.50906285291012,0,2585970,174.30481676121533,54694.77323286813,233.86913698234773,0
465,174.7800724679714,174.7800724679714,54810.232388620134,234.11585249320504,0,2585970,174.824403995406,54970.47816099955,234.45783877064028,0
466,174.63931252102694,174.63931252102694,54573.59841181452,233.6099278965141,0,2585970,174.25668047193122,54519.34146103783,233.49377178211378,0
467,174.6789185489391,174.6789185489391,54624.42966739753,233.71869772741232,0,2585970,174.34099815543104,54821.895392057915,234.1407597836351,0
468,174.2890644516371,174.2890644516371,54498.15200717719,233.44839259925777,0,2585970,173.89877840810217,54585.770152786,233.63597786468162,0
469,174.30406694586557,174.30406694586557,54655.51452723736,233.78518885343735,0,2585970,174.42917203215814,54996.77606932795,234.51391444715588,0
470,174.22777449081002,174.22777449081002,54590.88524151479,233.6469243142627,0,2585970,173.93702363136464,54722.19473427766,233.9277553739138,0
471,174.6259229612099,174.6259229612099,54911.35350603449,234.33171681621437,0,2585970,174.45008178749174,55046.01243865938,234.61886633145977,0
472,174.61997277617297,174.61997277617297,54942.8305691868,234.39887066534,0,2585970,174.4284550864859,55037.61467998469,234.6009690516744,0
473,174.73017977780097,174.73017977780097,54943.04462348751,234.399327267566,0,2585970,174.96745901924615,55173.54063968259,234.8904864818552,0
474,175.00378155972422,175.00378155972422,55025.09818404699,234.5742913962376,0,2585970,174.57481293286466,54938.96606341141,234.39062708097228,0
475,174.68126467051047,174.68126467051047,54763.07278352031,234.01511229730508,0,2585970,173.99211011728676,54477.91858490238,233.40505261219684,0
476,174.45860238131147,174.45860238131147,54570.16599805876,233.6025813171994,0,2585970,174.47555424076845,54735.82243761529,233.95688157781402,0
477,174.31697660839066,174.31697660839066,54481.6383817291,233.41302102009882,0,2585970,174.05246232554902,54581.835499251734,233.6275572342692,0
478,174.6833737437016,174.6833737437016,54698.968289655335,233.87810562268402,0,2585970,174.3464100511607,54638.82299098597,233.74948768069197,0
479,174.45300564198348,174.45300564198348,54548.612182275894,233.55644324718574,0,2585970,173.70777155187415,54244.43047367139,232.90433760166724,0
480,174.41287447263502,174.41287447263502,54503.30281983163,233.45942435427966,0,2585970,174.36257961229248,54762.38325270595,234.01363903137346,0
481,174.26646442147435,174.26646442147435,54603.9750967722,233.67493467800992,0,2585970,174.14723140639683,54887.310061601645,234.28040904352554,0
482,174.37381176115733,174.37381176115733,54752.859560629084,233.99328956324598,0,2585970,174.06621306511676,54938.731183656426,234.39012603703344,0
483,174.1854016094541,174.1854016094541,54696.79790214117,233.87346557944784,0,2585970,173.93348414714788,54659.91830299656,233.7946070870681,0
484,174.24664129900967,174.24664129900967,54642.829952010274,233.7580585819669,0,2585970,173.9862005359691,54654.067549507534,233.78209415929942,0
485,174.29729965931546,174.29729965931546,54602.52785608495,233.67183796102805,0,2585970,174.07890926808895,54689.81882504437,233.85854447730657,0
486,174.01102603665163,174.01102603665163,54508.45320904728,233.47045468120217,0,2585970,173.44840427383147,54468.35978143598,233.38457485754276,0
487,173.67030824023482,173.67030824023482,54362.62896050612,233.15794852525642,0,2585970,173.3871924268263,54369.24114432882,233.17212771754865,0
488,173.56409084405465,173.56409084405465,54304.556981712856,233.0333816896473,0,2585970,173.5364215362127,54335.40409981554,233.09955834324427,0
489,174.02188231108636,174.02188231108636,54428.08086443385,233.29826588389776,0,2585970,174.09461246650193,54604.45746354366,233.67596680776492,0
490,174.20872245230996,174.20872245230996,54489.68743024861,233.4302624559391,0,2585970,173.72877527581525,54424.70715553545,233.29103530897936,0
491,174.2015974663279,174.2015974663279,54504.53800121424,233.4620697269992,0,2585970,173.9425399366582,54735.83208157867,233.95690218837032,0
492,173.76512643224785,173.76512643224785,54363.84634160489,233.16055914670665,0,2585970,173.16238123412106,54347.77285003306,233.12608787957015,0
493,173.9608862438466,173.9608862438466,54580.40349230656,233.62449249234672,0,2585970,174.10606967598233,54816.27115511781,234.12874909997237,0
494,173.93720731485672,173.93720731485672,54515.72766737433,233.48603313126534,0,2585970,173.87591619392336,54376.85016879546,233.18844347178842,0
495,174.44040882144805,174.44040882144805,54547.74763434997,233.5545924068931,0,2585970,174.35704242508615,54483.63673476491,233.41730170397588,0
496,174.61934670549155,174.61934670549155,54540.23836858123,233.53851581394713,0,2585970,174.774120349424,54902.274569310546,234.3123440395545,0
497,174.82227636051462,174.82227636051462,54629.67647575185,233.72992208048984,0,2585970,175.43000034803188,55609.288984791005,235.81621866358344,0
498,175.47941159410203,175.47941159410203,55329.37502523231,235.22196969082694,0,2585970,175.46574322207914,55870.95852156058,236.37038418879928,0
499,175.25371601372018,175.25371601372018,55560.032003464854,235.71175618425326,0,2585970,174.24342393763268,55087.85701110222,234.708025024928,0
500,174.52149290208317,174.52149290208317,54953.314450283644,234.4212329339722,0,2585970,174.331834476038,54779.3843733686,234.04996127615274,0
501,174.4047429011164,174.4047429011164,54744.65674659799,233.9757610236539,0,2585970,174.2702815577907,54638.32575783942,233.74842407562755,0
502,175.11616105368586,175.11616105368586,54958.30806815238,234.431883642461,0,2585970,175.53598649636308,55386.11140848502,235.34254058390084,0
503,175.3086304172129,175.3086304172129,55069.711489692454,234.6693663214107,0,2585970,174.8039745240664,55040.799582361746,234.6077568674185,0
504,175.55316302973353,175.55316302973353,55209.75661782619,234.96756503361522,0,2585970,174.75200292346778,54827.732074618034,234.15322349824277,0
505,174.99065959775248,174.99065959775248,54866.55847670313,234.23611693482098,0,2585970,174.9791111265792,55067.434963282634,234.66451577365214,0
506,174.95205899527065,174.95205899527065,54842.33038898363,234.18439399111043,0,2585970,174.7356837086277,55060.79586538127,234.6503694124117,0
507,175.26096358426432,175.26096358426432,55098.99989249682,234.7317615758396,0,2585970,174.76548915880696,55127.68915184631,234.79286435461856,0
508,174.32030379316078,174.32030379316078,54711.08284550865,233.9040034832851,0,2585970,173.72592141440157,54589.89349876449,233.64480199389092,0
509,174.0801092046698,174.0801092046698,54526.38870829901,233.50886216222932,0,2585970,174.0809870184109,54610.99619253124,233.6899574062421,0
510,174.19046895362283,174.19046895362283,54624.027040916946,233.71783637736542,0,2585970,174.40009744892632,54885.03916750774,234.27556246332594,0
511,174.648978526433,174.648978526433,54675.72056481707,233.82839982520744,0,2585970,174.32133087390804,54578.3087947656,233.62000940579898,0
512,174.5877268491127,174.5877268491127,54561.78628909075,233.58464480588347,0,2585970,174.21153029617514,54508.84681376814,233.47129762300148,0
513,174.72284094556395,174.72284094556395,54605.4019253897,233.67798767832133,0,2585970,174.53102356175825,54827.64345178018,234.1530342570435,0
514,174.3899140361257,174.3899140361257,54528.97339953673,233.51439655733589,0,2585970,173.87262033202242,54465.63750391536,233.37874261362228,0
515,174.70109978073992,174.70109978073992,54855.94172747557,234.2134533443277,0,2585970,176.32767201475656,56640.52184596109,237.99269284152632,0
516,174.9398894805431,174.9398894805431,55052.035212318784,234.63170120919037,0,2585970,176.16886506804022,56470.8196081161,237.63589713701947,0
517,176.9015228328248,176.9015228328248,56950.20959910595,238.64243042490568,0,2585970,176.5617060522744,57047.2413635889,238.84564338415072,0
518,176.06141911932465,176.06141911932465,56263.213844708174,237.19868010743266,0,2585970,174.6941669856959,55176.2025928375,234.89615278424102,0
519,175.8877071273062,175.8877071273062,56131.260945022565,236.92036836249974,0,2585970,174.26414923607,54957.638478404624,234.4304555265903,0
520,174.63289519986697,174.63289519986697,54907.90422626713,234.3243568779548,0,2585970,174.42756760519265,54964.725712595275,234.44557089566712,0
521,174.40550354412466,174.40550354412466,54758.025013437895,234.00432691178574,0,2585970,174.05954477430132,54688.94122089583,233.85666811296153,0
522,174.41850060132174,174.41850060132174,54737.246016775134,233.95992395445663,0,2585970,174.35776633139596,54811.996216893465,234.11961946170481,0
523,174.71975583630126,174.71975583630126,54841.66930049459,234.18298251686562,0,2585970,174.52059304632306,54933.62793999931,234.37923956698748,0
524,174.85152727989885,174.85152727989885,54899.62953321191,234.30669971900485,0,2585970,174.4502418821564,54867.611067413774,234.23836378230996,0
525,174.80684965409498,174.80684965409498,54894.26003743276,234.295241175387,0,2585970,173.97093237740577,54617.13953990186,233.70310126290977,0
526,174.28994187867607,174.28994187867607,54458.55874468768,233.36357630248915,0,2585970,173.941788187798,54407.838819475866,233.25487951911288,0
527,173.91323178536487,173.91323178536487,54209.54023905923,232.82942305271305,0,2585970,173.2860682838548,54099.20458706017,232.59235711230963,0
528,173.86379037653182,173.86379037653182,54177.11432692568,232.75977815534557,0,2585970,173.5389204051091,54238.67323286813,232.89197760521535,0
529,550.2568544102019,550.2568544102019,1175705.6774707758,1084.2996253207762,0,9410,575.8612440191388,1336943.5818181818,1156.2627650401018,0
530,540.8342189160468,540.8342189160468,1141472.6529224229,1068.3972355460412,0,9410,565.0861244019138,1295313.65645933,1138.1184720666517,0
531,539.6701381509033,539.6701381509033,1144796.8427205102,1069.9517945779194,0,9410,563.3626794258373,1300124.7234449761,1140.2301186361358,0
532,541.2142401700319,541.2142401700319,1146723.9683315621,1070.851982456755,0,9410,565.8,1304493.8440191387,1142.1444059396074,0
533,543.9487778958555,543.9487778958555,1157017.5400637619,1075.6474980511794,0,9410,567.3253588516747,1310377.486124402,1144.717207927094,0
534,546.9475026567482,546.9475026567482,1160584.1232731137,1077.3040997198116,0,9410,571.8822966507176,1317359.04784689,1147.7626269603354,0
535,543.8018065887354,543.8018065887354,1152600.57141339,1073.5923674343956,0,9410,569.1081339712919,1309432.486124402,1144.304367781755,0
536,539.8589798087141,539.8589798087141,1149641.7395324123,1072.2134766605072,0,9410,565.1942583732058,1304933.1770334928,1142.3367178872843,0
537,546.449734325186,546.449734325186,1159124.6854410202,1076.6265301584483,0,9410,571.8325358851674,1319228.5923444976,1148.5767681546138,0
538,542.1907545164719,542.1907545164719,1146482.8946865038,1070.739414930871,0,9410,566.2870813397129,1302423.3626794259,1141.2376451376927,0
539,540.8897980871413,540.8897980871413,1143895.2840595113,1069.5304035227382,0,9410,565.0296650717703,1298054.5550239235,1139.3219716234405,0
540,542.5326248671626,542.5326248671626,1153569.7764080765,1074.0436566583671,0,9410,567.5712918660287,1313301.7129186604,1145.9937665269651,0
541,544.1531349628056,544.1531349628056,1151557.6173219979,1073.1065265489713,0,9410,568.5617224880383,1305637.537799043,1142.644974521414,0
542,543.1633368756642,543.1633368756642,1153643.051540914,1074.0777679204211,0,9410,567.466028708134,1309288.1971291867,1144.241319446727,0
543,544.4088204038258,544.4088204038258,1151549.7333687567,1073.1028531174245,0,9410,568.4822966507177,1305868.9339712919,1142.7462246585162,0
544,546.9111583421892,546.9111583421892,1159922.1938363444,1076.9968402165089,0,9410,571.3167464114832,1316251.3492822966,1147.2799785938464,0
545,545.656004250797,545.656004250797,1157148.6475026568,1075.7084398212448,0,9410,569.1703349282296,1311392.1655502392,1145.1603230771834,0
546,542.2283740701381,542.2283740701381,1150264.9312433582,1072.5040471920645,0,9410,565.6928229665072,1303567.509090909,1141.738809487927,0
547,543.1824654622742,543.1824654622742,1158021.3361317748,1076.1139977399118,0,9410,569.7952153110048,1318372.65645933,1148.2041005236526,0
548,545.5852284803401,545.5852284803401,1163144.135494155,1078.4916019581028,0,9410,570.6,1319976.4775119617,1148.9022924130502,0
549,543.1056323060574,543.1056323060574,1153082.6799149842,1073.8168744785976,0,9410,567.9301435406699,1308500.1100478468,1143.8968965985732,0
550,537.1719447396387,537.1719447396387,1132605.3347502656,1064.2393221217988,0,9410,564.6507177033493,1296733.7110047848,1138.7421617753444,0
551,542.4891604675877,542.4891604675877,1150007.055579171,1072.383819152066,0,9410,566.3014354066986,1303603.042105263,1141.7543703026772,0
552,540.036875664187,540.036875664187,1138994.7329436769,1067.2369619459762,0,9410,563.7732057416268,1293019.1607655503,1137.1100038103395,0
553,540.5597236981935,540.5597236981935,1140002.0764080766,1067.70879756986,0,9410,564.5043062200957,1294288.1081339712,1137.6678373470752,0
554,545.8850159404889,545.8850159404889,1157240.865674814,1075.7513028924548,0,9410,570.9148325358851,1315494.8937799043,1146.9502577618196,0
555,541.0103081827842,541.0103081827842,1143467.0166843783,1069.330171969527,0,9410,565.2344497607655,1299294.4803827752,1139.8659922915392,0
556,538.3583421891605,538.3583421891605,1135921.8367693943,1065.7963392550166,0,9410,561.2133971291865,1289176.6698564594,1135.4191604233474,0
557,545.6836344314559,545.6836344314559,1156805.1159404889,1075.5487510756957,0,9410,570.7645933014354,1314174.9693779903,1146.3747072305766,0
558,539.6007438894793,539.6007438894793,1144951.1197662062,1070.0238874745771,0,9410,563.755980861244,1300406.9846889952,1140.3538857253898,0
559,539.613390010627,539.613390010627,1143492.9623804463,1069.342303652318,0,9410,564.0114832535885,1299362.777033493,1139.8959500908375,0
560,545.2309245483528,545.2309245483528,1152523.745696068,1073.5565870954674,0,9410,569.6258373205742,1308460.6421052632,1143.8796449387773,0
561,538.2170031880978,538.2170031880978,1137949.9432518596,1066.7473661799497,0,9410,562.5578947368421,1295848.747368421,1138.3535247753314,0
562,550.0532412327311,550.0532412327311,1169315.8553666312,1081.3490904266907,0,9410,573.8918660287081,1324736.871770335,1150.9721420479016,0
563,543.3543039319873,543.3543039319873,1152193.8582359191,1073.4029337746003,0,9410,566.9722488038277,1306489.2440191389,1143.0176044222324,0
564,542.0985122210415,542.0985122210415,1147879.5252922424,1071.3913968724232,0,9410,566.888995215311,1306262.9157894736,1142.9185954342827,0
565,545.0933049946865,545.0933049946865,1159936.0792773645,1077.003286567578,0,9410,570.9531100478468,1319696.5837320574,1148.7804767369862,0
566,544.7060573857598,544.7060573857598,1159843.697343252,1076.960397295672,0,9410,569.666985645933,1318432.556937799,1148.2301846484436,0
567,541.0265674814027,541.0265674814027,1146974.6981934113,1070.9690463283293,0,9410,566.377990430622,1308491.329186603,1143.8930584572156,0
568,549.069394261424,549.069394261424,1166138.255579171,1079.8788152284362,0,9410,573.2287081339713,1322457.4889952154,1149.9815168059074,0
569,543.3577045696068,543.3577045696068,1156848.002975558,1075.5686881717772,0,9410,567.8622009569378,1314731.2842105264,1146.6173224797044,0
570,540.707651434644,540.707651434644,1146354.0069075453,1070.6792268964339,0,9410,564.9866028708134,1301685.6736842105,1140.9144024352618,0
571,547.1480340063762,547.1480340063762,1167850.0719447397,1080.671121083903,0,9410,573.0784688995216,1329283.8401913876,1152.945723003207,0
572,543.6959617428267,543.6959617428267,1158844.5631243358,1076.4964296848996,0,9410,568.7894736842105,1316346.6229665072,1147.3214993917386,0
573,543.5206163655686,543.5206163655686,1154220.2651434643,1074.346436278105,0,9410,568.9387559808613,1312955.3598086124,1145.8426418180693,0
574,548.7547290116897,548.7547290116897,1163001.5974495218,1078.4255178033955,0,9410,573.0822966507177,1318593.4822966508,1148.3002579014997,0
575,547.3488841657811,547.3488841657811,1160127.125717322,1077.0919764427372,0,9410,571.800956937799,1317859.3014354068,1147.980531818988,0
576,544.7514346439957,544.7514346439957,1159977.2747077576,1077.0224114231596,0,9410,570.3444976076555,1318842.652631579,1148.4087480647206,0
577,544.3967056323061,544.3967056323061,1149637.8532412327,1072.2116643840584,0,9410,569.9224880382775,1310816.923444976,1144.9091332699622,0
578,539.2270988310308,539.2270988310308,1138455.4421891605,1066.9842745744477,0,9410,562.754066985646,1291744.962679426,1136.5495865466785,0
579,541.2791710945802,541.2791710945802,1147292.9261424018,1071.1176061210094,0,9410,566.2191387559809,1307810.0468899522,1143.5952286058,0
580,540.8566418703507,540.8566418703507,1142713.1410201914,1068.9776148358726,0,9410,563.4095693779905,1294498.9559808613,1137.7605002727337,0
581,540.6466524973432,540.6466524973432,1148252.494261424,1071.5654409607582,0,9410,565.0373205741627,1304287.4813397129,1142.0540623541922,0
582,538.9345377258236,538.9345377258236,1135645.7897980872,1065.6668287030836,0,9410,562.5732057416268,1288468.8392344497,1135.1074130823258,0
583,543.1758767268863,543.1758767268863,1149055.502975558,1071.9400650108932,0,9410,567.5626794258374,1304521.9607655501,1142.156714626128,0
584,538.0427205100956,538.0427205100956,1138113.0374070138,1066.8238080428341,0,9410,574.8985645933014,1333270.980861244,1154.6735386511825,0
585,545.8490967056323,545.8490967056323,1159896.5226354941,1076.9849221950576,0,9410,571.7205741626794,1319283.7435406698,1148.6007763973826,0
586,551.0896918172157,551.0896918172157,1181973.265674814,1087.1859388691587,0,9410,577.6038277511961,1344322.553110048,1159.4492455946693,0
587,539.3462274176408,539.3462274176408,1140999.6752391073,1068.175863441553,0,9410,570.1923444976077,1318197.8019138756,1148.1279553751297,0
588,538.5392136025505,538.5392136025505,1135928.8025504781,1065.7996071262544,0,9410,562.8344497607656,1290354.2066985646,1135.9375892620883,0
589,545.0120085015941,545.0120085015941,1160549.0139213603,1077.2878045914008,0,9410,568.7885167464115,1314247.5349282296,1146.4063568073188,0
590,546.8972369819342,546.8972369819342,1165725.4302869288,1079.6876540402454,0,9410,573.2028708133971,1326276.4966507177,1151.6407845551137,0
591,550.3021253985122,550.3021253985122,1178366.5180658873,1085.5259177310725,0,9410,574.4861244019139,1334727.8258373206,1155.3042135460776,0
592,546.3051009564293,546.3051009564293,1157909.978639745,1076.0622559312008,0,9410,570.7301435406698,1316307.4803827752,1147.3044410193727,0
593,540.9394261424017,540.9394261424017,1146721.7353878852,1070.8509398547892,0,9410,565.3923444976076,1301585.118660287,1140.8703338505595,0
594,546.8308182784272,546.8308182784272,1159764.2690754517,1076.9235205321925,0,9410,571.0947368421052,1317401.7722488039,1147.7812388468474,0
595,541.0364505844846,541.0364505844846,1143435.0747077577,1069.3152363581835,0,9410,565.0488038277512,1297486.8076555023,1139.0727841782116,0
596,540.3208289054197,540.3208289054197,1142940.1004250797,1069.083766795231,0,9410,564.4832535885167,1301485.3272727274,1140.82659824915,0
597,545.2410201912859,545.2410201912859,1159609.0809776834,1076.8514665345836,0,9410,570.243062200957,1316532.8019138756,1147.402632868635,0
598,552.374070138151,552.374070138151,1176462.5878852285,1084.6486011078557,0,9410,576.7052631578947,1332492.2325358852,1154.3362735944345,0
599,544.471838469713,544.471838469713,1158813.3530286928,1076.4819334427739,0,9410,570.4038277511962,1318629.4162679426,1148.3159043869168,0
600,536.8514346439957,536.8514346439957,1138895.2306057385,1067.1903441306704,0,9410,569.71004784689,1320452.1119617224,1149.1092689390866,0
601,545.0633368756642,545.0633368756642,1159252.1258235918,1076.6857135782902,0,9410,568.8382775119617,1314410.1071770336,1146.477259773186,0
602,545.982252922423,545.982252922423,1163905.620085016,1078.8445764265657,0,9410,571.2995215311005,1322871.5808612441,1150.1615455496867,0
603,539.2489904357067,539.2489904357067,1138782.9646121147,1067.137743973155,0,9410,564.2545454545455,1296202.528229665,1138.508905643546,0
604,543.3299681190223,543.3299681190223,1156357.1146652498,1075.3404645344885,0,9410,568.2382775119618,1314414.7320574163,1146.4792767675376,0
605,544.4046758767269,544.4046758767269,1164003.8967056323,1078.8901226286355,0,9410,568.9961722488039,1322445.7598086125,1149.9764170662859,0
606,543.4684378320935,543.4684378320935,1151008.191498406,1072.8504982048553,0,9410,567.6736842105263,1307741.8880382776,1143.5654279656576,0
607,547.3715196599362,547.3715196599362,1162652.0505844846,1078.2634421070227,0,9410,571.6334928229666,1317299.0459330142,1147.7364880202313,0
608,545.3047821466525,545.3047821466525,1158976.0195536662,1076.5574854849444,0,9410,569.8813397129187,1315224.9492822967,1146.8325724718045,0
609,540.4450584484591,540.4450584484591,1143177.0788522847,1069.1945935386527,0,9410,563.8937799043063,1297366.2822966508,1139.0198779198943,0
610,551.4772582359192,551.4772582359192,1183500.245589798,1087.8879747427113,0,9410,568.5043062200957,1315153.0459330142,1146.8012233743973,0
611,541.5700318809777,541.5700318809777,1144817.778320935,1069.9615779648047,0,9410,565.4287081339713,1299982.852631579,1140.1679054558494,0
612,549.5239107332625,549.5239107332625,1168523.391498406,1080.9826046234075,0,9410,573.8918660287081,1325848.1081339712,1151.4547790225943,0
613,540.8823591923485,540.8823591923485,1146422.297024442,1070.7111174469246,0,9410,563.6287081339713,1300221.4392344498,1140.2725284923995,0
614,543.9379383634431,543.9379383634431,1161030.190010627,1077.5111089963884,0,9410,568.3751196172249,1321013.7110047848,1149.3536057301012,0
615,543.391817215728,543.391817215728,1150056.848565356,1072.4070349290685,0,9410,568.2708133971291,1306761.2220095694,1143.1365718975005,0
616,539.8144527098831,539.8144527098831,1143902.8975557918,1069.5339627874337,0,9410,563.6411483253588,1297389.0210526315,1139.0298595965917,0
617,543.4287991498406,543.4287991498406,1153531.0494155155,1074.0256279137457,0,9410,568.0124401913876,1311669.2583732058,1145.2813009794606,0
618,542.5642933049946,542.5642933049946,1149633.7141339001,1072.209734209637,0,9410,567.290909090909,1308128.881339713,1143.7346201543928,0
619,542.9879914984059,542.9879914984059,1151782.7102019128,1073.2114005180492,0,9410,568.1387559808612,1309852.4488038279,1144.4878543714774,0
620,542.4333687566419,542.4333687566419,1150194.7407013816,1072.4713239529444,0,9410,566.6334928229666,1306328.3349282297,1142.947214410285,0
621,546.8402763018066,546.8402763018066,1163970.6256110521,1078.874703388235,0,9410,572.1837320574163,1324609.5578947368,1150.9168336134182,0
622,545.0320935175346,545.0320935175346,1154104.1173219979,1074.2923798119382,0,9410,569.1224880382775,1309920.753110048,1144.5176945377682,0
623,541.2585547290117,541.2585547290117,1147322.6409139214,1071.1314769503888,0,9410,566.2133971291865,1304068.0679425837,1141.957997451125,0
624,540.9859723698194,540.9859723698194,1139318.3696068013,1067.3885747968268,0,9410,564.5224880382775,1292014.3368421053,1136.6680856090336,0
625,542.609564293305,542.609564293305,1149394.1783209352,1072.098026451376,0,9410,567.4727272727273,1308404.0526315789,1143.85490890741,0
626,545.5683315621679,545.5683315621679,1157996.305419766,1076.1023675374784,0,9410,569.1291866028708,1312802.7311004784,1145.7760388053498,0
627,540.2228480340063,540.2228480340063,1146679.9133900106,1070.8314122166994,0,9410,565.4516746411483,1304086.6153110047,1141.9661182850411,0
628,541.5505844845909,541.5505844845909,1146446.7658873538,1070.7225438400715,0,9410,565.5253588516747,1300114.8784688995,1140.2258015274429,0
629,542.6658873538788,542.6658873538788,1150168.6964930925,1072.4591817375115,0,9410,567.1617224880383,1305107.8066985647,1142.4131506152075,0
630,539.0816153028693,539.0816153028693,1138385.2150903295,1066.9513649132887,0,9410,563.044976076555,1294208.8727272728,1137.6330132020928,0
631,539.65302869288,539.65302869288,1144950.4402763017,1070.0235699629714,0,9410,563.0095693779904,1294636.9655502392,1137.821148313846,0
632,537.7950053134963,537.7950053134963,1134901.4683315621,1065.3175434261666,0,9410,562.7531100478469,1292618.833492823,1136.933961799375,0
633,538.7588735387885,538.7588735387885,1137463.6419766205,1066.51940534461,0,9410,562.6392344497608,1292657.3779904307,1136.950912744447,0
634,545.5125398512221,545.5125398512221,1164345.3306057386,1079.0483448880957,0,9410,567.2200956937799,1309597.367464115,1144.3764098687611,0
635,548.4972369819341,548.4972369819341,1163054.505526036,1078.4500477657905,0,9410,573.11004784689,1320588.8306220095,1149.1687563721916,0
636,542.4753453772582,542.4753453772582,1148272.3935175345,1071.5747260539204,0,9410,566.0775119617225,1302586.3148325358,1141.3090356395746,0
637,540.6369819341127,540.6369819341127,1144248.6869287991,1069.695604800169,0,9410,565.798086124402,1303208.4832535884,1141.581571002961,0
638,545.2069075451648,545.2069075451648,1159843.088522848,1076.9601146388143,0,9410,570.0430622009569,1319019.8746411484,1148.4859052862375,0
639,541.5662061636557,541.5662061636557,1144701.3262486716,1069.907157770557,0,9410,565.0775119617225,1300415.2076555025,1140.3574911647236,0
640,540.9704569606802,540.9704569606802,1148355.9995749204,1071.613736182455,0,9410,566.0956937799043,1304134.9799043061,1141.987294108085,0
641,543.9910733262486,543.9910733262486,1156612.1676939426,1075.4590497522174,0,9410,568.8105263157895,1314327.6889952153,1146.4413151117747,0
642,544.4668437832094,544.4668437832094,1159050.1348565356,1076.5919072966021,0,9410,568.3607655502392,1313819.0,1146.2194379786097,0
643,543.2488841657811,543.2488841657811,1150639.3496280552,1072.6785863566286,0,9410,568.3827751196172,1309826.7464114833,1144.4766255417728,0
644,542.6578108395324,542.6578108395324,1147736.189798087,1071.3245025659066,0,9410,567.1693779904306,1303205.7703349283,1141.5803827742172,0
645,546.0087141339001,546.0087141339001,1160843.4106269926,1077.4244338360777,0,9410,571.0555023923445,1317947.0956937799,1148.0187697480299,0
646,544.9331562167906,544.9331562167906,1158205.6298618491,1076.1996236116463,0,9410,568.5090909090909,1312879.3511961722,1145.8094742129567,0
647,543.3318809776833,543.3318809776833,1154036.4538788523,1074.2608872517199,0,9410,568.4535885167464,1312087.161722488,1145.4637321724717,0
648,544.5449521785334,544.5449521785334,1150859.7723698192,1072.7813255131819,0,9410,568.6066985645933,1307005.3550239233,1143.2433489961459,0
649,547.6688629117959,547.6688629117959,1160060.887353879,1077.0612273004162,0,9410,572.1645933014354,1315494.7368421052,1146.9501893465579,0
650,538.4884165781084,538.4884165781084,1140599.5062699255,1067.9885328363434,0,9410,562.3043062200957,1294599.6803827751,1137.8047637370723,0
651,543.2112646121147,543.2112646121147,1154882.498405951,1074.6545949308322,0,9410,567.4086124401914,1312288.1990430623,1145.5514824935028,0
652,543.1045696068013,543.1045696068013,1148640.7056323062,1071.7465678192332,0,9410,568.021052631579,1307154.6009569378,1143.3086201708345,0
653,544.6908607863975,544.6908607863975,1159638.9306057387,1076.865326122881,0,9410,569.6985645933014,1317812.9827751196,1147.9603576670754,0
654,536.6908607863975,536.6908607863975,1133542.8795961742,1064.679707515915,0,9410,560.5770334928229,1288093.6622009568,1134.9421404639784,0
655,546.7654622741765,546.7654622741765,1164533.6725823593,1079.1356136196966,0,9410,572.1473684210526,1323501.2784688994,1150.4352560961001,0
656,551.4048884165782,551.4048884165782,1169354.445696068,1081.366933883253,0,9410,575.7311004784689,1325883.8363636364,1151.4702933048843,0
657,541.8320935175345,541.8320935175345,1153311.562805526,1073.9234436427607,0,9410,566.4765550239234,1311884.3732057416,1145.3752106649338,0
658,540.165568544102,540.165568544102,1145713.158554729,1070.3799131872427,0,9410,565.0401913875598,1303787.3732057416,1141.835090197241,0
659,536.0011689691818,536.0011689691818,1129736.3537725823,1062.8905652853366,0,9410,560.0430622009569,1284693.4153110047,1133.4431680993118,0
660,538.171307120085,538.171307120085,1140049.197024442,1067.7308635721092,0,9410,561.6028708133971,1294812.8870813397,1137.8984520076208,0
661,538.4605738575983,538.4605738575983,1135145.7804463336,1065.4322035898547,0,9410,563.111004784689,1291844.6248803828,1136.5934298949571,0
662,543.0098831030818,543.0098831030818,1145196.5221041446,1070.13855276041,0,9410,566.599043062201,1298384.2755980862,1139.466662784869,0
663,538.880340063762,538.880340063762,1141093.912646121,1068.2199739033722,0,9410,562.8038277511962,1296169.190430622,1138.4942645576314,0
664,539.534962805526,539.534962805526,1143791.3755579172,1069.4818257258592,0,9410,564.644976076555,1297793.1866028707,1139.207262355218,0
665,541.1584484590861,541.1584484590861,1145697.5333687565,1070.3726142651242,0,9410,566.1291866028708,1304815.0210526315,1142.2849999245511,0
666,544.2743889479277,544.2743889479277,1155677.978533475,1075.024640895954,0,9410,567.9712918660288,1309145.3263157895,1144.1788873754792,0
667,540.6833156216791,540.6833156216791,1147508.3502656748,1071.2181618445773,0,9410,564.4296650717704,1298508.4373205742,1139.5211438672711,0
668,554.39564293305,554.39564293305,1182965.2464399575,1087.64205805033,0,9410,580.0248803827751,1342856.038277512,1158.8166542976123,0
669,540.4797024442083,540.4797024442083,1143652.824229543,1069.4170487838423,0,9410,564.8918660287081,1299161.3703349282,1139.807602332485,0
670,543.7833156216791,543.7833156216791,1152629.5654622742,1073.6058706351573,0,9410,568.4631578947368,1310869.4602870813,1144.9320767133224,0
671,553.1567481402762,553.1567481402762,1185695.945908608,1088.8966644767575,0,9410,579.2966507177033,1347963.7923444975,1161.0184289426666,0
672,546.6938363443146,546.6938363443146,1156435.3769394262,1075.3768534515825,0,9410,570.3129186602871,1312488.3301435406,1145.638830584727,0
673,544.5534537725823,544.5534537725823,1154113.944314559,1074.296953507064,0,9410,570.7492822966507,1311699.6086124403,1145.2945510271322,0
674,544.6984059511159,544.6984059511159,1157336.1007438896,1075.7955664269534,0,9410,569.7751196172248,1316115.038277512,1147.220570891889,0
675,539.0594048884166,539.0594048884166,1135276.6719447395,1065.4936282985175,0,9410,563.1703349282296,1291274.8449760766,1136.342749779342,0
676,543.6111583421891,543.6111583421891,1147269.5182784272,1071.1066792240758,0,9410,567.044019138756,1302429.310047847,1141.2402508007885,0
677,544.967481402763,544.967481402763,1149524.9056323061,1072.1589927022512,0,9410,568.4114832535885,1305367.0966507178,1142.5266284208512,0
678,544.872688629118,544.872688629118,1156542.0660998938,1075.4264577830945,0,9410,569.822009569378,1312939.1598086124,1145.8355727627818,0
679,548.0586609989373,548.0586609989373,1165688.162805526,1079.6703954473912,0,9410,573.0641148325359,1321807.5885167464,1149.6989121142747,0
680,543.1663124335813,543.1663124335813,1146715.7246546228,1070.8481333291957,0,9410,566.4334928229665,1299855.1837320575,1140.1119171958767,0
681,539.7633368756642,539.7633368756642,1138217.918703507,1066.8729627765,0,9410,564.0095693779904,1293515.1789473684,1137.3280876454992,0
682,546.2334750265675,546.2334750265675,1167725.4151965994,1080.613443927383,0,9410,571.3722488038278,1326937.9980861244,1151.9279483049816,0
683,552.8096705632306,552.8096705632306,1177672.527417641,1085.2062142365573,0,9410,577.9071770334929,1334794.5157894737,1155.3330756926653,0
684,542.2658873538788,542.2658873538788,1155399.0142401701,1074.8948852051396,0,9410,567.311961722488,1312155.3980861243,1145.4935172606279,0
685,538.9953241232731,538.9953241232731,1138612.3232731137,1067.0577881600948,0,9410,562.5598086124402,1292051.3540669857,1136.6843687088274,0
686,542.278958554729,542.278958554729,1144618.6608926675,1069.8685250500023,0,9410,566.6143540669857,1301065.670813397,1140.6426569322214,0
687,541.3370882040383,541.3370882040383,1149035.072901169,1071.930535483139,0,9410,566.5866028708134,1306935.828708134,1143.2129411042083,0
688,541.7848034006377,541.7848034006377,1149157.778639745,1071.9877698181751,0,9410,566.4229665071771,1306216.8133971293,1142.8984265441654,0
689,541.3195536663125,541.3195536663125,1146975.9123273115,1070.969613167111,0,9410,566.2200956937799,1305250.3215311004,1142.4755233838055,0
690,538.8970244420829,538.8970244420829,1142434.3303931986,1068.84719693378,0,9410,562.6076555023924,1296601.9722488038,1138.6843163268754,0
691,543.2004250797024,543.2004250797024,1147990.7060573858,1071.443281773415,0,9410,567.3531100478469,1301486.8,1140.827243713964,0
692,536.6720510095643,536.6720510095643,1134317.8110520723,1065.043572372545,0,9410,560.5511961722488,1289191.529186603,1135.4257039483487,0
693,544.8339001062699,544.8339001062699,1152687.2764080765,1073.632747455142,0,9410,568.8736842105263,1309698.3607655503,1144.4205349282886,0
694,544.0940488841658,544.0940488841658,1169482.1306057386,1081.425970931778,0,9410,567.9617224880383,1326875.6344497607,1151.9008787433754,0
695,545.5280552603613,545.5280552603613,1150926.553134963,1072.8124501211585,0,9410,569.4526315789474,1306564.4325358851,1143.0504943071785,0
696,539.2785334750266,539.2785334750266,1135732.7144527098,1065.7076120834972,0,9410,563.3339712918661,1290739.8794258374,1136.1073362256918,0
697,543.5225292242295,543.5225292242295,1148762.2475026567,1071.8032690296557,0,9410,568.0028708133972,1305291.937799043,1142.493736437554,0
698,544.8950053134963,544.8950053134963,1160230.3281615302,1077.139883284214,0,9410,570.5722488038277,1319064.3827751195,1148.5052819970483,0
699,542.5383634431456,542.5383634431456,1152436.0539851221,1073.5157446377402,0,9410,566.5138755980861,1308206.0162679425,1143.7683402979567,0
700,544.3505844845909,544.3505844845909,1156323.5465462275,1075.3248562858703,0,9410,568.7502392344497,1313023.3990430622,1145.8723310400082,0
701,542.7198724760892,542.7198724760892,1145767.7897980872,1070.4054324404783,0,9410,566.266985645933,1301608.9559808613,1140.8807807921305,0
702,542.5698193411265,542.5698193411265,1144453.0068012753,1069.791104282175,0,9410,566.1617224880383,1297174.2114832536,1138.9355607246855,0
703,537.4849096705632,537.4849096705632,1130469.9448459086,1063.2356017580998,0,9410,561.8,1286923.8842105262,1134.4266764363954,0
704,543.2321997874601,543.2321997874601,1152921.1667375134,1073.7416666673196,0,9410,569.5253588516747,1313658.04784689,1146.1492258196095,0
705,540.7188097768332,540.7188097768332,1143243.1219978747,1069.2254776228795,0,9410,563.9569377990431,1296174.289952153,1138.496504145776,0
706,546.1882040382571,546.1882040382571,1157829.0647183848,1076.0246580438502,0,9410,570.2421052631579,1313476.942583732,1146.070217126216,0
707,543.3865037194474,543.3865037194474,1148864.5994686503,1071.8510155187848,0,9410,567.6028708133971,1302435.4650717704,1141.2429474357205,0
708,549.2022316684378,549.2022316684378,1175326.8766206163,1084.1249358909777,0,9410,574.6057416267943,1335989.0956937799,1155.8499451459,0
709,546.7218916046759,546.7218916046759,1161007.0704569607,1077.5003807224202,0,9410,571.1349282296651,1319686.0516746412,1148.7758927112986,0
710,540.9563230605738,540.9563230605738,1146729.1537725823,1070.8544036294488,0,9410,565.7224880382776,1303426.710047847,1141.677147904716,0
711,538.8856535600426,538.8856535600426,1140600.2303931988,1067.9888718489528,0,9410,564.5808612440192,1301306.085167464,1140.748037547058,0
712,551.7465462274176,551.7465462274176,1181937.6353878852,1087.1695522722687,0,9410,577.4622009569377,1342752.6622009568,1158.7720492836186,0
713,542.2671625929862,542.2671625929862,1147626.0410201913,1071.273093576139,0,9410,568.1942583732058,1307981.675598086,1143.6702652417287,0
714,545.9639744952178,545.9639744952178,1158487.1947927736,1076.3304301155727,0,9410,571.0880382775119,1317405.1148325359,1147.7826949525488,0
715,541.3397449521785,541.3397449521785,1148613.7658873538,1071.7339995947473,0,9410,566.0488038277512,1305826.1846889951,1142.7275198790808,0
716,536.754091392136,536.754091392136,1133660.0019128586,1064.734709640321,0,9410,566.0755980861244,1300856.037320574,1140.550760519046,0
717,547.7013815090329,547.7013815090329,1160822.4240170033,1077.4146945429152,0,9410,572.5301435406699,1317511.119617225,1147.8288720960215,0
718,548.5192348565356,548.5192348565356,1169878.3481402763,1081.6091475853357,0,9410,572.3875598086124,1324385.166507177,1150.8193457303266,0
719,540.7400637619554,540.7400637619554,1144775.8952178534,1069.9420055394842,0,9410,566.244019138756,1305366.6210526316,1142.526420286477,0
720,550.256004250797,550.256004250797,1170877.0279489905,1082.0707130076992,0,9410,574.4248803827751,1327251.8794258374,1152.0641819906725,0
721,547.2506907545164,547.2506907545164,1163888.8483528162,1078.836803391883,0,9410,572.6535885167464,1323868.1138755982,1150.5946783622799,0
722,544.1360255047822,544.1360255047822,1155063.4852284803,1074.7387986057265,0,9410,568.6296650717703,1310454.2200956938,1144.7507239987638,0
723,546.522954303932,546.522954303932,1164534.0517534537,1079.135789302465,0,9410,571.8344497607656,1325003.7559808611,1151.0880748148081,0
724,542.3809776833157,542.3809776833157,1148501.0039319873,1071.6813910542571,0,9410,570.6373205741627,1316737.3014354068,1147.491743515136,0
725,538.1787460148778,538.1787460148778,1134603.5073326249,1065.1776881500216,0,9410,562.5770334928229,1290455.775119617,1135.9822952491897,0
726,545.0272051009564,545.0272051009564,1160734.5789585547,1077.3739271759619,0,9410,569.7732057416268,1317411.8267942583,1147.785618830563,0
727,542.6294367693943,542.6294367693943,1150272.5809776834,1072.5076134823862,0,9410,567.3205741626795,1306647.4200956938,1143.0867946467117,0
728,542.3671625929862,542.3671625929862,1152977.3805526036,1073.7678429495845,0,9410,566.9990430622009,1311349.7014354067,1145.1417822415733,0
729,544.2089266737513,544.2089266737513,1152923.5853347504,1073.742792913997,0,9410,568.0966507177034,1306729.1531100478,1143.1225450974396,0
730,547.0955366631243,547.0955366631243,1157791.394155154,1076.007153394044,0,9410,571.2516746411483,1315061.4488038279,1146.7612867566763,0
731,542.6496280552603,542.6496280552603,1153311.9301806588,1073.923614686193,0,9410,565.8516746411483,1303776.533014354,1141.8303433585718,0
732,538.4167906482465,538.4167906482465,1136948.5725823592,1066.2779058868093,0,9410,561.7521531100479,1289592.3167464114,1135.6021824329202,0
733,543.7869287991498,543.7869287991498,1149690.4679064825,1072.2361996810603,0,9410,565.334928229665,1299387.0822966506,1139.9066112171868,0
734,543.7703506907545,543.7703506907545,1158004.2725823591,1076.1060693920276,0,9410,569.6507177033493,1320231.1799043063,1149.0131330425716,0
735,552.2199787460149,552.2199787460149,1186307.8805526036,1089.1776166230206,0,9410,578.1244019138755,1347539.9980861244,1160.835904891869,0
736,544.0951115834218,544.0951115834218,1154830.3922422954,1074.630351442902,0,9410,567.5186602870814,1309322.913875598,1144.256489549261,0
737,543.7202975557917,543.7202975557917,1150962.4091392136,1072.829161208444,0,9410,568.2162679425837,1306217.4181818182,1142.8986911278787,0
738,540.4307120085016,540.4307120085016,1143131.335706695,1069.1732019213234,0,9410,564.1971291866029,1297223.95215311,1138.9573969877495,0
739,538.643995749203,538.643995749203,1137501.5494155155,1066.5371767620272,0,9410,562.7684210526315,1291481.8516746412,1136.4338307506694,0
740,543.0653560042508,543.0653560042508,1152271.182890542,1073.4389516365345,0,9410,567.2717703349282,1306341.6430622009,1142.9530362452347,0
741,540.2773645058448,540.2773645058448,1140495.6882040382,1067.9399272449916,0,9410,563.8153110047847,1293240.385645933,1137.207274706741,0
742,545.4296493092455,545.4296493092455,1155583.0181721572,1074.9804733911017,0,9410,567.9435406698565,1306233.3444976076,1142.9056586164966,0
743,543.029224229543,543.029224229543,1151726.8094580234,1073.185356524223,0,9410,565.6181818181818,1303975.176076555,1141.917324536481,0
744,541.7384697130713,541.7384697130713,1147846.4889479277,1071.375979265882,0,9410,565.6727272727272,1304154.0822966506,1141.9956577398405,0
745,544.8127523910733,544.8127523910733,1157157.6197662062,1075.7126102106483,0,9410,568.8401913875598,1312786.137799043,1145.7687977070432,0
746,541.4323060573857,541.4323060573857,1148822.747077577,1071.831491922857,0,9410,566.8248803827751,1305471.95215311,1142.5725150523751,0
747,541.6257173219979,541.6257173219979,1143470.9732199789,1069.3320219744562,0,9410,565.709090909091,1297833.4258373205,1139.224923286583,0
748,538.8228480340064,538.8228480340064,1138878.1274176408,1067.1823309152194,0,9410,561.9980861244019,1291056.0229665071,1136.2464622459809,0
749,540.2682252922423,540.2682252922423,1143474.5281615304,1069.3336841984967,0,9410,563.6066985645933,1297330.913875598,1139.004352000289,0
750,542.6877789585548,542.6877789585548,1152278.6335812965,1073.4424221080965,0,9410,566.4880382775119,1310555.3933014355,1144.794913205608,0
751,541.4720510095643,541.4720510095643,1144900.1938363444,1070.0000905777272,0,9410,565.3234449760765,1299727.0325358852,1140.0557146630533,0
752,543.4004250797025,543.4004250797025,1153826.7638682253,1074.16328547769,0,9410,567.3741626794258,1312088.4784688996,1145.4643069379767,0
753,545.9985122210414,545.9985122210414,1160616.755579171,1077.319244968348,0,9410,564.37990430622,1298348.0449760766,1139.450764612529,0
754,538.982784272051,538.982784272051,1137738.2278427205,1066.6481274734983,0,9410,562.9454545454546,1292728.3942583732,1136.982143333119,0
755,551.9764080765143,551.9764080765143,1178759.4624867162,1085.7068952929774,0,9410,578.4306220095693,1341094.042105263,1158.0561480797307,0
756,544.4561105207226,544.4561105207226,1155771.7039319873,1075.0682322215587,0,9410,569.2086124401914,1312854.3416267943,1145.7985606670984,0
757,540.9449521785335,540.9449521785335,1142072.3162592987,1068.6778355796937,0,9410,565.2354066985646,1297113.956937799,1138.9091082864334,0
758,543.6514346439958,543.6514346439958,1156269.0707757703,1075.2995260743726,0,9410,568.7004784688995,1315730.514832536,1147.0529694972836,0
759,545.0817215727949,545.0817215727949,1151493.0162592987,1073.076426103611,0,9410,568.7215311004785,1305769.6248803828,1142.7027718879406,0
760,543.5853347502657,543.5853347502657,1159416.618490967,1076.7620993009398,0,9410,567.976076555024,1316907.1913875598,1147.5657677830757,0
761,540.3704569606801,540.3704569606801,1143743.948565356,1069.459652612176,0,9410,566.1062200956937,1305741.4593301436,1142.6904477285805,0
762,542.1749202975558,542.1749202975558,1154809.501381509,1074.6206313771893,0,9410,566.4813397129186,1311785.9033492822,1145.3322240072014,0
763,544.7369819341127,544.7369819341127,1155400.08575983,1074.895383634998,0,9410,568.934928229665,1310453.1320574163,1144.7502487693184,0
764,540.7708820403826,540.7708820403826,1144503.8095642934,1069.8148482631439,0,9410,566.7081339712919,1303798.7368421052,1141.8400662273614,0
765,542.9530286928799,542.9530286928799,1155026.1506907544,1074.7214293437878,0,9410,568.6899521531101,1311772.875598086,1145.3265366689475,0
766,542.3896918172157,542.3896918172157,1150685.1750265674,1072.6999464093244,0,9410,566.7703349282297,1306021.9416267942,1142.8131700443403,0
767,539.928161530287,539.928161530287,1143233.5693942613,1069.2210105465854,0,9410,561.8813397129187,1294322.176076555,1137.6828099591532,0
768,542.1352816153029,542.1352816153029,1148040.966950053,1071.4667362779178,0,9410,566.6775119617225,1304486.2315789473,1142.1410734138526,0
769,543.5366631243359,543.5366631243359,1150803.148565356,1072.7549340671223,0,9410,567.0287081339712,1305216.0985645934,1142.4605457365228,0
770,547.040170031881,547.040170031881,1161395.0065887354,1077.6803823902221,0,9410,572.9837320574163,1323152.4076555024,1150.2836205282167,0
771,542.0503719447396,542.0503719447396,1149335.1761955367,1072.0705089664284,0,9410,566.733014354067,1306812.4248803828,1143.1589674583247,0
772,541.9188097768332,541.9188097768332,1148386.3162592987,1071.6278814305358,0,9410,566.1416267942584,1304425.1272727272,1142.1143232061872,0
773,544.6681190223167,544.6681190223167,1159600.4566418703,1076.8474621049493,0,9410,568.4038277511962,1314253.7837320573,1146.4090821918926,0
774,548.0917109458023,548.0917109458023,1163037.9233793837,1078.4423597853452,0,9410,570.1531100478469,1316380.4593301436,1147.3362451043477,0
775,545.2959617428268,545.2959617428268,1156183.9482465463,1075.2599445001874,0,9410,571.1598086124402,1318839.4602870813,1148.4073581648113,0
776,546.0751328374071,546.0751328374071,1157831.9565356004,1076.0260017934513,0,9410,569.4114832535885,1309015.6258373205,1144.1222075623393,0
777,543.8991498405951,543.8991498405951,1152201.0904357068,1073.4063025880307,0,9410,569.8909090909091,1313634.4344497607,1146.1389245853927,0
778,545.2018065887354,545.2018065887354,1153166.2683315622,1073.8557949424876,0,9410,569.5693779904307,1310233.0392344499,1144.6541133610842,0
779,544.451115834219,544.451115834219,1157744.158448459,1075.985203638256,0,9410,569.4631578947368,1318365.2966507177,1148.2008955974202,0
780,542.0315621679065,542.0315621679065,1147967.3565356005,1071.4323854241109,0,9410,565.8641148325358,1304163.957894737,1141.999981565121,0
781,546.1061636556855,546.1061636556855,1154512.024548353,1074.4822122996513,0,9410,570.1282296650718,1311550.7866028708,1145.2295781208547,0
782,543.1939426142402,543.1939426142402,1151771.50021254,1073.2061778673005,0,9410,568.8861244019139,1311433.5808612441,1145.1784056911151,0
783,539.5539851222104,539.5539851222104,1140834.5561105206,1068.098570409361,0,9410,562.423923444976,1292370.7301435408,1136.8248458507321,0
784,537.9566418703507,537.9566418703507,1136895.422741764,1066.2529825242057,0,9410,562.2162679425837,1291842.6354066986,1136.5925547031788,0
785,544.2177470775771,544.2177470775771,1159127.111477152,1076.6276568420262,0,9410,569.0516746411483,1318119.8937799043,1148.0940265413387,0
786,540.1327311370882,540.1327311370882,1144427.5216790647,1069.7791929548193,0,9410,563.111961722488,1294472.0344497608,1137.7486692805933,0
787,542.6097768331562,542.6097768331562,1151982.1124335814,1073.3042962895386,0,9410,567.4191387559808,1310919.8497607654,1144.9540819442348,0
788,541.159829968119,541.159829968119,1146679.6306057386,1070.8312801771056,0,9410,565.0038277511961,1302284.9674641148,1141.1770096983705,0
789,553.9993623804463,553.9993623804463,1184614.091392136,1088.3997847262447,0,9410,580.2813397129187,1346497.5406698564,1160.3868064873266,0
790,538.703294367694,538.703294367694,1140723.7521785335,1068.0466994371236,0,9410,562.4497607655502,1295489.8507177033,1138.1958753737001,0
791,539.6077577045696,539.6077577045696,1145294.804144527,1070.1844720161694,0,9410,564.3033492822966,1303369.6698564594,1141.6521667550319,0
792,543.0781083953241,543.0781083953241,1152462.9123273115,1073.5282540889698,0,9410,569.6095693779904,1313422.380861244,1146.046413048461,0
793,545.2679064824655,545.2679064824655,1158457.3803400637,1076.3165799801022,0,9410,569.6373205741627,1314464.8105263158,1146.501116670331,0
794,548.047821466525,548.047821466525,1169168.9863974496,1081.2811782313838,0,9410,572.288038277512,1325657.9263157896,1151.372192783806,0
795,541.4481402763018,541.4481402763018,1146496.05685441,1070.7455612116307,0,9410,565.6641148325359,1301761.386602871,1140.9475827586782,0
796,539.2303931987248,539.2303931987248,1143094.405738576,1069.1559314424514,0,9410,564.0181818181818,1298781.2507177033,1139.640842861339,0
797,546.9311370882041,546.9311370882041,1161309.8775770457,1077.6408852567936,0,9410,572.5674641148325,1320539.9454545456,1149.147486380467,0
798,547.2886291179597,547.2886291179597,1160540.0550478215,1077.2836465146129,0,9410,571.1492822966508,1315790.795215311,1147.079245394716,0
799,546.3963868225293,546.3963868225293,1161109.009989373,1077.547683394741,0,9410,569.8267942583732,1317448.5598086123,1147.8016204068595,0
800,546.6470775770457,546.6470775770457,1158915.9981934112,1076.5296086004375,0,9410,571.245933014354,1316810.514832536,1147.5236445636037,0
801,542.6444208289054,542.6444208289054,1148574.9940488841,1071.7159110738648,0,9410,566.4746411483253,1301475.5272727273,1140.8223031097907,0
802,543.9436769394262,543.9436769394262,1149260.8550478215,1072.0358459714962,0,9410,567.9291866028708,1304201.0660287081,1142.0162284436715,0
803,550.0884165781084,550.0884165781084,1166939.6524973433,1080.2498102278673,0,9410,573.9387559808613,1322994.8918660288,1150.215150250608,0
804,549.2528161530287,549.2528161530287,1167139.8772582358,1080.3424814651305,0,9410,573.7655502392345,1323496.3186602872,1150.4331004714213,0
805,541.2608926673752,541.2608926673752,1148348.0738575982,1071.6100381470856,0,9410,565.8765550239234,1306402.862200957,1142.9798170575705,0
806,539.2591923485653,539.2591923485653,1143815.4876726887,1069.4930984689377,0,9410,564.1004784688995,1301212.9081339713,1140.7071964943375,0
807,548.2682252922423,548.2682252922423,1163092.9341126462,1078.4678642002486,0,9410,573.0095693779904,1320490.961722488,1149.1261731082832,0
808,544.9284803400637,544.9284803400637,1160352.6513283742,1077.19666325531,0,9410,570.3875598086124,1319244.4354066986,1148.5836649572807,0
