target_cp,original_eval,fitted_eval
-571.000000,-730.000000,-3335.789583
-534.000000,-724.000000,-3645.200232
-16.000000,129.000000,-182.594381
-414.000000,-492.000000,-383.891121
-22.000000,-409.000000,282.708522
-4.000000,-110.000000,168.221372
22.000000,-154.000000,-389.566234
137.000000,353.000000,-110.207614
11.000000,343.000000,-77.852133
-61.000000,-511.000000,140.949321
-41.000000,451.000000,-583.977163
-106.000000,303.000000,-471.184368
-8.000000,-358.000000,-79.046292
-72.000000,-338.000000,-377.516485
-216.000000,-353.000000,598.934960
49.000000,87.000000,395.876935
-197.000000,-430.000000,-714.235533
-492.000000,-50.000000,-432.989781
-749.000000,-26.000000,-1042.376021
65.000000,251.000000,491.164839
-33.000000,-531.000000,51.450993
-17.000000,-523.000000,388.339017
-286.000000,-69.000000,-2490.849291
-289.000000,-2.000000,-2248.741528
5.000000,-125.000000,-579.183428
111.000000,-329.000000,301.438381
85.000000,-27.000000,-604.973615
-8.000000,-204.000000,-1356.528429
15.000000,-370.000000,-454.985351
35.000000,-83.000000,-96.397897
34.000000,-86.000000,-134.572917
32.000000,-347.000000,295.212797
95.000000,7.000000,-404.561687
19.000000,-292.000000,256.266749
-7.000000,98.000000,56.852609
142.000000,-35.000000,1351.404546
27.000000,129.000000,343.537164
119.000000,191.000000,66.008222
0.000000,-55.000000,-47.688191
24.000000,431.000000,473.870742
65.000000,251.000000,491.164839
107.000000,215.000000,-323.421665
-91.000000,-555.000000,541.661766
33.000000,-108.000000,784.970362
15.000000,-29.000000,368.897631
-78.000000,-294.000000,307.172551
-89.000000,-511.000000,321.349045
-176.000000,-758.000000,-1227.226126
-280.000000,-663.000000,-1344.623497
286.000000,-484.000000,2283.910717
155.000000,-439.000000,-64.862879
-49.000000,-502.000000,110.902020
542.000000,503.000000,4890.879495
599.000000,562.000000,4853.344469
-9.000000,-199.000000,209.559800
165.000000,179.000000,-161.054600
235.000000,101.000000,-137.210026
59.000000,15.000000,-196.644542
-73.000000,-746.000000,-224.978340
54.000000,-221.000000,1117.594569
87.000000,-21.000000,890.693649
35.000000,-313.000000,1026.322387
0.000000,-446.000000,-641.674116
-1.000000,-484.000000,-457.591234
-36.000000,-58.000000,-179.115938
-55.000000,267.000000,866.392776
-435.000000,-109.000000,-3309.773916
-485.000000,26.000000,-2920.630672
19.000000,-158.000000,-490.135308
24.000000,93.000000,-287.284089
10.000000,-184.000000,-146.728342
39.000000,-379.000000,-306.306447
16.000000,-237.000000,136.171368
-96.000000,-594.000000,801.729119
364.000000,-364.000000,-93.568926
-126.000000,-549.000000,-56.981874
103.000000,472.000000,-31.704200
344.000000,-288.000000,20.981241
18.000000,-642.000000,107.535516
43.000000,-545.000000,101.999202
95.000000,-301.000000,428.006894
201.000000,-7.000000,28.137456
-290.000000,-374.000000,141.484246
20.000000,-7.000000,1169.770849
590.000000,685.000000,2769.221612
164.000000,-334.000000,630.069562
383.000000,-403.000000,4059.258672
44.000000,-201.000000,225.496039
42.000000,-267.000000,207.201093
-531.000000,-543.000000,-4522.654143
-352.000000,-109.000000,-974.863946
-14.000000,-519.000000,53.059497
95.000000,-458.000000,1241.217475
0.000000,288.000000,-747.142146
-3.000000,-243.000000,571.282667
32.000000,74.000000,204.194115
-457.000000,-589.000000,-3818.186422
26.000000,-535.000000,-402.319910
34.000000,74.000000,204.194115
33.000000,-237.000000,141.359655
-5.000000,-317.000000,-410.638678
555.000000,-68.000000,1065.444599
-14.000000,-388.000000,577.351237
-1.000000,-110.000000,940.024719
9.000000,-214.000000,-405.942274
-11.000000,182.000000,-1049.164142
-139.000000,75.000000,-1411.519671
-49.000000,-342.000000,-1712.930617
12.000000,-119.000000,226.318517
4.000000,605.000000,149.322186
109.000000,176.000000,227.819606
23.000000,-153.000000,21.948336
22.000000,-508.000000,386.071183
-536.000000,-615.000000,-29.826501
166.000000,-605.000000,120.049410
-13.000000,-190.000000,-71.294875
16.000000,-277.000000,1116.743558
0.000000,-293.000000,-791.727600
-352.000000,-318.000000,-3071.149005
21.000000,-594.000000,335.360377
56.000000,-500.000000,-188.118790
59.000000,-22.000000,387.908530
-326.000000,-528.000000,-2187.001655
-2.000000,51.000000,-21.505111
2.000000,-323.000000,305.344484
38.000000,99.000000,412.539700
-9.000000,-85.000000,73.265199
-220.000000,-657.000000,-1156.817122
65.000000,164.000000,-749.611649
0.000000,27.000000,-112.834249
-4.000000,-475.000000,-2029.254272
-1.000000,-559.000000,-194.869870
422.000000,253.000000,698.895931
99.000000,-8.000000,-110.409069
-10.000000,-157.000000,-478.458597
217.000000,-239.000000,-132.282598
168.000000,-259.000000,-479.834328
3.000000,-268.000000,-466.768987
327.000000,109.000000,1223.767376
89.000000,-500.000000,-487.236199
0.000000,254.000000,37.731040
0.000000,223.000000,-311.747686
0.000000,223.000000,-311.747686
26.000000,-500.000000,-510.839081
15.000000,-373.000000,-134.386186
98.000000,27.000000,-49.302744
5.000000,-683.000000,-208.894549
63.000000,-611.000000,593.407164
330.000000,368.000000,54.738995
39.000000,-345.000000,135.387095
-25.000000,-195.000000,-201.718167
2.000000,254.000000,-1138.023499
0.000000,354.000000,-1882.069203
-155.000000,-315.000000,-246.941285
-3.000000,-476.000000,127.807329
-30.000000,-587.000000,-790.050061
-18.000000,-487.000000,187.427724
-38.000000,-246.000000,-175.616343
69.000000,-310.000000,138.144108
429.000000,22.000000,-258.625059
81.000000,-232.000000,-24.985335
-200.000000,-368.000000,1034.928019
-382.000000,-28.000000,-1405.714398
-309.000000,232.000000,-50.541927
172.000000,-345.000000,-2.635904
273.000000,-591.000000,-407.417007
79.000000,39.000000,170.576667
112.000000,-477.000000,103.341518
63.000000,-269.000000,1411.147153
85.000000,-373.000000,-267.242484
-274.000000,-309.000000,-169.618618
0.000000,12.000000,309.236453
80.000000,94.000000,350.595831
-156.000000,-247.000000,-1636.627114
151.000000,-191.000000,-1048.216060
-411.000000,-409.000000,559.053650
-404.000000,-676.000000,-3621.106738
58.000000,-444.000000,697.482855
26.000000,-209.000000,191.797458
-226.000000,-569.000000,-1063.502721
-427.000000,-563.000000,-2809.617879
-728.000000,-553.000000,-2645.939714
-26.000000,-592.000000,264.012164
-155.000000,-743.000000,308.222309
-16.000000,133.000000,-1190.578360
41.000000,333.000000,-227.361704
-41.000000,-608.000000,159.044615
-27.000000,-414.000000,-905.680470
419.000000,236.000000,-164.902682
155.000000,-610.000000,-126.236625
392.000000,364.000000,-1691.673053
368.000000,397.000000,857.088716
-27.000000,326.000000,404.694179
47.000000,246.000000,-104.058959
28.000000,-245.000000,-164.674470
-39.000000,-643.000000,-210.199123
97.000000,49.000000,684.910454
22.000000,284.000000,-572.464880
-75.000000,-739.000000,-63.501868
93.000000,-200.000000,50.457193
-8.000000,-10.000000,-140.424934
35.000000,-324.000000,-113.809064
-190.000000,-537.000000,-653.759168
-235.000000,-651.000000,36.253379
60.000000,93.000000,614.984650
0.000000,-272.000000,-360.366005
68.000000,241.000000,133.352564
-19.000000,-419.000000,123.216606
23.000000,-497.000000,-480.452118
-476.000000,-99.000000,-2415.071322
7.000000,-17.000000,-180.878920
88.000000,234.000000,-110.781020
233.000000,587.000000,713.616852
90.000000,-588.000000,-334.273730
405.000000,-44.000000,636.763581
-228.000000,-196.000000,-725.321586
-234.000000,-178.000000,-601.626942
-401.000000,-187.000000,573.825916
31.000000,-467.000000,1660.792568
0.000000,-347.000000,1481.802091
0.000000,-399.000000,-191.613458
65.000000,-483.000000,396.814544
10.000000,295.000000,-1081.716144
-30.000000,-259.000000,-20.209296
14.000000,612.000000,-35.750765
-69.000000,-216.000000,532.689595
-29.000000,-228.000000,531.389446
-39.000000,-616.000000,543.391054
9.000000,-408.000000,592.408556
29.000000,-347.000000,295.212797
-3.000000,-393.000000,-791.579172
11.000000,-408.000000,592.408556
155.000000,330.000000,493.948150
12.000000,-408.000000,592.408556
128.000000,-329.000000,301.438381
145.000000,-204.000000,-7.369058
2.000000,-601.000000,629.643451
69.000000,-569.000000,266.787084
-208.000000,-365.000000,-684.478989
46.000000,-28.000000,-439.487751
-23.000000,5.000000,-325.402533
289.000000,363.000000,1594.462001
520.000000,601.000000,2450.472179
-1.000000,-160.000000,9.393618
25.000000,-551.000000,203.852366
48.000000,-412.000000,-35.398574
73.000000,-175.000000,103.886533
-522.000000,-117.000000,-3531.166056
12.000000,-15.000000,-363.127613
20.000000,-185.000000,375.875245
20.000000,-116.000000,-231.649149
63.000000,-22.000000,387.908530
-331.000000,-385.000000,-2945.489939
-410.000000,171.000000,-2584.961185
205.000000,-216.000000,-486.428649
227.000000,15.000000,1033.226192
201.000000,-60.000000,2317.442730
-81.000000,-207.000000,-9.453024
-534.000000,574.000000,59.222170
78.000000,98.000000,406.485004
-15.000000,-155.000000,-199.463378
0.000000,-144.000000,1028.146125
-129.000000,-212.000000,-165.890988
499.000000,426.000000,202.573038
41.000000,8.000000,-295.360528
-553.000000,8.000000,700.339608
310.000000,33.000000,2219.523656
-161.000000,-623.000000,-2895.119644
41.000000,-214.000000,-93.552854
67.000000,-485.000000,650.316397
53.000000,97.000000,628.338274
-604.000000,-710.000000,-6114.071704
-29.000000,-254.000000,268.246759
5.000000,-203.000000,1212.399777
11.000000,-80.000000,-377.147731
-92.000000,-657.000000,-531.340308
-395.000000,-515.000000,-1657.467943
49.000000,-28.000000,-439.487751
-130.000000,-399.000000,-258.505601
58.000000,613.000000,910.145690
-387.000000,112.000000,-427.722691
-392.000000,-183.000000,-667.671637
0.000000,45.000000,-1541.816864
-71.000000,-293.000000,283.308297
-27.000000,-307.000000,-2465.994771
38.000000,-351.000000,-103.075551
-11.000000,-518.000000,-450.130613
-201.000000,-347.000000,-2068.315624
125.000000,-367.000000,109.254794
-53.000000,101.000000,-348.813270
70.000000,-577.000000,471.307868
-421.000000,-308.000000,-2121.409840
-271.000000,-495.000000,-1799.678153
113.000000,368.000000,-332.127282
-240.000000,-209.000000,-1972.724969
0.000000,249.000000,1517.037469
-69.000000,-659.000000,-518.053612
20.000000,283.000000,-813.993987
14.000000,22.000000,-503.277347
-135.000000,-41.000000,900.371157
36.000000,-318.000000,-55.385646
66.000000,-7.000000,920.103217
65.000000,-22.000000,387.908530
28.000000,-73.000000,255.085395
-103.000000,-522.000000,1005.459635
93.000000,-178.000000,-275.186519
132.000000,-120.000000,-566.034396
94.000000,-16.000000,-91.913256
115.000000,-245.000000,52.148318
-156.000000,-644.000000,34.196166
-153.000000,-591.000000,-16.063197
-166.000000,-659.000000,-208.029748
125.000000,-429.000000,-107.257505
356.000000,129.000000,2080.465441
2.000000,219.000000,-329.976000
408.000000,187.000000,969.586019
88.000000,-10.000000,1153.870500
64.000000,-34.000000,449.649714
8.000000,-326.000000,-568.484264
79.000000,-424.000000,-121.103596
113.000000,-456.000000,-129.585516
171.000000,-156.000000,257.069239
-363.000000,-313.000000,-1894.631261
-38.000000,-401.000000,523.662274
-838.000000,-687.000000,-3777.639553
37.000000,-195.000000,168.778458
26.000000,240.000000,67.321005
566.000000,-521.000000,3885.463634
61.000000,251.000000,491.164839
-13.000000,-535.000000,-931.425378
27.000000,-252.000000,-347.635074
24.000000,-593.000000,-82.214077
426.000000,227.000000,-407.850430
429.000000,16.000000,764.085388
102.000000,-431.000000,-424.403176
53.000000,-283.000000,38.335370
88.000000,-24.000000,-194.018274
-647.000000,-555.000000,-6228.561035
24.000000,149.000000,175.037898
17.000000,149.000000,175.037898
-347.000000,373.000000,-2757.144933
11.000000,-383.000000,122.343138
50.000000,-364.000000,-272.091305
62.000000,-265.000000,385.922667
67.000000,-246.000000,-326.440921
103.000000,-568.000000,47.797667
0.000000,38.000000,-1204.677248
379.000000,-294.000000,1918.104791
40.000000,-105.000000,-120.468197
65.000000,-374.000000,-178.091056
9.000000,-480.000000,-287.158698
31.000000,269.000000,1436.012068
63.000000,-22.000000,387.908530
-442.000000,-675.000000,-5618.309479
101.000000,-50.000000,-245.372602
-250.000000,-62.000000,-1388.059859
-343.000000,-482.000000,-140.071362
-337.000000,-61.000000,90.101629
-459.000000,-431.000000,-1214.095165
18.000000,-2.000000,-114.139666
10.000000,165.000000,355.760051
-47.000000,177.000000,-756.604926
319.000000,-488.000000,1330.303849
-15.000000,436.000000,383.917752
-232.000000,-440.000000,-744.773643
-38.000000,-575.000000,527.173243
-37.000000,128.000000,-44.574026
26.000000,153.000000,102.219048
63.000000,-458.000000,-255.224349
-43.000000,-32.000000,-512.544828
-468.000000,-351.000000,-3463.021365
-14.000000,-500.000000,146.577474
-275.000000,-288.000000,294.925100
317.000000,202.000000,1232.703364
-441.000000,-640.000000,-4246.781342
59.000000,-286.000000,163.265528
17.000000,-151.000000,468.265623
12.000000,-204.000000,714.569572
-81.000000,-572.000000,-2206.511913
180.000000,-423.000000,-505.957073
-310.000000,-407.000000,-1927.855097
38.000000,185.000000,-610.489292
65.000000,-349.000000,688.202171
48.000000,-412.000000,-35.398574
71.000000,-211.000000,-112.811209
-1.000000,-216.000000,-196.491893
-15.000000,307.000000,294.310444
-54.000000,98.000000,1701.920644
-13.000000,-331.000000,-378.912422
-742.000000,-126.000000,-702.420800
-936.000000,-88.000000,-853.628367
-589.000000,73.000000,-4993.905343
314.000000,198.000000,553.375969
5.000000,-573.000000,1019.225022
4.000000,-126.000000,-98.988119
-31.000000,-207.000000,2.437385
-171.000000,-661.000000,-288.652039
-349.000000,-426.000000,-809.251114
-70.000000,61.000000,-258.506509
-360.000000,86.000000,-1009.987148
-10.000000,314.000000,-189.312618
-67.000000,-234.000000,-41.846977
-27.000000,-80.000000,156.771692
-17.000000,372.000000,-401.990257
-562.000000,-3.000000,-2447.619104
196.000000,-608.000000,-1077.874005
-10.000000,65.000000,801.274669
65.000000,268.000000,185.857387
80.000000,-60.000000,441.053476
64.000000,74.000000,481.477406
-6.000000,363.000000,-219.804688
-9.000000,203.000000,-2123.390564
60.000000,52.000000,138.935570
76.000000,64.000000,-1038.408021
48.000000,-267.000000,313.996075
-9.000000,150.000000,-74.348824
-33.000000,-172.000000,146.389497
23.000000,-252.000000,-75.245514
71.000000,-247.000000,-1187.486252
4.000000,436.000000,-155.831756
104.000000,-239.000000,-81.217970
-61.000000,-495.000000,-170.263289
-1.000000,-117.000000,289.761440
57.000000,-302.000000,179.909858
572.000000,633.000000,4850.535618
-286.000000,304.000000,-3488.595689
37.000000,-23.000000,-225.712269
239.000000,14.000000,-102.777432
-104.000000,508.000000,606.803605
275.000000,-41.000000,789.871690
499.000000,109.000000,2347.361728
30.000000,-12.000000,-410.657303
-485.000000,78.000000,-3628.424191
-472.000000,-138.000000,-3122.288433
15.000000,-210.000000,319.295527
36.000000,-135.000000,-76.949848
-23.000000,-63.000000,-462.704270
58.000000,-324.000000,-181.457478
53.000000,-168.000000,168.317058
-20.000000,9.000000,-144.809515
-32.000000,79.000000,48.819345
-33.000000,-176.000000,11.995571
-116.000000,38.000000,-189.978470
-144.000000,165.000000,-308.165415
404.000000,143.000000,1231.699860
-27.000000,30.000000,-69.387643
-445.000000,187.000000,-1689.081062
-43.000000,-179.000000,-3471.793936
6.000000,-615.000000,-308.743589
273.000000,398.000000,1120.999994
111.000000,658.000000,-1397.448441
130.000000,662.000000,-746.941553
147.000000,288.000000,-135.993998
35.000000,-187.000000,121.812588
-10.000000,430.000000,77.790968
-434.000000,23.000000,482.576517
20.000000,-87.000000,452.795910
-31.000000,-430.000000,867.403312
21.000000,-386.000000,-211.168235
136.000000,-87.000000,521.180831
206.000000,-189.000000,354.144821
-423.000000,-307.000000,-2939.649179
-455.000000,294.000000,-3654.155819
137.000000,-30.000000,206.236277
-63.000000,-400.000000,308.708934
253.000000,230.000000,729.821106
60.000000,-292.000000,27.822286
390.000000,103.000000,1969.655978
-24.000000,-574.000000,-359.335706
-2.000000,17.000000,-1298.576872
10.000000,-594.000000,335.360377
66.000000,31.000000,-373.262737
22.000000,52.000000,396.311060
-28.000000,123.000000,-604.510512
-158.000000,-213.000000,-864.020606
-620.000000,11.000000,-1237.611115
-808.000000,-706.000000,-14447.254207
-130.000000,7.000000,918.027078
12.000000,-82.000000,-525.780162
63.000000,332.000000,90.647913
101.000000,-62.000000,142.231996
31.000000,-28.000000,-418.027886
-120.000000,-211.000000,301.901668
44.000000,-205.000000,389.290041
26.000000,-234.000000,49.385779
-49.000000,-176.000000,-989.969086
-432.000000,-432.000000,-1669.782650
-56.000000,-168.000000,111.466846
67.000000,314.000000,89.729455
11.000000,-324.000000,743.175247
57.000000,-435.000000,465.227937
207.000000,305.000000,633.443027
29.000000,185.000000,954.404883
34.000000,-27.000000,573.733496
69.000000,-153.000000,-711.170906
-16.000000,-406.000000,-449.262016
-18.000000,-337.000000,149.037411
-1.000000,461.000000,-161.377733
-220.000000,203.000000,807.141331
44.000000,-127.000000,-118.735167
12.000000,-33.000000,-260.332442
-553.000000,-633.000000,-4259.936257
-570.000000,-761.000000,-4909.988958
81.000000,-198.000000,432.609783
0.000000,367.000000,-87.131214
0.000000,111.000000,468.769570
-40.000000,233.000000,-100.122197
28.000000,-305.000000,-376.785384
-367.000000,-737.000000,-2319.972615
-468.000000,-760.000000,-2513.396849
92.000000,-204.000000,203.725809
123.000000,-311.000000,-119.677982
51.000000,8.000000,104.227924
84.000000,85.000000,165.638181
45.000000,-83.000000,-91.691534
49.000000,8.000000,104.227924
154.000000,89.000000,124.495552
289.000000,73.000000,-1077.201320
44.000000,422.000000,1167.322267
253.000000,197.000000,735.602545
60.000000,-698.000000,-555.840517
-46.000000,60.000000,-28.801601
4.000000,385.000000,-297.640231
18.000000,-135.000000,-82.819337
31.000000,-286.000000,578.165236
-40.000000,-35.000000,578.688423
44.000000,-138.000000,317.640922
49.000000,-115.000000,-67.060987
2.000000,-281.000000,14.312356
-586.000000,-341.000000,-1351.211906
110.000000,-48.000000,348.953537
456.000000,-558.000000,-297.183717
0.000000,-221.000000,392.237542
0.000000,-439.000000,-359.511928
1.000000,-590.000000,39.476816
-1.000000,39.000000,-28.310945
-736.000000,-614.000000,-9667.288805
-4.000000,-312.000000,-423.914094
80.000000,-212.000000,304.984160
-52.000000,-478.000000,-364.002724
-53.000000,-574.000000,-684.439078
16.000000,303.000000,197.094165
538.000000,390.000000,5000.071907
0.000000,-186.000000,-743.618470
-740.000000,-702.000000,-5975.432345
-196.000000,-307.000000,-486.930620
16.000000,-212.000000,-145.185918
16.000000,-216.000000,-71.410929
9.000000,-328.000000,-831.046238
-74.000000,-351.000000,-814.530152
-120.000000,-171.000000,-312.697206
159.000000,37.000000,-262.097836
200.000000,-505.000000,1244.037693
-30.000000,69.000000,-446.307013
-84.000000,-463.000000,-1858.461506
-41.000000,186.000000,-18.194516
22.000000,-135.000000,-82.819337
408.000000,-155.000000,1402.797845
261.000000,79.000000,140.612634
1.000000,-543.000000,-898.054565
33.000000,-558.000000,-812.525983
-50.000000,-367.000000,342.056507
-185.000000,45.000000,-449.041859
6.000000,150.000000,233.199278
17.000000,128.000000,1583.307840
93.000000,3.000000,512.949976
29.000000,495.000000,702.571481
-78.000000,251.000000,2655.465677
14.000000,-187.000000,-259.884957
27.000000,-243.000000,-116.769277
200.000000,48.000000,789.809951
-114.000000,200.000000,-305.958231
-91.000000,179.000000,-1036.883916
19.000000,-207.000000,223.631675
343.000000,9.000000,1551.807357
363.000000,90.000000,1262.239853
170.000000,-35.000000,218.236025
75.000000,-88.000000,307.507482
71.000000,77.000000,-90.751623
-10.000000,330.000000,-670.930303
9.000000,-594.000000,335.360377
39.000000,-216.000000,-32.956170
20.000000,-165.000000,-102.829588
22.000000,-458.000000,741.449499
65.000000,-123.000000,1647.667713
270.000000,-37.000000,1001.988333
150.000000,-283.000000,534.969086
491.000000,-87.000000,3532.392543
-26.000000,-576.000000,-143.286740
24.000000,-409.000000,378.262939
76.000000,-198.000000,432.609783
-23.000000,128.000000,-498.642528
48.000000,21.000000,159.269822
34.000000,-2.000000,-139.121460
-143.000000,-366.000000,233.586589
-23.000000,-327.000000,-231.302098
48.000000,-306.000000,193.603426
40.000000,-209.000000,-105.507887
64.000000,70.000000,344.560667
21.000000,171.000000,428.793565
47.000000,249.000000,52.485341
0.000000,-494.000000,279.957212
53.000000,62.000000,-115.844394
48.000000,-455.000000,-255.252958
-21.000000,27.000000,-542.406964
108.000000,-286.000000,160.290417
52.000000,216.000000,-205.868300
83.000000,-4.000000,34.804016
55.000000,-277.000000,-185.251249
-75.000000,-488.000000,-636.014105
46.000000,-277.000000,-185.251249
42.000000,480.000000,-72.625214
13.000000,298.000000,-566.853835
57.000000,77.000000,214.807419
296.000000,108.000000,70.246956
45.000000,-277.000000,-185.251249
11.000000,95.000000,-97.637855
30.000000,-125.000000,-56.223952
-49.000000,-321.000000,-227.991404
-17.000000,-199.000000,226.767387
550.000000,-238.000000,-1662.894928
112.000000,-409.000000,-537.800686
-70.000000,-66.000000,515.209887
-227.000000,61.000000,-334.744587
54.000000,-132.000000,195.703453
28.000000,146.000000,-253.597072
56.000000,-147.000000,77.197392
-37.000000,-504.000000,-46.615153
11.000000,2.000000,-141.781988
27.000000,285.000000,2041.759442
700.000000,708.000000,7196.995965
-18.000000,-122.000000,-108.123885
90.000000,197.000000,-190.485734
496.000000,146.000000,1434.329028
792.000000,384.000000,1415.392889
89.000000,-227.000000,-328.814286
106.000000,-273.000000,339.421900
-23.000000,-440.000000,-599.621025
429.000000,-9.000000,-1107.262047
-122.000000,-426.000000,-830.540204
87.000000,-135.000000,216.130871
69.000000,-183.000000,-332.638259
-66.000000,67.000000,-656.094700
-48.000000,248.000000,-282.388417
-82.000000,97.000000,438.550464
-241.000000,124.000000,-163.113078
97.000000,-39.000000,-404.847675
72.000000,-199.000000,-763.632212
73.000000,-152.000000,-17.422372
370.000000,-359.000000,379.189025
-13.000000,432.000000,-304.370094
498.000000,329.000000,1897.522320
70.000000,-403.000000,953.827342
-42.000000,-125.000000,96.563903
14.000000,223.000000,-320.515241
68.000000,-414.000000,895.563550
55.000000,-380.000000,198.088207
67.000000,14.000000,-57.209558
-40.000000,-296.000000,-246.890831
50.000000,190.000000,88.517585
47.000000,245.000000,-158.362105
-44.000000,77.000000,-138.124277
218.000000,-322.000000,367.459251
192.000000,-353.000000,1083.033659
-255.000000,-554.000000,-262.026528
28.000000,-266.000000,118.335349
-42.000000,-111.000000,124.903276
-77.000000,-195.000000,145.527036
-74.000000,120.000000,-740.691919
39.000000,177.000000,-1006.199646
-42.000000,92.000000,-727.549159
-922.000000,-799.000000,-14489.327173
95.000000,-498.000000,19.410448
45.000000,249.000000,84.836237
-9.000000,-263.000000,-112.513001
-162.000000,-613.000000,932.282176
-293.000000,-563.000000,417.361575
593.000000,-239.000000,1705.685520
656.000000,42.000000,1613.723660
36.000000,-412.000000,-35.398574
36.000000,-271.000000,129.898707
32.000000,74.000000,204.194115
128.000000,-200.000000,324.478999
24.000000,463.000000,-140.563444
13.000000,-281.000000,14.312356
301.000000,-493.000000,3541.519050
346.000000,-346.000000,1723.013284
366.000000,-516.000000,1969.955641
-333.000000,289.000000,-823.963676
48.000000,-273.000000,-80.859774
515.000000,-444.000000,1585.242621
-28.000000,63.000000,-122.413157
-64.000000,-368.000000,-461.715085
-249.000000,165.000000,-2785.251394
567.000000,478.000000,1780.290350
1.000000,252.000000,-437.050907
-450.000000,-216.000000,-1133.050648
22.000000,-343.000000,47.872766
30.000000,-348.000000,-383.491937
-77.000000,-288.000000,-274.314872
-328.000000,-374.000000,-1264.908582
98.000000,333.000000,342.337194
3.000000,4.000000,420.266214
-16.000000,71.000000,312.204258
112.000000,-466.000000,834.285208
224.000000,149.000000,1626.147306
159.000000,455.000000,-324.442847
77.000000,49.000000,462.894651
134.000000,-113.000000,397.134615
-70.000000,-78.000000,-361.225969
119.000000,-363.000000,291.331775
81.000000,-328.000000,-69.747309
237.000000,680.000000,2261.434783
70.000000,-371.000000,171.911312
43.000000,207.000000,-425.716726
268.000000,-65.000000,442.817409
48.000000,-115.000000,419.043335
226.000000,139.000000,476.703430
503.000000,-244.000000,-688.102706
514.000000,-208.000000,-772.357245
-386.000000,-432.000000,-1002.795226
96.000000,-115.000000,-257.451146
311.000000,544.000000,1069.677785
124.000000,-327.000000,693.710852
-550.000000,-430.000000,-4652.737606
-57.000000,-116.000000,1288.787300
45.000000,-421.000000,242.368830
-192.000000,219.000000,-117.423535
53.000000,-4.000000,147.295515
-107.000000,367.000000,-178.987266
-104.000000,-242.000000,-472.750672
428.000000,-51.000000,-198.466747
-3.000000,-186.000000,-72.621317
213.000000,266.000000,149.231120
-2.000000,143.000000,104.365340
-37.000000,32.000000,10.969826
-802.000000,-574.000000,-10538.790043
25.000000,74.000000,108.759848
436.000000,187.000000,1740.904504
30.000000,-273.000000,572.298269
-11.000000,197.000000,-914.082529
-308.000000,-193.000000,-858.193419
-275.000000,-108.000000,-433.402562
461.000000,-185.000000,1685.348994
-739.000000,-574.000000,-12061.875842
43.000000,258.000000,-40.965247
58.000000,154.000000,-234.830917
223.000000,-406.000000,167.953112
-806.000000,-702.000000,-204.047819
114.000000,-121.000000,87.737791
353.000000,2.000000,682.959471
-254.000000,-136.000000,-1415.214774
-243.000000,-428.000000,-1738.299483
55.000000,-363.000000,-10.092481
268.000000,-46.000000,855.494941
30.000000,205.000000,122.409887
-447.000000,-441.000000,-1206.645066
15.000000,-155.000000,-116.262709
-180.000000,353.000000,-3053.469310
-195.000000,488.000000,-2925.387873
-26.000000,-373.000000,207.463541
-49.000000,-346.000000,242.497761
48.000000,452.000000,577.017503
74.000000,-367.000000,300.548367
-440.000000,-90.000000,648.192262
34.000000,39.000000,311.997984
130.000000,-89.000000,273.033941
83.000000,-129.000000,301.843631
40.000000,-122.000000,230.226128
-456.000000,-299.000000,-2412.563065
-33.000000,-80.000000,491.589826
-14.000000,-599.000000,99.268890
268.000000,-129.000000,31.532394
7.000000,251.000000,-472.495351
109.000000,67.000000,982.334179
235.000000,-186.000000,521.166421
309.000000,-429.000000,-302.558644
156.000000,203.000000,266.083597
-129.000000,102.000000,517.595353
-338.000000,-519.000000,2097.073741
-351.000000,-575.000000,63.913023
-324.000000,-585.000000,-651.295059
75.000000,-59.000000,616.176317
272.000000,-74.000000,-2093.574541
-24.000000,-219.000000,-665.846486
0.000000,-320.000000,-110.542976
-37.000000,390.000000,-160.425846
-59.000000,390.000000,-140.881995
-141.000000,-35.000000,-1009.995100
-268.000000,-318.000000,224.906873
-312.000000,-92.000000,-167.271049
-515.000000,-560.000000,-6723.533135
109.000000,59.000000,1637.171211
127.000000,144.000000,-17.539474
76.000000,-383.000000,32.328905
-421.000000,-658.000000,-59.230989
-178.000000,-259.000000,-470.093448
70.000000,-374.000000,44.628770
212.000000,-286.000000,1175.396872
91.000000,347.000000,-774.419401
-41.000000,-98.000000,-419.988634
-430.000000,-380.000000,-6028.635640
50.000000,112.000000,-470.481264
15.000000,570.000000,77.386534
-352.000000,-21.000000,-330.572985
-509.000000,-372.000000,-1585.831951
513.000000,498.000000,3821.137091
43.000000,-29.000000,34.676920
113.000000,148.000000,-137.691061
115.000000,-329.000000,301.438381
146.000000,-204.000000,-7.369058
80.000000,-528.000000,166.109267
37.000000,-89.000000,-244.112824
-304.000000,-507.000000,-171.070213
-305.000000,-289.000000,-870.913602
-274.000000,-136.000000,-1765.717713
205.000000,-611.000000,-1299.740798
209.000000,307.000000,-947.086498
0.000000,-94.000000,286.230219
16.000000,-56.000000,179.482858
101.000000,-157.000000,-80.100996
-61.000000,96.000000,555.609002
-336.000000,-232.000000,-376.995804
-599.000000,-296.000000,1047.959996
183.000000,-449.000000,1086.860591
40.000000,-216.000000,18.191693
323.000000,106.000000,1606.420550
53.000000,-87.000000,-184.071468
46.000000,21.000000,183.740259
113.000000,-102.000000,-909.229719
-165.000000,-645.000000,-802.039828
-149.000000,-594.000000,-1338.007423
-111.000000,-387.000000,-921.052707
1.000000,-126.000000,-98.988119
-469.000000,-522.000000,-3279.276968
121.000000,-374.000000,-491.611394
42.000000,-3.000000,-498.496898
-2.000000,377.000000,-37.088001
-32.000000,-331.000000,0.307312
-9.000000,-38.000000,142.451369
-45.000000,-307.000000,109.266146
-51.000000,-186.000000,162.419204
266.000000,417.000000,323.065611
260.000000,519.000000,843.067843
213.000000,602.000000,621.748284
151.000000,-242.000000,551.937680
-205.000000,-704.000000,-1040.031292
49.000000,-88.000000,254.748131
-66.000000,-82.000000,399.913209
28.000000,-351.000000,-103.075551
44.000000,-138.000000,343.309018
-503.000000,-724.000000,-1964.501435
19.000000,-121.000000,-392.247770
28.000000,305.000000,-24.115875
42.000000,318.000000,230.895764
-32.000000,9.000000,-374.700860
-23.000000,129.000000,-467.267834
329.000000,105.000000,1704.571213
21.000000,39.000000,75.809565
-37.000000,397.000000,-2064.340156
-17.000000,126.000000,325.743767
-297.000000,-606.000000,-3607.666847
62.000000,-249.000000,-539.775550
44.000000,-380.000000,941.591270
11.000000,-353.000000,1.828140
-11.000000,213.000000,-3985.599589
180.000000,12.000000,13.146045
-14.000000,-254.000000,-1476.539604
-11.000000,-254.000000,-1476.539604
-41.000000,137.000000,187.744391
452.000000,-622.000000,1062.507081
-12.000000,352.000000,-956.278250
37.000000,-209.000000,116.209291
0.000000,-652.000000,-482.095282
-41.000000,-124.000000,56.044049
41.000000,-555.000000,13.223071
-13.000000,-490.000000,-1514.829684
42.000000,213.000000,-68.231109
-194.000000,-271.000000,469.926206
56.000000,-152.000000,-441.177343
123.000000,-329.000000,301.438381
146.000000,-204.000000,-7.369058
-58.000000,-187.000000,-1093.825906
-303.000000,-257.000000,-1218.697197
-50.000000,-659.000000,153.210237
-27.000000,440.000000,-2049.260338
-175.000000,172.000000,-729.106218
-417.000000,249.000000,-2764.983242
653.000000,277.000000,2538.864452
-41.000000,274.000000,-86.417101
0.000000,-558.000000,2534.637046
12.000000,-144.000000,119.428865
3.000000,-162.000000,177.390001
-774.000000,-766.000000,-9019.956434
-849.000000,-768.000000,-10693.111965
-58.000000,-389.000000,573.861014
-404.000000,-318.000000,-2128.128824
-72.000000,-440.000000,-592.577431
358.000000,550.000000,1505.846647
-7.000000,-515.000000,-400.603501
121.000000,-328.000000,90.532185
103.000000,-510.000000,118.363951
-658.000000,-687.000000,-7118.337298
-871.000000,-778.000000,-11658.840498
77.000000,39.000000,170.576667
134.000000,-302.000000,359.201238
398.000000,-319.000000,2525.027269
-350.000000,401.000000,-452.763013
9.000000,82.000000,615.047385
229.000000,-499.000000,206.813209
90.000000,323.000000,408.704339
-22.000000,-337.000000,149.037411
-50.000000,-344.000000,292.359066
-33.000000,216.000000,37.862527
-165.000000,239.000000,-1046.082206
30.000000,-532.000000,643.260405
-383.000000,-588.000000,-362.791288
-18.000000,-321.000000,622.334520
-1.000000,-88.000000,671.973973
-63.000000,-229.000000,216.722147
-533.000000,-623.000000,-6135.968450
-232.000000,-650.000000,-284.034667
-282.000000,-631.000000,-815.722203
-37.000000,237.000000,-3407.248797
101.000000,-307.000000,288.864579
11.000000,-627.000000,-187.066121
2.000000,237.000000,-933.824328
66.000000,335.000000,-1189.544974
0.000000,30.000000,-648.823967
14.000000,-416.000000,1081.023794
78.000000,-558.000000,-31.594521
89.000000,-689.000000,-441.914450
687.000000,569.000000,7518.261287
27.000000,193.000000,-706.867653
121.000000,561.000000,351.652224
50.000000,241.000000,-105.812236
1.000000,39.000000,-347.928389
12.000000,-206.000000,149.126944
16.000000,-79.000000,-410.531996
21.000000,229.000000,59.212339
-92.000000,-413.000000,432.390684
91.000000,-244.000000,1747.075715
20.000000,227.000000,-11.895169
-34.000000,-51.000000,237.435166
34.000000,-353.000000,211.506643
-386.000000,-20.000000,586.613665
-9.000000,-139.000000,98.784012
-120.000000,-363.000000,-168.713077
511.000000,214.000000,4371.671147
0.000000,-186.000000,67.303302
26.000000,250.000000,-131.717509
18.000000,72.000000,-41.993735
-32.000000,-141.000000,-690.928625
-108.000000,266.000000,724.133251
-1.000000,-446.000000,3080.680423
75.000000,-288.000000,-724.207922
129.000000,-247.000000,628.746805
-29.000000,-293.000000,163.042566
34.000000,-133.000000,-601.298606
-440.000000,-233.000000,-5588.247424
-386.000000,-500.000000,-4726.262034
30.000000,-9.000000,-677.093018
-22.000000,-325.000000,-86.631582
29.000000,141.000000,856.085652
88.000000,419.000000,-47.820281
-155.000000,189.000000,224.275177
138.000000,-78.000000,-504.324937
109.000000,11.000000,-160.466885
211.000000,-596.000000,-619.977710
162.000000,-567.000000,226.369452
114.000000,632.000000,260.374230
150.000000,30.000000,-530.352529
123.000000,-499.000000,168.204500
-29.000000,-330.000000,864.513205
-15.000000,218.000000,1057.131907
-14.000000,440.000000,-140.131050
-38.000000,86.000000,-269.449791
49.000000,-1.000000,-55.829601
145.000000,-29.000000,394.044284
99.000000,-361.000000,44.888452
257.000000,-604.000000,-65.165939
-58.000000,-406.000000,-1347.976159
16.000000,-222.000000,-89.763028
0.000000,314.000000,-1876.725677
-476.000000,-258.000000,-430.504399
-536.000000,-316.000000,56.866259
56.000000,-280.000000,-18.868444
180.000000,-286.000000,1322.130774
-70.000000,79.000000,-2490.058640
27.000000,-482.000000,251.922900
-36.000000,-425.000000,73.769356
-76.000000,-105.000000,-275.982787
332.000000,360.000000,1352.899848
-52.000000,-174.000000,-176.352593
-770.000000,-595.000000,-4175.749551
-392.000000,-565.000000,-1290.335654
-392.000000,-561.000000,-2035.318247
-407.000000,-475.000000,-1473.170889
-312.000000,-572.000000,-2369.499716
-340.000000,55.000000,-499.973825
23.000000,-175.000000,-426.609735
-23.000000,-76.000000,741.881894
24.000000,-222.000000,440.957803
-26.000000,-96.000000,-52.556012
-21.000000,133.000000,-936.596357
-445.000000,-403.000000,-2619.077282
-419.000000,-240.000000,-1677.401765
-412.000000,-430.000000,-1283.166867
-370.000000,-572.000000,-2562.745705
-18.000000,25.000000,-165.184464
33.000000,-167.000000,-156.099826
104.000000,-84.000000,992.885025
73.000000,-614.000000,180.841919
48.000000,216.000000,-205.868300
199.000000,-446.000000,650.995022
184.000000,-449.000000,2550.879781
15.000000,-298.000000,24.632040
-19.000000,-142.000000,-612.125937
48.000000,-20.000000,-250.596300
160.000000,-138.000000,35.030457
90.000000,65.000000,-212.660880
-465.000000,-713.000000,-1564.213729
-247.000000,-578.000000,-1304.690659
-2.000000,-67.000000,80.855708
410.000000,301.000000,2631.564124
-174.000000,-567.000000,-776.263849
-12.000000,283.000000,-601.309366
75.000000,-188.000000,177.401348
71.000000,-162.000000,-20.949016
-2.000000,-605.000000,1581.545067
-70.000000,-243.000000,-15.575161
31.000000,39.000000,23.050840
389.000000,-143.000000,775.464953
-31.000000,-548.000000,-198.822040
77.000000,-463.000000,-740.889503
37.000000,236.000000,-458.369402
-4.000000,30.000000,-209.995612
-75.000000,-384.000000,-282.193256
107.000000,316.000000,-158.936926
-254.000000,-33.000000,-234.367230
-8.000000,-329.000000,363.163699
-31.000000,50.000000,-65.361648
-26.000000,-1.000000,-207.651367
-13.000000,1.000000,175.470365
0.000000,601.000000,-660.480038
127.000000,-571.000000,-243.056673
-191.000000,304.000000,-209.590265
-26.000000,-33.000000,-1555.144973
162.000000,-118.000000,894.616849
135.000000,-381.000000,2110.176211
147.000000,-381.000000,2110.176211
50.000000,216.000000,-205.868300
130.000000,-455.000000,661.626667
36.000000,-192.000000,138.742554
-32.000000,113.000000,-46.185109
-9.000000,-235.000000,131.404615
16.000000,22.000000,-240.829705
81.000000,-44.000000,-488.502416
-158.000000,-575.000000,-993.939999
22.000000,-374.000000,-997.448248
16.000000,-564.000000,-1556.665543
15.000000,44.000000,122.504739
20.000000,-141.000000,33.137637
346.000000,-317.000000,1402.411551
221.000000,53.000000,-254.927099
282.000000,-259.000000,580.931350
41.000000,-98.000000,290.429154
-138.000000,-354.000000,50.995555
-122.000000,-547.000000,-12.180936
-141.000000,-530.000000,108.319828
-52.000000,427.000000,-1142.533992
-180.000000,176.000000,-871.681687
470.000000,422.000000,2882.662515
-387.000000,-200.000000,-1931.473826
283.000000,337.000000,-113.293284
172.000000,120.000000,474.872316
232.000000,354.000000,1421.675130
140.000000,362.000000,1757.547997
211.000000,306.000000,2224.544859
57.000000,152.000000,-28.697170
57.000000,-38.000000,203.747867
62.000000,-367.000000,-135.027911
379.000000,83.000000,1200.227368
39.000000,-271.000000,129.898707
-54.000000,448.000000,-745.085384
-34.000000,-197.000000,-2946.464291
108.000000,-622.000000,485.743464
-45.000000,-498.000000,-53.178469
-39.000000,25.000000,-166.925718
107.000000,-218.000000,-75.999928
50.000000,8.000000,104.227924
67.000000,-673.000000,-153.430185
-40.000000,-608.000000,-1666.983204
295.000000,-141.000000,2315.900139
508.000000,-40.000000,2022.958373
-31.000000,-94.000000,-1640.537430
-492.000000,580.000000,-889.639120
-409.000000,472.000000,754.338790
-422.000000,82.000000,-2675.683502
120.000000,250.000000,1604.361299
33.000000,88.000000,1443.260856
96.000000,-54.000000,1957.385800
-15.000000,-433.000000,-1283.855872
61.000000,-222.000000,259.792012
-160.000000,378.000000,-254.179067
-15.000000,-141.000000,-51.054986
129.000000,156.000000,-511.248524
-113.000000,-559.000000,1086.145438
-86.000000,-414.000000,1168.199265
62.000000,-8.000000,72.961461
-192.000000,-409.000000,-565.406878
-704.000000,-591.000000,-3183.181587
-20.000000,144.000000,-469.714487
232.000000,-402.000000,2092.538155
224.000000,-66.000000,-116.589826
-12.000000,-152.000000,3.082552
-490.000000,107.000000,-2196.388448
238.000000,-460.000000,1971.214155
-178.000000,237.000000,-143.536656
-2.000000,19.000000,-119.726024
-310.000000,-548.000000,-1035.530540
-63.000000,-363.000000,-1528.806212
68.000000,154.000000,729.394192
60.000000,-66.000000,-1743.332151
-258.000000,151.000000,-960.969578
71.000000,-428.000000,157.045114
459.000000,381.000000,200.846898
-573.000000,-629.000000,-3824.070741
45.000000,-57.000000,-26.186222
15.000000,150.000000,375.958146
8.000000,-38.000000,107.503221
-61.000000,-548.000000,742.381522
0.000000,-274.000000,458.779366
-522.000000,-662.000000,-930.222387
54.000000,216.000000,-205.868300
11.000000,289.000000,-127.442530
-313.000000,-4.000000,-2600.262972
-26.000000,605.000000,-763.082721
26.000000,403.000000,-945.409278
257.000000,290.000000,907.292437
-27.000000,-288.000000,-252.799757
409.000000,513.000000,4062.143496
347.000000,457.000000,5652.855625
154.000000,109.000000,372.652809
119.000000,-79.000000,542.501984
-611.000000,-338.000000,-4260.550727
-602.000000,-420.000000,-3964.110096
-58.000000,-95.000000,-654.314671
78.000000,72.000000,-373.484179
7.000000,-111.000000,-67.258729
-8.000000,219.000000,56.264384
-429.000000,-75.000000,-5579.223324
-272.000000,-181.000000,225.788295
-210.000000,-216.000000,355.107932
-377.000000,-288.000000,-2281.506827
33.000000,-23.000000,-225.712269
30.000000,-266.000000,118.335349
-495.000000,355.000000,-6049.703128
-447.000000,-207.000000,-6773.656891
-506.000000,-335.000000,-6538.230185
86.000000,329.000000,652.406212
108.000000,-11.000000,384.183699
176.000000,589.000000,777.752999
89.000000,-281.000000,294.087931
120.000000,-11.000000,384.183699
68.000000,11.000000,52.057013
92.000000,-44.000000,396.539550
329.000000,437.000000,2022.417748
24.000000,-455.000000,213.063417
3.000000,-78.000000,616.332148
-24.000000,27.000000,-112.834249
-428.000000,-252.000000,-417.945780
-408.000000,-97.000000,-2209.908848
78.000000,-226.000000,40.703707
-135.000000,-442.000000,-1036.905230
-239.000000,-435.000000,-3092.280938
105.000000,-237.000000,933.010506
50.000000,-416.000000,340.478312
-34.000000,191.000000,-1.980975
0.000000,393.000000,-127.074722
82.000000,539.000000,1971.811437
45.000000,-118.000000,-144.563360
-117.000000,-610.000000,-758.700182
-95.000000,-316.000000,926.900377
-19.000000,-273.000000,194.653047
-738.000000,-47.000000,-5933.144395
318.000000,-231.000000,3136.252976
-26.000000,67.000000,-317.360977
77.000000,-255.000000,248.944098
113.000000,-229.000000,293.768692
36.000000,-364.000000,-554.990082
-68.000000,-313.000000,-87.861629
-21.000000,133.000000,-77.595659
259.000000,184.000000,2816.652594
488.000000,188.000000,2608.725944
12.000000,323.000000,-211.055434
451.000000,638.000000,4063.223664
-507.000000,551.000000,-634.085709
-643.000000,394.000000,-100.459683
-562.000000,204.000000,-1235.131502
-1.000000,-304.000000,523.546865
3.000000,61.000000,185.073158
44.000000,35.000000,308.848253
109.000000,-172.000000,-256.603339
12.000000,-594.000000,335.360377
156.000000,-329.000000,378.951184
22.000000,229.000000,-138.746392
11.000000,-23.000000,-174.958762
13.000000,-435.000000,225.528608
-88.000000,-228.000000,-1421.875690
137.000000,-343.000000,597.616614
-19.000000,-122.000000,655.032968
33.000000,-88.000000,-226.576420
-267.000000,-637.000000,-91.238510
-482.000000,259.000000,-2446.832705
-231.000000,399.000000,-2755.133706
51.000000,21.000000,159.269822
309.000000,319.000000,2229.831006
-70.000000,-698.000000,674.667514
-146.000000,-640.000000,1501.428298
-4.000000,-543.000000,-1490.196888
117.000000,-653.000000,242.442535
5.000000,-80.000000,73.717605
15.000000,28.000000,1111.621884
-10.000000,-262.000000,208.541014
-607.000000,-649.000000,-5774.776574
186.000000,150.000000,-534.456074
-53.000000,312.000000,539.679219
-50.000000,-242.000000,-433.888272
40.000000,-345.000000,135.387095
8.000000,-172.000000,-27.841949
3.000000,-245.000000,-109.028880
-503.000000,414.000000,795.938266
-34.000000,-358.000000,-361.135249
-31.000000,-102.000000,1005.214957
85.000000,47.000000,155.530622
78.000000,-61.000000,-352.206107
-363.000000,-482.000000,-1438.541838
35.000000,-412.000000,-35.398574
28.000000,-238.000000,292.039345
293.000000,166.000000,-390.003242
192.000000,379.000000,426.344456
348.000000,-61.000000,2903.037870
80.000000,-266.000000,92.258525
55.000000,133.000000,-4.345073
91.000000,-165.000000,-43.205689
81.000000,294.000000,33.480874
79.000000,253.000000,67.315267
182.000000,33.000000,70.783932
81.000000,-381.000000,289.910870
62.000000,-347.000000,32.096208
37.000000,351.000000,433.821796
35.000000,-76.000000,129.787332
29.000000,-499.000000,-851.882980
243.000000,-132.000000,245.594570
22.000000,-448.000000,466.046885
-290.000000,-338.000000,-322.670507
0.000000,14.000000,-111.078976
36.000000,-260.000000,-63.332803
-40.000000,291.000000,246.143561
-81.000000,-199.000000,-326.212946
72.000000,311.000000,-764.763974
22.000000,-571.000000,813.078829
-144.000000,-549.000000,-704.087101
-30.000000,-454.000000,-1893.446994
339.000000,177.000000,1656.710143
49.000000,-337.000000,596.269002
100.000000,-174.000000,-245.925088
46.000000,-307.000000,-293.194238
50.000000,-435.000000,205.612717
37.000000,173.000000,263.796071
0.000000,-83.000000,281.499726
-477.000000,115.000000,-2744.122161
56.000000,-25.000000,200.761083
45.000000,-406.000000,628.650853
15.000000,14.000000,-111.078976
34.000000,-157.000000,580.385592
-76.000000,-59.000000,-139.554280
-220.000000,-635.000000,-135.695965
14.000000,-575.000000,369.428567
115.000000,408.000000,769.396521
-171.000000,442.000000,25.242193
-199.000000,446.000000,210.503565
-8.000000,389.000000,1094.599887
-9.000000,359.000000,1640.322451
-4.000000,277.000000,1263.004398
-11.000000,338.000000,766.969134
-71.000000,554.000000,-527.260819
-307.000000,-205.000000,680.200927
96.000000,300.000000,-289.287905
-795.000000,-696.000000,-7185.805618
-117.000000,-502.000000,-396.524546
67.000000,-351.000000,318.381056
59.000000,-63.000000,-609.141538
159.000000,-334.000000,630.069562
-40.000000,-97.000000,-223.593871
-44.000000,-4.000000,-385.484265
-784.000000,-388.000000,-90.367393
22.000000,-10.000000,311.214615
39.000000,-152.000000,678.052640
160.000000,-334.000000,630.069562
32.000000,-298.000000,58.705643
-444.000000,129.000000,-2582.625363
76.000000,410.000000,-195.492925
-53.000000,63.000000,-622.753176
-1.000000,-294.000000,-25.459926
-119.000000,-306.000000,-390.879898
-200.000000,-218.000000,-726.199339
-246.000000,-693.000000,-410.713847
23.000000,35.000000,-32.927916
-22.000000,660.000000,-121.621723
-57.000000,186.000000,-592.491782
49.000000,-15.000000,3220.965026
22.000000,180.000000,-753.968348
-30.000000,-323.000000,2604.704529
1.000000,-276.000000,2866.340933
-31.000000,280.000000,-59.012412
20.000000,489.000000,-2027.093504
119.000000,144.000000,-17.539474
-41.000000,-437.000000,-157.210263
-116.000000,-301.000000,-584.599749
129.000000,-706.000000,-1085.646130
-52.000000,-700.000000,-1025.985715
447.000000,430.000000,3504.242670
15.000000,-192.000000,63.499394
-393.000000,115.000000,-83.109844
-525.000000,229.000000,-785.219178
200.000000,133.000000,-258.571849
-235.000000,-322.000000,-1154.190791
35.000000,98.000000,351.498747
427.000000,118.000000,-566.553622
496.000000,99.000000,4230.620935
512.000000,100.000000,3726.501092
-407.000000,251.000000,-986.514741
76.000000,-243.000000,42.218041
120.000000,144.000000,324.242889
-18.000000,59.000000,-769.595436
29.000000,280.000000,332.561626
-35.000000,-454.000000,-301.059240
407.000000,394.000000,3876.568081
0.000000,-224.000000,49.372437
-14.000000,90.000000,381.762727
251.000000,67.000000,-47.266206
454.000000,699.000000,2492.315144
53.000000,-69.000000,167.367687
-351.000000,109.000000,-1081.246245
-83.000000,-163.000000,-838.641798
83.000000,-115.000000,234.731835
0.000000,293.000000,2008.770612
-49.000000,-390.000000,127.048552
19.000000,321.000000,1349.011919
-11.000000,400.000000,-458.723611
-6.000000,147.000000,139.467951
54.000000,-249.000000,188.107084
-78.000000,-111.000000,449.684596
-45.000000,-613.000000,528.102157
-22.000000,9.000000,-517.690880
0.000000,382.000000,-1107.593058
-189.000000,-384.000000,-389.211699
-69.000000,-14.000000,131.319822
-372.000000,-3.000000,-1622.763642
-198.000000,71.000000,-44.045612
-380.000000,-273.000000,-4774.995136
9.000000,109.000000,-76.279411
-54.000000,233.000000,126.637527
-32.000000,-196.000000,569.670722
150.000000,-70.000000,239.286975
85.000000,-276.000000,-92.161111
0.000000,-463.000000,404.845228
37.000000,51.000000,-172.837092
385.000000,45.000000,1621.120974
-6.000000,85.000000,26.572354
34.000000,639.000000,-61.259821
367.000000,-234.000000,1400.607894
296.000000,-225.000000,1725.056428
284.000000,-363.000000,1313.503953
405.000000,-167.000000,1197.667304
-40.000000,-696.000000,-148.394921
454.000000,103.000000,-1468.354573
59.000000,-324.000000,-227.095060
-30.000000,-170.000000,173.171002
5.000000,-226.000000,-270.786403
-45.000000,-633.000000,340.637226
-395.000000,-590.000000,-1775.634885
21.000000,-266.000000,118.335349
2.000000,-242.000000,380.756494
-473.000000,366.000000,-1386.534583
106.000000,-338.000000,-135.149306
-148.000000,460.000000,-423.839436
-89.000000,508.000000,-694.476036
0.000000,-138.000000,989.155273
-20.000000,130.000000,483.443693
127.000000,136.000000,601.419799
0.000000,-406.000000,2549.646452
-454.000000,-112.000000,-2501.255500
78.000000,437.000000,-134.533368
12.000000,218.000000,-1781.805360
-13.000000,-490.000000,499.275401
15.000000,110.000000,-1498.276850
-265.000000,-553.000000,-2266.538942
65.000000,339.000000,-152.674370
73.000000,285.000000,12.953271
41.000000,-279.000000,402.966536
-638.000000,-709.000000,-7082.750351
20.000000,55.000000,523.262700
-24.000000,156.000000,1556.789364
11.000000,-682.000000,-4578.731219
2.000000,-202.000000,902.926433
-34.000000,-84.000000,-939.738150
657.000000,348.000000,904.724265
-365.000000,-116.000000,-1244.705950
-402.000000,-342.000000,-1227.062735
-404.000000,-387.000000,-2041.835174
-117.000000,-506.000000,44.120972
-95.000000,-287.000000,-186.166667
-18.000000,-102.000000,-707.898236
20.000000,240.000000,67.321005
399.000000,322.000000,1896.584525
-624.000000,147.000000,-1990.879677
-881.000000,-773.000000,-10348.088915
-38.000000,-399.000000,18.057420
-40.000000,122.000000,-3064.399498
-23.000000,308.000000,-1676.236173
-13.000000,314.000000,-47.021425
0.000000,182.000000,921.949550
-130.000000,70.000000,-2151.228729
-26.000000,91.000000,-94.741370
126.000000,-225.000000,427.308864
-15.000000,-408.000000,592.408556
-62.000000,183.000000,-1920.865081
-408.000000,-176.000000,-2038.095385
34.000000,-457.000000,-56.088409
15.000000,-192.000000,63.499394
30.000000,-271.000000,129.898707
26.000000,-227.000000,73.875049
120.000000,27.000000,452.291914
-1.000000,78.000000,78.097419
237.000000,-359.000000,47.418175
100.000000,276.000000,-17.205221
26.000000,323.000000,720.590084
7.000000,-416.000000,-363.134070
-21.000000,-367.000000,-547.038443
-127.000000,-543.000000,-608.094839
16.000000,46.000000,-69.515156
-1016.000000,-755.000000,-14336.324121
252.000000,-170.000000,-181.008321
-356.000000,335.000000,-375.273630
-460.000000,45.000000,-188.661165
-400.000000,-475.000000,-5095.119510
259.000000,68.000000,1146.309475
21.000000,-384.000000,85.979974
2.000000,-73.000000,-443.419461
427.000000,120.000000,3130.961349
-405.000000,-351.000000,-3324.827230
17.000000,84.000000,804.556329
401.000000,-106.000000,587.191182
935.000000,-47.000000,1600.624807
71.000000,117.000000,331.824682
25.000000,-192.000000,86.169856
102.000000,117.000000,150.068474
-34.000000,-513.000000,-756.506009
-71.000000,-560.000000,-493.230539
-17.000000,-332.000000,706.008711
0.000000,167.000000,552.410574
22.000000,-114.000000,151.612196
-23.000000,-239.000000,565.733219
-70.000000,110.000000,-1720.359171
-95.000000,-302.000000,-599.147505
-87.000000,-523.000000,-844.330437
0.000000,363.000000,-1544.107169
188.000000,308.000000,288.309793
31.000000,-512.000000,-94.243344
-75.000000,-453.000000,453.198423
-690.000000,-95.000000,-367.483135
-76.000000,-384.000000,-374.030766
-494.000000,-550.000000,-3093.771687
-557.000000,-158.000000,-3873.332361
519.000000,720.000000,1871.384454
773.000000,585.000000,3391.583755
195.000000,15.000000,1250.800830
170.000000,282.000000,551.465893
56.000000,-250.000000,-201.961543
30.000000,-569.000000,128.136864
402.000000,228.000000,-784.512579
-691.000000,-256.000000,-6727.414514
-835.000000,-761.000000,-14155.692152
-6.000000,25.000000,27.251513
-13.000000,-409.000000,67.433760
-48.000000,165.000000,784.920097
-507.000000,-147.000000,-2412.245346
-273.000000,-717.000000,-1385.695651
25.000000,-384.000000,85.979974
582.000000,217.000000,1452.497125
-53.000000,-527.000000,1202.402405
29.000000,-345.000000,135.387095
30.000000,96.000000,-213.188157
-10.000000,318.000000,-39.215549
0.000000,-62.000000,236.403358
-12.000000,-391.000000,544.715724
25.000000,-269.000000,-261.318614
0.000000,320.000000,402.771683
0.000000,-287.000000,95.225796
-81.000000,-421.000000,339.533773
22.000000,-506.000000,-898.950693
80.000000,-441.000000,-742.938191
5.000000,-241.000000,-1172.073489
-170.000000,-419.000000,-1890.034353
92.000000,-17.000000,468.079624
-663.000000,-734.000000,-3874.818243
81.000000,-28.000000,-378.737704
62.000000,-687.000000,65.102522
56.000000,-616.000000,-183.719729
72.000000,-347.000000,-573.593602
0.000000,-99.000000,-332.362788
-24.000000,65.000000,-1179.244298
29.000000,-149.000000,155.578013
3.000000,323.000000,-86.161653
72.000000,418.000000,-104.735726
70.000000,446.000000,1336.269881
439.000000,181.000000,-990.322414
597.000000,238.000000,2208.993086
-115.000000,228.000000,355.713011
491.000000,532.000000,1856.860464
79.000000,-219.000000,444.618179
-19.000000,8.000000,-937.181027
-269.000000,-519.000000,-205.814272
54.000000,-504.000000,187.114519
47.000000,-648.000000,408.448694
-99.000000,-394.000000,-201.102708
0.000000,-81.000000,1676.538884
360.000000,322.000000,1331.558941
-33.000000,173.000000,-463.436486
16.000000,-224.000000,-108.753137
29.000000,-384.000000,85.979974
-20.000000,-640.000000,-94.777885
-142.000000,-636.000000,-33.672363
-253.000000,-515.000000,-551.235502
343.000000,723.000000,2737.764412
45.000000,-101.000000,-9.510072
240.000000,376.000000,-230.029803
0.000000,169.000000,-542.760966
35.000000,-100.000000,190.677055
-6.000000,-348.000000,-176.767458
-83.000000,-524.000000,-516.177132
3.000000,187.000000,1980.877517
-26.000000,-8.000000,43.236016
-199.000000,-469.000000,-607.947164
49.000000,-117.000000,-88.050490
159.000000,221.000000,54.391607
71.000000,-352.000000,-436.829258
83.000000,365.000000,37.718152
-46.000000,49.000000,-2519.567388
504.000000,567.000000,2641.544451
532.000000,595.000000,3197.682412
348.000000,65.000000,-943.073356
136.000000,451.000000,841.389507
-16.000000,27.000000,-542.406964
-77.000000,-98.000000,-2843.388860
-585.000000,-495.000000,-2439.247248
48.000000,-69.000000,167.367687
59.000000,368.000000,-378.622086
-397.000000,-382.000000,-1343.580084
78.000000,-119.000000,-527.195935
-118.000000,-135.000000,425.018177
5.000000,71.000000,-905.549305
37.000000,-5.000000,-616.149251
73.000000,-179.000000,66.022375
-482.000000,-588.000000,-5312.565194
100.000000,-458.000000,329.255001
-287.000000,-115.000000,-1500.952177
-275.000000,-299.000000,-1428.109906
-14.000000,-238.000000,329.586729
-35.000000,-96.000000,334.436186
-126.000000,150.000000,-1696.756135
-20.000000,-448.000000,-342.175389
-28.000000,1.000000,-48.848223
-30.000000,-150.000000,796.785090
-22.000000,-317.000000,-1328.598350
33.000000,334.000000,-17.762001
242.000000,424.000000,2354.598638
0.000000,-172.000000,-2556.742551
38.000000,278.000000,254.737230
-36.000000,-397.000000,-459.487902
-44.000000,224.000000,-271.110306
9.000000,64.000000,-592.072113
-16.000000,-56.000000,-33.345390
28.000000,-430.000000,-335.900605
56.000000,21.000000,159.269822
-453.000000,-497.000000,-4073.709320
-691.000000,-694.000000,-4675.626006
-454.000000,-377.000000,-2191.779450
0.000000,118.000000,-554.487683
-36.000000,-94.000000,-597.232646
105.000000,500.000000,-2079.184748
8.000000,-478.000000,-170.802630
-553.000000,-643.000000,-4209.337726
59.000000,284.000000,327.334286
235.000000,-100.000000,193.517277
-32.000000,-298.000000,-2188.010916
-12.000000,-239.000000,-809.775624
14.000000,-406.000000,94.125451
-18.000000,-220.000000,88.557745
357.000000,-389.000000,2768.307405
62.000000,33.000000,119.586907
16.000000,-124.000000,1333.501346
138.000000,-458.000000,538.091085
4.000000,-477.000000,-31.108974
108.000000,-491.000000,-196.711117
-41.000000,2.000000,-123.681784
-522.000000,129.000000,-3058.716840
-727.000000,-89.000000,-39.516961
-29.000000,86.000000,249.035343
27.000000,-498.000000,-136.825012
3.000000,-571.000000,29.222817
6.000000,-150.000000,198.386317
-74.000000,-408.000000,787.399373
-66.000000,-204.000000,992.566520
-67.000000,-280.000000,-50.423116
287.000000,462.000000,-968.727254
-32.000000,-432.000000,338.893369
-43.000000,-340.000000,-425.975457
31.000000,-82.000000,-489.593410
36.000000,-318.000000,-55.385646
-461.000000,-625.000000,-2976.472333
51.000000,-238.000000,34.527807
75.000000,-328.000000,127.669535
-251.000000,-380.000000,-997.630866
-248.000000,-286.000000,-254.305802
141.000000,564.000000,48.284171
-14.000000,220.000000,-97.744414
186.000000,-215.000000,575.840071
-210.000000,468.000000,-2728.036512
-51.000000,503.000000,-1094.110097
-4.000000,373.000000,-1346.459708
132.000000,-6.000000,-1218.581421
25.000000,-477.000000,-31.108974
-93.000000,-164.000000,-1418.363992
124.000000,-318.000000,289.557596
18.000000,-420.000000,184.043082
47.000000,-445.000000,-16.130467
33.000000,-416.000000,1360.854830
32.000000,-479.000000,-386.924409
-510.000000,-200.000000,-4034.195599
-651.000000,54.000000,-3316.217305
53.000000,232.000000,-244.309311
42.000000,159.000000,-89.561052
359.000000,-253.000000,77.739182
529.000000,65.000000,434.735917
-454.000000,-294.000000,-3908.425690
-334.000000,-585.000000,-1647.762734
-403.000000,-598.000000,-1943.505247
-131.000000,-481.000000,-120.215003
-128.000000,-161.000000,-525.141109
136.000000,-166.000000,151.839480
108.000000,-354.000000,-179.280763
-34.000000,-547.000000,519.667933
470.000000,26.000000,4129.829578
594.000000,-121.000000,1903.026582
0.000000,-281.000000,-1796.089733
247.000000,-269.000000,179.991518
-17.000000,111.000000,-84.113234
-62.000000,-330.000000,60.669681
-107.000000,-537.000000,-508.464761
70.000000,-538.000000,10.075662
61.000000,-211.000000,-112.811209
0.000000,240.000000,-486.155193
68.000000,-97.000000,580.745824
-722.000000,-129.000000,-7724.420262
-5.000000,205.000000,642.654946
70.000000,-175.000000,103.886533
73.000000,-515.000000,-333.816732
102.000000,287.000000,-503.583461
-353.000000,-9.000000,-1886.609987
50.000000,-30.000000,-212.832022
41.000000,-355.000000,261.354568
101.000000,-131.000000,243.527275
-152.000000,9.000000,-2035.020073
46.000000,-203.000000,-85.328938
10.000000,-39.000000,548.704366
-44.000000,136.000000,617.178721
301.000000,381.000000,119.783195
297.000000,230.000000,72.008582
21.000000,-265.000000,-42.063208
-280.000000,362.000000,-1673.072050
76.000000,-275.000000,-2356.931639
211.000000,-291.000000,-2639.262190
27.000000,-257.000000,14.914586
993.000000,319.000000,5601.581168
921.000000,142.000000,4711.964521
877.000000,308.000000,5173.802067
0.000000,-131.000000,91.951811
16.000000,358.000000,-368.839035
180.000000,-475.000000,-524.742510
31.000000,272.000000,373.578053
138.000000,126.000000,413.298600
-48.000000,249.000000,-115.557437
-697.000000,-453.000000,-3899.566582
561.000000,658.000000,3103.218541
65.000000,-182.000000,-381.609478
-99988.000000,-435.000000,-12860.925381
24.000000,216.000000,848.948065
77.000000,-53.000000,231.912760
-402.000000,-615.000000,-6619.091672
129.000000,67.000000,38.698520
94.000000,-22.000000,8.893988
-373.000000,-274.000000,-1934.639063
-13.000000,-87.000000,175.517284
17.000000,213.000000,-692.515519
0.000000,-560.000000,-59.308906
24.000000,-65.000000,288.967454
-29.000000,-105.000000,-257.605259
15.000000,-76.000000,-90.962270
86.000000,-531.000000,-260.767020
-99.000000,-347.000000,-778.266523
-46.000000,-338.000000,802.509730
16.000000,-100.000000,114.815545
29.000000,-271.000000,129.898707
-99995.000000,209.000000,-2484.839859
27.000000,-19.000000,-194.156409
0.000000,-194.000000,26.448364
69.000000,-252.000000,-317.488220
619.000000,135.000000,2444.217189
115.000000,-578.000000,-377.972055
22.000000,-239.000000,136.146943
-553.000000,-422.000000,-2187.586268
64.000000,-463.000000,-179.338606
19.000000,-73.000000,255.085395
-304.000000,-574.000000,116.509667
-111.000000,619.000000,334.084908
167.000000,513.000000,403.446217
-226.000000,231.000000,-1270.237520
-537.000000,-373.000000,-3947.984526
-19.000000,495.000000,613.832137
-271.000000,-451.000000,-2313.628342
-306.000000,-622.000000,-2097.965612
-596.000000,-654.000000,-4364.261599
0.000000,-110.000000,1747.626513
-13.000000,-184.000000,-268.324887
57.000000,304.000000,26.641306
0.000000,-87.000000,-733.280369
76.000000,-102.000000,162.838934
233.000000,-477.000000,428.268276
-97.000000,-540.000000,-1400.309746
363.000000,559.000000,-370.322116
-330.000000,-631.000000,-560.426537
-365.000000,-394.000000,-241.927503
-41.000000,-152.000000,-123.345320
-27.000000,-575.000000,188.623491
528.000000,-216.000000,6261.115142
-195.000000,-441.000000,-194.571482
-289.000000,-625.000000,-131.234408
-389.000000,-751.000000,-2542.048712
205.000000,51.000000,192.923875
-120.000000,-548.000000,-2020.937458
152.000000,267.000000,-238.944531
-110.000000,-520.000000,-786.857219
-128.000000,-742.000000,422.000209
53.000000,-117.000000,-88.050490
23.000000,174.000000,177.392574
23.000000,90.000000,2.367297
622.000000,374.000000,900.638763
68.000000,-606.000000,-195.639948
-605.000000,-399.000000,-3809.470815
-604.000000,-350.000000,-4026.351447
356.000000,510.000000,2847.562904
-161.000000,-147.000000,-554.355395
-238.000000,-152.000000,-810.229475
-259.000000,-4.000000,-3315.294628
78.000000,-590.000000,-409.624193
73.000000,-174.000000,621.133162
131.000000,-145.000000,85.647398
-309.000000,15.000000,-1003.150452
674.000000,472.000000,1970.465210
0.000000,51.000000,1311.030370
303.000000,-276.000000,1544.824972
-311.000000,-173.000000,-2913.412349
70.000000,229.000000,20.549317
77.000000,-25.000000,-771.270211
23.000000,-440.000000,57.235380
35.000000,-109.000000,-287.701792
45.000000,-170.000000,-5.215957
-91.000000,-595.000000,-17.165707
-134.000000,-605.000000,-1.081042
-187.000000,-677.000000,312.737379
-379.000000,-572.000000,-1898.928332
34.000000,59.000000,158.824569
-320.000000,-728.000000,-2677.665056
-184.000000,-541.000000,-493.871874
100.000000,-600.000000,-216.837254
-577.000000,-98.000000,-4376.660398
-80.000000,-232.000000,-435.749184
-24.000000,311.000000,-288.534679
14.000000,274.000000,226.341250
16.000000,-227.000000,-279.733350
83.000000,-342.000000,-280.135886
62.000000,-364.000000,-330.768967
40.000000,-435.000000,-484.749170
121.000000,-220.000000,747.380486
-521.000000,-634.000000,-2064.507221
-168.000000,15.000000,175.755509
360.000000,-325.000000,4289.682529
523.000000,18.000000,4562.571875
160.000000,-542.000000,192.454496
188.000000,435.000000,624.763147
299.000000,-44.000000,938.981335
308.000000,12.000000,1195.205382
-409.000000,-345.000000,-2869.924682
-493.000000,-154.000000,-2297.687659
-3.000000,-487.000000,-2520.309629
551.000000,37.000000,2699.852171
-102.000000,-377.000000,98.475203
95.000000,-20.000000,-341.432954
-22.000000,-249.000000,-180.562683
458.000000,170.000000,2686.417222
26.000000,14.000000,181.742172
39.000000,369.000000,-90.760561
-11.000000,216.000000,-349.110138
82.000000,529.000000,884.474347
28.000000,-22.000000,-124.907422
-559.000000,-751.000000,-2903.101091
47.000000,-433.000000,199.649672
89.000000,-217.000000,412.962171
-10.000000,-135.000000,673.837459
53.000000,-277.000000,-185.251249
45.000000,158.000000,310.837844
-97.000000,251.000000,569.366921
-23.000000,141.000000,-373.770148
54.000000,-516.000000,836.516505
440.000000,68.000000,273.581084
437.000000,113.000000,486.991288
27.000000,228.000000,-568.858114
479.000000,611.000000,-896.240462
753.000000,7.000000,944.532065
84.000000,-217.000000,412.962171
3.000000,-228.000000,-390.454879
-570.000000,-648.000000,-316.905301
438.000000,-33.000000,114.236990
-67.000000,-370.000000,-92.960382
121.000000,-91.000000,-194.316403
67.000000,-293.000000,146.698924
109.000000,196.000000,97.901176
29.000000,291.000000,131.708356
383.000000,-128.000000,2440.934899
10.000000,149.000000,-52.912139
82.000000,-86.000000,-24.533186
-111.000000,-244.000000,90.998806
-383.000000,-714.000000,-3568.011572
-570.000000,-400.000000,-6419.443644
-3.000000,120.000000,706.667134
7.000000,-74.000000,-514.660418
30.000000,-380.000000,334.222277
-391.000000,-299.000000,-2424.393341
202.000000,455.000000,-961.153339
-20.000000,-305.000000,215.463154
-28.000000,-438.000000,-1260.211552
62.000000,-391.000000,-109.696530
-47.000000,192.000000,-26.244625
-58.000000,333.000000,-131.719922
49.000000,-615.000000,-148.607089
43.000000,-138.000000,-56.442966
-80.000000,-338.000000,-595.109241
-328.000000,-205.000000,-480.269443
-438.000000,-694.000000,332.900597
-726.000000,-607.000000,-2175.540117
22.000000,-557.000000,-73.174524
-44.000000,-698.000000,135.539320
31.000000,-477.000000,-31.108974
45.000000,-355.000000,70.388935
557.000000,154.000000,3204.207536
-234.000000,-410.000000,159.988135
67.000000,455.000000,-147.500898
52.000000,264.000000,144.929992
-5.000000,-6.000000,148.210570
233.000000,390.000000,1175.340493
-135.000000,-724.000000,-1743.442178
82.000000,-312.000000,-58.633807
56.000000,-420.000000,551.229535
419.000000,503.000000,821.327611
171.000000,-479.000000,-1493.642792
7.000000,-301.000000,-427.067829
-36.000000,-36.000000,12.803153
-145.000000,-310.000000,-1039.154123
-218.000000,-349.000000,-1675.367970
0.000000,-602.000000,-0.320371
-316.000000,637.000000,-2263.962362
-26.000000,-220.000000,154.187189
-747.000000,-775.000000,-5555.488125
76.000000,-37.000000,439.878762
51.000000,-30.000000,-212.832022
295.000000,-476.000000,-574.670973
29.000000,-446.000000,85.402500
-75.000000,102.000000,1185.678496
60.000000,-449.000000,1086.187819
22.000000,-544.000000,-322.734142
-28.000000,111.000000,-191.520846
-24.000000,150.000000,-291.957863
97.000000,255.000000,235.273530
48.000000,475.000000,-236.724497
-35.000000,307.000000,112.687921
-480.000000,-328.000000,-4785.007440
-143.000000,10.000000,413.830715
40.000000,69.000000,-242.380499
-40.000000,118.000000,-695.180306
-92.000000,-30.000000,1809.111700
33.000000,384.000000,-152.099680
20.000000,220.000000,-1725.038083
-24.000000,-3.000000,-3246.125227
-100.000000,-245.000000,-1069.920398
13.000000,73.000000,52.472825
120.000000,110.000000,394.781206
23.000000,-87.000000,183.008172
-27.000000,-163.000000,-65.644525
22.000000,355.000000,-197.702271
31.000000,82.000000,-331.878734
44.000000,115.000000,-111.121041
-464.000000,-330.000000,-3805.959580
101.000000,14.000000,747.295939
64.000000,-139.000000,223.441305
365.000000,-170.000000,2998.136540
-14.000000,-362.000000,153.022995
63.000000,241.000000,263.209017
63.000000,-608.000000,-321.664905
122.000000,143.000000,-6.417926
134.000000,248.000000,268.435816
-8.000000,424.000000,-193.850865
-273.000000,-261.000000,-1136.929718
318.000000,42.000000,3729.547260
352.000000,432.000000,3049.567395
10.000000,451.000000,-305.601061
148.000000,198.000000,919.818631
16.000000,-228.000000,1588.118236
36.000000,129.000000,652.750847
45.000000,-186.000000,-259.247681
0.000000,-188.000000,-289.696925
43.000000,130.000000,39.076366
33.000000,-213.000000,144.537608
69.000000,-346.000000,217.631955
180.000000,-271.000000,-131.910845
38.000000,-244.000000,725.269247
36.000000,-507.000000,-44.111217
176.000000,228.000000,230.912638
171.000000,4.000000,-640.242123
6.000000,8.000000,985.352363
-12.000000,-148.000000,-313.824636
13.000000,-465.000000,301.089227
-43.000000,-492.000000,136.027312
-17.000000,141.000000,301.268823
477.000000,325.000000,1239.462300
26.000000,-375.000000,-47.799009
28.000000,261.000000,-938.638489
-262.000000,-570.000000,-1576.135801
-190.000000,-656.000000,-879.667632
-400.000000,-722.000000,-2916.161935
-96.000000,551.000000,-1936.461370
-81.000000,584.000000,-1152.075283
-31.000000,574.000000,-1575.615936
-125.000000,-258.000000,-2120.774195
364.000000,20.000000,399.983548
563.000000,13.000000,676.342877
129.000000,142.000000,230.515447
-103.000000,-538.000000,-181.819823
41.000000,269.000000,23.489462
-311.000000,-174.000000,-506.689434
-337.000000,48.000000,19.720309
130.000000,585.000000,-204.090727
-434.000000,-748.000000,-745.448131
320.000000,-583.000000,1425.965811
0.000000,32.000000,770.515574
56.000000,-188.000000,782.956304
-74.000000,-176.000000,-1147.034201
73.000000,53.000000,-118.590987
119.000000,-488.000000,281.824411
26.000000,1.000000,212.469979
506.000000,591.000000,2368.225446
26.000000,231.000000,-176.976924
9.000000,220.000000,-913.775615
66.000000,-320.000000,-118.159278
64.000000,-167.000000,362.230503
52.000000,-118.000000,-325.762866
-385.000000,-53.000000,-2928.814830
-499.000000,329.000000,657.296796
17.000000,143.000000,-769.917741
48.000000,-138.000000,317.640922
211.000000,7.000000,-36.466998
-506.000000,-71.000000,-3070.354128
22.000000,237.000000,-253.693136
-118.000000,464.000000,-537.763067
-299.000000,-288.000000,-3534.352029
5.000000,381.000000,1526.538676
18.000000,397.000000,-305.444877
12.000000,-111.000000,449.181481
26.000000,13.000000,-536.766814
28.000000,-646.000000,-125.691216
-16.000000,-239.000000,-647.152350
-16.000000,-542.000000,-535.623256
-15.000000,-511.000000,-1101.153229
442.000000,694.000000,369.500226
-65.000000,214.000000,-631.857565
-26.000000,5.000000,-399.243236
-194.000000,218.000000,-183.848775
-151.000000,81.000000,-1701.788099
-39.000000,-424.000000,-2050.739953
-23.000000,64.000000,39.416356
-93.000000,-505.000000,270.312316
97.000000,-249.000000,20.098877
-497.000000,-364.000000,-1239.450926
-61.000000,-91.000000,143.434434
227.000000,426.000000,1577.679580
55.000000,-266.000000,-531.079471
-532.000000,-387.000000,-1006.870262
-119.000000,-402.000000,-1142.204607
-18.000000,-242.000000,-311.074555
175.000000,-21.000000,-342.102516
316.000000,47.000000,1426.395583
-81.000000,-263.000000,-780.863792
-170.000000,-247.000000,705.120042
329.000000,-577.000000,180.708567
139.000000,-376.000000,103.116865
21.000000,339.000000,-710.677199
62.000000,-232.000000,-342.883575
72.000000,-101.000000,125.848465
20.000000,30.000000,-209.995612
442.000000,81.000000,2296.609700
132.000000,-58.000000,246.132196
48.000000,17.000000,244.590691
52.000000,-141.000000,727.407617
241.000000,319.000000,921.376905
-15.000000,6.000000,-1150.268735
-254.000000,-311.000000,-35.067475
112.000000,552.000000,1290.057487
443.000000,63.000000,855.401722
-507.000000,-693.000000,-2709.118507
-26.000000,-259.000000,234.692072
-39.000000,-146.000000,-277.391546
23.000000,-299.000000,163.697346
-123.000000,94.000000,-237.834662
-36.000000,-113.000000,-306.765819
481.000000,-426.000000,3625.300656
90.000000,-66.000000,-76.361933
16.000000,-460.000000,-438.852176
421.000000,-422.000000,-11.244075
-26.000000,-162.000000,-593.041406
-46.000000,350.000000,-1645.316558
141.000000,224.000000,520.427571
-27.000000,63.000000,452.041313
59.000000,242.000000,215.554189
-373.000000,-560.000000,-1591.680732
35.000000,162.000000,-87.969457
41.000000,-205.000000,-24.796738
-4.000000,-378.000000,-382.827559
29.000000,-389.000000,-477.672165
-89.000000,-52.000000,-195.867415
-115.000000,-62.000000,888.423000
-256.000000,90.000000,587.081412
-552.000000,-1.000000,-5226.941234
-39.000000,-224.000000,-652.234309
-38.000000,149.000000,-550.900384
45.000000,-355.000000,261.354568
45.000000,-57.000000,-26.186222
33.000000,-439.000000,262.371630
-27.000000,120.000000,-1510.039233
-32.000000,-404.000000,816.041678
-467.000000,-363.000000,-2896.060464
-665.000000,-442.000000,-2392.536230
1.000000,-350.000000,-962.856000
357.000000,-289.000000,545.549349
397.000000,266.000000,2670.647498
55.000000,514.000000,-243.540008
-24.000000,81.000000,-203.568366
-827.000000,-696.000000,-8128.341351
-120.000000,-325.000000,-336.956227
376.000000,630.000000,872.163026
-515.000000,-396.000000,-776.201999
-236.000000,11.000000,-474.646682
-284.000000,540.000000,-2220.407456
80.000000,420.000000,43.963017
25.000000,-266.000000,118.335349
403.000000,-47.000000,563.618725
406.000000,350.000000,-579.001382
-69.000000,-207.000000,-457.092832
10.000000,-148.000000,251.011222
-134.000000,-492.000000,-355.807176
-208.000000,-501.000000,-454.765705
395.000000,-255.000000,456.013952
164.000000,112.000000,-90.365355
104.000000,315.000000,968.332259
236.000000,239.000000,6.467045
133.000000,308.000000,2015.081793
70.000000,-9.000000,457.571846
67.000000,68.000000,278.094146
77.000000,-9.000000,457.571846
131.000000,-84.000000,311.697813
78.000000,420.000000,43.963017
86.000000,-184.000000,-128.983008
63.000000,212.000000,301.146469
177.000000,145.000000,657.078512
342.000000,36.000000,-2146.642527
10.000000,11.000000,615.341455
0.000000,153.000000,206.750310
20.000000,-750.000000,555.164616
253.000000,164.000000,-89.431748
95.000000,-430.000000,-629.235123
459.000000,-18.000000,-618.603685
33.000000,267.000000,-80.549809
88.000000,-598.000000,270.114775
-141.000000,-277.000000,190.388121
101.000000,-342.000000,-306.821327
-47.000000,-363.000000,-314.761947
46.000000,-355.000000,261.354568
-58.000000,-542.000000,-538.405910
22.000000,134.000000,-534.337393
-20.000000,201.000000,-693.081945
-26.000000,338.000000,-516.409768
-458.000000,-506.000000,-4538.007683
0.000000,-268.000000,733.231991
38.000000,-425.000000,-475.392113
-230.000000,-386.000000,-1616.216172
13.000000,358.000000,-368.839035
-27.000000,495.000000,-389.060434
152.000000,-428.000000,-179.786438
122.000000,-474.000000,-121.662727
-15.000000,154.000000,-541.070826
-53.000000,-414.000000,129.962502
396.000000,-12.000000,3386.747869
466.000000,34.000000,1565.024806
499.000000,-290.000000,1547.034413
302.000000,586.000000,-1324.028371
318.000000,76.000000,-700.028802
60.000000,-191.000000,214.552216
31.000000,-328.000000,-142.892258
46.000000,-325.000000,-231.206559
40.000000,-412.000000,-35.398574
25.000000,-87.000000,183.008172
45.000000,-90.000000,50.471900
-36.000000,-641.000000,353.004809
-38.000000,-704.000000,-299.056888
-113.000000,-508.000000,535.033163
-227.000000,-581.000000,-336.971732
-93.000000,-672.000000,-703.284466
328.000000,-72.000000,784.941672
365.000000,-222.000000,927.131337
120.000000,-477.000000,136.241705
-58.000000,-97.000000,-82.348044
307.000000,-121.000000,729.588604
-9.000000,-403.000000,-818.184753
-11.000000,-1.000000,344.978764
92.000000,-489.000000,22.063782
-236.000000,-560.000000,162.322435
-69.000000,23.000000,-302.565185
109.000000,-69.000000,-357.852916
127.000000,-141.000000,247.451232
47.000000,328.000000,1079.939656
46.000000,-199.000000,96.282501
453.000000,-323.000000,1771.964537
1.000000,-122.000000,387.747513
-26.000000,-317.000000,-496.732883
66.000000,99.000000,197.533483
-51.000000,-305.000000,-236.807266
34.000000,-9.000000,-677.093018
30.000000,-139.000000,-22.009272
25.000000,199.000000,-563.422497
400.000000,509.000000,3167.733317
-311.000000,-458.000000,-500.435233
433.000000,-347.000000,-2051.243956
173.000000,241.000000,897.504159
275.000000,110.000000,640.538031
-263.000000,-336.000000,-578.772389
-16.000000,125.000000,-475.692591
35.000000,-358.000000,101.672271
13.000000,-373.000000,-134.386186
29.000000,190.000000,351.396767
40.000000,55.000000,338.968178
52.000000,-355.000000,261.354568
70.000000,-225.000000,92.848861
29.000000,-32.000000,181.539705
-342.000000,-591.000000,-2894.508384
-516.000000,-699.000000,-6122.542085
-292.000000,-706.000000,-2697.996741
14.000000,-292.000000,261.346061
-417.000000,292.000000,-1970.019525
-99998.000000,-214.000000,-1805.974639
5.000000,85.000000,-370.933960
69.000000,-230.000000,74.173057
-13.000000,-125.000000,143.877361
127.000000,-374.000000,-582.366921
43.000000,-355.000000,261.354568
33.000000,432.000000,274.217275
51.000000,-355.000000,261.354568
-340.000000,-354.000000,-303.276132
127.000000,51.000000,418.024672
-51.000000,-667.000000,-401.591203
-3.000000,-475.000000,-631.055448
88.000000,122.000000,-609.131553
32.000000,-195.000000,149.484309
88.000000,500.000000,659.157877
167.000000,475.000000,232.786757
80.000000,-176.000000,-944.517280
133.000000,-64.000000,167.551448
114.000000,312.000000,107.129585
-267.000000,-81.000000,-2598.192789
-66.000000,-41.000000,-102.880550
0.000000,-151.000000,834.464189
-31.000000,-7.000000,-875.258266
88.000000,-374.000000,-326.530059
-13.000000,388.000000,-178.208401
-500.000000,110.000000,-1515.533499
51.000000,-159.000000,102.885259
-451.000000,-531.000000,-1115.609357
83.000000,-328.000000,-69.747309
-38.000000,-314.000000,-502.480725
38.000000,-121.000000,-165.137085
-33.000000,-451.000000,-119.922170
82.000000,-231.000000,234.298802
32.000000,249.000000,1204.056988
-237.000000,524.000000,-1296.500596
34.000000,-308.000000,43.388438
-61.000000,-368.000000,-20.584757
153.000000,-285.000000,-12.961611
79.000000,-3.000000,30.120877
170.000000,628.000000,1146.024584
20.000000,-36.000000,122.520094
75.000000,26.000000,-330.036112
-31.000000,310.000000,1163.874071
-132.000000,-312.000000,27.890784
-42.000000,-509.000000,1027.082232
8.000000,-473.000000,1302.271567
55.000000,-128.000000,165.448095
45.000000,178.000000,-240.332682
-598.000000,-465.000000,-2175.915552
16.000000,25.000000,52.543668
-538.000000,-727.000000,-2698.174226
-677.000000,-556.000000,-5512.878580
181.000000,-518.000000,103.411619
-61.000000,70.000000,302.658170
52.000000,56.000000,-120.417832
415.000000,-58.000000,912.752056
24.000000,-390.000000,6.035747
211.000000,-241.000000,1178.252856
110.000000,-23.000000,620.240147
17.000000,152.000000,-462.664882
-10.000000,490.000000,478.789408
309.000000,505.000000,2306.786727
139.000000,-282.000000,-721.406244
-4.000000,-114.000000,-998.361364
-398.000000,-613.000000,-188.428772
248.000000,-302.000000,-340.352572
19.000000,-168.000000,113.555407
-25.000000,-246.000000,-125.591684
116.000000,111.000000,282.710843
135.000000,201.000000,-5.336482
-309.000000,-389.000000,-1793.758243
98.000000,-290.000000,-38.731311
67.000000,-346.000000,533.877201
178.000000,-447.000000,247.687814
22.000000,132.000000,185.875461
0.000000,-271.000000,1108.482414
-422.000000,-51.000000,-1564.974218
25.000000,269.000000,23.489462
3.000000,-281.000000,14.312356
76.000000,339.000000,-152.674370
-380.000000,-519.000000,-2657.930997
142.000000,602.000000,-658.278387
30.000000,270.000000,-32.398206
-736.000000,-719.000000,-3055.792393
93.000000,-155.000000,425.988426
-1.000000,-367.000000,-38.305667
-73.000000,-104.000000,-1444.437529
-486.000000,-390.000000,-144.212021
-60.000000,-142.000000,-267.970188
-211.000000,-323.000000,-2572.243598
348.000000,79.000000,-46.128630
-49.000000,-68.000000,-694.312028
145.000000,-64.000000,167.551448
76.000000,-190.000000,229.742879
61.000000,-734.000000,17.924444
-159.000000,-374.000000,-540.509132
-52.000000,-86.000000,-187.782076
104.000000,-112.000000,-1404.930121
59.000000,563.000000,-798.912249
434.000000,-394.000000,-1105.505538
-27.000000,-186.000000,-41.812246
-11.000000,383.000000,209.916775
75.000000,3.000000,9.274499
194.000000,-169.000000,458.690960
568.000000,-126.000000,1334.232934
88.000000,-198.000000,432.609783
-133.000000,-564.000000,-3532.018476
301.000000,27.000000,-216.499541
71.000000,-276.000000,-152.815799
-32.000000,-79.000000,92.463472
-9.000000,-498.000000,-936.134321
53.000000,-367.000000,252.166011
194.000000,41.000000,823.686052
313.000000,-458.000000,742.230846
49.000000,454.000000,-264.174613
37.000000,-561.000000,8.872561
26.000000,-265.000000,-19.013801
-236.000000,-421.000000,-2822.978450
-221.000000,-374.000000,-2967.868554
-472.000000,-455.000000,-1594.503706
223.000000,432.000000,1828.627164
669.000000,303.000000,-345.216224
105.000000,-251.000000,452.233667
31.000000,-255.000000,358.020718
354.000000,555.000000,2225.640131
349.000000,360.000000,1244.701704
459.000000,482.000000,1775.930511
31.000000,-266.000000,118.335349
2.000000,-286.000000,702.127048
68.000000,-167.000000,-1112.506817
44.000000,-133.000000,-64.617363
90.000000,5.000000,153.379036
-17.000000,-351.000000,122.041202
-505.000000,-625.000000,-3123.122790
6.000000,120.000000,1528.078500
15.000000,-42.000000,43.987671
6.000000,184.000000,349.496923
97.000000,-606.000000,-628.102913
159.000000,-311.000000,-111.240998
-267.000000,-575.000000,-1205.075601
20.000000,-339.000000,352.789608
31.000000,-412.000000,-535.624156
-75.000000,-500.000000,107.750901
18.000000,-210.000000,-201.549117
-645.000000,-701.000000,-8468.460704
-65.000000,-316.000000,-175.520397
197.000000,132.000000,216.666709
-299.000000,-461.000000,-1966.906115
0.000000,199.000000,-712.178087
58.000000,423.000000,-60.096645
15.000000,-278.000000,32.124413
24.000000,-229.000000,7.241337
89.000000,-37.000000,-103.954312
58.000000,-89.000000,882.344993
49.000000,-603.000000,105.326352
-123.000000,-503.000000,-1074.230883
-28.000000,-26.000000,-308.630436
73.000000,-588.000000,580.649112
43.000000,-601.000000,1243.906261
0.000000,-489.000000,498.725746
4.000000,-634.000000,-1028.440627
-476.000000,-620.000000,-354.175748
48.000000,118.000000,241.073935
-156.000000,-90.000000,-1235.777568
31.000000,-242.000000,521.315140
33.000000,229.000000,59.212339
47.000000,-345.000000,135.387095
24.000000,-136.000000,1132.213215
203.000000,-241.000000,1744.855948
25.000000,-313.000000,417.148216
189.000000,141.000000,1478.803829
213.000000,257.000000,-317.363843
2.000000,182.000000,2016.733673
565.000000,400.000000,2369.566104
87.000000,-107.000000,225.543043
140.000000,47.000000,368.466845
-363.000000,-480.000000,-3612.403833
295.000000,116.000000,1434.980873
8.000000,126.000000,132.433315
-56.000000,57.000000,13.043705
-31.000000,18.000000,576.824526
-43.000000,-98.000000,-107.226686
41.000000,315.000000,1293.182783
375.000000,-114.000000,-171.276697
-486.000000,-403.000000,-1739.763436
-500.000000,-490.000000,-3102.859914
352.000000,90.000000,1406.122652
481.000000,278.000000,2694.153253
124.000000,293.000000,2763.495378
34.000000,-462.000000,398.704692
485.000000,-291.000000,1948.238919
-472.000000,-482.000000,-2340.097211
403.000000,-504.000000,2538.130168
18.000000,-260.000000,15.126151
-135.000000,28.000000,-742.220852
-11.000000,-4.000000,-41.556390
-282.000000,-572.000000,-1903.284934
-248.000000,-570.000000,-1872.423927
14.000000,-193.000000,192.094577
17.000000,230.000000,255.863876
-25.000000,-378.000000,-1645.927094
35.000000,-92.000000,-133.787145
224.000000,522.000000,-782.216403
617.000000,134.000000,6329.221362
634.000000,-49.000000,5540.062658
432.000000,391.000000,3085.003019
-7.000000,-344.000000,-171.973985
-50.000000,111.000000,-1933.509660
-80.000000,38.000000,686.410036
28.000000,-566.000000,399.731824
21.000000,-582.000000,94.508956
49.000000,-587.000000,-339.520920
34.000000,-652.000000,-521.457570
57.000000,40.000000,-88.600978
107.000000,-154.000000,-461.281491
-6.000000,-357.000000,-665.656383
-95.000000,-85.000000,-289.163129
-107.000000,-62.000000,-1248.105182
-93.000000,-21.000000,-1318.039636
-318.000000,-69.000000,-414.752652
-398.000000,-286.000000,-1014.861041
-567.000000,-189.000000,-962.262016
-771.000000,-30.000000,-852.046873
-425.000000,-305.000000,-1481.196231
15.000000,-17.000000,151.666957
0.000000,135.000000,147.662531
35.000000,-355.000000,261.354568
-313.000000,-258.000000,-3877.268645
5.000000,-192.000000,91.167222
0.000000,20.000000,1026.466752
0.000000,-313.000000,1415.499882
0.000000,-367.000000,1397.584888
16.000000,-289.000000,539.536686
-21.000000,-328.000000,1251.080374
-289.000000,-341.000000,-1445.621244
-29.000000,-397.000000,-720.302646
-35.000000,246.000000,735.251751
87.000000,-154.000000,675.393202
115.000000,-369.000000,191.760071
206.000000,-570.000000,1719.092171
77.000000,-554.000000,1093.482883
-30.000000,270.000000,87.093380
521.000000,-406.000000,4891.827066
-118.000000,-77.000000,-47.343117
27.000000,-313.000000,417.148216
0.000000,-569.000000,547.287775
213.000000,-387.000000,-1227.002469
80.000000,-613.000000,-355.288972
20.000000,-266.000000,-950.555634
423.000000,-176.000000,1284.646514
439.000000,-544.000000,2971.090729
15.000000,-252.000000,46.479224
-264.000000,-422.000000,-660.339633
31.000000,-266.000000,118.335349
0.000000,-218.000000,125.334642
-503.000000,-575.000000,-2531.914404
-638.000000,-512.000000,-77.852614
374.000000,451.000000,890.928102
148.000000,-250.000000,238.209590
-19.000000,-170.000000,-984.288239
457.000000,702.000000,-377.071312
492.000000,738.000000,-638.945926
-35.000000,235.000000,504.764791
-4.000000,92.000000,299.852253
53.000000,-272.000000,-6.965955
25.000000,76.000000,109.816249
537.000000,714.000000,3794.869734
889.000000,715.000000,7730.167848
453.000000,398.000000,2476.571487
-146.000000,-538.000000,-99.477198
80.000000,-173.000000,423.205688
277.000000,-228.000000,-20.964700
111.000000,137.000000,724.336578
220.000000,100.000000,765.840625
-33.000000,-322.000000,414.551628
1.000000,370.000000,-39.099912
0.000000,400.000000,-1040.031103
-28.000000,185.000000,225.009116
33.000000,-448.000000,-289.609457
-17.000000,72.000000,-387.904820
-89.000000,312.000000,-744.886905
53.000000,-391.000000,-124.664606
33.000000,307.000000,-520.949202
-304.000000,-263.000000,-1622.474046
-471.000000,-751.000000,-2348.289576
-475.000000,-752.000000,-2319.447921
11.000000,-1.000000,-184.928328
-442.000000,-27.000000,-1910.431190
20.000000,-243.000000,-650.209826
-45.000000,84.000000,132.367519
-94.000000,-109.000000,-2117.928538
104.000000,178.000000,382.398361
-18.000000,-328.000000,-453.642905
176.000000,-391.000000,501.568575
-39.000000,-367.000000,-65.532085
485.000000,449.000000,1647.220334
-168.000000,-176.000000,44.347434
138.000000,-499.000000,932.817395
5.000000,173.000000,612.680573
-94.000000,292.000000,156.948198
0.000000,-168.000000,-390.638543
-174.000000,-354.000000,-618.461072
62.000000,-222.000000,-144.705936
88.000000,138.000000,121.193580
-33.000000,211.000000,-23.790814
-106.000000,255.000000,-347.384357
-279.000000,-293.000000,-1698.387959
49.000000,-96.000000,-360.085577
290.000000,248.000000,935.589968
-16.000000,98.000000,169.579756
0.000000,288.000000,-212.065855
-9.000000,391.000000,636.694954
53.000000,156.000000,-536.737851
-568.000000,-370.000000,-402.901895
119.000000,-23.000000,176.440407
-323.000000,-271.000000,-2021.153729
-328.000000,-651.000000,-1511.547907
-707.000000,-690.000000,-11200.786588
-45.000000,-337.000000,-365.141318
79.000000,-2.000000,523.859651
253.000000,-81.000000,337.806650
367.000000,226.000000,1001.240191
15.000000,-358.000000,-123.757884
370.000000,553.000000,1863.830888
32.000000,-74.000000,23.495869
-19.000000,-150.000000,710.631701
-65.000000,50.000000,-359.003178
-96.000000,-404.000000,-736.383651
-99991.000000,-782.000000,-15283.479284
-18.000000,-383.000000,-435.508738
59.000000,-193.000000,-66.889700
358.000000,-391.000000,-532.049139
-17.000000,-176.000000,-361.665092
-11.000000,-478.000000,-217.470043
-76.000000,-251.000000,-149.451763
19.000000,53.000000,0.723628
41.000000,-11.000000,244.560062
-9.000000,388.000000,-178.208401
0.000000,274.000000,116.260727
0.000000,-279.000000,858.113306
112.000000,12.000000,325.633542
152.000000,-159.000000,224.020647
199.000000,-622.000000,-430.457944
-8.000000,-130.000000,841.366543
-24.000000,-444.000000,-453.730675
-23.000000,50.000000,-368.162930
-11.000000,-1.000000,-1288.441399
-443.000000,35.000000,-1934.813215
-460.000000,-338.000000,-2577.528344
-17.000000,205.000000,422.726524
84.000000,-335.000000,178.176530
44.000000,-374.000000,111.575680
42.000000,-9.000000,102.391656
-34.000000,-371.000000,446.806432
570.000000,349.000000,1336.879483
-26.000000,-68.000000,579.680521
39.000000,323.000000,362.353973
-46.000000,-502.000000,76.842113
20.000000,563.000000,-796.908099
-99996.000000,-151.000000,-3240.233764
-552.000000,-469.000000,-3326.032740
-20.000000,-347.000000,-316.520555
359.000000,122.000000,1822.030786
430.000000,87.000000,835.223687
-10.000000,-261.000000,-65.291341
-24.000000,-370.000000,-712.046740
34.000000,-440.000000,73.432534
153.000000,49.000000,384.974087
-93.000000,-98.000000,-447.842590
143.000000,-44.000000,-440.830209
-477.000000,-204.000000,459.827431
39.000000,-11.000000,244.560062
23.000000,-116.000000,71.872772
29.000000,-237.000000,116.704655
-2.000000,-50.000000,-67.650067
3.000000,-46.000000,-131.128901
-5.000000,-98.000000,639.240487
-144.000000,-258.000000,953.863213
20.000000,530.000000,640.722100
-30.000000,-342.000000,-190.827138
28.000000,-266.000000,118.335349
610.000000,705.000000,4622.799457
-273.000000,-150.000000,120.664935
-230.000000,-78.000000,-233.270177
10.000000,-247.000000,-227.995627
494.000000,676.000000,2748.080815
-19.000000,285.000000,265.625207
64.000000,152.000000,-218.484374
21.000000,63.000000,176.765507
-52.000000,-301.000000,576.650039
-168.000000,387.000000,-1128.931949
50.000000,-154.000000,-263.813679
45.000000,-501.000000,-164.993541
42.000000,-535.000000,323.896609
-593.000000,-771.000000,-4332.591853
58.000000,21.000000,508.194766
65.000000,-490.000000,-47.729484
-583.000000,-203.000000,1937.748631
131.000000,-511.000000,255.827585
225.000000,-255.000000,-281.403159
36.000000,69.000000,-26.089571
-582.000000,91.000000,-7120.152574
64.000000,-101.000000,256.956066
87.000000,-2.000000,523.859651
-59.000000,-228.000000,-1509.657058
35.000000,-23.000000,-225.712269
32.000000,-373.000000,221.312278
0.000000,-323.000000,1168.785162
140.000000,-24.000000,-606.286873
41.000000,61.000000,-58.447904
-98.000000,-63.000000,-262.802076
-115.000000,-293.000000,-203.576108
-361.000000,-226.000000,-2259.252197
-291.000000,-143.000000,-1289.962676
0.000000,-151.000000,-1238.351516
-201.000000,-228.000000,193.732209
411.000000,495.000000,2157.673982
668.000000,400.000000,1057.178429
431.000000,419.000000,3923.518825
-70.000000,-594.000000,-700.976588
-250.000000,-428.000000,99.983384
330.000000,171.000000,1862.968050
-6.000000,388.000000,-178.208401
-50.000000,472.000000,-611.556113
-229.000000,-537.000000,428.144197
-8.000000,388.000000,-178.208401
119.000000,143.000000,154.038862
-11.000000,342.000000,242.540111
-47.000000,126.000000,-75.384403
35.000000,-568.000000,-277.550550
-193.000000,-543.000000,-1334.181406
-17.000000,-155.000000,-868.023974
-39.000000,-526.000000,20.693765
175.000000,-293.000000,2003.531006
185.000000,126.000000,385.772402
291.000000,-22.000000,996.599287
-59.000000,272.000000,-1868.505323
94.000000,173.000000,108.327283
-12.000000,-498.000000,336.657589
47.000000,-345.000000,135.387095
113.000000,497.000000,-265.677183
35.000000,-261.000000,-74.747064
-99997.000000,-797.000000,-24712.446459
-494.000000,-338.000000,-4078.532067
36.000000,303.000000,188.502141
52.000000,86.000000,292.508716
132.000000,59.000000,127.184445
274.000000,-407.000000,18.025508
184.000000,182.000000,-210.026940
-305.000000,-446.000000,-927.584675
-335.000000,-500.000000,-1920.466959
-341.000000,-363.000000,-2465.674257
-20.000000,-497.000000,-347.645399
58.000000,-338.000000,335.403816
-34.000000,-207.000000,2.437385
0.000000,74.000000,-474.211177
0.000000,203.000000,1159.419334
0.000000,131.000000,1284.025457
-34.000000,-453.000000,771.233252
-569.000000,-216.000000,568.900114
-36.000000,-538.000000,-1414.090019
-29.000000,-448.000000,167.666008
342.000000,442.000000,1515.485647
-34.000000,-512.000000,610.229962
43.000000,200.000000,111.477214
38.000000,421.000000,-584.132083
105.000000,375.000000,-659.177460
-36.000000,-124.000000,-801.047327
41.000000,109.000000,6.776024
-11.000000,-281.000000,167.560796
291.000000,475.000000,5026.459682
10.000000,-31.000000,745.625584
66.000000,301.000000,-62.538710
-18.000000,-101.000000,-163.008467
-161.000000,109.000000,-1764.219035
-99998.000000,-279.000000,-2280.693317
300.000000,68.000000,275.760591
-87.000000,-175.000000,790.157582
83.000000,-102.000000,162.838934
21.000000,-266.000000,118.335349
22.000000,-266.000000,118.335349
-416.000000,235.000000,-2228.842814
102.000000,-159.000000,113.184917
83.000000,-233.000000,28.596935
-290.000000,-342.000000,399.797163
170.000000,595.000000,94.234661
56.000000,18.000000,419.599519
80.000000,-124.000000,143.527351
-276.000000,-374.000000,-627.332792
83.000000,598.000000,-525.405703
151.000000,569.000000,-1184.702627
-31.000000,-111.000000,44.031661
-226.000000,288.000000,-223.637573
-221.000000,-114.000000,-1673.444646
290.000000,219.000000,-544.627480
-29.000000,-111.000000,-199.325767
-31.000000,-105.000000,-79.010140
-41.000000,-79.000000,168.248395
33.000000,-340.000000,139.914699
18.000000,-312.000000,-92.353796
10.000000,-84.000000,-11.478610
-54.000000,516.000000,-399.766078
15.000000,-312.000000,-92.353796
164.000000,-253.000000,225.268559
-174.000000,-422.000000,-894.112449
395.000000,581.000000,708.889580
51.000000,-153.000000,361.469981
213.000000,-651.000000,8.646017
-135.000000,-86.000000,55.859521
382.000000,307.000000,-2189.632282
-24.000000,-38.000000,-604.809630
64.000000,84.000000,-148.593213
-90.000000,-614.000000,-971.678717
-186.000000,-696.000000,-1660.619932
-4.000000,420.000000,-408.398715
-171.000000,-291.000000,-811.776305
-52.000000,472.000000,-611.556113
-301.000000,-529.000000,-556.448467
147.000000,-64.000000,167.551448
0.000000,-295.000000,588.257082
-343.000000,-561.000000,-1287.486048
31.000000,-75.000000,179.699259
-4.000000,-39.000000,-85.864459
0.000000,-274.000000,-3.824025
0.000000,-314.000000,-587.893296
0.000000,-624.000000,-490.994470
0.000000,-166.000000,34.388910
25.000000,-266.000000,118.335349
-1.000000,-567.000000,571.262039
135.000000,397.000000,-304.090801
-10.000000,388.000000,-178.208401
-20.000000,-84.000000,-541.332264
8.000000,-103.000000,11.878525
424.000000,-198.000000,2312.496498
485.000000,-200.000000,2416.143997
56.000000,-401.000000,-433.190398
146.000000,-520.000000,323.047423
2.000000,-541.000000,-404.447299
61.000000,-401.000000,-433.190398
182.000000,-633.000000,259.708994
32.000000,-501.000000,-3.411713
-10.000000,-566.000000,441.371384
35.000000,-699.000000,203.832768
225.000000,-673.000000,303.022194
-167.000000,-498.000000,391.649079
-315.000000,-617.000000,-94.098488
13.000000,-538.000000,1178.178700
28.000000,330.000000,-572.144469
35.000000,-519.000000,165.072409
24.000000,-384.000000,53.161812
283.000000,-349.000000,533.898475
-568.000000,-244.000000,-3087.538844
-604.000000,-63.000000,-3565.007137
-632.000000,-400.000000,-3455.700160
-53.000000,583.000000,-1644.284552
-62.000000,159.000000,-680.893059
295.000000,625.000000,1637.280265
446.000000,-424.000000,3783.446035
-5.000000,388.000000,-178.208401
-405.000000,-575.000000,-2270.007219
-55.000000,472.000000,-611.556113
0.000000,-330.000000,2782.519838
50.000000,-284.000000,-380.292682
57.000000,-575.000000,-254.839858
-409.000000,-701.000000,-1761.297005
-502.000000,-607.000000,-3826.901502
-468.000000,-378.000000,-2691.211160
0.000000,-259.000000,989.351744
-21.000000,-580.000000,625.843168
136.000000,200.000000,-260.925713
-304.000000,-240.000000,-1693.052006
57.000000,-2.000000,-931.702688
5.000000,43.000000,-1065.262544
254.000000,-79.000000,117.932111
-27.000000,184.000000,-399.805433
-277.000000,-480.000000,-576.897320
-323.000000,-687.000000,-657.740999
180.000000,189.000000,132.838199
131.000000,230.000000,509.065494
183.000000,-147.000000,-79.389742
246.000000,275.000000,-226.448218
104.000000,-401.000000,518.051771
40.000000,-339.000000,20.888752
-323.000000,122.000000,-1775.272483
271.000000,456.000000,1182.524313
126.000000,-20.000000,277.653649
29.000000,182.000000,1268.797829
30.000000,91.000000,1979.800275
29.000000,-3.000000,214.162750
-298.000000,-646.000000,-3864.118549
-5.000000,448.000000,670.739177
-12.000000,417.000000,-789.143756
0.000000,-355.000000,727.784841
81.000000,-510.000000,-586.739596
-257.000000,-420.000000,-477.535384
-236.000000,-434.000000,-511.653856
-170.000000,-600.000000,-1530.828776
-97.000000,142.000000,-826.638529
-188.000000,-44.000000,-1349.239807
7.000000,316.000000,-471.331012
165.000000,-162.000000,194.967872
39.000000,-412.000000,-35.398574
53.000000,-10.000000,-293.427457
4.000000,94.000000,-196.114579
131.000000,-480.000000,399.716710
266.000000,492.000000,122.150478
-28.000000,-368.000000,-562.003529
107.000000,616.000000,-850.876457
250.000000,144.000000,180.800728
251.000000,177.000000,121.518887
151.000000,-662.000000,169.931808
229.000000,-286.000000,739.873936
161.000000,-333.000000,392.402672
149.000000,-149.000000,996.949743
-77.000000,-540.000000,-870.901533
23.000000,53.000000,540.290318
86.000000,-380.000000,877.791579
0.000000,281.000000,-1748.005641
-25.000000,109.000000,534.284938
-393.000000,-25.000000,-604.110818
-7.000000,173.000000,147.763530
-52.000000,472.000000,-611.556113
0.000000,-43.000000,-739.661674
-619.000000,-716.000000,-9618.437262
249.000000,-437.000000,-290.251512
280.000000,-432.000000,282.600381
-408.000000,-139.000000,-1468.895129
-21.000000,376.000000,-506.153631
38.000000,-556.000000,-90.222533
88.000000,-632.000000,-93.304967
-21.000000,-648.000000,-242.780549
-18.000000,-516.000000,-75.509447
46.000000,-212.000000,134.427986
-76.000000,-567.000000,-359.219619
53.000000,333.000000,339.498815
-38.000000,-406.000000,-972.963188
-55.000000,-456.000000,-906.547084
31.000000,-244.000000,427.563032
-50.000000,-244.000000,-661.026967
0.000000,-11.000000,-657.491198
441.000000,677.000000,2611.619219
446.000000,231.000000,2506.330677
-218.000000,139.000000,18.690233
220.000000,-75.000000,193.097798
72.000000,483.000000,1616.778135
49.000000,288.000000,1493.710043
109.000000,365.000000,1373.097891
9.000000,14.000000,-111.078976
29.000000,172.000000,218.892577
241.000000,657.000000,3961.960298
245.000000,79.000000,1253.469023
-26.000000,-303.000000,220.350319
120.000000,44.000000,-47.988543
27.000000,-193.000000,-66.889700
-29.000000,-602.000000,-237.864812
152.000000,183.000000,344.156053
252.000000,-327.000000,79.320436
268.000000,-627.000000,383.102785
222.000000,-11.000000,210.525615
49.000000,343.000000,-201.829541
1.000000,54.000000,-649.424479
-2.000000,263.000000,-567.126528
61.000000,-265.000000,-2229.451896
-45.000000,378.000000,-578.075052
50.000000,600.000000,-128.467756
230.000000,197.000000,-391.407563
333.000000,260.000000,-526.126619
-21.000000,338.000000,-344.560690
32.000000,427.000000,-46.457139
86.000000,-1.000000,37.065181
-13.000000,-343.000000,-306.251038
106.000000,-473.000000,28.526164
-363.000000,-556.000000,-1711.474140
533.000000,621.000000,4508.349026
578.000000,599.000000,4059.985549
42.000000,-197.000000,407.363242
-454.000000,-84.000000,-5958.547790
-50.000000,-307.000000,2332.301429
-450.000000,-581.000000,-692.660152
-30.000000,-306.000000,-491.436380
-61.000000,-618.000000,-625.772502
86.000000,-213.000000,-382.490489
-210.000000,-304.000000,-895.273533
-390.000000,-673.000000,-1298.821885
-394.000000,-691.000000,-3036.077434
166.000000,-387.000000,234.728721
41.000000,-412.000000,-35.398574
-269.000000,-717.000000,-2079.065071
49.000000,-133.000000,-64.617363
-54.000000,-573.000000,297.666985
-46.000000,-571.000000,-352.093619
-16.000000,-55.000000,555.095543
-23.000000,-142.000000,627.979538
-35.000000,-58.000000,-65.493611
448.000000,-445.000000,1040.986348
82.000000,-440.000000,-352.106035
72.000000,-175.000000,103.886533
227.000000,-32.000000,735.956836
-411.000000,-411.000000,-2742.394804
27.000000,-228.000000,162.058865
287.000000,497.000000,2025.524626
11.000000,-121.000000,-350.549337
410.000000,388.000000,1062.976388
-329.000000,-271.000000,-1465.444283
76.000000,67.000000,801.306377
63.000000,-152.000000,1059.373503
-215.000000,-102.000000,293.582348
266.000000,-170.000000,-305.111491
20.000000,409.000000,-34.364723
-27.000000,-188.000000,-40.529468
-151.000000,-318.000000,599.865648
26.000000,478.000000,-171.266265
140.000000,31.000000,-39.938283
9.000000,-178.000000,191.620642
10.000000,-463.000000,-351.772428
89.000000,-571.000000,-528.164383
601.000000,387.000000,3207.529229
-3.000000,-325.000000,-476.353161
-421.000000,-466.000000,-2902.849516
25.000000,-454.000000,365.288222
-29.000000,-116.000000,640.905919
20.000000,-608.000000,389.876964
-848.000000,-347.000000,-3172.473928
-884.000000,13.000000,-1397.178243
88.000000,-128.000000,-12.886658
146.000000,-96.000000,-22.310427
-525.000000,-593.000000,-1862.789187
-492.000000,473.000000,-3558.920722
342.000000,681.000000,3807.852389
396.000000,696.000000,3790.093845
362.000000,696.000000,3790.093845
-73.000000,-338.000000,-211.328668
0.000000,168.000000,18.280564
1.000000,248.000000,-1259.386241
-1.000000,-9.000000,-337.915307
-109.000000,-288.000000,-1635.063289
123.000000,-11.000000,384.183699
-427.000000,-400.000000,-2542.207609
202.000000,120.000000,640.950952
57.000000,274.000000,90.946837
163.000000,-276.000000,230.763922
-103.000000,-584.000000,-1242.920398
28.000000,-355.000000,373.765988
59.000000,-297.000000,140.554973
55.000000,-331.000000,28.776974
12.000000,230.000000,1321.792868
-56.000000,-32.000000,-196.924526
-128.000000,-563.000000,436.601761
538.000000,598.000000,3292.438524
-533.000000,-263.000000,-208.814699
42.000000,-9.000000,-677.093018
-23.000000,-222.000000,-346.841103
30.000000,-568.000000,-277.550550
123.000000,-576.000000,-308.320184
253.000000,-711.000000,90.611668
144.000000,-420.000000,-429.076628
58.000000,-211.000000,-112.811209
63.000000,83.000000,541.554848
-135.000000,-592.000000,-1404.803795
-11.000000,388.000000,-178.208401
100.000000,82.000000,-372.881870
-588.000000,-406.000000,-7901.206342
-309.000000,-284.000000,-3010.757505
-519.000000,262.000000,-3009.933408
-454.000000,56.000000,-509.044046
-370.000000,244.000000,-1605.005049
165.000000,0.000000,-1859.208667
21.000000,-211.000000,833.447411
-21.000000,-283.000000,302.801866
149.000000,-524.000000,72.072423
244.000000,-397.000000,1203.150611
-533.000000,239.000000,733.302856
-113.000000,-534.000000,249.176006
-73.000000,-509.000000,513.922399
85.000000,448.000000,-210.618987
30.000000,129.000000,630.738131
442.000000,-363.000000,-712.946726
397.000000,-576.000000,8.483813
-427.000000,-420.000000,-687.253475
287.000000,-56.000000,2244.185118
-39.000000,16.000000,21.563294
111.000000,-160.000000,-6.086480
178.000000,-192.000000,442.917438
48.000000,-561.000000,8.872561
21.000000,-463.000000,417.207213
81.000000,-196.000000,477.019045
-78.000000,199.000000,36.057247
-51.000000,56.000000,973.706351
-535.000000,-27.000000,168.850548
-549.000000,-69.000000,620.007823
-586.000000,-49.000000,169.994907
29.000000,-101.000000,70.794492
-247.000000,-460.000000,-931.089708
170.000000,699.000000,-396.587746
57.000000,126.000000,185.333428
0.000000,238.000000,1720.011669
149.000000,-425.000000,-181.672327
-371.000000,-385.000000,-3868.486832
87.000000,135.000000,288.423859
-600.000000,59.000000,-3894.724007
-584.000000,-176.000000,-54.652357
151.000000,-355.000000,438.957290
89.000000,-288.000000,-69.382572
-55.000000,-67.000000,199.501614
33.000000,14.000000,-111.078976
-64.000000,-492.000000,325.966115
182.000000,-381.000000,520.040383
28.000000,169.000000,-131.684287
76.000000,400.000000,-662.907381
-9.000000,6.000000,-402.449705
-8.000000,-203.000000,416.146730
96.000000,-45.000000,160.533289
-232.000000,185.000000,866.508373
-346.000000,-64.000000,-998.442954
-444.000000,-354.000000,-1003.229864
-475.000000,-384.000000,-2637.681092
-490.000000,-471.000000,-4781.986120
45.000000,-207.000000,418.180694
90.000000,501.000000,-556.347770
5.000000,239.000000,813.752684
1.000000,162.000000,300.171337
91.000000,611.000000,1581.916121
41.000000,-133.000000,-64.617363
32.000000,-394.000000,131.349836
-7.000000,-235.000000,127.468691
-280.000000,-318.000000,-458.721527
-173.000000,-693.000000,-1046.443642
-10.000000,-235.000000,127.468691
-15.000000,-443.000000,1268.399614
109.000000,-543.000000,2212.348097
33.000000,-434.000000,1901.421053
0.000000,-259.000000,-971.987982
85.000000,-421.000000,-424.878897
0.000000,-438.000000,-7392.076012
48.000000,-168.000000,330.540368
137.000000,341.000000,208.953466
29.000000,133.000000,233.988097
15.000000,-268.000000,-756.492680
472.000000,591.000000,6798.621348
-55.000000,148.000000,-150.300099
-406.000000,57.000000,-294.562657
-335.000000,-629.000000,898.398486
353.000000,169.000000,1319.461941
124.000000,-150.000000,166.880900
70.000000,-102.000000,162.838934
-466.000000,-645.000000,-4807.426999
30.000000,-77.000000,166.511271
-433.000000,-478.000000,-1760.087470
133.000000,-348.000000,347.379353
-220.000000,-77.000000,796.482012
279.000000,-18.000000,2130.973945
33.000000,-555.000000,837.986274
-191.000000,-518.000000,-210.096634
281.000000,-116.000000,1046.243611
-446.000000,-496.000000,-1932.789080
509.000000,317.000000,3038.952253
-342.000000,-481.000000,-1146.792011
21.000000,-444.000000,-67.080048
382.000000,303.000000,5361.651039
-53.000000,-273.000000,99.431759
-589.000000,-709.000000,-12165.574629
25.000000,-445.000000,131.096923
-9.000000,388.000000,-178.208401
105.000000,-203.000000,-28.609695
198.000000,-538.000000,1292.241378
-30.000000,-15.000000,-641.188372
-233.000000,-196.000000,-2067.090673
-393.000000,-194.000000,-1375.482755
-635.000000,-490.000000,-5239.232689
52.000000,-473.000000,-500.823661
188.000000,195.000000,-460.378910
247.000000,-245.000000,4665.324858
89.000000,-321.000000,131.097544
-813.000000,-691.000000,-10746.425142
202.000000,50.000000,232.160223
217.000000,-93.000000,218.247454
-620.000000,-74.000000,139.020918
-480.000000,-456.000000,-4258.814867
-11.000000,-258.000000,663.736900
-537.000000,-137.000000,1226.784742
26.000000,14.000000,-111.078976
-48.000000,-417.000000,-265.257456
478.000000,437.000000,4714.907021
41.000000,-390.000000,93.510218
131.000000,-288.000000,74.404422
-57.000000,-68.000000,-1280.390497
454.000000,519.000000,4279.239588
46.000000,-693.000000,941.248150
-66.000000,-338.000000,-462.200788
103.000000,165.000000,1790.266055
92.000000,316.000000,1470.842510
-643.000000,-701.000000,-3270.629772
146.000000,94.000000,23.281331
-78.000000,-164.000000,6.249877
72.000000,303.000000,-69.409857
155.000000,-460.000000,-411.723965
70.000000,-102.000000,162.838934
78.000000,-102.000000,162.838934
1.000000,28.000000,-283.893020
39.000000,-210.000000,432.440358
44.000000,-561.000000,8.872561
-71.000000,-379.000000,740.331581
-64.000000,-438.000000,1122.987778
69.000000,-293.000000,146.698924
50.000000,-281.000000,-287.911405
-57.000000,-512.000000,163.527321
-63.000000,-384.000000,38.052340
429.000000,537.000000,741.901254
-59.000000,-625.000000,418.856537
-338.000000,-687.000000,-844.462761
-385.000000,-200.000000,-1055.094801
720.000000,691.000000,3516.677715
178.000000,-128.000000,541.202226
40.000000,55.000000,-439.207861
5.000000,86.000000,-204.425600
-18.000000,-148.000000,235.743364
-565.000000,-305.000000,-735.533468
-209.000000,-249.000000,678.960128
-381.000000,-495.000000,-52.864831
175.000000,275.000000,-34.768494
21.000000,-264.000000,-163.095678
-9.000000,247.000000,-236.582069
28.000000,-171.000000,-201.210779
97.000000,-193.000000,603.209965
-52.000000,-638.000000,-353.379060
-256.000000,-707.000000,-526.894565
43.000000,-75.000000,307.386138
140.000000,-122.000000,-503.276517
-38.000000,443.000000,-986.471045
-469.000000,-497.000000,-1122.381045
-500.000000,-687.000000,-2119.133355
31.000000,96.000000,-213.188157
87.000000,-212.000000,325.777614
74.000000,-595.000000,39.239909
617.000000,704.000000,6760.656984
-551.000000,-701.000000,-1485.433510
-310.000000,-690.000000,-739.914110
-672.000000,-681.000000,-3192.991574
77.000000,-52.000000,-34.999679
49.000000,-29.000000,-139.046104
130.000000,-48.000000,-51.526751
174.000000,-113.000000,-207.666724
-106.000000,-298.000000,-530.937360
-778.000000,-707.000000,-11403.970842
113.000000,-111.000000,-195.858381
32.000000,-40.000000,-25.534339
119.000000,-183.000000,261.155039
196.000000,308.000000,1900.172656
171.000000,532.000000,1138.245652
42.000000,-466.000000,106.615244
195.000000,595.000000,-804.082718
-18.000000,312.000000,-267.746489
233.000000,342.000000,406.357710
163.000000,-381.000000,717.526725
86.000000,-511.000000,544.594357
19.000000,78.000000,137.090125
-7.000000,268.000000,266.003390
2.000000,161.000000,-379.666943
511.000000,116.000000,1074.025620
318.000000,346.000000,1049.861171
127.000000,-30.000000,555.131747
-529.000000,-501.000000,-494.542666
184.000000,-390.000000,778.164298
38.000000,-57.000000,-26.186222
-143.000000,-73.000000,-327.675254
23.000000,-42.000000,448.735984
144.000000,-626.000000,-421.062318
68.000000,-153.000000,-767.541452
267.000000,-244.000000,126.699128
231.000000,-192.000000,-1.218256
-551.000000,-549.000000,-2283.508997
69.000000,-510.000000,106.152623
64.000000,-551.000000,-474.337911
98.000000,-380.000000,-290.012984
-1.000000,584.000000,78.547059
-453.000000,-708.000000,-1503.210190
65.000000,129.000000,737.658186
48.000000,150.000000,742.854809
365.000000,675.000000,2983.186649
287.000000,-98.000000,-216.259593
-307.000000,-473.000000,-2335.927854
-4.000000,-244.000000,-1901.031768
64.000000,353.000000,289.464197
46.000000,-466.000000,106.615244
29.000000,-186.000000,496.109324
234.000000,-316.000000,-418.395526
675.000000,500.000000,949.938448
37.000000,189.000000,-663.322373
-19.000000,639.000000,-594.220696
237.000000,226.000000,870.962236
-9.000000,-284.000000,-1091.615929
-30.000000,-274.000000,-823.909221
-884.000000,-676.000000,-12253.924457
66.000000,-447.000000,281.414284
-526.000000,-689.000000,-3282.709834
10.000000,84.000000,-455.946199
-54.000000,146.000000,-497.206062
-60.000000,28.000000,98.939961
72.000000,-36.000000,-193.135475
17.000000,-103.000000,886.335681
47.000000,-70.000000,-176.853980
-49.000000,-258.000000,-212.155839
30.000000,89.000000,-251.743340
-14.000000,-205.000000,-227.074758
16.000000,29.000000,-670.434461
-223.000000,-679.000000,-40.095609
-170.000000,-239.000000,-1339.641482
144.000000,-64.000000,167.551448
338.000000,200.000000,2661.057346
14.000000,137.000000,-998.297675
49.000000,-634.000000,-408.110280
213.000000,-93.000000,197.586829
-98.000000,193.000000,486.452905
-695.000000,-48.000000,-1853.802947
-317.000000,-21.000000,-574.769822
-323.000000,-111.000000,-935.344339
-403.000000,-213.000000,-1716.172218
406.000000,-366.000000,270.660917
21.000000,129.000000,319.100760
0.000000,-167.000000,568.532776
862.000000,-71.000000,333.974214
8.000000,451.000000,-305.601061
-315.000000,-655.000000,-1712.992264
-145.000000,-622.000000,-3051.524808
24.000000,-594.000000,335.360377
55.000000,-168.000000,330.540368
21.000000,-367.000000,-37.350112
71.000000,342.000000,-1211.528865
210.000000,649.000000,1335.324930
77.000000,-164.000000,336.015657
-425.000000,-473.000000,-4528.137760
-545.000000,-339.000000,-5524.878612
-29.000000,-627.000000,-79.240883
315.000000,391.000000,1557.085755
452.000000,527.000000,2890.713378
-155.000000,-233.000000,-250.018072
-498.000000,163.000000,-607.556321
72.000000,-409.000000,-118.884211
41.000000,28.000000,376.672336
315.000000,210.000000,-632.287396
59.000000,-211.000000,474.946200
-37.000000,210.000000,-431.059671
-111.000000,409.000000,-1071.200430
538.000000,688.000000,3631.630158
-8.000000,-589.000000,-2092.578719
59.000000,-515.000000,240.676180
76.000000,-53.000000,231.912760
-22.000000,237.000000,382.183691
-20.000000,-337.000000,-74.213151
59.000000,-239.000000,-305.930108
-778.000000,-620.000000,-9325.634533
346.000000,-120.000000,2391.607943
17.000000,-339.000000,712.395577
384.000000,-70.000000,3468.697050
-208.000000,-448.000000,-537.712782
52.000000,-355.000000,261.354568
-333.000000,52.000000,1009.272491
-363.000000,125.000000,1466.829593
-149.000000,-459.000000,687.092757
-213.000000,37.000000,-1799.521807
25.000000,344.000000,71.966780
-104.000000,-148.000000,-166.238560
-131.000000,44.000000,-628.129244
-46.000000,117.000000,-511.940028
-15.000000,-97.000000,95.800036
-592.000000,-779.000000,-2202.573976
-1.000000,7.000000,784.620307
0.000000,-10.000000,755.162293
11.000000,-268.000000,-222.725799
-352.000000,-442.000000,-2392.697829
211.000000,-214.000000,891.294361
363.000000,328.000000,3049.062458
-55.000000,-643.000000,-1220.150651
59.000000,-174.000000,-47.446257
51.000000,-8.000000,160.085254
166.000000,-5.000000,212.293021
610.000000,-417.000000,199.020032
-464.000000,-400.000000,-3560.947556
-726.000000,-762.000000,-10501.710127
-963.000000,-780.000000,-13516.374831
42.000000,-200.000000,151.550661
28.000000,571.000000,-736.935709
48.000000,-449.000000,-620.935837
299.000000,316.000000,668.817384
40.000000,-533.000000,85.523837
32.000000,-380.000000,83.158384
-403.000000,-536.000000,-3945.752395
-82.000000,-220.000000,-772.459825
-31.000000,-134.000000,-470.241123
318.000000,384.000000,803.844698
-358.000000,449.000000,164.861351
-10.000000,-282.000000,18.439892
181.000000,457.000000,1324.979144
146.000000,625.000000,1020.545873
204.000000,666.000000,547.782024
79.000000,408.000000,1430.158898
143.000000,80.000000,3039.232758
-72.000000,-608.000000,-827.017232
18.000000,149.000000,-52.912139
41.000000,-42.000000,22.469302
30.000000,-8.000000,3.500910
99.000000,89.000000,134.575284
-150.000000,-537.000000,-1015.230144
-61.000000,-70.000000,-29.555133
-38.000000,-256.000000,-1333.977639
74.000000,-409.000000,-118.884211
0.000000,425.000000,-949.671550
-317.000000,-627.000000,-2486.483981
-22.000000,86.000000,396.672526
609.000000,782.000000,4877.986701
461.000000,-86.000000,-5877.295907
694.000000,360.000000,-1927.742591
-23.000000,-278.000000,-368.979025
369.000000,79.000000,1229.623432
-30.000000,-287.000000,2468.291050
276.000000,218.000000,2606.589413
85.000000,-390.000000,326.525250
161.000000,-471.000000,282.462017
502.000000,706.000000,370.901494
581.000000,562.000000,2105.661565
116.000000,-58.000000,246.132196
495.000000,502.000000,4633.604559
16.000000,-191.000000,-116.493376
189.000000,-167.000000,-138.737706
12.000000,-35.000000,-27.946870
115.000000,293.000000,-653.624501
15.000000,148.000000,-269.340193
-47.000000,-170.000000,-3124.834759
63.000000,154.000000,731.706101
203.000000,311.000000,655.502895
150.000000,233.000000,1044.904674
3.000000,146.000000,434.949439
509.000000,377.000000,4380.579276
77.000000,459.000000,-0.391954
52.000000,-355.000000,261.354568
-44.000000,233.000000,-427.550100
-21.000000,328.000000,-442.033148
8.000000,-141.000000,-484.324451
-11.000000,-98.000000,-96.853729
-10.000000,-65.000000,-457.979119
50.000000,-106.000000,40.341173
-26.000000,-279.000000,178.968898
-229.000000,-467.000000,-209.972854
105.000000,71.000000,-313.926340
108.000000,-84.000000,-511.043318
-284.000000,-181.000000,-715.798103
163.000000,-192.000000,474.416773
106.000000,7.000000,174.117891
-37.000000,84.000000,-684.693457
-9.000000,-217.000000,-325.830603
1.000000,-561.000000,-1662.623587
75.000000,-183.000000,-325.574717
47.000000,-57.000000,-26.186222
115.000000,-168.000000,357.377528
130.000000,-281.000000,411.589898
-7.000000,-338.000000,-219.763559
-33.000000,-614.000000,-12.414152
-15.000000,-432.000000,-220.327088
-149.000000,-663.000000,-2203.707392
93.000000,104.000000,1075.525725
-266.000000,-307.000000,-1820.247352
-56.000000,167.000000,520.191470
23.000000,-344.000000,38.579252
-332.000000,267.000000,-2360.800295
-418.000000,130.000000,-1104.419689
-454.000000,85.000000,-172.907660
-370.000000,-72.000000,-210.570158
29.000000,-218.000000,-570.425167
17.000000,-53.000000,-1768.210334
75.000000,-127.000000,325.892272
251.000000,239.000000,592.166025
-450.000000,331.000000,-4368.409226
48.000000,166.000000,-57.176882
-1.000000,-105.000000,434.281579
-371.000000,-638.000000,-1668.380367
18.000000,-2.000000,-114.139666
-38.000000,-666.000000,636.620151
-8.000000,256.000000,-162.829299
-157.000000,134.000000,-558.511617
-263.000000,337.000000,-1515.985806
-619.000000,-400.000000,-8420.173094
-11.000000,-119.000000,-215.309094
-10.000000,-26.000000,30.580002
-22.000000,74.000000,-415.395027
0.000000,114.000000,198.173346
-8.000000,159.000000,-27.289685
0.000000,303.000000,-1374.184217
0.000000,282.000000,-1155.906107
0.000000,-426.000000,-364.179315
0.000000,-426.000000,-364.179315
159.000000,-287.000000,415.204189
-23.000000,24.000000,-517.287585
-46.000000,-362.000000,-447.202746
40.000000,-401.000000,-599.031969
35.000000,-325.000000,-231.206559
480.000000,699.000000,4868.103651
-22.000000,36.000000,71.148079
30.000000,-317.000000,-555.647893
-1.000000,111.000000,90.878404
201.000000,214.000000,663.223592
-467.000000,-239.000000,-3188.154125
46.000000,207.000000,-425.716726
-45.000000,-540.000000,-11.157869
-83.000000,-627.000000,-164.949016
-65.000000,-68.000000,358.837243
-45.000000,-155.000000,-161.365328
-148.000000,362.000000,-4063.970054
352.000000,-7.000000,657.658089
375.000000,332.000000,2009.112222
25.000000,377.000000,118.476796
-13.000000,159.000000,221.751821
46.000000,147.000000,87.387845
-125.000000,-694.000000,-812.220373
-150.000000,-653.000000,309.361461
-62.000000,-364.000000,-0.965095
-82.000000,-155.000000,-154.402929
-49.000000,-131.000000,-561.330690
-298.000000,-227.000000,422.297638
17.000000,146.000000,-10.387475
148.000000,107.000000,-446.971611
112.000000,-465.000000,241.263704
-10.000000,-655.000000,-485.184516
25.000000,56.000000,106.948940
-498.000000,-607.000000,-49.810807
82.000000,-252.000000,214.909705
12.000000,-252.000000,2.469329
36.000000,-412.000000,-35.398574
557.000000,388.000000,707.437452
81.000000,387.000000,-74.100764
77.000000,132.000000,193.162319
112.000000,-8.000000,75.084902
-163.000000,-307.000000,-314.293590
49.000000,-178.000000,293.794580
-33.000000,-283.000000,375.493834
0.000000,-85.000000,-1001.771174
-99994.000000,-789.000000,-14795.316978
-99991.000000,-794.000000,-19338.834932
-47.000000,-248.000000,-1254.046005
38.000000,274.000000,631.150940
56.000000,-285.000000,3011.131694
-558.000000,136.000000,-4434.786367
-668.000000,75.000000,-6032.965098
56.000000,54.000000,-37.343158
201.000000,-3.000000,-190.111032
-82.000000,-623.000000,564.719547
0.000000,-194.000000,-61.776022
66.000000,-467.000000,470.650976
-593.000000,-704.000000,-5317.046989
75.000000,-467.000000,470.650976
-26.000000,21.000000,-76.123655
41.000000,480.000000,-0.023932
-52.000000,307.000000,-73.328423
-103.000000,378.000000,-1145.226058
-66.000000,464.000000,-1188.148534
-6.000000,258.000000,1107.403869
90.000000,-250.000000,409.356212
6.000000,-381.000000,508.052117
26.000000,-65.000000,50.610722
-21.000000,-422.000000,555.534410
32.000000,319.000000,-117.991413
91.000000,52.000000,193.551206
-16.000000,347.000000,-280.672947
-28.000000,143.000000,-1683.928994
84.000000,84.000000,731.885217
70.000000,-293.000000,-189.609592
52.000000,160.000000,-190.630989
-74.000000,395.000000,-1079.740678
519.000000,606.000000,5000.342729
-90.000000,-87.000000,-597.005261
-305.000000,-526.000000,-730.477252
-21.000000,-430.000000,-239.462611
-53.000000,-48.000000,-743.572214
52.000000,-327.000000,937.722687
11.000000,-158.000000,-26.441356
266.000000,-240.000000,1292.923704
-318.000000,-288.000000,-1755.671278
-1.000000,495.000000,108.861473
366.000000,-70.000000,1203.072645
25.000000,-123.000000,188.737214
85.000000,338.000000,509.310927
-346.000000,-261.000000,-1423.919660
-221.000000,-29.000000,-1661.212084
-331.000000,30.000000,-2482.898800
3.000000,132.000000,-147.980920
12.000000,336.000000,-346.743158
-219.000000,-270.000000,-3927.444569
-174.000000,359.000000,-285.859669
59.000000,-351.000000,177.868931
74.000000,-323.000000,-905.366962
-71.000000,-345.000000,-1638.708146
-26.000000,-432.000000,-176.017919
127.000000,593.000000,501.223211
131.000000,253.000000,835.249479
31.000000,168.000000,-943.623661
13.000000,358.000000,-368.839035
35.000000,-345.000000,135.387095
31.000000,96.000000,-213.188157
19.000000,156.000000,416.937535
-61.000000,-333.000000,-313.055396
-324.000000,-565.000000,-2554.278288
-345.000000,-543.000000,-2354.623599
31.000000,-261.000000,-74.747064
35.000000,259.000000,-107.929959
7.000000,-274.000000,-203.411570
67.000000,-226.000000,40.703707
100.000000,-209.000000,322.421601
32.000000,-651.000000,-1527.851798
-129.000000,-231.000000,968.669087
-11.000000,-395.000000,-86.179691
135.000000,418.000000,2.714958
107.000000,-607.000000,405.807491
-22.000000,-147.000000,-14.535635
-381.000000,-204.000000,-3371.284139
219.000000,119.000000,-92.973767
-234.000000,274.000000,-2466.579595
120.000000,294.000000,12.513449
65.000000,645.000000,-1454.748754
10.000000,298.000000,370.011870
38.000000,-5.000000,-38.682019
-266.000000,242.000000,-1476.639870
-298.000000,57.000000,-1769.114818
-26.000000,-441.000000,363.128587
-156.000000,-400.000000,-228.669378
-212.000000,-409.000000,-529.787125
33.000000,-219.000000,-209.611370
-127.000000,-14.000000,450.946321
-213.000000,198.000000,-716.122640
384.000000,487.000000,1935.920213
137.000000,-119.000000,-821.918010
-724.000000,-652.000000,-7724.306386
-11.000000,123.000000,-148.328301
28.000000,-504.000000,-13.853934
149.000000,223.000000,33.517812
560.000000,80.000000,835.497503
-191.000000,-352.000000,-2919.855462
32.000000,-355.000000,261.354568
47.000000,-473.000000,-500.823661
94.000000,-288.000000,-606.914860
152.000000,-134.000000,-302.541003
186.000000,-455.000000,-679.426446
0.000000,-108.000000,955.286454
-236.000000,-349.000000,-2204.531393
-20.000000,-81.000000,-376.445535
25.000000,-109.000000,-1171.587023
48.000000,157.000000,-538.258539
452.000000,31.000000,583.117173
3.000000,14.000000,-111.078976
-678.000000,-716.000000,-8538.420867
-48.000000,-106.000000,-507.045292
-90.000000,-316.000000,-599.312136
25.000000,196.000000,-683.140741
0.000000,102.000000,-150.318009
-70.000000,-283.000000,-233.651683
-146.000000,-554.000000,-811.391954
44.000000,-206.000000,-344.198228
-575.000000,-488.000000,-5686.985444
-2.000000,290.000000,-483.163871
-71.000000,-49.000000,-1206.405729
363.000000,44.000000,2486.867158
-168.000000,-292.000000,-145.195266
-247.000000,-327.000000,-929.893704
-478.000000,-195.000000,-197.613154
85.000000,187.000000,-450.280324
90.000000,-158.000000,-434.544841
-114.000000,-133.000000,-713.376677
42.000000,-327.000000,-977.766201
-24.000000,-343.000000,-457.885903
103.000000,-347.000000,28.119314
29.000000,36.000000,140.134582
14.000000,-167.000000,-554.103623
3.000000,109.000000,-561.241922
-39.000000,-54.000000,-392.171515
66.000000,-249.000000,188.107084
75.000000,420.000000,43.963017
-76.000000,-62.000000,-1826.514237
25.000000,-285.000000,-88.413192
31.000000,14.000000,-111.078976
49.000000,-412.000000,-35.398574
21.000000,-126.000000,-382.500453
81.000000,-368.000000,-82.972359
0.000000,14.000000,-111.078976
-42.000000,-98.000000,18.319756
46.000000,148.000000,310.854652
24.000000,-265.000000,-19.013801
33.000000,260.000000,-241.534689
30.000000,-300.000000,-1.847752
51.000000,-548.000000,-763.072444
31.000000,-604.000000,361.673186
-493.000000,-603.000000,-4863.839837
192.000000,314.000000,819.125445
217.000000,410.000000,285.560050
-749.000000,173.000000,-156.521763
-901.000000,21.000000,298.858786
26.000000,-74.000000,23.495869
-41.000000,-168.000000,725.891784
0.000000,-101.000000,30.803784
35.000000,-133.000000,-64.617363
-8.000000,-262.000000,-477.106440
84.000000,-283.000000,204.174853
-9.000000,31.000000,570.475865
117.000000,35.000000,-112.325352
-88.000000,-368.000000,-1196.863472
12.000000,-287.000000,608.875680
-1.000000,149.000000,1123.283261
-19.000000,206.000000,-72.511638
66.000000,-293.000000,146.698924
42.000000,-484.000000,346.789637
3.000000,-374.000000,425.150471
21.000000,-90.000000,397.701004
10.000000,-171.000000,827.436979
-74.000000,-238.000000,348.441516
-211.000000,-391.000000,-694.165611
13.000000,-267.000000,289.905175
38.000000,-32.000000,49.435847
187.000000,-11.000000,552.375348
34.000000,-429.000000,-291.100835
27.000000,-588.000000,-460.099245
8.000000,-146.000000,-244.386847
-16.000000,35.000000,413.035317
-560.000000,-506.000000,-2174.176198
-647.000000,-571.000000,-1506.590723
-69.000000,129.000000,451.935655
43.000000,-337.000000,228.255394
29.000000,-391.000000,1299.106126
-133.000000,-200.000000,-340.966997
143.000000,-220.000000,443.256596
45.000000,-620.000000,74.880206
-39.000000,215.000000,-397.303634
20.000000,-384.000000,85.979974
8.000000,133.000000,-599.165639
36.000000,-361.000000,-13.112012
3.000000,-541.000000,-671.426615
44.000000,-357.000000,-221.214393
-48.000000,70.000000,-1891.800757
-25.000000,132.000000,-1727.421936
146.000000,-572.000000,361.184518
-30.000000,-149.000000,8.237744
44.000000,-186.000000,496.109324
129.000000,357.000000,-229.757540
-175.000000,-338.000000,-586.403379
43.000000,-323.000000,1004.412385
45.000000,-358.000000,803.181020
66.000000,-478.000000,983.684190
45.000000,-202.000000,11.627510
22.000000,93.000000,-39.388595
-232.000000,-287.000000,306.489876
-145.000000,-372.000000,-528.613743
-90.000000,-387.000000,-1271.696357
-374.000000,-381.000000,-996.839638
34.000000,18.000000,275.310292
13.000000,47.000000,-265.032988
337.000000,-330.000000,385.365662
38.000000,87.000000,395.876935
22.000000,-266.000000,118.335349
1.000000,-31.000000,745.625584
75.000000,-210.000000,-109.649339
123.000000,-238.000000,-114.118127
-252.000000,-591.000000,-895.572829
309.000000,10.000000,393.464277
-5.000000,-116.000000,-1120.463795
-22.000000,52.000000,164.898329
26.000000,-9.000000,102.391656
23.000000,-129.000000,-13.366711
-10.000000,103.000000,-218.065348
37.000000,409.000000,1049.308498
115.000000,503.000000,341.484842
592.000000,471.000000,268.938645
97.000000,-265.000000,-19.352951
126.000000,-297.000000,-231.204112
103.000000,-586.000000,94.936884
-440.000000,-185.000000,-2209.890711
-31.000000,-261.000000,-326.514537
-79.000000,-386.000000,-422.528454
304.000000,282.000000,326.435767
-399.000000,-636.000000,-1660.960140
-20.000000,-542.000000,-359.542659
26.000000,-166.000000,-150.007650
26.000000,-280.000000,-343.332194
67.000000,-232.000000,-204.176976
174.000000,-70.000000,307.966136
-220.000000,-180.000000,-2099.428667
-232.000000,-182.000000,-1149.959941
-287.000000,-283.000000,-3004.165172
68.000000,-161.000000,490.571704
-196.000000,-627.000000,-396.338306
44.000000,-505.000000,-188.232242
-70.000000,-510.000000,-611.704248
11.000000,-348.000000,341.407930
-306.000000,-255.000000,-673.557686
49.000000,397.000000,145.580933
14.000000,172.000000,6.244874
-80.000000,-11.000000,-498.867538
-277.000000,-509.000000,-958.622514
6.000000,-170.000000,-435.847001
16.000000,-235.000000,-569.649439
41.000000,-576.000000,254.294607
12.000000,-531.000000,-18.330994
322.000000,72.000000,1576.348108
298.000000,574.000000,278.690609
-8.000000,-134.000000,-155.522351
35.000000,-64.000000,459.095372
22.000000,149.000000,613.958555
18.000000,422.000000,629.150051
-148.000000,-503.000000,113.511945
40.000000,-73.000000,986.670690
118.000000,-260.000000,404.431937
-114.000000,-475.000000,-78.751364
-274.000000,-478.000000,-852.498360
352.000000,93.000000,1171.818657
435.000000,237.000000,-304.823388
459.000000,269.000000,-794.867793
-377.000000,197.000000,-4576.789310
49.000000,-363.000000,-289.895358
-7.000000,343.000000,-77.852133
-507.000000,-117.000000,-2027.024419
473.000000,698.000000,2494.431612
-23.000000,442.000000,-1488.958159
0.000000,357.000000,-453.211825
67.000000,-255.000000,1519.987319
17.000000,76.000000,304.067179
12.000000,-17.000000,151.666957
69.000000,235.000000,-456.278031
58.000000,192.000000,25.206159
10.000000,16.000000,53.592461
71.000000,142.000000,809.271260
76.000000,142.000000,809.271260
17.000000,-74.000000,204.695971
-30.000000,-249.000000,-1338.826436
312.000000,-371.000000,784.456751
55.000000,332.000000,-289.889185
-31.000000,-76.000000,499.002062
-478.000000,-124.000000,-2025.536763
-583.000000,-95.000000,-3081.191708
4.000000,-486.000000,-111.159076
-124.000000,-340.000000,-703.941267
292.000000,47.000000,318.800091
15.000000,-106.000000,-169.910203
34.000000,-513.000000,167.577302
-49.000000,-288.000000,260.465284
-257.000000,-693.000000,-1483.032182
-431.000000,-653.000000,-961.674581
-447.000000,-672.000000,-2002.355693
143.000000,167.000000,511.520089
115.000000,195.000000,267.447221
-369.000000,-511.000000,-820.340046
0.000000,-224.000000,-1128.181774
24.000000,-266.000000,118.335349
19.000000,456.000000,249.050902
-6.000000,291.000000,-956.799737
230.000000,298.000000,148.553040
0.000000,265.000000,1119.226994
197.000000,117.000000,310.951430
258.000000,-64.000000,1572.663703
622.000000,708.000000,4497.293273
49.000000,-363.000000,-289.895358
-88.000000,-383.000000,-68.489603
69.000000,-594.000000,-580.122533
0.000000,-409.000000,-381.356103
487.000000,-201.000000,5105.322066
-34.000000,142.000000,127.684816
105.000000,-116.000000,-135.425092
117.000000,-208.000000,-110.961201
-29.000000,-281.000000,177.912216
5.000000,-4.000000,-668.378948
0.000000,120.000000,-448.304685
-352.000000,-139.000000,-1449.305648
-16.000000,-561.000000,-18.126821
362.000000,-228.000000,3098.003017
74.000000,-384.000000,243.435065
31.000000,-261.000000,-74.747064
103.000000,68.000000,200.458799
28.000000,403.000000,-88.626295
30.000000,339.000000,16.597293
35.000000,164.000000,-364.073458
319.000000,-15.000000,684.364387
428.000000,132.000000,629.361597
-588.000000,-662.000000,-6279.819412
27.000000,-573.000000,-62.438403
206.000000,-22.000000,1869.138961
-30.000000,-227.000000,-193.160140
-230.000000,-397.000000,-578.162596
-24.000000,-328.000000,-453.642905
3.000000,-335.000000,-234.552710
113.000000,155.000000,-529.369542
-22.000000,-163.000000,-1150.183534
81.000000,-377.000000,124.933402
274.000000,-10.000000,-443.947055
29.000000,-265.000000,-19.013801
414.000000,202.000000,1361.421346
30.000000,-568.000000,-277.550550
-30.000000,25.000000,-166.925718
17.000000,194.000000,40.280766
-121.000000,-205.000000,-129.206960
-210.000000,-658.000000,-420.488614
-10.000000,-156.000000,-208.734127
6.000000,-440.000000,-83.769262
59.000000,-372.000000,377.951619
-110.000000,-428.000000,-109.483955
32.000000,-230.000000,-928.577817
42.000000,-261.000000,-74.747064
-120.000000,-314.000000,-155.477475
17.000000,-184.000000,13.637506
-23.000000,-211.000000,72.507160
5.000000,-150.000000,-69.579440
-401.000000,-543.000000,-792.605945
12.000000,-25.000000,-134.053216
52.000000,-212.000000,104.805182
134.000000,-559.000000,773.211008
12.000000,557.000000,-136.945247
-539.000000,-108.000000,-1335.545654
-91.000000,396.000000,444.001131
170.000000,8.000000,709.131711
-592.000000,-498.000000,-4760.127344
0.000000,-17.000000,1349.585551
15.000000,-312.000000,126.067871
77.000000,294.000000,33.480874
-308.000000,-423.000000,-1629.732929
68.000000,60.000000,152.820495
-31.000000,209.000000,-2439.463950
-89.000000,-86.000000,111.260707
35.000000,-129.000000,-13.366711
32.000000,-453.000000,189.252066
240.000000,507.000000,-1265.474176
-21.000000,317.000000,-1399.220589
-434.000000,-513.000000,-2847.403964
128.000000,-25.000000,336.908770
-397.000000,-116.000000,-1165.467725
-49.000000,63.000000,-2932.300540
395.000000,165.000000,1723.672311
20.000000,56.000000,106.948940
286.000000,365.000000,2499.433682
306.000000,-179.000000,1946.035009
-291.000000,-318.000000,-1942.956327
-723.000000,-468.000000,-4686.616240
-836.000000,-532.000000,-5581.878512
6.000000,237.000000,-865.313984
179.000000,-133.000000,2417.787258
-3.000000,49.000000,-792.945657
47.000000,-90.000000,-1294.547255
-48.000000,-309.000000,-95.769867
0.000000,267.000000,-268.931482
246.000000,444.000000,1775.096577
-62.000000,-434.000000,-83.719956
-99998.000000,-798.000000,-25171.154197
16.000000,1.000000,-412.515934
3.000000,-280.000000,-858.001396
127.000000,312.000000,687.012411
-404.000000,-282.000000,-2551.455181
-174.000000,-632.000000,101.299331
24.000000,-266.000000,118.335349
467.000000,-239.000000,449.284307
-305.000000,-318.000000,-921.645747
38.000000,-66.000000,-137.432282
-746.000000,-701.000000,-10303.718648
135.000000,91.000000,1000.239927
-534.000000,-494.000000,-2488.173860
131.000000,-645.000000,-913.682020
1.000000,212.000000,-72.261776
31.000000,162.000000,-242.441179
34.000000,-98.000000,1091.802814
13.000000,-101.000000,1457.658849
0.000000,-27.000000,-644.581929
100.000000,289.000000,29.726028
237.000000,181.000000,-667.589344
-85.000000,-124.000000,-2148.122367
209.000000,47.000000,227.158539
512.000000,-42.000000,255.204602
11.000000,358.000000,-368.839035
-28.000000,184.000000,-399.805433
3.000000,-343.000000,-83.409740
264.000000,37.000000,1713.946289
479.000000,669.000000,1736.581399
-43.000000,323.000000,86.806045
-26.000000,-434.000000,13.857622
-24.000000,-437.000000,84.678878
19.000000,361.000000,530.356176
36.000000,-291.000000,523.077989
172.000000,-284.000000,912.462851
6.000000,-435.000000,1341.047106
-395.000000,-152.000000,-2838.670980
-380.000000,55.000000,-1994.308266
29.000000,113.000000,-201.438714
12.000000,-272.000000,-130.065602
-104.000000,-437.000000,-923.151542
-584.000000,-636.000000,-3701.061562
-202.000000,-606.000000,-1592.067685
-7.000000,157.000000,43.111040
41.000000,136.000000,-389.103433
61.000000,-126.000000,57.342827
-307.000000,-213.000000,-3401.614449
-316.000000,-321.000000,-3371.187583
83.000000,141.000000,-112.215454
-33.000000,139.000000,17.248327
-130.000000,7.000000,-128.207420
159.000000,-306.000000,81.756539
-39.000000,-164.000000,-236.208785
44.000000,299.000000,-322.935548
63.000000,-371.000000,-148.493058
0.000000,15.000000,108.053888
124.000000,-118.000000,-365.614998
56.000000,-335.000000,129.396972
-136.000000,-512.000000,471.590940
-4.000000,-12.000000,43.728595
-1.000000,-304.000000,-38.385485
-410.000000,-537.000000,-4335.614343
-29.000000,17.000000,580.105778
-24.000000,-203.000000,-584.741757
-9.000000,-497.000000,-570.771711
113.000000,-168.000000,357.377528
-213.000000,-505.000000,-705.461727
-252.000000,93.000000,-2014.034530
-330.000000,-219.000000,-1897.434340
-743.000000,92.000000,-2555.608632
-78.000000,-92.000000,395.990580
234.000000,-297.000000,-966.552177
4.000000,-47.000000,-80.796602
-458.000000,-698.000000,-4002.131885
-37.000000,-48.000000,-509.854732
4.000000,305.000000,-1074.086959
-16.000000,-437.000000,1152.031296
43.000000,-510.000000,86.747717
-570.000000,-640.000000,-2715.280217
-49.000000,-431.000000,516.113742
4.000000,140.000000,111.467521
-469.000000,-165.000000,-834.364702
118.000000,176.000000,-207.971676
71.000000,-383.000000,82.027172
80.000000,-328.000000,-69.747309
104.000000,-126.000000,2382.525264
-90.000000,-208.000000,-601.901618
106.000000,188.000000,-67.016250
-19.000000,249.000000,-865.451954
0.000000,14.000000,-294.222071
0.000000,188.000000,-838.977034
0.000000,151.000000,-869.129984
19.000000,218.000000,-65.436896
-157.000000,-119.000000,205.062492
-123.000000,-327.000000,217.944749
0.000000,-199.000000,-113.057617
-81.000000,-264.000000,-178.822363
82.000000,-482.000000,216.992866
87.000000,-526.000000,459.032454
35.000000,84.000000,-210.577383
20.000000,-267.000000,739.126385
-248.000000,-176.000000,-1681.202323
11.000000,31.000000,-1162.655095
-19.000000,-524.000000,652.548802
-9.000000,-187.000000,215.021614
483.000000,51.000000,-102.091437
-35.000000,47.000000,300.057914
-214.000000,-226.000000,1059.158186
468.000000,-580.000000,2775.662348
-319.000000,-216.000000,-321.043253
-63.000000,-141.000000,-450.584474
92.000000,-60.000000,-322.034544
83.000000,23.000000,-214.426644
-34.000000,337.000000,353.407206
-32.000000,-79.000000,347.465256
53.000000,-98.000000,267.505751
-142.000000,46.000000,-72.062306
7.000000,-76.000000,1040.404783
11.000000,359.000000,376.624725
-1.000000,-369.000000,-683.354087
41.000000,-85.000000,196.093446
-116.000000,-187.000000,-959.520938
43.000000,-85.000000,196.093446
15.000000,498.000000,594.430579
-154.000000,-275.000000,-2838.974604
22.000000,-363.000000,503.037942
205.000000,-36.000000,3396.900049
46.000000,-345.000000,135.387095
-87.000000,-258.000000,331.064183
-54.000000,-274.000000,573.284112
-19.000000,-82.000000,17.790981
-346.000000,-220.000000,-3018.345645
41.000000,-106.000000,40.341173
102.000000,-412.000000,609.909187
311.000000,180.000000,232.840806
240.000000,-32.000000,-122.722458
324.000000,-227.000000,-1324.172738
46.000000,315.000000,-406.985358
15.000000,-571.000000,-76.501439
0.000000,-563.000000,-69.343357
30.000000,-442.000000,-147.931384
0.000000,83.000000,-1038.867981
407.000000,152.000000,265.204665
-14.000000,-240.000000,291.831951
34.000000,-308.000000,43.388438
37.000000,-412.000000,84.128443
-43.000000,-347.000000,-328.288674
237.000000,-306.000000,2506.833879
36.000000,-107.000000,-45.997839
-87.000000,-349.000000,-100.665339
178.000000,288.000000,1525.857819
24.000000,-266.000000,118.335349
-83.000000,-235.000000,-412.296667
-319.000000,-354.000000,-3243.451412
277.000000,-90.000000,635.306330
-495.000000,-85.000000,-2671.306107
66.000000,420.000000,43.963017
59.000000,-359.000000,-179.981459
38.000000,-446.000000,-62.554983
-80.000000,-181.000000,-17.334457
-123.000000,-304.000000,1619.877429
-24.000000,359.000000,-1644.134539
-137.000000,-294.000000,941.081647
-76.000000,288.000000,372.962198
-32.000000,85.000000,1926.762328
-184.000000,-535.000000,-603.335870
36.000000,-12.000000,569.279275
41.000000,287.000000,-430.698967
21.000000,54.000000,179.609432
135.000000,-408.000000,753.911131
121.000000,-66.000000,40.610793
180.000000,489.000000,-473.452213
-317.000000,89.000000,-601.447957
-486.000000,-259.000000,-2421.459023
-777.000000,-609.000000,-9302.381162
0.000000,-338.000000,-1545.850475
0.000000,-254.000000,330.789127
