fen,outcome,side_to_move
3rr1k1/pb2qppp/1p3n2/1Bp5/7n/PP2P1NP/4QPP1/2R1R1K1 b - - 4 25,0.0,b
3rq1k1/p4ppp/1p3n2/2pb4/7n/PP2P1NP/2Q2PP1/2R1R1K1 b - - 1 27,0.0,b
3rq1k1/p4ppp/1p3n2/8/2P4n/P3P1NP/2Q2Pb1/1R2R1K1 b - - 1 29,0.0,b
3rq1k1/p4ppp/1p3n2/8/2P1N3/P3Pn1P/2Q2P2/1R2RK2 b - - 2 31,0.0,b
4q1k1/p4ppp/1p6/8/2P1n3/P3Pn1P/1Q1r1P2/1RR2K2 b - - 3 33,0.0,b
4q1k1/p4ppp/1p6/4n3/2P1n3/P3P2P/1R2KP2/2R5 b - - 2 35,0.0,b
4q1k1/p4ppp/1p6/8/2P5/P2nP2P/1R6/2R2K2 b - - 2 37,0.0,b
6k1/p4ppp/1p6/8/2P5/P3q2P/1R6/5K2 b - - 0 39,0.0,b
6k1/p4ppp/1p6/8/2P5/P5KP/1q6/8 b - - 1 41,0.0,b
6k1/p4ppp/1p6/6K1/2P5/5q1P/8/8 b - - 3 43,0.0,b
6k1/5ppp/P7/6K1/8/5q1P/8/8 b - - 0 45,0.0,b
3rr1k1/p3qppp/1p2bn2/2p5/7n/PP1BP1NP/4QPP1/2R1R1K1 w - - 3 25,1.0,w
3r2k1/pq2rppp/1p2bn2/1Bp5/7n/PP2P1NP/5PP1/2R1RQK1 w - - 7 27,1.0,w
6k1/p1q1rppp/1p2bn2/2p5/B6n/PP2P1NP/5PP1/2Rr1QK1 w - - 0 29,1.0,w
6k1/p1q1rppp/1p3n2/1Bpb4/8/PP2P1NP/5Pn1/2RQ2K1 w - - 0 31,1.0,w
6k1/p1q1rppp/1p6/1BpQ3n/8/PP2n2P/5P2/2R3K1 w - - 0 33,1.0,w
2Q1r1k1/p4ppp/1p6/1Bp4n/8/PP2n2P/5P2/2R3K1 w - - 1 35,1.0,w
rn1q1rk1/ppb2ppp/2p3b1/2Pp4/1P2n3/3BP3/PBQN1PPP/R4RK1 b - - 3 12,0.0,b
r2q1rk1/ppb2ppp/n1p5/2Pp4/1P2B3/4P3/PBQ2PPP/R4RK1 b - - 0 14,0.0,b
r4rk1/ppb2ppp/n1p2Q2/2P5/1P2p3/4P3/PB3PPP/R4RK1 b - - 0 16,0.0,b
r2r2k1/ppb2p1p/n1p2B2/2P5/1P2p3/4P3/P4PPP/R4RK1 b - - 0 18,0.0,b
3r2k1/ppb2p1p/n1p5/2Pr4/1P2p3/2B1P3/P4PPP/1R3RK1 b - - 4 20,0.0,b
5k2/ppbr1p1p/n1p2B2/2Pr4/1P2p3/4P3/P4PPP/1RR3K1 b - - 8 22,0.0,b
5k2/ppbr1p1p/2p2B2/2P5/1R2p3/4P3/P4PPP/3R2K1 b - - 0 24,0.0,b
r1b2rk1/pp1nqppp/2pb1n2/3pp3/2P5/1P2P3/PBBPNPPP/2RQK2R w K - 8 9,0.0,w
r1b2rk1/pp1n1ppp/2p2n2/3Pp3/8/qP2P3/P1BPNPPP/2RQK2R w K - 0 11,0.0,w
r1b2rk1/p2n1ppn/2p5/4p3/8/qP2P3/P2PNPPP/2RQK2R w K - 0 13,0.0,w
r1b2rk1/p2n1ppn/2R5/q3p3/8/1PN1P3/3P1PPP/3QK2R w K - 2 15,0.0,w
r2q1rk1/p2n1ppn/b7/4p3/2R5/1PN1P3/3PKPPP/3Q3R w - - 6 17,0.0,w
r2qr1k1/p2n1ppn/8/4p3/2P5/2N1P3/2QPKPPP/7R w - - 1 19,0.0,w
2rqr1k1/p2n1pp1/8/4p1n1/2P3K1/2N1P3/2QP1PPP/7R w - - 5 21,0.0,w
2rqr1k1/p4pp1/8/4n1n1/2P1N1K1/3PP3/2Q2PPP/7R w - - 1 23,0.0,w
2rqr1k1/p4pp1/4n3/8/2P1NK2/3QP3/5PPP/7R w - - 1 25,0.0,w
2r1r1k1/p4p2/4n1p1/5K2/2P1N3/3qPP2/6PP/7R w - - 0 27,0.0,w
2r1r1k1/p7/4n1p1/8/2P1p3/3qPP1K/6PP/7R w - - 0 29,0.0,w
2r1r1k1/p7/6p1/6n1/2P1p1K1/4qP2/6PP/R7 w - - 0 31,0.0,w
2r1r3/6k1/6p1/6n1/2P3K1/4qp2/6PP/8 w - - 0 33,0.0,w
4r3/6k1/6p1/6n1/2r2qK1/8/7P/8 w - - 0 35,0.0,w
5k2/p2r1p1p/1p2bnp1/1P6/3rP2n/R4PNP/4B1P1/4R1K1 w - - 0 37,1.0,w
5k2/r4p1p/1p2bnp1/1P6/3rP2n/5PNP/4B1P1/R5K1 w - - 0 39,1.0,w
5k2/1r3p1p/Rp2bnp1/1P6/4P2n/5PNP/4B1P1/6K1 w - - 3 41,1.0,w
5k2/2rn1p1p/1p2b1p1/1P6/3RP2n/5PNP/4B1P1/6K1 w - - 7 43,1.0,w
6k1/3n1p1p/1p2b1p1/1P6/4PP1n/2r3NP/4B1P1/3R2K1 w - - 1 45,1.0,w
8/3n1pkp/1p2b3/1P3p2/4P2n/2r3NP/4BKP1/3R4 w - - 0 47,1.0,w
8/5p1p/1p2bn1k/1P3p2/4PN1n/2r4P/4BKP1/3R4 w - - 4 49,1.0,w
8/5p1p/1p3n2/1P3bk1/3R1N1n/2r4P/4BKP1/8 w - - 2 51,1.0,w
8/5p1p/1p6/1P1R1bk1/8/2r4P/4BKn1/8 w - - 0 53,1.0,w
8/5p2/1p5p/1PrR1bk1/6B1/7P/6K1/8 w - - 2 55,1.0,w
8/5p2/7p/1P3Bk1/2p5/7P/6K1/8 w - - 0 57,1.0,w
8/4kp2/1P5p/8/2p5/7P/6K1/1B6 w - - 1 59,1.0,w
1Q6/5p2/5k1p/8/8/2p4P/6K1/1B6 w - - 1 61,1.0,w
8/5p2/4k2p/8/8/2Q4P/6K1/1B6 w - - 1 63,1.0,w
8/4k3/5p1Q/8/8/7P/6K1/1B6 w - - 0 65,1.0,w
8/2k5/5Q2/8/8/7P/B5K1/8 w - - 1 67,1.0,w
8/2k5/Q7/3B4/8/7P/6K1/8 w - - 5 69,1.0,w
2k5/8/3Q4/3B4/8/7P/6K1/8 w - - 9 71,1.0,w
3r2k1/pb3ppp/1p1r1n2/4q3/1PB1P2n/6NP/4QPP1/2R1R1K1 b - - 0 29,1.0,b
3r4/pbR2kpp/3r1n2/1p2q3/1P2P2n/6NP/4QPP1/4R1K1 b - - 1 31,1.0,b
3r4/pb1r1kpp/5nn1/1p2q3/1P2P3/6NP/4QPP1/2R1R1K1 b - - 5 33,1.0,b
3r1k2/pb1r2pp/5n2/Qp2q3/1P2P2n/6NP/5PP1/2R1R1K1 b - - 9 35,1.0,b
3r4/pb1r1kpp/5n2/Qp2q3/1P2PP2/6NP/6K1/2R1R3 b - f3 0 37,1.0,b
3r4/pb1r1kpp/3q1n2/1Q6/1P2PP1P/6N1/6K1/2R1R3 b - - 0 39,1.0,b
3r4/p2r1kpp/b4n2/Q7/1P2PP1P/8/3qN1K1/2R1R3 b - - 4 41,1.0,b
1r6/p2rk1pp/5n2/8/1P2PP1P/8/3qN1K1/Q1R1R3 b - - 2 43,1.0,b
4r3/p2r1kpp/5n2/2Q5/1P2PP1P/8/3qN1K1/2R1R3 b - - 6 45,1.0,b
4r3/p4kpp/3r1n2/4P3/1P3P1P/8/4N1K1/2R1R3 b - - 0 47,1.0,b
4r3/p5pp/1r3k2/1P6/5P1P/8/4N1K1/2R1R3 b - - 0 49,1.0,b
4r3/p4kpp/8/1r6/5P1P/8/2R1N1K1/R7 b - - 3 51,1.0,b
8/p3rkpp/8/7r/5P2/8/R1R1N1K1/8 b - - 1 53,1.0,b
8/p3r1pp/R4k2/3r4/5P2/6N1/2R3K1/8 b - - 5 55,1.0,b
8/p2r1kpp/8/3r4/5P2/6N1/2R3K1/7R b - - 9 57,1.0,b
8/p4kpp/8/8/5P2/5KN1/3r4/7R b - - 1 59,1.0,b
8/p4kpR/8/8/5P2/3r2N1/4K3/8 b - - 2 61,1.0,b
8/p4kp1/8/8/5P2/1r6/5K2/7R b - - 3 63,1.0,b
8/pr3kp1/8/8/5P2/5K2/8/2R5 b - - 7 65,1.0,b
8/p2r2p1/R5k1/8/5P2/5K2/8/8 b - - 11 67,1.0,b
8/p2r2p1/6k1/R4P2/8/5K2/8/8 b - - 0 69,1.0,b
8/p5p1/5k2/3R1P2/5K2/8/8/8 w - - 0 72,1.0,w
5k2/p5p1/R7/5P2/5K2/8/8/8 w - - 4 74,1.0,w
5k2/R5p1/8/5PK1/8/8/8/8 w - - 3 76,1.0,w
5k2/6R1/8/5PK1/8/8/8/8 w - - 1 78,1.0,w
5k2/4R3/5P2/6K1/8/8/8/8 w - - 3 80,1.0,w
5k2/8/5P2/5K2/8/8/8/4R3 w - - 7 82,1.0,w
8/5k2/5P1K/8/8/8/8/4R3 w - - 11 84,1.0,w
5k2/8/5P2/6K1/8/8/8/R7 w - - 15 86,1.0,w
5k2/8/5PK1/8/8/8/8/3R4 w - - 19 88,1.0,w
5k2/8/5PK1/8/8/8/8/3R4 w - - 23 90,1.0,w
rnbqk1nr/pp3ppp/2pb4/3pp3/2P5/1P2P3/PB1P1PPP/R2QKBNR w KQkq - 0 5,0.0,w
rn1qk2r/pp3ppp/2pb1n2/3pNb2/2P5/1P2P3/PB1P1PPP/R2QKB1R w KQkq - 1 7,0.0,w
r2qk2r/pp1n1ppp/2p2n2/3pbb2/2P3P1/1P2PP2/PB1P3P/R2QKB1R w KQkq - 0 9,0.0,w
r2qk2r/pp3ppp/2p2n2/4nP2/2Pp4/1P2PP2/P2P3P/R2QKB1R w KQkq - 0 11,0.0,w
r2qk2r/pp3ppp/2p2n2/5P2/2P2Pn1/1P2p2B/P2P3P/R2QK2R w KQkq - 0 13,0.0,w
r3k2r/pp3ppp/2p2n2/5P2/2P2PB1/1P1q4/P2p3P/R2Q1K1R w kq - 2 15,0.0,w
r2k3r/pp3ppp/2p2n2/5P2/2Pq1PB1/1P6/P2p2KP/R2Q3R w - - 6 17,0.0,w
r2k3r/pp3ppp/2p2n2/5P2/2P1q3/1P6/P2pB1KP/R2QR3 w - - 2 19,0.0,w
r2kr3/pp3ppp/2p2n2/5P2/2P4K/1P2q3/P2pB2P/R2QR3 w - - 6 21,0.0,w
r2kr3/pp3ppp/2p2n2/5PK1/2P5/1P1B4/P2p3q/R2QR3 b - - 1 23,0.0,b
5k2/p1rr1ppp/1p3n2/1P6/2B1PP1n/R5NP/6P1/R5K1 b - - 0 39,0.0,b
5k2/R2r1ppp/1p6/1P1nP3/2r2P1n/6NP/6P1/R5K1 b - - 0 41,0.0,b
5k2/R4ppp/1p6/1P1nP3/5P1n/6NP/5KP1/2r5 b - - 2 43,0.0,b
R4k2/5ppp/1p6/1P2P3/5n1n/7P/2r1NKP1/8 b - - 3 45,0.0,b
R7/4kppp/1p6/1P2P3/7K/7P/2r1n1P1/8 b - - 0 47,0.0,b
R7/4kpp1/1p5p/1P2P2K/2r5/7P/4n1P1/8 b - - 1 49,0.0,b
r1b2rk1/pp3ppp/1np2n2/3pp3/2P5/qP2P3/P2PNPPP/1BRQ1RK1 w - - 4 12,0.0,w
r1b3k1/pp3ppp/1np2n2/3rp3/8/qP2P3/P2PNPPP/1BRQR1K1 w - - 0 14,0.0,w
r1b3k1/pp1r1ppp/1npq1n2/4p3/8/1PN1P3/P1RP1PPP/1B1QR1K1 w - - 4 16,0.0,w
r1b3k1/pp1r1ppp/1npq1n2/4p3/8/1P2PQ2/P1RPNPPP/1B2R1K1 w - - 8 18,0.0,w
r1br2k1/pp3ppp/1npq1n2/8/4p3/1P2P1N1/P1RP1PPP/1B1QR1K1 w - - 2 20,0.0,w
r1br2k1/pp3ppp/1nq5/8/4n3/1P2P3/P2P1PPP/1B1QR1K1 w - - 0 22,0.0,w
r1br2k1/pp3ppp/1n4q1/8/8/1P1PP3/P4PPP/3QR1K1 w - - 1 24,0.0,w
r1r3k1/ppQ2ppp/1n4q1/5b2/8/1P1PP3/P4PPP/4R1K1 w - - 5 26,0.0,w
1rr3k1/Q4ppp/1n4q1/8/8/1P1bP3/P4PPP/4R1K1 w - - 0 28,0.0,w
1rr3k1/5ppp/1n4q1/3b4/8/QP2P1P1/P4P1P/4R1K1 w - - 1 30,0.0,w
1rr3k1/5ppp/1n6/Q2b4/8/1P2PqP1/P6P/4R1K1 w - - 0 32,0.0,w
1rr3k1/5ppp/8/3n4/8/1P2q1P1/P6P/5RK1 w - - 0 34,0.0,w
1r4k1/5ppp/7q/3n4/8/1P4PK/P1r4P/5R2 w - - 4 36,0.0,w
rnbqkb1r/pp3ppp/2p2n2/4p3/2Pp4/4P3/PPQPBPPP/RNB2RK1 w kq - 0 6,1.0,w
rnbqk2r/pp3ppp/2p2n2/4b3/2P5/8/PPQPBPPP/RNB2RK1 w kq - 0 8,1.0,w
r1bqk2r/pp3ppp/2n2n2/2p1b3/2P5/2N5/PPQPBPPP/R1B1R1K1 w kq - 2 10,1.0,w
r1bq1rk1/p4ppp/2p2n2/2p1b3/2P5/2N5/PPQP1PPP/R1B1R1K1 w - - 0 12,1.0,w
r3qrk1/p4ppp/2p2n2/2p1bb2/2P5/N7/PPQP1PPP/R1B1R1K1 w - - 4 14,1.0,w
r4rk1/p4ppp/2p2n2/2p2Q2/2P5/N7/PP1P1PPK/R1B1q3 w - - 0 16,1.0,w
r1q2rk1/p4ppp/2p2n2/2Q5/2P2P2/N7/PP1P2PK/R1B5 w - - 1 18,1.0,w
r3r1k1/p2q1ppp/2p2n2/8/2P2P2/8/PPNP2PK/R1B3Q1 w - - 5 20,1.0,w
r5k1/p2qrppp/2p5/8/2P1nP2/4N1K1/PP1P2P1/R1B3Q1 w - - 9 22,1.0,w
r5k1/p3rppp/2p5/8/2P2P1K/4N3/PP1q2P1/R5Q1 w - - 0 24,1.0,w
r5k1/p3rppp/8/3p4/2P2P1K/8/Pq4P1/3R2Q1 w - - 0 26,1.0,w
r5k1/p4ppp/3P4/8/4rP1K/8/q5P1/3R2Q1 w - - 1 28,1.0,w
r5k1/R4ppp/3Pq3/8/5r1K/8/6P1/6Q1 w - - 0 30,1.0,w
r5k1/R4ppp/3P4/8/5rq1/8/6P1/6QK w - - 4 33,1.0,w
R6k/3P1ppp/8/8/5rq1/8/6PK/6Q1 b - - 0 35,1.0,b
5k2/p1rr1ppp/1p6/1P2P3/4nP1n/R6P/4N1P1/R5K1 w - - 1 41,0.5,w
8/p1rrkppp/1p6/1P2Pn2/4nP2/R5PP/4N1K1/R7 w - - 3 43,0.5,w
8/p2rkppp/1p6/1P2P3/4nPPn/R6P/2r1N3/R5K1 w - - 3 45,0.5,w
8/p1rrkppp/1p6/1P2PP2/6Pn/R6P/3nN3/R4K2 w - - 1 47,0.5,w
8/p1r1kppp/1p6/1P1rPP2/4n1Pn/R6P/4N3/R5K1 w - - 5 49,0.5,w
8/p1r2kpp/1p6/1r3P2/4n1Pn/R6P/4N3/R5K1 w - - 0 51,0.5,w
8/R1r2kpp/1p6/1r3P2/6P1/5n1P/4Nn2/R6K w - - 3 53,0.5,w
8/R1r2kpp/1p6/2r2Pn1/6P1/7P/4NK2/R7 w - - 1 55,0.5,w
8/4rkpp/1p6/5Pn1/6P1/R6P/4NK2/8 w - - 2 57,0.5,w
8/2r2kpp/1p6/5P2/4n1P1/R6P/8/2N2K2 w - - 6 59,0.5,w
8/2r1k1pp/8/1p3P2/4n1P1/R2N3P/6K1/8 w - - 0 61,0.5,w
8/4k1pp/8/1p3P2/6PP/R2N4/2rn4/5K2 w - - 3 63,0.5,w
8/2r1k1pp/8/1p3P2/6PP/R2N1n2/8/3K4 w - - 7 65,0.5,w
8/4k1pp/8/1p3P2/6Pn/1R1N4/2r1K3/8 w - - 2 67,0.5,w
3r4/4k1pp/8/1R3P2/6Pn/3NK3/8/8 w - - 1 69,0.5,w
3r4/1R4pp/5k2/5P2/6Pn/3NK3/8/8 w - - 5 71,0.5,w
2r5/6Rp/8/5kP1/7n/3NK3/8/8 w - - 1 73,0.5,w
4r3/7R/8/6k1/7n/3N4/5K2/8 w - - 0 75,0.5,w
4r3/2R5/5k2/5n2/8/3N4/5K2/8 w - - 4 77,0.5,w
4r3/8/6k1/2R2n2/8/3N4/5K2/8 w - - 8 79,0.5,w
4r3/8/5k2/3R4/8/4n3/5K2/2N5 w - - 12 81,0.5,w
4r3/3R4/6k1/8/8/4n3/5K2/2N5 w - - 16 83,0.5,w
4r3/8/3R4/5n1k/8/3N4/5K2/8 w - - 20 85,0.5,w
8/8/R7/5nk1/8/3Nr3/5K2/8 w - - 24 87,0.5,w
4r3/8/R7/5n2/5k2/5N2/5K2/8 w - - 28 89,0.5,w
8/8/3n4/8/4rk2/5N2/5K2/R7 w - - 32 91,0.5,w
8/8/8/6k1/2n1r3/3N4/5K2/R7 w - - 36 93,0.5,w
8/8/8/8/2r3k1/3N4/5K2/8 w - - 0 95,0.5,w
8/8/8/8/2N1k3/8/5K2/8 w - - 1 97,0.5,w
8/8/8/6k1/8/8/5K2/3N4 w - - 5 99,0.5,w
8/8/8/8/6k1/8/5K2/3N4 w - - 9 101,0.5,w
8/8/5k2/8/4K3/8/8/3N4 w - - 13 103,0.5,w
8/8/8/3K2k1/8/4N3/8/8 w - - 17 105,0.5,w
8/5k2/8/4K3/8/8/2N5/8 w - - 21 107,0.5,w
8/8/3K4/6k1/8/4N3/8/8 w - - 25 109,0.5,w
8/8/8/3K2k1/2N5/8/8/8 w - - 29 111,0.5,w
8/8/8/N3K3/8/6k1/8/8 w - - 33 113,0.5,w
8/8/8/5K2/2N5/8/5k2/8 w - - 37 115,0.5,w
8/8/8/8/2N5/4K1k1/8/8 w - - 41 117,0.5,w
8/8/8/4N2k/5K2/8/8/8 w - - 45 119,0.5,w
rnb2rk1/pp2qppp/2p2n2/3pp3/2P5/bP2P3/PBBPNPPP/1R1QK2R b K - 9 9,0.0,b
rn2qrk1/pp3ppp/2p1bB2/3p4/2P5/bP2P3/P1BPNPPP/1R1QK2R b K - 0 11,0.0,b
r3qrk1/pp1n1p1p/2p1bp2/3p3Q/2PN4/bP2P3/P1BP1PPP/1R2K2R b K - 3 13,0.0,b
r3Qrk1/pp1n3p/2p1p3/3p1p2/2P5/bP2P3/P1BP1PPP/1R2K2R b K - 0 15,0.0,b
4rr2/pp1n2kp/2p1p3/3p1p2/2P5/bP2PK2/P1BP1PPP/1R5R b - - 3 17,0.0,b
4rr2/pp4kp/2p1p3/4np2/2P2K2/b3P3/P1BP1PPP/1R5R b - - 2 19,0.0,b
4r3/p4Rkp/2p1p3/5p2/2n2K2/b3P3/P1BP1PPP/7R b - - 0 21,0.0,b
4r3/p4k1p/2pbp3/5B2/2n1K3/4P3/P2P1PPP/7R b - - 2 23,0.0,b
4r3/p4k1p/2pb4/4np2/8/4P3/P1KP1PPP/7R b - - 3 25,0.0,b
4r3/pR3k1p/2pb4/5p2/8/4P3/P1KP1nPP/8 b - - 1 27,0.0,b
8/pr3k1p/2p5/5p2/1b6/4P2P/P1KP1nP1/8 w - - 1 30,0.0,w
8/pr3k1p/2p5/8/3Pp3/7P/P1K2nP1/4b3 w - - 0 32,0.0,w
8/p4k1p/2p5/8/3Pp3/3n3P/P5P1/1r1Kb3 w - - 4 34,0.0,w
8/p6p/2p1k3/8/3Pp3/3n3P/P1K3P1/4b3 b - - 2 36,0.0,b
8/p6p/2p1k3/8/3Pp3/P6P/6n1/3Kb3 b - - 0 38,0.0,b
8/p7/2pk3p/8/P2Pp2P/8/6n1/3Kb3 b - - 0 40,0.0,b
8/p7/2pk3p/P7/3Pp3/8/4K1n1/4b3 b - - 2 42,0.0,b
8/p7/2pk3p/b7/3P4/4pK2/6n1/8 b - - 1 44,0.0,b
8/p7/2pk4/7p/3P4/2bKp3/6n1/8 b - - 1 46,0.0,b
8/p7/2pk4/8/3b3p/4p3/6n1/5K2 b - - 1 48,0.0,b
8/p7/2pk4/8/3b4/3Kp3/6np/8 b - - 1 50,0.0,b
8/p7/2pk4/8/8/2K5/4p1n1/7q b - - 1 52,0.0,b
8/p7/2pk4/8/8/4n3/K7/4q2q b - - 3 54,0.0,b
8/p7/3k4/2p5/8/K5q1/6n1/7q w - - 3 57,0.0,w
8/p7/8/2p1k3/8/6q1/K5n1/7q b - - 7 59,0.0,b
8/8/p2k4/2p5/8/3q4/1K4n1/7q w - - 1 62,0.0,w
8/8/p2k4/8/2p5/3q4/1K4n1/1q6 w - - 2 64,0.0,w
3r2k1/pb3ppp/1p3n2/8/1PBrP2n/6NP/5PP1/2R1R1K1 w - - 0 32,1.0,w
3r2k1/pb3ppp/1p3n2/4P3/1PBr1n2/6NP/4RP2/2R3K1 w - - 2 34,1.0,w
6k1/pb3ppp/1p3n2/4P3/1PR2n2/6NP/R4P2/3r2K1 w - - 1 36,1.0,w
2R1n1k1/p4ppp/1p6/3bP3/1P3n2/6NP/R4P1K/3r4 w - - 5 38,1.0,w
3r2k1/pb3ppp/1p3n2/8/1PBrP2n/5PNP/6P1/2R1R1K1 b - - 0 32,0.0,b
3r2k1/p4p1p/1p3np1/3BP3/1P1r3n/5PNP/6P1/2R1R1K1 b - - 0 34,0.0,b
3r2k1/p4p1p/1p4p1/1P1nP3/7n/5PNP/3rR1P1/2R3K1 b - - 2 36,0.0,b
3r4/p4pkp/1p4p1/1P1nP3/7n/5P1P/4N1P1/3R2K1 b - - 2 38,0.0,b
3r4/p4pkp/1p4p1/1P1nP3/3R4/4nPNP/8/6K1 b - - 3 40,0.0,b
2r5/p4pkp/1p4p1/1P1RPn2/4N3/5P1P/8/6K1 b - - 0 42,0.0,b
8/p4pkp/1p4p1/1P1RPn2/8/5P1P/2rN1K2/8 b - - 4 44,0.0,b
8/p1r2pkp/1p4p1/1P2P3/5P1n/3R3P/3N1K2/8 b - - 2 46,0.0,b
8/p2R2kp/1p2p1p1/1Pr5/5P1n/7P/3N1K2/8 b - - 1 48,0.0,b
8/R6p/1p2p1pk/1r6/5P1n/5N1P/5K2/8 b - - 1 50,0.0,b
8/R6p/1p2p1pk/8/5P1N/7P/2r5/8 w - - 1 53,0.0,w
8/R6p/1p2p2k/2r2p2/5P1P/8/8/8 w - - 1 55,0.0,w
5k2/p1rr1ppp/1p3n2/1P2P3/5P1n/R6P/4N1P1/R5K1 b - - 0 40,1.0,b
5k2/p1rr2pp/1p2p3/1P1n4/5P1n/3R3P/4N1P1/R5K1 b - - 1 42,1.0,b
5k2/p1r3pp/1p1rpn2/1P6/3N1P1n/3R2PP/8/R5K1 b - - 0 44,1.0,b
5k2/p1r3pp/1p2p3/1P1n4/3r1P1P/R6P/8/R5K1 b - - 0 46,1.0,b
5k2/R1r3pp/1p2p3/1P6/3r3P/7n/6K1/R7 b - - 1 48,1.0,b
5k2/3R2pp/1p2p3/1P6/7P/5K1n/3r4/R7 b - - 0 50,1.0,b
3R1k2/6pp/1p2p3/1P6/7P/5K1n/8/8 b - - 0 52,1.0,b
1R6/5kpp/1p2p3/1P6/7P/8/6K1/6n1 b - - 4 54,1.0,b
1R6/5kpp/1p2p3/1P6/3n3P/8/5K2/8 b - - 8 56,1.0,b
5k2/6pp/1R2p3/1n6/7P/8/5K2/8 w - - 0 59,1.0,w
8/4k1p1/4p2p/7R/7P/8/5K2/8 w - - 0 61,1.0,w
8/5kp1/4p2p/1R6/7P/8/5K2/8 w - - 4 63,1.0,w
8/3k2p1/4p2p/R7/7P/5K2/8/8 w - - 8 65,1.0,w
5k2/6R1/4p2p/8/7P/5K2/8/8 w - - 1 67,1.0,w
5k2/2R5/4p2p/7P/8/5K2/8/8 w - - 1 69,1.0,w
3k4/2R5/4p2p/4K2P/8/8/8/8 w - - 5 71,1.0,w
1k6/8/4p2R/4K2P/8/8/8/8 w - - 1 73,1.0,w
8/1k6/4R2P/4K3/8/8/8/8 w - - 1 75,1.0,w
7Q/3k4/4R3/4K3/8/8/8/8 w - - 1 77,1.0,w
3rr1k1/pb3p1p/1p3np1/2p1q3/1P2P2n/P2B2NP/4QPP1/2R1R1K1 w - - 0 27,0.0,w
3r2k1/pb2rp1p/1p3np1/2p5/1PB1Pq1n/P5NP/Q4PP1/2R1R1K1 w - - 4 29,0.0,w
6k1/pb3r1p/1p3np1/2P5/4Pq1n/P5NP/Q2r1PP1/2R1R1K1 w - - 1 31,0.0,w
6k1/pb3r1p/1P4p1/8/4n2n/P5NP/3q1PP1/2R1R1K1 w - - 0 33,0.0,w
2R5/p4rkp/1P4p1/8/4b2n/P6P/3q1PP1/4R1K1 w - - 2 35,0.0,w
6k1/p4r1p/1P4p1/6q1/4b2n/P6P/5PP1/5RK1 w - - 2 37,0.0,w
6k1/p4r1p/1P4pq/8/4b3/P4nPP/5P2/5R1K w - - 3 39,0.0,w
6k1/p4r1p/1P4pq/8/4b3/P4nP1/8/5R1K w - - 0 41,0.0,w
8/p4rkp/1P4pq/8/4b3/P4nP1/5K2/3R4 b - - 4 43,0.0,b
3r2k1/pb3ppp/1p2rn2/1B2q3/1P2P2n/6NP/4QPP1/2R1R1K1 b - - 0 28,0.0,b
3r2k1/pb3Bpp/3r1n2/1p2q3/1P2P2n/6NP/4QPP1/2R1R1K1 b - - 0 30,0.0,b
8/pb1R1kpp/3r1n2/1p2q3/1P2P2n/6NP/4QPP1/4R1K1 b - - 0 32,0.0,b
5k2/pb1r2pp/5n2/1p2q3/1P2P2n/6NP/5PP1/Q3R1K1 b - - 3 34,0.0,b
5k2/p2r2pp/5n2/1p6/1P2N2n/7P/5PP1/R5K1 b - - 0 36,0.0,b
5k2/p2r2pp/5n2/1p6/1P5n/7P/5PP1/4RK2 b - - 3 38,0.0,b
8/p4kpp/5n2/1p2R3/1P5n/7P/4KPP1/3r4 b - - 7 40,0.0,b
8/p4kpp/8/1p1n4/1P5n/6PP/4KP2/8 b - - 0 42,0.0,b
8/p4kpp/8/1p3n2/1n6/6PP/3K1P2/8 b - - 1 44,0.0,b
8/p4kpp/3n4/1p6/6P1/7P/n1K2P2/8 b - - 2 46,0.0,b
8/p4kpp/8/1p4n1/6P1/1K3P1P/n7/8 b - - 2 48,0.0,b
8/p4kpp/8/1p4n1/6P1/5P1P/2K1n3/8 b - - 6 50,0.0,b
8/p4kpp/8/1p6/3n2P1/4KP1n/8/8 b - - 3 52,0.0,b
8/p4kpp/8/1p6/3n2P1/4KP1n/8/8 b - - 7 54,0.0,b
8/p4kpp/8/1p4n1/6P1/4KP1n/8/8 b - - 11 56,0.0,b
8/p4kpp/8/6P1/6P1/1p2K2n/8/8 b - - 0 58,0.0,b
8/p4kpp/8/3K2P1/6P1/7n/8/1q6 b - - 1 60,0.0,b
8/p4kpp/8/6n1/2K3P1/8/8/3q4 b - - 1 62,0.0,b
8/p4kpp/8/2K3n1/4q3/8/8/8 b - - 3 64,0.0,b
8/p4kpp/2K1n3/8/3q4/8/8/8 b - - 7 66,0.0,b
3n4/1K3kpp/p7/2q5/8/8/8/8 w - - 2 69,0.0,w
3n4/K4k1p/6p1/8/1q6/8/8/8 b - - 1 71,0.0,b
rn1q1rk1/ppb2ppp/2p2nb1/2Pp4/1P3P2/3BP3/PBQ3PP/RN3RK1 w - - 1 13,0.5,w
rn3rk1/ppb1qppp/2p2n2/2Pp1P1b/1P1B4/3BP3/P1Q3PP/RN3RK1 w - - 3 15,0.5,w
rn3rk1/ppbq1p1p/2p2p2/2Pp1P1b/1P6/3BP1P1/P1Q4P/RN3RK1 w - - 0 17,0.5,w
rn2r1k1/pp1q1p1p/2p2p2/2PpbP1b/1P6/2NBP1P1/P1Q4P/R3R1K1 w - - 4 19,0.5,w
rnq1r1k1/pp3p1p/2p2p2/2PpbP2/1P6/2N1P1P1/P1Q1b2P/2R1R1K1 w - - 0 21,0.5,w
rnq1rk2/pp3p1p/2p2p2/2Pp1P2/1P4Q1/2b1P1P1/P6P/2R1R1K1 w - - 2 23,0.5,w
r3rk2/pp3p1p/n1p2p2/2Pp1q2/1P5Q/2R1P1P1/P6P/4R1K1 w - - 0 25,0.5,w
r3rk2/pp3p1p/n1p2p2/2Pp1q2/1P5Q/2R1P1P1/P3RK1P/8 w - - 4 27,0.5,w
r3rk2/pp3p1p/n1p2p2/2Pp4/1P5Q/4P1P1/P3R2P/2q1K3 w - - 0 29,0.5,w
r3rk2/pp3p1p/n1p2Q2/2Pp4/1q6/4P1P1/P3RK1P/8 w - - 0 31,0.5,w
r3rk2/pp3p1p/n1p5/2Pp2Q1/1q6/4P1P1/P3RK1P/8 w - - 4 33,0.5,w
r3rk2/pp3p1p/n1p5/2Pp2Q1/1q6/4P1P1/P3RK1P/8 w - - 8 35,0.5,w
rnbqkb1r/pp1p1ppp/2p2n2/8/2P1p3/4P3/PPQPBPPP/RNB1K2R w KQkq - 0 5,0.0,w
rnb1kb1r/pp1p1ppp/2p2n2/4q3/2P1p3/2N1P3/PPQPBPPP/R1B2RK1 w kq - 4 7,0.0,w
r1b1k2r/pp1p1ppp/n1pb1n2/4q3/2P1P3/2N1P3/PPQPB1PP/R1B2RK1 w kq - 1 9,0.0,w
r1b1k2r/pp1p1ppp/n1p2n2/8/2PPP3/2N1P1b1/PPQ1BKPq/R1B2R2 w kq - 2 11,0.0,w
r3k2r/pp3ppp/n1pp1n2/3N4/2PPP1b1/4PKb1/PPQ1B1Pq/R1B2R2 w kq - 2 13,0.0,w
3rr1k1/p2bqppp/5nn1/1pp5/8/1P2P1NP/P3QPP1/1BR1R1K1 w - - 0 23,0.0,w
3rr1k1/p2b1pp1/5np1/1pp1q3/8/1P2PQNP/P4PP1/2R1R1K1 w - - 0 25,0.0,w
r3r1k1/Q2b1pp1/4qnp1/1pp5/8/1P2P1NP/P4PP1/2R1R1K1 w - - 1 27,0.0,w
4r1k1/3b1pp1/5np1/1pQ5/8/1q2P1NP/r4PP1/2RR2K1 w - - 0 29,0.0,w
4r1k1/3b1p2/5pp1/1pQ5/q7/4P1NP/r4PP1/2R3K1 w - - 0 31,0.0,w
4r1k1/5p2/4bpp1/1p6/8/4P1NP/q4PP1/2R3K1 w - - 0 33,0.0,w
4r3/5pk1/4bpp1/1p6/4N3/4P2P/2q2PP1/3R2K1 w - - 4 35,0.0,w
4r3/5pk1/5pp1/1p1b4/4q3/4P2P/1R3PP1/6K1 w - - 2 37,0.0,w
4r3/5pk1/5pp1/1p1b4/8/5P1P/1R4P1/2q4K w - - 2 39,0.0,w
4r3/5pk1/5pp1/1p6/8/5b1P/1q4P1/6K1 w - - 0 41,0.0,w
r3r1k1/p2bqppp/1pp2n2/4nN2/8/1P2P2P/P1Q2PP1/1BRR2K1 b - - 3 19,1.0,b
r2r1qk1/p2b1ppp/1pp2n2/4n3/4N3/1P2P2P/P1Q2PP1/1BRR2K1 b - - 7 21,1.0,b
r2r1qk1/p2b1ppp/1pp3n1/8/4Q3/1P1BP2P/P4PP1/2RR2K1 b - - 2 23,1.0,b
r2r2qk/p2b1ppp/1pp3n1/8/4Q3/1P1BPP1P/P1R3P1/3R2K1 b - - 0 25,1.0,b
2rr2qk/p4ppp/1p2b1n1/8/4Q3/1P1BPP1P/P1R3P1/3R2K1 b - - 2 27,1.0,b
3r2qk/p4ppp/1p4n1/8/4Q3/1P2PP1P/P1B5/3R2K1 b - - 0 29,1.0,b
3q3k/p4ppp/6n1/1p6/3Q4/1P2PP1P/P1B5/6K1 b - - 1 31,1.0,b
7k/Q4ppp/8/1p2n1q1/8/1P2PP1P/P1B5/5K2 b - - 0 33,1.0,b
3q3k/5ppp/8/1Q6/8/1P2Pn1P/P1B5/5K2 b - - 0 35,1.0,b
3q3k/5ppB/8/1Q6/8/1P2Pn1P/P4K2/8 b - - 2 37,1.0,b
7k/5ppB/8/1Q6/4K3/1P2P2q/P7/8 b - - 1 39,1.0,b
8/5ppk/8/5K2/8/1P2P3/P7/8 b - - 0 41,1.0,b
8/5pp1/8/4PK1k/8/1P6/P7/8 b - - 0 43,1.0,b
8/5p2/5Kpk/4P3/1P6/8/P7/8 b - - 1 45,1.0,b
8/5p2/1P3K2/4P1pk/8/8/P7/8 b - - 0 47,1.0,b
1Q6/5p2/5K2/4P1p1/5k2/8/P7/8 b - - 0 49,1.0,b
8/5Q2/5K2/4P1p1/8/3k4/P7/8 b - - 0 51,1.0,b
8/4PQ2/5K2/8/8/3k2p1/P7/8 b - - 0 53,1.0,b
4Q3/8/5K2/8/8/1Q3kp1/P7/8 b - - 2 55,1.0,b
8/8/5K2/8/8/6Q1/P6k/4Q3 b - - 0 57,1.0,b
r1b1r1k1/pp1n1ppp/3q1n2/2pp4/2PN4/1P2P2P/P4PP1/1BRQ1RK1 w - - 0 15,0.5,w
r1b1r1k1/pp1n1ppp/5n2/1qpP4/8/1P2P2P/P4PP1/1BRQ1RK1 w - - 0 17,0.5,w
r1b1r1k1/pp1n1pp1/5n1p/2pP4/1q6/1P2P1PP/P4P2/1BRQR1K1 w - - 1 19,0.5,w
r1b1r1k1/pp1n1pp1/5n1p/2pP4/q7/1P2P1PP/P4P2/1B1QR1K1 w - - 0 21,0.5,w
r3r1k1/pp3pp1/1n3n1p/2pP4/P7/4P1Pb/P4P2/1BQ1R1K1 w - - 0 23,0.5,w
2r1r1k1/pp3pp1/1n5p/3n4/P7/4P1Pb/P4P2/1BQ1R1K1 w - - 2 25,0.5,w
3rr1k1/pp3pp1/1n3n1p/8/P2Q4/4P1Pb/P4P2/1B2R1K1 w - - 6 27,0.5,w
3rr1k1/pp3pp1/4bn1p/8/n7/4P1P1/P4P2/QBR3K1 w - - 2 29,0.5,w
3rr1k1/pp3pp1/1n3n1p/8/8/1b2P1P1/P4P2/Q1R3K1 w - - 0 31,0.5,w
3rr1k1/Qp3pp1/1n5p/8/8/1P2n1P1/5P2/2R3K1 w - - 0 33,0.5,w
4r1k1/1p3pp1/1Q5p/8/8/1P4P1/5P2/3n2K1 w - - 0 35,0.5,w
6k1/5pp1/7p/8/8/1Pn3P1/5PQ1/4r1K1 w - - 3 37,0.5,w
5k2/1Q2rpp1/7p/8/8/1Pn3P1/5P1K/8 w - - 7 39,0.5,w
5k2/5pp1/7p/8/8/1PQ3P1/4rP1K/8 w - - 1 41,0.5,w
5k2/5pp1/7p/2r5/8/1PQ3P1/5P1K/8 w - - 5 43,0.5,w
2r2k2/5pp1/8/7p/5Q2/1P4P1/5P1K/8 w - - 0 45,0.5,w
2r5/5ppk/3Q4/7p/8/1P4P1/5PK1/8 w - - 4 48,0.5,w
7k/5pp1/3Q4/7p/8/1P4P1/2r1KP2/8 w - - 8 50,0.5,w
8/5ppk/8/7p/5Q2/1P4P1/2K2P2/8 b - - 2 52,0.5,b
8/6p1/5pk1/7p/4Q3/1P4P1/3K1P2/8 b - - 1 54,0.5,b
8/5k2/5pp1/7p/4Q3/1P4P1/3K1P2/8 b - - 1 56,0.5,b
8/8/4kp2/6pQ/8/1P4P1/3K1P2/8 b - - 0 58,0.5,b
8/7Q/3k1p2/6p1/8/1P1K2P1/5P2/8 b - - 4 60,0.5,b
8/7Q/5p2/5kp1/8/1P1K2P1/5P2/8 b - - 8 62,0.5,b
8/7Q/5p2/5kp1/8/1P1K2P1/5P2/8 b - - 12 64,0.5,b
3rr1k1/p2bqppp/1pp2n2/4n3/8/1P2P1NP/P1Q2PP1/1BRR2K1 b - - 5 20,0.0,b
3rr2k/p2b1ppp/1pp2n2/4n3/8/qPQ1P1NP/P1R2PP1/1B1R2K1 b - - 9 22,0.0,b
3rrqk1/p2b1ppp/1pp2n2/4n3/4N3/1PQ1P2P/P2R1PP1/1B1R2K1 b - - 13 24,0.0,b
3rrqk1/p4ppp/1pp1b3/3nQ3/4N3/1P2P2P/P2R1PP1/1B1R2K1 b - - 0 26,0.0,b
3rq1k1/p4ppp/1pp5/3n4/4N1P1/1P2P3/P2R1PP1/1B1R2K1 b - - 0 28,0.0,b
3r2k1/p1q2ppp/1pp5/3n2N1/6P1/1P2P3/P2R1PP1/1BR3K1 b - - 4 30,0.0,b
3q2k1/p4ppB/1pp5/6N1/6P1/1P2n3/P4PP1/2R3K1 b - - 0 32,0.0,b
3q4/p4kpB/1pp5/8/6P1/1P2P3/P5P1/2R3K1 b - - 0 34,0.0,b
3q4/p3k1p1/1p4B1/2p5/6P1/1P2P3/P5P1/5RK1 b - - 3 36,0.0,b
7q/p3kRp1/1p4B1/2p5/6P1/1P2P1P1/P7/6K1 b - - 2 38,0.0,b
8/p5p1/1p2k1B1/2p3P1/8/1P2PRPq/P7/6K1 b - - 2 40,0.0,b
7q/p4Rp1/1p6/2p1k1P1/8/1P1BP1P1/P7/6K1 b - - 6 42,0.0,b
1q6/R5p1/1p2k3/2p3P1/2B5/1P2P1P1/P7/6K1 b - - 2 44,0.0,b
8/6R1/1p6/2p2kP1/2B5/1P2P1q1/P7/5K2 b - - 1 46,0.0,b
8/6R1/1p6/2p2kP1/2B5/1P2q3/P5K1/8 b - - 1 48,0.0,b
8/6q1/1p6/2p3k1/8/1P1B4/P5K1/8 w - - 0 51,0.0,w
8/8/1p6/2p3k1/2B5/1P6/q7/5K2 w - - 0 53,0.0,w
8/8/1p3k2/2pB4/8/1P6/8/1q4K1 w - - 4 55,0.0,w
8/8/5kq1/1ppB4/8/1P6/8/5K2 w - - 0 57,0.0,w
8/8/5k2/1ppq4/1P6/8/5K2/8 w - - 0 59,0.0,w
8/8/2q2k2/8/1p6/8/5K2/8 w - - 0 61,0.0,w
8/8/2q2k2/8/8/8/1p2K3/8 w - - 0 63,0.0,w
8/8/2q2k2/8/5K2/1r6/8/8 w - - 2 65,0.0,w
8/8/5k2/8/1r5K/5q2/8/8 w - - 6 67,0.0,w
r2qr1k1/ppb2ppp/2p2nb1/2Pp4/PP1BnP2/3BP3/2Q3PP/RN3RK1 w - - 1 15,0.0,w
r2qr1k1/ppb2ppp/2p2n2/2Pp1b2/PP1B1P2/4P3/3Q2PP/RN3RK1 w - - 2 17,0.0,w
r3r1k1/ppb1qppp/2p5/2Pp1b2/PP1BnP2/2N1P3/3Q2PP/R2R2K1 w - - 6 19,0.0,w
r3r1k1/ppb2ppp/2p5/2Pp4/PP1BbP1q/4P3/6PP/R1QR2K1 w - - 0 21,0.0,w
r5k1/ppb2ppp/2p5/2Ppr3/PP2bPq1/4P3/3R2PP/R1Q3K1 w - - 0 23,0.0,w
4r1k1/pp3ppp/2p5/2Ppb3/PP2b1q1/4P3/R2R2PP/2Q3K1 w - - 2 25,0.0,w
4r1k1/pp3ppp/2p5/2Pp4/Pb2b1q1/4P3/R2R1QPP/6K1 w - - 0 27,0.0,w
4r1k1/pp3ppp/2p5/2Pp1q2/Pb2b3/4P3/R2R2PP/5KQ1 w - - 4 29,0.0,w
6k1/pp3ppp/2p5/P1Pp1q2/1b6/4r3/R2R2bP/4K1Q1 w - - 0 31,0.0,w
rnbqk2r/pp3ppp/2pb1n2/2P1p3/3p4/4P3/PPQPBPPP/RNB2RK1 w kq - 0 7,1.0,w
rnb4r/pp2kppp/2pq1n2/4p3/3p4/N3P3/PPQPBPPP/R1B2RK1 w - - 2 9,1.0,w
rnb4r/pp2kppp/2pq1n2/4N3/3p4/4P3/PPQPBPPP/R1B2RK1 w - - 1 11,1.0,w
rn5r/pp2kppp/2pq1n2/8/3P2b1/5N2/PPQPBPPP/R1B2RK1 w - - 3 13,1.0,w
rn3k1r/pp3ppp/2pq1n2/4Nb2/3P4/8/PPQPBPPP/R1B1R1K1 w - - 7 15,1.0,w
r4k1r/pp1n1ppp/2pq4/5Q2/3P4/8/PP1PBPPP/R1B1R1K1 w - - 0 17,1.0,w
4rk1r/pp3ppp/2pq1n2/5Q2/3P4/3P2P1/PP2BP1P/R1B1R1K1 w - - 1 19,1.0,w
6kr/pp3ppp/2pq1n2/5QB1/3P4/3P2P1/PP2RP1P/R5K1 w - - 1 21,1.0,w
6kr/pp3p1p/2p2p2/8/3q4/3P1QP1/PP2RP1P/R5K1 w - - 0 23,1.0,w
5k1r/pp3p1p/2p2p2/3q4/8/3P1QP1/PP2RPKP/1R6 w - - 4 25,1.0,w
7r/pp3pkp/5p2/3p4/8/3P2P1/PP2RPKP/2R5 w - - 2 27,1.0,w
1r6/pp1R1p1p/5pk1/3p4/8/3P2P1/PP2RPKP/8 w - - 6 29,1.0,w
1r6/pp3p1p/5k2/3R1p2/8/3P1KP1/PP2RP1P/8 w - - 2 31,1.0,w
6r1/pp3p1p/3R4/4Rpk1/8/3P1KP1/PP3P1P/8 w - - 6 33,1.0,w
8/pp3p1p/3R4/5Rrk/7P/3P1KP1/PP3P2/8 w - - 1 35,1.0,w
3r2k1/pb3ppp/1p2rn2/4q3/2B1P2n/p5NP/4QPP1/2R1R1K1 w - - 0 29,1.0,w
3r2k1/pb3ppp/1p2qn2/8/4P2n/4Q1NP/p4PP1/2R1R1K1 w - - 0 31,1.0,w
3r2k1/pb3ppp/1p1q1n2/8/4PQ2/6NP/p4PK1/2R1R3 w - - 1 33,1.0,w
3r2k1/pb3ppp/1p3n2/6q1/4P3/5QNP/p3RPK1/2R5 w - - 5 35,1.0,w
2qr2k1/pb3ppp/1p3n2/8/4P2P/5QN1/R4PK1/8 w - - 1 37,1.0,w
6k1/1q1r1ppp/1p3n2/8/4P2P/5QN1/5PK1/8 w - - 0 39,1.0,w
5k2/3r1ppp/1pq2n2/7P/4P3/6N1/4QPK1/8 w - - 1 41,1.0,w
5k2/2qr1p1p/1p3n1p/8/4P3/5PN1/4Q1K1/8 w - - 1 43,1.0,w
3q4/3r1pkp/1p3n1p/8/4P3/Q4PN1/6K1/8 w - - 5 45,1.0,w
3q3k/5p1p/1p3n1N/8/4P3/Q4P2/3r2K1/8 w - - 1 47,1.0,w
2q4k/5p1p/1p5N/7n/4P3/Q4P1K/3r4/8 w - - 5 49,1.0,w
2q5/5pkp/1p6/7n/4P1N1/5P1K/Q7/8 w - - 1 51,1.0,w
2q5/6kp/1Q3p2/8/4PnN1/5P1K/8/8 w - - 1 53,1.0,w
5q2/6kp/1Q3p2/3P4/6NK/5P2/8/8 w - - 1 55,1.0,w
5q2/5k2/5p1Q/3P3p/6NK/5P2/8/8 w - - 2 57,1.0,w
8/5q2/8/3P3p/5PNK/8/8/8 b - - 0 59,1.0,b
8/8/8/3P3K/5q2/8/8/8 b - - 1 61,1.0,b
rnbq1rk1/ppb2ppp/2p2n2/2Ppp3/1P6/2N1P3/P1QPBPPP/R1B2RK1 b - - 2 8,1.0,b
r1bq1rk1/ppbn1ppp/2p2n2/2P1p3/1P1P4/2N5/PBQPBPPP/R4RK1 b - - 0 10,1.0,b
r1bqr1k1/ppbn1ppp/2p2n2/2P5/NP1p4/5B2/PBQP1PPP/R4RK1 b - - 3 12,1.0,b
r2qr1k1/ppb2ppp/2p2n2/2P1nQ2/NP1p4/8/PB1P1PPP/R2B1RK1 b - - 0 14,1.0,b
r2qr1k1/ppb2p1p/2p2np1/2P5/NPnp4/7Q/P2P1PPP/R1BB1RK1 b - - 3 16,1.0,b
r2qr1k1/pp3p1p/2p2np1/2P5/NP1p1b2/1B5Q/P2B1PPP/R4RK1 b - - 0 18,1.0,b
r2qr1k1/pp3p1p/2p2np1/2P5/NP1p1b2/1B3Q2/P4PPP/RR4K1 b - - 3 20,1.0,b
r2q2k1/pp3p1p/2p2n2/2P1r1p1/NP1p1b2/1B3QP1/P4P1P/R2R2K1 b - - 0 22,1.0,b
r2q4/pp3pkp/2p2n2/2P1r3/NP1p1Q2/1B6/P4P1P/R2R2K1 b - - 0 24,1.0,b
r5q1/pp3pkp/2p2n2/2P1Q3/NP1R4/1B6/P4P1P/R5K1 b - - 0 26,1.0,b
r6k/pp3pqp/2p2n2/2P5/NP1R4/1B4Q1/P4P1P/R4K2 b - - 4 28,1.0,b
r5k1/pp3p1p/2p2n2/2P5/NP1R4/1B4P1/P4P2/3R1K2 b - - 2 30,1.0,b
4r3/pp3pkp/2p2n2/2P5/1P1R4/1BN3P1/P4PK1/3R4 b - - 6 32,1.0,b
4r3/1p3pkp/2p2n2/P1P5/3R4/1BN3P1/P4PK1/7R b - - 0 34,1.0,b
8/4rpkp/p1p2n2/2P5/R7/1BN3P1/P4PK1/7R b - - 1 36,1.0,b
8/5pkp/R1p2n2/2r5/N7/1B4P1/P4PK1/7R b - - 1 38,1.0,b
8/5pkp/2R2n2/6r1/N7/1B3KP1/P4P2/7R b - - 2 40,1.0,b
8/5pkp/8/5r2/N3n3/1B4P1/P1R2PK1/7R b - - 6 42,1.0,b
8/5pkp/8/8/N7/1B4P1/P4K2/7R b - - 0 44,1.0,b
8/5pkp/8/8/8/1BN1K1P1/P7/7R b - - 4 46,1.0,b
8/5p1R/8/6k1/8/2N1K1P1/P1B5/8 b - - 0 48,1.0,b
8/5pR1/8/7k/5K2/2N3P1/P1B5/8 b - - 4 50,1.0,b
8/7R/5p1k/8/5K2/P1N3P1/2B5/8 b - - 2 52,1.0,b
r3r1k1/pp1b1ppp/2pq1n2/4n3/3N3P/1P2P3/P4PP1/1BRQ1RK1 b - - 0 17,1.0,b
r3r1k1/pp3ppp/2pq1n2/4n2b/3N3P/1P2PP2/P1Q3P1/1BR2RK1 b - - 2 19,1.0,b
r3rq1k/pp3ppp/2p2n2/4nQ1b/3N3P/1P2PP2/P5P1/1BRR2K1 b - - 6 21,1.0,b
r3rq1k/pp3ppp/5nb1/2p1n1Q1/7P/1P2PP2/P3N1P1/1BRR2K1 b - - 3 23,1.0,b
r3rq1k/pp3ppp/5nn1/2p3Q1/7P/1P2PP2/P3N1P1/2RR2K1 b - - 2 25,1.0,b
r4q1k/pp3ppp/5nn1/2p5/7P/1P2rP2/P3N1P1/2RRQ1K1 b - - 1 27,1.0,b
r4q1k/pp3ppp/5n2/2p5/7n/1P3P2/PQ4P1/2RR2K1 b - - 1 29,1.0,b
r4qk1/pp3ppp/5nn1/2p5/8/1P3P2/PQR2KP1/3R4 b - - 5 31,1.0,b
4rqk1/pp3ppp/5nn1/8/2R5/1P3P2/PQ1R1KP1/8 b - - 0 33,1.0,b
4r1k1/pp3ppp/5nn1/8/2R5/1P3P2/P3QKP1/8 b - - 0 35,1.0,b
5k2/pp3ppp/5nn1/8/1R6/1P3P2/P3K1P1/8 b - - 2 37,1.0,b
5k2/pR3ppp/8/3n4/5n2/1P3P2/P4KP1/8 b - - 2 39,1.0,b
5k2/1R3ppp/p7/8/5n2/1P2nP2/P4KP1/8 b - - 3 41,1.0,b
4k3/R4ppp/p7/8/5n2/1P3P2/P4Kn1/8 b - - 3 43,1.0,b
8/3k1ppp/8/8/R4n2/1P3P2/P4Kn1/8 b - - 2 45,1.0,b
8/3k1ppp/8/8/R7/1P2nPK1/P7/8 b - - 2 47,1.0,b
8/3k1ppp/3n4/8/RP4K1/5P2/P7/8 b - - 0 49,1.0,b
8/5ppp/1k1n4/7R/1P4K1/5P2/P7/8 b - - 4 51,1.0,b
8/5p2/3n2p1/1k6/1P4K1/5P2/P7/7R b - - 2 53,1.0,b
8/5p2/3n2p1/6K1/2k5/5P2/P7/3R4 b - - 3 55,1.0,b
8/5p2/3n1Kp1/1k6/8/5P2/P7/2R5 w - - 7 58,1.0,w
8/4Kp2/8/1k4p1/2n2P2/8/P7/2R5 w - - 0 60,1.0,w
8/4Kp2/8/4n1P1/2k5/8/P7/1R6 w - - 3 62,1.0,w
8/5p2/3K4/4n1P1/4k3/8/P7/3R4 w - - 7 64,1.0,w
8/5p2/3K4/4R1P1/5k2/8/P7/8 w - - 1 66,1.0,w
8/5p2/3K4/3R2P1/8/5k2/P7/8 w - - 5 68,1.0,w
8/5K2/8/3k2P1/8/8/P7/8 w - - 0 70,1.0,w
8/5KP1/8/3k4/8/8/P7/8 w - - 1 72,1.0,w
6Q1/8/4K3/8/3k4/8/P7/8 w - - 3 74,1.0,w
8/8/3K4/8/6Q1/4k3/P7/8 w - - 7 76,1.0,w
8/8/8/4K3/3Q4/5k2/P7/8 w - - 11 78,1.0,w
8/7Q/8/4K3/8/8/P4k2/8 w - - 15 80,1.0,w
8/8/8/4K3/8/8/P3Q3/7k w - - 19 82,1.0,w
8/8/8/8/5K2/8/P2Q4/5k2 w - - 23 84,1.0,w
8/8/8/8/5K2/P7/5k2/2Q5 w - - 3 86,1.0,w
8/8/8/8/P4K2/8/2Q5/4k3 w - - 3 88,1.0,w
8/8/P7/8/5K2/8/2Q5/6k1 w - - 1 90,1.0,w
R7/8/8/8/5K2/8/2Q5/6k1 w - - 1 92,1.0,w
rn1q1rk1/ppb2ppp/2p2n2/2Pp1b2/1P2p3/P2PP3/1BQ1BPPP/RN3RK1 b - - 0 10,0.5,b
r3qrk1/ppb2ppp/n1p2n2/2Pp1b2/1P1Pp3/P1N1P3/1BQ1BPPP/R4RK1 b - - 2 12,0.5,b
r2bqrk1/p4ppp/p1p2n2/2Pp1b2/1P1Pp3/P1N1P3/1B2QPPP/R4RK1 b - - 1 14,0.5,b
1r1bqrk1/p4ppp/2p2n2/pPPp1b2/3Pp3/P1N1P3/1B2QPPP/R3R1K1 b - - 0 16,0.5,b
1r1bqrk1/p4ppp/5n2/ppPp4/3Pp1b1/P1N1P2P/1BQ2PP1/R3R1K1 b - - 0 18,0.5,b
1r1bqrk1/p2b1ppp/5n2/1pPN4/p2Pp3/P3P2P/1B3PP1/R1Q1R1K1 b - - 0 20,0.5,b
1r2qrk1/p2b1ppp/5b2/1pPn4/p2Pp3/P3P2P/1B3PP1/RQ1R2K1 b - - 3 22,0.5,b
1rr3k1/p2b1ppp/4qb2/1pPn4/p2PP3/P3P2P/1B4P1/RQ1R2K1 b - - 0 24,0.5,b
1rr3k1/p2b1ppp/4qb2/1pP5/p2PP3/P6P/1B4K1/RQ2R3 b - - 0 26,0.5,b
1rr3k1/p2b1ppp/5b2/1pP5/p2PP3/P5q1/1B6/RQ2R2K b - - 3 28,0.5,b
1rr3k1/p2b1ppp/5b2/1pP5/p2PP3/P5q1/1B6/RQ2R2K b - - 7 30,0.5,b
1rr3k1/p2b1ppp/5b2/1pP5/p2PP1q1/P7/1B3K2/RQ2R3 b - - 11 32,0.5,b
1rr3k1/p2b1ppp/8/1pP3q1/p2PP2b/P2K4/1B6/RQ2R3 b - - 15 34,0.5,b
1rr3k1/p2b1ppp/6q1/1pP5/p2PP3/P2K4/1B6/R6Q b - - 2 36,0.5,b
1rr3k1/p4ppp/4b3/1pP5/p2PP3/P5q1/1B1K4/R5Q1 b - - 6 38,0.5,b
1rr3k1/p4ppp/4b3/2P5/pP1PP3/8/1B1K4/6R1 b - - 0 40,0.5,b
1rr3k1/p4ppp/4b3/2PP4/p3P3/2B5/3K4/6R1 b - - 0 42,0.5,b
1rr2k2/p4p1R/8/2Pb4/p3P3/2B5/3K4/8 b - - 0 44,0.5,b
1r3k1R/p4p2/8/2r5/p3b3/2B5/3K4/8 b - - 1 46,0.5,b
2R5/p3kp2/8/8/p3b3/2B5/3K4/8 b - - 0 48,0.5,b
8/p2k1p2/2b5/8/p1RB4/8/3K4/8 b - - 4 50,0.5,b
8/3k1p2/p7/1b1R4/p2B4/8/3K4/8 b - - 1 52,0.5,b
8/5R2/p1k5/1b6/3B4/p7/3K4/8 b - - 0 54,0.5,b
8/6B1/p4R2/1b1k4/8/8/p2K4/8 b - - 1 56,0.5,b
8/8/p7/1b3R2/4k3/8/3K4/B7 b - - 0 58,0.5,b
8/8/p7/1b6/4k3/8/3K4/B7 b - - 3 60,0.5,b
8/8/p7/1b6/4k3/8/1B1K4/8 b - - 7 62,0.5,b
8/8/p7/8/2b2k2/4B3/3K4/8 b - - 11 64,0.5,b
8/8/p7/3k4/2b5/8/3K4/6B1 b - - 15 66,0.5,b
6b1/8/p7/4k3/8/8/2K4B/8 b - - 19 68,0.5,b
6b1/8/p5k1/4B3/8/3K4/8/8 b - - 23 70,0.5,b
8/8/p5k1/3b4/8/3K4/1B6/8 b - - 27 72,0.5,b
8/5k2/p7/1b6/8/4K3/1B6/8 w - - 31 75,0.5,w
8/8/p3k3/1b6/3B4/8/5K2/8 b - - 35 77,0.5,b
8/8/p7/1b6/4k3/2B5/5K2/8 b - - 39 79,0.5,b
8/8/p7/5k2/2b5/6K1/8/B7 b - - 43 81,0.5,b
8/8/p7/3b4/5k2/2B5/5K2/8 b - - 47 84,0.5,b
8/8/p1b5/6k1/8/4K3/8/B7 b - - 51 86,0.5,b
b7/8/p5k1/8/3K4/8/1B6/8 w - - 55 89,0.5,w
b7/8/K7/5k2/8/8/1B6/8 b - - 0 91,0.5,b
3rr1k1/p3qppp/1pp1bn2/4n3/8/1P2P1NP/P1Q2PP1/1BRR2K1 w - - 6 21,0.0,w
4r1k1/p1q2ppp/1pp1bn2/4n3/8/1PQ1P1NP/P4PP1/1BRr2K1 w - - 0 23,0.0,w
4r1k1/p1q1nppp/1pp1bn2/8/8/1PQ1P1NP/P1B2PP1/3R2K1 w - - 3 25,0.0,w
4r1k1/p1q1nppp/1pp1bn2/8/3Q4/1P2P1NP/P1BR1PP1/6K1 w - - 7 27,0.0,w
1q2r2k/p3nppp/1pp1bn2/8/4B2Q/1P2P1NP/P2R1PP1/6K1 w - - 11 29,0.0,w
1q2r2k/p3n1pp/1pp1b3/5p1Q/4B3/1P2P2P/P2R1PP1/6K1 w - f6 0 31,0.0,w
2q1r2k/p5pp/1pp1b3/5n2/8/1P2P2P/P2RQPP1/6K1 w - - 2 33,0.0,w
2q1r2k/p5pp/1pp5/8/6P1/1P2n2P/3RQP2/6K1 w - - 0 35,0.0,w
2q1r3/p4kpp/1pp5/8/6P1/1P2P2P/2R1Q3/6K1 w - - 3 37,0.0,w
4r3/p2qk1pp/1pp5/8/6P1/1P2P2P/R7/5QK1 w - - 7 39,0.0,w
r7/p3k1pp/1pp1q3/8/1P4P1/4P2P/R7/2Q3K1 w - - 1 41,0.0,w
r7/p3k1pp/1pp5/8/1P4P1/4P1KP/q7/2Q5 w - - 0 43,0.0,w
r5q1/p1Q3pp/1p2k3/8/1P4P1/4P1KP/8/8 w - - 3 45,0.0,w
6r1/p3k1pp/1p6/8/1P4P1/4P1KP/8/8 w - - 0 47,0.0,w
4r3/p4kpp/1p6/8/1P4P1/4PK1P/8/8 w - - 4 49,0.0,w
3r4/p5pp/1p4k1/8/1P4P1/4P2P/3K4/8 w - - 8 51,0.0,w
4r3/p4kpp/1p6/8/1P4P1/4P2P/4K3/8 w - - 12 53,0.0,w
4r3/p4kpp/1p6/8/1P2K1P1/4P2P/8/8 w - - 16 55,0.0,w
8/p4kpp/1pr5/8/1P1KP1P1/7P/8/8 w - - 1 57,0.0,w
8/p4kpp/1p6/1r6/4P1P1/4K2P/8/8 w - - 0 59,0.0,w
8/p4kpp/1p6/6P1/2r1P2P/4K3/8/8 w - - 1 61,0.0,w
2r5/p4k1p/1p4pP/6P1/4P3/4K3/8/8 w - - 0 63,0.0,w
2r5/p3k2p/6pP/1p2P1P1/8/8/4K3/8 w - - 0 65,0.0,w
2r5/p3k2p/4P1pP/6P1/8/1p2K3/8/8 w - - 0 67,0.0,w
2r5/p3k2p/4P1pP/6P1/8/4K3/8/1q6 w - - 0 69,0.0,w
2r5/p6p/4k1pP/6P1/8/3q2K1/8/8 w - - 2 71,0.0,w
8/p6p/4k1pP/6P1/8/8/2r1q3/4K3 b - - 6 73,0.0,b
rnb2rk1/pp2qppp/2pb1n2/3Pp3/8/1P1BP3/PB1PNPPP/2RQK2R b K - 0 8,0.0,b
r1b1qrk1/pp3ppp/2nb1n2/4p3/8/1P1BP1N1/PB1P1PPP/2RQK2R b K - 1 10,0.0,b
r1b2rk1/pp3ppp/3b1n2/1q2p3/1n6/1P2P1N1/PB1PQPPP/1BR1K2R b K - 5 12,0.0,b
r1br2k1/pp3ppp/1q1b1n2/4p3/1n2N3/1P2P3/PB1PQPPP/1BR2K1R b - - 9 14,0.0,b
r2r2k1/pp1b1ppp/1q1b4/4p3/1n2B3/1P2PQ2/PB1P1PPP/2R2K1R b - - 2 16,0.0,b
r2r2k1/pB1b1ppp/3b4/1q2p3/2R5/1P2PQ2/nB1P1PPP/5K1R b - - 0 18,0.0,b
B2r2k1/p2b1ppp/3b4/4p3/2q5/4P3/nB1PQPPP/5K1R b - - 1 20,0.0,b
r5k1/p2b1ppp/Q2b4/4p3/8/1q2P3/nB1P1PPP/4K2R b - - 1 22,0.0,b
3r2k1/p4ppp/Q2b4/4p3/6P1/1q2P3/nB1P2PP/4K2R b - - 0 24,0.0,b
1r4k1/p4ppp/Q7/4p3/6P1/4P3/nq1P2PP/4K2R b - - 1 26,0.0,b
1r4k1/p4ppp/Q7/4p3/6P1/2P1P3/4K1PP/q6R b - - 0 28,0.0,b
6k1/p4ppp/q7/4p3/6P1/2P1P1K1/1r4PP/7R b - - 3 30,0.0,b
6k1/p4p1p/8/4p1p1/6P1/2P1P1K1/1R2q1PP/8 b - - 0 32,0.0,b
3r2k1/pb2rppp/1p3n2/1B2q3/1p2P2n/P5NP/4QPP1/2R1R1K1 w - - 2 28,1.0,w
7k/pb1rrppp/1p3n2/4q3/1PB1P2n/6NP/4QPP1/2R1R1K1 w - - 3 30,1.0,w
1q5k/pb1rrppp/1p3nn1/8/1PB1P3/5QNP/5PP1/2R1R1K1 w - - 7 32,1.0,w
1q5k/p3rppp/1p3nn1/8/1PB1b3/5QNP/5PP1/3R2K1 w - - 0 34,1.0,w
7k/p3rppp/1p3Nn1/8/1PB5/5q1P/5PP1/3R2K1 w - - 0 36,1.0,w
4Rn1k/p4ppp/1p3N2/8/1PB5/5q1P/5PP1/6K1 w - - 1 38,1.0,w
3r1k2/pb3p1p/1p3np1/1P6/2BrP2n/5PNP/6P1/2R1R1K1 w - - 0 34,1.0,w
3r1k2/pb1r1p1p/1p4p1/1P1nP3/2B4n/5P1P/4N1P1/2R1R1K1 w - - 1 36,1.0,w
3r1k2/pb2rp1p/1p2P1p1/1P1n4/2B5/5P1P/4N1K1/2R1R3 w - - 1 38,1.0,w
3r4/pb3Pkp/1p4p1/1P1n4/8/1B3P1P/4r1K1/2R1R3 w - - 0 40,1.0,w
8/pb3Pkp/1p4p1/1P6/5n2/1B1r1P1P/4R3/2R2K2 w - - 3 42,1.0,w
6k1/pb3R1p/1p4p1/1P6/8/1B1r1P1P/4n3/2R2K2 w - - 2 44,1.0,w
7k/pR5p/1p4p1/1P6/8/1B3P1P/4n3/3r1K2 w - - 0 46,1.0,w
7k/1R5p/1p4p1/pP6/5n2/5P1P/2B5/5K2 w - a6 0 48,1.0,w
7k/PR5p/1p3np1/8/8/5P1P/2B5/5K2 w - - 1 50,1.0,w
3r1k2/p2r1ppp/1p2bn2/1P6/4P2n/5PNP/4B1P1/R3R1K1 w - - 5 36,1.0,w
3r1k2/p2r1ppp/1p2b3/1P1nP3/8/3B1PNP/6n1/R3R1K1 w - - 0 38,1.0,w
3r1k2/p2r1ppp/1p2b3/1P2P3/8/3n1PNP/7K/R3R3 w - - 0 40,1.0,w
3r1k2/p2r1ppp/1p2b3/1P2P3/8/R4PNn/7K/R7 w - - 0 42,1.0,w
3r1k2/R4ppp/1p2b3/1P2P3/8/5PNn/8/R2r3K w - - 3 44,1.0,w
5k2/R4ppp/1p2b3/1P2P3/8/5PNn/3r2K1/8 w - - 2 46,1.0,w
5k2/R4ppp/1p6/1P1rP3/2b5/5PNn/8/4K3 w - - 6 48,1.0,w
5k2/5ppp/1p6/1P2r3/2R5/5PNn/3K4/8 b - - 1 50,1.0,b
5k2/5ppp/1p6/1r6/7R/5PNn/4K3/8 b - - 1 52,1.0,b
5k2/5ppp/1p6/1r6/7R/5KN1/8/8 b - - 0 54,1.0,b
5k2/5pp1/1p5p/8/4RK2/1r4N1/8/8 b - - 3 56,1.0,b
5k2/5pp1/1p5p/8/3NRK2/8/2r5/8 b - - 7 58,1.0,b
5k2/5p2/1p5p/2r3p1/4R3/6K1/4N3/8 b - - 1 60,1.0,b
5k2/5p2/1p5p/2r3p1/4R3/6K1/4N3/8 b - - 5 62,1.0,b
5k2/5p2/1p5p/r5p1/4R3/5NK1/8/8 b - - 9 64,1.0,b
8/5pk1/1p5p/6p1/4R3/5N2/r7/5K2 b - - 13 66,1.0,b
8/5pk1/7p/1p4p1/3NR3/8/4K3/r7 b - - 3 68,1.0,b
8/5pk1/7p/1p4p1/3NR3/r7/3K4/8 b - - 7 70,1.0,b
r7/5pk1/7p/6p1/1N2R3/8/3K4/8 b - - 0 72,1.0,b
3r4/5p2/6kp/6p1/8/3N4/3KR3/8 b - - 4 74,1.0,b
8/5p2/3r3p/5kp1/8/2KN4/7R/8 b - - 8 76,1.0,b
8/5p2/3r3p/2N5/4k1p1/2K5/5R2/8 b - - 3 78,1.0,b
8/5p2/7p/2Nr4/6p1/2K5/8/8 w - - 0 81,1.0,w
8/5p2/7p/3r4/8/2K5/6p1/N7 w - - 0 83,1.0,w
8/5p2/8/3r4/7p/2K5/6p1/N7 w - - 0 85,1.0,w
8/5p2/8/3r4/8/2K5/6pp/N7 w - - 0 87,1.0,w
8/8/5p2/8/8/2K5/3r2pp/N7 w - - 2 89,1.0,w
8/8/8/8/5p2/8/2NK2pp/8 w - - 0 91,1.0,w
8/8/8/8/8/8/2NK1ppp/8 w - - 0 93,1.0,w
8/8/8/8/8/8/2NK3p/5qq1 w - - 0 95,1.0,w
8/8/8/8/8/8/2K4p/q2q4 w - - 2 97,1.0,w
5k2/p1rr1ppp/1p6/1P1nP3/5P1n/R5PP/4N3/R5K1 b - - 0 41,1.0,b
8/p1rrkppp/1p4n1/1P1nP3/3N1P2/3R2PP/8/R5K1 b - - 4 43,1.0,b
8/p1rrkppp/1p6/1P2PN2/5n2/3R3P/8/R5K1 b - - 1 45,1.0,b
8/p1rrkpNp/1p6/1P2P3/5n2/5R1P/8/R5K1 b - - 2 47,1.0,b
8/p1rr1p1p/1p2k1n1/1P2PN2/8/5R1P/8/4R1K1 b - - 6 49,1.0,b
8/p1rr1pNp/1p6/1P1kn3/8/5R1P/8/3R2K1 b - - 3 51,1.0,b
8/p1rr1pNp/1p6/1P6/4k3/5n1P/5K2/3R1R2 b - - 7 53,1.0,b
8/p4pNp/1p6/1P6/4k3/5n1P/2r5/3R1K2 b - - 2 55,1.0,b
8/p2R2Np/1p3p2/1P6/4k3/5n1P/4K3/2r5 b - - 3 57,1.0,b
8/R5Np/1p6/1P3p2/3nk3/7P/5K2/2r5 b - - 0 59,1.0,b
8/4R1Np/1p6/1P6/3nkp2/7P/2r5/5K2 b - - 1 61,1.0,b
8/4R1Np/1p6/1P6/3n1p2/5k1P/7K/2r5 b - - 5 63,1.0,b
8/4R2p/1p6/1nr5/5p1N/5k1P/7K/8 b - - 3 65,1.0,b
8/5R2/1p6/2r5/3n1p1N/7P/5k1K/8 b - - 2 67,1.0,b
8/8/1p6/8/2Rn1p1N/7P/4k2K/8 b - - 2 69,1.0,b
8/8/1p6/8/4R2N/7P/4kp1K/8 b - - 1 71,1.0,b
8/8/1p6/8/5R1N/4k1KP/5p2/8 b - - 5 73,1.0,b
8/8/1p6/8/3k3N/6KP/8/3R4 b - - 2 75,1.0,b
8/8/1p6/2k2N2/8/6KP/8/2R5 b - - 6 77,1.0,b
8/8/1pk5/5N2/8/5K1P/8/4R3 b - - 10 79,1.0,b
8/8/1p2k3/5N2/4K3/7P/8/2R5 b - - 14 81,1.0,b
4k3/8/1p2K3/5N2/8/7P/8/2R5 b - - 18 83,1.0,b
5k2/8/4K2N/1p6/8/7P/8/6R1 b - - 1 85,1.0,b
4k1R1/5N2/4K3/8/1p6/7P/8/8 b - - 1 87,1.0,b
3rr1k1/pb3ppp/1p3n2/2p1q3/2B1P2n/PP4NP/4QPP1/2R1R1K1 b - - 2 26,1.0,b
3Rr1k1/p4ppp/1pb2n2/2p5/2B1Pq1n/PP4NP/4QPP1/2R3K1 b - - 0 28,1.0,b
4r1k1/p4ppp/1pbR1n2/2p5/2B1P2n/qP4NP/4QPP1/6K1 b - - 1 30,1.0,b
b3r1k1/p4ppp/1p6/2p4N/2B1n2n/qP5P/4QPP1/3R2K1 b - - 1 32,1.0,b
b3r1k1/p4pNp/1p6/q1p5/2B1n3/1P3Q1P/5PP1/3R2K1 b - - 0 34,1.0,b
b3Q3/p6p/1p5k/q1p5/2B1n3/1P5P/5PP1/3R2K1 b - - 0 36,1.0,b
8/pb4Qp/1p6/q1p3k1/2B1n3/1P5P/5PP1/3R2K1 b - - 4 38,1.0,b
8/pQ6/1p6/q1p5/2B1nk2/1P5P/5PP1/3R2K1 b - - 0 40,1.0,b
8/pQ6/1p6/2p5/2B2k2/1P5P/q5P1/3R2K1 b - - 2 42,1.0,b
8/p4Q2/1p6/q1p5/2B1k3/1P4PP/8/3R2K1 b - - 0 44,1.0,b
r4rk1/ppb1qpp1/2p2nbp/P1Pp4/1P1BnP2/3BP3/2Q3PP/RN3RK1 w - - 0 16,0.0,w
rr4k1/ppb1qpp1/P1p2n1p/2Pp1P1b/1P1Bn3/3BP3/2Q3PP/RN3RK1 w - - 1 18,0.0,w
r5k1/prb1qpp1/5n1p/1pPp1P1b/3Bn3/3BP3/2Q3PP/RN3RK1 w - - 0 20,0.0,w
r5k1/p1b2pp1/1rPq1n1p/1p1p1P1b/3Bn3/3BP3/2Q3PP/RN2R1K1 w - - 3 22,0.0,w
r5k1/p1bq1pp1/2r2n1p/1p1p1P1b/3Bn3/3BP1P1/1Q5P/RN2R1K1 w - - 2 24,0.0,w
1r4k1/p1b2pp1/2q2n1p/3p1P1b/3Bn3/4P1P1/1Q5P/RN2R1K1 w - - 0 26,0.0,w
1r4k1/p1b2pp1/2q2n1p/3p1P1b/3Bn3/4P1P1/7P/RN3RK1 w - - 2 28,0.0,w
6k1/2b2pp1/2q2n1p/3p1P1b/3Bn3/4P1P1/7P/rN3RK1 w - - 0 30,0.0,w
6k1/3q1pp1/5n1p/3p1P1b/3Bn3/4P1b1/7P/1N3RK1 w - - 0 32,0.0,w
6k1/3q1pp1/5n1p/3p1P1b/3B4/4P3/6K1/1N3n2 w - - 0 34,0.0,w
6k1/5pp1/5n1p/3p3b/3B4/4P3/6K1/1q6 w - - 0 36,0.0,w
6k1/6p1/5p1p/3p3b/3Bn3/4P3/6K1/1q6 w - - 0 38,0.0,w
6k1/6p1/5p1p/3p3b/4n3/8/6K1/1q6 w - - 0 40,0.0,w
6k1/6p1/5p1p/7b/4n3/3p4/6K1/1q6 w - - 0 42,0.0,w
3r2k1/pb3ppp/1p3n2/4q3/1PB1P2n/4Q1NP/3r1PP1/2R1R1K1 b - - 2 30,0.5,b
3r4/pb3kpp/1p3n2/4q3/1P1rP2n/4Q1NP/5PP1/R3R1K1 b - - 1 32,0.5,b
8/Rb1r1kpp/1p3n2/4q3/1P2P2n/3r2NP/4QPP1/4R1K1 b - - 0 34,0.5,b
8/3r1kpp/1p1r1n2/4q3/1P2N2n/7P/R3QPP1/4R1K1 b - - 0 36,0.5,b
8/3r1kpp/1p1r4/8/1P2R2n/7P/R4PP1/6K1 b - - 0 38,0.5,b
8/3r1kpp/1p6/4Rn2/1P6/7P/R4PPK/3r4 b - - 4 40,0.5,b
8/3r2pp/5k2/1p3n2/1P6/6PP/R3RP1K/3r4 b - - 0 42,0.5,b
8/3r2pp/7n/1p2R1k1/1P4P1/7P/R4P1K/3r4 b - - 2 44,0.5,b
8/2r3pp/7n/1R6/1P3kP1/7P/R4PK1/3r4 b - - 2 46,0.5,b
8/2r3pp/7n/2R5/1P1r1kP1/7P/5PK1/R7 b - - 6 48,0.5,b
8/R4npp/8/2P5/3r1kP1/7P/5PK1/8 b - - 2 50,0.5,b
8/6Rp/8/2P3n1/2r2kPP/8/5PK1/8 b - - 0 52,0.5,b
8/7R/4n3/2P1k3/2r3PP/8/5PK1/8 b - - 0 54,0.5,b
8/7R/4n3/2P1k3/5r1P/6K1/5P2/8 b - - 3 56,0.5,b
8/4R3/5k2/2n5/5K1P/8/5P2/8 b - - 0 58,0.5,b
8/8/5k2/2n5/3K3P/8/5P2/8 b - - 3 60,0.5,b
8/8/5k2/4n2P/8/2K5/5P2/8 b - - 0 62,0.5,b
8/3n4/8/6kP/8/2K5/5P2/8 b - - 4 64,0.5,b
8/3n4/8/3K2kP/8/8/5P2/8 b - - 8 66,0.5,b
8/8/4K3/6kP/4n3/5P2/8/8 b - - 0 68,0.5,b
8/8/3K4/6kn/8/5P2/8/8 b - - 1 70,0.5,b
8/8/8/2K4n/8/5k2/8/8 b - - 1 72,0.5,b
8/8/8/2K5/4kn2/8/8/8 b - - 5 74,0.5,b
8/8/8/2Kn4/8/3k4/8/8 b - - 9 76,0.5,b
8/8/8/8/3k1n2/1K6/8/8 b - - 13 78,0.5,b
8/8/8/8/3k4/1K2n3/8/8 b - - 17 80,0.5,b
8/8/8/8/3k4/1K2n3/8/8 b - - 21 82,0.5,b
8/8/8/4n3/3k4/8/3K4/8 b - - 25 84,0.5,b
8/8/8/8/4k3/5n2/5K2/8 b - - 29 86,0.5,b
8/8/8/8/3n1k2/8/5K2/8 b - - 33 88,0.5,b
8/8/8/8/3n1k2/8/5K2/8 b - - 37 90,0.5,b
8/8/2n5/5k2/8/3K4/8/8 b - - 41 92,0.5,b
8/8/2n5/8/4k3/2K5/8/8 b - - 45 94,0.5,b
8/8/2n5/8/4k3/8/2K5/8 b - - 49 96,0.5,b
8/8/8/4n3/8/4k3/2K5/8 b - - 53 98,0.5,b
8/8/8/8/3k4/5n2/2K5/8 b - - 57 100,0.5,b
8/8/8/8/2kn4/8/8/2K5 b - - 61 102,0.5,b
8/8/8/8/3n4/2k5/K7/8 b - - 65 104,0.5,b
8/8/8/1n6/8/8/1K1k4/8 b - - 69 106,0.5,b
8/8/8/8/K2n4/2k5/8/8 b - - 73 108,0.5,b
rnbq1rk1/ppb2ppp/2p2n2/2Pp4/1P2p3/P2PP3/2Q1BPPP/RNB2RK1 b - - 0 9,1.0,b
rnb1qrk1/ppb2ppp/2p2n2/2Pp4/1P6/P2BP3/1BQ2PPP/RN3RK1 b - - 2 11,1.0,b
rnb2rk1/pp3ppp/2p2n2/2Ppq3/1P6/P2BP3/2QN1PPP/R4RK1 b - - 1 13,1.0,b
rn3rk1/pp3ppp/2p2n2/2Ppq2b/1P6/P2BPN1P/2Q2PP1/R4RK1 b - - 2 15,1.0,b
rn3rk1/pp3ppp/2p2n2/2Pp2q1/1P6/P2BPP1P/2Q2P1K/R4R2 b - - 2 17,1.0,b
rn3rk1/pp3ppp/2p2n2/2Pp3q/1P6/P2BPP1P/2Q2PK1/R4R2 b - - 6 19,1.0,b
rn1r2k1/pp3ppp/2p2n2/2P4q/1P1p4/P2BPP1P/2Q2PK1/3R2R1 b - - 1 21,1.0,b
r2r2k1/pp1n1ppp/2p2n2/2P4q/1P6/P2BPPKP/2Q5/3R2R1 b - - 0 23,1.0,b
r2R2k1/pp3ppn/2p5/2P1n2q/1P6/P3PPKP/2Q5/6R1 b - - 0 25,1.0,b
3r2k1/pp3pp1/2p2n2/2P1n2q/1P6/P3PPKP/8/5QR1 b - - 3 27,1.0,b
4r1k1/pp3pp1/2p2nn1/2P4q/1P6/P3PP1P/5K2/3Q2R1 b - - 7 29,1.0,b
4r1k1/pp3ppq/2p2nn1/2P5/1P2P3/P4P1P/4K3/3Q2R1 b - - 0 31,1.0,b
4r1k1/pp3ppq/2p2n2/2P5/1P2P3/P3KP1n/8/3Q3R b - - 1 33,1.0,b
4r1k1/pp3ppq/2p5/2P5/1P2Pnn1/P4P2/3K4/3Q3R b - - 5 35,1.0,b
3Q2k1/pp3pp1/2p5/2P5/1P2Pnn1/P4P2/8/2K4q w - - 0 38,1.0,w
rnb2rk1/pp3ppp/2p2n2/3pp3/2P5/qPN1P3/P1BP1PPP/2RQK2R b K - 1 10,1.0,b
r1br2k1/pp1n1ppp/2p2n2/3pp3/2P5/qPN1PP2/P1BP1KPP/2RQ3R b - - 2 12,1.0,b
r1br2k1/pp1n1ppp/2p2n2/8/2PpN3/qP3P2/P1BP1KPP/2RQ3R b - - 1 14,1.0,b
r1br2k1/pp3ppp/2p2n2/8/2Pp4/1P3P2/q1BP1KPP/2RQR3 b - - 1 16,1.0,b
r1br1k2/pp3ppp/2p5/8/2Pp2P1/1P6/q1BP1KPP/R2QR3 b - - 0 18,1.0,b
r2r1k2/pp3ppp/2p5/8/2Pp4/1P6/R2P1KPP/3BR3 b - - 0 20,1.0,b
r3k3/pp3ppp/2p5/8/2Pp4/1P6/R1BP1KPP/8 b - - 1 22,1.0,b
r3k3/pp3p1p/2p3p1/8/2P5/1P1B1K2/R2P2PP/8 b - - 1 24,1.0,b
3r4/pp2kp1p/2p3B1/8/2P5/1P3K2/3P2PP/R7 b - - 0 26,1.0,b
R7/1p1rk2p/2p3p1/8/2P5/1P3K2/3P2PP/8 b - - 2 28,1.0,b
7R/1p2k2p/2p3p1/8/2P2K2/1P1r4/6PP/8 b - - 3 30,1.0,b
8/1p1R4/2p2kp1/8/2P2K2/1r6/6PP/8 b - - 1 32,1.0,b
8/1p6/3R1kp1/2p5/1rP2K2/8/6PP/8 b - - 1 34,1.0,b
8/1p3k2/5R2/2p1K1p1/1rP5/8/6PP/8 b - - 1 36,1.0,b
8/1p2k3/8/2p1K1R1/2r5/8/6PP/8 w - - 0 39,1.0,w
5k2/1R6/8/2p1K3/3r4/8/6PP/8 w - - 1 41,1.0,w
2R5/6k1/8/2p1K3/8/8/3r2PP/8 w - - 5 43,1.0,w
2R5/8/7k/2p1K3/8/8/6rP/8 w - - 0 45,1.0,w
8/6k1/8/2p1K3/8/7R/3r3P/8 w - - 4 47,1.0,w
8/6k1/8/2p2K2/8/7R/7r/8 w - - 0 49,1.0,w
8/4k3/8/2p2K2/8/8/2R5/8 w - - 3 51,1.0,w
8/3k4/8/4K3/2R5/8/8/8 w - - 1 53,1.0,w
4k3/8/4K3/8/8/8/8/2R5 w - - 5 55,1.0,w
4k3/8/4K3/8/8/8/8/2R5 w - - 9 57,1.0,w
4k3/8/4K3/8/6R1/8/8/8 w - - 13 59,1.0,w
3rr1k1/p2bqppp/1p3nn1/2p2N2/8/1P2P2P/P1Q2PP1/1BR1R1K1 b - - 1 22,0.5,b
3rr1k1/p4ppp/1pb1qnn1/2p5/8/1P2P1NP/P1Q1RPP1/1BR3K1 b - - 5 24,0.5,b
3rr1k1/p4ppp/1pb2nn1/2p3q1/4P3/1P4NP/P1Q2PP1/1BR1R1K1 b - - 2 26,0.5,b
4r1k1/p2r1ppp/1pb2nn1/2p5/4P3/1P4NP/P2Q1PP1/1BR1R1K1 b - - 0 28,0.5,b
4r1k1/p4ppp/1pb2nn1/2p5/4P3/1P4NP/P4PP1/1B1R2K1 b - - 0 30,0.5,b
4r1k1/p4ppp/1p4n1/2p5/4n3/1P5P/P4PP1/1B2R1K1 b - - 1 32,0.5,b
4n1k1/p4ppp/1p4n1/2p5/8/1P5P/P4PPK/1B6 b - - 1 34,0.5,b
6k1/p4ppp/1p1n4/2p2B2/5n2/1P4KP/P4PP1/8 b - - 5 36,0.5,b
6k1/p4ppp/1p6/2p2n2/8/1P5P/P3KPP1/8 b - - 0 38,0.5,b
8/p3kppp/1p6/2p5/3n4/1P1K3P/P4PP1/8 w - - 4 41,0.5,w
8/p3kppp/1p6/2p5/7n/1P5P/P3KPP1/8 w - - 8 43,0.5,w
8/p3kppp/1p6/2p1n3/8/1P1K2PP/P4P2/8 w - - 3 45,0.5,w
8/p3kppp/1p6/8/2n5/6PP/P3KP2/8 w - - 0 47,0.5,w
8/p4ppp/1p1nk3/8/8/4K1PP/P4P2/8 w - - 4 49,0.5,w
8/p4ppp/1p1n4/4k3/8/3K2PP/P4P2/8 b - - 8 51,0.5,b
8/p4ppp/1p6/3k4/4n1P1/7P/P3KP2/8 b - - 0 53,0.5,b
8/p4ppp/1p6/3k4/6P1/2K4n/P4P2/8 b - - 1 55,0.5,b
8/p4ppp/1p6/3k4/6n1/8/P7/4K3 b - - 1 57,0.5,b
8/p4ppp/1p6/4n3/3k4/8/P4K2/8 b - - 5 59,0.5,b
8/p4ppp/1p6/8/1n1k4/P5K1/8/8 b - - 0 61,0.5,b
8/p4ppp/1p6/8/P2k4/4nK2/8/8 b - - 2 63,0.5,b
8/p4ppp/1p6/3n4/P1k5/5K2/8/8 w - - 6 66,0.5,w
8/p4ppp/8/p7/2k3K1/2n5/8/8 w - - 0 68,0.5,w
8/p4ppp/8/8/2k2K2/p1n5/8/8 w - - 0 70,0.5,w
8/p4ppp/8/8/2k2K2/2n5/8/q7 w - - 0 72,0.5,w
8/p4ppp/8/8/2k5/2n1K2q/8/8 w - - 4 74,0.5,w
8/p4ppp/8/8/2k5/2n5/8/2K4q w - - 8 76,0.5,w
8/p4ppp/8/8/2k5/2n5/2K5/4q3 b - - 12 79,0.5,b
8/5ppp/p7/8/1k6/2n5/2K5/4q3 b - - 1 81,0.5,b
8/5ppp/p7/8/1k6/2n5/2K5/4q3 b - - 5 83,0.5,b
r1b1r1k1/pp3ppp/1npq1n2/8/2RN4/1P2P2P/P4PP1/1B1Q1RK1 w - - 1 16,1.0,w
r1b1r2k/pp1q1ppp/1nN2n2/8/8/1P2P2P/P4PP1/1BRQ1RK1 w - - 1 18,1.0,w
r1b4k/pp2rppp/1n1q1n2/8/3N4/1P2PQ1P/P4PP1/1BR2RK1 w - - 5 20,1.0,w
r1b4k/pp2rppp/1n1q1n2/8/3N4/1P2PQ1P/P4PP1/1BR2RK1 w - - 9 22,1.0,w
r1bq3k/p3rppp/1nR2n2/8/8/1P2PQ1P/P4PP1/1B3RK1 w - - 1 24,1.0,w
r2q3k/p2brp1p/1n3p2/8/8/1P2PQ1P/P4PP1/1B1R2K1 w - - 0 26,1.0,w
r2q3k/p2brp1p/1n6/6Q1/8/1P2P2P/P4PP1/1B1R2K1 w - - 3 28,1.0,w
3rr1k1/p3qppp/1p2bnn1/2p5/8/PP2P1NP/4QPP1/1BR1R1K1 w - - 1 24,1.0,w
3rr1k1/p1q2ppp/1p3nn1/2p5/2Q5/PP2P1NP/5PP1/1B2R1K1 w - - 1 26,1.0,w
3rr1k1/p2q1pp1/1p3np1/2p5/2Q5/PP2P2P/4NPP1/4R1K1 w - - 0 28,1.0,w
3rr1k1/p2q1pp1/5n2/1pp3p1/2Q5/PP2P2P/4NPP1/4R1K1 w - - 0 30,1.0,w
3rr1k1/p3qpp1/5n2/1Q4p1/8/PP2P2P/4NPP1/4R1K1 w - - 1 32,1.0,w
4r1k1/p3qpp1/5n2/3r2Q1/5N2/PP2P2P/5PP1/4R1K1 w - - 3 34,1.0,w
4r1k1/p4pp1/8/3Q4/8/qP2P2P/5PP1/4R1K1 w - - 0 36,1.0,w
3r2k1/p3qpp1/8/8/8/1P2PQ1P/5PP1/5RK1 w - - 4 38,1.0,w
3r2k1/p3qpp1/8/8/6Q1/1P2P2P/5PP1/2R3K1 w - - 8 40,1.0,w
3r1k2/p4pp1/4q3/8/1P6/4P1QP/5PP1/2R3K1 w - - 1 42,1.0,w
5k2/2R2pp1/p3q3/8/1P6/3rPQ1P/5PP1/6K1 w - - 0 44,1.0,w
5k2/5pp1/p1Q5/8/1P6/4P2P/5PP1/3r2K1 w - - 1 46,1.0,w
5k2/1Qr2pp1/p7/8/1P6/4P2P/5PPK/8 w - - 5 48,1.0,w
2brr1k1/p3qppp/1p3n2/2p5/2Q4n/PP2P1NP/5PP1/1BR1R1K1 b - - 2 24,0.5,b
3rr1k1/p3qppp/1p2bn2/2p5/7Q/PP2PPNP/5P2/1BR1R1K1 b - - 2 26,0.5,b
3rr1k1/p4p1p/1p1qbnpQ/2p5/8/PP2PPNP/2B2P2/2R1R1K1 b - - 3 28,0.5,b
1q1rr1k1/p4p1p/1p2b1pQ/2p5/4B3/PP2PP1P/5P2/2R1R1K1 b - - 0 30,0.5,b
1q1r2k1/p4p1p/1p2r1pQ/2pB4/8/Pb2PP1P/5P2/2R1R1K1 b - - 3 32,0.5,b
3r2k1/p4p1p/1p2r1p1/2pb4/5P2/P4P1P/5P2/2R1R1K1 b - - 0 34,0.5,b
3r2k1/p4p1p/1p4p1/2p5/5P2/P4b1P/5P1K/4R3 b - - 1 36,0.5,b
3r2k1/p4p1p/1pb3p1/8/2p2P2/P5KP/5P2/2R5 b - - 3 38,0.5,b
6k1/p4p1p/1p4p1/1b6/2p2P2/P2r1PKP/8/1R6 b - - 0 40,0.5,b
4b1k1/p4p1p/1p4p1/8/4RP2/P1pr1PKP/8/8 b - - 1 42,0.5,b
6k1/p4p1p/1p4p1/8/2R2P2/P1pr1b1P/7K/8 b - - 1 44,0.5,b
2R3k1/p4p1p/1p4p1/3b4/5P2/P2r3P/7K/8 b - - 2 46,0.5,b
8/p2R1p1p/1p3kp1/3b4/5P2/P2r3P/7K/8 b - - 6 48,0.5,b
8/R4p1p/1p1k2p1/3b4/P4P2/3r3P/7K/8 b - - 0 50,0.5,b
8/R4p1p/1p1k2p1/3b4/P4P1K/7P/6r1/8 b - - 4 52,0.5,b
8/R4p1p/1p1kb3/P5P1/7K/7P/6r1/8 b - - 0 54,0.5,b
8/3b1p1p/R2k4/6P1/7K/7P/6r1/8 b - - 2 56,0.5,b
2b5/5p1p/8/2k3P1/7K/7P/6r1/2R5 b - - 6 58,0.5,b
8/2R2p1p/8/6P1/4k2K/7P/6r1/8 b - - 2 60,0.5,b
8/5R1p/8/6P1/7K/5k1P/5r2/8 b - - 0 62,0.5,b
8/7R/8/6PK/5r2/7P/6k1/8 b - - 2 64,0.5,b
8/8/6K1/6P1/5rk1/8/8/7R b - - 3 66,0.5,b
8/8/6K1/6P1/3r4/5k2/8/4R3 b - - 7 68,0.5,b
8/8/6K1/6P1/3r4/4k3/8/4R3 b - - 11 70,0.5,b
8/8/3r4/4RKP1/8/8/3k4/8 b - - 15 72,0.5,b
8/8/8/4R1P1/3r4/5K2/3k4/8 b - - 19 74,0.5,b
8/8/8/2R3P1/3r4/3k2K1/8/8 b - - 23 76,0.5,b
8/5r2/8/5RP1/5K2/3k4/8/8 b - - 27 78,0.5,b
8/6r1/8/R5P1/3k4/5K2/8/8 b - - 31 80,0.5,b
8/5r2/8/6P1/8/R1k5/4K3/8 b - - 35 82,0.5,b
8/6r1/8/4R1P1/1k6/8/4K3/8 b - - 39 84,0.5,b
8/6r1/8/R5P1/3k4/8/3K4/8 b - - 43 86,0.5,b
4r3/8/8/R5P1/3k4/8/3K4/8 b - - 47 88,0.5,b
6r1/8/8/4k1P1/R7/8/4K3/8 b - - 51 90,0.5,b
8/8/8/4kr2/R7/4K3/8/8 b - - 3 92,0.5,b
8/8/4k3/8/5K2/8/8/8 b - - 0 94,0.5,b
8/5k2/8/8/8/8/5K2/8 b - - 4 96,0.5,b
8/5k2/8/8/8/8/5K2/8 b - - 8 98,0.5,b
r1b1r1k1/pp1n1ppp/2pq1n2/3Pp3/8/1P2P2P/P2PNPP1/1BRQ1RK1 b - - 0 13,0.0,b
r1b1r1k1/pp3ppp/1n1q1n2/3pp3/8/1P2P1NP/P2P1PP1/1BRQR1K1 b - - 3 15,0.0,b
r3r1k1/pp3ppp/1n2bn2/3pp3/8/qP2PQNP/P1RP1PP1/1B2R1K1 b - - 7 17,0.0,b
2r3k1/pp3ppp/1n2bn2/3pp3/8/qP2P1NP/P2P1PP1/1B1QR1K1 b - - 1 19,0.0,b
6k1/ppr2ppp/1n2bn2/3pp3/7P/1P1BP1N1/Pq1P1PP1/3QR1K1 b - - 0 21,0.0,b
6k1/ppr2ppp/1n2bn2/3pp3/7P/1P2PPN1/Pq1P2P1/1B1QR1K1 b - - 2 23,0.0,b
5k2/ppr2pp1/1n2bn2/3pp3/7P/1P1BPPN1/q2P2P1/3QR1K1 b - - 1 25,0.0,b
5k2/ppr2pp1/1n2bn2/3pp2N/1q5P/3BPP2/3P2P1/3QR1K1 b - - 1 27,0.0,b
5k2/ppr2pp1/1n2b3/3pp3/1q3P1P/3B4/3P2P1/3QR1K1 b - - 0 29,0.0,b
5k2/ppr2pp1/1n2b3/2qp4/4BP1P/8/3P2P1/3QRK2 b - - 0 31,0.0,b
5k2/ppr2pp1/1n2b3/1q6/4RP1P/8/3P1KP1/3Q4 b - - 0 33,0.0,b
5k2/ppr2pp1/1n2R3/5q2/3P1P1P/8/5KP1/3Q4 b - - 0 35,0.0,b
5k2/ppr3p1/1n2p3/3P4/5q1P/5Q2/5KP1/8 b - - 1 37,0.0,b
5k2/p1r2ppp/1p2bn2/1P2P3/3r3n/R4PNP/4B1P1/4R1K1 b - - 0 37,1.0,b
4nk2/2r2ppp/Pp2b3/4P3/3r3n/R4PNP/4B1P1/R5K1 b - - 0 39,1.0,b
Q3nk2/2r2ppp/1p2b3/4n3/3r4/R4PNP/4B1P1/R5K1 b - - 0 41,1.0,b
Q3n3/4kppp/1p2b3/4n3/3r4/2R2PNP/4B1P1/R5K1 b - - 0 43,1.0,b
Q3n3/4kppp/1p2b3/8/8/5RNP/4B1P1/3R2K1 b - - 0 45,1.0,b
4n3/4k1pp/1p6/3Q1N2/8/5R1P/4B1P1/3R2K1 b - - 0 47,1.0,b
4nk2/5Qpp/8/1p3N2/2B5/5R1P/6P1/3R2K1 b - - 1 49,1.0,b
2br1k2/p4p1p/1p3np1/1P6/3rP2n/5PNP/4B1P1/2R1R1K1 w - - 0 35,0.0,w
2br1k2/p4p1p/1p4p1/1P2P3/3r1n1n/5PNP/4B1P1/R3R1K1 w - - 3 37,0.0,w
5k2/p4p1p/1p2P1p1/1P1r4/3r1n1n/5PNb/6P1/R3RBK1 w - - 1 39,0.0,w
8/p3kp1p/1p4p1/1P1r4/3rNn1n/5P1b/6P1/R3RBK1 w - - 0 41,0.0,w
8/R2rkp1p/1p2b1p1/1PN5/3r1n1n/5P2/6P1/4RBK1 w - - 3 43,0.0,w
8/3rkp1p/1p2b1p1/1P6/R6n/5P1n/6P1/4RBK1 w - - 2 45,0.0,w
8/3r1p1p/1p2k3/1P4p1/R6n/5P1n/6PK/5B2 w - - 0 47,0.0,w
8/3r1p1p/1p6/1P2knp1/R1B5/5P1K/6P1/8 w - - 3 49,0.0,w
8/5p1p/1p6/1P2knp1/R1B2rK1/8/6P1/8 w - - 0 51,0.0,w
8/7p/1p3p2/1P2kn1K/R1B4r/8/6P1/8 w - - 2 53,0.0,w
2br1k2/p4ppp/1p3n2/1P2P3/2Br3n/5PNP/6P1/2R1R1K1 b - - 0 34,0.0,b
2brnk2/p4ppp/1p6/1P2P3/2R4n/5P1P/4N1P1/4R1K1 b - - 0 36,0.0,b
3rnk2/p4ppp/1p2b3/1P2P3/8/5P1P/4N3/2R1R1K1 b - - 2 38,0.0,b
3rn3/p3kppp/1p2P3/1P6/8/5P1b/4NK2/2R1R3 b - - 0 40,0.0,b
3r4/p1n1kppp/1p2b3/1P6/8/2N1RP2/5K2/2R5 b - - 3 42,0.0,b
8/p3kppp/1p2b3/1n6/8/4RP2/3rN3/2R1K3 b - - 1 44,0.0,b
8/4kppp/pp2b3/1n6/8/5P2/4RK2/2R5 b - - 1 46,0.0,b
8/4kppp/p3b3/1p6/3n4/5P2/1R3K2/R7 b - - 1 48,0.0,b
2b5/4kppp/p3n3/1p2R3/8/5P2/1R3K2/8 b - - 5 50,0.0,b
2b5/5ppp/p2k4/1p6/3nR3/5P2/1R3K2/8 b - - 9 52,0.0,b
8/5ppp/p7/1pk2b2/3n1P2/8/1R3K2/4R3 b - - 0 54,0.0,b
8/5ppp/pk6/1p3b2/3n1P2/8/1R3K2/4R3 b - - 4 56,0.0,b
8/5ppp/pk6/1p3R2/5n2/8/1R3K2/8 b - - 0 58,0.0,b
8/5Rpp/pk6/1p6/8/6K1/1n6/8 b - - 0 60,0.0,b
8/8/pk4pR/8/1p6/6K1/1n6/8 b - - 1 62,0.0,b
8/8/pk4R1/8/n4K2/1p6/8/8 b - - 0 64,0.0,b
8/8/p7/1k6/n4K2/8/1p6/1R6 b - - 1 66,0.0,b
8/8/p7/8/n7/2k5/1p3K2/1R6 b - - 5 68,0.0,b
8/8/pn6/8/8/6K1/1k6/8 b - - 1 70,0.0,b
8/8/1n6/4K3/p7/8/1k6/8 b - - 1 72,0.0,b
8/8/1n6/8/8/3K4/pk6/8 b - - 1 74,0.0,b
8/8/1n6/8/3K4/8/1k6/4q3 b - - 3 76,0.0,b
8/8/1n6/5K2/8/8/1k6/4q3 b - - 7 78,0.0,b
8/8/7K/3nq3/8/8/1k6/8 b - - 11 80,0.0,b
8/4n3/7K/8/8/6q1/1k6/8 b - - 15 82,0.0,b
rn1q1rk1/pp3ppp/2pbbn2/3pp3/2P5/1P1BP3/PB1PNPPP/2RQK2R w K - 6 8,1.0,w
rn1q1rk1/pp3ppp/3bbn2/3p4/4p3/1P1BP1N1/PB1P1PPP/2RQK2R w K - 0 10,1.0,w
r4rk1/pp1n1ppp/3bbq2/3p4/4p3/1P2P1N1/P2P1PPP/1BRQK2R w K - 0 12,1.0,w
r4rk1/pp1n1ppp/3b1q2/3p4/6b1/1P2PpN1/P2PK1PP/1BRQ3R w - - 0 14,1.0,w
r4rk1/pp3ppp/3b1q2/3pn3/6b1/1PK1P1N1/P2P2pP/1BRQ3R b - - 0 16,1.0,b
3rr1k1/p2bqppp/1pp2nn1/5N2/8/1P2P2P/P1Q2PP1/1BRR2K1 b - - 7 21,0.0,b
3r2k1/p2brppp/1pp2nn1/4q3/2N5/1P2P2P/P1Q2PP1/1BRR2K1 b - - 11 23,0.0,b
3r2k1/p2brppp/2p2nn1/Np5q/1P6/4P2P/P1Q2PP1/1BRR2K1 b - - 1 25,0.0,b
3Rr1k1/p4ppp/2p1bnn1/Np5q/1P6/1Q2P2P/P4PP1/1BR3K1 b - - 0 27,0.0,b
6k1/p4ppp/2p1bnn1/Np5q/1P6/4P2P/PQ3PPK/1BRr4 b - - 3 29,0.0,b
6k1/p4ppp/2p1b1n1/Np6/1P4nq/4PK1P/PQ3PP1/1BRr4 b - - 7 31,0.0,b
6k1/p4ppp/2p1bn2/Np2K3/1P5q/4P2P/PQ3PP1/1BRr4 b - - 0 33,0.0,b
r4rk1/1pb1qppp/p1p2nb1/P1Pp1P2/1P1Bn3/3BP3/2Q3PP/RN3RK1 b - - 0 16,1.0,b
r4rk1/1pb2ppp/p1p2n2/P1Pp1P1b/1P1BQ3/4P3/6PP/RN3RK1 b - - 0 18,1.0,b
r3r1k1/1pb2ppp/p1p5/P1Pp1P1b/1P1Bn3/4P1P1/6KP/RN3R2 b - - 2 20,1.0,b
3rr1k1/1pb2ppp/p1p5/P1Pp1P1b/1P1B4/2N1P1P1/6K1/R4R2 b - - 2 22,1.0,b
3r2k1/1pb2ppp/p1p5/P1P2PBb/1P1p4/2N3P1/6K1/R4R2 b - - 1 24,1.0,b
6k1/1pb2ppp/p1p5/P1P2PBb/NP1p4/6P1/4rRK1/R7 b - - 5 26,1.0,b
6k1/1pb2ppp/p1p2P2/P1P3B1/NP1p2b1/6P1/5K2/R7 b - - 0 28,1.0,b
7k/1pb2ppp/2p2P2/PpP3B1/3p2b1/6P1/1N3K2/R7 b - - 1 30,1.0,b
7k/2b2pp1/R1p2P1p/1pP3B1/3p2b1/6P1/1N3K2/8 b - - 0 32,1.0,b
7k/5pP1/2R5/1pP1b1p1/3p2b1/6P1/1N3K2/8 b - - 0 34,1.0,b
8/5pk1/8/1RP1b1p1/6b1/3p2P1/1N3K2/8 b - - 0 36,1.0,b
8/5pk1/8/1RP3p1/3b2b1/6P1/1N1K4/8 b - - 0 38,1.0,b
8/5pk1/2b5/6p1/3b4/1R4P1/1N1K4/8 b - - 1 40,1.0,b
8/5p2/2b3k1/8/3b2p1/1R4P1/1N1K4/8 b - - 1 42,1.0,b
8/5p2/2b2k2/8/6p1/1R4P1/3K4/4N1b1 b - - 5 44,1.0,b
8/5p2/1Rb2k2/8/6p1/3N2b1/3K4/8 b - - 1 46,1.0,b
8/2R2p2/8/6k1/6p1/3N4/3K4/8 b - - 0 48,1.0,b
8/2R2N2/8/5k2/6p1/8/3K4/8 b - - 0 50,1.0,b
8/5N2/2R5/5k2/6p1/4K3/8/8 b - - 4 52,1.0,b
8/8/2R4N/6k1/8/5Kp1/8/8 b - - 3 54,1.0,b
8/8/4R2N/8/5k2/8/6K1/8 b - - 2 56,1.0,b
8/5N2/4R3/7k/8/5K2/8/8 b - - 6 58,1.0,b
3rr1k1/pb3ppp/1p3n2/4q3/1P2P2n/3B2NP/4QPP1/2R1R1K1 b - - 0 27,0.0,b
3r2k1/pb2rppp/1p1q1n2/1B6/1P2P2n/6NP/4QPP1/2RR2K1 b - - 4 29,0.0,b
3q2k1/pb2rppp/1p3n2/1B6/1P2P2n/6NP/4QPP1/3R2K1 b - - 1 31,0.0,b
6k1/pb2rppp/1p3n2/1B2q3/1P2PP1n/3Q2NP/6P1/3R2K1 b - f3 0 33,0.0,b
1q2B1k1/pb2rppp/1p6/4P3/1P3P1n/3Q2NP/6P1/3R2K1 b - - 0 35,0.0,b
1q2r1k1/p4ppp/1p6/4P3/1P3P1n/6NP/1Q4b1/3R2K1 b - - 1 37,0.0,b
1q4k1/p3rppp/1p6/4P3/1P3P1n/6Nb/5Q2/3R2K1 b - - 1 39,0.0,b
1q4k1/p3rppp/1p6/4P3/1P3Pb1/5nN1/5QK1/R7 b - - 5 41,0.0,b
1q4k1/p3rppp/1p6/4P3/1P3Pb1/5nN1/5Q2/R6K b - - 9 43,0.0,b
1q4k1/p2r1ppp/1p6/4P3/1P1nNPb1/8/5Q2/R5K1 b - - 13 45,0.0,b
1q4k1/p4ppp/1p6/4P3/1P2NPb1/Rn6/5QK1/3r4 b - - 17 47,0.0,b
1q4k1/p4p1p/1p3p2/4Pb2/1P3P2/1R6/5QK1/3r4 b - - 0 49,0.0,b
6k1/pq3p1p/1p6/4pb2/1P3P2/R5K1/5Q2/3r4 b - - 1 51,0.0,b
6k1/pq3p1p/1p6/5b2/1P3Q2/R7/5K2/6r1 b - - 2 53,0.0,b
6k1/p4p1p/1p6/5b2/1P3Q2/R3q3/8/6r1 w - - 0 56,0.0,w
6k1/p4p2/7p/1p3Q2/1P6/4R3/8/6r1 w - - 0 58,0.0,w
8/p4pk1/8/7Q/1P6/4R3/8/6r1 w - - 1 60,0.0,w
8/p4k2/8/1P4r1/8/4R3/8/8 w - - 1 62,0.0,w
8/5k2/P7/2r5/8/3R4/8/8 w - - 1 64,0.0,w
rnbqk1nr/pp3ppp/2pb4/3pp3/2P5/1P2PN2/PB1P1PPP/R2QKB1R b KQkq - 1 5,0.5,b
rn1qk2r/pp3ppp/2pb1n2/3pp3/2P3b1/1P1BPN1P/PB1P1PP1/R2QK2R b KQkq - 0 7,0.5,b
r2qk2r/pp3ppp/n1pb1n2/3Pp3/8/1P1BPP1P/PB1P1P2/R2QK2R b KQkq - 0 9,0.5,b
r1q1k2r/pp3ppp/2Pb1n2/2n1p3/8/1P1BPP1P/PB1PKP2/R2Q3R b kq - 0 11,0.5,b
r1q1k2r/p4pQp/2pb1n2/4p3/8/1P1nPP1P/PB1PKP2/R6R b kq - 0 13,0.5,b
r1q4r/p3kpQp/2pb1n2/4p3/5P2/1P3P1P/PB1P1P2/R2K3R b - - 0 15,0.5,b
r1q3r1/p2k1p1p/2pb1Q2/4P3/8/1P3P1P/PB1P1P2/R2K3R w - - 1 18,0.5,w
r1q5/p2kb1rQ/2p5/4P3/8/1P3P1P/PB1P1P2/R2K3R w - - 1 20,0.5,w
1rq5/p1k1b3/2p5/4P3/6Q1/1P3P1P/PB1P1P2/R2K3R w - - 3 22,0.5,w
1r6/p2kb3/2p5/4P3/8/1P3P1P/PB1P1P2/2RK3R w - - 2 24,0.5,w
8/p2kb3/2p5/r3P3/2R5/1P3P1P/PB1P1P2/3K3R w - - 6 26,0.5,w
8/p3b3/2R5/r2k4/8/1P3P1P/PB1P1P2/3K3R w - - 1 28,0.5,w
3b4/p1R5/8/3k4/8/1P3P1P/rB1P1P2/2K4R w - - 2 30,0.5,w
3R4/p7/r1k5/8/8/1P3P1P/1B1P1P2/2K4R w - - 1 32,0.5,w
8/p2k4/r7/8/2RB4/1P3P1P/3P1P2/2K4R b - - 5 34,0.5,b
8/p7/r7/3k4/2RB4/1P3P1P/2KP1P2/4R3 b - - 9 36,0.5,b
8/p7/3k4/4R3/2RB4/rP3P1P/1K1P1P2/8 b - - 13 38,0.5,b
8/p2k4/r7/8/3B4/1P3P1P/1K1P1P2/2R1R3 b - - 17 40,0.5,b
8/B7/2k5/8/8/1P3P1P/1K1P1P2/4R3 b - - 0 42,0.5,b
8/8/2k5/2B1R3/8/1P3P1P/1K1P1P2/8 b - - 4 44,0.5,b
8/8/2k5/2B1R3/8/1P3P1P/1K1P1P2/8 b - - 8 46,0.5,b
8/8/2k5/2B1R3/3P4/1P3P1P/1K3P2/8 b - - 0 48,0.5,b
8/4R3/k7/2BP4/8/1P3P1P/1K3P2/8 b - - 2 50,0.5,b
8/4R3/8/3P4/1k6/1P3P1P/1K1B1P2/8 b - - 6 52,0.5,b
8/8/3k4/3PR3/5B2/1P3P1P/1K3P2/8 b - - 10 54,0.5,b
8/8/3k4/3PR3/5B2/1P3P1P/1K3P2/8 b - - 14 56,0.5,b
8/3k4/8/3P4/5B2/1P3P1P/1K3P2/4R3 b - - 18 58,0.5,b
3k4/4R3/3B4/3P4/8/1P3P1P/1K3P2/8 b - - 22 60,0.5,b
3k4/2R5/8/3P4/8/1P3P1P/1K3P1B/8 b - - 26 62,0.5,b
3k4/2R5/8/3P4/8/1P3P1P/1K3P1B/8 b - - 30 64,0.5,b
3k4/1R6/3B4/3P4/8/1P3P1P/1K3P2/8 b - - 34 66,0.5,b
3r2k1/pb3p1p/1p1r1np1/4q3/1PB1P2n/6NP/4QPP1/2R1R1K1 w - - 0 30,0.0,w
3r2k1/Q2r1p1p/1pb2np1/4q3/1PB1P2n/6NP/5PP1/2R1R1K1 w - - 1 32,0.0,w
3r4/2qr1k1p/1Qb2np1/8/1P2P2n/6NP/5PP1/2R1R1K1 w - - 0 34,0.0,w
3rn3/3r1k1p/2R3p1/8/1P2P2n/6NP/5PP1/4R1K1 w - - 1 36,0.0,w
3rn3/3r2kp/8/4P1p1/1PR4n/6NP/5PP1/4R1K1 w - - 0 38,0.0,w
3r4/3r3p/2Rn2k1/4P1pN/1P5n/7P/5PP1/4R1K1 w - - 4 40,0.0,w
3r4/3r3p/2Rn4/4Pkp1/1P6/7P/5PP1/4R1K1 w - - 0 42,0.0,w
3r4/7p/3r2k1/4P1p1/1P4P1/7P/5P2/4R1K1 w - - 0 44,0.0,w
8/7p/1r4k1/6p1/1P2R1P1/7P/5P2/6K1 w - - 2 46,0.0,w
8/6kp/1r6/6p1/1P2R1P1/5K1P/5P2/8 w - - 6 48,0.0,w
8/5k1p/1r6/6p1/1P2R1P1/5K1P/5P2/8 w - - 10 50,0.0,w
4r3/5k1p/8/6p1/1PR3P1/7P/4KP2/8 w - - 14 52,0.0,w
8/4r2p/6k1/2R3p1/1P4P1/3K3P/5P2/8 w - - 18 54,0.0,w
8/1r3k1p/8/6p1/1P4P1/2RK3P/5P2/8 w - - 22 56,0.0,w
8/5k1p/8/6p1/5rP1/R1K4P/5P2/8 w - - 2 58,0.0,w
8/3R3p/6k1/6p1/6P1/2K4P/5r2/8 w - - 0 60,0.0,w
8/7p/1r4k1/6p1/6P1/3R3P/3K4/8 w - - 4 62,0.0,w
8/7p/6k1/3R2p1/6P1/1r2K2P/8/8 w - - 8 64,0.0,w
8/7p/6k1/3R2p1/6P1/r7/6K1/8 w - - 2 66,0.0,w
8/7p/6k1/6p1/6P1/r7/5RK1/8 w - - 6 68,0.0,w
8/7p/6k1/6p1/6r1/8/6K1/4R3 w - - 0 70,0.0,w
8/7p/6k1/6p1/5r2/5K2/8/R7 w - - 4 72,0.0,w
8/7p/6k1/8/3r2p1/8/4K3/6R1 w - - 2 74,0.0,w
8/7p/6k1/8/5rp1/8/3K4/6R1 w - - 6 76,0.0,w
8/7p/8/5k2/3r2p1/8/4K3/5R2 b - - 10 78,0.0,b
8/7p/8/3rkR2/6p1/8/4K3/8 b - - 16 81,0.0,b
8/8/7p/3r1k2/8/6p1/5K2/8 w - - 0 84,0.0,w
8/8/3r3p/5k2/8/5K2/8/8 w - - 3 86,0.0,w
8/8/3r4/5k2/7p/5K2/8/8 w - - 0 88,0.0,w
8/8/3r4/5k2/8/8/4K2p/8 w - - 0 90,0.0,w
8/8/3r4/5k2/8/8/5K2/3r4 w - - 2 92,0.0,w
8/8/8/5k2/8/5K2/3r4/7r w - - 6 94,0.0,w
8/8/8/8/5k2/8/4K3/3r3r w - - 10 96,0.0,w
8/8/8/8/5k2/8/4K3/2r4r w - - 14 98,0.0,w
8/8/8/8/3K1k2/8/3r4/2r5 w - - 18 100,0.0,w
r1b1r1k1/pp1n1ppp/2p2n2/3Pp3/8/qP2P3/P2PNPPP/1BRQ1RK1 b - - 0 12,0.0,b
r1br2k1/pP3ppp/1n3n2/4p3/8/qP2P3/P2PNPPP/1BRQ1RK1 b - - 0 14,0.0,b
r2r1k2/pb3ppp/1n3n2/4p3/8/qPN1P3/P1RP1PPP/1B1Q1RK1 b - - 3 16,0.0,b
r2r4/pb2kppp/1n1q1n2/4p3/8/1PN1P1P1/P1RP1P1P/1B1QR1K1 b - - 0 18,0.0,b
r2r4/pbR1kppp/1n2qn2/4p3/4N3/1P2P1P1/P2P1P1P/1B1QR1K1 b - - 4 20,0.0,b
r7/pb1nkppp/1n2q3/2N1p3/8/1P2P1P1/P2P1P1P/1B1QR1K1 b - - 1 22,0.0,b
r7/pb2kppp/1n6/2n1p3/3P4/1P2PPPq/P6P/1B1QR1K1 b - - 0 24,0.0,b
r7/pb2kppp/1n6/4nB2/8/1P2PPPq/P6P/3QR1K1 b - - 1 26,0.0,b
r7/pb2kppp/1n6/5q2/4P3/1P3nP1/P6P/3QRK2 b - - 1 28,0.0,b
r7/pb2kppp/1n6/8/4P3/1P2KnP1/P5qP/3QR3 b - - 5 30,0.0,b
r7/pb2kppp/1n6/8/4q3/1P4P1/P2K3n/3Q2R1 b - - 1 32,0.0,b
3r4/pb2kppp/1n6/8/8/1P2q1P1/P6n/1K1Q2R1 b - - 5 34,0.0,b
8/p3kppp/1n6/8/4b3/1P2q1P1/PK5n/3R4 b - - 2 36,0.0,b
8/p3kppp/1n6/8/1K2b3/1P4P1/P6n/3q4 b - - 1 38,0.0,b
8/p3kppp/1n6/2K5/8/1P1b2P1/P2q3n/8 b - - 5 40,0.0,b
8/p3kppp/1n6/8/3K2P1/1q1b4/7n/8 b - - 0 42,0.0,b
2brr1k1/p3qppp/1p3nn1/2p5/8/1P2PQNP/P4PP1/1BR1R1K1 b - - 3 23,0.0,b
2brr1k1/p3qppp/1p3nB1/2p5/5Q2/1P2P1NP/P4PP1/2R1R1K1 b - - 0 25,0.0,b
2brr1k1/p4pp1/1p3np1/2p1q3/Q7/1P2P1NP/P4PP1/2R1R1K1 b - - 3 27,0.0,b
3rr1k1/Q2b1pp1/1p2qnp1/2p5/8/1P2PPNP/P5P1/2R1R1K1 b - - 0 29,0.0,b
3rr1k1/3b1pp1/1p1q2p1/2p5/4n3/QP2PP1P/P5P1/2R1R1K1 b - - 1 31,0.0,b
1q1rr1k1/3b1pp1/1p3np1/2p5/8/1P2PP1P/P4QP1/2R1R1K1 b - - 5 33,0.0,b
1q2r1k1/5pp1/1p3np1/2p2b2/8/1P2PP1P/P4QP1/3R2K1 b - - 0 35,0.0,b
4r1k1/2q2pp1/1p2bnp1/2p1P3/8/1P3P1P/P4QP1/3R2K1 b - - 0 37,0.0,b
4r1k1/5pp1/1p3np1/2p1q3/8/1P3P1P/2Q3P1/3R2K1 b - - 1 39,0.0,b
6k1/5pp1/1p3np1/2p5/8/1P2rP1P/6P1/3R2K1 w - - 0 42,0.0,w
4rk2/5pp1/1p3np1/2p5/8/1P3P1P/5KP1/1R6 w - - 4 44,0.0,w
3R4/4kpp1/1p2rnp1/2p5/8/1P3P1P/5KP1/8 w - - 8 46,0.0,w
3R4/4kpp1/1p2rnp1/2p5/8/1P3P1P/5KP1/8 w - - 12 48,0.0,w
8/4kpp1/1pr2np1/8/2P5/3R1P1P/5KP1/8 w - - 1 50,0.0,w
8/4kpp1/1p3np1/8/8/2r1KP1P/6P1/3R4 w - - 2 52,0.0,w
8/4kpp1/1p3np1/8/3r1K2/5P1P/6P1/8 w - - 0 54,0.0,w
8/4kpp1/1p3np1/8/8/5P1P/3r1KP1/8 w - - 4 56,0.0,w
8/4kpp1/1p4p1/7n/8/5P1P/2r3PK/8 w - - 8 58,0.0,w
8/4kpp1/6p1/7n/1p5P/5P2/2r3P1/6K1 w - - 0 60,0.0,w
8/4kpp1/6p1/8/5n1P/1p4P1/2r5/6K1 w - - 0 62,0.0,w
8/4kp2/6p1/6P1/5n2/1p4P1/2r5/7K w - - 0 64,0.0,w
8/4k3/5pp1/6P1/5P2/8/1pr5/6K1 w - - 0 66,0.0,w
8/8/5k2/6p1/5P2/8/1pr5/7K w - - 0 68,0.0,w
3r1k2/pb3ppp/1p3n2/5N2/1PBrP2n/5P1P/6P1/2R1R1K1 b - - 2 33,0.0,b
4rk2/pb3ppp/1p3n2/5P2/1PBr4/5P1P/6P1/2RR2K1 b - - 2 35,0.0,b
5k2/pb3ppp/1p3n2/4rP2/1PB5/5P1P/6P1/R5K1 b - - 2 37,0.0,b
5k2/1b3ppp/1p3n2/R4P2/2B5/5P1P/6P1/6K1 b - - 0 39,0.0,b
8/1b2kppp/5n2/p4P2/2B5/5P1P/4K1P1/8 b - - 3 41,0.0,b
8/4kppp/5n2/p4b2/2B2P2/4K2P/6P1/8 b - - 0 43,0.0,b
8/4kppp/8/p6n/2B2PP1/4K3/8/8 b - - 0 45,0.0,b
8/4kppp/5n2/8/p4PP1/3B1K2/8/8 b - - 1 47,0.0,b
8/4kp1p/5n2/5Pp1/p5P1/5K2/8/1B6 b - - 1 49,0.0,b
8/3nkp1p/8/5Pp1/6P1/p7/6K1/1B6 b - - 3 51,0.0,b
8/3nk3/5p1p/5Pp1/6P1/p7/B6K/8 b - - 1 53,0.0,b
8/3k4/5p1p/4nPp1/6P1/pB4K1/8/8 b - - 5 55,0.0,b
8/8/1k3p1p/4nPp1/6P1/pB4K1/8/8 b - - 9 57,0.0,b
8/8/2k2p1p/4nPp1/6P1/1B6/7K/q7 w - - 0 60,0.0,w
8/8/2k1Bp2/5Ppp/6n1/8/6K1/q7 w - - 0 62,0.0,w
8/8/2k1Bp2/5Ppp/6n1/4q3/4K3/8 w - - 4 64,0.0,w
8/8/2k1Bp1n/5Ppp/3q4/8/2K5/8 w - - 8 66,0.0,w
8/8/5p1n/3k1Ppp/q7/8/3K4/8 b - - 2 69,0.0,b
8/8/5p1n/3k1P1p/q7/6p1/4K3/8 b - - 1 71,0.0,b
8/8/5p1n/3k1P2/4q2p/5Kp1/8/8 w - - 1 74,0.0,w
5k2/p1rr1ppp/1p2bn2/1P2P3/7n/R4PNP/4B1P1/R5K1 b - - 0 38,0.0,b
5k2/p1rr1ppp/1p2b3/1P2P3/R4n1n/5PNP/4BKP1/R7 b - - 4 40,0.0,b
5k2/p2r1ppp/1p2b3/1P2P3/R4n2/5P1P/2r1NKn1/R4B2 b - - 3 42,0.0,b
5k2/R4ppp/1p6/1P2Pb2/5n2/5P1P/2r1NKn1/5B2 b - - 0 44,0.0,b
R7/4kppp/1p6/1P2Pb2/8/5P1P/2r1BKn1/8 b - - 0 46,0.0,b
R7/4kppp/1p6/1P2Pb2/7K/5P1P/2r1n3/8 b - - 1 48,0.0,b
R7/4kppp/1p6/1P2PbK1/5r2/7P/4n3/8 b - - 1 50,0.0,b
8/R4ppp/1p6/1P2k1K1/5r2/7P/4n3/1b6 w - - 0 53,0.0,w
8/R5pp/1p3p2/1P2k1K1/5r2/6nP/8/1b6 b - - 0 55,0.0,b
r1b1r1k1/pp1n1ppp/2pq1n2/8/2PN4/4P2P/P4PP1/1BRQ1RK1 b - - 0 15,1.0,b
r1b1r1k1/pp1n1ppp/5n2/2p5/1qP5/4PQ1P/P1N2PP1/1BR2RK1 b - - 1 17,1.0,b
r1b1r2k/pp1n1ppp/5n2/2p5/2P5/4PQ1P/PqNR1PP1/1BR3K1 b - - 5 19,1.0,b
r1b1r2k/pp1n1ppp/5n2/2p5/2P5/4PQ1P/Pq3PP1/1B1RN1K1 b - - 3 21,1.0,b
r1b4k/pp1n1ppp/1q3n2/2p5/2P5/4Q2P/P4PP1/1B1RN1K1 b - - 0 23,1.0,b
r1b3nk/pp1n1Qpp/2q5/2p5/2P5/7P/P4PP1/1B1RN1K1 b - - 0 25,1.0,b
r1b3nk/pp4pp/7q/2p1Q3/2P5/7P/P4PP1/1B1RN1K1 b - - 0 27,1.0,b
r6k/pp4pp/5n1q/2p1Q3/2P3P1/5N2/P4PP1/1B1R2K1 b - - 2 29,1.0,b
r6k/pp4pp/8/2p5/2P3n1/2Q2N2/P4PP1/1B1R3K b - - 0 31,1.0,b
r6k/pp4pp/8/2p5/2P5/3Q1N2/P5P1/1B1n2K1 b - - 1 33,1.0,b
6r1/pp4pp/8/2p5/2P5/5N2/P5P1/1B1n2K1 w - - 0 36,1.0,w
3r1k2/p4ppp/1p2bn2/1P2P3/3r3n/5PNP/4B1P1/2R1R1K1 b - - 0 35,0.5,b
3r1k2/R2n1ppp/1p2b3/1P2P3/7n/5PNP/3rB1P1/4R1K1 b - - 0 37,0.5,b
3r1k2/R2n1ppp/1p2b3/1P1rP3/8/5PNP/4B1K1/4R3 b - - 0 39,0.5,b
3r1k2/R2n1ppp/1p6/1P1br3/5P2/6NP/4BK2/4R3 b - - 2 41,0.5,b
3rr1k1/3n1ppp/1p6/1P1b4/5P2/6NP/4BK2/3RR3 b - - 6 43,0.5,b
3Rr1k1/1b3ppp/1p3n2/1P6/5P2/6NP/4BK2/4R3 b - - 0 45,0.5,b
2r3k1/1b3ppp/1p3n2/1P6/5P2/1B4NP/5K2/4R3 b - - 3 47,0.5,b
2b3k1/5ppp/1p3n2/1P5N/5P2/2r4P/5K2/3BR3 b - - 7 49,0.5,b
6k1/5p1p/1p3p2/1P6/5P2/2r4b/5K2/3B3R b - - 1 51,0.5,b
5k2/5p1p/1p3p2/1P3b2/5P2/2r5/4BK2/7R b - - 5 53,0.5,b
8/4kp1p/1p3p2/1P6/3RbP2/2r5/4BK2/8 b - - 9 55,0.5,b
8/4kp1p/1p3p2/1P3b2/3R1P2/8/2r1BK2/8 b - - 13 57,0.5,b
8/4kp1p/1p3p2/1r3b2/3R1P2/8/4BK2/8 b - - 1 59,0.5,b
8/4kp1p/1pr2p2/5b2/1RB2P2/8/5K2/8 b - - 5 61,0.5,b
8/1r2kp1p/1p3p2/3B1b2/1R3P2/8/5K2/8 b - - 9 63,0.5,b
8/1R2kp1p/5p2/3r1b2/5P2/8/5K2/8 b - - 1 65,0.5,b
8/4kp1p/1R3p2/5b2/5P2/5K2/3r4/8 b - - 5 67,0.5,b
8/1R1bkp1p/5p2/8/5P2/4K3/2r5/8 b - - 9 69,0.5,b
8/5p1p/2bk1p2/8/5P2/4K3/2r5/R7 b - - 13 71,0.5,b
8/5p1p/2b2p2/2k5/2r2P2/4K3/3R4/8 b - - 17 73,0.5,b
8/5p1p/2b2p2/2k5/3r1P2/4K3/3R4/8 b - - 21 75,0.5,b
8/5p1p/2b2p2/5P2/3k4/8/3K4/8 b - - 0 77,0.5,b
8/5p1p/5p2/8/3kb3/8/8/2K5 w - - 2 80,0.5,w
8/5p1p/8/8/3kbp2/8/4K3/8 w - - 0 82,0.5,w
8/1b3p1p/8/8/5p2/2k5/4K3/8 w - - 4 84,0.5,w
8/1b3p1p/8/8/5p2/2k5/4K3/8 w - - 8 86,0.5,w
8/5p1p/2b5/8/5p2/2k5/5K2/8 w - - 12 88,0.5,w
b7/5p1p/8/8/5p2/3k4/8/6K1 w - - 16 90,0.5,w
b7/5p1p/8/8/8/4kp2/8/6K1 w - - 2 92,0.5,w
8/5p1p/8/3b4/8/4k3/5p2/4K3 w - - 0 94,0.5,w
8/5p1p/8/8/8/8/4kpK1/8 w - - 1 96,0.5,w
8/5p1p/8/8/6K1/8/8/3k1q2 w - - 2 98,0.5,w
8/5p1p/5q2/8/7K/8/4k3/8 w - - 6 100,0.5,w
8/5p1p/8/8/7K/1q6/4k3/8 b - - 10 102,0.5,b
8/5p1p/5q2/8/8/6K1/4k3/8 w - - 15 105,0.5,w
8/5p2/7p/8/8/6K1/4k3/5q2 b - - 1 107,0.5,b
8/5p2/8/7p/8/7K/4k3/2q5 b - - 3 110,0.5,b
8/8/8/5p1p/7K/8/4k3/1q6 b - - 3 112,0.5,b
8/8/8/5K2/7p/8/4k3/3q4 b - - 0 114,0.5,b
8/8/8/5K2/8/8/4k2p/3q4 b - - 1 116,0.5,b
r1b1r1k1/pp3ppp/2pq1n2/4n3/3N4/1P2P2P/P4PP1/1BRQ1RK1 b - - 2 16,0.0,b
1rbqr1k1/pp3ppp/2p2n2/4n3/1P1N4/4P2P/P4PP1/1BRQR1K1 b - - 0 18,0.0,b
1r1q2k1/pp3ppp/2p1rn2/4n3/1P6/4PP1P/P5P1/1BRQR1K1 b - - 0 20,0.0,b
1r1q2k1/pp3ppp/2pr1n2/8/1P6/1Q1BPP1P/P5P1/2R1R1K1 b - - 0 22,0.0,b
1r1q2k1/pp1r1ppp/2p2n2/8/1P6/4PP1P/P5P1/1QRR2K1 b - - 3 24,0.0,b
1r4k1/pp1R1ppp/2p2n2/8/1P6/4qP1P/P5PK/1QR5 b - - 1 26,0.0,b
1r4k1/pp1n1ppp/2p5/4q3/1P6/5P1P/P5P1/1Q1R2K1 b - - 3 28,0.0,b
1r4k1/pp3ppp/2p2n2/8/1P6/P3qP1P/6P1/1Q1R1K2 b - - 2 30,0.0,b
rn1qk2r/pp3ppp/2pb1n2/3pp3/2P3b1/1P1BP3/PB1PNPPP/R2QK2R w KQkq - 4 7,1.0,w
rn1qk2r/pp3ppp/2pb1n2/4p2b/2Pp4/1PNBPP2/PB1P2PP/R2QK2R w KQkq - 0 9,1.0,w
rn2k2r/pp3ppp/2pq1n2/4p2b/2P5/1P1BpP2/PB1P2PP/R2QK2R w KQkq - 0 11,1.0,w
rn5r/pp2kppp/2p1qn2/4p2b/2P5/1P1BPP2/PB4PP/1R1QK2R w K - 3 13,1.0,w
rn2k2r/pp3ppp/2p1qnb1/4p3/2P3P1/BP1BPP2/P6P/1R1QK2R w K - 1 15,1.0,w
rn2k2r/pp3ppn/2p1q1p1/4p1P1/2P5/BP2PP2/P6P/1R1QK2R w K - 1 17,1.0,w
rn2k2r/pp3pp1/2p3p1/4pqn1/2P4P/BP2PP2/P4K2/1R1Q3R w - - 1 19,1.0,w
rn2k3/pp3pp1/2p3p1/4p1P1/2P5/BP2PP2/P1q2K2/1R5Q w - - 1 21,1.0,w
rn5Q/pp1k1pp1/2p3p1/4p1P1/2P5/BP2PPK1/q7/1R6 w - - 2 23,1.0,w
r1Q5/pp1n1pp1/2p1k1p1/4p1P1/2P5/BP2PPK1/q7/3R4 w - - 6 25,1.0,w
rnbq1rk1/pp3ppp/2pb1n2/3pp3/2P5/1P1BP1N1/PB1P1PPP/R2QK2R b KQ - 5 7,0.0,b
r2q1rk1/pp1n1ppp/2pb1n2/3Pp3/6b1/1P1BP1N1/PB1P1PPP/R1Q1K2R b KQ - 0 9,0.0,b
2rq1rk1/pp1n1ppp/3b1n2/3pp3/6P1/1P1BP1N1/PB1P2PP/R1Q1K2R b KQ - 0 11,0.0,b
5rk1/pp1n1ppB/3b1n2/q2pp3/6P1/1P2P1N1/PB1P2PP/2R1K2R b K - 0 13,0.0,b
5r2/pp1n1ppk/3b4/q2pp3/6n1/1P2P1N1/PB1PK1PP/R6R b - - 1 15,0.0,b
5r2/pp3ppk/q2b1n2/3pp3/6n1/1P1PPKN1/PB4PP/R6R b - - 0 17,0.0,b
5r2/pp3ppk/q2b1n2/8/3pN1n1/1P1PPK2/P5PP/R6R b - - 1 19,0.0,b
5r2/pp3ppk/q2b4/8/3pP3/1P2n3/P4KPP/R6R b - - 1 21,0.0,b
5r2/pp3ppk/8/4b3/3pP3/1P2n3/q1R2KPP/7R b - - 1 23,0.0,b
5r2/pp3ppk/8/4b3/4P3/1P1pn1P1/2q4P/4K2R b - - 0 25,0.0,b
5k2/2r2ppp/1p2bn2/pP6/3rP2n/R4PNP/4B1P1/R5K1 w - a6 0 38,1.0,w
8/r3kppp/1p2bn2/8/3rP2n/R4PNP/4B1P1/R5K1 w - - 0 40,1.0,w
8/R2n1ppp/1p1kb3/8/3rP2n/5PNP/4B1P1/1R4K1 w - - 3 42,1.0,w
8/R2n1ppp/1p1kb3/8/4PN1n/5P1P/4r1P1/1R4K1 b - - 1 44,1.0,b
8/3n1ppp/1p1k4/8/4P2n/5P1N/3r2P1/RR4K1 b - - 0 46,1.0,b
8/3nkppp/1p6/8/4PN1n/5P2/6r1/RR3K2 b - - 3 48,1.0,b
8/3nkppp/8/1p1N2r1/4P2n/5P2/5K2/RR6 b - - 1 50,1.0,b
8/3n1ppp/3k4/1R1N4/4P2n/4KP2/6r1/R7 b - - 2 52,1.0,b
8/3n1ppp/2k5/3N1P2/8/4KP2/6r1/RR6 b - - 0 54,1.0,b
8/3n1ppp/2k5/5P2/8/4KP2/6r1/2RR4 b - - 3 56,1.0,b
8/5ppp/2k5/2R2P2/3K4/5Pr1/8/3R4 b - - 0 58,1.0,b
8/5ppp/3k4/5Pr1/4K3/5P2/8/2RR4 b - - 4 60,1.0,b
8/2R2ppp/3R1k2/5Pr1/4K3/5P2/8/8 b - - 8 62,1.0,b
rnbqk2r/ppb2ppp/2p2n2/2P1p3/1P1p4/4P3/P1QPBPPP/RNB2RK1 w kq - 0 8,1.0,w
r1bqk2r/ppb2ppp/B1p2n2/2P1p3/1P6/N3p3/P1QP1PPP/R1B2RK1 w kq - 0 10,1.0,w
r1bqk2r/p1b2ppp/p1p5/2P1p3/1P4nP/N3P3/P1QP2P1/R1B2RK1 w kq - 1 12,1.0,w
r1b1k2r/p1b2ppp/p1Q5/2P1p3/1P4nP/N3P3/P2P2P1/R1B2RK1 b kq - 0 14,1.0,b
2br4/Q1b1kppp/p7/2P1p3/1P4nP/N3P3/P2P2P1/R1B2RK1 b - - 0 16,1.0,b
2b5/Q1bPkppp/p7/4p3/1P5P/N3n3/P2P2P1/R1B2RK1 b - - 0 18,1.0,b
8/3bkppp/Q2b4/4p3/1P5P/N3P3/P5P1/R1B2RK1 b - - 0 20,1.0,b
8/1Q2kppp/3b4/4p3/1P4bP/4P3/P1N3P1/R1B2RK1 b - - 4 22,1.0,b
8/1Q1Rkppp/8/4p3/1b5P/4P3/P1N3P1/R1B3K1 b - - 0 24,1.0,b
8/5Rpp/3k4/1Q2p3/1b5P/4P3/P1N3P1/R1B3K1 b - - 2 26,1.0,b
8/5Rpp/3k4/1Q2p3/1N5P/B3P3/P5P1/R5K1 b - - 0 28,1.0,b
r1b1r1k1/pp3ppp/1npq1n2/3pp3/2PP4/1P2P2P/P3NPP1/1BRQ1RK1 w - - 1 14,0.0,w
r1b1r1k1/pp3ppp/1qp2n2/3pp3/3P4/1P2P2P/P3NPP1/1BRQ1RK1 w - - 0 16,0.0,w
r1b2k2/pp3ppp/1qp2n2/3pr3/8/1P2P2P/P3NPP1/1BRQR1K1 w - - 0 18,0.0,w
r4k2/pp1b1ppp/1q3n2/2ppr3/3N4/1P2PQ1P/P4PP1/1BR1R1K1 w - - 0 20,0.0,w
r4k2/pp1b1ppp/1q3n2/3pQ3/8/1P2p2P/P4PP1/1BR1R1K1 w - - 0 22,0.0,w
r4k2/pp1b1ppp/5n2/3p4/8/1P5P/P4qP1/1BR1R1K1 w - - 0 24,0.0,w
4k3/pp1b1ppp/5n2/3p4/8/1P5P/P4KP1/1BR5 w - - 0 26,0.0,w
4k3/ppR2ppp/2b5/3p1B2/4n3/1P5P/P4KP1/8 w - - 4 28,0.0,w
4k3/ppR2ppp/2b5/5Bn1/3p4/1P5P/P2K2P1/8 w - - 0 30,0.0,w
8/p3kppp/2p5/5Bn1/3p4/1P1K3P/P5P1/8 w - - 2 32,0.0,w
8/p3kppp/2p5/6n1/3K4/1P5P/P1B3P1/8 w - - 3 34,0.0,w
8/p4pp1/2pk3p/6n1/3K4/1P5P/P1B3P1/8 w - - 2 36,0.0,w
8/p4pp1/2pk3p/5Bn1/8/1P2K2P/P5P1/8 w - - 6 38,0.0,w
8/p4pp1/2p1k2p/8/3K4/1P5P/P5P1/8 w - - 0 40,0.0,w
8/p3kpp1/2p4p/8/5K2/1P5P/P5P1/8 w - - 4 42,0.0,w
8/p3kpp1/2p4p/8/8/1P1K3P/P5P1/8 w - - 8 44,0.0,w
8/p4pp1/2pk3p/8/3K4/1P5P/P5P1/8 w - - 12 46,0.0,w
8/p4pp1/2p4p/2K5/5k2/1P5P/P5P1/8 w - - 16 48,0.0,w
8/p4pp1/3K3p/8/8/1P5P/P5k1/8 w - - 0 50,0.0,w
8/p3K1p1/7p/8/5p1P/1P6/P5k1/8 w - - 0 52,0.0,w
8/p4Kp1/7p/8/7P/1P6/P4pk1/8 w - - 0 54,0.0,w
8/p7/q6K/8/7P/1P6/P5k1/8 w - - 1 56,0.0,w
8/p7/8/6K1/1P5P/q7/6k1/8 w - - 1 58,0.0,w
8/p7/5K2/1P6/7P/7q/6k1/8 w - - 3 60,0.0,w
8/6K1/1p6/8/7q/8/6k1/8 w - - 0 62,0.0,w
8/8/4K3/8/1p5q/8/6k1/8 w - - 0 64,0.0,w
8/8/5K2/8/q7/1p6/6k1/8 w - - 2 67,0.0,w
8/8/4K3/8/q7/1p3k2/8/8 w - - 6 70,0.0,w
8/8/4K3/8/q7/8/1p4k1/8 w - - 0 72,0.0,w
8/8/4K3/8/7q/7k/1p6/8 w - - 4 74,0.0,w
8/8/3K4/1q6/7q/7k/8/8 w - - 2 77,0.0,w
4q3/5K2/8/1q6/8/7k/8/8 w - - 6 79,0.0,w
rnbqk2r/pp3ppp/2pb1n2/3pp3/2P5/2N1P3/PPQPBPPP/R1B2RK1 b kq - 3 6,0.0,b
rnb4r/pp1k1ppp/2pb1n2/q2PpQ2/8/2N1P3/PP1PBPPP/R1B2RK1 b - - 2 8,0.0,b
rnb3r1/pp2kppp/2Pb1n2/q3p1Q1/8/2N1P3/PP1PBPPP/R1B2RK1 b - - 0 10,0.0,b
rn4r1/pb2kpp1/3b1n1p/q3p3/7Q/2N1P3/PP1PBPPP/R1B2RK1 b - - 1 12,0.0,b
rn1q2r1/p3kpp1/3b1n1p/4p3/7Q/2N1PP2/PP1P1P1P/R1B2RK1 b - - 0 14,0.0,b
rn1q2r1/p4pp1/1k1b1n1p/4p3/8/2N1PP1Q/PP1P1P1P/R1B2RK1 w - - 4 17,0.0,w
r1q3r1/p4pp1/1knb1n1p/4p3/8/2N1PP1Q/PP1P1PKP/R1B1R3 w - - 8 19,0.0,w
r1r5/p4pp1/1knb3p/4p3/4n3/4PP2/PP1P1PKP/R1B1R3 w - - 0 21,0.0,w
r1r5/p4pp1/1k1b3p/4p3/4P3/4P3/PPnP1PKP/R1B3R1 w - - 3 23,0.0,w
r1r2b2/p4pp1/1k5p/4p3/4P3/4PK2/PPnP1P1P/1RB3R1 w - - 7 25,0.0,w
r1r2b2/p4pp1/1k5p/4p3/4P3/1P2PK2/nB1P1P1P/1R4R1 w - - 0 27,0.0,w
r1r5/p4pb1/1k5p/8/1n2P3/1P2PK2/3P1P1P/1R4R1 w - - 0 29,0.0,w
3r4/p1r2pR1/1k5p/8/1n2P3/1P2PK2/3P1P1P/R7 w - - 3 31,0.0,w
3r4/r4pR1/1k5p/8/4P3/1P1nP3/3PKP1P/8 w - - 0 33,0.0,w
3r4/r4p1R/1k5p/8/4P3/1n2P3/3P1P1P/3K4 w - - 0 35,0.0,w
4r3/r1k2p2/7R/8/3PP3/1n2P3/5P1P/3K4 w - - 1 37,0.0,w
4r3/r4p2/1k6/n6R/3PP3/4PP2/7P/3K4 w - - 3 39,0.0,w
4r3/5p2/1kn4R/3P4/4P3/4PP2/7P/r2K4 w - - 1 41,0.0,w
4r3/5p2/1kn4R/3P4/4P3/1K2PP2/7r/8 w - - 0 43,0.0,w
4r3/5p2/1k6/3P4/4P3/1K2Pn2/2R5/8 w - - 0 45,0.0,w
4r3/1k3p2/5R2/3Pn3/4P3/1K2P3/8/8 w - - 4 47,0.0,w
3r4/1k3p2/2n2R2/3P4/3KP3/4P3/8/8 b - - 8 49,0.0,b
3rr1k1/pb3ppp/1p3n2/2p1q3/4P2n/PP1B2NP/4QPP1/2R1R1K1 w - - 1 26,0.0,w
3rr1k1/p4ppp/1pb2n2/2p5/2B1P2n/PPq3NP/4QPP1/3RR1K1 w - - 5 28,0.0,w
3r1k2/p4ppp/1pb2n2/2p5/2B1P2n/PPq3NP/4QPP1/1R4K1 w - - 2 30,0.0,w
3r1k2/p4ppp/1p3q2/2p5/2B4n/PP4NP/4QPb1/1R4K1 w - - 0 32,0.0,w
3r1k2/p4qpp/1p6/2p5/7n/PP4Nb/2Q2P2/1R4K1 w - - 0 34,0.0,w
3r1k2/p2q2pQ/1p6/2p5/8/PP3nNb/5P2/1R5K w - - 3 36,0.0,w
5k2/p4qp1/1p6/2p5/8/PP3nNb/2Q2P2/3r3K w - - 0 38,0.0,w
3Qqk2/p5p1/1p6/8/2p5/PP3nNb/5P2/7K w - - 2 40,0.0,w
5k2/p5p1/1p6/8/2p5/PP4Nb/5P2/4n2K w - - 0 42,0.0,w
5k2/p5p1/1p2b3/8/2P5/P5N1/5P2/4n1K1 b - - 3 44,0.0,b
8/p4kp1/1p2b3/2P5/4N3/P7/2n2P2/6K1 b - - 0 46,0.0,b
8/5kp1/1p1Nb3/8/8/n7/5P2/6K1 b - - 1 48,0.0,b
5k2/6p1/4b3/1N6/8/n7/5PK1/8 b - - 0 50,0.0,b
8/5kp1/4b3/1n6/4K3/8/5P2/8 b - - 3 52,0.0,b
8/6p1/5k2/1n1b4/8/8/3K1P2/8 b - - 7 54,0.0,b
8/6p1/8/1n6/2b2k2/3K4/5P2/8 w - - 11 57,0.0,w
8/6p1/8/1n1K4/5k2/8/5P2/8 b - - 3 59,0.0,b
8/6p1/8/1K6/8/8/5k2/8 b - - 0 61,0.0,b
8/8/8/1K4p1/8/4k3/8/8 b - - 1 63,0.0,b
8/8/8/3K4/8/4k1p1/8/8 b - - 1 65,0.0,b
8/8/3K4/8/8/4k3/8/6q1 b - - 1 67,0.0,b
8/8/6q1/1K6/3k4/8/8/8 b - - 5 69,0.0,b
1q6/8/8/8/3k4/K7/8/8 b - - 9 71,0.0,b
8/1q6/8/8/8/2k5/8/K7 b - - 13 73,0.0,b
rn1q1rk1/ppb3pp/2p2p2/2Pp1b2/1P2n3/3BP3/PBQ2PPP/RN3RK1 w - - 0 12,0.0,w
r2q1rk1/ppb3pp/B1p2p2/2Pp1b2/1P6/4P3/PBQn1PPP/R4RK1 w - - 0 14,0.0,w
r2q2k1/pp3rpp/B1p2p2/2Pp1Q2/1P6/4P3/PB1n1PPb/R4R1K w - - 2 16,0.0,w
r2q2k1/pr4pp/2p2p2/2Pp1Q2/1P2n3/4P3/PB3PPb/R2R3K w - - 0 18,0.0,w
r2q4/pr3kpQ/2p2p2/2Pp2n1/1P6/4P3/PB3PPK/R2R4 w - - 1 20,0.0,w
r2q4/p3k1p1/2p2p2/2Pp2nQ/1r6/4P3/PB3PP1/R2R2K1 w - - 0 22,0.0,w
r2q4/p5p1/2p2k2/2Pp2nQ/8/4P3/P4PP1/1r1R2K1 w - - 0 24,0.0,w
1q6/p5p1/2p2k2/2Pp2nQ/8/4P3/P4PP1/6K1 w - - 0 26,0.0,w
1q6/p3k1p1/2p1n3/2Pp4/8/4PQ2/P4PP1/6K1 w - - 4 28,0.0,w
8/p3k1p1/2p1n3/2Pp4/4P3/5Q2/q4PPK/8 w - - 0 30,0.0,w
8/p3k1p1/2p1n3/2Pp4/4P3/8/4q1PK/8 w - - 0 32,0.0,w
8/p3k1p1/2P1n3/3p4/8/4q3/6PK/8 w - - 1 34,0.0,w
8/p1k3p1/4n3/3p4/8/4q1P1/7K/8 w - - 0 36,0.0,w
8/p1k3p1/4n3/8/3p2P1/7K/4q3/8 w - - 0 38,0.0,w
r1b1r1k1/pp1n1ppp/2pq1n2/3P4/3p4/1P2P2P/P3NPP1/1BRQ1RK1 b - - 0 14,0.0,b
r1b1r1k1/pp1n1ppp/2P2n2/8/8/1P2p2P/P3NPP1/1B1R1RK1 b - - 0 16,0.0,b
r1b1r1k1/p2n1ppp/2p2n2/8/8/1P5P/P3NPP1/1B1R1RK1 b - - 0 18,0.0,b
r1b2k2/p2n1ppp/2R2n2/8/8/1P5P/P3rPP1/1B3RK1 b - - 0 20,0.0,b
1r3k2/pb1n1ppp/5n2/8/8/1P5P/P3rPP1/1B1R1RK1 b - - 4 22,0.0,b
1r3k2/pb1n1ppB/5n2/8/8/1P5P/P3rPP1/2R2RK1 b - - 0 24,0.0,b
1r3k2/p2n1ppn/8/8/8/1P5P/P3rPK1/R4R2 b - - 0 26,0.0,b
1r6/p2nkppn/4r3/8/8/1P5P/P4PK1/3R2R1 b - - 4 28,0.0,b
1r6/p2nkppn/3R4/8/8/1P5P/P4P2/5KR1 b - - 0 30,0.0,b
7r/p2n1R1n/3k4/8/8/1P5P/P4P2/5K2 b - - 0 32,0.0,b
6r1/p2n1R2/3k1n2/8/8/1P5P/P4P2/5K2 b - - 4 34,0.0,b
7r/p7/3k1n2/8/8/1P5P/P4PK1/8 w - - 0 37,0.0,w
7r/p7/4k3/3n4/8/1P5P/P4PK1/8 w - - 4 39,0.0,w
5r2/p7/4k3/8/8/PPn3KP/5P2/8 w - - 1 41,0.0,w
5r2/p7/4k3/8/P7/1P5P/3n1PK1/8 w - - 1 43,0.0,w
5r2/p7/4k3/8/P7/1P4KP/3n4/8 w - - 2 45,0.0,w
5r2/p7/8/3k4/PP2n1K1/7P/8/8 w - - 3 47,0.0,w
5r2/p7/8/P7/1k2n1KP/8/8/8 w - - 0 49,0.0,w
5r2/p7/k7/7P/4n1K1/8/8/8 w - - 0 51,0.0,w
5r2/p7/5n2/1k5P/8/7K/8/8 w - - 4 53,0.0,w
8/p7/5nrP/1k6/8/8/7K/8 w - - 3 55,0.0,w
6r1/p6n/8/1k6/8/7K/8/8 w - - 2 57,0.0,w
5nr1/8/p7/1k5K/8/8/8/8 w - - 2 59,0.0,w
5nr1/8/8/pk6/8/8/7K/8 b - - 2 61,0.0,b
5nr1/8/8/8/p1k5/8/7K/8 b - - 1 63,0.0,b
8/8/4n1r1/8/p1k5/8/7K/8 b - - 5 65,0.0,b
8/8/4n1r1/8/p1k5/8/7K/8 b - - 9 67,0.0,b
5n2/8/6r1/8/p7/1k6/7K/8 b - - 13 70,0.0,b
5n2/8/8/6r1/1k6/p6K/8/8 w - - 2 73,0.0,w
5n2/6r1/8/7K/k7/p7/8/8 b - - 7 75,0.0,b
5nr1/8/8/8/7K/k7/p7/8 w - - 3 80,0.0,w
5nr1/8/8/8/k7/8/p7/7K w - - 7 84,0.0,w
5nr1/8/8/8/k7/7K/8/7r w - - 2 86,0.0,w
rnbqk1nr/ppp2ppp/3b4/3pp3/8/1P2PQ2/PBPP1PPP/R3KBNR b KQkq - 3 4,0.5,b
rnbqk2r/ppp2ppp/3b1n2/1B1p4/4p3/1P2P3/PBPP1PPP/R2QK1NR b KQkq - 3 6,0.5,b
rn1q3r/pppk1ppp/3b1n2/3p4/4p3/1P2P2N/PBPP1PPP/R2QK2R b KQ - 1 8,0.5,b
r4q1r/pppk1ppp/2nb1B2/3p2N1/4p3/1P2P3/P1PP1PPP/R2QK2R b KQ - 0 10,0.5,b
r4q1r/pppk1p1p/2nb4/3p1QN1/4p3/1P2P3/P1PP1PPP/R3K2R b KQ - 0 12,0.5,b
r3k2r/ppp2pqp/2nb4/3Q2N1/4p3/1P2PP2/P1PP2PP/R3K2R b KQ - 0 14,0.5,b
r3k2r/ppp2Q1p/2nb4/6N1/4p3/1P2PP2/P1PP1KPP/7q b - - 0 16,0.5,b
r2k3r/ppp4p/2nbQ3/6N1/4P3/1P2P3/P1PP1KPP/q7 b - - 2 18,0.5,b
r2k4/ppp2Q1p/2nb4/8/4P3/1P2P3/P1PP1KPP/q7 b - - 0 20,0.5,b
r6q/ppp1k2p/2nb4/8/4P3/1P2PQ2/P1PPK1PP/8 b - - 4 22,0.5,b
r6q/ppp1k2p/2n5/4b3/4P2Q/1P2P3/P1PPK1P1/8 b - - 3 24,0.5,b
r7/ppp5/2n1kq2/4b3/4P3/1P2P2Q/P1PPK1P1/8 b - - 2 26,0.5,b
r7/ppp5/2nk4/4bP2/8/1P2P3/P1PPK1P1/8 b - - 0 28,0.5,b
r7/ppp5/3k4/4bP2/4P3/1P3K2/P1nP2P1/8 b - - 0 30,0.5,b
6r1/ppp1k3/8/4bP2/4P3/1P3K2/P1nP2P1/8 b - - 4 32,0.5,b
6r1/ppp1k3/8/4bP2/1P2P3/8/P2P1Kn1/8 b - - 0 34,0.5,b
8/ppp1k3/8/4bP2/1P2P2n/6r1/P2P1K2/8 b - - 4 36,0.5,b
8/ppp1k3/8/4bP2/1P2P2n/8/r2PK3/8 b - - 1 38,0.5,b
8/ppp1k3/8/1P3P2/4P2n/2b1K3/3r4/8 b - - 1 40,0.5,b
8/ppp2k2/8/1P2PP2/5K1n/2b5/4r3/8 b - - 0 42,0.5,b
8/ppp2k2/8/1P2rn2/5K2/2b5/8/8 b - - 1 44,0.5,b
8/ppp2k2/3n4/1r6/8/2bK4/8/8 b - - 3 46,0.5,b
8/ppp2k2/3n4/b4r2/8/8/4K3/8 b - - 7 48,0.5,b
8/ppp2k2/3n4/8/1b6/5r2/4K3/8 b - - 11 50,0.5,b
8/ppp2k2/8/8/1b2n3/6r1/4K3/8 b - - 15 52,0.5,b
8/ppp5/5k2/8/1b2n3/6r1/4K3/8 b - - 19 54,0.5,b
8/ppp5/5k2/8/1b2n3/6r1/4K3/8 b - - 23 56,0.5,b
r2q1rk1/ppb2ppp/2p2nb1/2Pp1P2/1P1Bn3/3BP3/P1Q3PP/RN3RK1 b - - 0 14,0.0,b
r2qr1k1/ppb2ppp/2p2n2/2Pp1P1b/1P1Bn1P1/3BP2P/P1Q5/RN3RK1 b - g3 0 16,0.0,b
r2qr1k1/ppb2ppp/2p2n2/2Pp1P2/1P1B2P1/3BP1n1/P1Q5/RN1R2K1 b - - 2 18,0.0,b
r2qr1k1/pp3ppp/2p2n2/2Pp1P2/1P1P2P1/3B2n1/P4Q2/RN1R2K1 b - - 0 20,0.0,b
r1q1r1k1/pp3ppp/2p2n2/2Pp1P2/1P1PnQP1/3B4/P5K1/RN1R4 b - - 4 22,0.0,b
r1q1r1k1/pp3pp1/2p5/2Pp1P1n/1P1Pn3/3B4/P5KQ/RN1R4 b - - 1 24,0.0,b
r3r1k1/pp3pp1/2p5/2Pp3n/1P1PB1q1/8/P4K1Q/RN1R4 b - - 2 26,0.0,b
r3r3/pp3ppk/2p5/2Pp3n/1P1P4/8/P2N1K1Q/R2q4 b - - 1 28,0.0,b
r3r3/pp3ppk/2p5/2Pp3n/1P1q4/8/P4Q2/R5K1 b - - 1 30,0.0,b
r3r3/pp3ppk/2p2Q2/2Pp3n/1P6/8/P5K1/8 b - - 0 32,0.0,b
r7/pp3ppk/2p2n2/1PPp4/8/P3r3/6K1/8 b - - 0 34,0.0,b
r7/pp3ppk/2P2n2/3p4/p7/4r3/6K1/8 b - - 0 36,0.0,b
r7/p4ppk/2p2n2/8/p2p4/4r3/6K1/8 b - - 1 38,0.0,b
r7/p4ppk/2p2n2/8/3p4/4r3/p7/6K1 b - - 1 40,0.0,b
2r5/p4ppk/2p2n2/8/3p4/4r3/6K1/q7 b - - 3 42,0.0,b
1r6/p4ppk/5n2/2p5/3p4/4r3/6K1/q7 b - - 3 45,0.0,b
3r2k1/pb3ppp/5n2/1p6/1PBrP2n/5PNP/6P1/2R1R1K1 w - - 0 33,1.0,w
3r2k1/pb3ppp/5n2/1B6/1r2P3/5PNP/6K1/2R1R3 w - - 0 35,1.0,w
r5k1/pb3ppp/5n2/8/4P3/5PNP/1r2B1K1/R3R3 w - - 4 37,1.0,w
r5k1/pb3ppp/1r3n2/8/4P3/5PNP/R3B1K1/2R5 w - - 8 39,1.0,w
r4k2/pb1n1ppp/1r6/4P3/8/5PNP/R3BK2/2R5 w - - 1 41,1.0,w
r4k2/pb3ppp/1r4n1/5N2/5P2/7P/R3BK2/2R5 w - - 1 43,1.0,w
r4k2/pb3ppp/6n1/5r2/2B2P2/7P/1R3K2/2R5 w - - 0 45,1.0,w
r4k2/pR3ppp/6n1/5r2/2B5/7P/8/2R3K1 w - - 2 47,1.0,w
r4k2/pR3ppp/6B1/6r1/8/7P/8/2R3K1 w - - 1 49,1.0,w
r4k2/pR4pp/6p1/8/8/6rP/4K3/2R5 b - - 2 51,1.0,b
r4k2/pR4pp/6p1/7r/8/8/5K2/R7 b - - 3 53,1.0,b
r4k2/pR4pp/6p1/6r1/8/5K2/8/R7 b - - 7 55,1.0,b
r4k2/p4rpp/6p1/8/8/6K1/1R6/R7 b - - 11 57,1.0,b
5k2/p4rpp/6p1/8/6K1/3r4/7R/R7 b - - 15 59,1.0,b
6k1/p4rpp/6p1/8/3r4/6K1/8/R6R b - - 19 61,1.0,b
6k1/p5pp/6p1/8/3r4/2r5/5K2/R2R4 b - - 23 63,1.0,b
6k1/p5pp/6p1/8/8/6K1/2r5/3R4 b - - 2 65,1.0,b
3R1k2/6pp/p5p1/8/8/6K1/2r5/8 b - - 1 67,1.0,b
8/5kpp/p5p1/8/8/6K1/2r5/5R2 b - - 5 69,1.0,b
4R3/6pp/6p1/p7/8/6K1/2r5/8 w - - 0 72,1.0,w
8/6pp/6p1/8/p7/2r5/5K2/4R3 w - - 0 74,1.0,w
8/6pp/6p1/8/8/r7/5K2/8 w - - 0 76,1.0,w
8/6p1/6p1/7p/8/8/r7/3K4 w - - 2 78,1.0,w
8/6p1/6p1/8/7p/8/8/r4K2 w - - 2 80,1.0,w
8/6p1/6p1/8/8/7p/r7/3K4 w - - 0 82,1.0,w
8/6p1/6p1/8/8/8/r7/3K3q w - - 0 84,1.0,w
r2q1rk1/ppbn1ppp/2p3b1/2Pp4/1P2nP2/3BP3/PBQ3PP/RN1R2K1 b - - 2 13,1.0,b
r2q1rk1/ppbn1pp1/2p2np1/2Pp4/1P1B1P2/4P3/P1Q3PP/RN1R2K1 b - - 1 15,1.0,b
r2qr1k1/ppbn1pp1/2p3p1/2Pp4/1P1B1Pn1/4P3/P1QN2PP/R3R1K1 b - - 5 17,1.0,b
r2qr1k1/pp1n1pp1/2p3p1/2PpP3/1P6/4B3/P1QN2PP/R3R1K1 b - - 0 19,1.0,b
r2qr1k1/pp1n1pp1/2p3p1/2Pp4/1P1B4/5N2/P1Q3PP/R3R1K1 b - - 3 21,1.0,b
r1q3k1/pp1n1pp1/2p3p1/2Pp4/1P1B4/5N2/P1Q2KPP/4R3 b - - 2 23,1.0,b
r1q3k1/pp3p2/2p2pp1/2Pp4/1P6/3Q1N2/P4KPP/4R3 b - - 1 25,1.0,b
r4qk1/pp3p2/2p3p1/2Pp1p2/1P1Q3N/8/P4KPP/4R3 b - - 1 27,1.0,b
r4qk1/pp3p2/2p3p1/2Pp1p2/1P6/5N2/PQ3KPP/4R3 b - - 5 29,1.0,b
r5kq/pp2Rp2/2p3p1/2Pp1p2/1P6/5N2/P2Q1KPP/8 b - - 9 31,1.0,b
4r1k1/pR3p2/2p3p1/1PPp1p1q/8/5N2/P2Q1KPP/8 b - - 0 33,1.0,b
5rk1/R4p2/6p1/1pPQ1p1q/8/5N2/P4KPP/8 b - - 0 35,1.0,b
5rk1/5R2/6p1/1pPQ1p2/8/5N2/Pq4PP/4K3 b - - 2 37,1.0,b
5rk1/8/6p1/1pPQ1p2/8/5N2/Pq4PP/4K3 b - - 3 39,1.0,b
8/5rk1/6p1/1pP2p2/8/5N2/Pq1Q2PP/4K3 b - - 7 41,1.0,b
8/4r2k/6p1/1pP2p2/8/5NK1/Pq1Q2PP/8 w - - 11 44,1.0,w
8/4r1k1/6p1/1pP2p2/8/1Q3NK1/P5PP/8 w - - 3 46,1.0,w
8/2r4k/6p1/2P2p2/8/5NK1/PQ4PP/8 w - - 3 48,1.0,w
1Q6/2r3k1/6p1/2P2pN1/8/6K1/P5PP/8 w - - 7 50,1.0,w
3Q4/8/6p1/2P1kpN1/8/6K1/P5PP/8 w - - 3 52,1.0,w
3r2k1/pb3ppp/1p3n2/4q3/1PB1P2n/4Q1NP/1r3PP1/2R1R1K1 w - - 3 31,0.0,w
4r1k1/pb3ppp/1p3n2/8/1PBqP2n/Q5NP/1r3PP1/2R2RK1 w - - 7 33,0.0,w
5k2/1Q2rppp/1p3n2/8/1PBqP2n/6NP/1r3PP1/2R2RK1 w - - 1 35,0.0,w
4rk2/5ppp/1p3n2/4q3/1PB1P2n/6NP/1r3PP1/Q1R2RK1 w - - 5 37,0.0,w
4r3/5kpp/1p3n2/8/1P2P2n/6NP/1q3PP1/2R2RK1 w - - 0 39,0.0,w
4r3/3k2pp/1pR2n2/8/1P2P2n/6NP/1q3PP1/5RK1 w - - 4 41,0.0,w
8/3k2pp/1R6/8/1P2r2n/7P/1q3PP1/5RK1 w - - 0 43,0.0,w
8/1k4pp/2R5/1P6/4r2n/7P/1q3PP1/5RK1 w - - 3 45,0.0,w
8/1k3qpp/8/1P6/4r2n/7P/5PP1/2RR2K1 w - - 7 47,0.0,w
8/1k4pp/6n1/1P3q2/4r3/6PP/5P2/R2R2K1 w - - 3 49,0.0,w
8/1k4pp/8/1P2n3/4r3/6Pq/2R2P2/3R2K1 w - - 2 51,0.0,w
8/6pp/3R4/1k2n3/4r3/2R3Pq/5P2/6K1 w - - 0 53,0.0,w
8/6pp/8/4n3/1k6/4r1Pq/5P2/3R2K1 w - - 0 55,0.0,w
8/6pp/8/4n3/1k6/4q3/8/3R3K w - - 0 57,0.0,w
8/6pp/8/2k1n3/3q4/8/8/1R5K w - - 4 59,0.0,w
8/6pp/8/2k5/2n1q3/8/8/6RK w - - 8 61,0.0,w
8/6pp/8/2k3q1/2n5/8/6K1/6R1 w - - 12 63,0.0,w
8/6pp/8/2k5/5q2/4n3/6K1/6R1 w - - 16 65,0.0,w
8/6pp/7q/2k2n2/8/6K1/8/6R1 w - - 20 67,0.0,w
8/6pp/8/2k2n2/8/4qK2/8/6R1 w - - 24 69,0.0,w
8/6pp/8/2k5/8/4n1q1/8/5KR1 w - - 28 71,0.0,w
8/7p/6p1/2k5/8/4nK2/8/6q1 w - - 0 73,0.0,w
8/7p/6p1/2k5/5K2/4n3/5q2/8 w - - 4 75,0.0,w
8/7p/5Kp1/2k2n2/8/8/8/4q3 w - - 8 77,0.0,w
8/7p/6p1/3k1n2/8/7K/8/4q3 b - - 12 81,0.0,b
rn1q1rk1/ppb2ppp/2p5/2Pp1b2/1P2n3/4P2P/PBQ1BPP1/RN3RK1 b - - 0 11,0.0,b
rn1q1rk1/ppb2ppp/2p5/2Pp4/1P6/3QP1nP/PB3PP1/RN3RK1 b - - 0 13,0.0,b
rn1q1rk1/ppb2ppp/2p5/2Pp4/1P6/2NQP1nP/PB3PP1/3R2K1 b - - 3 15,0.0,b
r3qrk1/ppb2ppp/n1p5/2Pp4/NP1Q4/4P1nP/PB3PP1/3R2K1 b - - 7 17,0.0,b
r3qrk1/ppb2ppp/n1p5/2Pp4/NP1B4/4P2P/P4PP1/3R1K2 b - - 0 19,0.0,b
r3qrk1/ppb2ppp/n1p5/2Pp4/N2B4/P3P2P/5PP1/3R2K1 b - - 2 21,0.0,b
r1q1r1k1/ppb2ppp/n1p5/2Pp4/3B4/P3P2P/4NPP1/3R2K1 b - - 6 23,0.0,b
r1q1r1k1/ppbn1ppp/2p5/2Pp4/P2B4/2N1P2P/5PP1/3R2K1 b - - 0 25,0.0,b
r1q1r1k1/pp1n1ppp/8/b1Pp4/P2B4/4PP1P/6P1/3R2K1 b - - 0 27,0.0,b
r3r1k1/pp3ppp/8/b1qp4/P7/3RPP1P/6P1/6K1 b - - 1 29,0.0,b
r3r1k1/ppb2ppp/8/3p4/P4P2/3RP2P/6PK/2q5 b - - 0 31,0.0,b
r5k1/ppb2ppp/8/3p4/P4P2/4q1PP/7K/8 b - - 0 33,0.0,b
r5k1/pp3ppp/1b6/3p4/P4P2/5KPP/3q4/8 b - - 4 35,0.0,b
r3r1k1/pp3ppp/2pqbn2/4n3/3N4/1P2P2P/P4PP1/1BRQ1RK1 w - - 3 17,1.0,w
r3r1k1/pp3ppp/2p1qnn1/8/5P2/1P2P2P/P5P1/1BRQ1RK1 w - - 1 19,1.0,w
r3rk2/pp3pp1/2p1qnp1/8/5P2/1PR1P2P/P5P1/3Q1RK1 w - - 0 21,1.0,w
r2r1k2/pp3pp1/2p1qn2/5p2/4P3/1PR4P/P5P1/3Q1RK1 w - - 1 23,1.0,w
r2r1k2/pp3pp1/2pq1n2/8/4p3/1PR4P/P4KP1/4QR2 w - - 2 25,1.0,w
r4k2/pp1r1pp1/2p2n2/8/3qp3/1PR4P/P3K1P1/2Q2R2 w - - 6 27,1.0,w
r4k2/pp1r1pp1/2p5/3n4/4pR2/1PQ4P/P3K1P1/8 w - - 1 29,1.0,w
r5k1/pp1r1pp1/2p5/2Q5/4Rn2/1P5P/P3K1P1/8 w - - 1 31,1.0,w
4r1k1/pp3pp1/2p5/2Q5/5R2/1P1r1K1P/P5P1/8 w - - 3 33,1.0,w
6k1/Qp3pp1/2p3r1/8/5RK1/1P1r3P/P5P1/8 w - - 1 35,1.0,w
6k1/Qp4p1/2p3r1/3r1p2/4KR2/1P5P/P5P1/8 w - f6 0 37,1.0,w
6k1/Qp1r2p1/2p3r1/5p2/5R2/1P5P/P4KP1/8 w - - 4 39,1.0,w
6k1/Qp4p1/2p2R2/8/8/1P5P/P2r1KP1/8 w - - 1 41,1.0,w
Q2r2k1/1p4p1/2p2R2/8/8/1P2K2P/P5P1/8 w - - 5 43,1.0,w
3Q4/1p4pk/4R3/2p5/8/1P2K2P/P5P1/8 w - - 0 45,1.0,w
6k1/1p4p1/4R3/8/2p5/PP1QK2P/6P1/8 w - - 0 47,1.0,w
7k/6p1/1p2R1Q1/8/2P5/P3K2P/6P1/8 w - - 0 49,1.0,w
5k2/p1rr1ppp/1p3n2/1P2P3/5P1n/R5NP/4b1P1/R5K1 w - - 0 40,0.5,w
8/p1rrkppp/1p6/1P1nP3/5P1n/3R3P/4N1P1/R5K1 w - - 3 42,0.5,w
8/p2rkppp/1p6/1P2P3/1n3P1n/7P/4NKP1/R7 w - - 0 44,0.5,w
8/p3kppp/1p4n1/1P1rP3/1n3P2/6PP/4NK2/6R1 w - - 1 46,0.5,w
8/p3kppp/1p4n1/1P1rP3/5nP1/4K2P/4N3/6R1 w - - 0 48,0.5,w
8/p2k1ppp/1p6/1P1rP3/5KP1/7P/8/6R1 w - - 1 50,0.5,w
8/p2k1ppp/1p6/r3P3/5KPP/8/8/R7 w - - 2 52,0.5,w
8/p3kppp/1p6/r3P1P1/5K1P/8/8/3R4 w - - 1 54,0.5,w
8/p4ppp/4k3/rp2P1P1/3R3P/5K2/8/8 w - - 2 56,0.5,w
8/p4ppp/8/1p2k1P1/7P/r7/3R1K2/8 w - - 0 58,0.5,w
8/p4pp1/3k2p1/1p6/7P/r7/2R2K2/8 w - - 2 60,0.5,w
8/p4pp1/2k3p1/1p6/7P/r7/1R3K2/8 w - - 6 62,0.5,w
8/p4pp1/4k1p1/1p6/7P/r7/3R1K2/8 w - - 10 64,0.5,w
8/p4pp1/4k1p1/1R6/7r/8/5K2/8 w - - 0 66,0.5,w
8/4kpp1/R5p1/8/7r/8/5K2/8 w - - 1 68,0.5,w
8/R4ppr/4k1p1/8/8/6K1/8/8 w - - 5 70,0.5,w
7r/3k1pp1/R5p1/8/8/5K2/8/8 w - - 9 72,0.5,w
7r/3k1pp1/6p1/8/8/5K2/8/R7 w - - 13 74,0.5,w
5r2/5pp1/2k3p1/8/8/6K1/8/3R4 w - - 17 76,0.5,w
1r6/5pp1/6p1/3k4/8/6K1/2R5/8 w - - 21 78,0.5,w
1r6/3k1pp1/6p1/8/8/6K1/4R3/8 w - - 25 80,0.5,w
7r/3k1pp1/6p1/8/8/R5K1/8/8 w - - 29 82,0.5,w
7r/4kpp1/6p1/8/8/6K1/8/R7 w - - 33 84,0.5,w
2r5/4kpp1/6p1/8/8/6K1/8/R7 w - - 37 86,0.5,w
5k2/3R1pp1/6p1/8/8/2r3K1/8/8 w - - 41 88,0.5,w
5k2/R4pp1/6p1/8/7K/2r5/8/8 w - - 45 90,0.5,w
R7/4kpp1/6p1/2r3K1/8/8/8/8 w - - 49 92,0.5,w
R7/3k1pp1/8/2r3p1/8/5K2/8/8 w - - 2 94,0.5,w
8/3k1pp1/8/8/6p1/2r5/R5K1/8 w - - 0 96,0.5,w
8/5pp1/2k5/8/R5p1/6K1/2r5/8 w - - 4 98,0.5,w
8/6R1/2k5/5p2/8/6K1/1r6/8 w - - 1 100,0.5,w
8/8/6R1/3k1p2/5K2/8/5r2/8 w - - 5 102,0.5,w
8/8/R7/6K1/4kp2/8/5r2/8 w - - 0 104,0.5,w
8/8/8/4k3/R5K1/5p2/5r2/8 w - - 0 106,0.5,w
8/8/8/8/3k2K1/5p2/6r1/R7 w - - 4 108,0.5,w
8/5r2/8/8/3k4/5K2/8/2R5 w - - 3 110,0.5,w
8/4r3/8/8/4k3/8/4K3/3R4 w - - 7 112,0.5,w
8/5r2/8/4k3/8/8/4K3/3R4 w - - 11 114,0.5,w
8/6r1/5k2/8/8/8/4K3/6R1 w - - 15 116,0.5,w
8/8/8/4k3/8/8/3K2r1/5R2 w - - 19 118,0.5,w
r1bq1rk1/ppb2ppp/n1p2n2/2Ppp3/1P6/3PP3/P1Q1BPPP/RNB2RK1 w - - 1 9,0.0,w
r2qr1k1/ppb2ppp/n1p2n2/2Pppb2/1P6/B2PP3/P1QNBPPP/R4RK1 w - - 5 11,0.0,w
rbq1r1k1/pp3ppp/n1p2n2/2Pppb2/1P6/B2PP3/P2NBPPP/R1Q1R1K1 w - - 9 13,0.0,w
rbq1r1k1/ppn2ppp/2p2n2/2P1pb2/1P1p4/3PPN2/PB2BPPP/R1Q1R1K1 w - - 0 15,0.0,w
rbq1r1k1/ppn2ppp/2p2n2/2P1p3/1P1pP3/3P1b1P/PB2BPP1/R1Q1R1K1 w - - 0 17,0.0,w
rbq1r1k1/pp3ppp/2p1n3/2P1p3/1P1pP1n1/3P3P/PB3PP1/R1Q1R1K1 w - - 0 19,0.0,w
rbq3k1/pp1r1ppp/2p1n3/2P1p3/1P1pP1P1/3P2P1/PB3P2/R1Q1R1K1 w - - 1 21,0.0,w
rbq2k2/ppr2ppp/2p1n3/2P1p3/1P1pP1P1/3P2P1/PB3PK1/R1Q4R w - - 5 23,0.0,w
rb3k2/ppr2ppR/2p5/2P1p3/1P1pPPq1/3P4/PB3PK1/R1Q5 w - - 0 25,0.0,w
rb3k2/ppr2pp1/2p5/2P1p2R/1P1pP1q1/3P4/PB3P2/R1Q2K2 w - - 2 27,0.0,w
rb5R/ppr1kpp1/2p5/2P1p1q1/1P1pP3/3P4/PB3P2/R2Q1K2 w - - 6 29,0.0,w
rb6/pprk1pp1/2p4q/2P1p3/1P1pP3/3P2R1/PB3P2/R2Q1K2 w - - 10 31,0.0,w
rbr5/pp2kpp1/2p4q/2P1p3/1P1pP3/3P2R1/PB3P2/1R1Q2K1 w - - 14 33,0.0,w
rb5r/pp2kppq/2p5/2P1p3/1P1pP3/3P1QR1/PB3P2/R5K1 w - - 18 35,0.0,w
rb5r/pp2kpp1/2p5/2P1p3/1P1pP3/3P1qR1/PB2KP2/R7 w - - 0 37,0.0,w
rb6/pp2kp1r/2p3p1/2P1p3/1P1pP3/3P1KR1/PB3P2/6R1 w - - 0 39,0.0,w
r7/ppb1kp2/2p3p1/2P1p3/1P1pP3/3P2R1/PB1K1P1r/6R1 w - - 4 41,0.0,w
7r/ppb1kp2/2p3p1/2P1p3/1P1pP3/3P3R/PB1K1r2/6R1 w - - 0 43,0.0,w
8/ppb1kp2/2p3p1/2P1p3/1P1pP3/3r4/PB3K2/6R1 w - - 0 45,0.0,w
8/ppb1k3/2p2pp1/2P1p1B1/1P1pP3/2r5/P4K2/6R1 w - - 0 47,0.0,w
8/ppb1k3/2p2pp1/2P1p3/1P1pP3/8/r2BK3/6R1 w - - 0 49,0.0,w
8/ppb2k2/2p5/2P1pp2/1P1pP3/8/r2BK3/6R1 b - - 0 51,0.0,b
5R2/ppb5/2p1k3/2P1p3/1P1pp3/8/r2BK3/8 b - - 3 53,0.0,b
8/ppb5/2p1k3/2P1p3/1P1p4/4pK2/3r4/5R2 b - - 1 55,0.0,b
8/ppb5/2p5/2Pkp3/1P1p2K1/8/3rp3/4R3 b - - 1 57,0.0,b
8/ppb5/2p5/2Pkp3/1P6/3p1K2/4R3/3r4 b - - 0 59,0.0,b
8/ppb5/2p5/1PPkp3/3r4/8/4K3/8 b - - 0 61,0.0,b
8/ppb5/2k5/1p2p3/3r4/8/5K2/8 b - - 1 63,0.0,b
8/ppb5/2k5/4p3/3r4/1p6/4K3/8 b - - 1 65,0.0,b
8/ppb5/2k5/4p3/3r4/8/5K2/1q6 b - - 1 67,0.0,b
8/1pb5/p1k5/8/3rp3/8/5K2/1q6 b - - 1 69,0.0,b
8/1p6/p7/2k5/3rpb2/8/5K2/1q6 w - - 5 73,0.0,w
rnbqkb1r/pp3ppp/2p2n2/3pp3/2P5/3PP3/PPQ1BPPP/RNB1K2R b KQkq - 0 5,0.0,b
rn1qk2r/pp3ppp/2p1bn2/3pp3/1bP5/1Q1PP3/PP1NBPPP/R1B1K2R b KQkq - 4 7,0.0,b
rn5r/pp1k1ppp/1qp1bn2/3Pp3/1b6/1Q1PP3/PP1NBPPP/R1BK3R b - - 0 9,0.0,b
r6r/pp1k1ppp/1qn1bn2/3pp3/1b6/1Q1PPN2/PP1BBPPP/R2K3R b - - 3 11,0.0,b
r6r/pp1k1ppp/1qn1bn2/4p3/3p4/3PPN2/PP1QBPPP/R2K3R b - - 0 13,0.0,b
r6r/pp1k1ppp/2n1bn2/4p3/8/3PPN2/PP2B1PP/R2K3R b - - 0 15,0.0,b
r2r4/pp1k1ppp/2n2n2/3bp3/4P3/3P1N2/PP2B1PP/R2K1R2 b - - 0 17,0.0,b
r2r4/pp1k1ppp/2n5/4p3/2B1b3/5N2/PP4PP/R2K1R2 b - - 1 19,0.0,b
r2r4/pp2kppp/2n5/4p3/2B5/5R2/PP4PP/R1K5 b - - 0 21,0.0,b
3r1r2/pp2kppp/2n5/4p3/2B5/4R3/PPK3PP/R7 b - - 4 23,0.0,b
3R1r2/ppk2ppp/2n5/4p3/2B5/4R3/PPK3PP/8 b - - 0 25,0.0,b
3k1r2/pp3ppp/8/4p3/2Bn4/8/PP1K2PP/4R3 b - - 3 27,0.0,b
3k3r/pp3ppp/2n5/4p3/4B3/8/PP1K2PP/4R3 w - - 7 30,0.0,w
2k4r/p4ppp/2p5/4R3/8/8/PP1K2PP/8 w - - 1 32,0.0,w
2kr4/p4p1p/2p3p1/8/6R1/8/PP1K2PP/8 w - - 2 34,0.0,w
3r4/pk3p1p/2p3p1/8/R7/4K3/PP4PP/8 w - - 6 36,0.0,w
8/pk3p1p/2p3p1/8/R7/8/PP1r1KPP/8 w - - 10 38,0.0,w
8/pk3p1p/2p5/6p1/5R2/6K1/Pr4PP/8 w - - 0 40,0.0,w
8/p6p/1kp5/6p1/8/6K1/P4rPP/8 w - - 0 42,0.0,w
8/p6p/2p5/2k5/6p1/5K2/P5PP/8 w - - 0 44,0.0,w
8/p6p/8/2p3K1/1k6/8/P5PP/8 w - - 0 46,0.0,w
8/p5Kp/8/8/1k6/2p5/P5PP/8 w - - 0 48,0.0,w
8/p6K/8/8/8/k7/2p3PP/8 w - - 0 50,0.0,w
8/p7/8/5K2/1k6/8/6PP/2q5 w - - 0 52,0.0,w
8/p7/4K3/8/1k6/7P/6q1/8 w - - 0 54,0.0,w
8/p7/3K4/8/1k5q/8/8/8 b - - 0 56,0.0,b
8/p7/5K2/8/1k2q3/8/8/8 b - - 4 58,0.0,b
8/p7/6K1/2k1q3/8/8/8/8 b - - 8 60,0.0,b
8/p5K1/3k4/1q6/8/8/8/8 b - - 12 62,0.0,b
8/p7/1q1k2K1/8/8/8/8/8 b - - 16 64,0.0,b
8/p4q2/8/4k3/8/8/8/8 w - - 0 67,0.0,w
5k2/p2r1ppp/1p2bn2/1P2P3/3r3n/5PNP/4B1P1/R3R1K1 b - - 0 36,0.0,b
5k2/p2r1ppp/1p2b3/1P2P3/3r1n1n/R4PNP/4B1P1/R5K1 b - - 4 38,0.0,b
3r1k2/R4ppp/1p2b3/1P1rP3/5n1n/5PNP/6P1/R4BK1 b - - 2 40,0.0,b
3r1k2/5ppp/1p6/1P1rPb2/R4n2/5P1P/6P1/R4BK1 b - - 1 42,0.0,b
3r1k2/5ppp/1p2b1n1/1P1r4/R7/5PPP/8/R4BK1 b - - 0 44,0.0,b
3r1k2/5ppp/1p2b1n1/1P6/R7/5PPP/6B1/3R2K1 b - - 0 46,0.0,b
5k2/5ppp/1p4n1/1P6/3R4/5PPb/8/3r1BK1 b - - 1 48,0.0,b
8/4kppp/1p4n1/1P3B2/3r4/5PP1/8/6K1 b - - 2 50,0.0,b
8/4kppp/1p4n1/1r6/4B3/5PP1/6K1/8 b - - 1 52,0.0,b
8/4k1pp/1p4p1/r7/8/5PP1/5K2/8 b - - 1 54,0.0,b
8/4k1pp/1p4p1/8/8/5PP1/r7/5K2 b - - 5 56,0.0,b
8/6pp/1p1k2p1/8/8/r4PP1/4K3/8 w - - 9 59,0.0,w
8/6pp/1p4p1/8/3k4/r4PP1/4K3/8 w - - 13 61,0.0,w
8/6pp/1p4p1/8/8/4kPP1/r7/4K3 w - - 17 63,0.0,w
8/6pp/1p4p1/8/6P1/5k2/r7/4K3 b - - 0 65,0.0,b
8/6pp/1p4p1/8/6k1/8/5r2/2K5 b - - 1 67,0.0,b
8/6pp/1p4p1/8/4k3/8/5r2/2K5 w - - 5 70,0.0,w
8/6pp/1p4p1/4k3/8/8/r7/4K3 w - - 9 72,0.0,w
8/6pp/1p6/4k3/6p1/8/r7/4K3 w - - 0 74,0.0,w
8/6pp/8/4k3/1p4p1/8/r7/4K3 w - - 0 76,0.0,w
8/6pp/8/8/1p2k1p1/8/r7/5K2 b - - 4 78,0.0,b
8/6pp/8/8/1p6/5kp1/r7/5K2 b - - 3 80,0.0,b
r3r1k1/p2b1ppp/1p1q1n2/2p1n3/3N4/1P2P2P/P1Q2PP1/1BRR2K1 w - - 0 19,0.0,w
r3r1k1/p4ppp/1pq2n2/2p1n3/8/1P2P1Nb/P1Q2PP1/1BRR2K1 w - - 0 21,0.0,w
2r1r1k1/p4ppp/1pq2n2/2p5/8/1P2PnNP/P1Q2P2/1BRR1K2 w - - 3 23,0.0,w
2r1r1k1/p4ppp/1p3n2/2p3Q1/7n/1P2P1NP/P4Pq1/1BRR1K2 w - - 7 25,0.0,w
3rr1k1/p4ppp/1p3n2/2p3Q1/7n/1P1KPqNP/P4P2/1BRR4 w - - 11 27,0.0,w
4r1k1/p4ppp/1p3n2/2p3Q1/7n/1PK1P1NP/P4P2/1B1q4 w - - 0 29,0.0,w
4r1k1/p4ppp/1p3n2/2p3Q1/7n/1P2P1NP/PKB2q2/8 w - - 0 31,0.0,w
4r1k1/p4ppn/1p6/2p5/7Q/1P2q1NP/PK6/8 w - - 0 33,0.0,w
4r1k1/p4ppn/1p6/2p2q2/7Q/1P5P/P7/2K5 w - - 0 35,0.0,w
6k1/p4ppn/1p6/2p3q1/2Q5/1P5P/P7/1K2r3 w - - 4 37,0.0,w
6k1/p4ppn/1p6/2p5/2Q5/1P5P/P1K4q/4r3 w - - 8 39,0.0,w
6k1/p4ppn/1p6/2p5/8/1PKr3P/P6q/8 w - - 0 41,0.0,w
6k1/p4pp1/1p3n2/2p5/8/1PK4P/q7/8 w - - 2 43,0.0,w
6k1/p4pp1/1p3n2/8/1PpK4/1q5P/8/8 w - - 2 45,0.0,w
6k1/p4pp1/1p3n2/1P6/3K3P/1q6/2p5/8 w - - 0 47,0.0,w
6k1/p4pp1/1p1K1n2/1q6/7P/8/8/2q5 w - - 0 49,0.0,w
6k1/5pp1/1p1K1n2/pq6/7P/8/8/2q5 w - - 0 51,0.0,w
6k1/4Kpp1/1p3n2/1q5P/8/p7/8/2q5 w - - 0 53,0.0,w
6k1/4Kpp1/1p6/1q5n/8/8/p7/2q5 w - - 0 55,0.0,w
r3r1k1/1p1b1ppp/p1pq1n2/4n3/3N4/1P2P2P/P1Q2PP1/1BR2RK1 w - - 0 18,1.0,w
r3r1k1/1p2qppp/p1p2n2/4nb2/8/1P2P2P/P1Q2PP1/1BRR2K1 w - - 0 20,1.0,w
2r1r1k1/1p2qppp/p1p2n2/6Q1/8/1P2Pn1P/P4PP1/1BRR2K1 w - - 3 22,1.0,w
r3r1k1/1p3ppp/p1p2n2/5BQ1/8/qP2PP1P/P4P2/2RR2K1 w - - 3 24,1.0,w
r3r2k/5ppp/p1p2n2/5BQ1/8/qP2PP1P/P4PK1/3R4 w - - 2 26,1.0,w
4r2k/r4ppp/p1p2nB1/2q5/7Q/1P2PP1P/P4PK1/3R4 w - - 6 28,1.0,w
4r2k/5rpp/p1p2n2/6q1/Q7/1P2PP1P/P4PK1/3R4 w - - 2 30,1.0,w
4r1k1/5rpp/p1p2n2/4q3/Q7/1P2PP1P/P4PK1/3R4 w - - 6 32,1.0,w
Q3n1k1/5rpp/2p5/4q3/8/1P2PP1P/P4PK1/3R4 w - - 1 34,1.0,w
Q3n1k1/5rpp/2p1q3/8/5P2/1P2P2P/P4P2/3R1K2 w - - 3 36,1.0,w
Q3n1k1/5rpp/2pR4/8/5P2/1P2P3/P4P2/4K2q w - - 2 38,1.0,w
Q3n1k1/4r1pp/2pR4/7q/5P2/1P2PP2/P3K3/8 w - - 1 40,1.0,w
Q3n1k1/3qr1pp/8/8/2R2P2/1P2PP2/P3K3/8 w - - 3 42,1.0,w
4n3/4rkpp/8/8/P1R2P2/4PP2/P3K3/8 w - - 1 44,1.0,w
8/4r1pp/2R2nk1/8/P4P2/4PP2/P4K2/8 w - - 5 46,1.0,w
8/r5pp/5nk1/P1R5/4PP2/5P2/P4K2/8 b - - 0 48,1.0,b
8/r2n1kpp/8/P4R2/4PP2/5P2/P4K2/8 b - - 4 50,1.0,b
8/r5pp/4kn2/P5R1/4PP2/5P2/P3K3/8 b - - 8 52,1.0,b
8/r4kpp/8/P3P1R1/5P2/8/P3K3/8 b - - 0 54,1.0,b
8/6pp/4k3/R7/5P2/8/P3K3/8 b - - 0 56,1.0,b
8/6pp/6k1/8/5P2/8/P3K2R/8 b - - 4 58,1.0,b
8/6p1/6k1/8/5P2/8/P3K3/7R b - - 2 60,1.0,b
8/6p1/6k1/8/5P2/8/P3K3/6R1 b - - 6 62,1.0,b
6k1/6p1/8/6R1/5P2/5K2/P7/8 b - - 10 64,1.0,b
6k1/6p1/8/6R1/5P2/5K2/P7/8 b - - 14 66,1.0,b
6k1/6p1/8/2R5/5P2/5K2/P7/8 b - - 18 68,1.0,b
8/2R2kp1/8/8/5P2/5K2/P7/8 b - - 22 70,1.0,b
8/2R2kp1/8/8/5P2/5K2/P7/8 b - - 26 72,1.0,b
8/2R3pk/8/5P2/8/6K1/P7/8 b - - 0 74,1.0,b
5k2/R5p1/8/5P2/8/P5K1/8/8 b - - 0 76,1.0,b
7k/R5p1/8/5P2/8/P5K1/8/8 b - - 4 78,1.0,b
5k2/1R4p1/8/5P2/8/P5K1/8/8 b - - 8 80,1.0,b
8/R5pk/5P2/8/8/P5K1/8/8 b - - 0 82,1.0,b
5Q2/R5p1/8/5k2/8/P5K1/8/8 b - - 0 84,1.0,b
8/3R4/5Q2/6p1/4k3/P5K1/8/8 b - - 1 86,1.0,b
8/3R4/8/8/6K1/P3kQ2/8/8 b - - 2 88,1.0,b
rn1q1rk1/ppb2ppp/2p2n2/2Pp4/1P2b3/4P3/PBQ1BPPP/RN3RK1 w - - 0 11,0.5,w
rn1qr1k1/ppb2ppp/2p2nb1/2Pp4/1P6/4P3/PB1NBPPP/R1Q2RK1 w - - 4 13,0.5,w
r2qr1k1/ppbn1ppp/2p2n2/2Pp4/1P2b3/4PN2/PB2BPPP/R1QR2K1 w - - 8 15,0.5,w
r1q1r1k1/ppbn1ppp/2p2nb1/2Pp2N1/1P6/4P2P/PB2BPP1/R1QR2K1 w - - 3 17,0.5,w
r1q1r1k1/ppb2ppp/2p2n2/2Pp4/1P2b3/4PN1P/P3BPP1/R1QR2K1 w - - 2 19,0.5,w
r1q1r1k1/ppb2ppp/2p2n2/2Pp4/1P2b3/4PN1P/P3BPP1/R1QR2K1 w - - 6 21,0.5,w
r1q1r1k1/ppb2ppp/2p2n2/2Pp4/1P2b3/4PN1P/P3BPP1/R1QR2K1 w - - 10 23,0.5,w
r4rk1/ppb1qppp/2p2nb1/2Pp1P2/PP1Bn3/3BP3/2Q3PP/RN3RK1 b - - 0 15,0.0,b
r4rk1/ppb1qppp/2p2n2/2Pp1P1b/PP1B4/3BP3/3Q2PP/R4RK1 b - - 0 17,0.0,b
r3r1k1/pp2qppp/2p2n2/2PpbP1b/PP1B4/3BP2P/3Q2P1/4RRK1 b - - 2 19,0.0,b
3rr1k1/pp3ppp/2p2n2/2PpqP1b/PP6/3BP1PP/3Q4/4RRK1 b - - 0 21,0.0,b
3rr1k1/pp3ppp/2p2n2/2Pp1P1b/PP6/3BP2q/7Q/4RR1K b - - 1 23,0.0,b
3rr1k1/pp3ppp/2p2n2/2Pp1P2/PP6/3BPq2/7Q/4R1K1 b - - 1 25,0.0,b
3r2k1/pp3ppp/2p2n2/2Pp1q2/PP6/4r3/4B2Q/5RK1 b - - 1 27,0.0,b
3r2k1/pp3ppp/2p2nq1/2Pp4/PP6/8/4K2Q/5R2 b - - 0 29,0.0,b
3r2k1/pp3ppp/2p2n2/P1Pp4/1P6/4K3/7q/5R2 b - - 0 31,0.0,b
4r1k1/pp3ppp/2p2n2/P1Pp4/1P6/2K5/4q3/5R2 b - - 4 33,0.0,b
rnbqk2r/pp3ppp/2pb1n2/3pp3/2P5/1P1BPN2/PB1P1PPP/R2QK2R b KQkq - 3 6,0.0,b
rnbqk2r/pp3ppp/2pb1n2/3P4/8/1P1BPP2/PB1P1P1P/R2QK2R b KQkq - 0 8,0.0,b
r1bqk2r/pp3pRp/2nb1n2/3p4/8/1P1BPP2/PB1P1P1P/R2QK3 b Qkq - 0 10,0.0,b
r1b1k2r/pp2qpRp/3b1B2/3p4/1n6/1P1BPP2/P2P1P1P/R1Q1K3 b Qkq - 0 12,0.0,b
r1b1k2r/pp3pRp/3b1q2/3p4/8/1PQnPP2/P2P1P1P/R4K2 b kq - 1 14,0.0,b
r3k2r/pp3pRp/5q2/3pb3/8/1P1QPP1b/P2PKP1P/R7 b kq - 0 16,0.0,b
r3k3/pp3p1Q/5q2/3p4/8/1P2PP1b/P2PKP1P/b7 b q - 0 18,0.0,b
r3k3/pp3p2/q7/3p4/8/1P1QPP2/P2P1P1P/b4K2 b q - 0 20,0.0,b
r3k3/pp3p2/8/3p4/4P3/1P3P2/P2q1PKP/b7 b q - 0 22,0.0,b
6r1/pp1k1p2/8/3p4/4P3/1P3P1P/P2q1P2/b4K2 b - - 2 24,0.0,b
3r2k1/pb3ppp/1p3n2/8/1PBqPQ1n/6NP/3r1PP1/2R1R1K1 b - - 4 31,1.0,b
3r1k2/pb3ppp/1p3nn1/8/1P1qP3/5QNP/3rBPP1/2R1R1K1 b - - 8 33,1.0,b
3r1k2/pb3ppp/1p3nn1/8/2B1P3/5QNP/3r1PP1/4R1K1 b - - 0 35,1.0,b
3r2k1/Qb3ppp/1p3n2/4n3/2B1P3/6NP/3r1PP1/4R1K1 b - - 0 37,1.0,b
3r3k/3Q1ppp/1p3n2/4n3/2B1P3/6NP/5PP1/4R1K1 b - - 0 39,1.0,b
7k/2r2ppp/1p3n2/4n3/4P3/6NP/4BPP1/3R2K1 b - - 3 41,1.0,b
rnbqkb1r/pp1p1ppp/2p2n2/4p3/2P5/2N1P3/PPQP1PPP/R1B1KB1R b KQkq - 1 4,1.0,b
r1b1kb1r/pp1p1ppp/n1p2n2/q3pQ2/2P5/2NBP3/PP1P1PPP/R1B1K2R b KQkq - 5 6,1.0,b
r1b1kb1r/pp1p1ppp/2p2n2/q3pQ2/2P5/2N1P3/PPBP1PPP/R1B1K2R b KQkq - 0 8,1.0,b
r1bk1b1r/pp3ppp/2p2n2/q2pQ3/2P5/P1N1P3/1PBP1PPP/R1B1K2R b KQ - 0 10,1.0,b
r2k3r/pp3ppp/2p1bn2/q1bP2Q1/8/P1N1P3/1PBP1PPP/R1B1K2R b KQ - 0 12,1.0,b
r2kr3/pp3ppp/2pbbn2/q2P2Q1/1P6/P1NBP3/3P1PPP/R1B1K2R b KQ b3 0 14,1.0,b
r2k4/ppq2ppp/2pbrn2/6Q1/1P2N3/P2BP3/3P1PPP/R1B1K2R b KQ - 1 16,1.0,b
rq1k4/pp3ppp/2pb1n2/6Q1/1P2B3/P3P3/1B1P1PPP/R3K2R b KQ - 2 18,1.0,b
rq6/pp2kp1p/2pb1p2/5Q2/1P2B3/P3P3/3P1PPP/R3K2R b KQ - 1 20,1.0,b
r7/pp2kp1B/2pb1p2/8/1P6/P3P3/3P1PPP/R3K2R b KQ - 0 22,1.0,b
4r3/pp2kp1B/2p2p2/8/1P6/P3P3/3PKPPR/R7 b - - 2 24,1.0,b
7r/pp3p1B/2pk1p2/1P6/8/P3PK2/3P1PPR/R7 b - - 0 26,1.0,b
7r/pp3p2/5p2/1p2k3/4B3/P3PK1R/3P1PP1/R7 b - - 3 28,1.0,b
8/p4p2/1p3p2/1p2k3/8/P2BPK1P/3P1P2/R7 b - - 1 30,1.0,b
8/5p2/ppR1kp2/1p6/8/P2BPK1P/3P1P2/8 b - - 3 32,1.0,b
8/4kp2/1R3p2/pB6/8/P3PK1P/3P1P2/8 b - - 0 34,1.0,b
5k2/5p2/1R6/pB3K2/8/P3P2P/3P1P2/8 b - - 0 36,1.0,b
8/1R3pk1/8/5K2/B7/P3P2P/3P1P2/8 b - - 0 38,1.0,b
8/1R3pk1/8/5K2/4P3/PB5P/3P1P2/8 b - - 2 40,1.0,b
1R6/5pk1/8/4PK2/8/PB5P/3P1P2/8 b - - 2 42,1.0,b
7R/8/5P1k/5K2/8/PB5P/3P1P2/8 b - - 2 44,1.0,b
rnb2rk1/pp3ppp/2p2n2/3pp3/2P5/qP2P3/P1BPNPPP/2RQK2R w K - 0 10,1.0,w
rn1r2k1/pp3ppp/2p1bn2/3pp3/2P5/qP2P3/P1BPNPPP/R2Q1RK1 w - - 4 12,1.0,w
rn1r2k1/pp3ppp/2p2n2/3bp3/8/1P1PP3/PqB1NPPP/R2Q1RK1 w - - 1 14,1.0,w
r2r2k1/pp1n1ppp/2p2n2/3bp3/8/1P1PP3/P1B1NPPP/2R2RK1 w - - 1 16,1.0,w
r2r2k1/pp3ppp/2p2n2/3bp3/8/1P1nP3/P3NPPP/1BR1R1K1 w - - 0 18,1.0,w
r2r4/pp3ppk/2p2n2/4p3/8/1b2P3/P3NPPP/2R1R1K1 w - - 0 20,1.0,w
r7/pp3pp1/2p2nk1/4p3/8/1P2P3/4NPPP/2Rr2K1 w - - 0 22,1.0,w
r7/pp3pp1/2p5/3np1k1/8/1P2P1N1/5PPP/3R2K1 w - - 3 24,1.0,w
r7/pp3pp1/2p5/3npk2/4N3/1P2P1P1/5P1P/3R2K1 w - - 1 26,1.0,w
1r6/pN3pp1/2p3k1/3np3/8/1P2P1P1/5P1P/3R2K1 w - - 1 28,1.0,w
8/p4pp1/2N2nk1/4p3/8/1r2P1P1/5P1P/3R2K1 w - - 0 30,1.0,w
8/p4Np1/5nk1/8/8/1r2P1P1/5P1P/3R2K1 w - - 1 32,1.0,w
8/pr4p1/5n2/4N1k1/8/4P1P1/5P1P/R5K1 w - - 5 34,1.0,w
8/p2r2p1/5n2/5k2/8/4PNP1/5PKP/R7 w - - 9 36,1.0,w
8/3r2p1/5nk1/pN6/8/4P1P1/5PKP/R7 w - a6 0 38,1.0,w
8/6p1/5nk1/Rr6/8/4PKP1/5P1P/8 w - - 0 40,1.0,w
8/1R1n1kp1/8/8/8/4PKP1/5P1P/8 w - - 3 42,1.0,w
8/3R4/5k2/6p1/4K3/4P1P1/5P1P/8 w - g6 0 44,1.0,w
8/7k/R7/6p1/4K3/4P1P1/5P1P/8 w - - 4 46,1.0,w
7k/8/R5K1/8/6p1/4P1P1/5P1P/8 w - - 0 48,1.0,w
5k2/p1rr1p1p/1p2bnp1/1P6/4PP1n/R5NP/4B1P1/R5K1 w - - 0 39,0.0,w
4nk2/p1rr1p1p/1p2b3/1P2Pp2/7n/R5NP/4B1P1/R5K1 w - - 1 41,0.0,w
4nk2/p1rr1p1p/1p2b1n1/1P2P2N/5p2/R6P/4BKP1/R7 w - - 2 43,0.0,w
4nk2/p1r4p/1p2b1p1/1P2P2N/3r1p2/R6P/5KP1/R7 w - - 0 45,0.0,w
4nk2/R6p/1p4p1/1P2P2N/2br1p2/7P/2r3P1/R4K2 w - - 3 47,0.0,w
4nk2/7R/1p6/1P2P2p/2b2p2/7P/2rr2P1/R5K1 w - - 1 49,0.0,w
4R3/6k1/1p6/1P2P2p/2b2p2/7P/2r3r1/R5K1 w - - 0 51,0.0,w
r1bq1rk1/ppb2ppp/n1p2n2/2Pp4/1P2p3/3PP3/PBQ1BPPP/RN3RK1 w - - 2 10,0.0,w
r1bqr1k1/p1b2ppp/p1p2n2/2Pp4/1P2P3/4P3/PBQ2PPP/RN3RK1 w - - 0 12,0.0,w
r1bqr1k1/p1b2p1p/p1p2p2/2P5/1P2p3/2N1P3/P1Q2PPP/R4RK1 w - - 0 14,0.0,w
r1b1r1k1/p1b2p1p/p1p1qp2/2P5/QP2p3/2N1P3/P4PPP/R2R2K1 w - - 4 16,0.0,w
r1bb2k1/p4p1p/p1p1qp2/2P5/QP2p3/2N1P3/P4PPP/2R3K1 w - - 0 18,0.0,w
r2b2k1/pb3p1p/p1p2p2/2P5/QP2q3/4P3/P4PPP/3R2K1 w - - 0 20,0.0,w
r2bq1k1/pb3p1p/2p2p2/1pP5/Q7/4P1P1/P4P1P/3R2K1 w - - 0 22,0.0,w
3rq2k/pb3p1p/2p2p2/1pP5/6Q1/4P1P1/P4P1P/6K1 w - - 0 24,0.0,w
3rqk2/pb3p1p/2p2p2/1pP5/6Q1/4P1P1/P4P1P/6K1 w - - 4 26,0.0,w
3r4/pb2kp1p/2p1qp1Q/1pP5/8/4P1P1/P4P1P/6K1 w - - 8 28,0.0,w
3r1k2/pb3p2/2p2p2/1pP5/4Q3/4P1P1/q4P1P/6K1 w - - 2 30,0.0,w
3r1k2/pb3p2/2p5/1pP2p2/4Q3/4P1PP/5P1K/q7 w - - 0 32,0.0,w
3r1k2/pb3pq1/2p5/2P5/1p6/4PQPP/5P1K/8 w - - 0 34,0.0,w
3r1k2/pb3pq1/2p5/2P5/4Q1P1/4P2P/1p3P1K/8 w - - 0 36,0.0,w
3r1k2/1b3pq1/2p5/p1P5/4Q1P1/4PPKP/1p6/8 w - - 0 38,0.0,w
3r1k2/1b3pq1/2p5/2P5/5PP1/p3P1KP/1p6/7Q w - - 0 40,0.0,w
3r1k1q/1b3p2/2p5/2P5/5PP1/4P1KP/Qp6/8 w - - 1 42,0.0,w
3r1k1q/1b3p2/2p5/2P5/4QPP1/4P1KP/1p6/8 w - - 5 44,0.0,w
3r1k2/1b3p2/2p5/2P4P/4QPP1/4P1K1/1p6/4q3 w - - 1 46,0.0,w
3r1k2/1b3p2/2p5/2P4P/5PP1/4P2K/1p4q1/8 w - - 0 48,0.0,w
5k2/1b3p2/2p4P/2P5/5PP1/4P3/3r2K1/1q6 w - - 1 50,0.0,w
rnb2rk1/pp3ppp/2p2n2/3pp3/2P5/1P2P3/q1BPNPPP/2RQ1RK1 w - - 0 11,0.0,w
rnb2rk1/pp3ppp/2p2n2/2qpp3/2P5/1PN1P3/2BP1PPP/R2Q1RK1 w - - 4 13,0.0,w
rnb2r2/pp3ppk/5n2/2qpp3/2P5/1P2P3/3P1PPP/R2Q1RK1 w - - 0 15,0.0,w
rn3r2/pp3p1k/5np1/2qppb2/2P5/1P2P2P/3P1PP1/RQ3RK1 w - - 1 17,0.0,w
rn3r2/pp3p1k/5np1/4pb2/2q5/1P2P2P/3P1PP1/R4RK1 w - - 0 19,0.0,w
r2r4/pp3p1k/2n2np1/4pb2/2P5/4P2P/R2P1PP1/5RK1 w - - 3 21,0.0,w
1r1r4/pp3p1k/2n1bnp1/4p3/2P5/4P2P/1R1P1PP1/R5K1 w - - 7 23,0.0,w
1r6/pp3p1k/2n2np1/4p3/2b5/4PP1P/3R2P1/R5K1 w - - 0 25,0.0,w
1r6/pp3p1k/5np1/3bp3/1n6/4PP1P/2R2KP1/R7 w - - 4 27,0.0,w
1r6/pp3p1k/2n3p1/3np3/8/4PP1P/5KP1/R7 w - - 0 29,0.0,w
1r6/pp2np1k/6p1/4p3/4Pn2/5P1P/5KP1/3R4 w - - 1 31,0.0,w
1r6/pp2Rp2/6k1/4p1p1/4Pn2/5P1P/5KP1/8 w - - 1 33,0.0,w
1r6/ppR2p2/6k1/4p1p1/4Pn2/5PKP/6P1/8 w - - 5 35,0.0,w
1r6/pp3p2/5nk1/4p1p1/4P3/5P1P/2R2KP1/8 w - - 9 37,0.0,w
8/pp3p2/5nk1/R3p1p1/4P3/5P1P/3r1KP1/8 w - - 13 39,0.0,w
8/Rp3p2/5nk1/4p3/4P1p1/4KP1P/6r1/8 w - - 0 41,0.0,w
8/1p3p2/5nk1/4p3/4P1P1/4KP2/7r/R7 w - - 3 43,0.0,w
8/1R3pk1/5n2/4p3/4P1P1/4KP2/6r1/8 w - - 1 45,0.0,w
8/5pk1/3R4/2n1p3/4P1P1/4KP2/6r1/8 w - - 5 47,0.0,w
8/5pk1/4n3/3Rp1P1/4P3/4KPr1/8/8 w - - 3 49,0.0,w
8/6k1/4p3/6P1/4PK2/5Pr1/8/8 b - - 1 51,0.0,b
8/6k1/4p3/6P1/4PP2/4K3/6r1/8 b - - 0 53,0.0,b
8/6k1/8/5PP1/8/4K3/1r6/8 b - - 0 55,0.0,b
8/8/5kP1/5P2/8/5K2/6r1/8 b - - 2 57,0.0,b
8/8/5kP1/5r2/8/8/3K4/8 b - - 1 59,0.0,b
8/8/6k1/2r5/4K3/8/8/8 b - - 3 61,0.0,b
8/8/6k1/4r3/3K4/8/8/8 b - - 7 63,0.0,b
3r4/8/2K3k1/8/8/8/8/8 b - - 11 65,0.0,b
r7/8/3K2k1/8/8/8/8/8 b - - 15 67,0.0,b
8/r7/1K4k1/8/8/8/8/8 b - - 19 69,0.0,b
8/2r5/6k1/8/1K6/8/8/8 b - - 23 71,0.0,b
2r5/8/1K3k2/8/8/8/8/8 b - - 27 73,0.0,b
8/8/8/4k3/1K6/2r5/8/8 b - - 31 75,0.0,b
8/8/8/K1k5/8/2r5/8/8 b - - 35 77,0.0,b
r1b1r1k1/pp3ppp/1np2n2/3pp3/2P5/qP2P2P/P2PNPP1/1BRQ1RK1 w - - 1 13,0.0,w
r3r1k1/pp3ppp/2p1bn2/3np3/8/qP2P1NP/P2P1PP1/1BRQ1RK1 w - - 2 15,0.0,w
3rr1k1/pp3ppp/1np1bn2/4p3/8/qP2PQNP/P2P1PP1/1BRR2K1 w - - 6 17,0.0,w
3rr1k1/pp3ppp/1np5/4p3/6nP/qP2P1N1/P2P1PP1/1BRR2K1 w - - 0 19,0.0,w
3rr1k1/pp3ppp/1np5/4pB2/7P/1P2P1N1/q2P1KP1/2RR4 w - - 0 21,0.0,w
4r3/pp3ppk/1np5/4p3/7P/1P2P1N1/q2r1KP1/R2R4 w - - 0 23,0.0,w
4r3/pp3ppk/1np5/4p3/7P/1P2P3/q4rP1/R2R1K2 w - - 2 25,0.0,w
4r3/pp3ppk/1np5/4p3/7P/1P2P3/5qr1/R2R3K w - - 2 27,0.0,w
r3r1k1/p2b1ppp/1ppq1n2/4n3/3N3P/1P2P3/P1Q2PP1/1BR2RK1 b - - 0 18,1.0,b
r3r1k1/p4ppp/1ppq1nn1/8/3N2bP/1P2PP2/P1Q3P1/1BRR2K1 b - - 0 20,1.0,b
r3r1k1/p4ppp/1p2qnn1/1Np5/6PP/1P2P3/P1Q3P1/1BRR2K1 b - - 0 22,1.0,b
r3r1k1/p4ppp/1pq3n1/1Np5/4P1nP/1P6/P3Q1P1/1BRR2K1 b - - 2 24,1.0,b
r3r1k1/p4ppp/1pq3n1/1Np5/4P2P/1P4Q1/P5P1/1BRR2K1 b - - 2 26,1.0,b
r3r1k1/p3nppp/1p5P/1qp5/4P3/1P4Q1/P5P1/1BRR2K1 b - - 0 28,1.0,b
r3r1k1/p4p1p/1p4pP/1qp2P2/8/1PQ5/P5P1/1BRR2K1 b - - 0 30,1.0,b
r3r1k1/p3qppp/1pp1bn2/4n3/8/1P2P2P/P1Q1NPP1/1BRR2K1 w - - 4 20,0.0,w
2r1r1k1/p4ppp/1pp1bn2/4n3/3N4/qP2P2P/P3QPP1/1BRR2K1 w - - 8 22,0.0,w
2rr2k1/p5pp/1pp1pn2/4n3/8/qP2P2P/P2Q1PP1/1BRR2K1 w - - 2 24,0.0,w
2rr4/p2n1kpp/1pp1pn2/8/2Q5/qP2P2P/P4PP1/1BRR2K1 w - - 6 26,0.0,w
r2r1q2/Q2n1kpp/1pp1pn2/8/8/1P2P2P/P4PP1/1BRR2K1 w - - 1 28,0.0,w
r1r4q/2Qn1kpp/1pR1pn2/8/8/1P2P2P/P4PP1/1B1R2K1 w - - 1 30,0.0,w
r1r2k1q/3Q2pp/1pR1p3/8/8/1P2P2P/P4PP1/1B4K1 w - - 1 32,0.0,w
2Q4q/5kpp/1p2p3/8/8/1P2P2P/P4PP1/1B4K1 b - - 1 34,0.0,b
2q5/4k1pB/1p2p3/8/8/1P2P2P/P4PPK/8 b - - 2 36,0.0,b
8/4k1pB/1p2p3/8/8/1P2P2P/P4PPK/2q5 b - - 6 38,0.0,b
6B1/4k1p1/1p2p3/4q3/8/1P2P2P/P4PP1/7K b - - 10 40,0.0,b
6B1/4k1p1/1p2p3/8/8/1P2P1KP/q4PP1/8 b - - 1 42,0.0,b
8/4k1pB/1p2p3/8/1q2P3/6KP/5PP1/8 b - - 0 44,0.0,b
8/4k1p1/1p2pq2/5B2/4PK2/7P/5PP1/8 b - - 4 46,0.0,b
8/5kp1/1p3q2/5P2/5K2/5P1P/6P1/8 b - - 0 48,0.0,b
8/6p1/1p1q1k2/5P2/8/5P1P/5KP1/8 b - - 4 50,0.0,b
8/6p1/1p6/5k2/7P/4KPq1/6P1/8 b - - 0 52,0.0,b
8/6p1/8/1p3k1P/5P2/4K3/6q1/8 b - - 0 54,0.0,b
8/6p1/8/5k1P/5P2/1p1K4/6q1/8 b - - 1 56,0.0,b
8/6p1/8/5k1P/5P2/2K5/6q1/1q6 b - - 1 58,0.0,b
8/6P1/8/8/4qk2/2K5/8/1q6 b - - 0 60,0.0,b
3rr1k1/p2bqpp1/1pp2nnp/8/8/1P2P1NP/P1Q2PP1/1BR1R1K1 w - - 0 22,0.0,w
3rr3/p2bqpp1/1pp2nkp/8/8/1PQ1P1NP/P4PP1/2R1R1K1 w - - 0 24,0.0,w
3rrq2/p2b1ppk/1pp2n1p/8/7P/1PQ1P1N1/P4PP1/2RR2K1 w - - 1 26,0.0,w
3rr1k1/p2b1pp1/1pp2n1p/8/1PQ4P/q3P1N1/P4PP1/2RR2K1 w - - 1 28,0.0,w
3rr1k1/p4pp1/1pb2n1p/8/qP5P/4P1N1/P1R2PP1/3R2K1 w - - 0 30,0.0,w
6k1/p4pp1/1pb2n1p/8/qP5P/4P1N1/P4PP1/2Rr2K1 w - - 2 32,0.0,w
6k1/p4pp1/1pb4p/8/1P4nP/4P1N1/P4PPK/3q4 w - - 2 34,0.0,w
6k1/p4pp1/1pb4p/8/1P4nP/4P1N1/P5PK/3q4 w - - 2 36,0.0,w
6k1/p4pp1/1pb4p/7P/1P4q1/4n1NK/P5P1/8 w - - 1 38,0.0,w
6k1/p4pp1/1pb4p/7P/1P4q1/4N3/P5PK/8 b - - 1 40,0.0,b
6k1/p4pp1/1pb4p/7P/1P6/4q3/P5PK/8 b - - 1 42,0.0,b
6k1/p4pp1/1pb4p/7P/1P5K/8/P5q1/8 b - - 1 44,0.0,b
r2q1rk1/ppbn1ppp/2p2nb1/2Pp4/1P1B1P2/3BP3/P1Q3PP/RN3RK1 w - - 3 14,1.0,w
r2qr1k1/ppbn1ppp/2p2n2/2Pp4/1P1B1P2/2NQP3/P5PP/R4RK1 w - - 1 16,1.0,w
r2q2k1/ppbnrppp/5n2/1pPp4/3B1P2/2NQP3/P5PP/R2R2K1 w - - 0 18,1.0,w
rb1q2k1/pp2rppp/3N1n2/2np4/3B1P2/3QP3/P5PP/R2R2K1 w - - 0 20,1.0,w
rb1q2k1/pn2rp1p/5p2/3p4/5P2/3QP3/P5PP/R2R2K1 w - - 0 22,1.0,w
rb4k1/p3rp1p/5p2/n2q4/5P2/4P3/P5PP/2RR2K1 w - - 0 24,1.0,w
rbR5/p4pkp/5p2/n2R4/5P2/4r3/P5PP/6K1 w - - 0 26,1.0,w
r1R5/p4pkp/5p2/R7/5b2/8/P4KPP/4r3 w - - 0 28,1.0,w
R7/p3rpkp/R4p2/8/8/8/P4KPb/8 w - - 0 30,1.0,w
8/R4p1p/5pk1/8/8/8/P4KPb/8 w - - 1 32,1.0,w
8/1R3p1p/5pk1/8/8/8/P3K1Pb/8 w - - 5 34,1.0,w
8/2b2p1p/5pk1/8/8/8/PR2K1P1/8 b - - 9 36,1.0,b
8/5R1p/5p2/6k1/5b2/8/P3K1P1/8 b - - 0 38,1.0,b
8/6R1/5p1p/5k2/5b2/5K2/P5P1/8 b - - 3 40,1.0,b
R7/8/5p2/5k1p/8/5K2/P5Pb/8 b - - 1 42,1.0,b
1b6/8/5p2/5k2/7R/5K2/P5P1/8 w - - 1 45,1.0,w
8/8/5p2/4bR2/8/P4K2/6P1/8 b - - 0 47,1.0,b
8/8/5p2/5R2/P7/5KP1/1b6/8 b - - 0 49,1.0,b
r1bqk1nr/pp1n1ppp/2pb4/3pp3/2P5/1P1BP3/PB1P1PPP/R2QK1NR w KQkq - 2 6,1.0,w
r1bqk2r/pp1n1ppp/2pb4/3np3/8/1P1BP3/PB1PKPPP/R2Q2NR w kq - 0 8,1.0,w
r1b1k2r/ppnn1ppp/2pb1q2/4p3/4P3/1P1B2P1/PB1PKP1P/R2Q2NR w kq - 1 10,1.0,w
r1b1k2r/ppn2ppp/2pb1q2/4p3/4P3/1P1n1NPP/PB1PKP2/R2Q3R w kq - 0 12,1.0,w
r1b4r/ppn1kppp/2p2q2/4b3/4P3/1P1K2PP/PB1P1P2/R2Q3R w - - 0 14,1.0,w
r6r/ppn1kppp/2p1b3/4q3/4P3/1P1K2PP/P2P1P2/2RQ3R w - - 2 16,1.0,w
3r3r/ppn1kppp/2p1b3/8/4q3/1P4PP/P2PKP2/2R1Q2R w - - 0 18,1.0,w
7r/ppnrkppp/2p1b3/8/8/1P3qPP/P1KP1P2/2R1Q2R w - - 4 20,1.0,w
7r/ppn1kppp/2p1b3/8/2R5/1P1r2PP/P2P1P2/1K2Q2q w - - 0 22,1.0,w
7r/pp2kppp/2p1n3/8/2b1Q3/1P1r2PP/P2P1P2/1K6 w - - 2 24,1.0,w
7r/pp2kppp/2prn3/8/1Q6/1P4PP/P4P2/1K6 w - - 2 26,1.0,w
r7/Q4ppp/2prnk2/8/8/1P4PP/P4P2/1K6 w - - 1 28,1.0,w
Q7/3r1ppp/2p1nk2/8/8/1P4PP/P1K2P2/8 w - - 3 30,1.0,w
6Q1/r4ppp/4nk2/2p5/8/1P4PP/P4P2/1K6 w - - 0 32,1.0,w
8/5ppQ/5k2/2p5/3n4/1P4PP/K4P2/8 w - - 1 34,1.0,w
8/5pp1/8/2pQ1nk1/8/1P4PP/K4P2/8 w - - 5 36,1.0,w
8/6Q1/3n4/2p2k2/8/1P4PP/K4P2/8 w - - 1 38,1.0,w
8/8/8/2p1kn2/6Q1/1P4PP/K4P2/8 w - - 5 40,1.0,w
8/8/3k4/2p5/2Q5/1P4PP/K7/8 w - - 1 42,1.0,w
8/8/3k4/2p5/1PQ5/6PP/1K6/8 w - - 1 44,1.0,w
8/8/8/5k2/1PQ5/6PP/1K6/8 w - - 3 46,1.0,w
8/8/1P3k2/8/2Q5/6PP/1K6/8 w - - 1 48,1.0,w
1R6/8/6k1/8/2Q5/6PP/1K6/8 w - - 1 50,1.0,w
r1b2rk1/pp1n1ppp/2p2n2/3pp3/2P5/qPN1P3/P1BP1PPP/2RQ1RK1 b - - 3 11,1.0,b
r1b2rk1/pp1n1ppp/2p2n2/8/2Pp4/qP6/P1BPNPPP/2RQ1RK1 b - - 1 13,1.0,b
r1br2k1/pp1n1ppp/2p2n2/8/2Pp4/1P1P2N1/q1B2PPP/2RQ1RK1 b - - 0 15,1.0,b
r1br2k1/pp3ppp/2p2n2/4n3/2Pp4/1P1P2N1/1qB2PPP/R1Q2RK1 b - - 4 17,1.0,b
r2r2k1/pp3ppp/2p2n2/4n3/2Pp2b1/1P1P2N1/2B2PPP/R3R1K1 b - - 2 19,1.0,b
r2r2k1/pp1b1ppp/2p2nn1/8/2PpN3/1P1P1P2/2B3PP/R3R1K1 b - - 2 21,1.0,b
r2r2k1/pp1b1ppp/2p5/4n3/2PpP3/1P1P4/2B2KPP/R3R3 b - - 2 23,1.0,b
r2r2k1/pp3ppp/2p1b3/8/2PpP1n1/1P1P4/6PP/RB2R1K1 b - - 6 25,1.0,b
r3r1k1/pp3ppp/2p5/8/2PpP1n1/3P4/6PP/RB3RK1 b - - 0 27,1.0,b
r3r1k1/pp3p1p/2p3p1/2P1n3/3pPR2/3P4/6PP/RB4K1 b - - 2 29,1.0,b
r7/pp2rpkp/2p3p1/2P1n3/3pPR2/3P2P1/5K1P/RB6 b - - 0 31,1.0,b
r7/pp2rpkp/2p5/2P2Rp1/3pP1n1/3P2P1/7P/RB4K1 b - - 3 33,1.0,b
r7/pp3pkp/2p5/2P1n1p1/3pP3/3P2P1/5K1P/RB6 b - - 1 35,1.0,b
r7/pp1n1pkp/2p5/2P5/3RP1p1/3P2P1/5K1P/1B6 b - - 0 37,1.0,b
3r4/R2n1pkp/2p5/1pP5/4P1p1/3P2P1/5K1P/1B6 b - - 0 39,1.0,b
3r4/2R2pkp/2p5/1p6/4P1p1/6P1/5K1P/1B6 b - - 0 41,1.0,b
8/5pkp/2R5/1p6/4P1p1/4K1P1/7r/1B6 b - - 0 43,1.0,b
8/5pkp/1R6/1p2r3/4PKp1/6P1/8/1B6 b - - 4 45,1.0,b
8/6kp/4p3/1p2K3/4P1p1/6P1/8/1B6 b - - 1 47,1.0,b
8/4k2p/4B3/1p2K3/4P1p1/6P1/8/8 b - - 0 49,1.0,b
8/4k2p/8/4K3/4P3/1p4P1/8/3B4 b - - 1 51,1.0,b
8/3k3p/5K2/8/4P3/6P1/1pB5/8 b - - 3 53,1.0,b
8/7p/2k2K2/4P3/8/6P1/8/1B6 b - - 0 55,1.0,b
8/4P3/5K2/1k5p/8/6P1/8/1B6 b - - 0 57,1.0,b
4Q3/8/5K2/2k5/7P/8/8/1B6 b - - 0 59,1.0,b
8/8/5K2/4Q2P/2k5/8/8/1B6 b - - 0 61,1.0,b
8/7P/5K2/4Q3/k7/8/8/1B6 b - - 0 63,1.0,b
7Q/8/5K2/4Q3/1k6/8/B7/8 b - - 2 65,1.0,b
8/8/5K2/4Q3/8/1k5Q/8/8 b - - 1 67,1.0,b
8/8/5K2/4Q3/8/1k6/8/1Q6 b - - 5 69,1.0,b
rnbqk2r/ppb2ppp/2p2n2/2Ppp3/8/2N1P3/PPQPBPPP/R1B2RK1 b kq - 2 7,0.0,b
r2qk2r/ppbn1ppp/2p1bn2/2Ppp3/8/2N1PB2/PPQP1PPP/R1B1R1K1 b kq - 6 9,0.0,b
r2q3r/ppbnkppp/2p1bn2/2Pp4/4p2P/2N1P3/PPQPBPP1/R1B1R1K1 b - h3 0 11,0.0,b
r5qr/ppb1kppp/2p1bn2/2np4/4p2P/2N1P3/PPQP1PP1/1RB1RBK1 b - - 1 13,0.0,b
r5qr/ppb1kppp/2p1bn2/3p4/7P/2NQP3/PP1P1PP1/1RB1R1K1 b - - 0 15,0.0,b
r2k2qr/pp3ppp/2p1bn2/b2pQ3/7P/2N1P3/PP1P1PP1/1RB1R1K1 b - - 4 17,0.0,b
r2k2qr/ppb2pp1/2p1bn1p/3p4/5Q1P/2N1P3/PP1P1PP1/1RB1R1K1 b - - 1 19,0.0,b
r2k2qr/pp3pp1/2p1bn1p/8/N2p1P1P/8/PP1P1PP1/1RB1R1K1 b - - 1 21,0.0,b
r2k2qr/pp3pp1/1Np2n1p/3b4/3p1P1P/8/1P1P1PP1/R1B1R1K1 b - - 3 23,0.0,b
1r4qr/Rpk2pp1/2p2n1p/3N4/3p1P1P/8/1P1P1PP1/2B1R1K1 b - - 0 25,0.0,b
R5qr/1pk2pp1/5n1p/3p4/3p1P1P/8/1P1P1PP1/2B1R1K1 b - - 0 27,0.0,b
q6r/1p3Rp1/1k3n1p/3p4/3p1P1P/8/1P1P1PP1/2B3K1 b - - 0 29,0.0,b
7r/1p4R1/1k3n1p/3p4/3p1P1P/8/1P1P1PPK/2q5 b - - 1 31,0.0,b
7r/1p3R2/1k3n1p/3p4/3p1q1P/8/1P3PP1/6K1 b - - 1 33,0.0,b
2r5/1p4R1/1k1q1n1p/3p4/3p3P/5P2/1P4P1/6K1 b - - 0 35,0.0,b
8/1p4R1/1k3n1p/3p4/1q1p3P/5PK1/1P4P1/2r5 b - - 4 37,0.0,b
8/1p4R1/7p/k2p3K/1q1p3P/5P2/1P4P1/2r5 w - - 1 40,0.0,w
8/1p6/7K/k2p4/6RP/3p1P2/1q4P1/2r5 w - - 0 42,0.0,w
7q/1p6/8/k2p2K1/6RP/5P2/3p2P1/2r5 w - - 0 44,0.0,w
5q2/1p6/4K3/k2p4/6RP/5P2/6P1/2rq4 w - - 0 46,0.0,w
5q2/8/2r1K3/kp1R4/7P/5P2/6P1/3q4 w - - 1 48,0.0,w
5q2/8/8/kp1R4/2rK3P/5P2/4q1P1/8 w - - 5 50,0.0,w
