fen,outcome,side_to_move
r1bq1rk1/ppn2ppp/5n2/4Q1B1/2P5/2N5/PP3PPP/3R1BK1 b - - 0 16,0.0,b
r2q1r1k/ppnb1ppp/5n2/6B1/2P1N3/6Q1/PP3PPP/3R1BK1 b - - 4 18,0.0,b
r2B1r1k/ppnR1ppp/8/8/2P5/6n1/PP3PPP/5BK1 b - - 0 20,0.0,b
r2r3k/pR3ppp/8/5n2/2P5/8/PP3PPP/5BK1 b - - 0 22,0.0,b
2rr2k1/p4ppp/8/5n2/2P5/R7/PP3PPP/5BK1 b - - 4 24,0.0,b
2r3k1/R4ppp/8/5n2/2P5/5P2/Pr4PP/5BK1 b - - 0 26,0.0,b
1r1r2k1/5ppp/8/5n2/2P5/3R1P2/P5PP/5BK1 b - - 4 28,0.0,b
3r1k2/5ppp/8/2P2n2/8/5P2/P5PP/5BK1 b - - 0 30,0.0,b
8/4kppp/8/2P2n2/8/5P2/P2r2PP/5BK1 w - - 4 33,0.0,w
8/3k1ppp/8/2P2n2/8/5P2/r3B1PP/7K w - - 2 35,0.0,w
8/2k2ppp/8/1BP2n2/8/5PP1/7P/r6K w - - 1 37,0.0,w
8/2k2ppB/8/2P5/3n4/5PP1/6KP/r7 b - - 0 39,0.0,b
8/2k2ppB/8/2P5/8/5nPK/7r/8 w - - 0 42,0.0,w
8/5ppr/2k5/2P5/8/5KP1/8/8 w - - 1 44,0.0,w
7r/5pp1/8/2k5/8/6P1/3K4/8 w - - 2 46,0.0,w
4r3/5pp1/8/2k5/8/6P1/4K3/8 w - - 6 48,0.0,w
8/5pp1/8/3k4/4r3/6P1/3K4/8 b - - 10 50,0.0,b
8/5pp1/8/3k4/8/5r2/2K5/8 w - - 2 53,0.0,w
8/5pp1/8/4k3/8/7r/4K3/8 w - - 6 55,0.0,w
8/5pp1/8/4k3/8/r7/8/2K5 b - - 10 57,0.0,b
8/5pp1/4k3/8/8/r7/8/2K5 w - - 14 60,0.0,w
8/5pp1/8/3k4/8/7r/8/2K5 w - - 18 62,0.0,w
8/5pp1/8/8/4k3/4r3/3K4/8 w - - 22 64,0.0,w
8/8/5p2/5p2/4k3/4r3/8/3K4 b - - 1 66,0.0,b
8/8/5p2/8/4k3/4rp2/8/1K6 b - - 1 68,0.0,b
8/8/5p2/8/4k3/4r3/1K6/5q2 b - - 1 70,0.0,b
8/8/8/5p2/4k3/5r2/1K6/5q2 b - - 1 72,0.0,b
8/8/8/8/4kp2/r7/1K6/5q2 b - - 3 74,0.0,b
8/8/8/8/4k3/3r1p2/K7/3q4 b - - 0 77,0.0,b
r2q1rk1/ppbn1ppp/2p2nb1/2Pp4/1P1B1P2/3BP3/P1Q3PP/RN3RK1 w - - 3 14,1.0,w
r2qr1k1/ppbn1ppp/2p2n2/2Pp4/1P1B1P2/2NQP3/P5PP/R4RK1 w - - 1 16,1.0,w
r2q2k1/ppbnrppp/5n2/1pPp4/3B1P2/2NQP3/P5PP/R2R2K1 w - - 0 18,1.0,w
rb1q2k1/pp2rppp/3N1n2/2np4/3B1P2/3QP3/P5PP/R2R2K1 w - - 0 20,1.0,w
rb1q2k1/pn2rp1p/5p2/3p4/5P2/3QP3/P5PP/R2R2K1 w - - 0 22,1.0,w
rb4k1/p3rp1p/5p2/n2q4/5P2/4P3/P5PP/2RR2K1 w - - 0 24,1.0,w
rbR5/p4pkp/5p2/n2R4/5P2/4r3/P5PP/6K1 w - - 0 26,1.0,w
r1R5/p4pkp/5p2/R7/5b2/8/P4KPP/4r3 w - - 0 28,1.0,w
R7/p3rpkp/R4p2/8/8/8/P4KPb/8 w - - 0 30,1.0,w
8/R4pkp/8/5p2/8/8/P4KPb/8 w - - 0 32,1.0,w
8/5p1p/1R6/5pk1/8/8/P4KPb/8 w - - 4 34,1.0,w
8/1R3p1p/8/4bpk1/8/5K2/P5P1/8 w - - 8 36,1.0,w
8/3R3p/6k1/5p2/8/5K2/Pb4P1/8 w - - 3 38,1.0,w
8/5kbp/3R4/5p2/5K2/8/P5P1/8 w - - 7 40,1.0,w
7b/5k1p/2R5/5K2/8/8/P5P1/8 b - - 3 42,1.0,b
2R3k1/7p/8/5K2/3b4/8/P5P1/8 b - - 7 44,1.0,b
2R3k1/7p/8/5K2/3b4/8/P5P1/8 b - - 11 46,1.0,b
8/6kp/8/5K2/8/8/P5P1/b2R4 b - - 15 48,1.0,b
8/6kp/8/5K2/8/8/Pb1R2P1/8 b - - 19 50,1.0,b
8/5k1p/8/5K2/8/2R5/P5P1/8 b - - 0 52,1.0,b
8/2R2k1p/8/5K2/8/8/P5P1/8 b - - 4 54,1.0,b
6k1/2R5/7K/8/8/8/P5P1/8 b - - 0 56,1.0,b
rnbq1rk1/1pp2pbp/3p1np1/pP2p3/P7/3P1NP1/1BP1PPBP/R2QK2R b KQ - 0 8,0.0,b
rnbqr1k1/1pp2pbp/3p1np1/pP6/P3p3/3P2P1/1BPKPPBP/R2QN2R b - - 1 10,0.0,b
rnbqr1k1/1pp2pBp/3p2p1/pP6/P3p3/3P2P1/2PKPnBP/RQ2N2R b - - 0 12,0.0,b
rnb1r1k1/1pp2p1p/3p2p1/pP4q1/P2Bp3/3PP1P1/2PK2BP/RQ2N2n b - - 1 14,0.0,b
rnb1r1k1/1pp2p1p/3p2p1/pP6/P2Bp1q1/3PP1n1/2P3BP/RQK1N3 b - - 3 16,0.0,b
rnb1r1k1/1pp2p1p/3p2p1/pP6/P2B2q1/3pP2P/1KP1n1B1/RQ2N3 b - - 0 18,0.0,b
rnb1r1k1/1pp2p1p/3p2p1/pP6/P2P4/3N2qP/1KP3B1/RQ6 b - - 0 20,0.0,b
r1b1r1k1/1pp2p1p/3p1np1/pP6/P2P4/3N2qP/1KP3B1/5RQ1 b - - 4 22,0.0,b
r3r1k1/1bp2p1p/3p1np1/pP6/P2P1R1q/3N3P/1KP5/6Q1 b - - 1 24,0.0,b
r5k1/1bp2p1p/3p1Rpq/pP6/P2P4/3N3P/1KP1r3/5Q2 b - - 2 26,0.0,b
r5k1/1bR4p/3p2p1/pP4q1/P2P4/3Nr2P/1KP5/5Q2 b - - 0 28,0.0,b
6k1/1b3R1p/3p2p1/pP4q1/P2P4/3Nr2P/1KP5/2Q5 b - - 0 30,0.0,b
8/1b2k2p/1P1p2p1/p5q1/P2P4/3Nr2P/1KPQ4/8 b - - 2 32,0.0,b
8/4k2p/1Pbp2p1/p5q1/P2P4/1r5P/2PQ1N2/2K5 b - - 6 34,0.0,b
8/4k2p/1Pbp2p1/p7/P2P4/3N3P/2Pq4/1K6 b - - 1 36,0.0,b
8/4k2p/1P1p2p1/p7/3P1N2/7P/1Kbq4/8 b - - 1 38,0.0,b
8/1P2k2p/3p2p1/p4b2/3P1q2/1K5P/8/8 b - - 0 40,0.0,b
8/1q2k2p/3p2p1/K4b2/3P4/7P/8/8 b - - 0 42,0.0,b
8/1q2k2p/6p1/K2p4/3P4/7b/8/8 b - - 1 44,0.0,b
8/1q2k2p/8/3p4/3P2p1/K6b/8/8 b - - 1 46,0.0,b
8/1q2k3/7p/3p4/3P4/K5pb/8/8 b - - 1 48,0.0,b
8/1q2k3/8/3p3p/3P4/7b/6p1/K7 b - - 1 50,0.0,b
8/1q2k3/8/3p4/3P3p/K6b/8/6q1 b - - 1 52,0.0,b
r1bq1rk1/1pp2pb1/3p1npp/pPn1p3/P7/R1PP1NP1/1B2PPBP/3Q1RK1 b - - 0 11,0.0,b
r2q1rk1/1pp2pb1/3pbnpp/pPn5/P2Pp3/R1P3P1/1B2PPBP/3QNRK1 b - - 0 13,0.0,b
r2qr1k1/1ppn1pb1/3pbnpp/pP6/P2PB3/R1P3P1/1BQ1PP1P/4NRK1 b - - 0 15,0.0,b
r2qr1k1/1Bpn1pb1/3p1npp/pP6/P2P4/R1P3P1/1BQ1PP1P/4NK2 b - - 0 17,0.0,b
1r1q2k1/2pnrpb1/3p1npp/pP6/P2P4/R1P2BP1/1BQ1PP1P/4N1K1 b - - 4 19,0.0,b
1r3qk1/2p1rpb1/1n1p1npp/pP6/P2P4/2P2BP1/1B2PP1P/RQ2N1K1 b - - 8 21,0.0,b
1r3qk1/2p1rpb1/1n1p1npp/pP6/P2P4/2P2BP1/1B2PP1P/RQ2N1K1 b - - 12 23,0.0,b
1r2q1k1/2p1rpb1/1nBp1npp/pP6/P2P4/2P3P1/1BQ1PP1P/R3N1K1 b - - 16 25,0.0,b
1r3qk1/2p1rpb1/1P1p1npp/p7/P1nP4/2P2BP1/1BQ1PP1P/R3N1K1 b - - 0 27,0.0,b
5qk1/2p1rpb1/1r3npp/p2p4/P1nP3P/2P2BP1/2Q1PP2/R1B1N1K1 b - h3 0 29,0.0,b
1r2q1k1/2p1rpb1/5npp/p2B4/P1nP1B1P/2P3P1/2Q1PP2/R3N1K1 b - - 0 31,0.0,b
1r2q1k1/2p1rpb1/6pp/p7/P1QP1B1P/2n3P1/4PP2/R3N1K1 b - - 0 33,0.0,b
1r2q1k1/2B1rp2/6pp/p7/P1Qb3P/6P1/4nPK1/R3N3 b - - 0 35,0.0,b
1r2q1k1/5p2/6pp/Q7/P6P/6P1/4nPK1/b3N3 b - - 0 37,0.0,b
1r2q1k1/5p2/5Qpp/8/P6P/6n1/5PK1/4N3 b - - 0 39,0.0,b
1r4k1/5p2/6pp/7n/P3q2P/5N2/5PK1/Q7 b - - 4 41,0.0,b
1r4k1/5p2/6pp/7n/P6P/5q2/5P1K/6Q1 b - - 1 43,0.0,b
1r4k1/5p2/6pp/4q2n/P4P1P/8/6QK/8 b - f3 0 45,0.0,b
6k1/5p2/6pp/7n/P4q1P/8/8/1r4QK b - - 3 47,0.0,b
r1bq1rk1/ppn2ppp/5n2/4p1B1/2Pb4/2N3Q1/PP3PPP/3RRBK1 w - - 0 15,1.0,w
r2qnrk1/pp3ppp/5n2/4pb2/2Pb3B/2N3Q1/PP2BPPP/3RR1K1 w - - 4 17,1.0,w
r2q1rk1/pp3ppp/3n1n2/2b1pb2/7B/2N2BQ1/PP3PPP/3RR1K1 w - - 0 19,1.0,w
r4rk1/ppq2ppp/3n1n2/4Rb2/7B/2N2B2/PP3QPP/3R2K1 w - - 1 21,1.0,w
r3r1k1/pp3ppp/3n1n2/2Q2b2/7B/2N2B2/PP4PP/3R2K1 w - - 1 23,1.0,w
r3r1k1/pp3ppp/3R4/2Q5/4b2B/5B2/PP4PP/6K1 w - - 0 25,1.0,w
4r1k1/Qp3ppp/3R4/8/4r2B/8/PP4PP/6K1 w - - 1 27,1.0,w
6k1/1Q3ppp/3Rr3/8/8/8/PP4PP/4B1K1 w - - 1 29,1.0,w
3r2k1/1Q3ppp/8/8/8/8/PP3KPP/4B3 b - - 1 31,1.0,b
4r1k1/1Q3p1p/6p1/8/1B6/P7/1P3KPP/8 b - - 1 33,1.0,b
4r2k/5Q1p/5pp1/8/1B6/P7/1P3KPP/8 b - - 3 35,1.0,b
7k/6rp/5Qp1/8/8/P1B5/1P3KPP/8 b - - 2 37,1.0,b
r1bqkb1r/pp1npppp/2p5/1B1n4/8/8/PPPP1PPP/RNBQR1K1 w kq - 0 6,0.0,w
r1bqkb1r/pp2pppp/5n2/1p1Q4/8/8/PPPP1PPP/RNB1R1K1 w kq - 1 8,0.0,w
r1b1kb1r/pp2pppp/5n2/1q6/8/2N5/PPPP1PPP/R1B1R1K1 w kq - 0 10,0.0,w
r1bk1b1r/1p2pppp/p4n2/1N6/8/1P6/P1PP1PPP/R1B1R1K1 w - - 0 12,0.0,w
r2k1b1r/1p2pppp/p4n2/7b/3N4/1P5P/P1PP1PP1/R1B1R1K1 w - - 1 14,0.0,w
r2k1b1r/1p2pppp/5n2/7b/p2N4/1P5P/PBPP1PP1/R3R1K1 w - - 0 16,0.0,w
3k1b1r/1p1npppp/8/7b/r7/1N5P/PBPP1PP1/R3R1K1 w - - 2 18,0.0,w
5b1r/1pknpppp/6b1/8/r7/1NP1R2P/PB1P1PP1/R5K1 w - - 1 20,0.0,w
5b1r/1pknpppp/8/3b4/r7/1NP4P/PB1P1PPK/R7 w - - 2 22,0.0,w
5b1r/1p1npppp/1k6/3b4/3N4/2P3KP/rB1P1PP1/R7 w - - 0 24,0.0,w
5b1r/1p1npppp/1k6/3b4/3N4/B1P3KP/3P1PP1/8 w - - 2 26,0.0,w
5b1r/1p2pppp/1k6/3bn3/1B1N4/2P3KP/3P1PP1/8 b - - 6 28,0.0,b
7r/1p2bppp/1k6/3b4/2nN4/2PP2KP/5PP1/8 b - - 0 30,0.0,b
7r/1p3ppp/1k1b4/3bn3/3N1K2/2PP3P/5PP1/8 b - - 4 32,0.0,b
7r/1p3ppp/1k1b4/4n3/3N4/2PP3K/5P2/8 b - - 0 34,0.0,b
2r5/1p3ppp/1k1b4/5N2/8/2Pn4/5PK1/8 b - - 3 36,0.0,b
2r5/1p3ppp/1k6/4b3/5n2/2P1NK2/5P2/8 b - - 7 38,0.0,b
1b6/1p3ppp/1k6/8/4Kn2/2r5/5P2/3N4 b - - 3 40,0.0,b
1b6/1p3ppp/1k6/3n4/2r5/5K2/1N3P2/8 b - - 7 42,0.0,b
1b6/1p3ppp/1k6/3n4/4K3/3N4/2r2P2/8 b - - 11 44,0.0,b
1b6/1p2nppp/1k6/8/2r5/5K2/5P2/4N3 b - - 15 46,0.0,b
1b6/1p2nppp/1k6/8/5r2/8/2N1KP2/8 b - - 19 48,0.0,b
1b6/1p2nppp/1k6/4r3/3N4/3K4/5P2/8 b - - 23 50,0.0,b
1b1r4/1p2nppp/1k6/8/2K5/5N2/5P2/8 b - - 27 52,0.0,b
2r5/1p2nppp/1k6/8/5b2/3K4/5P2/4N3 b - - 31 54,0.0,b
3r4/1p2nppp/1k5b/8/8/5K2/5P2/4N3 b - - 35 56,0.0,b
4r3/1p3ppp/1k5b/3n4/8/5K2/1N3P2/8 b - - 39 58,0.0,b
4r3/1p3ppp/5n1b/2k5/8/5K2/1N3P2/8 b - - 43 60,0.0,b
4r3/1p3ppp/5n2/1k6/8/3N4/3b1PK1/8 b - - 47 62,0.0,b
4r3/1p3ppp/8/1k4b1/4n3/5P2/1N4K1/8 b - - 0 64,0.0,b
4r3/1p3ppp/5b2/1k6/8/3N1PK1/3n4/8 b - - 4 66,0.0,b
4r3/1p3ppp/5b2/1k6/5PK1/3N4/3n4/8 b - - 0 68,0.0,b
4r3/1p3ppp/8/8/2k2P2/6K1/1b1n4/2N5 w - - 4 71,0.0,w
4r3/1p3ppp/8/8/5P2/8/kb1n1K2/8 w - - 0 73,0.0,w
4r3/1p3ppp/8/8/5P2/2b3K1/1k1n4/8 w - - 4 75,0.0,w
4r3/1p3ppp/8/4bP2/4n3/8/1k3K2/8 w - - 3 77,0.0,w
4r3/1p3ppp/3n1b2/8/8/5K2/1k6/8 w - - 0 79,0.0,w
8/1p3ppp/3n4/8/3b4/4rK2/1k6/8 w - - 4 81,0.0,w
8/1p3ppp/3n4/8/3b4/2r5/1k4K1/8 w - - 8 83,0.0,w
8/1p3ppp/8/8/3bn3/8/1kr3K1/8 w - - 12 85,0.0,w
1r2r1k1/2pq2b1/1p1p1npp/pPnPpp2/P3P3/2RP1PP1/1B4BP/Q3R1K1 b - - 2 24,1.0,b
1r4k1/2pqr1b1/1p1p1npp/pPnPp3/P3P3/2R2PP1/1B3KBP/Q3R3 b - - 2 26,1.0,b
1r2q1k1/2p2rb1/1p1p1npp/pPnPp3/P3P3/2R2PP1/1B2K1BP/Q1R5 b - - 6 28,1.0,b
1r2q1k1/2p1br2/1p1p1npp/pPnPp3/P1R1P3/5PP1/1BR1K1BP/Q7 b - - 10 30,1.0,b
1r2q1k1/2p1br2/1p1p1npp/pP1Pp3/P1RBP3/Q4PP1/2R1K1BP/8 b - - 0 32,1.0,b
1r2qk2/2R1br2/1p1p1npp/pP1P4/P2pP3/5PP1/2R1K1BP/2Q5 b - - 2 34,1.0,b
1r2q3/2R1brk1/1p1p1npp/pP1P4/P3P3/2K2PP1/2R3BP/2Q5 b - - 2 36,1.0,b
1r2q1k1/2R1br2/1p1p2pp/pP1P4/P7/2K1QPP1/2R3BP/8 b - - 0 38,1.0,b
1r4k1/2R2r2/1p1p1bpp/pP1P4/P7/4KPP1/2R3BP/8 b - - 0 40,1.0,b
4r1k1/2R5/1p1p1bpp/pP1P4/P7/3K1PP1/6BP/8 b - - 0 42,1.0,b
6k1/2R5/1p1p1bpp/pP1P3r/P4P2/3K2PP/6B1/8 b - - 0 44,1.0,b
6kb/8/1pRp2pp/pP1P3r/P4P2/3K2PP/6B1/8 b - - 4 46,1.0,b
7b/4k3/1p4Rp/pP1P3r/P4P2/3K2PP/6B1/8 b - - 0 48,1.0,b
8/5k2/1p1P1R1p/pP5r/P4P2/3K2PP/6B1/8 b - - 0 50,1.0,b
8/8/1p1Pk2p/pPr5/P4PP1/3K3P/6B1/8 b - - 2 53,1.0,b
8/8/1p1P3p/pP1k4/P4PP1/4K2P/8/8 b - - 1 55,1.0,b
8/8/1p5p/pP1k2P1/P4P1P/4K3/8/8 b - - 0 57,1.0,b
8/8/1p1k4/pP4P1/P3KP2/8/8/8 b - - 2 59,1.0,b
8/6k1/1p6/pP3KP1/P4P2/8/8/8 w - - 6 62,1.0,w
5k2/8/1p3KP1/pP6/P4P2/8/8/8 w - - 3 64,1.0,w
8/6Pk/1p3K2/pP3P2/P7/8/8/8 w - - 1 66,1.0,w
6Q1/5K2/1p6/pP3P1k/P7/8/8/8 w - - 1 68,1.0,w
8/5K1k/1p6/pP3P2/P5Q1/8/8/8 w - - 5 70,1.0,w
5rk1/1pb2pp1/p1p1r3/P1Pp1bNn/1P1BnP2/3BP3/6RP/3q1RK1 w - - 0 28,1.0,w
5rk1/1pb2pp1/p1p5/P1Pp1b1n/1P1BNP2/3BP3/6rP/3R2K1 w - - 0 30,1.0,w
5rk1/1pb2pp1/p1p5/P1Pp4/1P1BbP2/3B4/6KP/3R4 w - - 0 32,1.0,w
3r2k1/1pb2pp1/p1p5/P1P2P2/1P1Bp3/8/6KP/3R4 w - - 1 34,1.0,w
3R2k1/1p3pp1/p1p5/P1P1bP2/1P2p3/2B5/6KP/8 w - - 0 37,1.0,w
8/1p3pb1/p1p5/P1P2P2/1P2p3/8/6KP/8 w - - 0 39,1.0,w
8/1p3pb1/p1p5/P1P2P2/1P5P/8/4p1K1/8 w - - 0 41,1.0,w
5b2/1p3p2/p7/PpP2P1P/8/8/4p1K1/8 w - - 1 43,1.0,w
5b2/5p2/p4P2/Ppp4P/8/8/4p1K1/8 w - - 0 45,1.0,w
8/5p2/p4P1b/Ppp5/8/8/8/4q2K w - - 0 47,1.0,w
8/5p2/p4P1b/1pp5/8/8/3q3K/8 w - - 2 49,1.0,w
8/5p2/p4P1b/1pp5/8/5q1K/8/8 w - - 6 51,1.0,w
5b2/5p2/p4P2/2p3K1/1p6/5q2/8/8 w - - 0 53,1.0,w
5b2/5p2/p4P2/2p4K/1p6/7q/8/8 w - - 4 55,1.0,w
5b2/5p2/p4P2/2p5/5K2/7q/1p6/8 w - - 0 57,1.0,w
5b2/5p2/p4P2/3K4/2p5/5q2/1p6/8 w - - 2 59,1.0,w
5b2/5p2/p4P2/8/3Kq3/5q2/8/8 w - - 2 61,1.0,w
2r2rk1/ppnR1p1p/5p2/1N6/2P5/8/PP3PPP/5BK1 b - - 2 20,1.0,b
3r2k1/ppN2p1p/5p2/8/2P5/8/PP3PPP/5BK1 b - - 0 22,1.0,b
6k1/pp3p1p/5N2/5p2/2P5/8/PP1r1PPP/5BK1 b - - 1 24,1.0,b
8/pp3p1p/6k1/5p2/2P2N2/8/PP1r1PPP/5BK1 b - - 5 26,1.0,b
8/pp3p1p/7k/2P2p2/8/3N4/PPr2PPP/5BK1 b - - 0 28,1.0,b
8/pp3p1p/2P5/5pk1/1N6/8/Pr3PPP/5BK1 b - - 0 30,1.0,b
8/ppP2p1p/8/5p2/1r3k2/8/P5PP/5BK1 b - - 0 32,1.0,b
8/pp3p1p/8/5p2/2Q2k2/8/r5PP/5BK1 b - - 1 34,1.0,b
8/pp3Q1p/8/4k3/5p2/8/6PP/5BK1 b - - 0 36,1.0,b
8/Q6p/1p6/4k3/8/5P2/7P/5BK1 b - - 0 38,1.0,b
8/7Q/1p6/8/5k2/5P2/5K1P/5B2 b - - 2 40,1.0,b
8/8/1Q1k4/8/8/5P2/5K1P/5B2 b - - 0 42,1.0,b
8/8/1Q6/4k3/8/5P2/5K1P/1B6 b - - 4 44,1.0,b
8/p3kp2/1p1n1p1p/3P3P/PP1K1PP1/3B4/8/8 w - - 1 38,1.0,w
8/p2k1p2/3n1p1p/Pp1P3P/1P3PP1/2KB4/8/8 w - - 0 40,1.0,w
8/p2k1p2/3n4/Pp1P2pP/1P6/2KB4/8/8 w - - 0 42,1.0,w
8/p2k1n1P/5p2/Pp1P2p1/1P6/2KB4/8/8 w - - 1 44,1.0,w
8/p4n1P/3k1p2/PB1P4/1P1K2p1/8/8/8 w - - 0 46,1.0,w
8/p4n1P/P2k4/3P1p2/1P1K4/6p1/8/5B2 w - - 0 48,1.0,w
8/p4n1P/PP1k4/3P1p2/3K4/8/6B1/8 b - - 0 50,1.0,b
Q7/4kn1P/1p6/3P1p2/3K4/8/6B1/8 b - - 0 52,1.0,b
Q7/3k1n2/1p3Q2/3P1p2/3K4/8/6B1/8 b - - 2 54,1.0,b
3Q4/8/1p1k4/3P1p2/3K4/8/6B1/8 b - - 1 56,1.0,b
1r2r1k1/2pq2bn/1p1p2pp/pPnPpp2/P3P3/2RP1PPB/1B5P/Q3R1K1 b - - 4 25,1.0,b
1r2r1k1/2pq2b1/1p1p2pp/pPnPp1n1/P3P3/2RP2P1/1B4BP/Q3R1K1 b - - 0 27,1.0,b
1r3rk1/2pq2b1/1p1p2pp/pP1Pp1n1/P3P3/2BR2P1/6BP/Q3R1K1 b - - 2 29,1.0,b
3r1rk1/2pq2b1/1p1p2pp/pP1Pp3/P3P3/2BR2PB/7P/2Q1R1K1 b - - 0 31,1.0,b
3r1rk1/2pq2b1/1p1p2pp/pP1Pp3/P3P3/2BRQ1P1/7P/4R1K1 b - - 3 33,1.0,b
3rq1k1/2p2rb1/1p1p2pp/pP1Pp3/P3P3/2B1Q1P1/3R2KP/4R3 b - - 7 35,1.0,b
3rq1k1/2p2r2/1p1p2pp/pP1Pp1b1/P3P3/2B3P1/4QRKP/4R3 b - - 11 37,1.0,b
3r2k1/2p1q3/1p1p2pp/pP1Pp1b1/P3P2P/2B3P1/5QK1/4R3 b - h3 0 39,1.0,b
5rk1/2p1q3/1p1p2pp/pP1Pp3/P3P2P/2B5/4Q1K1/4R3 b - - 0 41,1.0,b
5rk1/2p5/1p1p3p/pP1Pp1q1/P3P3/2B5/4Q3/4R2K b - - 1 43,1.0,b
5rk1/2p5/1p1p3p/pP1Pp1q1/P3P3/2B5/6Q1/4R1K1 b - - 5 45,1.0,b
5r2/2p3k1/1p1p3p/pP1Pp3/P3P3/2B5/6K1/2R5 b - - 2 47,1.0,b
8/2p2r2/1p1p1k1B/pP1Pp3/P3P3/8/6K1/2R5 b - - 0 49,1.0,b
8/2p1r3/1B1p2k1/pP1Pp3/P3P3/8/6K1/2R5 b - - 0 51,1.0,b
8/5r2/1R1p2k1/pP1Pp3/P3P3/8/6K1/8 b - - 0 53,1.0,b
8/5k2/3p1r2/RP1Pp3/P3P3/8/6K1/8 b - - 0 55,1.0,b
8/6k1/R2p1r2/PP1Pp3/4P3/8/6K1/8 b - - 0 57,1.0,b
5k2/R7/3p1r2/PP1Pp3/4P3/6K1/8/8 b - - 4 59,1.0,b
5k2/2R5/P2p1r2/1P1Pp3/4P3/6K1/8/8 b - - 2 61,1.0,b
4k3/P1R5/3p2r1/1P1Pp3/4P3/8/5K2/8 b - - 0 63,1.0,b
Q1k5/1R6/3p2r1/1P1Pp3/4P3/8/5K2/8 b - - 0 65,1.0,b
rn1qkb1r/pp3ppp/2p2n2/3pp2b/4P3/1B1P1P2/PPP1Q1PP/RNB1K2R w KQkq - 1 7,0.0,w
rn1qkb1r/pp3ppp/2p2nb1/4p3/3pP1P1/1B1P1P2/PPPNQ2P/R1B1K2R w KQkq - 1 9,0.0,w
rn1qnb1r/pp2kppp/2p3b1/4p1P1/2NpP3/1B1P1P2/PPP1Q2P/R1B1K2R w KQ - 1 11,0.0,w
r2qnb1r/pp1nkppp/6b1/2p1p1P1/1BNpP3/1B1P1P2/PPP1Q2P/R3K2R w KQ - 0 13,0.0,w
r1q1nb1r/pp1nkpp1/6bp/B1p1p1P1/2NpP3/1B1P1P2/PPP2Q1P/R3K2R w KQ - 0 15,0.0,w
r1q1nb2/pp1nkppr/6b1/2p1p3/2NpP3/1B1P1P2/PPPB1Q1P/R3K2R w KQ - 2 17,0.0,w
r1q1nb2/pp2kppr/5n2/2p1p3/2NpP3/1B1P4/PPPB1Q1P/R3K1R1 w Q - 1 19,0.0,w
r4b2/pp2kBpr/3n1n2/2p1N3/3pP3/3P3q/PPPB1Q1P/R3K1R1 w Q - 1 21,0.0,w
r1q2b2/pp2k1pr/5n2/2p1N3/3pn3/1B1P2R1/PPPB1Q1P/R3K3 w Q - 0 23,0.0,w
r1q2b2/pp1k2pr/6N1/2p5/3pn3/1B4R1/PPPB1Q1P/R3K3 w Q - 0 25,0.0,w
r1q2b2/pp4pr/1k4N1/2p5/3pQ3/1B4R1/PPPB3P/R3K3 w Q - 1 27,0.0,w
4rq2/pp4pQ/1k6/2p5/3p4/1B4R1/PPPB3P/R3K3 w Q - 1 29,0.0,w
4r3/pp4pQ/1k6/2p5/3p4/1B4R1/PPP4P/R2Kq3 w - - 0 31,0.0,w
2brr1k1/p3qppp/1p3nn1/2p5/8/1P2PQNP/P4PP1/1BR1R1K1 b - - 3 23,0.0,b
2brr1k1/p3qppp/1p3nB1/2p5/5Q2/1P2P1NP/P4PP1/2R1R1K1 b - - 0 25,0.0,b
2brr1k1/p4pp1/1p3np1/2p1q3/Q7/1P2P1NP/P4PP1/2R1R1K1 b - - 3 27,0.0,b
3rr1k1/Q2b1pp1/1p2qnp1/2p5/8/1P2PPNP/P5P1/2R1R1K1 b - - 0 29,0.0,b
3rr1k1/3b1pp1/1p1q2p1/2p5/4n3/QP2PP1P/P5P1/2R1R1K1 b - - 1 31,0.0,b
1q1rr1k1/3b1pp1/1p3np1/2p5/8/1P2PP1P/P4QP1/2R1R1K1 b - - 5 33,0.0,b
1q2r1k1/5pp1/1p3np1/2p2b2/8/1P2PP1P/P4QP1/3R2K1 b - - 0 35,0.0,b
4r1k1/2q2pp1/1p2bnp1/2p1P3/8/1P3P1P/P4QP1/3R2K1 b - - 0 37,0.0,b
4r1k1/5pp1/1p3np1/2p1q3/8/1P3P1P/2Q3P1/3R2K1 b - - 1 39,0.0,b
3R2k1/4rpp1/1p3np1/2p5/8/1P2qP1P/2Q3P1/5K2 b - - 5 41,0.0,b
4q1k1/5pp1/1p3np1/2p5/8/1P3P1P/2Q2KP1/8 b - - 1 43,0.0,b
6k1/5pp1/1p1q1np1/2p5/8/1P3P1P/2Q2KP1/8 b - - 5 45,0.0,b
6k1/5pp1/1p3np1/2p5/8/1P2qP1P/2Q3P1/5K2 b - - 9 47,0.0,b
5k2/5pp1/1p3np1/2p5/8/1q3P1P/6P1/4QK2 b - - 1 49,0.0,b
5k2/5pp1/1p3np1/2p5/3q4/5P1P/5QP1/6K1 b - - 5 51,0.0,b
5k2/5pp1/1p3np1/2p1q3/8/5PQP/6PK/8 b - - 9 53,0.0,b
5k2/5pp1/1p4p1/2pn4/8/5P1P/5KP1/8 b - - 2 55,0.0,b
8/4kpp1/1p4p1/3n4/2p5/5P1P/6P1/3K4 b - - 3 57,0.0,b
8/4kpp1/1p4p1/3n4/2p5/5PPP/3K4/8 b - - 2 59,0.0,b
8/3k1pp1/6p1/1p1n4/2p5/5PPP/2K5/8 b - - 1 61,0.0,b
8/3k1pp1/8/3n2p1/1pp5/5PPP/2K5/8 b - - 1 63,0.0,b
8/3k1pp1/8/3n2p1/7P/1ppK1PP1/8/8 b - - 0 65,0.0,b
8/3k1pp1/8/3n4/7P/1p3P2/2pK4/8 b - - 0 67,0.0,b
8/3k1pp1/8/7P/1n6/2K2P2/1pp5/8 b - - 1 69,0.0,b
8/3k1pp1/8/7P/Kn6/5P2/8/1qq5 b - - 1 71,0.0,b
8/3k1P2/8/8/K7/5P2/n7/1qq5 b - - 0 73,0.0,b
r4rk1/pp2b1np/2p1b1p1/3p1p2/6P1/1NP4P/PP6/R1BB1R1K b - - 2 23,0.0,b
5rk1/pp2b1np/2p1b1p1/3p4/6B1/1NP4P/PP6/R1B4K b - - 0 25,0.0,b
4r1k1/pp2b1np/2p3p1/3p4/6P1/1NP5/PP4K1/R1B5 b - - 2 27,0.0,b
4r1k1/pp4np/2p3p1/3pb3/6P1/1NP5/PP1B2K1/7R b - - 6 29,0.0,b
4r1k1/pp5p/2p1n1p1/3p4/6P1/1NP1B3/P5K1/7R b - - 0 31,0.0,b
4r1k1/pp5p/2p3p1/8/3B2P1/2P5/P5K1/7R b - - 0 33,0.0,b
6k1/pp5p/2p3p1/8/6P1/2P5/r4BK1/1R6 b - - 1 35,0.0,b
8/p4k1p/1Bp3p1/8/6P1/2P2K2/r7/1R6 b - - 0 37,0.0,b
8/1R3k1p/6p1/2p5/6P1/2P2K2/r7/8 b - - 1 39,0.0,b
6k1/1R5p/6p1/2p5/6P1/2P1K3/r7/8 b - - 5 42,0.0,b
6k1/7R/6p1/2p5/6r1/2P5/4K3/8 b - - 0 44,0.0,b
8/7k/6p1/2p5/2r5/2P1K3/8/8 b - - 3 46,0.0,b
8/7k/6p1/2p5/8/r7/2K5/8 b - - 3 48,0.0,b
6k1/8/8/2p3p1/8/r7/2K5/8 w - - 3 51,0.0,w
6k1/8/8/8/2p3p1/r7/4K3/8 w - - 0 53,0.0,w
6k1/8/8/8/8/r1p3p1/4K3/8 w - - 0 55,0.0,w
6k1/8/8/8/3K4/r1p5/8/6q1 w - - 0 57,0.0,w
6k1/8/4K3/8/8/r7/8/2r3q1 w - - 0 59,0.0,w
6k1/8/4K3/8/8/r7/8/2r3q1 w - - 4 61,0.0,w
6k1/8/4K3/8/8/4r3/8/r5q1 w - - 8 63,0.0,w
6k1/8/8/2K5/8/4r3/8/2r3q1 w - - 12 65,0.0,w
6k1/4r3/8/2r5/8/3K4/8/6q1 w - - 16 67,0.0,w
5rk1/pp1b2np/2pb2p1/P2p4/6P1/2P5/1P1N2K1/R1BB4 w - - 0 28,0.0,w
5rk1/p2b2np/P1pb2p1/3p4/1p4P1/1NP5/1P4K1/R1BB4 w - - 0 30,0.0,w
5rk1/p2b3p/P1pbn1p1/3p4/6P1/1NB5/1P4K1/R2B4 w - - 1 32,0.0,w
1r4k1/p2b3p/P1pb2p1/3p4/5nP1/1NB5/1PB3K1/5R2 w - - 5 34,0.0,w
5rk1/p2b3p/P1pb2p1/3p4/3N2P1/2B2K1n/1PB5/5R2 w - - 9 36,0.0,w
8/p2b1k1p/P1pb2p1/3p4/3N2P1/2B4n/1PB5/5K2 w - - 1 38,0.0,w
8/p2b1k1p/P2b2p1/2pp4/3N1nP1/2B5/1PB2K2/8 w - - 0 40,0.0,w
8/p4k1p/P2b2p1/2pp4/5n2/2B3K1/1PB1b3/8 w - - 0 42,0.0,w
8/p4k1p/b2b2p1/2pp4/B7/2Bn4/1P3K2/8 w - - 2 44,0.0,w
8/p4k1p/3b2p1/2pp4/B1b5/8/1B6/6K1 w - - 1 46,0.0,w
8/p4k1p/3b2p1/2pp4/B1b5/B7/5K2/8 w - - 5 48,0.0,w
8/p6p/3b1kp1/2pb4/8/B7/5K2/8 w - - 0 50,0.0,w
8/p6p/3bk1p1/2p5/4b3/B7/3K4/8 w - - 4 52,0.0,w
8/p6p/4k3/2p3p1/4bb2/8/1B2K3/8 w - - 0 54,0.0,w
8/p6p/8/2pk4/4bbp1/8/1B2K3/8 w - - 0 56,0.0,w
8/p6p/4k3/2p5/4bb2/2B3p1/4K3/8 w - - 0 58,0.0,w
8/p4k1p/8/2p5/4b3/6b1/4K3/8 w - - 0 60,0.0,w
8/p4k1p/8/3b4/2p5/6b1/2K5/8 w - - 0 62,0.0,w
8/p4k1p/8/3bb3/8/2p1K3/8/8 w - - 0 64,0.0,w
8/p4k1p/2b5/4b3/8/8/2p1K3/8 w - - 0 66,0.0,w
8/p4k1p/8/4b3/4b3/4K3/8/2q5 w - - 0 68,0.0,w
8/p4k1p/8/4bK2/8/4q3/8/8 w - - 3 70,0.0,w
8/p6p/4k3/4b3/6K1/4q3/8/8 b - - 7 73,0.0,b
2b2rk1/1p5p/2pb2p1/P2p2P1/2nB4/1NP5/4B3/R5K1 b - - 0 36,1.0,b
2b2rk1/1p5p/P1p3p1/3p2P1/2n5/1NP1B3/4B3/R5K1 b - - 0 38,1.0,b
Q4rk1/1p5p/2p3p1/3p1bP1/8/1NP1n3/4B3/R5K1 b - - 0 40,1.0,b
1R6/1p3k1p/2p3p1/3p1bP1/8/1NP1n3/4B3/6K1 b - - 2 42,1.0,b
4k3/1R6/2p3pP/3p1b2/8/1NP1n3/4B3/6K1 b - - 0 44,1.0,b
4k3/R6P/2p1b1p1/3p4/8/1NP1n3/4B3/6K1 b - - 0 46,1.0,b
4k1Q1/R7/2p3p1/8/3p4/1NP1n3/4B3/6K1 b - - 0 48,1.0,b
3rr1k1/pb3ppp/1p3n2/2p1q3/4P2n/PP1B2NP/4QPP1/2R1R1K1 w - - 1 26,0.0,w
3rr1k1/p4ppp/1pb2n2/2p5/2B1P2n/PPq3NP/4QPP1/3RR1K1 w - - 5 28,0.0,w
3r1k2/p4ppp/1pb2n2/2p5/2B1P2n/PPq3NP/4QPP1/1R4K1 w - - 2 30,0.0,w
3r1k2/p4ppp/1p3q2/2p5/2B4n/PP4NP/4QPb1/1R4K1 w - - 0 32,0.0,w
3r4/p3kppp/1p6/2p4N/2B4n/PP5P/5Pb1/1R4K1 w - - 0 34,0.0,w
3r1k2/p4pNp/1p6/2p5/2B5/PP3n1P/5Pb1/4R1K1 w - - 1 36,0.0,w
3r1k2/p4pNp/1p6/2p5/2B5/PP5P/2n2P2/5K2 w - - 2 38,0.0,w
3r4/p4k1p/1p6/2p2N2/8/nP5P/5P2/5K2 w - - 0 40,0.0,w
8/p6p/1p4k1/2p5/6N1/nP5P/5P2/3r1K2 w - - 4 42,0.0,w
8/p6p/1p6/2p1N2k/8/nP5P/4KP2/1r6 w - - 8 44,0.0,w
8/N6p/1p6/2p4k/8/n6r/4KP2/8 w - - 0 46,0.0,w
2N5/7p/8/1p5k/2p5/n4P1r/4K3/8 w - - 0 48,0.0,w
8/7p/8/1p1N3k/8/n4P1r/2p1K3/8 w - - 0 50,0.0,w
8/7p/7k/1p6/8/n2N1P2/2p1K2r/8 w - - 4 52,0.0,w
8/7p/7k/1p6/2nK4/3N1P2/2pr4/8 w - - 8 54,0.0,w
8/7p/7k/1p6/2n5/5r2/2K5/8 w - - 0 56,0.0,w
8/7p/7k/8/2n5/1p3r2/8/2K5 w - - 0 58,0.0,w
8/7p/7k/8/8/1p2n3/4K3/5r2 w - - 4 60,0.0,w
8/7p/7k/8/8/8/4K3/1q3r2 w - - 0 62,0.0,w
8/7p/6k1/8/1q1K4/8/8/5r2 w - - 4 64,0.0,w
8/7p/4K1k1/8/8/8/8/3rq3 w - - 8 66,0.0,w
5r1k/2p3b1/1p1p1npp/pPnPp3/P3Pq2/3P1P2/5RBP/3QR2K w - - 2 38,0.0,w
7k/2p2rb1/1p1p1npp/pPnPp3/P3P2q/3P1P2/4R1BP/3QR1K1 w - - 6 40,0.0,w
6k1/2p2rb1/1p1p1npp/pPnP4/P2QP2q/5P2/4R1BP/4R1K1 w - - 1 42,0.0,w
4n1k1/2p2rb1/1p1p2pp/pPnPP1q1/P2Q4/5P2/4R1BP/3R2K1 w - - 1 44,0.0,w
4n1k1/2p3b1/1p4pp/pPnPp1q1/P4r2/8/4RQBP/3R2K1 w - - 0 46,0.0,w
6k1/2p3b1/1p3npp/pPnPRrq1/P7/8/6BP/3RQ1K1 w - - 1 48,0.0,w
6k1/6b1/1p1p1np1/pPn2rqp/P7/8/4R1BP/3RQ1K1 w - - 0 50,0.0,w
6k1/8/1p3bp1/pP3rqp/n7/8/4R1BP/4Q1K1 w - - 0 52,0.0,w
4R3/6k1/1p4p1/pP3rqp/n2b4/7P/6B1/4Q1K1 w - - 1 54,0.0,w
8/6k1/1p4p1/pP2q2p/n2b4/7P/6BK/4Q3 w - - 0 56,0.0,w
8/6k1/1p4p1/pPn1b2p/8/7P/6B1/7K w - - 2 58,0.0,w
8/6k1/1p4p1/pP1Bb2p/5n2/7P/8/7K w - - 6 60,0.0,w
8/6k1/1p6/pP2b2p/5np1/7P/6B1/6K1 w - - 0 62,0.0,w
8/6k1/1p6/pP2b3/6p1/8/5Kn1/8 w - - 0 64,0.0,w
8/6k1/1p6/1P2b3/6p1/p7/5K2/8 w - - 0 66,0.0,w
8/6k1/1p6/1P2b3/6p1/8/5K2/q7 w - - 0 68,0.0,w
8/6k1/1p6/1P2b3/8/5Kp1/8/7q w - - 2 70,0.0,w
8/6k1/1p6/1P2bK2/8/8/8/6qq w - - 0 72,0.0,w
8/6k1/1p6/1P6/3q1K2/8/8/7q w - - 3 74,0.0,w
r4rk1/1pb1qppp/p1p2nb1/P1Pp1P2/1P1Bn3/3BP3/2Q3PP/RN3RK1 b - - 0 16,1.0,b
r4rk1/1pb2ppp/p1p2n2/P1Pp1P1b/1P1BQ3/4P3/6PP/RN3RK1 b - - 0 18,1.0,b
r3r1k1/1pb2ppp/p1p5/P1Pp1P1b/1P1Bn3/4P1P1/6KP/RN3R2 b - - 2 20,1.0,b
r5k1/1pb2ppp/p1p5/P1Pp1P1b/1P1Br3/4P1P1/3N2K1/R4R2 b - - 2 22,1.0,b
r3r1k1/1p3ppp/p1p2P2/P1Pp3b/1P1B4/4P1K1/3N4/R4R2 b - - 0 24,1.0,b
r3r1k1/1p3p1p/p1p2P2/P1Pp2p1/1P1B4/4P1K1/3Nb3/4R2R b - - 3 26,1.0,b
r5k1/1p3p1p/p1p1rP2/P1Pp2p1/1P1B2K1/3bPN2/8/4R2R b - - 7 28,1.0,b
r5k1/1p3p1p/p1p2P2/P1Pp2N1/1P1Br1p1/3bP1K1/8/4R2R b - - 1 30,1.0,b
4r1k1/1p3p1R/p1p2P2/P1Pp2N1/1P1B2p1/3bR1K1/8/8 b - - 0 32,1.0,b
6k1/1p3p1b/p1p2P2/P1Pp2N1/1P4K1/4B3/8/8 b - - 0 34,1.0,b
6k1/1p3p1b/p1p2P2/P1Pp2N1/1P1B4/6K1/8/8 b - - 4 36,1.0,b
5k2/1p3p2/p1p2P2/P1Pp1b2/1P6/4BNK1/8/8 w - - 8 39,1.0,w
6k1/1p3p2/p1p2P2/P1Pp4/1P2b3/4B1K1/4N3/8 w - - 12 41,1.0,w
8/1p3p2/p1p2Pk1/P1Pp4/1P1Bb1K1/8/4N3/8 w - - 16 43,1.0,w
8/1p3p1k/p1p2P2/P1PpB3/1P2bNK1/8/8/8 w - - 20 45,1.0,w
8/1p3p2/p1p2Pk1/P1Pp4/1P4K1/2BN4/8/7b w - - 24 47,1.0,w
8/1p3p2/p1N2k2/P1P5/1P1p2K1/2B5/8/7b w - - 0 49,1.0,w
8/1p3p2/p1b3k1/P1P2N2/1P4K1/2B5/8/8 w - - 3 51,1.0,w
8/5p1k/p1p5/P1P5/1P4K1/2B5/8/8 w - - 0 53,1.0,w
8/5p2/2p4k/PpP2K2/8/2B5/8/8 w - - 0 55,1.0,w
8/5p1k/P1p5/2P2K2/1B6/8/8/8 w - - 1 57,1.0,w
Q7/5p2/2p5/2P2K1k/1B6/8/8/8 w - - 1 59,1.0,w
8/5p2/2Q5/2P2K2/8/7k/3B4/8 w - - 3 61,1.0,w
8/5p2/2Q5/2P2K2/8/8/7k/4B3 w - - 7 63,1.0,w
8/8/2Q2K2/2P5/8/7k/5B2/8 w - - 1 65,1.0,w
8/8/5K2/2P5/4Q3/7k/5B2/8 w - - 5 67,1.0,w
8/8/5K2/2P5/4Q3/7k/5B2/8 w - - 9 69,1.0,w
8/2P5/5K2/8/4Q3/7k/5B2/8 w - - 1 71,1.0,w
3r2k1/pb3ppp/1p3n2/4q3/1PB1P2n/4Q1NP/1r3PP1/2R1R1K1 w - - 3 31,0.0,w
4r1k1/pb3ppp/1p3n2/8/1PBqP2n/Q5NP/1r3PP1/2R2RK1 w - - 7 33,0.0,w
5k2/1Q2rppp/1p3n2/8/1PBqP2n/6NP/1r3PP1/2R2RK1 w - - 1 35,0.0,w
4rk2/5ppp/1p3n2/4q3/1PB1P2n/6NP/1r3PP1/Q1R2RK1 w - - 5 37,0.0,w
4r3/5kpp/1p3n2/8/1P2P2n/6NP/1q3PP1/2R2RK1 w - - 0 39,0.0,w
4r3/5kpp/1p3n2/4q3/1P2P2n/6NP/5PP1/1R1R2K1 w - - 4 41,0.0,w
4r3/5kpp/1p6/8/1P2nq1n/6NP/6P1/2RR2K1 w - - 0 43,0.0,w
4r3/5kpp/1p6/8/1P2n3/5qNP/6P1/2R3K1 w - - 0 45,0.0,w
8/5kpp/1pR1r3/8/1P6/5PnP/8/6K1 w - - 2 47,0.0,w
8/2R3pp/1p2r1k1/8/1P6/5P1P/4nK2/8 w - - 6 49,0.0,w
8/6pp/1p2rk2/8/1P5R/5P1P/5K2/2n5 w - - 10 51,0.0,w
8/6pR/1p3k2/8/1P6/3n1PKP/4r3/8 w - - 3 53,0.0,w
8/6p1/5k2/1p2n3/1P1R4/5PKP/4r3/8 w - - 2 55,0.0,w
8/6p1/5k2/1R6/1P6/5PKP/1n2r3/8 w - - 1 57,0.0,w
8/2R3p1/4rk2/8/1P6/3n1PKP/8/8 w - - 5 59,0.0,w
8/6p1/4r1k1/1P2n3/8/2R2PKP/8/8 w - - 3 61,0.0,w
8/6p1/6r1/1P2nk2/8/5PKP/4R3/8 w - - 7 63,0.0,w
8/6p1/8/1r2nk2/8/4RP1P/5K2/8 w - - 0 65,0.0,w
2r5/6p1/8/4nk2/8/5PKP/8/4R3 w - - 4 67,0.0,w
7r/6p1/8/4nk2/8/5PKP/8/4R3 w - - 8 69,0.0,w
7r/6p1/6k1/8/5K2/3n1P1P/8/1R6 w - - 12 71,0.0,w
7r/6p1/6k1/8/5K2/3n1P1P/8/1R6 w - - 16 73,0.0,w
7r/6p1/6k1/4n3/5K2/5P1P/8/6R1 b - - 20 75,0.0,b
7r/6R1/5kn1/8/8/5PKP/8/8 b - - 2 77,0.0,b
8/6k1/6n1/8/8/5P1r/6K1/8 b - - 1 79,0.0,b
8/8/5k2/8/5n2/4KP1r/8/8 b - - 5 81,0.0,b
8/8/8/8/3k1n2/5P1r/8/4K3 b - - 9 83,0.0,b
8/8/8/8/3k1P2/3n4/7r/3K4 b - - 0 85,0.0,b
8/pp3pkp/5p2/3P4/1P2n3/P7/2B2PPP/6K1 b - - 0 27,1.0,b
8/pp3pkp/3P1p2/8/1P6/P7/2B1nPPP/5K2 b - - 2 29,1.0,b
8/pp1P1pkp/4np2/8/1P2B3/P7/5PPP/5K2 b - - 2 31,1.0,b
3n3k/pp1P1p1p/5p2/8/1P2B3/P4P2/4K1PP/8 b - - 2 33,1.0,b
3n4/1p1P1pkp/p4p2/8/1P2B3/P4P2/3K2PP/8 b - - 3 35,1.0,b
3n2k1/1p1P1p1p/p7/5B2/1P6/P4P2/6PP/2K5 b - - 0 37,1.0,b
3Q2k1/1p3p1p/p7/8/1P1nB3/P4P2/6PP/2K5 b - - 0 39,1.0,b
1r1q1rk1/1pp2pb1/3p1npp/pPn1p3/P5b1/R2PP1P1/1BPN1PBP/3QR1K1 w - - 1 14,0.0,w
1r1q1rk1/1ppn1pb1/3p1npp/pP2pb2/P2P4/R3PBP1/1BPN1P1P/3QR1K1 w - - 1 16,0.0,w
1r1q1rk1/1ppn1pb1/5npp/pP1p1b2/P1NPp3/R3P1P1/1BP1BP1P/3QR1K1 w - - 0 18,0.0,w
1r1qr1k1/1pp2pb1/1n3npp/pP1p1b2/P2Pp3/R1B1P1P1/2PNBP1P/3QR1K1 w - - 4 20,0.0,w
1r2r1k1/1ppq1pb1/5npp/BP1p1b2/n2Pp3/4P1P1/2PNBP1P/R2QR1K1 w - - 0 22,0.0,w
r3r1k1/1pp2pb1/4qnpp/BP1p1b2/R2Pp3/4P1P1/2PNBP1P/2Q1R1K1 w - - 3 24,0.0,w
r3r1k1/1pp2pb1/3q2pp/BP1p1b2/3Pp1n1/R3P3/2PNBP1P/2Q1R1K1 w - - 2 26,0.0,w
r5k1/1pp2pb1/3q2pp/BP1p4/3Pr1b1/R3P3/2P2P1P/2Q1R1K1 w - - 0 28,0.0,w
6k1/1pB2pb1/6pp/1P1p4/3Pr1b1/r3P3/2P2P1P/4R1K1 w - - 0 30,0.0,w
6k1/1pB2pb1/1P4pp/3p4/3P4/r3rb2/2P4P/4R1K1 w - - 0 32,0.0,w
6k1/1pB2p2/1P4pp/3p4/3b4/4rb2/2P2K1P/8 w - - 0 34,0.0,w
3B2k1/1p3p2/1P4pp/3p4/8/2r2bK1/2P4P/6b1 w - - 4 36,0.0,w
6k1/1p3p2/1P3Bpp/3p4/8/5K2/7r/6b1 w - - 0 38,0.0,w
6k1/1p3p2/1P4pp/3pBr2/8/4K3/8/6b1 b - - 4 40,0.0,b
6k1/1p3p2/1P4pp/5r2/3B4/4b3/8/8 b - - 0 43,0.0,b
r2q1rk1/ppnb1ppp/5n2/6B1/2P5/2N3Q1/PP3PPP/3R1BK1 b - - 2 17,0.0,b
r1q2r1k/ppnb1ppp/5B2/8/2P5/2N2Q2/PP3PPP/3R1BK1 b - - 0 19,0.0,b
r1q2r1k/ppn2ppp/5B2/3P4/8/5Q2/PP3PPP/3R1BK1 b - - 0 21,0.0,b
r1q2rk1/ppn2p1p/8/3P2Q1/8/8/PP3PPP/3R1BK1 b - - 2 23,0.0,b
r1q3rk/ppn2p1p/7Q/3P4/8/3B4/PP3PPP/3R2K1 b - - 6 25,0.0,b
r1q4k/ppn4p/6pQ/3P4/8/3R4/PP3PPP/6K1 b - - 1 27,0.0,b
5r1k/ppn4p/3P2p1/8/8/3R4/PP3PPP/6K1 b - - 0 29,0.0,b
5r2/pp4kp/n2P2p1/8/8/3R4/PP2KPPP/8 b - - 4 31,0.0,b
4r3/pp4kp/3P2p1/8/1n6/R7/PP3PPP/3K4 b - - 8 33,0.0,b
4r3/pp4kp/3P2p1/nR6/8/8/PP3PPP/3K4 b - - 12 35,0.0,b
8/pp4kp/3r2p1/R7/8/8/PP2KPPP/8 b - - 1 37,0.0,b
8/1p4kp/p5p1/3r4/8/4K3/PP3PPP/8 b - - 1 39,0.0,b
8/1p4kp/p5p1/7r/8/P4K2/1P3PPP/8 b - - 2 41,0.0,b
8/1p4kp/p5p1/5r2/P7/5K2/1P3PP1/8 w - - 2 44,0.0,w
8/1p3k1p/p5p1/5r2/P7/1P6/4KPP1/8 w - - 1 46,0.0,w
8/1p5p/p4kp1/4r3/P7/1P6/4KPP1/8 w - - 5 48,0.0,w
8/1p5p/p4kp1/8/P7/1P6/3K1Pr1/8 w - - 0 50,0.0,w
8/1p5p/p5p1/4k3/P7/1P2K3/5P2/6r1 w - - 4 52,0.0,w
8/1p5p/p5p1/4k3/Pr6/8/3K1P2/8 w - - 0 54,0.0,w
8/1p6/p5pp/P3k3/5r2/4K3/5P2/8 w - - 0 56,0.0,w
8/1p6/p5pp/r3k3/8/5P2/5K2/8 w - - 0 58,0.0,w
8/1p6/p5p1/4k2p/6K1/5P2/r7/8 w - - 0 60,0.0,w
8/1p6/p5p1/4k2p/7K/5P2/r7/8 w - - 4 62,0.0,w
8/1p6/p5p1/7p/4kP2/6K1/2r5/8 w - - 1 64,0.0,w
8/1p6/p5p1/8/5k1p/7K/2r5/8 w - - 0 67,0.0,w
8/1p6/p5p1/8/7K/5k2/2r5/8 b - - 3 70,0.0,b
8/1p6/5Kp1/8/p7/5k2/2r5/8 b - - 1 72,0.0,b
8/1p6/8/5K2/8/5k2/p1r5/8 b - - 1 74,0.0,b
8/5K2/1p6/8/8/5k2/2r5/q7 b - - 1 76,0.0,b
5K2/2r5/1p6/4q3/8/5k2/8/8 b - - 5 78,0.0,b
5K2/1r6/8/1p2q3/8/5k2/8/8 w - - 3 81,0.0,w
1q3K2/1r6/8/1p6/8/8/4k3/8 w - - 7 83,0.0,w
rnbqkb1r/pp3ppp/2p2n2/3pp3/2P5/3PP3/PPQ1BPPP/RNB1K2R b KQkq - 0 5,0.0,b
rn1qk2r/pp3ppp/2p1bn2/3pp3/1bP5/1Q1PP3/PP1NBPPP/R1B1K2R b KQkq - 4 7,0.0,b
rn5r/pp1k1ppp/1qp1bn2/3Pp3/1b6/1Q1PP3/PP1NBPPP/R1BK3R b - - 0 9,0.0,b
r6r/pp1k1ppp/1qn1bn2/3pp3/1b6/1Q1PPN2/PP1BBPPP/R2K3R b - - 3 11,0.0,b
r6r/pp1k1ppp/1qn1bn2/4p3/3p4/3PPN2/PP1QBPPP/R2K3R b - - 0 13,0.0,b
r6r/pp1k1ppp/2n1bn2/4p3/8/3PPN2/PP2B1PP/R2K3R b - - 0 15,0.0,b
r2r4/pp1k1ppp/2n2n2/3bp3/4P3/3P1N2/PP2B1PP/R2K1R2 b - - 0 17,0.0,b
r2r4/pp1k1ppp/2n5/4p3/4b3/5N2/PP2BRPP/R2K4 b - - 1 19,0.0,b
r2r4/pp2kppp/8/4p3/1n2b3/P7/1P1NBRPP/R2K4 b - - 0 21,0.0,b
r2r4/pp2kppp/8/4p3/8/P2b4/1P1N1RPP/2RK4 b - - 1 23,0.0,b
2r5/pp2kppp/8/4p3/8/P2b4/1P3RPP/3K1N2 b - - 1 25,0.0,b
8/ppr1kppp/8/7N/4p3/P2b4/1P3RPP/3K4 b - - 1 27,0.0,b
8/ppr1kppp/8/7N/8/P2b1R2/1P4PP/3q4 w - - 0 30,0.0,w
r1b2rk1/pp1nqppp/2pb1n2/3pp3/2P5/1P2P3/PBBPNPPP/2RQK2R w K - 8 9,0.0,w
r1b2rk1/pp1n1ppp/2p2n2/3Pp3/8/qP2P3/P1BPNPPP/2RQK2R w K - 0 11,0.0,w
r1b2rk1/p2n1ppn/2p5/4p3/8/qP2P3/P2PNPPP/2RQK2R w K - 0 13,0.0,w
r1b2rk1/p2n1pp1/2R5/4p1n1/8/1P2P3/q2PNPPP/2Q1K2R w K - 0 15,0.0,w
r1b2rk1/p2n1ppq/2R5/4p1n1/8/1PQ1P3/3P1PPP/2N1K2R w K - 4 17,0.0,w
r4r2/pb1n1ppk/2R5/4p1n1/8/1P2P3/3P1PPP/2N1K2R w K - 0 19,0.0,w
r4r2/p2R1ppk/8/4p1n1/8/1P2P3/3P1P1P/2N1K2b w - - 0 21,0.0,w
r4r2/p3Rppk/8/4p3/8/1P2P3/3PKP1n/2N4b w - - 0 23,0.0,w
r2r4/p4ppk/8/4R3/8/1P1KPb2/3P1P1n/2N5 w - - 3 25,0.0,w
r7/p4ppk/8/4R3/2K5/1P1NPb2/2r2P1n/8 w - - 2 27,0.0,w
8/p4ppk/8/1r6/1K6/1P1NPb2/2r2P1n/8 w - - 0 29,0.0,w
8/p1r2ppk/K7/8/8/1P1NP3/4bP1n/8 w - - 3 31,0.0,w
8/p1r2pp1/6k1/8/K4N2/1P2P3/4bP1n/8 b - - 7 33,0.0,b
8/p1r2pp1/8/5k2/K4N2/1P2P3/4bP1n/8 w - - 11 36,0.0,w
8/p1r2pp1/8/5k2/K2N4/1P2P3/5n2/8 b - - 1 38,0.0,b
8/pr3pp1/8/1P6/K2Nk3/4P3/5n2/8 b - - 0 40,0.0,b
8/pr3pN1/8/1P6/K7/3k4/5n2/8 w - - 0 43,0.0,w
8/p3Np2/1r6/1P6/K7/3k4/8/3n4 w - - 4 45,0.0,w
8/p4p2/2N5/Kr6/8/2nk4/8/8 w - - 0 47,0.0,w
8/K4p2/2r5/8/8/2nk4/8/8 w - - 0 49,0.0,w
8/3K1p2/4r3/8/8/2nk4/8/8 b - - 4 51,0.0,b
8/1K3p2/4r3/3n4/8/8/2k5/8 b - - 8 53,0.0,b
2K5/4rp2/8/3n4/8/3k4/8/8 b - - 12 55,0.0,b
K7/2r2p2/8/3n4/2k5/8/8/8 b - - 17 59,0.0,b
8/1Kr2p2/8/1k1n4/8/8/8/8 w - - 21 62,0.0,w
K7/2r2p2/1k6/3n4/8/8/8/8 b - - 25 64,0.0,b
5k2/p1rr1ppp/1p2bn2/1P2P3/7n/R4PNP/4B1P1/R5K1 b - - 0 38,1.0,b
5k2/p1rr2pp/1p2bP2/1P1n4/7n/R4PNP/4B1P1/1R4K1 b - - 0 40,1.0,b
8/p1rr1kpp/1p2bn2/1P6/7n/R4P1P/4B1P1/4RNK1 b - - 3 42,1.0,b
8/p1r1rkpp/1p3n2/1P6/7R/5P1b/4B1P1/4RNK1 b - - 0 44,1.0,b
8/p2bRkpp/1p3n2/1P6/2r4R/5P2/6P1/5NK1 b - - 0 46,1.0,b
8/p1R1k1pp/1p3n2/1b6/8/5P2/6P1/5NK1 b - - 1 48,1.0,b
8/R2n2pp/1p1k4/1b6/8/5P2/3N2P1/6K1 b - - 2 50,1.0,b
8/6Rp/1p6/1b1kn3/8/5P2/3N1KP1/8 b - - 0 52,1.0,b
8/6Rp/1p6/3k4/2N2P2/3b4/5KP1/8 b - - 0 54,1.0,b
8/7p/1p6/3k4/5P2/2Rb4/5KP1/8 w - - 3 57,1.0,w
8/7p/1p6/8/5k2/7R/5KP1/8 b - - 0 59,1.0,b
8/7p/1p4k1/8/8/1R6/4K1P1/8 b - - 4 61,1.0,b
8/6kp/2R5/8/8/8/4K1P1/8 b - - 2 63,1.0,b
8/6kp/1R6/8/8/4K3/6P1/8 b - - 6 65,1.0,b
5k2/1R5p/8/8/5K2/8/6P1/8 b - - 10 67,1.0,b
4k3/7R/7p/8/5K2/8/6P1/8 b - - 3 69,1.0,b
5k2/7R/8/7K/8/8/6P1/8 b - - 0 71,1.0,b
5k2/R7/8/6K1/8/8/6P1/8 b - - 4 73,1.0,b
3k4/R7/4K3/8/8/8/6P1/8 b - - 8 75,1.0,b
1k6/2R5/3K4/8/8/8/6P1/8 b - - 12 77,1.0,b
1k6/8/2R5/2K5/8/8/6P1/8 b - - 16 79,1.0,b
8/k7/8/1RK5/8/8/6P1/8 b - - 20 81,1.0,b
8/k7/8/1RK5/8/8/6P1/8 b - - 24 83,1.0,b
8/k7/1R6/2K5/8/6P1/8/8 b - - 0 85,1.0,b
8/k7/1R6/2K3P1/8/8/8/8 b - - 0 87,1.0,b
8/k5P1/1R6/2K5/8/8/8/8 b - - 0 89,1.0,b
8/k7/1R6/2K5/8/8/Q7/8 b - - 2 91,1.0,b
4rrk1/2p2qbn/1p1p2pp/pPnPpp2/P3P3/R2PBPPB/7P/3QR2K b - - 10 28,0.0,b
4rrk1/2p2qb1/1p1p2pp/pPnPp1n1/P3P3/R3BPP1/6BP/3QR2K b - - 0 30,0.0,b
4rrk1/2p2qb1/1p1p1npp/pP1Pp1n1/P3P3/R3BPP1/4R1BP/3Q2K1 b - - 4 32,0.0,b
4rrk1/2p2qb1/1p1p2pp/pP1Pp2n/P3P3/R3BBP1/7P/3QR1K1 b - - 0 34,0.0,b
4r1k1/2p3b1/1B1p2pp/pP1Pp2n/P3P3/R4rP1/7P/4R1K1 b - - 0 36,0.0,b
4r1k1/6b1/3B2pp/pP1Pp2n/r3P3/6P1/7P/4R1K1 b - - 0 38,0.0,b
6k1/3r2b1/6pp/pP1PB2n/r3P3/6P1/7P/4R1K1 b - - 0 40,0.0,b
6k1/3r4/5npp/pP1Pb3/r3P1P1/8/5K1P/4R3 b - - 2 42,0.0,b
6k1/3r4/6pp/pP1Pb3/r3P3/4K3/7n/4R3 b - - 1 44,0.0,b
6k1/3r4/6pp/pP1P4/4P3/r1b5/7n/3KR3 w - - 5 47,0.0,w
8/3r1k2/6pp/pP1P4/1b2P3/r3R3/2K4n/8 w - - 9 49,0.0,w
8/3r1k2/6pp/pP1P4/1b2P3/1K6/7n/8 w - - 2 51,0.0,w
8/1r3k2/1P4pp/p2P4/1bK1P1n1/8/8/8 w - - 3 53,0.0,w
8/3r1k2/1PK3pp/p2Pn3/1b2P3/8/8/8 w - - 7 55,0.0,w
8/3r1k2/1P4pp/p2Pn3/K3P3/4b3/8/8 w - - 11 57,0.0,w
8/5k2/1r4pp/3Pn3/1K2P3/4b3/8/8 w - - 0 59,0.0,w
8/5k2/7p/3Pn1p1/1r2P3/4b3/2K5/8 w - - 2 61,0.0,w
8/5k2/7p/3Pn3/4r1p1/4b3/4K3/8 w - - 0 63,0.0,w
8/5k2/7p/3Pn3/4rb2/6p1/8/5K2 w - - 2 65,0.0,w
8/5k2/3P4/4n3/4rb1p/6p1/6K1/8 w - - 0 67,0.0,w
8/3P1k2/8/4n3/5b2/6pK/8/4r3 w - - 1 69,0.0,w
3Q4/5k2/8/4n3/5b2/6p1/6Kr/8 w - - 3 71,0.0,w
3Q4/5k2/8/4n3/8/4b3/6pr/6K1 w - - 2 73,0.0,w
3Q4/5k2/8/4n3/8/7K/8/2b3q1 w - - 2 75,0.0,w
2Q5/8/5k2/4n3/8/7K/8/2b3q1 w - - 6 77,0.0,w
4Q3/8/5k2/4n3/8/7K/8/2b3q1 w - - 10 79,0.0,w
rnbqk1nr/pp3ppp/2pb4/3pp3/2P5/1P2PN2/PB1P1PPP/R2QKB1R b KQkq - 1 5,1.0,b
rn1qk2r/pp3ppp/2pb1n2/3pp3/2P3b1/1P1BPN1P/PB1P1PP1/R2QK2R b KQkq - 0 7,1.0,b
r2qk2r/pp3ppp/n1pb1n2/3Pp3/8/1P1BPP1P/PB1P1P2/R2QK2R b KQkq - 0 9,1.0,b
r2qk2r/pp3ppp/2pb4/3np3/1n5P/1P2PP2/PB1P1P2/RB1QK2R b KQkq - 0 11,1.0,b
r2q3r/pp2kppp/2pb4/4p3/1n2B2P/1P2PP2/PB3P2/R2QK2R b KQ - 0 13,1.0,b
rb5r/pp2kppp/2p5/4p3/1n2B2P/BP2PP2/P4P2/3RK2R b K - 0 15,1.0,b
r6r/pp2kppp/2pB4/4p3/4B2P/1P2PP2/n4P2/3RK1R1 b - - 0 17,1.0,b
r2r4/pp3p1R/2pBk3/4p3/4B2P/1P2PP2/n4P2/3RK3 b - - 0 19,1.0,b
r7/pp3R2/2pk4/4p3/4B2P/1P2PP2/n4P2/4K3 b - - 0 21,1.0,b
1r6/pp6/2p1k3/4pR2/4B2P/1P2PP2/n2K1P2/8 b - - 4 23,1.0,b
3r4/pp6/2p1k3/4pR2/1n2B2P/1PK1PP2/5P2/8 b - - 8 25,1.0,b
3r4/pp6/2p1kn2/4pR2/4B2P/1PK1PP2/5P2/8 b - - 12 27,1.0,b
7r/pp6/2p1k3/4pR1P/4P3/1PK1P3/5P2/8 b - - 0 29,1.0,b
8/pp1r4/2p1k3/4p1RP/4P3/1P2P3/2K2P2/8 b - - 4 31,1.0,b
8/pp1rk3/2p3RP/4p3/4P3/1P2P3/2K2P2/8 b - - 0 33,1.0,b
8/pp1r4/2p1k1RP/4p3/4P3/1P2P3/2K2P2/8 b - - 4 35,1.0,b
8/pp1R4/2p1k2P/4p3/4P3/1P2P3/2K2P2/8 b - - 0 37,1.0,b
4k2Q/pp6/2p5/4p3/4P3/1P2P3/2K2P2/8 b - - 0 39,1.0,b
8/p1Q2k2/1pp5/8/4P3/1P2P3/2K2P2/8 b - - 1 41,1.0,b
8/2Q5/1pp1k3/8/4P3/1P2P3/2K2P2/8 b - - 2 43,1.0,b
8/6k1/1Q6/8/4P3/1P2P3/2K2P2/8 b - - 0 45,1.0,b
6k1/8/5Q2/4P3/8/1P2P3/2K2P2/8 b - - 2 47,1.0,b
6k1/8/4PQ2/8/8/1P2P3/5P2/1K6 b - - 0 49,1.0,b
6k1/4P3/5Q2/8/8/1P2PP2/8/1K6 b - - 0 51,1.0,b
4N1k1/6Q1/8/8/8/1P2PP2/8/1K6 b - - 2 53,1.0,b
2b1r1k1/1p5p/2pb2p1/P7/2pB2P1/1NP5/6K1/R7 w - - 0 38,0.5,w
4r1k1/1p5p/2p3p1/P1B5/2p3b1/2P5/6K1/R7 w - - 0 40,0.5,w
4r1k1/Pp5p/2p3p1/2B5/2p5/2P4b/6K1/R7 w - - 1 42,0.5,w
r5k1/P6p/2p3p1/1pB5/2p5/2P4K/8/1R6 w - b6 0 44,0.5,w
r7/P6p/2p1k1p1/1p6/2p5/2P3K1/8/1R4B1 w - - 4 46,0.5,w
r7/P6p/2pk2p1/8/1pp5/2P3K1/5B2/4R3 w - - 0 48,0.5,w
r7/P6p/2p3p1/3k4/1P6/2p3K1/5B2/2R5 w - - 0 50,0.5,w
r7/P6p/2p3p1/3k4/1P6/6K1/5B2/2R5 w - - 3 52,0.5,w
r7/P6p/2p3p1/3k4/1P6/6K1/5B2/2R5 w - - 7 54,0.5,w
r7/P7/1Bpk2p1/2R4p/1P6/6K1/8/8 w - - 2 56,0.5,w
r7/P2k4/1Bp5/6pp/1PR5/6K1/8/8 w - - 0 58,0.5,w
5r2/P2k4/2p5/7p/1PRB2p1/6K1/8/8 w - - 2 60,0.5,w
5r2/P2k4/8/7p/1P1p2p1/3R2K1/8/8 b - - 1 62,0.5,b
r7/P3k3/8/3R3p/1P4p1/6K1/8/8 b - - 2 64,0.5,b
r7/4k3/8/5R2/1P4p1/6K1/8/8 b - - 2 66,0.5,b
2r5/8/4k3/8/1P3Rp1/6K1/8/8 w - - 6 69,0.5,w
6r1/8/8/1P1k4/5RK1/8/8/8 w - - 1 71,0.5,w
6r1/8/8/1Pk2R2/8/4K3/8/8 b - - 5 73,0.5,b
1r6/8/1P6/8/1k6/4K3/8/5R2 b - - 2 75,0.5,b
8/8/1R6/2k5/8/4K3/8/8 b - - 0 77,0.5,b
8/8/2k5/8/8/5K2/8/8 b - - 3 79,0.5,b
8/8/4k3/8/8/5K2/8/8 b - - 7 81,0.5,b
8/8/5k2/8/8/6K1/8/8 b - - 11 83,0.5,b
8/8/4k3/8/8/8/5K2/8 b - - 15 85,0.5,b
8/8/8/4k3/8/8/6K1/8 b - - 19 87,0.5,b
2b3k1/1p5p/2p3p1/P3r3/2pB2P1/2P5/6K1/R7 b - - 2 40,0.0,b
2b3k1/1p5p/2p3p1/P7/2pBr1P1/2P2K2/8/R7 b - - 6 42,0.0,b
2b5/1p3k1p/2p3p1/P7/2p3r1/2P1BK2/8/7R b - - 3 44,0.0,b
2b5/1p4k1/P1p3p1/7p/2p3r1/2P1BK2/8/1R6 b - - 0 46,0.0,b
2b5/6k1/p1R3p1/7p/2p4r/2P1BK2/8/8 b - - 0 48,0.0,b
8/1b6/p1R3pk/7p/2p4r/2P3K1/8/8 b - - 1 50,0.0,b
8/8/2b3pk/p6p/2p5/2P3K1/8/8 b - - 1 52,0.0,b
8/8/2b3pk/7p/2p5/p1P5/4K3/8 b - - 1 54,0.0,b
8/8/2b3pk/8/2pK3p/2P5/p7/8 b - - 1 56,0.0,b
8/8/2b3pk/8/8/1KP5/p6p/8 b - - 1 58,0.0,b
8/8/2b3pk/8/8/2PK4/8/q6q b - - 1 60,0.0,b
2rR2k1/ppn2p1p/5p2/8/2P5/2N5/PP3PPP/5BK1 b - - 0 21,0.0,b
3r2k1/pp3p1p/5p2/1P6/8/8/PP3PPP/5BK1 b - - 0 23,0.0,b
6k1/pp3p1p/5p2/1P6/8/1P3P2/r5PP/5BK1 b - - 0 25,0.0,b
6k1/pp3p1p/5p2/1P6/4B3/1P3P2/3r2PP/6K1 b - - 4 27,0.0,b
6k1/1p1r1p1p/1p3p2/8/4B3/1P3P2/5KPP/8 b - - 1 29,0.0,b
6k1/1r3p1p/1p3p2/8/8/1P3P2/4K1PP/8 w - - 1 32,0.0,w
8/2r2pkp/1p3p2/8/5P2/1P6/3K2PP/8 w - - 3 34,0.0,w
8/5pkp/1p3p2/2r2P2/8/1P1K4/6PP/8 w - - 1 36,0.0,w
8/5pkp/1p3p2/5P2/8/1r3K2/6PP/8 w - - 0 38,0.0,w
8/5pkp/1p3p2/5P2/8/3K4/6rP/8 w - - 0 40,0.0,w
8/5pkp/5p2/1p3P2/2K5/6rP/8/8 w - - 0 42,0.0,w
8/5pkp/5p2/5P1r/2K5/8/8/8 b - - 2 44,0.0,b
8/5pk1/5p2/5r1p/3K4/8/8/8 b - - 1 46,0.0,b
8/5pk1/5p2/5r2/3K4/7p/8/8 b - - 1 48,0.0,b
8/5pk1/5p2/5r2/8/8/2K5/7q b - - 1 50,0.0,b
8/5pk1/5p2/5r2/2K5/5q2/8/8 b - - 5 52,0.0,b
8/5pk1/5p2/3r4/K7/3q4/8/8 b - - 9 55,0.0,b
8/5pk1/5p2/3r4/K7/8/8/1q6 b - - 13 57,0.0,b
r4rk1/ppQb1ppp/5q2/8/2P5/2N5/PP3PPP/3R1BK1 b - - 0 18,1.0,b
r3r1k1/pQ1R1ppp/7q/8/2P5/2N5/PP3PPP/5BK1 b - - 0 20,1.0,b
3rr1k1/p2R1ppp/5q2/3Q4/2P1N3/8/PP3PPP/5BK1 b - - 4 22,1.0,b
3Q2k1/p4ppp/8/8/2P1r3/8/PP3PPP/5BK1 b - - 0 24,1.0,b
r1bq1rk1/ppn2pp1/4pn1p/2b3B1/2P5/2N3Q1/PP3PPP/R3RBK1 w - - 0 14,0.0,w
r1b2rk1/ppn2pp1/4pq1p/2b5/2P5/2N3Q1/PP3PPP/3RRBK1 w - - 0 16,0.0,w
r1b2rk1/ppn1qpp1/4p2p/8/2P5/6Q1/PP3NPP/3RRBK1 w - - 1 18,0.0,w
r1br2k1/ppn2pp1/4p2p/6q1/2P5/3N2Q1/PP2B1PP/3RR1K1 w - - 5 20,0.0,w
r1b3k1/ppQ2pp1/4p2p/8/2P5/4q3/PP2BNPP/3rR1K1 w - - 0 22,0.0,w
r1b3k1/pp3pp1/4p2p/8/2P2Q2/8/Pq3NPP/3R2K1 w - - 0 24,0.0,w
r1b3k1/pp3pp1/4p2p/8/2P2Q2/8/2q3PP/2NR2K1 w - - 2 26,0.0,w
r1bR4/pp3ppk/4p2p/8/2P2Q2/3N4/6PP/1q4K1 w - - 6 28,0.0,w
r1b5/pp3ppk/1q5p/4p3/2PR1Q2/8/6PP/2N3K1 w - - 0 30,0.0,w
r1b5/pp3pp1/1q4k1/4Q2p/2PR4/1N6/6PP/6K1 w - - 2 32,0.0,w
7r/pp3pp1/1q4k1/7p/2PR2b1/1N4QP/6P1/6K1 w - - 1 34,0.0,w
7r/pp3ppk/1q6/8/2PR2Q1/1N6/6P1/6K1 w - - 1 36,0.0,w
7Q/pp3pp1/6k1/8/2PR4/1q6/6P1/6K1 w - - 0 38,0.0,w
4Q3/pp4p1/3R1p2/6k1/2P5/1q6/6P1/6K1 w - - 2 40,0.0,w
3Q4/pp4p1/8/3R1p2/2P3k1/1q6/6P1/6K1 w - - 2 42,0.0,w
3Q4/pp4p1/6k1/5p2/2P4R/1q6/6P1/6K1 w - - 6 44,0.0,w
8/pp3kp1/8/5p2/2P4R/8/6PQ/3q2K1 w - - 10 46,0.0,w
8/pp3kp1/8/5p2/2P4R/8/6PQ/3q1K2 w - - 14 48,0.0,w
8/pp3kp1/8/5pq1/2P4R/5K2/6PQ/8 w - - 18 50,0.0,w
8/pp3kp1/8/5q2/2P5/5K2/6PQ/8 w - - 0 52,0.0,w
8/pp4p1/4k3/5Q2/2P5/4K3/6P1/8 b - - 0 54,0.0,b
8/pp4p1/8/4k3/2P3K1/8/6P1/8 b - - 3 56,0.0,b
8/pp4p1/6K1/8/2P5/4k3/6P1/8 b - - 7 58,0.0,b
8/pp6/5K2/8/2P5/8/6k1/8 b - - 1 60,0.0,b
8/pp6/4K3/2P5/4k3/8/8/8 b - - 2 62,0.0,b
8/8/2pK4/p7/4k3/8/8/8 b - - 1 64,0.0,b
8/2K5/2p5/3k4/p7/8/8/8 b - - 3 66,0.0,b
8/2K5/2p5/3k4/8/8/p7/8 b - - 1 68,0.0,b
8/2K5/2p5/3k4/8/8/8/1q6 b - - 3 70,0.0,b
3K4/7q/8/2pk4/8/8/8/8 w - - 3 73,0.0,w
3K4/7q/8/2pk4/8/8/8/8 b - - 7 75,0.0,b
3K4/7q/8/3k4/8/2p5/8/8 w - - 1 78,0.0,w
1K6/8/3k4/8/8/2p4q/8/8 w - - 5 80,0.0,w
1K6/8/1k6/8/8/2p4q/8/8 w - - 9 83,0.0,w
K7/2k5/8/8/8/2p4q/8/8 w - - 13 86,0.0,w
8/8/2k5/K7/8/2p4q/8/8 b - - 17 89,0.0,b
3q1r1k/2p2rbn/1p1p2pp/pPnPp3/P3p3/3P1PPB/7P/2BQRR1K w - - 0 34,1.0,w
5r1k/2p1qrb1/1p1p1npp/pPnPp3/P3P3/3PB1PB/7P/3QRR1K w - - 3 36,1.0,w
4qr1k/2p2rb1/1p2Bnpp/pPpPp3/P3P3/3P2P1/7P/3QRR1K w - - 2 38,1.0,w
4q2k/5rb1/1p1p1npp/pPp1p3/P3P3/3P2P1/7P/3QRR1K w - - 0 40,1.0,w
4qrk1/6b1/1p1p1npp/pPp1p3/P3P3/3P2P1/5RKP/3QR3 w - - 4 42,1.0,w
5rk1/3q2b1/1p1p1npp/pP2p3/P1p1P3/2QP2P1/5RKP/4R3 w - - 2 44,1.0,w
4nr1k/3q2b1/1p1p2pp/pP2p3/P3P3/3P2P1/5RKP/2Q1R3 w - - 3 46,1.0,w
4n2k/3q2b1/1p1p2pp/pP2p3/P3P3/3P2P1/6KP/2Q2R2 w - - 2 48,1.0,w
4n2k/6b1/1pq3pp/pP1pp3/P3P3/3P2PP/6K1/5R2 w - - 0 50,1.0,w
4n2k/6b1/1pP3pp/p3p3/P3P3/6PP/6K1/1R6 b - - 1 52,1.0,b
7k/2P3b1/1p4pp/p3p3/P3n3/6PP/6K1/3R4 b - - 0 54,1.0,b
8/6bk/1pQ3pp/p1n1p3/P7/6PP/6K1/3R4 b - - 2 56,1.0,b
8/6bk/6pp/p1Q5/P7/4p1PP/6K1/3R4 b - - 0 58,1.0,b
8/7k/6pp/p7/P2Q4/6PP/4p1K1/4R3 b - - 0 60,1.0,b
6k1/8/5Q1p/p5p1/P7/6PP/4R1K1/8 b - - 0 62,1.0,b
4R3/7k/8/p5Qp/P7/6PP/6K1/8 b - - 0 64,1.0,b
7k/4R1Q1/8/p7/P6p/6PP/6K1/8 b - - 3 66,1.0,b
3r2k1/pb3ppp/1p3n2/8/1PBrP2n/6NP/5PP1/2R1R1K1 w - - 0 32,1.0,w
3r2k1/pb3ppp/1p3n2/4P3/1PBr1n2/6NP/4RP2/2R3K1 w - - 2 34,1.0,w
6k1/pb3ppp/1p3n2/4P3/1PR2n2/6NP/R4P2/3r2K1 w - - 1 36,1.0,w
2R1n1k1/p4ppp/1p6/3bP3/1P3n2/6NP/R4P1K/3r4 w - - 5 38,1.0,w
3rr1k1/p2bqppp/1pp2nn1/5N2/8/1P2P2P/P1Q2PP1/1BRR2K1 b - - 7 21,0.0,b
3r2k1/p2brppp/1pp2nn1/4q3/2N5/1P2P2P/P1Q2PP1/1BRR2K1 b - - 11 23,0.0,b
3r2k1/p2brppp/2p2nn1/Np5q/1P6/4P2P/P1Q2PP1/1BRR2K1 b - - 1 25,0.0,b
3Rr1k1/p4ppp/2p1bnn1/Np5q/1P6/1Q2P2P/P4PP1/1BR3K1 b - - 0 27,0.0,b
6k1/p4ppp/2p1bnn1/Np5q/1P6/4P2P/PQ3PPK/1BRr4 b - - 3 29,0.0,b
6k1/p4ppp/2p1b1n1/Np6/1P4nq/4PK1P/PQ3PP1/1BRr4 b - - 7 31,0.0,b
6k1/p4ppp/2p1bn2/Np2K3/1P5q/4P2P/PQ3PP1/1BRr4 b - - 0 33,0.0,b
5rk1/pp1b3p/2pb2p1/P2p4/6P1/1NP1B2n/1P6/R2B3K b - - 7 31,1.0,b
5rk1/pp1b3p/2pb2p1/P2p4/6P1/1NP1B3/1P4K1/3R4 b - - 0 33,1.0,b
5rk1/pp5p/2pb2p1/P2p4/8/1NP1Bb2/1P1R4/6K1 b - - 3 35,1.0,b
5rk1/pp5p/2p3p1/P1b5/1P1N4/2P1Bb2/3R4/6K1 b - b3 0 37,1.0,b
5rk1/Bp5p/2p5/P5p1/1P6/2P2b2/3R4/6K1 b - - 0 39,1.0,b
5k2/1p5p/2p5/P1B2rp1/1P6/2P2b2/3R4/6K1 b - - 4 41,1.0,b
8/1p1R1rkp/2p5/P5p1/1P1B4/2P2b2/8/6K1 b - - 8 43,1.0,b
5k2/1r5p/P1p5/6p1/1P1B4/2P2b2/8/6K1 b - - 0 45,1.0,b
8/3r2kp/P1p5/2B3p1/1P6/2P2b2/5K2/8 b - - 4 47,1.0,b
8/P4rkp/2p5/2Bb2p1/1P6/2P5/8/4K3 b - - 2 49,1.0,b
Q7/6kp/2p1r3/2Bb2p1/1P6/2P5/5K2/8 b - - 2 51,1.0,b
Q7/6kp/2p5/2Bb2p1/1P4K1/2P2r2/8/8 b - - 6 53,1.0,b
Q7/5r1p/2p3k1/2Bb2p1/1P4K1/2P5/8/8 b - - 10 55,1.0,b
Q7/7p/2p3k1/2Bb2p1/1P6/2P2r2/7K/8 b - - 14 57,1.0,b
8/3Q3p/2p5/2Bb1kp1/1P6/2r5/7K/8 b - - 3 59,1.0,b
8/6Qp/2p3k1/3b2p1/1PrB4/8/7K/8 b - - 7 61,1.0,b
8/8/2p5/3b2p1/1PrB1k2/3Q4/7K/8 b - - 2 63,1.0,b
8/8/2p5/3b2p1/1Q1Bk3/8/7K/8 b - - 0 65,1.0,b
8/8/2p5/3b2p1/1Q1Bk1K1/8/8/8 b - - 4 67,1.0,b
8/8/2p2B2/6K1/1Q2k3/8/b7/8 b - - 2 69,1.0,b
8/8/2p2BK1/3k4/1Qb5/8/8/8 b - - 6 71,1.0,b
8/1Q4K1/2p2B2/3k1b2/8/8/8/8 b - - 10 73,1.0,b
2Q5/6K1/2pk4/8/3B4/8/8/8 b - - 2 75,1.0,b
8/8/4k1K1/2Q5/3B4/8/8/8 b - - 2 77,1.0,b
4k3/4Q3/5K2/8/3B4/8/8/8 b - - 6 79,1.0,b
8/pp1k1p2/3n1p1p/3P4/1P6/P2BK3/5PPP/8 w - - 6 32,0.5,w
8/pp3p2/1k1n1p1p/1P1P4/8/P3K3/4BPPP/8 w - - 3 34,0.5,w
8/pp3p2/3n1p1p/1P1k3B/5K2/P7/5PPP/8 b - - 0 36,0.5,b
8/pp3B2/3n1p1p/1P6/6K1/Pk6/5PPP/8 b - - 0 38,0.5,b
8/pp6/5K1p/1P4n1/8/Pk6/5PPP/8 b - - 0 40,0.5,b
8/pp6/6Kp/1P4n1/1k6/5P2/6PP/8 b - - 0 42,0.5,b
8/1p6/1p4Kp/8/1k6/5P2/7P/8 b - - 0 44,0.5,b
8/1p6/1p5K/8/3k1P2/8/7P/8 b - - 0 46,0.5,b
8/1p6/5P1K/8/1p1k4/8/7P/8 b - - 0 48,0.5,b
5Q2/1p6/7K/8/2k5/1p6/7P/8 b - - 0 50,0.5,b
8/1Q6/7K/8/3k4/8/1p5P/8 b - - 0 52,0.5,b
8/8/6K1/8/4Q3/8/1p1k3P/8 b - - 4 54,0.5,b
8/8/8/5K2/2Q5/8/1p5P/1k6 b - - 8 56,0.5,b
8/8/Q3K3/8/8/8/1p5P/1k6 b - - 12 58,0.5,b
8/8/4K3/8/8/1Q6/1p1k3P/8 b - - 16 60,0.5,b
8/8/4K3/8/2Q5/8/1p5P/1k6 b - - 20 62,0.5,b
8/8/4K3/8/8/8/1p5P/1k1Q4 b - - 24 64,0.5,b
8/8/4K3/8/8/8/1p2Q2P/k7 b - - 28 66,0.5,b
8/8/4K3/8/8/8/1q5P/k3Q3 b - - 3 68,0.5,b
8/8/8/3K4/8/2q5/k6P/8 b - - 1 70,0.5,b
8/8/8/3K4/8/8/k6q/8 b - - 1 72,0.5,b
8/8/8/3K4/5q2/1k6/8/8 b - - 5 74,0.5,b
8/2K5/8/8/1k1q4/8/8/8 b - - 9 76,0.5,b
8/1K6/3q4/8/1k6/8/8/8 b - - 13 78,0.5,b
8/1K6/3q4/2k5/8/8/8/8 b - - 17 80,0.5,b
8/3K4/8/2k5/8/8/8/q7 b - - 21 82,0.5,b
8/5K2/8/2k5/8/8/8/3q4 b - - 25 84,0.5,b
7K/8/4q3/2k5/8/8/8/8 b - - 29 86,0.5,b
8/5K2/8/2k5/8/8/3q4/8 b - - 33 88,0.5,b
7K/8/4q3/2k5/8/8/8/8 b - - 37 90,0.5,b
7K/4q3/8/8/3k4/8/8/8 b - - 41 92,0.5,b
8/7K/4q3/8/3k4/8/8/8 b - - 45 94,0.5,b
8/5K2/8/8/3k3q/8/8/8 b - - 49 96,0.5,b
8/5K2/8/4k3/8/8/8/7q b - - 53 98,0.5,b
8/3K4/8/4k3/8/8/8/1q6 b - - 57 100,0.5,b
8/1K6/8/q3k3/8/8/8/8 b - - 61 102,0.5,b
1K6/8/3k4/8/8/8/8/q7 b - - 65 104,0.5,b
K7/8/2k5/8/8/8/8/1q6 b - - 69 106,0.5,b
K7/8/2k5/8/8/8/8/1q6 b - - 73 108,0.5,b
K7/8/2k5/8/8/8/8/1q6 b - - 77 110,0.5,b
3r1k2/pb3p1p/1p3np1/1P6/2BrP2n/5PNP/6P1/2R1R1K1 w - - 0 34,0.5,w
3r1k2/pb1r1p1p/1p4p1/1P1nP3/2B4n/5P1P/4N1P1/2R1R1K1 w - - 1 36,0.5,w
3r1k2/p2r3p/1p2p1p1/1P1b4/7n/5P1P/4N1P1/2R1R1K1 w - - 0 38,0.5,w
3r4/p2r1k1p/1p2p1p1/1P1b4/5N1n/5P1P/5KP1/2RR4 b - - 4 40,0.5,b
3r4/p4k1p/1p2p3/1P1R2p1/7n/5P1P/5KP1/2R5 b - - 0 42,0.5,b
8/R6p/1p2p1k1/1P1r2p1/7n/5P1P/5KP1/8 b - - 0 44,0.5,b
8/R6p/1p2p1k1/1P4p1/7n/5P1P/6r1/5K2 b - - 1 46,0.5,b
8/4R2p/1p2p1k1/1P6/6Pn/5P2/7r/5K2 b - - 2 48,0.5,b
8/7p/1R6/1P4k1/6P1/5n2/7r/5K2 b - - 0 50,0.5,b
8/6R1/7p/1P6/6k1/5n2/7r/5K2 b - - 1 52,0.5,b
8/8/5R2/1P5p/5k2/5n2/7r/5K2 b - - 1 54,0.5,b
8/8/5R2/1P5p/5k2/5n2/7r/5K2 b - - 5 56,0.5,b
r1bq1rk1/ppn2ppp/4pn2/2b5/2P2B2/2N3Q1/PP3PPP/R3RBK1 b - - 3 13,0.0,b
r1bq1rk1/pp3ppp/4p3/2bP3n/5B2/2N2Q2/PP3PPP/R3RBK1 b - - 2 15,0.0,b
r1bq1rk1/pp3ppp/8/2bp4/5Q2/2NB4/PP3PPP/R3R1K1 b - - 1 17,0.0,b
r1b2rk1/pp3ppB/8/2bN4/5Q2/8/Pq3PPP/R3R1K1 b - - 0 19,0.0,b
r1b2rk1/pp3pp1/8/2bN4/7Q/8/Pq3PPP/3RR1K1 b - - 3 21,0.0,b
r1b2rk1/pp3pp1/8/3N4/8/8/P4KPP/3RR3 b - - 0 23,0.0,b
r1b4r/pp3ppk/8/8/5N2/8/P2R1KPP/4R3 b - - 4 25,0.0,b
1rb2r2/pp3ppk/8/8/5N2/8/P2R1KPP/4R3 b - - 8 27,0.0,b
1rb2r2/pp3ppk/8/4R3/5N2/6K1/P2R2PP/8 b - - 12 29,0.0,b
r1b2rk1/pp3pp1/8/7R/5N2/6K1/P3R1PP/8 b - - 16 31,0.0,b
r1br1k2/pp3pp1/8/8/5N2/6K1/PR2R1PP/8 b - - 20 33,0.0,b
r2r2k1/pp3pp1/8/5b2/5N2/6K1/P2RR1PP/8 b - - 24 35,0.0,b
3r2k1/pp3pp1/8/4Rb2/5N2/6K1/P5PP/8 b - - 1 37,0.0,b
3r1k2/pp3pp1/8/R7/5N2/P5K1/6PP/1b6 b - - 2 39,0.0,b
4Rk2/pp3pp1/8/8/5N2/P5K1/6PP/1b6 b - - 0 41,0.0,b
5k2/pp3pp1/8/8/5N2/P5K1/6PP/1b6 b - - 3 43,0.0,b
5k2/pp3p2/6p1/8/4b3/P3N1K1/6PP/8 b - - 3 45,0.0,b
8/pp2kp2/2b3p1/6K1/8/P3N3/6PP/8 b - - 7 47,0.0,b
8/pp3p2/2b3p1/4k1K1/6N1/P5P1/7P/8 b - - 2 49,0.0,b
8/pp2kp2/6p1/1b6/5KN1/P5P1/7P/8 w - - 6 52,0.0,w
8/pp2kp2/4b1p1/4K3/8/P5P1/5N1P/8 w - - 10 54,0.0,w
8/p3kp2/1p4p1/2N1Kb2/8/P5P1/7P/8 w - - 0 56,0.0,w
2b5/p3k3/1p1N1pp1/4K3/8/P5P1/7P/8 w - - 0 58,0.0,w
8/p3k3/1pKNb1p1/5p2/8/P5P1/7P/8 w - - 0 60,0.0,w
8/N3k3/1pK1b1p1/8/8/P4pP1/7P/8 w - - 0 62,0.0,w
8/8/1pNkb1p1/1K6/8/P5P1/5p1P/8 w - - 2 64,0.0,w
3N4/8/1K1kb1p1/8/8/P5P1/7P/6q1 w - - 2 66,0.0,w
8/1N1k4/4b1p1/1K6/8/P5P1/7q/8 w - - 2 68,0.0,w
8/8/3k2p1/1K6/5N2/P5P1/7q/8 b - - 1 70,0.0,b
8/8/K2k2N1/8/8/Pq6/8/8 b - - 2 72,0.0,b
2K5/8/3k2N1/8/1q6/8/8/8 b - - 3 74,0.0,b
r1bq1rk1/pp2ppbp/2n2np1/2p5/5P2/Q1pP1NP1/PP2P1BP/R1B2RK1 w - - 0 10,1.0,w
r3qrk1/pp1bppbp/2n2np1/2p5/5P2/2QP1NP1/PP2P1BP/R1B1R1K1 w - - 3 12,1.0,w
3rqrk1/pQ2ppbp/2n1bnp1/2p5/5P2/3P1NP1/PP2P1BP/R1B1R1K1 w - - 1 14,1.0,w
3rqrk1/pQ2pp1p/2n1bbp1/2B5/5Pn1/3P1NP1/PP2P1BP/R3R1K1 w - - 1 16,1.0,w
3rqrk1/pQ2pp1p/2n1bbp1/2B5/5PP1/3P1NP1/PP2P1B1/R3R1K1 w - - 1 18,1.0,w
4qr1k/pQ2pp1p/2n1Pbp1/2Br4/6P1/3P1NP1/PP2P1B1/R3R1K1 w - - 1 20,1.0,w
4qr1k/n3p2p/4pbp1/3Q4/6P1/3P1NP1/PP2P1B1/R3R1K1 w - - 0 22,1.0,w
4qr1k/n3p1bp/4Q1p1/8/6P1/3P1NP1/P3P1B1/1R2R1K1 w - - 2 24,1.0,w
4q2k/n3p2p/4Q1p1/6P1/3b4/3P1PP1/P5B1/1R2R1K1 w - - 1 26,1.0,w
4q1k1/n3Q2p/6p1/6P1/3b4/3P1PP1/P5BK/1R2R3 w - - 1 28,1.0,w
4k3/p4p2/1p1n1p1p/1P1P4/3K1PPP/P2B4/8/8 b - - 0 36,1.0,b
4n3/p2k1p2/1p3p1p/1P1P2P1/5P1P/P1KB4/8/8 b - - 0 38,1.0,b
8/p1n2p2/1p1k1p1P/1P6/5P1P/P1KB4/8/8 b - - 0 40,1.0,b
8/p4p1P/1p1k4/1P1n1p2/3K1P1P/P2B4/8/8 b - - 0 42,1.0,b
8/p4p2/1p1k1Q2/1P3p2/3K3P/P2n4/8/8 b - - 1 44,1.0,b
8/p2k1Q2/1p6/1P3p2/7P/P2K4/8/8 b - - 0 46,1.0,b
8/8/1Q1k4/1P6/5p1P/P2K4/8/8 b - - 0 48,1.0,b
8/8/2Q1k3/1P6/5p1P/P2K4/8/8 b - - 4 50,1.0,b
8/1P6/2Q5/8/5pkP/P2K4/8/8 b - - 0 52,1.0,b
8/1P6/6Q1/8/P4p1k/3K4/8/8 b - - 0 54,1.0,b
1Q6/8/6Q1/P7/8/3K1p1k/8/8 b - - 0 56,1.0,b
r1bqkb1r/pp1npppp/8/2pn4/8/8/PPPP1PPP/RNBQRBK1 w kq - 0 7,1.0,w
r1bqkb1r/pp2pppp/8/2pn4/8/8/PPPP1PPP/RNBQR1K1 w kq - 0 9,1.0,w
r1bq1b1r/pp1kpppp/5n2/2p5/8/2N2Q2/PPPP1PPP/R1B1R1K1 w - - 4 11,1.0,w
r1bq1b1r/pp2pppp/2k5/2pN4/8/3Q4/PPPP1PPP/R1B1R1K1 w - - 1 13,1.0,w
rkbq1b1r/pp2pppp/8/2pN4/8/3Q4/PPPP1PPP/R1B1R1K1 w - - 5 15,1.0,w
rkbq3r/pp3ppp/3b4/2pNQ3/8/8/PPPP1PPP/R1B1R1K1 w - - 1 17,1.0,w
rkb4r/ppq2p1p/8/2pNQ3/8/8/PPPP1PPP/R1B1R1K1 w - - 1 19,1.0,w
r2qkb1r/pp2pp1p/2n2np1/2pp4/5Pb1/2PP1NP1/PP2P1BP/R1BQK2R w KQkq - 2 7,1.0,w
r3qb1r/pp1kpp1p/2n2np1/2Bp4/5Pb1/2PP1NP1/PP2P1BP/R2QK2R w KQ - 1 9,1.0,w
r3qb1r/ppk1pp1p/2n3p1/2Bp4/5Pn1/2PP2P1/PP2P1BP/R2QK2R w KQ - 0 11,1.0,w
2r1qb1r/ppk1pp1p/2n2np1/2Bp4/Q4PP1/2PP4/PP2P1BP/R3K2R w KQ - 1 13,1.0,w
2rnqb1r/ppknpp1p/6p1/3p2P1/Q4P2/2PP4/PP2PBBP/R3K2R w KQ - 3 15,1.0,w
2r1qb1Q/ppknpp1p/4n1p1/6P1/3p1P2/2PP4/PP2PBBP/R3K2R w KQ - 0 17,1.0,w
4r3/ppknppbp/4n1p1/6P1/3B1P2/2PP4/PP2P1BP/R3K2R w KQ - 0 19,1.0,w
4r3/Bpknpp1p/6p1/6P1/5n2/2PP4/P3P1BP/R3K2R w KQ - 0 21,1.0,w
4r3/1pk1pp1p/4n1p1/4n1P1/4B3/2PPB3/P3P2P/R3K2R w KQ - 4 23,1.0,w
1r6/1p1kpp1p/4n1p1/4n1P1/4B3/2PPB3/P3P2P/1R3RK1 w - - 8 25,1.0,w
8/Br1kpp1p/4n1p1/6P1/6n1/2PP4/P3P2P/1R3RK1 w - - 0 27,1.0,w
8/B3pp1p/2k1n1p1/6P1/1R6/2PP4/P3P2n/5RK1 w - - 0 29,1.0,w
8/B3R2p/2k3p1/8/1R6/2PP1n2/P3P2n/6K1 w - - 1 31,1.0,w
8/B3R2p/2k3p1/8/1R6/2Pn4/P3P2K/8 w - - 0 33,1.0,w
8/B3R3/1R4pp/3k4/8/2PP4/P6K/8 w - - 2 35,1.0,w
r3r1k1/p2b1ppp/1p1q1n2/2p1n3/3N4/1P2P2P/P1Q2PP1/1BRR2K1 w - - 0 19,0.0,w
r3r1k1/p4ppp/1pq2n2/2p1n3/8/1P2P1Nb/P1Q2PP1/1BRR2K1 w - - 0 21,0.0,w
2r1r1k1/p4ppp/1pq2n2/2p5/8/1P2PnNP/P1Q2P2/1BRR1K2 w - - 3 23,0.0,w
2r1r1k1/p4ppp/1p3n2/2p3Q1/7n/1P2P1NP/P4Pq1/1BRR1K2 w - - 7 25,0.0,w
3rr1k1/p4ppp/1p3n2/2p3Q1/7n/1P1KPqNP/P4P2/1BRR4 w - - 11 27,0.0,w
4r1k1/p4ppp/1p3n2/2p3Q1/7n/1PK1P1NP/P4P2/1B1q4 w - - 0 29,0.0,w
4r1k1/p4ppn/1p6/2p5/7Q/1PK1P1NP/P4P2/2q5 w - - 1 31,0.0,w
4r1k1/p4ppn/1p6/2p5/7Q/1P2P1NP/Pq1K1P2/8 w - - 5 33,0.0,w
4r1k1/p4ppn/1p6/2p5/6Q1/1P1Kq1NP/P7/8 w - - 0 35,0.0,w
6k1/p4ppn/1p6/2p5/6Q1/1P5P/P1K1rq2/8 w - - 0 37,0.0,w
6k1/p4pp1/1p3n2/2p5/2K3Q1/1P2q2P/P3r3/8 w - - 4 39,0.0,w
4n1k1/p4pp1/1pQ5/2p5/2K5/1P4qP/P3r3/8 b - - 9 41,0.0,b
4n3/p4ppk/1pQ5/2p5/4K3/1P4qP/P1r5/8 w - - 13 44,0.0,w
4r3/p4ppk/1p6/2pK4/8/1P4qP/P7/8 w - - 0 46,0.0,w
8/p3rppk/1p6/1Kp5/8/1P5q/P7/8 w - - 2 48,0.0,w
8/4rppk/pp2q3/2pK4/8/1P6/P7/8 w - - 2 50,0.0,w
r3rnk1/pp1bb1np/2p1p1p1/3p1P2/6P1/2P5/PPBN3P/R1B2R1K w - - 0 20,0.5,w
r3rnk1/pp1b3p/2pbpPp1/3p1n2/6P1/2P5/PPBN2KP/R1B2R2 w - - 3 22,0.5,w
r3rn2/pp1b1k1p/2pb1Pp1/3p1p2/8/P1P5/1PBN2KP/R1B2R2 w - - 1 24,0.5,w
r4n2/pp1b1k1p/2pb1Pp1/3p1p2/8/P1P2N2/1PB2rKP/R1B5 w - - 0 26,0.5,w
r7/p2b1k1p/1ppbnPp1/3p1p2/8/P1P1BN2/1PB2K1P/R7 w - - 0 28,0.5,w
4r3/p2b3p/1ppbnkp1/3p1p2/B7/P1P1BN2/1P3K1P/3R4 w - - 0 30,0.5,w
1r6/p2B3p/1p1bnkp1/3p1p2/8/P1P1BN2/1P3K1P/8 w - - 1 32,0.5,w
1r6/p3k2p/1p1b2p1/3p1pN1/8/P1P1B3/1P3K1P/8 w - - 2 34,0.5,w
8/p3k2N/1r4p1/3p1p2/8/P1P5/1P3K1b/8 w - - 0 36,0.5,w
8/p3k2N/6p1/3pbp2/8/P1PK4/1r6/8 w - - 0 38,0.5,w
8/p3k2N/6p1/3p1p2/5K2/Prb5/8/8 w - - 2 40,0.5,w
8/p3k2N/6p1/3p1p2/r7/2b2K2/8/8 w - - 0 42,0.5,w
8/p3k2N/6p1/3p1p2/4r3/2b5/4K3/8 w - - 4 44,0.5,w
8/p3k3/6p1/5pN1/3p4/2bKr3/8/8 w - - 2 46,0.5,w
8/p3k3/6p1/3K2N1/5p2/2bpr3/8/8 w - - 0 48,0.5,w
8/p3k3/6p1/3K4/5p2/4r3/3b4/8 w - - 0 50,0.5,w
8/p3k3/6p1/1K6/8/4r3/3b1p2/8 w - - 0 52,0.5,w
8/p3k3/6p1/8/8/1K6/3b4/4rq2 w - - 0 54,0.5,w
8/p3k3/8/8/6p1/1K6/3b4/4rq2 w - - 0 56,0.5,w
8/p3k3/8/8/6p1/1K6/3b4/4rq2 w - - 4 59,0.5,w
8/p3k3/8/8/6p1/3K4/3b4/4rq2 w - - 8 61,0.5,w
r1bq1rk1/ppn1bppp/4pn2/2P5/2P5/2N2Q2/PP3PPP/R1B1RBK1 w - - 1 12,1.0,w
r2q1rk1/p1n1bppp/bpP1pn2/8/2P5/P1N2Q2/1P3PPP/R1B1RBK1 w - - 1 14,1.0,w
r2q1rk1/p1n1bp2/bpP1pp1p/8/2P5/P1N2Q2/1P3PPP/R3RBK1 w - - 0 16,1.0,w
r1q1r1k1/p1n1bp2/bpP1pp1p/8/2P5/P1N2Q2/1P3PPP/3RRB1K w - - 4 18,1.0,w
r3r1k1/p1n1bp2/bpP1qp1p/4p2Q/2P5/P1N5/1P2BPPP/3RR2K w - - 2 20,1.0,w
r3r1k1/pqnBbp2/bp3p1p/4p2Q/2P5/P1N5/1P3PPP/3RR2K w - - 2 22,1.0,w
4r1k1/pqn1bp2/1p3p1Q/4p3/2b5/P1N5/1P3PPP/3RR2K w - - 0 24,1.0,w
4r1k1/pqnR1pb1/1p3p2/4p3/2b4Q/P1N5/1P3PPP/4R2K w - - 4 26,1.0,w
6k1/p1qR1pb1/1p2rp2/4p3/8/P1N5/1P3PPP/4R2K w - - 0 28,1.0,w
6k1/2R2pb1/pp2r3/4pp2/4N3/P7/1P3PPP/4R2K w - - 0 30,1.0,w
5bk1/5p2/ppR5/4ppN1/8/P7/1P3PPP/4R2K w - - 1 32,1.0,w
8/4bpk1/pR6/4pp2/8/P6N/1P3PPP/4R2K w - - 3 34,1.0,w
8/5pk1/R4b2/5p2/4p3/P6N/1P2RPPP/7K w - - 2 36,1.0,w
8/5pk1/R4b2/5p2/4p3/PP5N/4RPPP/6K1 w - - 3 38,1.0,w
8/5pk1/2R2b2/5p2/P3p3/1P5N/4RPPP/6K1 w - - 1 40,1.0,w
8/5p2/8/P3kp2/4p3/1P5N/4RPPP/6K1 w - - 1 42,1.0,w
8/5p2/P4k2/8/4pp2/1P5N/4RPPP/5K2 w - - 0 44,1.0,w
8/5pk1/P7/8/4R3/1P3P1N/5P1P/5K2 w - - 1 46,1.0,w
Q7/5pk1/8/8/4R3/1P3P1N/5P1P/5K2 w - - 1 48,1.0,w
8/8/4Rpk1/8/8/1P3P1N/5P1P/Q4K2 w - - 2 50,1.0,w
r4rk1/ppb1qppp/2p2nb1/2Pp1P2/PP1Bn3/3BP3/2Q3PP/RN3RK1 b - - 0 15,0.0,b
r4rk1/ppb1qppp/2p2n2/2Pp1P1b/PP1B4/3BP3/3Q2PP/R4RK1 b - - 0 17,0.0,b
r3r1k1/pp2qppp/2p2n2/2PpbP1b/PP1B4/3BP2P/3Q2P1/4RRK1 b - - 2 19,0.0,b
3rr1k1/pp2qppp/2p2n2/2Pp1P1b/PP1Q4/3BP2P/6P1/4RRK1 b - - 0 21,0.0,b
4r1k1/ppqr1ppp/2p2n2/2Pp1P1b/PP1Q3P/3BP3/5RP1/4R1K1 b - - 2 23,0.0,b
6k1/pp1r1ppp/2p2n2/2Pp1P1b/PP2r2P/4P1q1/1Q2BRP1/4R1K1 b - - 6 25,0.0,b
6k1/pp1r1ppp/2p5/2Pp1P1b/PP2n2P/4Q1q1/4BRP1/4R1K1 b - - 0 27,0.0,b
6k1/pp1r1ppp/2p5/2Pp1P1B/PP2n2P/8/5qP1/4R2K b - - 0 29,0.0,b
6k1/pp1r1ppp/2p5/2Pp1P1B/PP2n2q/8/6P1/6K1 b - - 1 31,0.0,b
6k1/pp1r1p1p/2p2p2/1PPp3q/P3n3/8/6P1/6K1 b - - 0 33,0.0,b
6k1/pp1r1p1p/1Pp2p2/2Pp4/q3n3/8/6PK/8 b - - 0 35,0.0,b
6k1/1p1r1p1p/pPp2p2/2Pp4/4n3/8/6PK/q7 b - - 3 37,0.0,b
6k1/1p1r1p1p/pPp2p2/2Pp4/4n1P1/7K/5q2/8 b - - 2 39,0.0,b
r3rnk1/pp2bppp/2p1bn2/3p3Q/4PP2/2P5/PPBN2PP/R1B2R1K b - - 0 15,0.0,b
r3rnk1/pp1bbppp/2p5/3pPP1n/8/2P5/PPBN2PP/R1B2R1K b - - 0 17,0.0,b
r1b1rnk1/pp2bp1p/2p2p2/3pP2n/8/2P5/PP1N2PP/R1BB1R1K b - - 1 19,0.0,b
r3rnk1/pp2bp1p/2p1b3/3pp2B/8/P1P5/1P1N2PP/R1B2R1K b - - 0 21,0.0,b
r3r3/pp1nbpkp/2p1b3/3pp2B/8/P1P5/1P1N2PP/1RB2RK1 b - - 4 23,0.0,b
r3r3/pp1n1pkp/2p1b3/3pp2B/8/P1P5/1P1N1KPP/1RB5 b - - 0 25,0.0,b
r3r3/pp1n1pkp/2p1b3/8/3p4/P7/1P1N1KPP/1RBB4 b - - 1 27,0.0,b
r3r3/pp1n1p1p/2p1b1k1/8/8/PB1p2P1/1P1N1K1P/1RB5 b - - 2 29,0.0,b
r7/pp1n1p1p/2p3k1/8/8/PN1p1KP1/1P2r2P/1RB5 b - - 2 31,0.0,b
r7/pp3p1p/2p3k1/4n3/4K3/PN1pB1P1/1P5r/1R6 b - - 3 33,0.0,b
4r3/Bp3p1p/2p3k1/4n3/5K2/PN1p2P1/1P2r3/1R6 b - - 2 35,0.0,b
8/1p3p1p/2p1r1k1/8/2nB1K2/PN1p2P1/1P2r3/1R6 b - - 6 37,0.0,b
8/1p3p1p/2p3k1/4B3/4r3/PN1p1KP1/1P2r3/1R6 b - - 0 39,0.0,b
8/5p1p/1pp3k1/4r3/8/PN1p1KP1/1P1Rr3/8 b - - 1 41,0.0,b
8/5p1p/1pp3k1/5r2/4r3/PN1p2PK/1P1R4/8 b - - 5 43,0.0,b
8/5p1p/1pp3k1/7r/8/PN1p1KP1/1P1Rr3/8 b - - 9 45,0.0,b
8/5p1p/1pp3k1/5r2/8/PN1pr1PK/1P1R4/8 b - - 13 47,0.0,b
8/5p1p/1pp3k1/7r/6K1/PN1pr1P1/1P4R1/8 b - - 17 49,0.0,b
4r3/5p1p/1pp3k1/1r6/3N1K2/P2p2P1/1P4R1/8 b - - 21 51,0.0,b
4r3/5p1p/1pN3k1/5r2/6K1/P2p2P1/1P4R1/8 b - - 2 53,0.0,b
3br1k1/1p3pp1/p1p1rn2/P1Pp1P2/1P5P/3RPB2/5KR1/8 b - - 0 38,0.0,b
3br1k1/1p3pp1/p1p2n2/P1Pp1r2/1P5P/3RPB2/4K3/6R1 b - - 1 40,0.0,b
3br1k1/1p3pp1/p1p2n2/P1Pp1r2/1P1R3P/4PB2/5K2/6R1 b - - 5 42,0.0,b
4r1k1/1pb2p2/p1p2np1/P1Pp1r2/1P1R3P/4P3/4K1B1/6R1 b - - 3 44,0.0,b
4r1k1/1p3p2/p1p3p1/P1Pp1r2/1P1RBb1P/8/4K3/6R1 b - - 0 46,0.0,b
4r2k/1p1R1p2/p1p3p1/P1P2r2/1P2pbRP/8/4K3/8 b - - 3 48,0.0,b
1r5k/1pb2p2/p1p3p1/P1P2r2/1P2R1RP/8/4K3/8 b - - 0 50,0.0,b
4R2k/1pbr1p2/p1p3p1/P1P2r2/1P5P/8/4K3/6R1 b - - 4 52,0.0,b
8/1pbr1p2/p1p2kp1/P1P2r1P/1P2R3/8/4K3/6R1 b - - 0 54,0.0,b
8/1pbr1p2/p1p2kp1/P1P2r2/1P2R3/8/4K3/6R1 b - - 3 56,0.0,b
8/1pbr1p2/p1p3p1/P1P1k3/1P6/8/4K3/4R3 b - - 1 58,0.0,b
8/1pbr1p2/p1p3p1/P1P2k2/1P6/8/5K2/5R2 b - - 5 60,0.0,b
8/1pb2p2/p1p3p1/P1P1rk2/1P6/8/6K1/5R2 b - - 9 62,0.0,b
8/1pb1kp2/p1p3p1/P1P1r3/1P6/8/5K2/3R4 b - - 13 64,0.0,b
8/1pb1kp2/p1p3p1/P1P1r3/1P6/5K2/8/3R4 b - - 17 66,0.0,b
8/1pb2p2/p1p2kp1/P1P2r2/1P6/8/6K1/3R4 b - - 21 68,0.0,b
8/1pb2p2/p1p2kp1/P1Pr4/1P6/5K2/8/6R1 b - - 25 70,0.0,b
8/1pb2p2/p1p2kp1/P1P1r3/1P6/8/3K4/6R1 b - - 29 72,0.0,b
8/1pb1kp2/p1p3p1/P1Pr4/1P6/8/2K5/4R3 b - - 33 74,0.0,b
8/1pb1kp2/p1p5/P1P3p1/1P6/8/1K6/4r3 w - - 0 77,0.0,w
8/1p2kp2/p1p5/P1P1b1p1/1P6/2K5/8/1r6 w - - 4 79,0.0,w
8/1p2kp2/p1p5/P1P1b3/1P6/3K2p1/8/1r6 w - - 0 81,0.0,w
8/1p2kp2/P1p5/1pP1b3/8/3K2p1/1r6/8 w - - 1 83,0.0,w
1b6/4kp2/2p5/1pP5/8/3K4/1r4p1/8 w - - 0 85,0.0,w
8/4kp2/2p5/1pP1b3/8/3K4/1r6/6p1 b - - 0 87,0.0,b
1r1qr1k1/1ppn1pb1/3pbnpp/pP2p3/P3P3/R2P2P1/1BPN1PBP/Q1R3K1 w - - 1 17,0.0,w
1rq1r1k1/1pp2pb1/3pbnpp/pPn1p3/P3P3/R1PP2P1/1B1N1PBP/1QR3K1 w - - 3 19,0.0,w
r1q3k1/1pp1rpb1/3pbnpp/pPn1p3/P1P1P3/R2P1PP1/1B1N2BP/1QR3K1 w - - 1 21,0.0,w
r3q1k1/1pp1rpb1/3pbnpp/pP2p3/P1P1P3/1R1P1PP1/1B4BP/1QR3K1 w - - 1 23,0.0,w
3rq1k1/1pp1rpb1/3pbnp1/pP2p2p/P1P1P3/1R1P1PP1/1BR2KBP/1Q6 w - - 0 25,0.0,w
r3q1k1/1pp1rpb1/3p1np1/pP2p2p/P1R1P3/1R1P1PP1/1B3KBP/2Q5 w - - 1 27,0.0,w
r3q1k1/1pQ2pb1/3p2p1/pP2p2p/P3P1n1/1R1P1PP1/1B3KBP/8 w - - 1 29,0.0,w
2r1q1k1/1Q3pb1/3p2p1/pP2p3/P3P1p1/1R1P2P1/1B3KBP/8 w - - 1 31,0.0,w
4q1k1/5pb1/3p2p1/pP2p3/P3P1p1/2RP2P1/1B3KBP/8 w - - 2 33,0.0,w
6k1/5pb1/3p2p1/pP2p3/P3P1p1/B1RP2P1/q3K1BP/8 w - - 6 35,0.0,w
6k1/5p2/3p1bp1/pP2p3/P3P1p1/2RP2P1/6BP/1qB2K2 w - - 10 37,0.0,w
6k1/5p2/3p1bp1/pP2p3/q3P1p1/2RP2P1/3BK1BP/8 w - - 0 39,0.0,w
1R6/5p1k/3p1bp1/pP2p3/q3P1p1/3P2P1/3BK1BP/8 w - - 4 41,0.0,w
8/5k2/3p1bp1/pP2p3/q3P1p1/3P2P1/3BK1BP/8 w - - 0 43,0.0,w
6k1/8/1P1p1bp1/q3p3/4P1p1/3P2P1/4K1BP/8 w - - 0 45,0.0,w
6k1/1q6/3p1bp1/4p3/4P1p1/3P2PP/4K1B1/8 w - - 0 47,0.0,w
6k1/8/3p1b2/4p1p1/4P1P1/3P1KP1/1q4B1/8 w - - 0 49,0.0,w
8/6k1/3p1b2/4p1p1/4P1P1/3P1KP1/1q6/5B2 b - - 4 51,0.0,b
6k1/8/3p1b2/4p1p1/3qP1P1/3PK1PB/8/8 w - - 8 54,0.0,w
6k1/8/3p1b2/4p1p1/4P1P1/3P1KPB/8/3q4 w - - 12 56,0.0,w
6k1/8/3p1b2/4p1p1/4P1P1/3B2P1/5K2/8 b - - 0 58,0.0,b
6k1/8/3p4/4p1p1/4P1P1/6P1/5b2/5B2 b - - 1 62,0.0,b
6k1/8/8/3Pp1p1/6P1/6b1/6B1/8 b - - 0 64,0.0,b
6k1/8/3b4/6p1/4B1P1/8/8/8 b - - 0 66,0.0,b
5k2/p1r2ppp/1p2bn2/1P2P3/3r3n/R4PNP/4B1P1/4R1K1 b - - 0 37,1.0,b
4nk2/2r2ppp/Pp2b3/4P3/3r3n/R4PNP/4B1P1/R5K1 b - - 0 39,1.0,b
Q3nk2/2r2ppp/1p2b3/4n3/3r4/R4PNP/4B1P1/R5K1 b - - 0 41,1.0,b
Q3n3/4kppp/1p2b3/4n3/3r4/2R2PNP/4B1P1/R5K1 b - - 0 43,1.0,b
Q3n3/4kppp/1p2b3/8/8/5RNP/4B1P1/3R2K1 b - - 0 45,1.0,b
4n3/4k1pp/1p6/3Q1N2/8/5R1P/4B1P1/3R2K1 b - - 0 47,1.0,b
4nk2/5Qpp/8/1p3N2/2B5/5R1P/6P1/3R2K1 b - - 1 49,1.0,b
5rk1/pp1b3p/3bn1p1/P1pp4/6P1/1NP1B3/1P4K1/R2B4 w - - 0 30,0.0,w
5rk1/pP1b3p/3bn1p1/2p5/6P1/1NP1p3/1P4K1/R2B4 w - - 0 32,0.0,w
5rk1/pP5p/3bb1p1/2p5/5nP1/1NP1pB2/1P6/R5K1 w - - 4 34,0.0,w
1b3rk1/pP5p/R3b1p1/2p5/6P1/2P1pB1n/1P6/2N3K1 w - - 8 36,0.0,w
1b6/pP4kp/R3b1p1/2p5/6P1/2P1pr1K/1P6/2N5 w - - 0 38,0.0,w
1b6/pP4kp/R5p1/2pb4/6P1/2P1p3/1P3r2/2N3K1 b - - 5 40,0.0,b
3rr1k1/pb3p1p/1p3np1/2p1q3/1P2P2n/P2B2NP/4QPP1/2R1R1K1 w - - 0 27,0.0,w
3rr1k1/pb3p1p/1p1q1np1/8/1PB1P2n/6NP/4QPP1/2R1R1K1 w - - 1 29,0.0,w
r3r1k1/pb3p1p/1pq2np1/4P3/1PB4n/6NP/4QPP1/R3R1K1 w - - 1 31,0.0,w
r1bqkb1r/pppnpppp/8/1B1n4/8/8/PPPP1PPP/RNBQR1K1 b kq - 1 5,0.5,b
r1bqkb1r/pppn1ppp/4p3/1B6/8/2P5/PPP2PPP/R1BQR1K1 b kq - 0 7,0.5,b
r1bqk2r/pp1n1ppp/2p1p3/2b5/2B5/P1P5/1PP2PPP/R1BQR1K1 b kq - 0 9,0.5,b
r1bQk2r/pp3ppp/2p1pn2/8/2B5/P1P1b3/1PP2PPP/R3R1K1 b kq - 0 11,0.5,b
r1b4r/pp2kppp/2p1pn2/8/2B5/P1P1R3/1PP2PPP/3R2K1 b - - 2 13,0.5,b
r6r/pp1bkppp/4pn2/2p5/2B5/P1P5/1PP1RPPP/3R2K1 b - - 3 15,0.5,b
r2R4/pp2kppp/2b1pn2/2p5/8/PBP5/1PP1RPPP/6K1 b - - 0 17,0.5,b
3r4/pp2kppp/2b1pn2/8/2B5/P1P5/1PP2PPP/4R1K1 b - - 0 19,0.5,b
8/pp2kppp/4pn2/3r4/8/P1P5/1PP2PPP/2R3K1 b - - 1 21,0.5,b
8/pp3ppp/2k1pn2/3r4/8/P1P2P2/1PP2KPP/2R5 b - - 2 23,0.5,b
8/ppk2ppp/4pn2/8/8/PPP2P2/2Pr2PP/2R2K2 b - - 0 25,0.5,b
8/pp3ppp/2k1pn2/8/2P5/PP3P2/2Pr2PP/2R3K1 b - - 0 27,0.5,b
8/pp3ppp/2k1pn2/8/2P5/PP3P1P/2Pr2PK/2R5 b - - 2 29,0.5,b
8/pp1k1ppp/4p3/7n/2P4P/PP3P1K/2Pr2P1/2R5 b - - 2 31,0.5,b
8/pp1k1ppp/4p3/8/2P3KP/PPP2P2/3r2n1/2R5 b - - 0 33,0.5,b
8/pp1k1ppp/4p3/8/P1P2K1P/1PPrnP2/8/2R5 b - - 2 35,0.5,b
8/pp1k1ppp/4p3/P7/2P2K1P/1PP2P2/8/3n4 b - - 0 37,0.5,b
8/p2k1ppp/p3p3/8/2P4P/1Pn1KP2/8/8 b - - 1 39,0.5,b
8/p2k1ppp/p3p3/8/1nP4P/1P3P2/3K4/8 b - - 5 41,0.5,b
8/p2k1ppp/p1n5/4p3/2P4P/1P3P2/3K4/8 b - - 1 43,0.5,b
8/p2k1ppp/p7/4p3/2P4P/1n1K1P2/8/8 b - - 1 45,0.5,b
8/p4ppp/p2k4/4p2P/2P5/1n2KP2/8/8 b - - 2 47,0.5,b
8/p4ppp/p2k4/4p2P/2P1K3/1n3P2/8/8 b - - 6 49,0.5,b
8/p4ppp/p2k4/4p2P/2n5/3K1P2/8/8 b - - 1 51,0.5,b
8/p4ppp/p2n4/2k1p2P/8/3K1P2/8/8 w - - 5 54,0.5,w
8/p4ppp/p1kn3P/8/4p3/5P2/4K3/8 w - - 2 56,0.5,w
6Q1/p4p1p/p1k5/5n2/8/5p2/4K3/8 w - - 0 58,0.5,w
8/p4p1p/p1k5/6Q1/6n1/5p2/5K2/8 w - - 4 60,0.5,w
8/p4p1p/p3k3/8/3Q4/5p2/5K2/8 w - - 3 62,0.5,w
8/5p1p/Q7/6k1/8/5p2/5K2/8 w - - 1 64,0.5,w
8/8/5p2/6kp/8/5K2/Q7/8 w - h6 0 66,0.5,w
4Q3/8/5p2/5k2/7p/5K2/8/8 w - - 0 68,0.5,w
8/3k4/5p2/8/7Q/5K2/8/8 w - - 1 70,0.5,w
8/1k6/4Q3/8/8/5K2/8/8 w - - 3 72,0.5,w
8/k7/8/8/1Q6/5K2/8/8 w - - 7 74,0.5,w
8/k7/8/8/4K3/8/8/1Q6 w - - 11 76,0.5,w
8/8/8/1k6/8/5K2/8/2Q5 w - - 15 78,0.5,w
8/k7/8/8/2Q5/5K2/8/8 w - - 19 80,0.5,w
8/8/8/k7/4K3/1Q6/8/8 w - - 23 82,0.5,w
8/8/1k6/8/4K3/8/8/Q7 w - - 27 84,0.5,w
4r1k1/1pb2pp1/p1p1rn2/P1Pp3P/1P3P2/3RPB2/5KR1/8 w - - 1 39,0.0,w
4r1k1/1pb2pp1/p1p4P/P1PprP2/1P2n3/3RPB2/5KR1/8 w - - 1 41,0.0,w
4rk2/1pb2pR1/p1p4P/P1Pp1P2/1P2r3/3RP3/5K2/8 w - - 1 43,0.0,w
4rk2/1pb2p2/p6P/PpPp1P2/7r/3RP3/5KR1/8 w - - 0 45,0.0,w
4rk2/1pb2p2/p1r5/Pp1R1P2/8/4P3/5KR1/8 w - - 0 47,0.0,w
4rk2/1p3p2/p7/bp1R1P2/8/2r1PK2/8/6R1 w - - 2 49,0.0,w
4rk2/1p3p2/p7/bp1R1P2/8/8/4r1K1/R7 w - - 2 51,0.0,w
4rk2/1p3p2/p7/1p1R1P2/8/8/8/4bK2 w - - 0 53,0.0,w
3r1k2/1p3p2/p7/1p3P2/7b/3R4/8/5K2 w - - 4 55,0.0,w
5k2/1p3p2/p4b2/1p3P2/8/7R/3r2K1/8 w - - 8 57,0.0,w
5k2/1p3p2/p4b2/1p3P2/6K1/7r/8/8 w - - 0 59,0.0,w
5k2/1p3p2/p4b2/5P2/6K1/1p6/8/8 w - - 0 61,0.0,w
8/1p2kp2/p4b2/5P2/8/1p6/4K3/8 b - - 4 63,0.0,b
8/1p2kp2/p4b2/5P2/8/8/4K3/1q6 b - - 1 65,0.0,b
8/1p3p2/p2k1b2/5q2/8/8/4K3/8 b - - 3 67,0.0,b
8/1p3p2/p2k4/8/8/2b4q/4K3/8 b - - 7 69,0.0,b
8/1p3p2/p2kq3/8/3b4/8/2K5/8 b - - 11 72,0.0,b
8/1p3p2/p2k4/8/3b4/2q5/8/3K4 b - - 16 75,0.0,b
8/1p3p2/p2k4/8/3b4/2q5/8/3K4 b - - 20 77,0.0,b
8/1p3p2/p2k4/8/8/5K2/1q6/6b1 b - - 24 79,0.0,b
8/1p3p2/p2k1q2/8/8/4b1K1/8/8 b - - 28 81,0.0,b
8/1p3p2/p2k4/8/8/4b1K1/8/5q2 b - - 32 84,0.0,b
8/1p3p2/p2k4/8/8/4bK2/8/q7 b - - 36 86,0.0,b
8/1p3p2/p2k4/8/8/2q1bK2/8/8 b - - 40 88,0.0,b
8/1p3p2/p2k4/8/4q3/4b3/4K3/8 w - - 44 91,0.0,w
4q3/1p3p2/p2k4/8/3b4/8/4K3/8 w - - 48 93,0.0,w
8/1p1k1p2/p7/8/3bq3/8/3K4/8 w - - 52 95,0.0,w
8/1p1k1p2/p7/8/3b4/8/1q6/1K6 w - - 56 97,0.0,w
5r1k/2p2rbn/1p1p2pp/pPnP4/P3Pp1q/3P1P2/6BP/2BQRR1K w - - 0 36,0.0,w
5r1k/2pn1rbn/1p4pp/pP1Pp3/P2P1p1q/5P2/6BP/2BQRR1K w - - 0 38,0.0,w
5r1k/2p1qrbn/1p4pp/pP1Pn3/P3Rp2/5P2/6BP/2BQ1R1K w - - 2 40,0.0,w
5r1k/2pq1rbn/1p4pp/pP1P4/P4p2/5n2/4R1BP/2BQR2K w - - 0 42,0.0,w
5r1k/2p2rb1/1p4pp/pP1P2n1/P4pq1/8/4R2P/2BQR2K w - - 0 44,0.0,w
5r1k/2p2rb1/1p4pp/pP1P2n1/P4q2/8/6RP/3QR2K w - - 0 46,0.0,w
5r1k/5rb1/1p1p2pp/pP4n1/P7/8/5q1P/3QR2K w - - 0 48,0.0,w
5r1k/5r2/1p1p2pp/pP2b1n1/P7/8/6RP/3Q1q1K w - - 4 50,0.0,w
5r1k/8/1p1p2pp/pP2b1n1/P7/8/7P/5R1K b - - 0 52,0.0,b
7k/8/1p1p2pp/pP2b1n1/P7/7P/6K1/2r5 b - - 0 54,0.0,b
8/6k1/1p1pn1pp/pP2b3/P6P/5K2/8/2r5 b - - 2 56,0.0,b
8/6k1/1p1p2pp/pPn1b2P/P1r5/8/4K3/8 b - - 0 58,0.0,b
8/6k1/1p1p3p/pPn1b2p/r7/8/4K3/8 b - - 1 60,0.0,b
8/6k1/1p1p3p/prn1b2p/8/8/4K3/8 b - - 1 62,0.0,b
8/6k1/1p1p3p/p1n1b2p/8/5r2/8/8 w - - 0 65,0.0,w
rnbqkb1r/pp1p1ppp/2p2n2/4p3/2P5/2N1P3/PPQP1PPP/R1B1KB1R b KQkq - 1 4,1.0,b
r1b1kb1r/pp1p1ppp/n1p2n2/q3pQ2/2P5/2NBP3/PP1P1PPP/R1B1K2R b KQkq - 5 6,1.0,b
r1b1kb1r/pp1p1ppp/2p2n2/q3pQ2/2P5/2N1P3/PPBP1PPP/R1B1K2R b KQkq - 0 8,1.0,b
r1bk1b1r/pp3ppp/2p2n2/q2pQ3/2P5/P1N1P3/1PBP1PPP/R1B1K2R b KQ - 0 10,1.0,b
r2k3r/pp3ppp/2p1bn2/q1bP2Q1/8/P1N1P3/1PBP1PPP/R1B1K2R b KQ - 0 12,1.0,b
r2kr3/pp3ppp/2pbbn2/q2P2Q1/1P6/P1NBP3/3P1PPP/R1B1K2R b KQ b3 0 14,1.0,b
r2k4/ppq2ppp/2pbrn2/6Q1/1P2N3/P2BP3/3P1PPP/R1B1K2R b KQ - 1 16,1.0,b
r7/ppq1kpQp/2pb1n2/8/1P2B3/P3P3/3P1PPP/R1B1K2R b KQ - 0 18,1.0,b
r7/ppq1kp2/2pb1n2/5Q2/1P2B3/P3P3/3P1PPP/R1B1K2R b KQ - 2 20,1.0,b
r7/ppq1kp2/2p5/4b3/1P2Q3/P3P3/3P1PPP/1RB1K2R b K - 2 22,1.0,b
3r4/ppq2p2/2p2k2/4b3/1P5Q/P3P3/1B1P1PPP/1R2K2R b K - 6 24,1.0,b
3Q4/pp3p2/2p3k1/4q3/1P6/P3P3/3P1PPP/1R2K2R b K - 0 26,1.0,b
8/pp3p2/2p3k1/8/1P6/P2QP3/5PPP/1R2K2R b K - 0 28,1.0,b
8/pp1Q1p2/5k2/2P5/8/P3P3/5PPP/1R2K2R b K - 0 30,1.0,b
8/3Q1p2/1R3k2/8/8/P3P3/5PPP/4K2R b K - 0 32,1.0,b
5k2/1R3p2/8/8/6Q1/P3P3/5PPP/4K2R b K - 4 34,1.0,b
2Q3k1/1R6/8/8/8/P3P3/5PPP/4K2R b K - 2 36,1.0,b
2b3k1/1p5p/2p3p1/P7/2pBr1P1/2P2K2/8/R7 b - - 4 41,1.0,b
2b3k1/7p/p1p3p1/8/R1pB2r1/2P2K2/8/8 b - - 1 43,1.0,b
6k1/7p/p1p1b1p1/6r1/R2B4/2P2K2/8/8 b - - 2 45,1.0,b
2b3k1/7p/p1p3p1/5r2/3B4/2P3K1/8/R7 b - - 6 47,1.0,b
2b5/5k1p/p1p3p1/6r1/3B4/2P5/7K/4R3 b - - 10 49,1.0,b
8/5k1p/p1p3p1/5b2/6r1/2P5/7K/R5B1 b - - 14 51,1.0,b
8/5k1p/p1p3p1/5b2/6r1/2P2K2/8/R5B1 b - - 18 53,1.0,b
8/5k1p/R1p3p1/5b2/8/2r1BK2/8/8 b - - 1 55,1.0,b
8/8/2p2kp1/5b1p/8/2r1BK2/8/R7 b - - 1 57,1.0,b
8/8/R1p2kp1/7p/6b1/3rB3/5K2/8 b - - 5 59,1.0,b
8/R4k2/2pr2p1/7p/6b1/8/5K2/2B5 b - - 9 61,1.0,b
8/R2k4/2pr2p1/7p/6b1/8/5K2/2B5 b - - 13 63,1.0,b
4k3/8/2pr2p1/6Bp/R5b1/8/5K2/8 b - - 17 65,1.0,b
8/8/2prk1p1/6Bp/5Rb1/6K1/8/8 b - - 21 67,1.0,b
8/8/2p3pB/4k2p/5Rb1/3r4/5K2/8 b - - 25 69,1.0,b
8/8/2p3p1/4k1Bp/5R2/6K1/3r4/3b4 b - - 29 71,1.0,b
8/8/2p2Rp1/4k1Bp/8/3r4/5K2/3b4 b - - 33 73,1.0,b
8/8/2p2Rp1/4k1Bp/8/8/4r3/3K4 b - - 0 75,1.0,b
8/8/2p1kBR1/7p/8/8/6r1/3K4 w - - 2 78,1.0,w
8/8/2p2k2/8/7p/8/2R5/3K4 w - - 0 80,1.0,w
8/8/7R/5k2/7p/8/8/3K4 w - - 3 82,1.0,w
8/8/8/5k2/1R6/8/8/3K4 w - - 3 84,1.0,w
8/5k2/8/8/1R6/8/5K2/8 w - - 7 86,1.0,w
8/8/8/6k1/5R2/8/5K2/8 w - - 11 88,1.0,w
8/8/7k/8/6R1/5K2/8/8 w - - 15 90,1.0,w
8/8/7k/8/8/5K2/6R1/8 w - - 19 92,1.0,w
8/8/7k/8/8/5K2/6R1/8 w - - 23 94,1.0,w
8/8/7k/8/5KR1/8/8/8 w - - 27 96,1.0,w
8/8/6k1/8/5K2/8/8/R7 w - - 31 98,1.0,w
8/7k/R7/5K2/8/8/8/8 w - - 35 100,1.0,w
8/5k2/8/5K2/8/8/1R6/8 w - - 39 102,1.0,w
5k2/4R3/8/5K2/8/8/8/8 w - - 43 104,1.0,w
5k2/3R4/4K3/8/8/8/8/8 w - - 47 106,1.0,w
5k2/8/4K3/8/8/8/8/6R1 w - - 51 108,1.0,w
3k4/8/4K3/8/6R1/8/8/8 w - - 55 110,1.0,w
3k4/8/4K3/8/8/8/8/2R5 w - - 59 112,1.0,w
r3r1k1/pp2bpnp/4b1p1/2pp4/6P1/2P5/PP1N3P/R1BB1R1K w - - 0 22,0.0,w
3rr1k1/pp2bpnp/4b1p1/2p5/3p2P1/2P2B2/PP1N3P/R1B1R2K w - - 0 24,0.0,w
2r1r1k1/pp2bpnp/4b1p1/8/3p2P1/P4B2/1P1N3P/R1B1R2K w - - 1 26,0.0,w
4r1k1/p1r2pnp/4b1p1/6b1/3p2P1/P4B2/1P1N3P/R1B1R2K w - - 3 28,0.0,w
4r1k1/p1rb1pnp/6p1/6b1/4R1P1/P2p1B2/1P1N2KP/R1B5 w - - 2 30,0.0,w
4r1k1/p1r2p1p/3Rn1p1/1b4b1/6P1/P2p1B2/1P1N2KP/R1B5 w - - 6 32,0.0,w
4r1k1/p1r1bp1p/3R2p1/1b6/4BnP1/P2p4/1P1N3P/R1B3K1 w - - 10 34,0.0,w
4r1k1/p1r2p1p/6p1/1bbB4/6P1/P2p4/1P1N3P/R1B3K1 w - - 1 36,0.0,w
6k1/p1r2p1p/3b2p1/1b1B4/6P1/P2p2K1/1P1Nr2P/R1B5 w - - 5 38,0.0,w
6k1/p1r2p1p/3b2p1/1b1B4/4N1P1/P2p1K1r/1P6/R1B5 w - - 2 40,0.0,w
6k1/p4p1p/3b2p1/1b1B4/4N1P1/P2p3r/1P1r2K1/R7 w - - 0 42,0.0,w
6k1/p4p1p/3b2p1/1b1B4/6P1/P2p1K2/1P1r4/R7 w - - 0 44,0.0,w
6k1/p2b1p1p/3b2p1/3B4/P5P1/3p1K2/RP5r/8 w - - 3 46,0.0,w
6k1/p2b1p1p/6p1/2bB2P1/P7/3p3r/RP3K2/8 w - - 3 48,0.0,w
6k1/p2b1p1p/6p1/2bB2P1/P7/3p2r1/RP1K4/8 w - - 7 50,0.0,w
6k1/p2b1p1p/6p1/6P1/PbB5/3p4/RP6/3K2r1 w - - 11 52,0.0,w
rn1q1rk1/ppb2ppp/2p2n2/2Pp4/1P2b3/4P3/PBQ1BPPP/RN3RK1 w - - 0 11,1.0,w
rn1qr1k1/ppb2ppp/2p2nb1/2Pp4/1P6/4P3/PB1NBPPP/R1Q2RK1 w - - 4 13,1.0,w
r2qr1k1/ppbn1ppp/2p2n2/2Pp4/1P2b3/4PN2/PB2BPPP/R1QR2K1 w - - 8 15,1.0,w
r1q1r1k1/ppbn1ppp/2p2nb1/2Pp2N1/1P6/4P2P/PB2BPP1/R1QR2K1 w - - 3 17,1.0,w
r1q1r1k1/ppb2ppp/2p2n2/2Pp4/1P2b3/4PN1P/P3BPP1/R1QR2K1 w - - 2 19,1.0,w
r1q1r1k1/ppb2ppp/2p2n2/2Pp4/1P2b3/4PN1P/P3BPP1/R1QR2K1 w - - 6 21,1.0,w
r1q1rk2/ppb2ppp/2p2n2/2Pp1bN1/1P6/3BP2P/P4PP1/R1QR2K1 w - - 10 23,1.0,w
r1q1rk2/ppb2ppp/2p2n2/2Pp4/1P6/4PN1P/P4PP1/R1QR2K1 w - - 2 25,1.0,w
rbq1rk2/pp3ppp/2p5/2Pp4/1P2n3/4PN1P/P2R1PP1/1RQ3K1 w - - 6 27,1.0,w
rbq1r1k1/pp3ppp/2p5/2Pp4/1P6/3RPN1P/P1Q2nP1/1R4K1 w - - 0 29,1.0,w
rb2r1k1/pp3ppp/2p3q1/2Pp4/1P1N4/3RP2P/P4QP1/1R4K1 w - - 3 31,1.0,w
r3r1k1/pp3ppp/2p3q1/2Ppb3/1P1N4/3RP2P/P5P1/3R1QK1 w - - 7 33,1.0,w
r3r1k1/pp3ppp/2p2b2/2Pp4/1P2q3/3RPN1P/P4QP1/3R2K1 w - - 11 35,1.0,w
r3r2k/pp3ppp/2p2b2/2Pp4/PPq5/3RPNQP/6P1/3R2K1 w - - 1 37,1.0,w
r6k/pp2rppp/2p5/2Pp4/PPq5/2bRPNQP/6P1/3R2K1 w - - 5 39,1.0,w
r6k/pp2Qppp/2p5/2Pp4/Pb6/3qPN1P/6P1/3R2K1 w - - 0 41,1.0,w
r6k/p1Q2ppp/2p5/2pp4/Pb6/3RPN1P/6P1/6K1 w - - 0 43,1.0,w
6rk/p4ppp/8/3Q4/Pbp5/3RPN1P/6P1/6K1 w - - 0 45,1.0,w
6rk/5Qpp/p7/b7/P7/3RPN1P/6P1/6K1 w - - 0 47,1.0,w
6rk/6pp/p3Q3/8/P7/4bN1P/6P1/3R2K1 w - - 0 49,1.0,w
r1bq1rk1/pp2ppbp/2n2np1/2p5/Q2p1P2/2PP1NP1/PP1BP1BP/R4RK1 b - - 1 9,0.0,b
r4rk1/pp2ppbp/1qn2np1/2p5/Q2p1Pb1/2PP1NP1/PP1BP1BP/1RR3K1 b - - 5 11,0.0,b
r1r3k1/pp2pp1p/1qn2npb/2p5/Q2P1Pb1/3P1NP1/PP1BPKBP/1RR5 b - - 0 13,0.0,b
r1Rn2k1/pp2pp1p/1q3npb/8/Q2p1PbN/3P2P1/PP1BPKBP/1R6 b - - 0 15,0.0,b
2rn2k1/pp2pp1p/4qnpb/B7/3p1PbN/3P2P1/PP2PKBP/1R1Q4 b - - 3 17,0.0,b
2r3k1/pp2pp1p/2B2npb/B7/3p1PbN/3Pq1P1/PP2P2P/1R1Q1K2 b - - 0 19,0.0,b
6k1/pp2pp1p/2r1qnpb/5P2/3p2bN/3P2P1/PP1BP2P/1R1Q1K2 b - - 0 21,0.0,b
6k1/pp2pp1p/2r1qnp1/5P2/3p3N/3PB1Pb/PP2PK1P/1R1Q4 b - - 0 23,0.0,b
6k1/pp2pp1p/2r2np1/5N2/3p4/3Pq1P1/PP2P2P/1R1QK3 b - - 0 25,0.0,b
r3r1k1/pp1b1ppp/2pq1n2/4n3/3N3P/1P2P3/P4PP1/1BRQ1RK1 b - - 0 17,0.0,b
r3r1k1/pp3ppp/2pq1n2/4n2b/3N3P/1P2PP2/P1Q3P1/1BR2RK1 b - - 2 19,0.0,b
r3rq1k/pp3ppp/2p2n2/4nQ1b/3N3P/1P2PP2/P5P1/1BRR2K1 b - - 6 21,0.0,b
r3rq1k/pp3ppp/5nb1/2p1n1Q1/7P/1P2PP2/P3N1P1/1BRR2K1 b - - 3 23,0.0,b
r3rq1k/pp3ppp/5nn1/2p3Q1/7P/1P2PP2/P3N1P1/2RR2K1 b - - 2 25,0.0,b
r4q1k/pp3ppp/5nn1/2p5/7P/1P2rP2/P3N1P1/2RRQ1K1 b - - 1 27,0.0,b
4rq1k/pp3ppp/5nn1/2p4P/8/1P3PQ1/P3r1P1/2RR2K1 b - - 0 29,0.0,b
4rq1k/pp2nppp/5n2/2R4P/7Q/1P3P2/r5P1/3R2K1 b - - 0 31,0.0,b
4r2k/pp3ppp/5nP1/2q5/3R3Q/1P3P2/r5P1/6K1 b - - 1 33,0.0,b
4r2k/pp4pp/5np1/2q5/5R1Q/1P3P2/6PK/r7 b - - 1 35,0.0,b
4r2k/pp4pp/5n2/6p1/R6Q/1P3P1K/6P1/r5q1 b - - 3 37,0.0,b
4r2k/pp4pp/5n2/8/7K/1P3P2/6P1/q7 b - - 0 39,0.0,b
7k/pp4pp/5n2/8/8/1P3P1K/4rqP1/8 w - - 5 42,0.0,w
7k/pp4pp/5n2/8/5P1K/1P6/4r3/6q1 w - - 2 44,0.0,w
5k2/p1rr1ppp/1p3n2/1P2P3/5P1n/R6P/4N1P1/R5K1 b - - 0 40,0.0,b
5k2/p1rr2pp/1p2p3/1P1n4/5P1n/3R3P/4N1P1/R5K1 b - - 1 42,0.0,b
8/p1rRk1pp/1p2pn2/1P6/5P1n/7P/4NKP1/R7 b - - 0 44,0.0,b
8/p1r1k1pp/1p2p3/1Pn5/5P1n/7P/4NKP1/R7 b - - 3 46,0.0,b
8/R1r1k1pp/1p1np3/1P6/5P1n/4K2P/4N1P1/8 b - - 0 48,0.0,b
8/r3k1pp/1p2p3/1n6/5P1n/6KP/4N1P1/8 b - - 1 50,0.0,b
8/r3k1pp/1p2p3/1n6/5P2/4nK1P/4N1P1/8 b - - 5 52,0.0,b
8/4k1pp/1p2p3/1n3n2/4KP2/r1N4P/6P1/8 b - - 9 54,0.0,b
1r1qr1k1/2p2pb1/1p1pbnpp/pPn1p3/P1P1P3/R2PN1P1/1B3PBP/Q1R3K1 b - - 3 19,0.0,b
1r2r1k1/2pnqpb1/1p1pbnpp/pP2p3/P1PPP3/R3N1P1/1B3PBP/Q3R1K1 b - - 2 21,0.0,b
1r2r1k1/2pnqpb1/1p1pbnp1/pP5p/P1PBP3/3RN1P1/5PBP/Q3R1K1 b - - 1 23,0.0,b
1r2rqk1/2p2pb1/1p1pbnp1/pP2n2p/P1PBP3/2Q1N1P1/5PBP/3RR1K1 b - - 5 25,0.0,b
3rrqk1/2p2p2/1p1pbnpb/pP2n2p/P1PBP2P/2Q3P1/2N2PB1/3RR1K1 b - h3 0 27,0.0,b
3rrq1k/2p2p2/1p2bnpb/pP2p2p/P1P1P2P/5QP1/2N2PB1/3RR1K1 b - - 1 29,0.0,b
4rq1k/2p2p2/1p3npb/pP2p2p/P1b1P2P/5QP1/2N2PB1/4R1K1 b - - 1 31,0.0,b
4r2k/2p1qp2/1p2bnpb/pP2p2p/P3P2P/5QP1/2N1BP2/4R1K1 b - - 5 33,0.0,b
7k/2prqp2/1p2bnpb/pP2p2p/P3P2P/4NQP1/4BPK1/4R3 b - - 9 35,0.0,b
8/2prqpk1/1p2b1pb/pP1np2p/P3P2P/5QP1/4BP2/4R1K1 b - - 1 37,0.0,b
8/2prqpk1/1p4p1/pP1Qp2p/P6P/6P1/3bBP2/4R1K1 b - - 0 39,0.0,b
4q3/2p2pk1/1p4p1/pP1rp2p/P6P/5BP1/3b1P2/3R2K1 b - - 3 41,0.0,b
3r4/2p2pk1/1p2q1p1/pP2p2p/P6P/6P1/3bBPK1/3R4 b - - 7 43,0.0,b
3r4/2p2p2/1p3kp1/pP1qp2B/P6P/6P1/3b1P2/3R2K1 b - - 0 45,0.0,b
3r4/2p2p2/1p3k2/pP1qp3/P5pP/8/3b1P2/R5K1 b - - 1 47,0.0,b
3r4/2p2p2/1p3k2/pP1q4/P5pP/4pP2/3b4/R4K2 b - - 0 49,0.0,b
3r4/2p2p2/1p3k2/pP6/P5pP/R4q2/3bp3/6K1 b - - 1 51,0.0,b
r3r1k1/p3qppp/1pp1bn2/4n3/8/1P2P2P/P1Q1NPP1/1BRR2K1 w - - 4 20,1.0,w
2r1r1k1/p4ppp/1pp1bn2/4n3/3N4/qP2P2P/P3QPP1/1BRR2K1 w - - 8 22,1.0,w
2rr2k1/p5pp/1pp1pn2/4n3/8/qP2P2P/P2Q1PP1/1BRR2K1 w - - 2 24,1.0,w
2rr4/p2n1kpp/1pp1pn2/8/2Q5/qP2P2P/P4PP1/1BRR2K1 w - - 6 26,1.0,w
r2r1q2/Q2n1kpp/1pp1pn2/8/8/1P2P2P/P4PP1/1BRR2K1 w - - 1 28,1.0,w
r1r4q/2Qn1kpp/1pR1pn2/8/8/1P2P2P/P4PP1/1B1R2K1 w - - 1 30,1.0,w
r1r2k1q/3Q2pp/1pR1p3/8/8/1P2P2P/P4PP1/1B4K1 w - - 1 32,1.0,w
2Q4q/5kpp/1p2p3/8/8/1P2P2P/P4PP1/1B4K1 w - - 1 34,1.0,w
1Q6/6p1/1p2pk1p/8/8/1P2P2P/P4PP1/1B4K1 w - - 2 36,1.0,w
r3rnk1/pp1bbppp/2p5/3p1P1n/4P1P1/2P5/PPBN3P/R1B2R1K b - g3 0 17,0.0,b
r3rnk1/pp1bbppp/2p5/3p1PP1/4N3/2P5/PPB4P/R1B2R1K b - - 0 19,0.0,b
r2brnk1/pp1b1ppp/2p5/5PP1/4p3/2P1B3/PPB4P/3R1R1K b - - 3 21,0.0,b
r3rnk1/1pbb1ppp/p1p3P1/5P2/4p3/2P1B3/PPB3KP/3R1R2 b - - 0 23,0.0,b
r1b1rn2/1pb2kpp/p1p5/5P2/4p3/1BP1B3/PP4KP/3R1R2 b - - 1 25,0.0,b
r1b1rn2/1p4pp/p1p2k2/4bP2/2BBp3/2P5/PP4KP/3R1R2 b - - 5 27,0.0,b
r3rn2/1p4pp/p1pR1k2/5b2/2B1p3/2P5/PP4KP/5R2 b - - 1 29,0.0,b
r7/1p4pp/p1p1rk2/5b2/4p3/2P5/PP4KP/3R1R2 b - - 1 31,0.0,b
3rr3/1p4pp/p1p2k2/5b2/4p3/2P3K1/PP5P/R4R2 w - - 5 34,0.0,w
4r3/1p4pp/p1p2k2/5b2/4p3/2P5/PP1r2KP/4RR2 w - - 9 36,0.0,w
7r/1p4pp/p1p2k2/5b2/4p3/2P5/PP3K1P/4R3 w - - 1 38,0.0,w
7r/1p4pp/p1p2k2/3b4/8/2P3K1/PP5P/8 w - - 2 40,0.0,w
4r3/1p4pp/p1p5/3b2k1/8/1PP5/P4K1P/8 w - - 3 42,0.0,w
5r2/1p4pp/p1p5/6k1/2P5/1P2K3/P5bP/8 w - - 3 44,0.0,w
5r2/1p4pp/p1p5/6k1/2P5/1P2K3/P6P/3b4 w - - 7 46,0.0,w
8/1p4pp/p1p5/6k1/1PP5/8/P2Kr2P/3b4 w - - 3 48,0.0,w
8/1p4pp/p1p5/5k2/1PP5/P7/7r/3K4 w - - 1 50,0.0,w
8/1p4pp/p1p5/8/PPPk4/8/7r/2K5 w - - 1 52,0.0,w
8/1p4pp/p7/1p6/P1k5/8/7r/3K4 w - - 0 54,0.0,w
8/1p4pp/p7/2k5/8/8/7r/4K3 w - - 2 56,0.0,w
8/1p4pp/p7/8/3k4/8/2r5/4K3 w - - 6 58,0.0,w
5r2/1p4pp/p7/8/3k4/8/4K3/8 w - - 10 60,0.0,w
8/1p3rpp/p7/8/8/3k4/8/2K5 w - - 14 62,0.0,w
8/1p4pp/p7/8/3k4/8/2K2r2/8 w - - 18 64,0.0,w
8/1p4pp/8/p7/3k4/8/7r/4K3 b - - 2 66,0.0,b
8/1p4pp/8/8/3k4/p7/7r/6K1 b - - 1 68,0.0,b
8/1p4pp/8/8/3k4/p7/7r/4K3 b - - 5 70,0.0,b
5rk1/1pb2pp1/p1p2r2/P1Pp1B1n/1P1R1P2/4P3/5KRP/8 w - - 1 32,1.0,w
5rk1/1pb2p2/p1p2rp1/P1Pp1BR1/1P1R1P2/8/5K1P/8 w - - 0 34,1.0,w
5rk1/1p3p2/2p2rp1/PpPp2R1/3R1b2/8/5K1P/1B6 w - - 0 36,1.0,w
5rk1/1p3p2/2p3p1/PpPp2R1/r7/6K1/7P/1B6 w - - 2 38,1.0,w
5rk1/1p6/2p3p1/rpPp4/6R1/6K1/7P/8 w - - 0 40,1.0,w
5r2/1p3k2/2p5/1pPp4/r5R1/6K1/7P/8 w - - 3 42,1.0,w
8/1p3r2/2p5/1pPp4/r7/6KP/8/8 b - - 0 44,1.0,b
r7/1p3r2/2p5/2Pp4/1p5P/8/6K1/8 b - - 2 46,1.0,b
r7/1p6/2p5/2Pp4/1p1r3P/8/7K/8 b - - 6 48,1.0,b
8/8/2p5/1pPp3P/1p1r4/8/r7/6K1 b - - 2 50,1.0,b
5rk1/1pb2pp1/p1p1r3/P1Pp1B1n/1P1B1P2/4Pn2/5KRP/3R4 b - - 2 30,0.0,b
5rk1/1pb1rpp1/p1p5/P1Pp1B1n/1P1R1P2/4PK2/6RP/8 b - - 2 32,0.0,b
4r1k1/1pb1rp2/p1p3B1/P1Pp3n/1P3P2/3RPK2/6RP/8 b - - 0 34,0.0,b
4rk2/1pb1r3/p1p3R1/P1Pp3n/1P3PK1/3RP3/7P/8 b - - 2 36,0.0,b
4r3/1pb2k1r/p1p3R1/P1Pp1P1n/1P6/3RPK2/7P/8 b - - 2 38,0.0,b
4r3/5k1r/p1p5/PPPp1P1n/8/3RPK2/7b/8 b - - 0 40,0.0,b
4r3/2b2k1r/P1p5/1pPp1P1n/8/4PK2/8/3R4 b - - 0 42,0.0,b
4r3/2b3nr/P1p2k2/1pPp4/8/4PK2/8/6R1 b - - 1 44,0.0,b
Q3r3/2b4r/2p2k2/1pnp4/8/4PK2/8/6R1 b - - 0 46,0.0,b
r7/2b5/2p2k2/1pnp4/8/4P2r/6K1/1R6 b - - 3 48,0.0,b
r3r3/2b5/2p2k2/1pnp4/8/5K2/8/1R6 b - - 3 50,0.0,b
4r3/2b5/2p2k2/1p1p4/4n3/r7/8/1R4K1 b - - 7 52,0.0,b
6r1/2b5/2p2k2/1p1p4/8/r7/3n4/1R2K3 b - - 11 54,0.0,b
6r1/2b5/2p2k2/1p1p4/8/r1nK4/8/8 b - - 3 56,0.0,b
6r1/8/2p2k2/1p1p4/3bn3/r7/8/8 w - - 0 60,0.0,w
5rk1/1pb2pp1/p1p1r3/P1Pp1bNn/1P1BnP2/3BP3/6RP/3R2K1 b - - 0 28,1.0,b
5rk1/1pb2pp1/p1p5/P1Pp1b1n/1P1BNP2/3BP3/6KP/3R4 b - - 0 30,1.0,b
5rk1/1pb2pp1/p1p5/P1P4n/1P2pP2/4P3/6KP/B2R4 b - - 1 32,1.0,b
2r3k1/1p3pp1/p1p5/P1P4n/1P2pP2/8/7P/B2R1K2 b - - 0 34,1.0,b
4r1k1/1p4p1/p1p2p2/PPP2P1n/4p3/8/7P/B2R1K2 b - - 0 36,1.0,b
1r4k1/1P4p1/2p2p2/1pP2P1n/4p3/8/7P/B2R1K2 w - - 0 39,1.0,w
1r6/1P2R1p1/2p2p1k/1pP2P1n/4p3/8/7P/B4K2 w - - 4 41,1.0,w
1r6/1PR3p1/2p2p2/1pP2P1n/4p1k1/8/7P/B5K1 w - - 8 43,1.0,w
1r6/1P4p1/2R2p2/1pP2k1n/3B4/4p3/7P/6K1 w - - 0 45,1.0,w
8/1r4p1/2R2p2/2P2k1n/1p6/4B3/5K1P/8 w - - 0 47,1.0,w
8/6p1/1P3p2/5k2/1p3n2/4B3/5K1P/8 w - - 1 49,1.0,w
8/1P4p1/5p2/5k2/5B2/8/1p3K1P/8 w - - 0 51,1.0,w
8/6p1/5p2/8/5k2/8/5K1P/1Q6 w - - 0 53,1.0,w
8/6Q1/5p2/5k2/8/8/5K1P/8 w - - 1 55,1.0,w
8/8/5p2/4k3/6Q1/8/5K1P/8 w - - 5 57,1.0,w
8/8/4kp2/8/8/6Q1/5K1P/8 w - - 9 59,1.0,w
6Q1/8/5p2/5k2/8/5K2/7P/8 w - - 13 61,1.0,w
8/3Q4/8/4kp2/8/5K2/7P/8 w - - 0 63,1.0,w
8/8/8/3k4/5Q2/5K2/7P/8 w - - 1 65,1.0,w
8/4Q3/8/3k4/8/5K2/7P/8 w - - 5 67,1.0,w
8/8/8/2k5/4Q3/8/5K1P/8 w - - 9 69,1.0,w
8/8/8/5Q2/2k5/8/5K1P/8 w - - 13 71,1.0,w
8/8/1k6/4Q3/8/8/5K1P/8 w - - 17 73,1.0,w
8/8/k7/3Q4/8/8/5K1P/8 w - - 21 75,1.0,w
k7/8/8/1Q6/8/8/5K1P/8 w - - 25 77,1.0,w
k7/8/8/1Q6/8/8/5K1P/8 w - - 29 79,1.0,w
k7/8/8/1Q5P/8/8/5K2/8 w - - 1 81,1.0,w
k7/7P/8/1Q6/8/8/5K2/8 w - - 1 83,1.0,w
8/k6P/8/1Q6/8/8/5K2/8 w - - 5 85,1.0,w
1k5B/8/Q7/8/8/8/5K2/8 w - - 3 87,1.0,w
r1bq1rk1/pp3ppp/4nn2/4R1B1/2Pb4/2N3Q1/PP3PPP/3R1BK1 w - - 1 16,0.0,w
r1b2rk1/pp3ppp/4nn2/4Q3/2P5/2N1B3/PP3PPP/3q1BK1 w - - 0 18,0.0,w
r1br2k1/1p3ppp/p3nn2/4Q3/2P5/2N1B3/PP3PPP/5BK1 w - - 0 20,0.0,w
r2r2k1/1p3ppp/p1b1nn2/4Q3/2P5/2N1BB2/PP3PPP/6K1 w - - 4 22,0.0,w
rr4k1/5ppp/p1p1nn2/Q7/2P5/2N1B3/PP3PPP/6K1 w - - 2 24,0.0,w
r5k1/4Qppp/2p1nn2/p7/2P5/2N1B3/Pr3PPP/6K1 w - - 0 26,0.0,w
3r2k1/5ppp/2Q1nn2/p7/2P5/2N1B3/P4PPP/1r4K1 w - - 1 28,0.0,w
3r2k1/5ppp/2Q1nn2/p7/2P5/8/P4PPP/3r2K1 b - - 0 30,0.0,b
r3r1k1/pp1bb1np/2p1p1p1/3p4/6P1/2P5/PPBN3P/R1B2R1K w - - 0 21,0.0,w
r4rk1/pp1b2np/2pbp1p1/3p4/6P1/2P2N2/PPB3KP/R1B2R2 w - - 4 23,0.0,w
5rk1/pp1b2np/2pbprpB/3p4/6P1/2P2N2/PPB3KP/4RR2 w - - 8 25,0.0,w
5rk1/pp1b2np/3bp1p1/2pp2N1/6P1/2P1B3/PPB3KP/4Rr2 w - - 0 27,0.0,w
6k1/pp4np/3bp1p1/1bpp2N1/6P1/2P1B3/PPB4P/5K2 w - - 1 29,0.0,w
6k1/pp4np/3bp1p1/1bpp2N1/6P1/1PP1B3/P1B2K1P/8 w - - 1 31,0.0,w
6k1/pp4np/3bp1p1/1bpp2N1/6P1/1PP1B3/P1B1K2P/8 w - - 5 33,0.0,w
6k1/pp4np/4p1p1/1bp3N1/3P2P1/1P2B3/P1B4b/3K4 w - - 0 35,0.0,w
6k1/pp4np/6p1/1bP1p1N1/4BbP1/1P2B3/P7/3K4 w - - 2 37,0.0,w
4n1k1/pB5p/6p1/1bP3N1/5pP1/1P6/P7/3K4 w - - 1 39,0.0,w
4n1k1/pB5p/6p1/2P5/5Nb1/1P6/P7/3K4 w - - 0 41,0.0,w
8/p5kp/2B2np1/2P5/5Nb1/1P6/P2K4/8 w - - 4 43,0.0,w
8/p5kp/2B2np1/2P2b2/2N5/1P6/P2K4/8 b - - 8 45,0.0,b
8/p5kp/6p1/2P5/4b3/NP6/P2K4/8 b - - 1 47,0.0,b
b7/6kp/p5p1/2P5/8/1P2K3/P7/1N6 b - - 3 49,0.0,b
8/5k1p/p1b3p1/2P5/5K2/1PN5/P7/8 b - - 7 51,0.0,b
8/7p/p1b3pK/2P1k3/8/1PN5/P7/8 b - - 11 53,0.0,b
8/7K/p1b3p1/2k5/8/1P6/P7/1N6 w - - 0 56,0.0,w
rnb2rk1/pp2qppp/2p2n2/3pp3/2P5/bP2P3/PBBPNPPP/1R1QK2R b K - 9 9,0.0,b
rn2qrk1/pp3ppp/2p1bB2/3p4/2P5/bP2P3/P1BPNPPP/1R1QK2R b K - 0 11,0.0,b
r3qrk1/pp1n1p1p/2p1bp2/3p3Q/2PN4/bP2P3/P1BP1PPP/1R2K2R b K - 3 13,0.0,b
r3Qrk1/pp1n3p/2p1p3/3p1p2/2P5/bP2P3/P1BP1PPP/1R2K2R b K - 0 15,0.0,b
4rr2/pp1n2kp/2p1p3/3p1p2/2P5/bP2PK2/P1BP1PPP/1R5R b - - 3 17,0.0,b
4rr2/pp4kp/2p1p3/4np2/2P2K2/b3P3/P1BP1PPP/1R5R b - - 2 19,0.0,b
4r3/pp3rkp/2p1p1n1/5pK1/B1P5/b3P3/P2P1PPP/1R5R b - - 6 21,0.0,b
3r4/pR1r2kp/2p1p1n1/5pK1/B1P5/b3P3/P2P1PPP/3R4 b - - 0 23,0.0,b
3r4/pr2b1kp/2B1p1n1/5p1K/2P5/4P3/P2P1PPP/3R4 b - - 0 25,0.0,b
1r1r4/p3b1kp/4p3/4np1K/2P5/4P3/P2PBPPP/3R4 b - - 4 27,0.0,b
1r1r4/p3b1kp/4p3/4np1K/2PP4/4P3/P3BPPP/3R4 b - - 0 29,0.0,b
1r1r4/p3bnkp/8/3R1p1K/2P5/4P3/P3BPPP/8 b - - 0 31,0.0,b
8/p3bnkp/1r6/3P1p1K/8/3BP3/P4PPP/8 b - - 2 33,0.0,b
5k2/p2r1p1p/1p2bnp1/1P6/3rP2n/R4PNP/4B1P1/4R1K1 w - - 0 37,0.0,w
5k2/r4p1p/1p2bnp1/1P6/3rP2n/5PNP/4B1P1/R5K1 w - - 0 39,0.0,w
5k2/1r3p1p/Rp2bnp1/1P6/4P2n/5PNP/4B1P1/6K1 w - - 3 41,0.0,w
5k2/1r1n1p1p/1p2b1p1/1P2P3/R7/5PNP/4B1n1/6K1 w - - 0 43,0.0,w
5k2/2rn1p1p/1p4p1/1P1bP3/R4P2/6NP/4B1K1/8 w - - 1 45,0.0,w
5k2/3n1p1p/1p4p1/1P1bP3/R3NP2/2r2K1P/4B3/8 w - - 5 47,0.0,w
5k2/3n1p1p/1p4p1/1P1bP3/R3NPB1/3r4/5K2/8 w - - 2 49,0.0,w
5k2/5p1p/1p4p1/1P2P3/R4PB1/3r1b2/5K2/8 w - - 2 51,0.0,w
5k2/5p1p/1p4p1/1P2P3/R4P2/8/4Br2/8 b - - 1 53,0.0,b
5k2/5p1p/1p4P1/1P2r3/R7/8/8/8 b - - 0 55,0.0,b
4r1k1/pp1bb1np/2p3p1/P2p4/6P1/2P5/1P1N2K1/R1BB1r2 w - - 0 27,1.0,w
5rk1/pp1bb2p/P1p1n1p1/3p4/6P1/2P5/1P1N4/R1BB1K2 w - - 1 29,1.0,w
6k1/p2bbr1p/Ppp1n1pB/3p4/6P1/2P2N2/1P6/R2B1K2 w - - 2 31,1.0,w
3b2k1/p2b1r1p/Ppp3pB/2npN3/6P1/2P5/1P2K3/R2B4 w - - 6 33,1.0,w
3b4/p2b1k1p/Ppp3pB/3p4/6P1/2Pn1K2/1P6/R2B4 w - - 2 35,1.0,w
3b4/p2b1k1p/Ppp3p1/2np4/5BP1/2P1K3/1P6/1R1B4 b - - 6 37,1.0,b
1B6/p2bbk1p/Ppp3p1/2n5/3P2P1/4K3/1P6/1R1B4 b - - 0 39,1.0,b
1B6/p4k1p/Ppp3p1/2n3b1/3P2B1/8/1P2K3/1R6 b - - 2 41,1.0,b
8/B4k1p/Ppp3p1/6b1/3n2B1/3K4/1P6/1R6 b - - 1 43,1.0,b
8/P4k1p/1Bp2bp1/1n6/6B1/3K4/1P6/1R6 b - - 0 45,1.0,b
8/B4k1p/2p3p1/8/6B1/3K4/1R6/8 b - - 0 47,1.0,b
8/B7/2B2kp1/7p/8/3K4/1R6/8 b - - 0 49,1.0,b
8/B7/6p1/5k2/4B2p/3K4/1R6/8 b - - 3 51,1.0,b
8/B3k3/6R1/8/4B2p/3K4/8/8 b - - 0 53,1.0,b
8/5k2/6R1/2B5/4B3/2K4p/8/8 b - - 1 55,1.0,b
8/6k1/8/2B5/4B3/2K5/7R/8 b - - 0 57,1.0,b
8/8/4k3/2B2R2/4B3/2K5/8/8 b - - 4 59,1.0,b
8/2k5/8/3B1R2/8/B1K5/8/8 b - - 8 61,1.0,b
8/2k5/5R2/3B4/1B6/2K5/8/8 b - - 12 63,1.0,b
2k5/5R2/8/3B4/8/B1K5/8/8 b - - 16 65,1.0,b
2k5/5R2/8/3B4/8/B1K5/8/8 b - - 20 67,1.0,b
4k3/5R2/4B3/8/8/2K5/8/2B5 b - - 24 69,1.0,b
4k3/5R2/4B3/8/8/2K5/8/2B5 b - - 28 71,1.0,b
4k3/5R2/4B3/8/8/B1K5/8/8 b - - 32 73,1.0,b
4k3/5R2/8/3B4/1B6/2K5/8/8 b - - 36 75,1.0,b
2k5/5R2/1B6/3B4/8/2K5/8/8 b - - 40 77,1.0,b
5rk1/pp1b2np/3b2p1/P1pp4/6P1/1NP5/1P4K1/R1BB4 w - - 0 29,1.0,w
5rk1/p2b2np/Pp1b2pB/3p4/2p3P1/1NP5/1P4K1/R2B4 w - - 0 31,1.0,w
5r2/p2b1knp/Pp4pB/3pb3/2p3P1/2P2B2/1P4K1/R1N5 w - - 4 33,1.0,w
5r2/p4knp/bp4pB/3pb3/2p3P1/2P2B2/1P2N1K1/4R3 w - - 0 35,1.0,w
5r2/p5np/bp1k2pB/3Bb3/2p3P1/2P5/1P2N1K1/R7 w - - 3 37,1.0,w
4r3/R5np/1p4pB/3kb3/2p3P1/2P5/1P2N1K1/8 w - - 1 39,1.0,w
6r1/R5bp/1p4p1/3k4/2p3P1/2P2K2/1P2N3/8 w - - 2 41,1.0,w
6r1/R5bp/1p2N1p1/3k4/2p3P1/2P2K2/1P6/8 w - - 6 43,1.0,w
8/6Np/1p1k2p1/8/2p3P1/2P2K2/1P6/8 w - - 1 45,1.0,w
4N3/4k2p/1p4p1/8/2p3P1/2P3K1/1P6/8 w - - 5 47,1.0,w
4N3/3k3p/1p4p1/8/2p3P1/2P3K1/1P6/8 w - - 9 49,1.0,w
8/4k2N/1p4p1/8/2p3P1/2P3K1/1P6/8 w - - 1 51,1.0,w
4k3/8/6p1/1p6/2p3P1/2P2NK1/1P6/8 w - - 0 53,1.0,w
8/8/4k1p1/1N6/2p3P1/2P3K1/1P6/8 w - - 1 55,1.0,w
8/8/5kp1/8/2p3P1/N1P2K2/1P6/8 w - - 5 57,1.0,w
8/8/5kp1/8/2N1K1P1/2P5/1P6/8 w - - 3 59,1.0,w
8/4k3/8/6p1/2N3P1/2P2K2/1P6/8 w - - 2 61,1.0,w
8/8/6k1/6p1/4N1P1/2P2K2/1P6/8 w - - 6 63,1.0,w
8/6k1/8/6p1/4N1P1/2P1K3/1P6/8 w - - 10 65,1.0,w
8/4k3/8/6N1/5KP1/2P5/1P6/8 w - - 3 67,1.0,w
8/2k5/8/4K3/4N1P1/2P5/1P6/8 w - - 7 69,1.0,w
8/k7/8/6P1/3KN3/2P5/1P6/8 w - - 1 71,1.0,w
8/2k3P1/8/8/3KN3/2P5/1P6/8 w - - 1 73,1.0,w
6Q1/4k3/8/2N5/3K4/2P5/1P6/8 w - - 3 75,1.0,w
4k3/p4p2/1p1n1p1p/3P4/1P1K2P1/P2B4/5P1P/8 w - - 1 34,0.0,w
8/p2k1p2/B2n1p1p/1p1P4/1P1K2P1/P7/5P1P/8 w - - 0 36,0.0,w
8/p4p2/Bk1n1p1p/1p1P4/1P4P1/P2K1P2/7P/8 w - - 1 38,0.0,w
2n5/p1k2p2/5p1p/1p1P4/1P4P1/P4P2/2K4P/8 w - - 2 40,0.0,w
8/p3np2/3k1p1p/1p1P4/1P2K1P1/P4P2/7P/8 w - - 6 42,0.0,w
8/p3np2/3k1p1p/1p6/1P2K1P1/P4P2/7P/8 w - - 2 44,0.0,w
8/p4p2/3k3p/1p3n2/1P6/P2K1P2/7P/8 w - - 0 46,0.0,w
8/p4p2/3kn2p/1p6/1P3K2/P4P2/7P/8 w - - 4 48,0.0,w
8/p4p2/2k1nK1p/1p6/1P6/P4P2/7P/8 w - - 8 51,0.0,w
8/p7/6Kp/1p1k4/1P1n4/P4P2/7P/8 w - - 3 53,0.0,w
8/p5K1/8/1p1k3p/1P6/P4n1P/8/8 w - - 0 55,0.0,w
8/p7/8/1p1k1K2/1P1n3p/P6P/8/8 w - - 2 57,0.0,w
8/p7/8/1p1k4/1P5p/n3K2P/8/8 b - - 1 59,0.0,b
8/p7/8/1p6/1k3K1p/n6P/8/8 w - - 1 62,0.0,w
8/p7/8/2k5/1p4Kp/n6P/8/8 w - - 0 64,0.0,w
8/8/8/p1k3K1/8/np5P/8/8 w - a6 0 66,0.0,w
8/8/8/p1k5/5K1P/n7/8/1q6 w - - 0 68,0.0,w
8/8/8/p1k4q/8/n5K1/8/8 b - - 1 70,0.0,b
8/8/8/2k4q/p7/6K1/2n5/8 b - - 3 72,0.0,b
8/8/1k6/7q/8/p7/2n3K1/8 b - - 1 74,0.0,b
8/8/1k6/7q/8/4K3/p7/n7 b - - 3 76,0.0,b
8/8/1k6/7q/8/1n2K3/8/q7 b - - 1 78,0.0,b
5k2/p2r1ppp/1p2bn2/1P2P3/3r3n/5PNP/4B1P1/R3R1K1 b - - 0 36,1.0,b
5k2/p2r1ppp/1p2b3/1P2P3/3r1n1n/R4PNP/4B1P1/R5K1 b - - 4 38,1.0,b
4k3/R2r1ppp/1p2b3/1P1rP3/5n1n/5PNP/6P1/R4BK1 b - - 0 40,1.0,b
4k3/R2r1ppp/1p2b3/1P1rPN2/8/5P1P/8/R4BK1 b - - 0 42,1.0,b
R3k3/1r3ppp/1p6/1P1rPb2/8/5P1P/8/R4BK1 b - - 3 44,1.0,b
8/4kppp/1R6/1P1rPb2/8/5P1P/8/R4BK1 b - - 0 46,1.0,b
8/R2bkppp/1R6/1P2r3/7P/5P2/8/5BK1 b - - 0 48,1.0,b
8/R2bkppp/4R3/1P6/7P/5P2/5K2/5B2 b - - 0 50,1.0,b
8/R2b2pp/1P2k3/5p2/7P/5P1B/5K2/8 b - - 0 52,1.0,b
2b5/1P4R1/4k3/5p1p/7P/5P1B/5K2/8 b - - 0 54,1.0,b
8/8/1R3k2/5p1p/7P/5P1B/5K2/8 b - - 2 56,1.0,b
8/8/8/5R1p/3k3P/5P1B/5K2/8 b - - 0 58,1.0,b
8/8/4B3/7R/7P/1k3P2/5K2/8 b - - 2 60,1.0,b
8/8/4B3/1R6/7P/k3KP2/8/8 b - - 6 62,1.0,b
8/8/4B3/k6P/8/4KP2/8/1R6 b - - 0 64,1.0,b
8/8/8/7P/8/kB2KP2/8/1R6 b - - 4 66,1.0,b
8/7P/8/1k6/8/1B2KP2/8/1R6 b - - 0 68,1.0,b
7Q/8/1k6/8/8/1B2KP2/8/R7 b - - 2 70,1.0,b
7Q/8/1k6/8/8/1B2KP2/8/R7 b - - 6 72,1.0,b
8/8/8/2k5/8/4KP1Q/8/R2B4 b - - 10 74,1.0,b
8/8/8/1k6/R5Q1/4KP2/8/3B4 b - - 14 76,1.0,b
8/2k5/4Q3/8/R7/1B2KP2/8/8 b - - 18 78,1.0,b
8/3Q4/1k6/3B4/R7/4KP2/8/8 b - - 22 80,1.0,b
r1bq1rk1/1pp2pbp/3p1np1/pPn1p3/P2P4/5NP1/1BP1PPBP/R2Q1RK1 b - - 0 10,1.0,b
r1bqr1k1/1pp2pbp/3p1np1/pPP5/P3p3/6P1/1BP1PPBP/R2QNRK1 b - - 2 12,1.0,b
r1br2k1/1pp2pbp/5np1/pPp1B3/P3p3/6P1/2P1PPBP/R3NRK1 b - - 1 14,1.0,b
r2r2k1/1pp2pbp/5np1/pPp1B3/P5b1/5BP1/2P1P2P/R3NRK1 b - - 0 16,1.0,b
r3r1k1/1pp2pbp/5np1/pPp1B3/P7/5NP1/2P1P2P/1R3RK1 b - - 2 18,1.0,b
r3r1k1/1pB2pbp/6p1/pPp5/P7/4nNP1/2P1P2P/3R1RK1 b - - 0 20,1.0,b
r5k1/1p3pbp/1B4p1/pPp5/P7/5NP1/2P1r2P/3R2K1 b - - 1 22,1.0,b
r5k1/1p3p1p/1B4p1/pPp5/P2N4/6P1/2r4P/4R1K1 w - - 0 25,1.0,w
r7/1p2Rpkp/1B4p1/pP6/P1p5/6P1/2N4P/6K1 w - - 2 27,1.0,w
1r6/2R2p1p/1B3kp1/pP6/P1p5/6P1/2N4P/6K1 w - - 3 29,1.0,w
1r6/2R2p1p/6p1/1P4k1/P7/2B3P1/2N4P/6K1 w - - 1 31,1.0,w
8/5R1p/6p1/1P4k1/r7/2B3P1/2N2K1P/8 w - - 0 33,1.0,w
8/7R/6p1/1P3k2/8/6P1/r1NB1K1P/8 w - - 3 35,1.0,w
8/2R5/rP4p1/8/4k3/6P1/2NB1K1P/8 w - - 1 37,1.0,w
8/1P2R3/1r4p1/5k2/8/6P1/2NB1K1P/8 w - - 1 39,1.0,w
8/1P2R3/1r4p1/3N4/6k1/6P1/3B1K1P/8 w - - 5 41,1.0,w
8/1R6/6p1/3N1k2/8/6P1/3B1K1P/8 w - - 1 43,1.0,w
8/4R3/8/3N1k2/6p1/6P1/5K1P/2B5 w - - 0 45,1.0,w
8/4R3/8/6k1/6p1/B3N1P1/5K1P/8 w - - 4 47,1.0,w
8/5k2/8/4R3/6N1/B5P1/5K1P/8 w - - 1 49,1.0,w
8/5k2/8/4R3/6N1/B5P1/5K1P/8 w - - 5 51,1.0,w
8/6k1/3B4/4R3/8/4N1P1/5K1P/8 w - - 9 53,1.0,w
7k/8/3B4/6R1/6N1/6P1/5K1P/8 w - - 13 55,1.0,w
5B1k/8/8/6R1/8/4N1P1/5K1P/8 w - - 17 57,1.0,w
8/8/3B3k/6R1/8/4N1PP/5K2/8 w - - 1 59,1.0,w
7k/8/8/5NR1/5B2/6PP/5K2/8 w - - 5 61,1.0,w
7k/6R1/8/4BN2/8/6PP/5K2/8 w - - 9 63,1.0,w
rnbq1rk1/ppb2ppp/2p2n2/2Pp4/1P2p3/P2PP3/2Q1BPPP/RNB2RK1 b - - 0 9,0.0,b
r2q1rk1/ppb2ppp/n1p2n2/2Pp4/1P2P1B1/P3P3/2Q2PPP/RNB2RK1 b - - 0 11,0.0,b
r2q1rk1/ppn2ppp/2p2n2/1PPpb3/4P3/P3P3/2Q1BPPP/RNB2RK1 b - - 2 13,0.0,b
r2q1rk1/p1n2ppp/2p2n2/2PP4/8/P3P3/2Q1BPPP/bNB2RK1 b - - 0 15,0.0,b
r4rk1/p1n2ppp/2p2n2/2Pq4/8/P1Q1P3/4BPPP/2B2RK1 b - - 0 17,0.0,b
r3r1k1/p1n2ppp/2p2n2/2P2q2/8/P1Q1PB2/5PPP/2BR2K1 b - - 4 19,0.0,b
3r2k1/p1n2ppp/2p2n2/2P2q2/8/P1Q1PB2/1B3PPP/6K1 b - - 1 21,0.0,b
3r2k1/p1n2ppp/2p2n2/2P5/8/P3PB2/5PPP/2B3K1 b - - 0 23,0.0,b
3r2k1/p1n2ppp/2B5/2n5/8/P3P3/5PPP/2B2K2 b - - 0 25,0.0,b
6k1/p1n2ppp/2B5/2n5/8/P3PK2/5PPP/2r5 b - - 1 27,0.0,b
6k1/p1n2ppp/8/8/P3B3/1nr1PK2/5PPP/8 b - - 2 29,0.0,b
6k1/p1n2ppp/8/8/P1r1BK2/4PP2/3n2PP/8 b - - 0 31,0.0,b
6k1/p4ppp/8/3n4/P1r1P3/4P1K1/6PP/8 b - - 0 33,0.0,b
6k1/p4ppp/8/3n4/P7/4r3/5KPP/8 b - - 1 35,0.0,b
6k1/p5pp/5p2/3n4/P7/r5P1/4K2P/8 b - - 2 37,0.0,b
6k1/p5pp/8/3n1p2/r5P1/7P/4K3/8 b - - 0 39,0.0,b
6k1/p5pp/8/3n3P/r7/6p1/4K3/8 b - - 0 41,0.0,b
6k1/p5pp/8/3n3P/r7/8/4K3/6q1 b - - 1 43,0.0,b
6k1/6pp/p7/3n3P/r7/3K4/8/q7 b - - 3 45,0.0,b
rnbq1rk1/ppp1ppbp/3p1np1/8/PP6/5NP1/1BPPPPBP/R2QK2R b KQ - 1 6,0.0,b
rn1q1rk1/pppbpp1p/3p1bp1/8/PP6/5NP1/2PPPPBP/R2Q1K1R b - - 1 8,0.0,b
r2q1rk1/pppbpp1p/3p1bp1/nP6/P7/5NP1/2PPPPBP/1R1Q1K1R b - - 2 10,0.0,b
r3qrk1/pppbpp1p/5bp1/nP1p4/PR6/2P2NP1/3PPPBP/3Q1K1R b - - 0 12,0.0,b
r3qrk1/pp1bpp1p/5R2/nPpp2p1/P7/2P2NP1/3PPPBP/3Q1K1R b - - 0 14,0.0,b
r3qrk1/pp3p1p/4bp2/nPpp2p1/P7/2P1PNP1/3P1PBP/4QK1R b - - 2 16,0.0,b
r3qrk1/pp3p1p/5pb1/nPpp2p1/P7/2P1PNPP/3P1PB1/4Q1KR b - - 0 18,0.0,b
r3qrk1/pp3p1p/1P3p2/n1pp2p1/P7/2PbPNPP/5PB1/4Q1KR b - - 0 20,0.0,b
r4rk1/1p3p1p/1p3p2/n1pB2p1/q7/2PbP1PP/3N1P2/4Q1KR b - - 0 22,0.0,b
r2r2k1/1p3p1p/1p3p2/n1p3p1/8/2PbPNPP/2q2PB1/4Q1KR b - - 4 24,0.0,b
r2r2k1/1p3p1p/1p3p2/n1p3N1/8/2P1P1PP/5PB1/1b4KR b - - 0 26,0.0,b
r5k1/1p3p1p/1p6/n1p3p1/7P/2P1P1P1/5PBK/1b1r3R b - - 2 28,0.0,b
r5k1/1p3p1p/1p6/n1p5/7P/2P1P3/5P1K/1b5B b - - 0 30,0.0,b
4r3/1p3pkp/1p6/n1pB4/7P/2P1P1K1/5P2/1b6 b - - 4 32,0.0,b
8/1p3p1p/1p3k2/n1p5/4r2P/2P1PK2/5P2/1b6 b - - 1 34,0.0,b
8/1p3p1p/1p3k2/2p5/7r/1nP1PK2/5P2/1b6 b - - 3 36,0.0,b
8/1p3p1p/1p3k2/2p5/5K2/1nr1P3/5P2/1b6 b - - 1 38,0.0,b
8/1p3p1p/1p3k2/2p5/4n3/2r1P3/5PK1/1b6 b - - 5 40,0.0,b
8/1p3p1p/1p1n1k2/2p5/8/r3PP2/5K2/1b6 b - - 2 42,0.0,b
8/1p3p1p/1p1n1k2/8/2p1P3/5PK1/r7/1b6 b - - 2 44,0.0,b
8/1p3p1p/1p1n1k2/r7/4P1K1/2p2P2/8/1b6 b - - 1 46,0.0,b
8/1p3p1p/1p3k2/r7/4nP2/5K2/2p5/1b6 b - - 1 48,0.0,b
8/1p3p1p/1p3k2/r4P2/4n1K1/8/8/1b3q2 b - - 2 52,0.0,b
5rk1/1pb2pp1/p1p1r3/P1Pp1bNn/1P1BnPq1/3BP3/R5pP/3Q1RK1 w - - 0 27,0.0,w
5rk1/1pb2pp1/p1p3r1/P1Pp1bNn/1P1BnP2/3BP3/6RP/3R2K1 w - - 1 29,0.0,w
5rk1/1pb2pp1/p1p5/P1P2b1n/1P1BpP2/4P3/6rP/1B1R2K1 w - - 0 31,0.0,w
3r2k1/1pb2pp1/p1p5/P1P2b2/1P1Bpn2/4P3/5K1P/1B1R4 w - - 0 33,0.0,w
3r2k1/1p3pp1/p1p5/P1P2b2/1P1Bp3/8/2B2K1b/3R4 w - - 0 35,0.0,w
4r1k1/1p3pp1/p1p5/P1P2b2/1P6/2B1K3/2B4b/3R4 w - - 1 37,0.0,w
1b4k1/1p3pB1/p1p5/P1P2b2/1P2r3/4K3/8/3R4 w - - 0 39,0.0,w
8/1p3pk1/p1p5/P1P2b2/1P2rb2/8/3K4/5R2 w - - 2 41,0.0,w
8/1p3pk1/p1p5/P1P1bb2/1P3r2/3K4/8/5R2 w - - 6 43,0.0,w
8/1p3pk1/p1p5/P1P2b2/1P6/8/8/b4K2 w - - 1 45,0.0,w
8/1p3pk1/p7/PpP2b2/8/2b5/5K2/8 w - - 0 47,0.0,w
8/1p3pk1/p7/1pP2b2/1b6/8/6K1/8 w - - 2 49,0.0,w
8/1p3pk1/p1b5/1p6/1b6/8/8/5K2 w - - 0 51,0.0,w
8/1p1b1pk1/p7/1p6/1b3K2/8/8/8 b - - 4 53,0.0,b
8/1p3p2/p5k1/1p6/1b6/5b2/8/8 w - - 0 56,0.0,w
r3rnk1/pp1bbpnp/2p2Pp1/3pP3/6P1/2P5/PPBN3P/R1B2R1K b - - 0 19,0.5,b
r2brn2/pp1b1pkp/2p3p1/3pP3/6P1/1BP5/PP1N3P/R1B2R1K b - - 1 21,0.5,b
r3rn2/pp3pkp/2p1b1p1/3pP1b1/6P1/1BP3K1/PP1N3P/R1B2R2 b - - 5 23,0.5,b
r3r3/pp3pkp/2p1b1p1/2npP1b1/6P1/1BP2NK1/PP5P/R1B1R3 b - - 9 25,0.5,b
r2br3/pp3pkp/2p1b1p1/3pP3/3N2P1/1PP3K1/1P5P/R1B1R3 b - - 2 27,0.5,b
r1bbr3/pp3pkp/2p3p1/3pP3/3N2P1/1PP3K1/1P1B3P/R2R4 b - - 6 29,0.5,b
r2b4/pp1b1pkp/2p3p1/3pr1P1/3N1B2/1PP3K1/1P5P/R2R4 b - - 2 31,0.5,b
r3r3/pp1b1pkp/2p3p1/3p2N1/5B2/1PP3K1/1P5P/R2R4 b - - 0 33,0.5,b
r3r3/pp4kp/2p2pp1/3p1b2/5B2/1PP2NK1/1P1R3P/R7 b - - 1 35,0.5,b
r3r3/pp3k1p/5ppB/2pp1b2/7N/1PP3K1/1P1R3P/R7 b - - 1 37,0.5,b
r3r3/pp3k1p/4bppB/2p5/3P3N/1P4K1/1P1R3P/5R2 b - - 0 39,0.5,b
r3r3/pp1R1k1p/5ppB/8/7N/1b4K1/1P5P/5R2 b - - 1 41,0.5,b
4r3/pp2rk1p/5ppB/8/7N/1b3RK1/1P1R3P/8 b - - 5 43,0.5,b
4r3/pp2r2p/4kppB/8/2b3KN/8/1P1R1R1P/8 b - - 9 45,0.5,b
4r3/pp2rk1p/5ppB/1b6/6KN/8/1P1R1R1P/8 b - - 13 47,0.5,b
4r3/pp3k1p/5pp1/1b6/2r2B1N/6K1/1P1R1R1P/8 b - - 17 49,0.5,b
8/pp3k1p/6p1/1b3p2/2r1rB2/4N1K1/1P1R1R1P/8 b - - 1 51,0.5,b
6k1/pR5p/2r3p1/1b3p2/4rB2/4N1K1/1P3R1P/8 b - - 0 53,0.5,b
2r3k1/6Rp/p5pB/1b3p2/4r3/4N1K1/1P3R1P/8 b - - 3 55,0.5,b
4r2k/2R4p/p5pB/1b3p2/4r3/4N1K1/1P3R1P/8 b - - 7 57,0.5,b
4r2k/2R4p/p5p1/1b6/8/4B1K1/1P3R1P/8 b - - 0 59,0.5,b
4r2k/2R4p/p5p1/1b6/8/6K1/1P3R1P/8 b - - 3 61,0.5,b
3r2k1/7p/p5p1/1bR5/8/6K1/1P4RP/8 b - - 7 63,0.5,b
6k1/7p/p5p1/1bR5/3r4/5K2/1P4RP/8 b - - 11 65,0.5,b
8/7R/p3k1p1/1b6/3r4/5K2/1P4RP/8 b - - 0 67,0.5,b
8/7R/p1b1k1p1/8/4r3/8/1P1K2RP/8 b - - 4 69,0.5,b
8/7R/p1b1k1p1/8/8/5r2/1P2K1RP/8 b - - 8 71,0.5,b
8/R7/p3krp1/1b4R1/8/8/1P2K2P/8 w - - 12 74,0.5,w
8/R7/p2k2p1/1b4R1/3K1r2/8/1P5P/8 w - - 16 76,0.5,w
8/R7/p5R1/1b2k3/1r6/4K3/1P5P/8 w - - 1 78,0.5,w
8/8/p5R1/1b2k3/8/2r1K3/1P5P/8 w - - 0 80,0.5,w
8/8/pR6/4k3/8/2Pb1K2/7P/8 b - - 3 82,0.5,b
8/8/8/p3k3/2b5/2P1K3/7P/1R6 b - - 3 84,0.5,b
8/8/8/4k3/p7/1bP1K3/7P/R7 w - - 3 87,0.5,w
8/8/8/6k1/p7/1bP5/5K1P/1R6 w - - 7 89,0.5,w
8/8/8/4k3/p7/1bP1K3/7P/R7 w - - 11 91,0.5,w
8/8/8/5k2/p1b5/2P3K1/7P/R7 w - - 15 93,0.5,w
6b1/8/8/R7/4k3/2P3K1/7P/8 w - - 3 95,0.5,w
8/5b2/8/7R/4k3/2P3K1/7P/8 w - - 7 97,0.5,w
6b1/7R/8/8/4k3/2P5/5K1P/8 w - - 11 99,0.5,w
r1bqkb1r/pppnpppp/5n2/1B1P4/8/2N5/PPPP1PPP/R1BQK2R b KQkq - 4 4,1.0,b
r1bqkb1r/pppn2pp/4pn2/1B6/8/2N5/PPPP1PPP/R1BQ1RK1 b kq - 1 6,1.0,b
r1bq3r/pppn1kpp/3bpn2/1B6/8/2N2Q2/PPPP1PPP/R1B1R1K1 b - - 5 8,1.0,b
r1bq3r/pp3kpp/2pbpn2/4n3/8/2N3Q1/PPPPBPPP/R1B1R1K1 b - - 3 10,1.0,b
1rbq3r/pp3kpp/2pbpnn1/8/4N3/3Q4/PPPPBPPP/R1B1R1K1 b - - 7 12,1.0,b
1rbr4/pp3kpp/2p1pnn1/4b1N1/8/8/PPPPBPPP/R1B1R1K1 b - - 1 14,1.0,b
1rbr4/ppb1k1pp/2p1pnn1/8/2B5/5N2/PPPP1PPP/R1B1R1K1 b - - 5 16,1.0,b
2rr4/ppbbk1pp/2p1pnn1/8/3P4/1B3N2/PPP2PPP/R1B1R1K1 b - d3 0 18,1.0,b
2rr4/pp1bk1pp/4pnn1/b1p5/3P4/1B3N2/PPPBRPPP/R5K1 b - - 1 20,1.0,b
2rr4/pp1bk1pp/4pnn1/8/3p4/1B6/PPPNRPPP/4R1K1 b - - 1 22,1.0,b
2rr4/pp2k1pp/2b1Bn2/4R3/3p1n2/8/PPPN1PPP/4R1K1 b - - 0 24,1.0,b
2rr1k2/pp4pp/2b2R2/8/3p4/8/PPPN1PPP/4R1K1 b - - 0 26,1.0,b
2rr1k2/pp5p/5p2/8/3p4/1N6/PPP2PKP/4R3 b - - 0 28,1.0,b
3r4/pp3k1p/5p2/8/3p4/1N3K2/PPr2P1P/1R6 b - - 3 30,1.0,b
2rr4/pp3k1p/5p2/8/8/3p1K2/PP3P1P/2NR4 b - - 1 32,1.0,b
2r5/pp3k1p/5p2/8/4K3/1N1r4/PP1p1P1P/3R4 b - - 3 34,1.0,b
8/pp3k1p/5p2/8/8/1P1K4/1Prp1P1P/3R4 b - - 2 36,1.0,b
8/pp3k1p/5p2/8/3K4/1P6/r2p1P1P/3R4 b - - 3 38,1.0,b
8/pp3k1p/5p2/8/8/1PK5/r2R1P1P/8 b - - 0 40,1.0,b
8/pp5p/4kp2/8/8/1PK5/5P1P/8 b - - 2 42,1.0,b
8/pp5p/5p2/8/4K1k1/1P6/5P1P/8 b - - 6 44,1.0,b
8/pp5p/5K2/8/8/1P6/5P1k/8 b - - 0 46,1.0,b
8/pp4Kp/8/8/5P2/1P6/8/6k1 b - f3 0 48,1.0,b
8/pp4Kp/5P2/8/8/1P6/5k2/8 b - - 0 50,1.0,b
5Q2/1p4Kp/p7/8/8/1P4k1/8/8 b - - 0 52,1.0,b
8/1Q4Kp/8/p7/8/1P6/5k2/8 b - - 0 54,1.0,b
8/7K/8/p2Q4/8/1P6/5k2/8 b - - 2 56,1.0,b
8/8/6K1/3Q4/P7/6k1/8/8 b - - 0 58,1.0,b
8/8/P5K1/3Q4/8/4k3/8/8 b - - 0 60,1.0,b
Q7/8/6K1/3Q4/8/8/5k2/8 b - - 0 62,1.0,b
8/8/6K1/8/Q5k1/1Q6/8/8 b - - 4 64,1.0,b
5r1k/2p3b1/1p1p2pp/pPnPp2n/P3Pq2/3P1P2/2R3BP/3QR2K b - - 5 39,0.0,b
5r1k/2p3b1/1p1p1npp/pPnPp3/P3P2q/3P1P2/2R1R1BP/3Q2K1 b - - 9 41,0.0,b
5r1k/2p3b1/1p1p3p/pPnPp1pn/P3P2q/3P1P1P/2RQR1B1/6K1 b - - 0 43,0.0,b
5r1k/2p3b1/1p1p3p/pPRPp1p1/P3Pn2/3PRPqP/3Q2B1/6K1 b - - 0 45,0.0,b
5r1k/2p3b1/1p5p/pPpPp1p1/P3P3/3PRPqP/6Q1/7K b - - 0 47,0.0,b
5rk1/2p3b1/1p5p/pPpPp1p1/P3P3/3P1P1P/4R1K1/8 b - - 2 49,0.0,b
5r2/2p2kb1/1p5p/pP1Pp1p1/P3P3/3p1P1P/4R3/5K2 w - - 0 52,0.0,w
8/2p1k1b1/1p5p/pP1Pp1p1/P3Pr2/3R1P1P/8/5K2 w - - 1 54,0.0,w
8/2pk1rb1/1p5p/pP1Pp1p1/P3P3/2R2P1P/5K2/8 w - - 5 56,0.0,w
8/2pk1rb1/1p5p/pP1Pp1p1/P3P3/2R1KP1P/8/8 w - - 9 58,0.0,w
5r2/2pk4/1p3b1p/pP1Pp1p1/P3P3/2R1KP1P/8/8 w - - 13 60,0.0,w
5r2/2pk4/1p3b1p/pP1Pp1p1/P3P3/2R1KP1P/8/8 w - - 17 62,0.0,w
5r2/2pk4/1p5p/pP1Pp1p1/Pb2P3/5P1P/2R2K2/8 w - - 21 64,0.0,w
8/2pk4/1p5p/pPbPp1p1/P1R1Pr2/5P1P/4K3/8 b - - 25 66,0.0,b
8/2pk4/1p5p/pPbPp1p1/P1R1P3/5P1r/4K3/8 w - - 1 69,0.0,w
8/2pk4/1P5p/p1pPp1p1/P3P3/5Pr1/4K3/8 w - - 1 71,0.0,w
2k5/8/7p/p1pPp3/P3P1p1/5Pr1/4K3/8 w - - 0 73,0.0,w
2k5/8/8/p2Pp1p1/P1p1P3/6r1/4K3/8 w - - 0 75,0.0,w
2k5/8/8/p2Pp1p1/P3P3/1Kp3r1/8/8 b - - 2 77,0.0,b
1k6/8/3P4/p3p3/P3P1p1/2p3r1/2K5/8 b - - 1 79,0.0,b
1k6/3P4/8/p3p3/P3P3/2K3p1/8/6r1 b - - 0 81,0.0,b
3R4/2k5/8/p3p3/P3P3/3K4/6p1/6r1 b - - 0 83,0.0,b
3k4/8/8/p3p3/P3P3/1K6/6p1/2r5 b - - 3 85,0.0,b
3k4/2r5/8/p3p3/P3P3/1K6/8/6q1 b - - 3 87,0.0,b
3k4/8/1r6/p3p3/P3P3/3K4/8/6q1 b - - 7 89,0.0,b
3k4/8/8/p3p3/P1KqP3/8/1r6/8 w - - 11 92,0.0,w
5k2/p1rr1ppp/1p6/1P1nP3/5P1n/R5PP/4N3/R5K1 b - - 0 41,0.0,b
8/p1rrkppp/1p4n1/1P1nP3/3N1P2/3R2PP/8/R5K1 b - - 4 43,0.0,b
8/p1rrkppp/1p6/1P2PN2/5n2/3R3P/8/R5K1 b - - 1 45,0.0,b
8/p1rrkpNp/1p6/1P2P3/5n2/6RP/8/R5K1 b - - 2 47,0.0,b
8/p1rrkpNp/1p6/1P2P3/8/6KP/8/R7 b - - 0 49,0.0,b
8/p1r1kpNp/1p2P3/1P4r1/8/7P/5K2/R7 b - - 2 51,0.0,b
8/R1r4p/1p2k3/1P4r1/8/7P/5K2/8 b - - 0 53,0.0,b
8/7p/1p2k3/1P4r1/8/r6P/8/3K4 b - - 3 55,0.0,b
8/7p/1p2k3/1r6/8/7r/3K4/8 b - - 1 57,0.0,b
8/7p/1p2k3/8/6r1/7r/8/3K4 b - - 5 60,0.0,b
8/7p/1p2k3/8/4r3/7r/2K5/8 b - - 9 62,0.0,b
8/7p/1p2k3/8/2K5/8/7r/4r3 b - - 13 64,0.0,b
8/7p/Kp2k3/8/8/8/2r5/2r5 b - - 17 66,0.0,b
8/7p/Kp2k3/8/8/8/2r5/2r5 b - - 21 68,0.0,b
8/7p/1p3k2/8/1K6/8/r7/2r5 b - - 25 70,0.0,b
8/7p/1p3k2/2r5/8/K7/3r4/8 b - - 29 72,0.0,b
8/7p/1p3k2/2r5/K7/4r3/8/8 b - - 33 74,0.0,b
8/7p/1p3k2/2r5/K7/3r4/8/8 b - - 37 76,0.0,b
8/7p/1p3k2/2r5/1K6/2r5/8/8 w - - 41 79,0.0,w
8/8/1p3k1p/2r5/2r5/1K6/8/8 b - - 2 81,0.0,b
8/8/1p3k2/2r4p/6r1/8/8/1K6 b - - 3 83,0.0,b
8/8/1p3k2/2r5/1r5p/8/K7/8 b - - 1 85,0.0,b
4rrk1/1pb2ppp/p1p1qn2/P1Pp4/1P1BnPb1/N2BPR2/RQ4PP/6K1 w - - 8 20,0.0,w
4r1k1/1pb1rppp/p1p1qn2/P1Pp4/1P1BnPb1/N2BP2P/RQ4P1/5RK1 w - - 1 22,0.0,w
4r1k1/1pb1rpp1/p1p1q2p/P1Pp2Pn/1P1BnP2/N2BP3/RQ4P1/5RK1 w - - 1 24,0.0,w
2q1r1k1/1pb1r1p1/p1p3pp/P1Pp1P1n/1P1Bn3/N2BP3/RQ4P1/5RK1 w - - 0 26,0.0,w
4r1k1/1pb3r1/p1p3Pp/P1Pp3n/1P2n1q1/N2BP3/RQ4P1/5RK1 w - - 0 28,0.0,w
4r1k1/1pb3r1/p1p3Pp/P1P4n/1Pp1q3/4P3/RQ4P1/5RK1 w - - 0 30,0.0,w
4r1k1/1pb3r1/p1p3Pp/P1P4n/1Pp5/8/R4qP1/5RK1 w - - 0 32,0.0,w
4r1k1/1pb2Rr1/p1p4p/P1P4n/1Pp5/8/6P1/5RK1 w - - 2 34,0.0,w
4r3/1pb3k1/p1p4p/P1P5/1Pp2n2/8/6P1/2R3K1 w - - 2 36,0.0,w
4r3/1pb5/p1p2k1p/P1P5/1PR5/3n4/5KP1/8 w - - 3 38,0.0,w
4r3/1pb5/p1p2k1p/P1P5/1Pn5/4K3/6P1/8 w - - 0 40,0.0,w
8/1pb5/p1p2k1p/P1P5/1P2r3/6P1/3n1K2/8 w - - 1 42,0.0,w
8/1p6/p1p2k1p/b1P5/1r6/6P1/3n1K2/8 w - - 0 44,0.0,w
8/1pb5/p1p2k1p/2P5/1r2n3/5KP1/8/8 w - - 4 46,0.0,w
8/1pb5/p1p4p/2n3k1/1r6/5K2/8/8 w - - 0 48,0.0,w
8/1p6/p1p4p/2n1b1k1/4r3/4K3/8/8 w - - 4 50,0.0,w
8/1p6/2p4p/p1n1b1k1/5r2/8/4K3/8 w - - 0 52,0.0,w
8/1p6/2p4p/p1n3k1/3b4/8/5r2/4K3 w - - 4 54,0.0,w
8/1p6/2p4p/p6k/3b4/1n6/5r2/4K3 w - - 8 56,0.0,w
8/1p6/2p3kp/p7/3b4/1n6/5r2/3K4 b - - 12 61,0.0,b
8/1p6/2p3kp/p1n5/8/4b3/5r2/1K6 b - - 16 63,0.0,b
8/1p6/2p3kp/p1n5/8/8/1K1b1r2/8 b - - 20 65,0.0,b
8/1p6/2p2k1p/p1n5/1b6/8/5r2/1K6 b - - 26 72,0.0,b
4qrk1/2p1r1bn/1p1p2pp/pPnPp3/P3p3/3P1PPB/4R2P/2BQ1R1K w - - 0 31,0.0,w
4q1k1/2p1r1b1/1p1p1rpp/pPnPp1n1/P3P3/4BPPB/4R2P/3Q1R1K w - - 3 33,0.0,w
4q1k1/2p1r1b1/1p1p1rpp/pPnPp1n1/P3P1B1/4BPP1/4R1KP/3Q1R2 w - - 7 35,0.0,w
4q1k1/2p1rnb1/1p3rpp/pPpPp3/P3P1B1/5PP1/4R2P/3Q1RK1 w - - 0 37,0.0,w
4q1k1/2p1rnb1/1p4pp/pPpP4/P3PrB1/6P1/4R2P/3Q2K1 w - - 0 39,0.0,w
4q1k1/2p2n2/1p4pp/pPpP4/P2brPB1/8/4R1KP/3Q4 w - - 0 41,0.0,w
6k1/2p2n2/1p4pp/pPpP4/P2b1PB1/4q1K1/7P/3Q4 w - - 2 43,0.0,w
6k1/2p2n2/1p3bpp/pPpP4/P4P2/5B1K/5q1P/3Q4 w - - 6 45,0.0,w
6k1/2p2n2/1p3bBp/pPpP4/P7/4q2K/7P/3Q4 w - - 1 47,0.0,w
6k1/2p2n2/1p3bqp/pPpP4/P7/8/7P/3Q3K w - - 0 49,0.0,w
6k1/2p2n2/1p3b1p/pP1P4/P1p5/8/7P/6K1 w - - 0 51,0.0,w
6k1/2p5/1p1n1b1p/pP1P4/P7/2p5/7P/4K3 w - - 2 53,0.0,w
8/2p3k1/1p1n1b2/pP1P3p/P7/2p5/4K2P/8 w - - 2 55,0.0,w
4n3/2p3k1/1p6/pP1Pb2p/P7/2pK3P/8/8 w - - 1 57,0.0,w
8/2p2k2/1p3n2/pP1Pb2p/P7/2pK3P/8/8 w - - 5 59,0.0,w
8/2p2k2/1p6/pP1nb2p/P6P/8/2p1K3/8 w - - 0 61,0.0,w
8/2p2k2/1p3b2/pP5p/Pn5P/8/2p5/2K5 b - - 5 63,0.0,b
8/2p2k2/1p6/pP4bp/Pn6/8/2p5/4K3 b - - 3 65,0.0,b
8/2p2k2/1p6/pP4bp/Pn6/5K2/8/6q1 b - - 3 67,0.0,b
3rr1k1/p2bqppp/5nn1/1pp5/8/1P2P1NP/P3QPP1/1BR1R1K1 w - - 0 23,0.0,w
3rr1k1/p2b1pp1/5np1/1pp1q3/8/1P2PQNP/P4PP1/2R1R1K1 w - - 0 25,0.0,w
r3r1k1/Q2b1pp1/4qnp1/1pp5/8/1P2P1NP/P4PP1/2R1R1K1 w - - 1 27,0.0,w
4r1k1/3b1pp1/5np1/1pQ5/8/1q2P1NP/r4PP1/2RR2K1 w - - 0 29,0.0,w
4r1k1/3b1p2/5pp1/1pQ5/q7/4P1NP/r4PP1/2R3K1 w - - 0 31,0.0,w
4r1k1/5p2/4bpp1/1p6/8/4P1NP/q4PP1/2R3K1 w - - 0 33,0.0,w
q3r1k1/5p2/5pp1/1p6/8/4P2b/4NPP1/3R2K1 w - - 0 35,0.0,w
4r1k1/5p2/5pp1/1p6/8/2N1P2q/5P2/3R2K1 w - - 0 37,0.0,w
4r1k1/5p2/5pp1/1N6/8/4P3/5P2/3q1K2 w - - 0 39,0.0,w
4r1k1/5p2/5pp1/1N6/4P3/3q4/5PK1/8 w - - 1 41,0.0,w
6k1/2N2p2/5pp1/8/8/3q1P2/4r1K1/8 w - - 1 43,0.0,w
6k1/2N2p2/5pp1/8/7K/5P2/4r2q/8 w - - 5 45,0.0,w
3q1r1k/2p2rbn/1p1p2pp/pPnP4/P3Pp2/3P1P1B/7P/2BQRR1K w - - 0 35,0.5,w
3q1r1k/2p1r1b1/1p1pB1pp/pPnP2n1/P3Pp2/3P1P2/7P/2BQR1RK w - - 4 37,0.5,w
3q1r1k/2p1r3/3pB1pp/pPpP2n1/P3Pp2/2bP1P2/7P/3QR1RK w - - 0 39,0.5,w
3q1r1k/2p1r3/3pB1pp/pPpP4/P3Pp1P/3P1Q2/8/4b1RK w - - 0 41,0.5,w
5r1k/2p5/3pP1pp/pPp5/P3Pp1q/3P1Q2/8/4R2K w - - 0 43,0.5,w
4r2k/2p5/1P1pP1pp/p1p5/P3Pp2/3P1Q2/6K1/4q3 w - - 1 45,0.5,w
7k/2P5/3pr1pp/p1p5/P3Pp2/3P1Q2/3q4/5K2 w - - 0 47,0.5,w
8/7k/3pQ1pp/p1p5/P3Pp2/3P1Q2/8/2q2K2 w - - 1 49,0.5,w
8/7k/3pQ1pp/p1p5/P3Pp2/3P1Q2/8/2q2K2 w - - 5 51,0.5,w
8/7k/3pQ1pp/p1p5/P2qPp2/5Q2/5K2/8 w - - 0 53,0.5,w
8/7k/3pQ1pp/p1p5/P3qp2/8/8/5K2 w - - 0 55,0.5,w
8/6k1/6pp/p1pp4/P4Q2/8/8/5K2 w - - 0 57,0.5,w
8/6k1/6pp/p1pQ4/P7/8/8/5K2 w - - 1 59,0.5,w
8/5k2/7p/Q5p1/P7/8/8/5K2 w - - 0 61,0.5,w
3k4/8/4Q2p/6p1/P7/8/8/5K2 w - - 4 63,0.5,w
8/8/4k3/6Q1/P7/8/8/5K2 w - - 1 65,0.5,w
8/8/2k5/P5Q1/8/8/5K2/8 w - - 1 67,0.5,w
8/2k5/P4Q2/8/8/8/5K2/8 w - - 3 69,0.5,w
8/P3Q3/k7/8/8/8/5K2/8 w - - 3 71,0.5,w
R7/2Q5/8/8/1k6/8/5K2/8 w - - 3 73,0.5,w
8/2Q5/8/8/8/8/k4K2/1R6 w - - 7 75,0.5,w
8/2Q5/8/8/8/8/5K2/k7 w - - 0 77,0.5,w
8/8/8/8/8/2Q3K1/k7/8 w - - 4 79,0.5,w
8/8/8/8/8/2Q3K1/k7/8 w - - 8 81,0.5,w
2rr4/pp3pkp/8/3N1p2/1PP1n3/P2B4/2R2PPP/6K1 w - - 0 26,0.5,w
2r5/pp3pkp/8/8/1PP1p3/P2rN3/2R2PPP/6K1 w - - 2 28,0.5,w
2r5/pp2kp1p/8/8/PPP1p3/3rN3/2R2PPP/5K2 w - - 3 30,0.5,w
2r5/pp1r1p1p/4k3/2P5/PP2p3/4N3/2R1KPPP/8 w - - 1 32,0.5,w
8/p2r1p1p/2p1k3/8/PP2p3/4N3/4KPPP/8 w - - 0 34,0.5,w
8/pr3p1p/2pk4/8/PP1Np3/8/4KPPP/8 w - - 4 36,0.5,w
8/pr3p1p/2k5/1N6/P3p3/8/4KPPP/8 w - - 1 38,0.5,w
8/1r3p1p/p7/2k5/P2Np3/4K3/5PPP/8 w - - 2 40,0.5,w
8/3r1p1p/p7/2k5/P3K3/8/2N2PPP/8 w - - 3 42,0.5,w
8/5p1p/p7/2k5/P7/r3NK2/5PPP/8 w - - 7 44,0.5,w
8/5p1p/p7/2k1K3/8/4N3/r4PPP/8 w - - 2 46,0.5,w
8/5p1p/p7/1k6/5KN1/8/4rPPP/8 w - - 6 48,0.5,w
8/5p1p/p7/2k1N3/8/8/4KPPP/8 b - - 2 50,0.5,b
8/7p/p7/3k1pN1/8/8/4KPPP/8 b - - 3 52,0.5,b
8/8/p6N/5p2/2k5/8/4KPPP/8 b - - 0 54,0.5,b
8/8/p7/5N2/3k4/5K2/5PPP/8 b - - 0 56,0.5,b
8/8/p3k3/8/4K3/4N3/5PPP/8 b - - 4 58,0.5,b
8/2N5/p7/2k5/4K3/8/5PPP/8 b - - 8 60,0.5,b
8/2N5/p7/2k5/4K3/8/5PPP/8 b - - 12 62,0.5,b
N7/8/8/p7/2k2K2/8/5PPP/8 w - - 3 65,0.5,w
N7/8/8/p7/5K2/8/4kPPP/8 w - - 7 67,0.5,w
8/8/1N6/p7/8/6K1/4kPPP/8 b - - 11 69,0.5,b
8/8/8/p7/2N1k1K1/8/5PPP/8 b - - 15 71,0.5,b
8/8/8/N1k5/5K2/8/5PPP/8 b - - 2 73,0.5,b
8/8/8/8/2kN1K2/8/5PPP/8 w - - 6 76,0.5,w
3N4/8/8/8/2k2K2/8/5PPP/8 w - - 10 78,0.5,w
8/8/3kN3/5K2/8/8/5PPP/8 w - - 14 80,0.5,w
8/8/2k1N3/5K2/8/8/5PPP/8 w - - 18 82,0.5,w
8/4k3/8/8/3NK3/8/5PPP/8 w - - 22 84,0.5,w
8/8/6k1/8/3NK3/8/5PPP/8 w - - 26 86,0.5,w
8/8/6k1/8/3NK3/8/5PPP/8 w - - 30 88,0.5,w
8/8/6k1/4KN2/8/8/5PPP/8 w - - 34 90,0.5,w
8/8/6k1/3NK3/8/8/5PPP/8 w - - 38 92,0.5,w
8/5k2/8/5K2/1N6/8/5PPP/8 b - - 42 94,0.5,b
8/8/6k1/3NK3/8/8/5PPP/8 b - - 46 96,0.5,b
8/6k1/8/5K2/1N6/8/5PPP/8 b - - 50 98,0.5,b
8/8/5K2/3N3k/8/8/5PPP/8 b - - 54 100,0.5,b
8/7k/4NK2/8/8/8/5PPP/8 b - - 58 102,0.5,b
8/8/4N3/5K1k/6P1/8/5P1P/8 b - g3 0 104,0.5,b
8/7k/4N1P1/5K2/8/8/5P1P/8 b - - 0 106,0.5,b
r1bqkb1r/pp1n1ppp/2p1p3/3n4/8/2P5/PP1P1PPP/RNBQRBK1 b kq - 0 7,1.0,b
r1b1kb1r/pp3ppp/2p1pq2/3nR3/8/2P2Q2/PP1P1PPP/RNB2BK1 b kq - 0 9,1.0,b
r1b1kb1r/pp3ppp/2p1pQ2/3n4/3P4/2P5/PP3PPP/RNB2BK1 b kq - 0 11,1.0,b
r1b1k2r/pp3ppp/2pbpn2/8/2BP4/2P5/PP1N1PPP/R1B3K1 b kq - 3 13,1.0,b
r1b1k2r/pp3p1p/3bpnp1/2P5/2B5/2P2N2/PP3PPP/R1B3K1 b kq - 0 15,1.0,b
r1b4r/pp2kp1p/4pnp1/2b5/2B2B2/2P2N2/PP3PPP/4R1K1 b - - 3 17,1.0,b
r6r/pp2kp1p/2b1pnp1/2b1N1B1/2B5/2P5/PP3PPP/4R1K1 b - - 7 19,1.0,b
r1r5/pp2kp1p/4pBp1/2b5/2B3N1/2P5/PP3PbP/4R1K1 b - - 0 21,1.0,b
r1r5/pp1k1p1p/4p1p1/2b1B3/2B3N1/2P5/PP3PKP/4R3 b - - 0 23,1.0,b
r1rk4/pp3p1p/4p1p1/1B2B3/6N1/2P5/PP3K1P/4R3 b - - 0 25,1.0,b
r2k4/pp3p1p/4p1p1/1B1RB3/6N1/2P5/PP3K1P/8 b - - 0 27,1.0,b
r2k4/1p3p1p/p2B2p1/3p4/B5N1/2P5/PP3K1P/8 b - - 1 29,1.0,b
r3r1k1/pp2b1np/2p1b1p1/3p1p2/6P1/2P5/PP1N2KP/R1BB1R2 b - - 1 22,0.0,b
r3r1k1/pp2b1np/2p1b1p1/3p4/8/1NP3P1/PP4K1/R1BB1R2 b - - 0 24,0.0,b
1r2r1k1/pp2b2p/2p1b1p1/3p1n2/8/PNP3P1/1P4K1/R1BBR3 b - - 2 26,0.0,b
1r2r1k1/pp5p/2pbb1p1/3p4/5B1P/PNP5/1P4K1/R2BR3 b - - 0 28,0.0,b
1r2r1k1/pp5p/2p1b1p1/8/3N1b1P/P1P5/1P2R1K1/R2B4 b - - 0 30,0.0,b
1r4k1/pp5p/2p3p1/3b4/3N1b1P/P1P5/1P2B3/R5K1 b - - 0 32,0.0,b
1r4k1/pp5p/2p3p1/3b4/3N1b1P/P1P4K/1P2B3/R7 b - - 4 34,0.0,b
1r4k1/pp5p/2p3p1/2bb4/6KP/P1P5/1PN1B3/R7 b - - 8 36,0.0,b
4r1k1/pp5p/2p1b1p1/2b5/7P/P1P2BK1/1PN5/R7 b - - 12 38,0.0,b
4r1k1/pp5p/2B1b1p1/2b5/7P/P1P5/1PN3K1/R7 b - - 0 40,0.0,b
4r1k1/p6p/2p3p1/2b2b2/1N5P/P1P3K1/1P6/R7 b - - 3 42,0.0,b
6k1/p6p/2p3p1/2b2b2/1N5P/P1P2K2/1P2r3/R7 b - - 7 44,0.0,b
6k1/p6p/2N3p1/2b2b2/7P/P1P3K1/1r6/R7 b - - 0 46,0.0,b
6k1/p6p/3b2p1/4Nb2/5K1P/PrP5/8/R7 b - - 4 48,0.0,b
6k1/p6p/3b2p1/4Nb2/2r4P/P4K2/8/3R4 b - - 3 50,0.0,b
6k1/p6p/6p1/4bb2/5r1P/P7/6K1/4R3 b - - 3 52,0.0,b
6k1/p6p/6p1/4b3/4b2P/P7/5K2/8 b - - 1 54,0.0,b
6k1/p6p/2b3p1/4b3/P6P/4K3/8/8 b - - 2 56,0.0,b
6k1/p6p/2b3p1/P7/7b/3K4/8/8 b - - 1 58,0.0,b
8/p4k1p/P1b3p1/8/2K5/8/8/4b3 b - - 2 60,0.0,b
8/p4k1p/P1K5/8/6p1/8/8/4b3 b - - 0 62,0.0,b
8/p1K2k1p/P7/8/8/6p1/5b2/8 b - - 3 64,0.0,b
8/p4k1p/P7/1K6/8/8/5b2/6q1 b - - 1 66,0.0,b
8/p4k1p/q7/8/8/1K6/5b2/8 b - - 1 68,0.0,b
8/p4k1p/8/8/2K5/q3b3/8/8 b - - 5 70,0.0,b
8/p4k1p/8/8/3q1b2/1K6/8/8 w - - 9 73,0.0,w
8/p4k1p/8/4b3/1q6/8/8/K7 w - - 13 75,0.0,w
1r1q1rk1/1pp2pb1/3p1npp/pPn1p3/P5b1/R2P2P1/1BPNPPBP/3QR1K1 w - - 4 13,1.0,w
1r1q1rk1/1ppb1pb1/3p1npp/pPn5/P2p4/R5PP/1BPNPPB1/3QR1K1 w - - 1 15,1.0,w
1r1qr1k1/1ppb1pb1/3pnnpp/pP6/P2B4/R3P1PP/2PN1PB1/3QR1K1 w - - 1 17,1.0,w
1r2r1k1/1ppbqpb1/4nnpp/pP1p4/P7/R1B1PNPP/2P2PB1/3QR1K1 w - - 2 19,1.0,w
1r2r1k1/1ppb1pb1/4nnpp/pP1pB3/Pq6/4PNPP/2P2PB1/R2QR1K1 w - - 6 21,1.0,w
3rr1k1/1ppb1p2/4nbpp/pP1Q4/Pq6/4PNPP/2P2PB1/R3R1K1 w - - 1 23,1.0,w
3rr1k1/1pp2p2/4nbpp/pP6/Pq6/4PbPP/Q1P2PB1/3RR1K1 w - - 0 25,1.0,w
3rr1k1/1pp2p2/4nbpp/pP6/P7/4P1PP/Q1P2Pb1/4R1K1 w - - 0 27,1.0,w
3rr1k1/1pp2p2/4n1pp/pP2b3/P7/4P1PP/Q1P2PK1/1R6 w - - 3 29,1.0,w
3rr1k1/1p3p2/1Pp3pp/p3b1n1/P7/4P1PP/Q1P2PK1/2R5 w - - 2 31,1.0,w
1b1rr3/1p3pk1/1Pp3pp/p5n1/P5P1/2P1P2P/Q4PK1/2R5 w - - 1 33,1.0,w
1b1rr3/1p3pk1/1Pp3pp/p1n5/P5PP/2P1P3/5PK1/1QR5 w - - 3 35,1.0,w
1b1rr3/1p3p2/1Pp2kp1/p1n3p1/P6P/2P1P3/Q4PK1/2R5 w - - 0 37,1.0,w
3rr3/1p3Q2/1Ppb2p1/p1n3k1/P7/2P1P3/5PK1/2R5 w - - 1 39,1.0,w
3rr3/1p3Q2/1Ppb2p1/p1n5/P4Pk1/2P1P3/6K1/7R w - - 3 41,1.0,w
r1bq1rk1/1pp2pb1/3pnnpp/pP2p3/P7/R2P2P1/1BPNPPBP/3Q1RK1 w - - 2 12,1.0,w
r1bq2k1/1pp1rpb1/3pnnpp/pP2p3/P7/R1BP2P1/2PNPPBP/3QR1K1 w - - 6 14,1.0,w
r1bq2k1/1pp1rpb1/4nnpp/pP2p3/P2p4/R1BP1BP1/2PNPP1P/3QR1K1 w - - 0 16,1.0,w
r1b1q1k1/1pp1rpb1/5npp/pPn1p3/P2p4/R2P2P1/1BPNPPBP/3QR1K1 w - - 4 18,1.0,w
r1b1q1k1/1pp1rpb1/5npp/pP6/P2pp3/1R1P2P1/1BP1PPBP/3QR1K1 w - - 0 20,1.0,w
r1b1q1k1/1pp2pb1/5npp/pP6/P2B4/1R1P2P1/2P2PBP/3Qr1K1 w - - 0 22,1.0,w
r1b3k1/1pp2pb1/5n1p/pP4p1/P2B4/1R1P2P1/2P2P1P/4qBK1 w - - 0 24,1.0,w
r5k1/1pp2pb1/1P3n1p/p5p1/P2B4/3P2Pb/2P2P1P/4RBK1 b - - 0 26,1.0,b
r5k1/1p3pb1/1B3n1p/p5p1/P7/3P2P1/2P2P1P/4RK2 b - - 0 28,1.0,b
2r3k1/1p3pb1/7p/B2n2p1/P1P5/3P2P1/5P1P/4RK2 b - c3 0 30,1.0,b
4R1k1/1p3pb1/7p/r2P2p1/P7/3P2P1/5P1P/5K2 b - - 1 32,1.0,b
8/1p3Rbk/7p/3r2p1/P7/3P2P1/5P1P/5K2 w - - 0 35,1.0,w
8/1R4bk/7p/P5p1/8/r5P1/5P1P/5K2 w - - 1 37,1.0,w
8/6bk/7p/PR4p1/8/6P1/r3KP1P/8 w - - 5 39,1.0,w
8/8/6kp/P2R2p1/8/4K1P1/r4P1P/b7 w - - 9 41,1.0,w
8/5k2/R6p/r5p1/8/4K1P1/5P1P/b7 w - - 0 43,1.0,w
8/5k2/7p/6p1/8/2b1K1P1/R4P1P/8 w - - 3 45,1.0,w
8/2R5/5bkp/6p1/8/4K1P1/5P1P/8 w - - 7 47,1.0,w
8/2R5/5bkp/3K2p1/8/6P1/5P1P/8 w - - 11 49,1.0,w
8/6b1/2R4p/3K1kp1/8/6P1/5P1P/8 w - - 15 51,1.0,w
4R3/6b1/6kp/3K4/6p1/6P1/5P1P/8 w - - 2 53,1.0,w
8/6b1/7p/3K2k1/5Rp1/6P1/5P1P/8 w - - 6 55,1.0,w
7b/8/7p/3K2k1/1R4p1/6P1/5P1P/8 w - - 10 57,1.0,w
8/5Rb1/6kp/3K4/6p1/6P1/5P1P/8 w - - 14 59,1.0,w
8/R7/5k1p/8/3K2p1/6P1/5P1P/8 w - - 1 61,1.0,w
8/6k1/7R/8/3K2p1/6P1/5P1P/8 w - - 1 63,1.0,w
8/8/8/5k2/3K2R1/6P1/5P1P/8 w - - 1 65,1.0,w
8/8/4k3/8/3K1R2/6P1/5P1P/8 w - - 5 67,1.0,w
8/4k3/5R2/8/3K4/6P1/5P1P/8 w - - 9 69,1.0,w
8/2k5/6R1/4K3/8/6P1/5P1P/8 w - - 13 71,1.0,w
8/2k5/6R1/4K3/8/6P1/5P1P/8 w - - 17 73,1.0,w
4k3/8/5R2/8/3K4/6P1/5P1P/8 w - - 21 75,1.0,w
8/4k3/5R2/3K4/8/6P1/5P1P/8 w - - 25 77,1.0,w
4k3/5R2/8/3K4/8/6P1/5P1P/8 w - - 29 79,1.0,w
4k3/5R2/4K3/8/8/5PP1/7P/8 w - - 1 81,1.0,w
4k3/8/4K3/8/2R5/5PP1/7P/8 w - - 5 83,1.0,w
r2q1rk1/ppbn1ppp/2p3b1/2Pp4/1P2nP2/3BP3/PBQ3PP/RN1R2K1 b - - 2 13,0.0,b
r2q1rk1/ppbn1pp1/2p2np1/2Pp4/1P1B1P2/4P3/P1Q3PP/RN1R2K1 b - - 1 15,0.0,b
r2qrnk1/ppb2pp1/2p2np1/2Pp1P2/1P1B4/4P3/P1QN2PP/R2R2K1 b - - 0 17,0.0,b
r2qr1k1/ppbn1pp1/2p2B2/2Pp1Q2/1P6/4P3/P2N2PP/R2R2K1 b - - 0 19,0.0,b
r2qr1k1/ppb2pp1/2p5/2Pp1Q2/1P2N3/4P3/P4KPP/R2R4 b - - 0 21,0.0,b
r3r1k1/ppb2pp1/2p5/2P2Q2/1P2p2q/4P3/P3K1PP/R2R4 b - - 1 23,0.0,b
r3r1k1/ppb2pp1/2p5/2P5/1P2p3/4P3/P3KQq1/R6R b - - 1 25,0.0,b
r3r1k1/ppbq1pp1/2p5/2P5/1P2p3/4P3/P1K2Q2/R6R b - - 5 27,0.0,b
r3r1k1/ppb2pp1/2p5/2P5/1P2p3/2q1P3/P4Q2/RK5R b - - 9 29,0.0,b
r3r1k1/1pb2pp1/p1p5/2P5/4p3/4P3/P4Q2/1R5R w - - 0 32,0.0,w
r3r1k1/2R2pp1/2p5/2P5/p3p3/4P3/P4Q2/7R w - - 0 34,0.0,w
rn1q1rk1/ppb2ppp/2p5/2Pp1b2/1P2n3/4P2P/PBQ1BPP1/RN3RK1 b - - 0 11,0.5,b
rn1q1rk1/ppb2ppp/2p5/2Pp4/1P6/3QP1nP/PB3PP1/RN3RK1 b - - 0 13,0.5,b
rn1q1rk1/ppb2ppp/2p5/2Pp4/1P6/2NQP1nP/PB3PP1/3R2K1 b - - 3 15,0.5,b
r4rk1/ppbn1ppp/2p5/2PN2q1/1P6/3QP1PP/PB4P1/3R2K1 b - - 0 17,0.5,b
r4rk1/ppbn1ppp/8/2PR4/1P6/4P1PP/PB4P1/6K1 b - - 0 19,0.5,b
rn3r2/ppb2pkp/8/2PR4/1P6/4P1PP/P4KP1/8 b - - 1 21,0.5,b
rn6/ppb2pkp/8/1PP1R3/8/4P1PP/P4KP1/8 b - - 0 23,0.5,b
rn6/pp3p1p/5k2/1PP1b3/8/4P1PP/P4KP1/8 b - - 3 25,0.5,b
rn6/ppb2pkp/8/1PP5/8/4P1PP/P3K1P1/8 b - - 7 27,0.5,b
rn6/p4pkp/2p5/1P6/8/4PKbP/P5P1/8 b - - 1 29,0.5,b
r7/p1b2pkp/2n5/8/8/4P2P/P3K1P1/8 b - - 1 31,0.5,b
4r3/p1b2p1p/2n2k2/8/7P/3KP3/P5P1/8 b - - 2 33,0.5,b
4r3/p1b2p1p/5k2/3n4/7P/4P3/P2K2P1/8 b - - 6 35,0.5,b
4r3/p1b2p1p/5k2/8/6nP/2K5/P7/8 b - - 1 37,0.5,b
2r5/p1b2p1p/8/5k2/6nP/2K5/P7/8 b - - 5 39,0.5,b
2r5/p4p1p/8/4bk2/6nP/1K6/P7/8 b - - 9 41,0.5,b
2r5/p4p1p/8/4bk2/6nP/1K6/P7/8 b - - 13 43,0.5,b
5rk1/pp1b3p/2pb2p1/P2p4/5nP1/1NP1B3/1P6/R2B1K2 b - - 9 32,0.0,b
5rk1/pp1b3p/2pb2p1/P2p4/6P1/1NP1B3/1n2B1K1/R7 b - - 1 34,0.0,b
4r1k1/pp1b3p/2p3p1/P2p4/6P1/1NP1BKb1/1n2B3/R7 b - - 5 36,0.0,b
4r1k1/Bp5p/2p3p1/P2p4/8/1NP3K1/1n2b3/R7 b - - 0 38,0.0,b
4r1k1/1p5p/2p3p1/P2p4/8/1NB3K1/4b3/R7 b - - 0 40,0.0,b
6k1/1p5p/2p3p1/P2p4/8/1Nr5/4bK2/1R6 b - - 1 42,0.0,b
8/1p3k1p/b1p3p1/P2p4/3N4/2r5/1R3K2/8 b - - 5 44,0.0,b
8/1p3k1p/b5p1/P1pp4/5N2/r7/1R3K2/8 b - - 3 46,0.0,b
8/1pN2k1p/6p1/rbp5/8/8/1R3K2/8 b - - 2 48,0.0,b
8/1pN1k2p/2b3p1/r1p5/8/6K1/4R3/8 b - - 6 50,0.0,b
8/1p5p/2bkN1p1/2p5/8/r3R1K1/8/8 b - - 10 52,0.0,b
8/1p5p/2bkr1p1/2p5/8/6K1/8/8 b - - 1 54,0.0,b
8/1p5p/2bkr1p1/6K1/8/2p5/8/8 b - - 1 56,0.0,b
8/1p5K/2bkr1p1/8/8/8/8/2q5 b - - 0 58,0.0,b
8/1p5K/2bkrqp1/8/8/8/8/8 b - - 5 61,0.0,b
r3rnk1/ppq1bppp/2p1bn2/3Pp3/3P4/2P2P2/PPBNQ1PP/R1B2R1K b - - 0 13,0.0,b
r3r1k1/ppq1bppp/2p2nn1/3bp3/3P3P/1BP2P2/PP1NQ1P1/R1B2R1K b - h3 0 15,0.0,b
r3r1k1/ppq2pp1/2pb1nnp/3bp3/3P3P/1BP2P2/PP1N1QP1/R1BR3K b - - 1 17,0.0,b
r1q1r1k1/pp3pp1/3b1nnp/3pP3/7P/2P2P2/PP1N1QP1/R1BR3K b - - 0 19,0.0,b
r3r1k1/pp3pp1/5nnp/3pb2P/2q5/1NP2P2/PP3QP1/R1BR3K b - - 0 21,0.0,b
r3r1k1/pp2npp1/5n1p/3p3P/2q2P2/1NP5/P4QP1/R1BR3K b - - 0 23,0.0,b
r3r1k1/pp3pp1/2n2n1p/3p3P/q4P2/1NP3Q1/PB4P1/R2R3K b - - 4 25,0.0,b
r5k1/pp3pp1/2n2n1p/3p3P/4qP2/1NP3Q1/PB2r1P1/1R2R2K b - - 8 27,0.0,b
r5k1/pp3pp1/2n4p/3p3n/4qPQ1/1NP5/PB4P1/4R2K b - - 0 29,0.0,b
r5k1/pp3pp1/2n2n1p/3p4/5P2/1NP2Q2/PB4PK/4q3 b - - 3 31,0.0,b
r5k1/pp3pp1/2n2n1p/3p4/5P2/1NP5/PB4P1/4qQK1 b - - 7 33,0.0,b
r5k1/pp3pp1/2n4p/3p4/4nP2/1NP1q3/PB4PK/2Q5 b - - 11 35,0.0,b
r5k1/pp3pp1/2n4p/3p4/4nP2/1NP5/PB3qP1/2Q4K b - - 15 37,0.0,b
4r1k1/pp3pp1/2n4p/3p4/3NnP2/2P5/Pq4P1/6QK b - - 1 39,0.0,b
4r1k1/pp3pp1/7p/3p4/3QnP2/2P5/P5PK/2q5 b - - 2 41,0.0,b
4r1k1/pp3pp1/7p/3Q4/4nP2/6q1/P5P1/7K b - - 2 43,0.0,b
1r1qr1k1/1pp2pb1/3pbnpp/pPn1p3/P7/R1BPP1P1/2PN1PBP/3QR1K1 b - - 2 14,0.0,b
1r1qr2k/1pp2pb1/3p1npp/pPnbp3/P3P3/R1BP1NP1/2P2PBP/3QR1K1 b - - 0 16,0.0,b
1r1q3k/1pp1rpb1/3pbnpp/pPn1p3/P3P3/2BP1NP1/2P2PBP/R1Q1R1K1 b - - 4 18,0.0,b
1r2q1k1/1pp1rpb1/3pbnpp/pPn1p3/P3P3/2BPQNPP/2P2PB1/R3R1K1 b - - 2 20,0.0,b
r3q1k1/1p2rpb1/1p1pbnpp/p1n1p3/P3P3/2BPQNPP/2P2PB1/RR4K1 b - - 1 22,0.0,b
2r1q1k1/1pr2pb1/1R1pbnpp/p1n1p3/P3P3/2BP1NPP/2P2PB1/R3Q1K1 b - - 0 24,0.0,b
2r1q1k1/1pr2pb1/3pbnpp/p3p3/4P3/2nP1NPP/1RP2PB1/R3Q1K1 b - - 1 26,0.0,b
r3q1k1/1pr2pb1/3p1npp/p3p3/4P1bP/2nP1NP1/1RP2PB1/R3Q2K b - - 2 28,0.0,b
r5k1/1pr2pb1/3p1npp/p3p3/qR2P1bP/3P1NP1/2P2PB1/4Q2K b - - 1 30,0.0,b
r5k1/1pr2pb1/3p1npp/4p3/1p2P1bP/3P2P1/2P2PBN/Q6K b - - 0 32,0.0,b
6k1/1pr2pb1/3p1npp/4p3/1p2P2P/3P2P1/2P1BP1N/r2b3K b - - 3 34,0.0,b
6k1/1p3pb1/3p1npp/4p3/1p2P2P/3P1PP1/2r1b1KN/r7 b - - 0 36,0.0,b
6k1/1p3pb1/3p1npp/4p3/1p2P2P/3b1PP1/2r5/r4NK1 b - - 1 38,0.0,b
r4rk1/1pb1qpp1/p1p2nbp/P1Pp4/1P1BnP2/3BPR2/2Q3PP/RN4K1 w - - 0 17,1.0,w
r4rk1/1pb1qpp1/p1p3bp/P1Pp4/1P1BnP2/3BPR2/3Q2PP/R5K1 w - - 1 19,1.0,w
r4rk1/1pbq1pp1/p1p4p/P1Pp1P1b/1P1Bn3/3BPR2/2Q3PP/R5K1 w - - 1 21,1.0,w
r4rk1/1pbq1pp1/p1p4p/P1Pp1b2/1P1Bn2R/3BP3/2Q3PP/R5K1 w - - 0 23,1.0,w
r2q1rk1/1pb2pp1/p1p1b2p/P1Pp4/1P1Bn1PR/3BP3/2Q4P/3R2K1 w - - 3 25,1.0,w
r1q2rk1/1pb2pp1/p1p4p/P1Pp3R/1P1Bn1b1/3BP3/6QP/3R2K1 w - - 2 27,1.0,w
r1q2rk1/1p3pp1/p1p4p/P1np4/1P1B2b1/3BP3/6QR/3R2K1 w - - 0 29,1.0,w
r1q2rk1/1p3pp1/p1p5/P1Pp3p/3B4/3BP3/5KQR/3b4 w - - 0 31,1.0,w
r1bq1rk1/1ppn1pbp/3p1np1/pP2p3/P7/3P1NP1/1BP1PPBP/R2QK2R w KQ - 1 9,0.0,w
r1b1qrk1/1ppn1p1p/3p1npb/pP2p3/P7/3P1NP1/1BPKPPBP/R4Q1R w - - 5 11,0.0,w
r1b1qrk1/1pp2p1p/3p1np1/pPn1p3/P7/2KP1NP1/2P1PPBP/R1b2Q1R w - - 0 13,0.0,w
r1b2rk1/1pp2p1p/3p1np1/pq2p3/R7/2KP1NP1/2P1PPBP/2Q4R w - - 0 15,0.0,w
r4rk1/1pp2p1p/3p2p1/pq1npb2/2R5/3P1NP1/2PKPPBP/2Q4R w - - 4 17,0.0,w
r1r3k1/1pp2p1p/3p2p1/p2npb2/2R5/3P1NP1/2PKPPBP/1R6 w - - 1 19,0.0,w
1r4k1/2p2p1p/3p2p1/p2npb2/2R5/3P1NP1/2PKPPBP/8 w - - 0 21,0.0,w
1r4k1/2p2p1p/3p2p1/p2bp3/2R4N/3P2P1/2PKPP1P/8 w - - 0 23,0.0,w
8/3R1pkp/1r1p2p1/p2bp3/7N/3P2P1/2PKPP1P/8 w - - 3 25,0.0,w
2R5/5pkp/r2p2p1/3bp3/p6N/3P2P1/2PKPP1P/8 w - - 0 27,0.0,w
4R3/5pkp/r2p2N1/3bp3/8/3P2P1/p1PKPP1P/8 w - - 0 29,0.0,w
8/5pkp/r1bp2N1/1R2p3/8/3P2P1/2PKPP1P/q7 w - - 2 31,0.0,w
8/5p1p/r2p2k1/4p3/b7/3P2P1/2PKPP1P/q7 w - - 0 33,0.0,w
8/5p1p/r1bp2k1/4p3/8/2PPK1P1/1q2PP1P/8 w - - 3 35,0.0,w
8/5p1p/r1bp2k1/8/5P2/2PPK3/4P2P/2q5 w - - 1 37,0.0,w
8/5p1p/r1bp4/7k/5P2/1KPP4/4P2P/2q5 b - - 5 39,0.0,b
2b3k1/1p5p/2p3p1/P2r4/2pB2P1/2P5/6K1/R7 w - - 3 41,1.0,w
2b5/5k1p/p1p3p1/3r4/2pB2P1/2P2K2/8/R7 w - - 2 43,1.0,w
2b5/5k1p/p1p3p1/8/R2P2P1/2p2K2/8/8 w - - 0 45,1.0,w
b7/5k1p/p1p3p1/8/3P2P1/2R2K2/8/8 w - - 1 47,1.0,w
b7/5k1p/2P3p1/8/p5P1/2R2K2/8/8 w - - 0 49,1.0,w
8/1bP4p/5kp1/8/p5P1/2R5/5K2/8 w - - 1 51,1.0,w
8/7p/Q5p1/6k1/p5P1/2R5/5K2/8 w - - 1 53,1.0,w
8/7p/6p1/6k1/4Q1P1/2R5/5K2/8 w - - 3 55,1.0,w
8/7p/6p1/4Q3/8/7k/5K2/2R5 w - - 2 57,1.0,w
8/7R/8/4Q1p1/6k1/8/5K2/8 w - - 0 59,1.0,w
8/p4pk1/1p1n1p1p/P2P3P/1P1K1PP1/3B4/8/8 b - - 0 38,1.0,b
8/pn3pk1/P4p1p/3P3P/3K1PP1/3B4/8/8 b - - 0 40,1.0,b
3n1k2/p4p2/P4p1p/3P1K1P/5PP1/3B4/8/8 b - - 4 42,1.0,b
3n4/p3kp2/P6p/3P1KPP/8/3B4/8/8 b - - 0 44,1.0,b
3n1k2/p4p2/P6P/3P2K1/8/3B4/8/8 b - - 0 46,1.0,b
3n4/p3k2P/P4p2/3P4/6K1/3B4/8/8 b - - 1 48,1.0,b
7n/p3k2P/P4p2/3P4/8/3B2K1/8/8 b - - 5 50,1.0,b
7n/p6P/P4p2/3Pk3/8/6K1/B7/8 b - - 9 52,1.0,b
7n/p6P/P7/3Pk3/5pK1/1B6/8/8 b - - 1 54,1.0,b
5n1Q/p7/P7/3P4/4kpK1/1B6/8/8 w - - 1 57,1.0,w
8/p7/P7/3Pk3/6K1/1B3Q2/8/8 w - - 1 59,1.0,w
r1bqkb1r/pppnpppp/8/1B1n4/8/8/PPPP1PPP/RNBQ1RK1 w kq - 0 5,0.0,w
r1bqkb1r/pppn1ppp/4p3/1B6/8/2n5/PPPP1PPP/R1BQR1K1 w kq - 0 7,0.0,w
r1bqk2r/pp1n1ppp/2pbp3/8/8/2PB4/PPP2PPP/R1BQR1K1 w kq - 2 9,0.0,w
r1bqk2r/pp3p1p/2pbpnp1/8/3Q4/2PB4/PPP2PPP/R1B1R1K1 w kq - 2 11,0.0,w
r1b1k2r/pp3p1p/2pb1qp1/4p3/3Q4/2PB4/PPP2PPP/R3R1K1 w kq - 0 13,0.0,w
r6r/pp2kp1p/2pb1qp1/4p3/3Q1Pb1/2PB4/PPP3PP/3RR1K1 w - - 1 15,0.0,w
r6r/pp2kp1p/2p1bqp1/4R3/3Q4/2PB4/PPP3PP/3R2K1 w - - 1 17,0.0,w
r4k1r/pQ3p1p/4bqp1/2p1R3/8/2PB4/PPP3PP/3R2K1 w - - 1 19,0.0,w
Q6r/p4pkp/4q1p1/2p5/8/2PB4/PPP3PP/3R2K1 w - - 0 21,0.0,w
1r6/p3qpkp/6p1/2p5/8/2PB4/PPP2QPP/3R2K1 w - - 4 23,0.0,w
1r4k1/p3qp1p/6p1/8/1p1Q4/2PB4/P1P3PP/3R2K1 w - - 2 25,0.0,w
6k1/p3qp1p/6p1/8/1r3Q2/2pB4/P1P3PP/3R2K1 w - - 2 27,0.0,w
6k1/p4p1p/6p1/8/5q2/2pB4/P1P3PP/3R1K2 w - - 2 29,0.0,w
6k1/p4p1p/6p1/3q4/8/2pB1K2/P1P3PP/3R4 w - - 6 31,0.0,w
6k1/p4p1p/3q2p1/8/4B3/2p3K1/P1P3PP/8 w - - 2 33,0.0,w
6k1/p4p1p/6p1/4q3/4B3/2p5/P1P1K1P1/8 w - - 2 35,0.0,w
8/p4pkp/4q1p1/8/4B3/P1p2K2/2P3P1/8 w - - 1 37,0.0,w
8/p4pkp/2q3p1/8/P7/2pB1K2/2P3P1/8 w - - 1 39,0.0,w
8/p2q1pkp/6p1/8/4B3/2p1K3/2P3P1/8 w - - 2 41,0.0,w
8/p4p1p/5kp1/8/3qB3/2p5/2P2KP1/8 w - - 6 43,0.0,w
8/p4p1p/5kp1/8/8/2p5/2q2KP1/8 w - - 0 45,0.0,w
8/p4p1p/5k2/8/6p1/2p2KP1/2q5/8 w - - 0 47,0.0,w
8/p4p1p/5k2/8/7K/2p3P1/8/5q2 w - - 3 49,0.0,w
1r2r1k1/2pq2b1/1p1p2pp/pPnPpp2/P3P1n1/R2P2PP/1B3PB1/Q3R1K1 b - - 0 23,0.0,b
1r2r1k1/2pq2b1/1p1p1npp/pPnPp3/P3P3/R5PP/1B3PB1/2Q1R1K1 b - - 0 25,0.0,b
1r4k1/2pqr1b1/1p1p1n1p/pPnPp1p1/P3P3/R4PPP/1B4B1/3QR1K1 b - - 2 27,0.0,b
1r6/2pqrkb1/1p1p1n2/pPnPp1pp/P3P3/5PPP/1B4B1/2RQR1K1 b - - 1 29,0.0,b
1r6/2pqr1b1/1p1p1nk1/pPnPp1p1/P3P2P/5P1P/1B3KB1/2RQR3 b - - 0 31,0.0,b
1r6/2pqr1b1/1p1p1nk1/pPnP4/P3Pp1p/7P/1B3KB1/2RQ2R1 b - - 1 33,0.0,b
1r6/2p1r1b1/1p1p2k1/pPnP4/P3PpPp/8/1B3KB1/2R3R1 b - - 0 35,0.0,b
1r6/2p1r3/1p1p2k1/pP1P4/n3PpPp/8/1b3KB1/3R3R b - - 1 37,0.0,b
1r6/2p1r3/1p1p2k1/pP1Pb3/n4pPR/8/5KB1/3R4 b - - 0 39,0.0,b
4r3/2p1r3/1p1p2kR/pPnPb3/5pP1/8/5KB1/7R b - - 4 41,0.0,b
4r3/2p1R3/1p1p1k2/pPnPb3/5pP1/8/5KB1/7R b - - 0 43,0.0,b
8/2p1r3/1p1p1k2/pP1Pb3/5pP1/1n6/4K1B1/7R b - - 3 45,0.0,b
8/2p1r3/1p1p1k1R/pn1Pb3/5pP1/3K4/6B1/8 b - - 1 47,0.0,b
8/2p1r3/1p1p4/pn1Pb3/2K2pk1/8/6B1/7R b - - 1 49,0.0,b
8/2p1r3/1p1p4/p2Pb3/2K3k1/2n2p2/8/4RB2 b - - 1 51,0.0,b
8/2p1r3/3p4/pp1PR3/6k1/1Kn5/5p2/5B2 b - - 0 53,0.0,b
8/2p5/3p4/pp1r4/6k1/2K5/4Bp2/8 b - - 1 55,0.0,b
8/2p5/3p4/pp1r4/8/8/2K2p1k/5B2 b - - 5 57,0.0,b
8/2p5/3p4/3r4/pp6/8/2K2p1k/5B2 b - - 1 59,0.0,b
8/2p5/3p4/3r4/p7/1pK3k1/4Bp2/8 b - - 1 61,0.0,b
8/2p5/3p4/4r3/p7/2K3k1/4Bp2/8 b - - 2 63,0.0,b
8/2p5/3p4/8/K7/6k1/4r3/5q2 b - - 0 65,0.0,b
8/2p5/3p4/8/8/2K3k1/8/5q2 b - - 1 68,0.0,b
8/2p5/3p4/8/K7/3q4/5k2/8 b - - 5 70,0.0,b
8/2p5/3p4/8/K7/3q4/5k2/8 b - - 9 73,0.0,b
8/2p5/K2p4/8/8/1q6/8/4k3 b - - 13 75,0.0,b
rn1q1rk1/pp3ppp/2pbbn2/3pp3/2P5/1P1BP3/PB1PNPPP/2RQK2R w K - 6 8,1.0,w
rn1q1rk1/pp3ppp/3bbn2/3p4/4p3/1P1BP1N1/PB1P1PPP/2RQK2R w K - 0 10,1.0,w
r4rk1/pp1n1ppp/3bbq2/3p4/4p3/1P2P1N1/P2P1PPP/1BRQK2R w K - 0 12,1.0,w
r4rk1/pp1n1ppp/3b1q2/3p4/6b1/1P2PpN1/P2PK1PP/1BRQ3R w - - 0 14,1.0,w
r4rk1/pp3ppp/3b1q2/3pn3/6b1/1PK1P1N1/P2P2pP/1BRQ3R b - - 0 16,1.0,b
r1bq1rk1/ppnn1ppp/4p3/2b5/2P5/2NB1Q2/PP3PPP/R1B1R1K1 b - - 1 12,1.0,b
r1bqr1k1/ppn2ppp/1n2p3/2b5/2P5/2NB1Q2/PP1B1PPP/3RR1K1 b - - 5 14,1.0,b
r2qr1k1/pQnb1ppp/1n2p3/8/2P5/2NB4/PP1B1KPP/3RR3 b - - 0 16,1.0,b
r2qr1k1/pQnb1ppp/1n2p3/8/2P5/2NBB1K1/PP4PP/3RR3 b - - 4 18,1.0,b
r2qr1k1/p1nb1ppp/1n2p3/8/2P5/2NBBQK1/PP4PP/3R1R2 b - - 8 20,1.0,b
2rqr2k/p1nb1ppp/1P2p3/8/8/2NBBQK1/PP4PP/3R1R2 b - - 0 22,1.0,b
2rqQ2k/p4ppp/1P2p3/3n4/8/2NBB1K1/PP4PP/3R1R2 b - - 0 24,1.0,b
2r1q2k/p4ppp/1P6/3p4/8/3BBK2/PP4PP/3R1R2 b - - 1 26,1.0,b
r3q2k/5ppp/1B6/3p4/8/P2B1K2/1P4PP/3R1R2 b - - 0 28,1.0,b
r6k/5ppp/8/3p4/3B4/P2B1K2/1P4Pq/3R3R b - - 1 30,1.0,b
r2q3k/5ppB/8/3p4/8/P1B2K2/1P4P1/3R3R b - - 2 32,1.0,b
1r3q1k/5ppB/8/3R4/8/P1B3K1/1P4P1/7R b - - 2 34,1.0,b
1r2q1k1/5pp1/8/5B2/8/P1BR2K1/1P4P1/7R b - - 6 36,1.0,b
1r3q1k/5pp1/8/8/4B3/P1BR2K1/1P4P1/7R b - - 10 38,1.0,b
5qk1/5pp1/8/1r6/3BB3/P2R2K1/1P4P1/7R b - - 14 40,1.0,b
6k1/5pp1/3q4/1r6/4B3/P1BR1K2/1P4P1/7R b - - 18 42,1.0,b
3R1qk1/5ppB/8/1r6/8/P1B2K2/1P4P1/7R b - - 22 44,1.0,b
4r1k1/1pb2pp1/p1p1r3/P1Pp4/1P2nP1P/3RPB2/4K1R1/8 b - - 2 36,0.0,b
4r2k/1pb1rpp1/p1p5/P1Pp4/1P2nP1P/3RPB2/4K3/3R4 b - - 6 38,0.0,b
4r2k/1pb1rpp1/p1p5/P1Pp1n1P/1P3P2/3RPB2/3K4/3R4 b - - 0 40,0.0,b
4r2k/1p3pp1/p1p5/P1PB1n1P/1P3b2/4R3/3K4/3R4 b - - 0 42,0.0,b
3r3k/1p3Bp1/p1p5/P1P4P/1P3b2/4n3/4K3/3R4 b - - 2 44,0.0,b
3r3k/1p4p1/p1p5/P1P4P/1P3b2/1Bn2K2/8/8 b - - 3 46,0.0,b
7k/1p4p1/p1p3B1/P1P4P/1r3b2/2n2K2/8/8 b - - 1 48,0.0,b
2B2k2/1p4p1/p1p5/P1P4P/1r3b2/2n2K2/8/8 b - - 5 50,0.0,b
2B2k2/1p4p1/p1p5/b1P4P/1r6/2n2K2/8/8 b - - 1 52,0.0,b
5k2/1pb3p1/p1p5/2P4P/5r2/2n1K2B/8/8 b - - 5 54,0.0,b
5k2/1pb3p1/p1p5/2P4P/5r2/2n1K2B/8/8 b - - 9 56,0.0,b
5k2/1pb3p1/p1p5/2Pn3P/3r4/7B/4K3/8 b - - 13 58,0.0,b
5k2/1pb3p1/p1p5/2P4P/4Kn2/3r3B/8/8 b - - 17 60,0.0,b
5k2/1pb3p1/p1p4r/2P5/3K1n2/8/8/8 b - - 1 62,0.0,b
8/1pb1k1p1/p1p5/2P4r/3K1n2/8/8/8 b - - 5 64,0.0,b
5k2/1pb3p1/p1p5/2r5/5n2/4K3/8/8 b - - 1 66,0.0,b
8/1pb1k1p1/p1p5/5r2/5n2/2K5/8/8 b - - 5 68,0.0,b
8/1pb1k1p1/p1p5/3n4/5r2/8/3K4/8 b - - 9 70,0.0,b
8/1pb3p1/p1p2k2/3n4/3r4/8/5K2/8 b - - 13 72,0.0,b
1b6/1p4p1/p1p2k2/3n4/5r2/3K4/8/8 b - - 17 74,0.0,b
8/1p4p1/p1p5/3nb1k1/5r2/3K4/8/8 b - - 21 76,0.0,b
8/1p4p1/p1p2k2/3nb3/8/3K4/5r2/8 b - - 25 78,0.0,b
8/1p4p1/p1p2k2/3nb3/8/3K4/5r2/8 b - - 29 80,0.0,b
8/1p4p1/p1p2k2/3nb3/8/5K2/3r4/8 b - - 33 82,0.0,b
8/1p4p1/p1p2k2/4b3/1n6/3r4/5K2/8 b - - 37 84,0.0,b
8/1p4p1/p1p2k2/4b3/1n6/3r4/5K2/8 b - - 41 86,0.0,b
8/1p4p1/p1p5/8/1n1b1k2/3r4/4K3/8 b - - 45 89,0.0,b
5r1k/2p3b1/1p1p1npp/pPnPp3/P3Pq2/3P1P2/R5BP/3Q2RK w - - 6 40,0.0,w
5r1k/2p3b1/1p1p1n1p/pPnPp1p1/P3P2q/3P1P2/R3B2P/3Q2RK w - - 2 42,0.0,w
7k/2p2rb1/1p1p1n1p/pPnPp1p1/P3P3/3P1P1q/2R1B1RP/3Q3K w - - 6 44,0.0,w
7k/2p2rb1/1p3n1p/pPpPp3/P3Pp2/3P3q/4B1RP/3Q3K w - - 0 46,0.0,w
5b1k/2p2r2/1p3nRp/pPpPp2q/P3Pp2/3P4/7P/3Q1B1K w - - 4 48,0.0,w
5b1k/2p2r2/1pR4p/pP1Pp2n/P1p1Pp2/3P4/7P/5B1K w - - 0 50,0.0,w
7k/2p2r2/1pR4p/pPbPp2n/P3P3/3P1p2/7P/5B1K w - - 2 52,0.0,w
7k/2p3r1/1p4R1/pPbPp2n/P3P3/3P1p2/7P/5B1K w - - 3 54,0.0,w
8/2p4k/1p6/pPbPp2n/P3P3/3P1p2/7P/5B1K w - - 0 56,0.0,w
8/2p4k/1p6/pPbPp3/P3PnB1/3P4/5p1P/7K w - - 0 58,0.0,w
8/2p3k1/1p6/pPbPp3/P3P3/3P3n/5p1P/7K w - - 0 60,0.0,w
8/2p3k1/1p6/pP1Pp3/P2bPn2/3P4/5p1P/5K2 w - - 4 62,0.0,w
8/8/1p1p2k1/pP2p3/P2bPn1P/3P4/5p2/5K2 w - - 1 64,0.0,w
8/8/1p1p1nk1/pP2p3/P2bP3/3P4/5pK1/8 w - - 2 66,0.0,w
8/8/1p1p2k1/pP2p3/P2bP3/3P2n1/4Kp2/8 w - - 6 68,0.0,w
8/8/1p1p2k1/pP2p3/P2bn3/3P4/2K5/5q2 w - - 0 70,0.0,w
8/8/1p1p2k1/pP2p3/P3P3/1K6/8/b3q3 w - - 3 72,0.0,w
8/8/1p1p2k1/pP2p3/P2bq3/1K6/8/8 w - - 2 74,0.0,w
8/p4pk1/1p1n1p2/3P2pP/PP1K1P2/3B4/8/8 w - - 0 39,1.0,w
8/p4pk1/3n4/p2P2pP/1P1K4/3B4/8/8 w - - 0 41,1.0,w
8/pn3p2/5k2/P2P2pP/3K4/8/2B5/8 w - - 3 43,1.0,w
8/p4p2/3P1k1P/n7/3K2p1/8/2B5/8 w - - 0 45,1.0,w
8/pn1P1p1P/4k3/8/3K2p1/8/2B5/8 w - - 1 47,1.0,w
Q7/p2k1p2/3n4/8/3K2p1/8/2B5/8 w - - 2 49,1.0,w
4n3/Q4p2/4k3/2K5/6p1/8/2B5/8 w - - 3 51,1.0,w
4n3/3Q1p2/8/2K5/4k1p1/1B6/8/8 w - - 7 53,1.0,w
4Q3/5p2/8/2K5/6p1/8/3k4/3B4 w - - 3 55,1.0,w
5rk1/pp1b3p/2pb2p1/P2p4/5nP1/1NP1B3/1P4K1/R2B4 w - - 8 32,0.0,w
1b3rk1/pp1b3p/2p3p1/P2p4/6P1/1NPnB3/1P6/1R1B2K1 w - - 12 34,0.0,w
1b3rk1/p2b3p/p1p3p1/2np4/6P1/2P1B3/1P6/1R1B2K1 w - - 0 36,0.0,w
1bb3k1/p4r1p/p1p3p1/2Bp4/6P1/2P5/1P2B3/1R4K1 w - - 3 38,0.0,w
2b3k1/p4r1p/p1p3p1/2Bp2P1/5b2/2P5/1P2B1K1/1R6 w - - 1 40,0.0,w
6k1/p4r1p/2p3p1/2Bp2P1/5b2/2Pb4/1P4K1/R7 w - - 2 42,0.0,w
6k1/B6p/2p3p1/3p2b1/8/2Pb4/1P4K1/8 w - - 0 44,0.0,w
8/5k1p/2p3p1/3p2b1/3B4/2P5/1Pb2K2/8 w - - 4 46,0.0,w
8/5k1p/2p3p1/3p4/1P1B4/2P3K1/2bb4/8 w - - 1 48,0.0,w
8/5k1p/2p3p1/3p1b2/1P1B4/2P5/3b1K2/8 w - - 5 50,0.0,w
8/5k1p/2p3p1/3p1b2/1P1B1b2/2P5/5K2/8 w - - 9 52,0.0,w
8/5k1p/3b2p1/1p1p1b2/3B4/2P2K2/8/8 w - - 0 54,0.0,w
8/5k1p/3b2p1/3p1b2/8/2B5/5K2/8 b - - 0 56,0.0,b
8/5k1p/6p1/2b2b2/3p4/5K2/1B6/8 b - - 1 58,0.0,b
8/5k1p/3b2p1/5b2/8/3p1K2/8/4B3 b - - 3 60,0.0,b
8/7p/3bk1p1/5b2/8/3pBK2/8/8 b - - 7 62,0.0,b
8/7p/4k1p1/5b2/5b2/3p4/5K2/8 b - - 1 64,0.0,b
8/7p/4k3/5bp1/5b2/8/3pK3/8 b - - 1 66,0.0,b
8/5k1p/8/5b2/5bp1/8/3pK3/8 b - - 3 68,0.0,b
8/5k1p/8/8/5bp1/8/2b2K2/3q4 b - - 1 70,0.0,b
8/5k2/7p/8/5b2/6pK/2b5/3q4 b - - 1 72,0.0,b
8/5k2/4q2p/7K/5b2/6p1/2b5/8 b - - 5 74,0.0,b
8/5k2/4q2p/7K/5b2/6p1/2b5/8 b - - 9 76,0.0,b
8/5k2/4q2p/7K/5b2/1b4p1/8/8 b - - 13 78,0.0,b
8/5k2/4q2p/7K/b4b2/8/6p1/8 b - - 1 80,0.0,b
5r1k/2p3b1/1p1p1npp/pPnPp3/P3Pq2/3P1P2/2R3BP/3QR2K b - - 3 38,1.0,b
5r1k/2p3b1/1p1p1npp/pPnP2q1/P2QP3/5P2/2R3BP/4R2K b - - 0 40,1.0,b
5r1k/2p3b1/1p1p1npp/pPnP2q1/P3PP2/8/2R3BP/3QR2K b - - 0 42,1.0,b
4nr1k/2p3b1/1p1P2pp/pPnP4/P4P1q/8/2R3BP/3QR2K b - - 0 44,1.0,b
5r1k/2p5/1p1n2pp/pPnP4/P4P1q/8/1b4BP/1R1QR2K b - - 3 46,1.0,b
5r1k/2p3b1/1p1nR1pp/pP1P4/n4P1q/8/6BP/2RQ3K b - - 1 48,1.0,b
5r1k/2p3b1/1p1nR1pp/pn1P4/5P1q/8/4Q1BP/2R4K b - - 1 50,1.0,b
6k1/2p2rb1/1p1nR1pp/pn1P4/5P1q/8/4Q1BP/4R1K1 b - - 5 52,1.0,b
7k/2pr2b1/1p1n2Rp/pn1P4/5P1q/5B2/4Q2P/4R1K1 b - - 2 54,1.0,b
7k/2pr4/1p1n2Rp/p2P4/3b1P1q/2n2B2/3Q2KP/4R3 b - - 6 56,1.0,b
7k/2pr4/1p1n2Rp/p2n4/3Q1P1q/4RB2/6KP/8 b - - 1 58,1.0,b
8/2pr4/1p1nQ1kp/p7/5P1q/4RB2/6KP/8 b - - 1 60,1.0,b
8/2pr4/1p1nQq1p/p6k/5P2/7R/6KP/8 b - - 1 62,1.0,b
8/2pr4/1p1nQq1p/p6k/5P2/7R/6KP/8 b - - 5 64,1.0,b
8/2pr4/1p1n1q1p/p6k/5PQ1/6R1/6KP/8 b - - 9 66,1.0,b
5k2/p4p2/1p1n1p1p/1P1P4/3K4/P2B4/5PPP/8 b - - 0 33,1.0,b
2n5/p2k1p2/1p3p1p/1P1P4/8/P2BK3/5PPP/8 w - - 4 36,1.0,w
8/p1k2p2/1p1n1p1p/1P1P4/8/P2BK3/5PPP/8 b - - 11 39,1.0,b
8/p2k1p2/1p1n1p1p/1P1P4/8/P2B2K1/5PPP/8 b - - 15 41,1.0,b
4n3/p1k2p2/1p3p1p/1P1P4/2B3K1/P7/5PPP/8 b - - 19 43,1.0,b
4n3/p4p2/1p1k1p2/1P1P3K/8/P7/B4PPP/8 b - - 0 45,1.0,b
4n3/p4p2/1p3p2/1k1P4/6K1/PB6/5PPP/8 b - - 1 47,1.0,b
8/p4p2/1p1n1p2/2kP4/8/PB2K3/5PPP/8 b - - 5 49,1.0,b
8/p4p2/1p3p2/1k1P4/8/1B2K3/5PPP/8 w - - 0 52,1.0,w
8/p4p2/1p6/3P1p2/1kBK4/8/5PPP/8 w - - 2 54,1.0,w
8/p4B2/3P4/1p6/1k1K1p2/8/5PPP/8 w - - 0 56,1.0,w
8/p2P1B2/8/1p6/3K4/k4P2/5P1P/8 w - - 1 58,1.0,w
8/p4B2/8/Qp6/3K4/5P2/2k2P1P/8 w - - 3 60,1.0,w
8/p4B2/8/1p6/8/3K1P2/Q4P1P/4k3 w - - 7 62,1.0,w
5rk1/1pb1rpp1/p1p2n2/P1Pp4/1P1R1P2/4P3/5KRP/3B4 b - - 4 33,0.5,b
4r1k1/1p2rpp1/p1p2n2/P1Pp4/5P2/3RP3/5KRP/3B4 b - - 0 35,0.5,b
4r1k1/1p2rpp1/p1p5/P1np4/5P2/2R1P3/6RP/3B2K1 b - - 1 37,0.5,b
4r1k1/1p3pp1/p1p5/P1Rp4/5P2/8/5KRP/3Br3 b - - 2 39,0.5,b
4r1k1/1p3pp1/p1p5/P2p4/3r1P2/6K1/2R3RP/8 b - - 3 41,0.5,b
4r3/1p3ppk/p1p5/P2p4/4rP2/5K2/1R4RP/8 b - - 7 43,0.5,b
8/1R2rppk/p1p5/P2p4/5P2/4r3/5KRP/8 b - - 0 45,0.5,b
8/4Rppk/p1p5/P2p4/5P2/8/6rP/5K2 b - - 0 47,0.5,b
8/5Rpk/p1p5/P2p4/5P1r/8/6K1/8 w - - 2 50,0.5,w
8/R5p1/p1p3k1/P2p4/5P2/6K1/8/7r w - - 6 52,0.5,w
8/6p1/R1p3k1/P7/3p1PK1/8/8/2r5 w - - 0 54,0.5,w
8/5kp1/2r5/P4P2/3p2K1/8/8/8 w - - 0 56,0.5,w
8/5kp1/8/r4P2/3pK3/8/8/8 w - - 0 58,0.5,w
8/6p1/8/r4k2/3K4/8/8/8 w - - 1 60,0.5,w
4r3/6p1/8/5k2/8/8/3K4/8 w - - 5 62,0.5,w
4r3/6p1/8/3k4/8/3K4/8/8 w - - 9 64,0.5,w
4r3/8/8/3k4/1K4p1/8/8/8 b - - 1 66,0.5,b
4r3/8/8/3k4/1K6/8/6p1/8 b - - 1 68,0.5,b
2r5/8/8/3k4/8/8/K7/6b1 b - - 3 70,0.5,b
1r6/8/8/3k4/3b4/8/K7/8 b - - 7 72,0.5,b
1r6/8/8/3k4/K7/4b3/8/8 b - - 11 74,0.5,b
1r6/8/8/3k4/K7/8/1b6/8 b - - 15 76,0.5,b
1r6/8/8/3k4/K7/8/1b6/8 b - - 19 78,0.5,b
1r6/8/8/3k4/K7/2b5/8/8 b - - 23 80,0.5,b
8/8/8/3kb3/8/8/K7/1r6 b - - 27 82,0.5,b
8/8/8/2k1b3/K7/8/8/2r5 b - - 31 84,0.5,b
8/8/8/8/2k5/8/K7/b1r5 b - - 35 86,0.5,b
8/8/8/8/2k5/2r5/K7/8 b - - 2 88,0.5,b
8/8/8/8/2k5/8/K7/2r5 b - - 6 90,0.5,b
8/8/8/8/2k5/8/K7/2r5 b - - 10 92,0.5,b
r2qr1k1/ppb2ppp/2p2nb1/2Pp4/PP1BnP2/3BP3/2Q3PP/RN3RK1 w - - 1 15,0.0,w
r2qr1k1/ppb2ppp/2p2n2/2Pp1b2/PP1B1P2/4P3/3Q2PP/RN3RK1 w - - 2 17,0.0,w
r3r1k1/ppb1qppp/2p2n2/2Pp4/PP1B1Pb1/2N1P3/3Q2PP/R2R2K1 w - - 6 19,0.0,w
r3r1k1/ppbnqppp/2p5/2Pp1b2/PP1B1P2/2N1P3/3Q2PP/3RR1K1 w - - 10 21,0.0,w
r3r1k1/ppb2ppp/2p5/1Pqp1b2/P4P2/2N1P3/3Q2PP/3RR1K1 w - - 0 23,0.0,w
3rr1k1/ppb2ppp/2q5/3N1b2/P4P2/4P3/3Q2PP/3RR1K1 w - - 1 25,0.0,w
4r1k1/ppb2ppp/2R5/5b2/P4P2/4P3/3r2PP/4R1K1 w - - 0 27,0.0,w
4rk2/pp1r1ppp/8/5b2/P4P2/4P3/6PP/2R1R1K1 w - - 3 29,0.0,w
3r1k2/pp3ppp/8/5b2/P4P2/4P1P1/3r1K1P/2R1R3 w - - 1 31,0.0,w
3r1k2/pp3ppp/8/8/P4Pb1/4P1P1/4K2P/2R5 w - - 1 33,0.0,w
5k2/pp3ppp/8/8/P4Pb1/4P1P1/7P/2Rr2K1 w - - 5 35,0.0,w
8/pp2kppp/8/P7/5P2/4P1P1/7P/3b2K1 w - - 1 37,0.0,w
8/pp3ppp/5k2/P7/5P2/1b2P1P1/4K2P/8 w - - 5 39,0.0,w
8/pp2kppp/4b3/P7/4KP2/4P1P1/7P/8 w - - 9 41,0.0,w
2b5/pp2k1pp/5p2/P3KP2/8/4P1P1/7P/8 w - - 0 43,0.0,w
8/pp4pp/3k1p2/P4b2/8/4PKP1/7P/8 w - - 0 45,0.0,w
8/pp4pp/5p2/P1k5/8/3bPKP1/7P/8 w - - 4 47,0.0,w
8/pp4pp/5p2/P7/2bkPK2/6P1/7P/8 w - - 3 49,0.0,w
8/pp4pp/2b2p2/P7/3kPK2/6P1/7P/8 w - - 7 51,0.0,w
8/pp4pp/5p2/P7/4bK2/3k2P1/7P/8 w - - 0 53,0.0,w
8/pp5p/5p2/P5p1/4b1P1/6K1/4k2P/8 w - - 2 55,0.0,w
8/p6p/p4p2/6p1/6P1/5bKP/4k3/8 w - - 0 57,0.0,w
8/p6p/p1b2p2/6p1/6PP/5k1K/8/8 w - - 3 59,0.0,w
8/p7/p1b4p/6p1/6P1/5k2/7K/8 w - - 0 61,0.0,w
8/p7/2b4p/6p1/p5P1/5k2/8/5K2 b - - 0 63,0.0,b
8/p7/2b4p/6p1/6P1/5k2/p7/3K4 b - - 1 65,0.0,b
8/p7/2b4p/6p1/6k1/3K4/8/q7 b - - 1 67,0.0,b
8/p7/2b4p/4q1p1/8/3K2k1/8/8 b - - 5 69,0.0,b
8/p7/2b4p/2q3p1/8/5k2/8/4K3 w - - 9 72,0.0,w
8/p7/7p/6p1/b1q5/5k2/8/4K3 w - - 13 74,0.0,w
8/p7/7p/8/b1q5/5kp1/8/4K3 w - - 0 76,0.0,w
8/p7/7p/8/b7/5k2/6p1/2q1K3 w - - 2 78,0.0,w
rnb2rk1/pp3ppp/2p2n2/3pp3/2P5/qP2P3/P1BPNPPP/2RQK2R w K - 0 10,0.0,w
rn1r2k1/pp3ppp/2p1bn2/3pp3/2P5/qP2P3/P1BPNPPP/R2Q1RK1 w - - 4 12,0.0,w
rn1r2k1/pp3ppp/2p2n2/3bp3/8/1P1PP3/PqB1NPPP/R2Q1RK1 w - - 1 14,0.0,w
r2r2k1/pp1n1ppp/2p2n2/3bp3/8/1P1PP3/P1B1NPPP/2R2RK1 w - - 1 16,0.0,w
r2r2k1/pp3ppp/2p2n2/2nb4/3p4/1P2P3/P1B1NPPP/2R1R1K1 w - - 0 18,0.0,w
r2r4/pp3ppk/2p2n2/2Rb4/8/1P2p3/P3NPPP/4R1K1 w - - 0 20,0.0,w
r2r4/pp1n1pp1/2p3k1/3b4/8/1P2P3/P3N1PP/2R1R1K1 w - - 3 22,0.0,w
r2r4/pp1n1pp1/5k2/3p4/8/1P2P3/P5PP/2R1R1K1 w - - 0 24,0.0,w
r6r/pp3pp1/1n3k2/3R4/8/1P2P3/P5PP/2R3K1 w - - 1 26,0.0,w
r2r4/pp3pp1/1n6/4k3/8/1P2P3/P2R2PP/2R3K1 w - - 5 28,0.0,w
r7/pp3pp1/1n6/2R5/4k3/1P2P3/P4RPP/3r2K1 w - - 9 30,0.0,w
r7/pp3pp1/1n6/2R5/8/1P2k3/P5PP/5K2 w - - 0 32,0.0,w
r7/ppR2pp1/8/3n4/4k3/1P6/P5PP/5K2 w - - 4 34,0.0,w
2r5/pR4p1/8/3n4/8/1P2k3/P5PP/5K2 w - - 1 36,0.0,w
8/pR6/8/3n2p1/6P1/1P2k3/P5KP/2r5 w - g6 0 38,0.0,w
8/p7/8/8/5pP1/1P2k3/P5KP/2r5 w - - 0 40,0.0,w
8/p7/8/8/1P4P1/4k2K/P4p1P/2r5 w - - 0 42,0.0,w
8/p7/8/8/1P4PK/4k3/P4q1P/2r5 w - - 2 44,0.0,w
8/p7/6K1/8/1P4P1/4k3/q7/2r5 w - - 0 46,0.0,w
8/p5K1/2r1q3/8/1P4P1/4k3/8/8 w - - 4 48,0.0,w
7K/p3q3/2r5/6P1/1P6/4k3/8/8 b - - 3 50,0.0,b
2rr2k1/pp3p1p/5p2/3N4/2P1n3/P7/1PR2PPP/5BK1 w - - 3 24,0.0,w
2r5/pp3pkp/5p2/8/2P1n3/P7/1PR2PPP/5BK1 w - - 0 26,0.0,w
4r3/pp3pkp/5p2/6n1/2P5/P4P2/1PR1B1PP/6K1 w - - 3 28,0.0,w
4r3/pp3pkp/4n3/5p2/2P5/P4P2/1P1RBKPP/8 w - - 0 30,0.0,w
4r3/1p3p1p/p3nk2/3R1p2/2P5/P2B1P2/1P3KPP/8 w - - 0 32,0.0,w
7r/1p3p1p/p4k2/3R2n1/2P1B3/P4P2/1P3KPP/8 w - - 3 34,0.0,w
1r6/1B3p1p/p7/6k1/2P5/P4P2/1P3KPP/8 w - - 1 36,0.0,w
8/7p/p7/3B1pk1/2P5/P4P2/1r3KPP/8 w - - 0 38,0.0,w
6B1/7p/p5k1/5p2/2P5/P4P2/1r4PP/5K2 w - - 4 40,0.0,w
8/7p/p3B1k1/5p2/2P5/P4P2/6PP/2r3K1 w - - 8 42,0.0,w
8/7p/p3B1k1/8/2P2p2/P4P2/4K1PP/6r1 w - - 2 44,0.0,w
2B5/7p/p5k1/8/2P2p2/P4P2/5KPP/r7 b - - 6 46,0.0,b
8/7p/4B1k1/p1P5/5p2/r4P2/5KPP/8 b - - 1 48,0.0,b
8/7p/6k1/p1P5/5p2/2r2P2/5KPP/1B6 b - - 5 50,0.0,b
8/6kB/8/p1r5/5p2/5P2/5KPP/8 b - - 0 52,0.0,b
8/7k/8/2r5/p4p2/5PP1/7P/4K3 b - - 0 54,0.0,b
8/7k/8/2r5/5p2/5PPP/p7/5K2 b - - 0 56,0.0,b
8/7k/8/2r5/7P/5Pp1/4K3/r7 b - - 0 58,0.0,b
8/7k/8/2r5/5P1P/3K4/8/r5q1 b - - 1 60,0.0,b
8/7k/8/2r5/5P1P/r7/5q2/3K4 b - - 5 62,0.0,b
r3rnk1/pp2bppp/2p1bn2/3pq3/4PP2/2P5/PPBNQ1PP/R1B2R1K b - - 0 14,1.0,b
rqb1rnk1/pp2bppp/2p2n2/3p1P2/4P3/2P5/PPBNQ1PP/R1BR3K b - - 2 16,1.0,b
rqb1r1k1/pp1nbppp/5n2/3p1P2/8/2P2N2/PPB1Q1PP/R1BR3K b - - 1 18,1.0,b
rqb1r1k1/pp3ppp/3b1n2/3pnPB1/8/2P2N2/PPB3PP/R2R1Q1K b - - 5 20,1.0,b
r1b1r1k1/ppq2ppp/3b1B2/3p1P2/8/2P2P2/PPB4P/R2R1Q1K b - - 0 22,1.0,b
r3r1k1/pp1b1pQp/1q1b1B2/3p1P2/8/2P2P2/PPB4P/R2R3K b - - 0 24,1.0,b
5k2/p1rr1p1p/1p2bnp1/1P6/4PP1n/R5NP/4B1P1/R5K1 w - - 0 39,0.0,w
4nk2/p1rr1p1p/1p2b3/1P2Pp2/7n/R5NP/4B1P1/R5K1 w - - 1 41,0.0,w
4nk2/p1r2p1p/1p2b3/1P1rPp2/8/R4PNP/8/R5K1 w - - 1 43,0.0,w
4nk2/R4p1p/1p2b3/1P2rp2/8/5PNP/8/6K1 w - - 0 45,0.0,w
4nk2/R4p1p/1p6/1P3b2/8/5P1P/4r1K1/8 w - - 2 47,0.0,w
5k2/5p1p/Rp6/1n3b2/8/5PKP/4r3/8 w - - 0 49,0.0,w
5k2/3b1p1p/8/8/8/5PKP/1R2r3/8 b - - 1 51,0.0,b
5k2/3b1p1p/8/1r6/5P1P/6K1/8/8 b - - 0 53,0.0,b
5k2/5p1p/8/8/5PbP/1r6/6K1/8 b - - 4 55,0.0,b
8/4kp1p/8/8/5PbP/5r2/6K1/8 b - - 8 57,0.0,b
8/4kp1p/8/8/4r1bP/8/6K1/8 b - - 3 59,0.0,b
8/3k1p1p/8/8/4r1bP/8/6K1/8 b - - 7 61,0.0,b
8/3k1p1p/8/8/4r1bP/8/6K1/8 b - - 11 63,0.0,b
8/3k1p1p/8/7b/7r/4K3/8/8 b - - 1 65,0.0,b
8/3k1p1p/8/7b/8/6r1/2K5/8 b - - 5 67,0.0,b
8/3k1p1p/6b1/8/8/1r6/4K3/8 b - - 9 69,0.0,b
8/5p1p/3k4/8/4b3/1r6/4K3/8 b - - 13 71,0.0,b
8/5p1p/3k4/8/4b3/1r6/8/5K2 b - - 17 73,0.0,b
8/5p1p/3k4/8/8/3b4/1r6/7K b - - 21 75,0.0,b
8/5p1p/8/4k3/8/3b4/3r4/7K b - - 25 77,0.0,b
8/5p1p/8/4k3/4b3/8/3r4/6K1 w - - 31 82,0.0,w
8/5p1p/8/4k3/8/3b4/2r5/6K1 b - - 36 85,0.0,b
r7/5p1p/8/4k3/8/3b4/6K1/8 b - - 40 88,0.0,b
4r3/5p1p/8/8/5k2/3b4/6K1/8 b - - 44 90,0.0,b
2r5/5p1p/b7/8/5k2/8/6K1/8 b - - 48 92,0.0,b
3r4/5p1p/8/8/5k2/3b4/6K1/8 b - - 52 94,0.0,b
6r1/5p1p/8/8/5k2/7K/4b3/8 w - - 56 97,0.0,w
8/5p1p/b5r1/8/5k2/7K/8/8 w - - 60 99,0.0,w
8/5p1p/b5r1/4k3/7K/8/8/8 b - - 64 102,0.0,b
8/5p1p/6r1/4k3/8/8/7K/5b2 w - - 68 105,0.0,w
8/5p2/6rp/8/5k2/8/7K/5b2 w - - 0 107,0.0,w
8/5p2/6rp/8/5k2/8/7K/5b2 w - - 4 109,0.0,w
8/5p2/6rp/4k3/8/8/7K/5b2 w - - 8 112,0.0,w
8/5p2/4k1rp/8/8/8/8/5b1K b - - 12 114,0.0,b
8/5p2/4k1rp/8/8/8/8/5b1K b - - 16 119,0.0,b
8/5pr1/7p/3k4/8/8/8/5b1K b - - 20 121,0.0,b
8/5pr1/7p/8/4k3/7K/4b3/8 b - - 24 123,0.0,b
r2qr1k1/pp1nbppp/2p1bn2/3pp3/4P3/2PP1P2/PPB1Q1PP/RNB2R1K w - - 3 11,0.5,w
r2qrbk1/pp1n1ppp/2p1bn2/4p3/4P3/2PPB3/PPB1Q1PP/RN3R1K w - - 1 13,0.5,w
r2qr1k1/pp1n1ppp/3bbn2/2p1p3/4P3/2PPB3/PPBN2PP/R3QR1K w - - 0 15,0.5,w
r2q2k1/pp3ppp/1n1brn2/2p1p3/4P3/2PPB3/PP1N2PP/R3QR1K w - - 0 17,0.5,w
r2q2k1/pp2bppp/1n1r1n2/2p1p1B1/4P3/2PP1R2/PP1N2PP/R3Q2K w - - 4 19,0.5,w
r5k1/pp2bppp/1n3n2/2p1p1B1/4P3/1NPq4/PP4PP/R3Q2K w - - 0 21,0.5,w
r2q2k1/pp3ppp/1n3b2/2N1p3/4P3/2P5/PP4PP/R3Q2K w - - 1 23,0.5,w
r4qk1/pN3ppp/5b2/4p3/n3P3/2P5/PP3QPP/R6K w - - 3 25,0.5,w
5qk1/Q4ppp/5b2/N3p3/n3P3/2P5/Pr4PP/R6K w - - 0 27,0.5,w
5qk1/2Q2ppp/5b2/N3p3/2P1n3/8/Pr4PP/R6K w - - 0 29,0.5,w
5q1k/5ppp/5b2/N2Qp1n1/2P5/8/Pr4PP/R6K w - - 4 31,0.5,w
5q1k/5ppp/4nb2/3Qp3/2P5/1P6/6PP/R6K w - - 1 33,0.5,w
5qk1/5ppp/4nb2/3Q4/2P1p3/1P6/6PP/5RK1 w - - 0 35,0.5,w
5qk1/5p1p/4n1p1/8/2PbQ3/1P6/6PP/5R1K w - - 0 37,0.5,w
2q3k1/5p1p/6p1/6n1/2PbQ1P1/1P6/6KP/5R2 w - - 3 39,0.5,w
6k1/5p1p/6p1/3Q2n1/2P3P1/1q6/6KP/5R2 w - - 0 41,0.5,w
8/5pkp/6p1/6Q1/2P3P1/8/2q3KP/5R2 w - - 1 43,0.5,w
8/6kp/5pp1/4Q3/2q3P1/8/7P/5RK1 b - - 0 45,0.5,b
8/6kp/6p1/4p3/6q1/8/7P/4KR2 b - - 1 47,0.5,b
8/6kp/6p1/4p3/3q4/8/7P/4KR2 b - - 5 49,0.5,b
8/6kp/6p1/4p3/8/2q5/5R1P/3K4 b - - 9 51,0.5,b
8/2R3kp/6p1/8/4p3/4q3/7P/3K4 b - - 3 53,0.5,b
5k1R/8/6p1/6q1/4p3/8/7P/3K4 b - - 2 55,0.5,b
R7/6k1/6p1/7q/4p3/8/7P/2K5 b - - 6 57,0.5,b
R7/6k1/6p1/8/4p3/8/K7/6q1 b - - 3 59,0.5,b
R7/6k1/6p1/2q5/4p3/8/1K6/8 b - - 7 61,0.5,b
8/6k1/1q6/6p1/4p3/8/K7/R7 b - - 3 63,0.5,b
8/6k1/8/4q1p1/4p3/8/8/RK6 w - - 7 66,0.5,w
8/R6k/8/4q1p1/4p3/8/8/3K4 b - - 11 68,0.5,b
8/8/8/4q1pk/R3p3/8/8/3K4 b - - 15 70,0.5,b
8/8/8/6pk/R7/4p1q1/4K3/8 w - - 3 73,0.5,w
8/8/6k1/6p1/8/6q1/4p3/R2K4 w - - 0 75,0.5,w
8/8/3q2k1/6p1/8/3K4/4p3/R7 w - - 4 77,0.5,w
8/8/6k1/3q2p1/8/8/3Kp3/R7 w - - 8 79,0.5,w
8/8/6k1/6p1/8/5K2/8/q7 w - - 0 81,0.5,w
8/5k2/8/8/6p1/4K3/8/q7 w - - 0 83,0.5,w
8/5k2/8/8/3q2p1/6K1/8/8 w - - 4 85,0.5,w
8/5k2/8/8/5q2/6p1/8/6K1 w - - 0 87,0.5,w
8/5k2/8/8/8/4q1K1/8/8 w - - 1 89,0.5,w
8/5k2/8/8/8/5q2/8/6K1 w - - 5 91,0.5,w
rnbq1rk1/pp3ppp/2pb1n2/3pp3/2P5/1P1BP1N1/PB1P1PPP/R2QK2R b KQ - 5 7,0.0,b
r2q1rk1/pp1n1ppp/2pb1n2/3Pp3/6b1/1P1BP1N1/PB1P1PPP/R1Q1K2R b KQ - 0 9,0.0,b
2rq1rk1/pp1n1ppp/3b1n2/3pp3/6P1/1P1BP1N1/PB1P2PP/R1Q1K2R b KQ - 0 11,0.0,b
5rk1/pp1n1ppB/3b1n2/q2pp3/6P1/1P2P1N1/PB1P2PP/2R1K2R b K - 0 13,0.0,b
5r2/pp1n1ppk/3b1P2/3pp3/8/1P2P1N1/qB1P2PP/2R1K2R b K - 0 15,0.0,b
5r2/pp1n1pPk/3b4/3pp3/8/1P2P1N1/3PK1PP/2q4R b - - 1 17,0.0,b
2q2b2/pp1n1p1k/8/3pp3/8/1P2P1N1/3PK1PP/R7 b - - 1 19,0.0,b
1q3b2/pp3p1k/5n2/3pp3/8/1P2P1N1/3PK1PP/R7 b - - 5 21,0.0,b
1q3b2/pp3p1k/8/3p4/4n3/1P2P3/3PK1PP/7R b - - 1 23,0.0,b
1q6/pp3p1k/8/2np4/1b2P3/1P1P4/4K1PP/7R b - - 0 25,0.0,b
8/pp3p1k/8/2n5/1b2Pq2/1P6/4K1PP/5R2 b - - 2 27,0.0,b
8/pp3p1k/8/2n5/1b2P3/1P1q4/5KPP/5R2 b - - 6 29,0.0,b
8/pp3p1k/8/8/1b2q3/1P1n2K1/6PP/4R3 b - - 3 31,0.0,b
r3nrk1/1p2ppbp/1qn1b1p1/p1p5/2Pp1P2/Q2P1NPP/PP1BPRB1/3R3K b - - 3 15,1.0,b
rr4k1/1p2ppbp/1qn1bnp1/p1p5/2Pp1P2/Q2P1NPP/PP1BPRB1/3R3K b - - 7 17,1.0,b
rr4k1/1p2pp1p/2n1bnpb/p1p5/1BPp1PP1/Q2P1N1P/PP2PRB1/3R3K b - - 0 19,1.0,b
rr4k1/1p2pp1p/2n1bnp1/2p5/1pPp1bP1/1Q1P3P/PP2PRB1/3RN2K b - - 1 21,1.0,b
rr4k1/1p3p1p/2B1bpp1/2p5/1pPp2P1/1Q1P2bP/PP2P3/3RN2K b - - 0 23,1.0,b
rr4k1/5p1p/2p1bpp1/2p5/1pPp2P1/1Q1P3P/PP2P1K1/4R3 b - - 0 25,1.0,b
r3r1k1/5p1p/2p1bpp1/2p5/1pP3P1/1Q1PR2P/PP4K1/8 b - - 0 27,1.0,b
r5k1/5p1p/2P2pp1/2p5/1p4P1/1Q1Pr2P/PP4K1/8 b - - 0 29,1.0,b
r5k1/5p1p/2P2pp1/8/1pQ3P1/3P1K1P/PP2r3/8 b - - 2 31,1.0,b
r5k1/5p1p/2P2Pp1/8/1pQ5/3P1K1P/r7/8 b - - 0 33,1.0,b
r5k1/5p1p/2P2Pp1/5r2/1Q6/3P3P/6K1/8 b - - 2 35,1.0,b
r5k1/5p1p/2Q3p1/8/8/3P3P/6K1/8 b - - 0 37,1.0,b
8/5pkp/6p1/8/8/3P3P/6K1/Q7 b - - 2 39,1.0,b
6k1/Q6p/5pp1/8/8/3P3P/5K2/8 b - - 3 41,1.0,b
6k1/8/4Q1pp/5p2/8/3P3P/5K2/8 b - - 1 43,1.0,b
6k1/8/5Qpp/5p2/8/3P3P/5K2/8 b - - 5 45,1.0,b
8/5k2/8/5pQ1/8/3P3P/5K2/8 b - - 0 47,1.0,b
8/5Q2/8/3k1p2/8/3P3P/5K2/8 b - - 4 49,1.0,b
8/8/8/4k3/5Q2/3P1K1P/8/8 b - - 0 51,1.0,b
8/8/5k2/8/4Q3/3P3P/5K2/8 b - - 4 53,1.0,b
6k1/8/5Q2/8/8/3P3P/5K2/8 b - - 8 55,1.0,b
6k1/4Q3/8/8/8/3P3P/5K2/8 b - - 12 57,1.0,b
8/7k/8/6Q1/7P/3P4/5K2/8 b - - 0 59,1.0,b
8/5k2/8/4Q3/7P/3P4/5K2/8 w - - 4 62,1.0,w
8/5k2/8/4Q2P/8/3PK3/8/8 w - - 1 64,1.0,w
8/5k1P/8/4Q3/8/3PK3/8/8 w - - 1 66,1.0,w
7Q/5k2/8/4Q3/3P4/4K3/8/8 w - - 1 68,1.0,w
7Q/5k2/3P4/4Q3/8/4K3/8/8 w - - 1 70,1.0,w
5k2/pp3p2/3n1p1p/3P4/1P3K2/P2B4/5PPP/8 b - - 7 32,1.0,b
2n5/pp2kp2/5p1p/3P3K/1P6/P2B4/5PPP/8 b - - 11 34,1.0,b
8/pp1k1p2/1n3p1K/3P4/1P2B3/P7/5PPP/8 b - - 2 36,1.0,b
8/pp3pK1/1n1k1p2/8/1P2B3/P7/5PPP/8 b - - 1 38,1.0,b
8/p3kpK1/5p2/3B4/1Pn5/P7/5PPP/8 b - - 2 40,1.0,b
8/p3k1K1/6B1/5p2/1P6/n7/5PPP/8 b - - 1 42,1.0,b
8/p5K1/8/4kp2/1P6/nB6/5PPP/8 b - - 5 44,1.0,b
8/p7/6K1/1n2k3/BP3p2/8/5PPP/8 b - - 3 46,1.0,b
8/p1n5/6K1/4k3/1P6/1B3P2/5P1P/8 b - - 0 48,1.0,b
8/p7/P5K1/8/3k4/1B3P2/5P1P/8 w - - 1 51,1.0,w
8/p7/P3B3/6K1/8/5P2/4kP1P/8 w - - 5 53,1.0,w
8/p7/P3B3/5PK1/8/8/4kP1P/8 w - - 1 55,1.0,w
8/p4P2/P3B3/6K1/8/5k2/7P/8 w - - 1 57,1.0,w
8/p7/P3B3/6K1/5Q2/3k4/7P/8 w - - 3 59,1.0,w
8/Q7/P3B3/6K1/8/3k4/7P/8 w - - 1 61,1.0,w
8/P7/4B3/6K1/1k6/8/5Q1P/8 w - - 1 63,1.0,w
Q7/8/3kB3/6K1/8/8/7P/5Q2 w - - 1 65,1.0,w
8/Q7/3k4/6K1/8/8/B6P/5Q2 w - - 5 67,1.0,w
4rrk1/1pb2pp1/p1p1qn2/P1Pp1b2/1P1BnP1p/3BPR1P/RQN3P1/6K1 b - - 0 21,0.5,b
4rrk1/1pb2pp1/p1p1qn2/P1Pp1b2/1P1B1P1p/3BPR1P/RQN3P1/6K1 b - - 0 23,0.5,b
4rrk1/1pb2p2/p1p1qp2/P1Pp4/1P3P1p/3bPR1P/RQ4P1/4N1K1 b - - 1 25,0.5,b
4rrk1/1pb2p1b/p1p2Q2/P1Pp1P2/1P2q2p/4PR1P/R5P1/4N1K1 b - - 0 27,0.5,b
5rk1/1pb1rp1b/p1p2P2/P1Pp4/1P5p/4PR1P/R5P1/4N1K1 b - - 0 29,0.5,b
4r1k1/1pb2p1b/p1p1rP2/P1Pp4/1P5p/4PR1P/3R1KP1/4N3 b - - 4 31,0.5,b
4r1k1/1pb2p2/p1p1rP2/P1Pp4/1P5p/3RPR1P/5KP1/8 b - - 0 33,0.5,b
4r1k1/1p3p2/p1p1rP2/P1Ppb3/1P5p/4PR1P/4K1P1/3R4 b - - 4 35,0.5,b
4r1k1/1p3p2/p1p1rb2/P1Pp4/1P6/4P1RP/4K3/3R4 b - - 0 37,0.5,b
4r3/1p3p2/p1p1rb1k/P1Pp4/1P6/4P1RP/3K4/5R2 b - - 4 39,0.5,b
7r/1p3R2/p1p1r2k/P1Pp2b1/1P4R1/4P2P/3K4/8 b - - 0 41,0.5,b
7r/1p3R2/p1p5/P1Pp2k1/1P6/4K2P/8/8 b - - 0 43,0.5,b
1r6/1R6/p1p3k1/P1Pp4/1P6/7P/3K4/8 b - - 0 45,0.5,b
8/7r/p1p3k1/P1Pp4/1P6/7P/3K4/8 b - - 3 47,0.5,b
8/8/P1p2k2/P1Pp4/8/7r/3K4/8 w - - 1 50,0.5,w
3r4/P7/P1p2k2/2Pp4/8/8/3K4/8 w - - 1 52,0.5,w
8/r7/P1p2k2/2Pp4/1K6/8/8/8 w - - 0 55,0.5,w
8/8/r1p2k2/2P5/K2p4/8/8/8 w - - 0 57,0.5,w
8/8/r1p5/2P1k3/3p4/3K4/8/8 w - - 4 60,0.5,w
8/8/2p5/2P5/3pk3/8/r2K4/8 w - - 8 62,0.5,w
8/8/2p5/2P5/3p1k2/8/r7/3K4 b - - 12 64,0.5,b
8/8/2p5/2P5/8/3pk3/r7/1K6 b - - 3 67,0.5,b
8/8/2p5/2P5/8/K3k3/8/3q4 b - - 1 69,0.5,b
8/8/2p5/2P5/2K5/8/4k3/q7 b - - 5 71,0.5,b
8/8/2p5/2P5/8/2K1k3/8/3q4 b - - 9 73,0.5,b
8/8/2p2q2/2P5/1K6/4k3/8/8 b - - 13 75,0.5,b
8/8/1Kp5/2P1q3/8/8/5k2/8 w - - 17 78,0.5,w
8/8/1K6/2P5/1q6/8/5k2/8 w - - 3 80,0.5,w
8/3K4/8/3q4/8/8/5k2/8 w - - 2 82,0.5,w
1K6/3q4/8/8/8/8/5k2/8 w - - 6 84,0.5,w
1K6/3q4/8/8/3k4/8/8/8 w - - 10 86,0.5,w
1K6/3q4/8/8/3k4/8/8/8 w - - 14 88,0.5,w
2q5/K7/8/8/2k5/8/8/8 w - - 18 90,0.5,w
8/8/K1q5/8/2k5/8/8/8 w - - 22 92,0.5,w
8/8/1K6/2q5/2k5/8/8/8 w - - 26 94,0.5,w
8/K7/2q5/3k4/8/8/8/8 w - - 30 96,0.5,w
K7/8/8/3k4/8/7q/8/8 w - - 34 98,0.5,w
8/2K5/8/2k5/8/8/8/7q w - - 38 100,0.5,w
3K4/8/3k4/8/8/8/8/4q3 w - - 42 102,0.5,w
3K4/8/3k4/8/8/8/8/q7 w - - 46 104,0.5,w
3br3/1p4pk/p1p1r2P/P1Pp1p2/1P2nP2/3RPB2/6KR/8 b - - 0 41,0.0,b
3br3/1p5k/p1p4p/P1Pp1p2/1P2nP2/3RP3/6K1/3B4 b - - 1 43,0.0,b
6r1/1p5k/p1p4p/P1Pp1p2/4nP2/3RP3/8/3B1K2 b - - 0 45,0.0,b
8/1p5k/p1p4p/P1Pp1p2/4nP2/3RPr2/2B5/4K3 b - - 4 47,0.0,b
8/1p6/p1p3kp/P1Pp1p2/4nP2/R3P2r/8/3BK3 b - - 8 49,0.0,b
8/1p6/p1p3kp/P1Pp1p2/4nP2/R3P3/7r/3B1K2 b - - 12 51,0.0,b
8/1p6/p1p3kp/P1np1p2/5P2/R3P3/2B1K3/7r b - - 1 53,0.0,b
8/1p6/p1p3kp/P1n2p2/3P1P2/R7/2B4r/3K4 b - - 0 55,0.0,b
8/1p6/p1p1n1kp/P4p2/3P1P2/R4K2/2B5/7r b - - 4 57,0.0,b
8/1p6/p1p1n1kp/P4p2/3P1P2/r7/6K1/1B6 b - - 1 59,0.0,b
8/1p6/p1p3kp/P4p2/5n2/r7/5K2/1B6 w - - 0 62,0.0,w
8/1p6/p1p3kp/r4p1n/8/4K3/2B5/8 w - - 2 64,0.0,w
8/8/ppp3kp/3r1p1n/8/8/5K2/1B6 w - - 2 66,0.0,w
8/8/ppp3kp/5p1n/8/4K3/2r5/8 w - - 0 68,0.0,w
8/3r4/ppp3kp/5p1n/8/4K3/8/8 w - - 4 70,0.0,w
8/5k2/ppp4p/5p1n/8/8/5K2/3r4 w - - 8 72,0.0,w
8/3r1k2/ppp4p/5p1n/8/4K3/8/8 w - - 12 74,0.0,w
8/3r4/ppp3kp/7n/5p2/5K2/8/8 w - - 2 76,0.0,w
8/8/ppp3kp/7n/5p2/8/2r5/4K3 w - - 6 78,0.0,w
8/8/ppp3kp/7n/8/8/2K2p2/8 w - - 0 80,0.0,w
8/8/ppp3kp/7n/8/8/2K5/7q w - - 2 82,0.0,w
8/8/ppp3kp/7n/3q4/8/2K5/8 w - - 6 84,0.0,w
8/8/ppp3kp/7n/2q5/8/1K6/8 w - - 10 86,0.0,w
8/8/p1p3kp/1p5n/K7/2q5/8/8 w - - 0 89,0.0,w
1r1qr1k1/2pn1pb1/1p1pbnpp/pP2p3/P1P1P3/RN1P2P1/1B3PBP/Q1R3K1 b - - 1 18,0.0,b
1r1q2k1/2p1rpb1/1p1pbnpp/pPN1p3/P1P1P3/R2P1BP1/1B3P1P/Q1R3K1 b - - 0 20,0.0,b
1r2q1k1/2p1rpb1/3pbnpp/pPp1p3/P1P1P3/R1BP1BP1/2R2P1P/Q5K1 b - - 3 22,0.0,b
r3q1k1/2p1rpb1/3pbn1p/pPp1p1p1/P1P1P3/R1BP2P1/2R1BP1P/4Q1K1 b - - 3 24,0.0,b
r3q3/4rpbk/1p1pbn1p/p1p1p1p1/P1P1P3/1RBP2P1/2R1BP1P/4Q1K1 b - - 1 26,0.0,b
r7/4rpbk/1R1pbn1p/p1p1p1p1/2P1P3/2BP2P1/2q1BP1P/4Q1K1 b - - 0 28,0.0,b
r5k1/3R1pb1/4bn1p/p1p1p1p1/2P1P3/2BP2P1/2q1BP1P/4Q1K1 b - - 0 30,0.0,b
r5k1/3n1pb1/4b2p/p1p1p1p1/q1P1P3/3PB1P1/4BP1P/4Q1K1 b - - 3 32,0.0,b
rq4k1/3n1pb1/4b2p/B1p1p1p1/2P1P3/3P2P1/4BP1P/4Q1K1 b - - 0 34,0.0,b
6k1/3n1pb1/4b2p/Q1p1p1p1/2P1P3/3P2P1/4BPKP/1q6 b - - 2 36,0.0,b
3Q2k1/3n1pb1/7p/2p1p3/2P1P1p1/6P1/4BPKP/1q6 b - - 1 38,0.0,b
8/3Q1pbk/7p/2p1p3/2P1q1p1/6P1/4BP1P/6K1 b - - 1 40,0.0,b
8/6bk/7p/2pQp3/2P3p1/5qP1/5P1P/6K1 b - - 2 42,0.0,b
8/6bk/7p/2Q5/2P1p1p1/6P1/5PKP/3q4 b - - 2 44,0.0,b
5b2/7k/7p/8/2P1p1p1/6P1/5PqP/8 w - - 0 47,0.0,w
4rrk1/1pb2pp1/p1p1q3/P1Pp1b1n/1P1BnP2/3BPN1p/RQ4PP/5RK1 b - - 1 23,0.0,b
4rrk1/1pb2pp1/p1p1q3/P1Pp3n/1P1BBP2/4PN1b/RQ4pP/4R1K1 b - - 0 25,0.0,b
4rrk1/1p3pp1/p1p5/P1Pp3n/1P1B1bq1/4PN1b/RQ4pP/3BR1K1 b - - 1 27,0.0,b
1b2rr1k/1p3pp1/p1p5/P1Pp3n/1P1B2q1/4PN1b/R3B1pP/1Q2R1K1 b - - 5 29,0.0,b
1bq1rr1k/1p3pp1/p1p5/P1Pp1b1n/1P1B4/4PN2/3RB1KP/1Q2R3 b - - 0 31,0.0,b
1b2rr1k/1p3pp1/p1p5/P1Pp3n/1P1B2q1/4PN2/3RBK1P/1R6 b - - 2 33,0.0,b
2q1rr1k/bp3pp1/p1p5/P1Pp3n/1P1B4/3BPN2/3R1K1P/6R1 b - - 6 35,0.0,b
2q1rr1k/bp3pp1/p1p5/P1Pp2R1/1P1B2n1/3BPN2/3RK2P/8 b - - 10 37,0.0,b
2q1rr1k/bp3pp1/p1p5/P1Pp2R1/1P1BB3/4PN2/3R1K1P/8 b - - 0 39,0.0,b
2q1rB2/bp3p1k/p1p5/P1P3R1/1P2p3/4PN2/3R1K1P/8 b - - 0 41,0.0,b
2q1rB2/bp3R2/p1p4k/P1P5/1P6/4Pp2/3R1K1P/8 b - - 0 43,0.0,b
2q2r2/bp3R2/p1pR4/P1P3k1/1P5P/4Pp2/5K2/8 b - h3 0 45,0.0,b
5q2/bp6/p1p5/P1P5/1P5k/3RPp2/5K2/8 b - - 1 47,0.0,b
1b3q2/1R6/p1p5/P1P3k1/1P6/4Pp2/5K2/8 b - - 0 49,0.0,b
5q2/1R6/p1p5/P1P5/1P2P1k1/4Kpb1/8/8 b - - 2 51,0.0,b
5q2/1R6/p1p5/PPP5/4P1k1/6b1/3K4/5q2 b - - 1 53,0.0,b
8/1R6/p1p5/PPP3k1/4Pq2/1K4b1/8/5q2 w - - 5 56,0.0,w
8/1R6/q1p5/P1P3k1/4P3/4q1b1/K7/8 w - - 0 58,0.0,w
8/R7/2p5/P1P3k1/4P3/6b1/4q3/K1q5 w - - 4 60,0.0,w
r1b1r1k1/pp3ppp/1npq1n2/3pp3/2PP4/1P2P2P/P3NPP1/1BRQ1RK1 w - - 1 14,0.0,w
r1b1r1k1/pp3ppp/1qp2n2/3pp3/3P4/1P2P2P/P3NPP1/1BRQ1RK1 w - - 0 16,0.0,w
r1b2k2/pp3ppp/1qp2n2/3pr3/8/1P2P2P/P3NPP1/1BRQR1K1 w - - 0 18,0.0,w
r4k2/pp1b1ppp/1q3n2/2ppr3/3N4/1P2PQ1P/P4PP1/1BR1R1K1 w - - 0 20,0.0,w
4rk2/pp1brppp/1q3n2/2pp4/5Q2/1P2PN1P/P4PP1/1BR1R1K1 w - - 4 22,0.0,w
4r1k1/pp2rppp/1qb2n2/2pp4/5Q2/1P1BPN1P/P4PP1/2RR2K1 w - - 8 24,0.0,w
4r1k1/pp2rppp/1qb2n2/8/3p1Q2/1P1BP2P/P1R2PP1/3R2K1 w - - 0 26,0.0,w
4r1k1/pp2rpp1/1qb2n2/8/3p1Q2/1P1BP2P/P1R2PP1/3R2K1 w - - 3 28,0.0,w
4r1k1/pp2rpp1/5n2/3b4/3P4/1P1B3P/P1R2PP1/3R2K1 w - - 1 30,0.0,w
6k1/pp3pp1/5n2/3b1B2/3P4/1P5P/P1R2PP1/4r1K1 w - - 0 32,0.0,w
8/pp2kpp1/5n2/3b1B2/3P4/1P4KP/P1R2PP1/4r3 w - - 4 34,0.0,w
2B5/pp3pp1/3k1n2/3b4/3P4/1P3PKP/P1R3P1/3r4 w - - 3 36,0.0,w
8/pb3pp1/3k1n2/8/3P4/1P3PKP/P2r2P1/8 w - - 0 38,0.0,w
8/p4pp1/3k1n2/3b4/7P/1P3PK1/r5P1/8 w - - 0 40,0.0,w
8/p4pp1/1k3n2/1P1b4/7P/5PK1/r5P1/8 w - - 1 42,0.0,w
8/p4pp1/1k6/1P1b4/5n2/5P1K/r5P1/8 w - - 2 44,0.0,w
8/p4pp1/8/1k1b4/5PK1/8/r5n1/8 w - - 0 46,0.0,w
8/p4pp1/8/1k1brP2/8/6K1/6n1/8 w - - 3 48,0.0,w
8/p4p2/5p2/1k1br3/5n2/8/5K2/8 w - - 2 50,0.0,w
8/p4p2/5p2/1k1b2r1/8/3n3K/8/8 w - - 6 52,0.0,w
8/p4p2/5p2/1k1b2r1/8/3n3K/8/8 w - - 10 58,0.0,w
8/p4p2/5p2/k2b2r1/8/3n3K/8/8 w - - 14 60,0.0,w
8/p4p2/5p2/1k1b2r1/8/3n3K/8/8 b - - 18 62,0.0,b
8/p4p2/5p2/2kb2r1/8/3n3K/8/8 b - - 22 65,0.0,b
8/p4p2/2k2pr1/3b4/8/3n3K/8/8 b - - 26 69,0.0,b
8/p4p2/2k1bp2/7K/8/3n4/8/6r1 w - - 30 73,0.0,w
8/p4p1K/4bpr1/3k4/8/3n4/8/8 w - - 34 75,0.0,w
8/p4p1K/4b1r1/3k4/5p2/3n4/8/8 w - - 0 77,0.0,w
8/p4p1K/4b1r1/3k4/8/3n4/5p2/8 w - - 0 79,0.0,w
8/5p1K/p3b1r1/3k4/8/3n4/8/5q2 w - - 0 81,0.0,w
r2q1rk1/ppnb1ppp/5n2/4Q1B1/2P5/2N5/PP3PPP/3R1BK1 w - - 1 17,0.0,w
r2qnr1k/pp1b1ppp/5n2/6B1/2P1N3/6Q1/PP3PPP/3R1BK1 w - - 5 19,0.0,w
r3nr1k/pp3ppp/1q3n2/6B1/b1P1N2Q/3B4/PP3PPP/3R2K1 w - - 9 21,0.0,w
r4r1k/pp3ppp/5B2/8/b1P4Q/3B4/PP3qPP/3R2K1 w - - 0 23,0.0,w
r4r1k/pp3ppp/8/8/2P4B/3B4/PP4PP/3b3K w - - 0 25,0.0,w
1r2r2k/pB3ppp/8/8/2P4B/8/PP4PP/3b3K w - - 1 27,0.0,w
5r1k/p4Bpp/8/8/2P4B/8/Pr4PP/3b3K w - - 1 29,0.0,w
7k/p5pp/8/2P5/7B/P7/1r4PP/3b1r1K w - - 1 31,0.0,w
5rk1/1pb2pp1/p1p1r1q1/P1Pp1b1n/1P1B1P2/2nBPN1p/R5PP/3Q1RK1 w - - 6 26,1.0,w
5rk1/1pb2pp1/p1p1r1q1/P1Pp3n/1P3P2/2BbPN2/R5pP/3QR1K1 w - - 0 28,1.0,w
5rk1/1pb2pp1/p1p1rn1q/P1Pp4/1P3P2/2BQPN2/6RP/4R1K1 w - - 1 30,1.0,w
5rk1/1pb2pp1/p1p1r2q/P1PpN3/1P3P2/3QP3/6RP/4R1K1 w - - 2 32,1.0,w
5rk1/1pb2pp1/p1p1r3/P1Pp2N1/1P3P2/3QP3/6qP/4R1K1 w - - 0 34,1.0,w
4r1k1/1pb2pp1/p1p4r/P1Pp2N1/1P3P2/3QP3/6KP/3R4 w - - 3 36,1.0,w
6k1/1pb2pp1/p1p3r1/P1Pp4/1P3P2/4QN2/6KP/3R4 w - - 1 38,1.0,w
5k2/1pb2pp1/p1p1r3/P1Pp4/1P1Q1P2/5N2/5K1P/3R4 w - - 5 40,1.0,w
8/1p2kpp1/p1p1r3/P1Pp4/1P3b2/2Q2N2/5K1P/3R4 w - - 0 42,1.0,w
8/1p2kpQ1/p1p3r1/P1Pp4/1P6/4bN2/7P/3R1K2 w - - 3 44,1.0,w
5k2/1pQ2p2/p1p1r3/P1Pp4/1P6/4bN2/7P/3R1K2 w - - 7 46,1.0,w
5k2/1Q6/p1p1rp2/P1Pp4/8/5N2/7P/3R1K2 w - - 0 48,1.0,w
8/5k2/Q1p1rp2/P1PR4/8/5N2/7P/5K2 w - - 1 50,1.0,w
8/8/2Q2pk1/P1P5/8/4rN2/7P/3R1K2 w - - 1 52,1.0,w
8/8/2Q1Rp2/P1P2k2/8/5N2/7P/5K2 w - - 1 54,1.0,w
r1bq1rk1/ppn2ppp/5B2/4p3/2Pb4/2N3Q1/PP3PPP/3RRBK1 b - - 0 15,1.0,b
r1b2rk1/ppn2ppp/5q2/3N4/2Pp4/6Q1/PP3PPP/4RBK1 b - - 1 17,1.0,b
r1br2k1/pp3ppp/5q2/3P4/3p4/1P4Q1/P4PPP/4RBK1 b - - 0 19,1.0,b
r2r1k2/pp3ppp/5q2/3P4/2Bp2Q1/1P6/P4PPP/4R1K1 b - - 0 21,1.0,b
r4k2/pp1Q1ppp/8/3P4/2Bp3q/1P4P1/P4P1P/4R1K1 b - - 0 23,1.0,b
3r1k2/Q4ppp/5q2/3P4/2Bp4/1P4P1/P4P1P/4R1K1 b - - 0 25,1.0,b
3r3k/Q4Rpp/5q2/3P4/2Bp4/1P4P1/P4P1P/6K1 b - - 0 27,1.0,b
r6k/5Qpp/8/3P4/2Bp4/1P4P1/P4PKP/8 b - - 2 29,1.0,b
3r3k/6pp/8/3P1Q2/8/1P1B2P1/P4PKP/8 b - - 2 31,1.0,b
3r4/5kp1/6Q1/3P4/8/1P1B2P1/P4PKP/8 b - - 2 33,1.0,b
3r4/4k1p1/4Q3/3P4/8/1P1B2P1/P4PKP/8 b - - 6 35,1.0,b
4Qk2/6p1/6B1/3P4/8/1P4P1/P4PKP/8 b - - 0 37,1.0,b
8/pp2kp2/3n1p1p/3P4/1P6/P2B4/4KPPP/8 w - - 4 31,1.0,w
2nk4/pp3p2/5p1p/3P4/1P4K1/P2B4/5PPP/8 w - - 8 33,1.0,w
3k4/pp3p2/5p1K/3n4/1P6/P2B4/5PPP/8 w - - 0 35,1.0,w
3k4/pp3pK1/5p2/8/1PB5/P7/5PnP/8 w - - 0 37,1.0,w
3k4/pp4K1/4B3/8/1P3p2/P7/5PnP/8 w - - 0 39,1.0,w
3k4/pp4K1/8/3B4/1P3p2/P2n4/5P1P/8 w - - 4 41,1.0,w
8/ppk5/5K2/3B4/1P3p2/P4P2/7P/4n3 w - - 3 43,1.0,w
8/ppk5/8/5K2/1P3p2/P4P2/2B4P/8 b - - 0 45,1.0,b
8/pp2k3/8/4K3/1P6/P4P2/2B4P/8 b - - 2 47,1.0,b
8/pB2k3/8/4K3/1P6/P4P2/7P/8 b - - 0 49,1.0,b
8/p3k3/8/4K3/1P6/P4P2/7P/1B6 b - - 4 51,1.0,b
8/p3k3/8/4KB2/1P6/P4P2/7P/8 b - - 8 53,1.0,b
8/p7/3K1k2/8/1P2B3/P4P2/7P/8 b - - 12 55,1.0,b
8/p1K5/8/5B2/1P5k/P4P2/7P/8 b - - 16 57,1.0,b
8/pK6/7k/8/1P4B1/P4P2/7P/8 b - - 20 59,1.0,b
8/K7/6k1/1P6/6B1/P4P2/7P/8 b - - 0 61,1.0,b
8/KP6/6k1/8/6B1/P4P2/7P/8 b - - 0 63,1.0,b
8/K7/5k2/8/5QB1/P4P2/7P/8 b - - 2 65,1.0,b
8/K7/4Qk2/8/6B1/P4P2/7P/8 b - - 6 67,1.0,b
8/K3Q3/7k/8/6B1/P4P2/7P/8 b - - 10 69,1.0,b
8/K3Q3/7k/8/6B1/P4P2/7P/8 b - - 14 71,1.0,b
8/K3Q3/7k/5B2/5P2/P7/7P/8 b - - 2 73,1.0,b
r1bq1rk1/ppp2pbp/2np1np1/4p3/PP6/3P1NP1/1BP1PPBP/R2QK2R w KQ - 1 8,0.0,w
r1bqr1k1/ppp1npbp/3p1np1/1P2p3/P7/3P1NP1/1BPKPPBP/R2Q3R w - - 3 10,0.0,w
r1bqr1k1/ppp1np1p/5npb/1P2p3/P7/3P2P1/1BPKPPBP/R4Q1R w - - 2 12,0.0,w
r1b1r1k1/ppp2p1p/3q1npb/1P2pn2/P7/2KPP1P1/1BP2PBP/R4Q1R w - - 1 14,0.0,w
1rb1r1k1/pppq1p1p/5npb/1P2pn2/P7/B1KPP1P1/2P2PBP/R3Q2R w - - 5 16,0.0,w
1rb1r1k1/p1p2p1p/1pB1qnpb/1PB1pn2/P7/2KPP1P1/2P2P1P/R3Q2R w - - 2 18,0.0,w
1rbr2k1/p1p2p1p/1pB1qnpb/1P2p3/P2nP3/B1KP2P1/2P2P1P/R3Q2R w - - 1 20,0.0,w
1rb3k1/p1p2p1p/1p2q1pb/1P1rp3/P2n4/B1KP2P1/2P2P1P/R3Q2R w - - 0 22,0.0,w
1r2q1k1/p1p2p1p/1p2b1pb/1P1rp3/P2n4/B1KP2P1/2P2P1P/4RQ1R w - - 4 24,0.0,w
1r2q1k1/p1p2p1p/1p2b1pb/1P2p3/P2n4/3P2P1/1Kr2P1P/2B1RQ1R w - - 0 26,0.0,w
1r2q1k1/p1p2p1p/1p4pb/1P2p3/P7/1n1P2P1/b1r2P1P/K1B1RQ1R w - - 4 28,0.0,w
r3r1k1/pp2bpnp/2p1b1p1/3p4/5RP1/2P5/PPBN3P/R1B4K b - - 1 21,1.0,b
r5k1/pp2rpnp/2pbb1p1/3p4/R5P1/2P2N2/PPB4P/R1B4K b - - 5 23,1.0,b
r5k1/pp2rp1p/2pbbnpB/3p2P1/R7/2P2N2/PPB4P/R6K b - - 0 25,1.0,b
r1b1n1k1/pp2rp1p/2pb2pB/3p2P1/R7/2P2N2/PPB3KP/4R3 b - - 4 27,1.0,b
r1b3k1/pp3pnp/2pb2pB/3p2P1/3R4/2P5/PPB3KP/4N3 b - - 2 29,1.0,b
r5k1/pp3p1p/2pb2pB/3p1bP1/3R4/2P2N2/PP4KP/8 b - - 1 31,1.0,b
4r1k1/pp3p1p/2p3pB/2bp1bP1/3R4/P1P2N2/1P5P/5K2 b - - 0 33,1.0,b
4r1k1/pp3p1p/2p3pB/3p2P1/3N4/P1P4b/1P3K1P/8 b - - 0 35,1.0,b
2b1r1k1/p4p1p/2p3pB/3p2P1/8/P1P2K2/1P5P/8 b - - 1 37,1.0,b
2b3k1/p4p1p/2p3pB/4r1P1/3P4/P5K1/1P5P/8 b - - 0 39,1.0,b
2b3k1/p4p1p/2p3pB/4K1P1/3P4/Pr6/1P5P/8 b - - 4 41,1.0,b
6k1/pbK2p1p/2p3pB/6P1/3P4/P7/1r5P/8 b - - 3 43,1.0,b
b5k1/p1K2p1p/2p3pB/6P1/3P4/P7/7r/8 b - - 1 45,1.0,b
K5k1/p4p1p/2p3pB/6P1/3P4/r7/8/8 b - - 0 47,1.0,b
6k1/5p1p/1Kp3pB/p5P1/r2P4/8/8/8 b - - 1 49,1.0,b
6k1/5p1p/1Kp3pB/6P1/3r4/8/8/8 b - - 1 52,1.0,b
6k1/5p1p/6pB/3K2P1/8/8/r7/8 b - - 2 54,1.0,b
6k1/5p1p/6pB/K5P1/8/8/8/8 b - - 0 57,1.0,b
7k/7p/5PpB/1K6/8/8/8/8 b - - 0 59,1.0,b
5k2/7p/5PpB/1K6/8/8/8/8 b - - 4 61,1.0,b
4k3/7p/5PpB/1K6/8/8/8/8 b - - 8 63,1.0,b
5k2/7p/5Pp1/6B1/2K5/8/8/8 b - - 12 65,1.0,b
5k2/8/4KPp1/6B1/7p/8/8/8 b - - 1 67,1.0,b
5k2/8/4KPpB/8/8/8/7p/8 b - - 1 69,1.0,b
3k1Q2/8/4K1pB/8/8/8/7p/8 b - - 0 71,1.0,b
8/8/2k1K1pB/8/8/8/7Q/8 b - - 0 73,1.0,b
8/8/4K1QB/2k5/8/8/8/8 b - - 0 75,1.0,b
8/1k6/4K3/8/8/4B3/2Q5/8 b - - 4 77,1.0,b
k1Q5/8/4K3/8/8/8/8/6B1 b - - 8 79,1.0,b
r4rk1/pp2ppbp/1qn1bnp1/2p5/2Pp1P2/Q2P1NP1/PP1BP1BP/R2R3K b - - 2 13,0.0,b
r2r2k1/pp2ppbp/1qn2np1/2p2b2/2Pp1P2/Q2P1NP1/PP2P1BP/R2RB1K1 b - - 6 15,0.0,b
r2r2k1/pp2pp1p/1qn2npb/2p5/2Pp1Pb1/Q2P1NP1/PP2PBBP/1R1R2K1 b - - 10 17,0.0,b
r5k1/pp1rpp1p/1qn1bnpb/2p1N3/2Pp1P2/Q2P2PP/PP2PBB1/1R1R2K1 b - - 2 19,0.0,b
r3n1k1/pp1rpp1p/1q2b1pb/2pBP3/2Pp4/Q2P2PP/PP2PB2/1R1R2K1 b - - 2 21,0.0,b
1r2n1k1/pp1rpp1p/1q4pb/2p1P3/2PpB3/Q2P2Pb/PP2PB2/1R1R3K b - - 3 23,0.0,b
1r2n1k1/Qp1rpp1p/6pb/2p1q3/2PpB3/3P2Pb/PP2PB1K/1R1R4 b - - 1 25,0.0,b
1r2n1k1/1p1rpp1p/1Q5b/2p1qp2/2Pp4/3P2P1/PP2PB1K/1R1R4 b - - 1 27,0.0,b
1r2n1k1/1p2pp1p/3r3b/2p2p2/1PPp4/3P2P1/P3PB1K/1R1R4 b - b3 0 29,0.0,b
1r4k1/1p2pp1p/3r1n1b/5p2/1RPp4/3P2P1/P3PBK1/3R4 b - - 2 31,0.0,b
1r4k1/1p2pp1p/3r3b/8/1RPp1Pn1/3P4/P3PBK1/7R b - - 2 33,0.0,b
1r4k1/1p2pp1p/7b/8/1RPB1Pn1/3P2K1/r3P3/7R b - - 1 35,0.0,b
1r4k1/1p2pp1p/7b/8/1RPB1P2/3P1K2/6r1/7R b - - 2 37,0.0,b
3r2k1/1R2pp1p/6rb/2P5/3B1P2/3P1K2/8/7R b - - 0 39,0.0,b
5k2/5p1p/6rb/2P5/3r1P2/3P1K2/8/4R2R b - - 2 41,0.0,b
5k2/5p1p/4r2b/2P5/5r2/3P4/8/3KR2R b - - 3 43,0.0,b
5k2/5p1p/4r2b/2P5/8/3r4/8/2K1R2R w - - 0 46,0.0,w
5k2/5p1p/7R/2P5/8/5r2/2K5/4r3 w - - 1 48,0.0,w
8/5k2/8/2P5/8/5r2/2K5/4r3 w - - 0 50,0.0,w
8/5k2/2P5/8/8/5r2/r2K4/8 w - - 1 52,0.0,w
8/2P2k2/8/8/8/8/r7/1r2K3 w - - 1 54,0.0,w
rnbq1rk1/ppppppbp/5np1/8/1P6/5NP1/PBPPPPBP/R2QK2R b KQ - 4 5,1.0,b
rnbqr1k1/ppppppb1/5npp/1P6/8/5NP1/PBPPPPBP/R1Q1K2R b KQ - 2 7,1.0,b
rnbqr3/ppppppk1/6pp/1P6/4n3/5NP1/PQPPPPBP/R3K2R b KQ - 1 9,1.0,b
rnbqr1k1/pppppp2/5npp/1P2Q3/8/5NP1/P1PPPPBP/R4RK1 b - - 5 11,1.0,b
r1bqr1k1/ppp1pp2/2p2npp/4Q3/8/5NP1/P1PPPPBP/R3R1K1 b - - 1 13,1.0,b
r3r1k1/ppp1pp2/2p2npp/8/3Q2b1/6P1/P1PPPPBP/R3R1K1 b - - 0 15,1.0,b
1r1r2k1/ppp1Qp2/2p2npp/8/6b1/6P1/P1PPPPBP/R3R1K1 b - - 0 17,1.0,b
1r1r4/pp3pk1/2p3pp/4Q2n/6b1/6P1/P1PPPPBP/R3R1K1 b - - 2 19,1.0,b
1r1r2k1/pB3p2/5npp/4Q3/6b1/6P1/P1PPPP1P/R3R1K1 b - - 0 21,1.0,b
1r1r4/p4pk1/5n1p/4Q1p1/4B1b1/6P1/P1PPPP1P/1R2R1K1 b - - 1 23,1.0,b
8/p4pk1/2B2n1p/4Q1p1/6b1/6P1/P1PrPP1P/1R4K1 b - - 1 25,1.0,b
8/pB3pk1/5n1p/4Q1p1/5Pb1/6P1/r3P2P/1R4K1 b - f3 0 27,1.0,b
8/pB3pk1/5n1p/8/5Pb1/8/4r2P/QR4K1 b - - 0 29,1.0,b
8/p3rpk1/5n1p/5b2/5P2/5B2/7P/Q2R2K1 b - - 4 31,1.0,b
8/p3rp2/4bnkp/8/5P2/5B2/5K1P/Q5R1 b - - 8 33,1.0,b
8/p3rp2/6kp/8/4BPb1/8/5K1P/1Q4R1 b - - 0 35,1.0,b
8/p3rp2/2Q4p/8/4BPbk/8/5K1P/6R1 b - - 4 37,1.0,b
8/p3rp2/7p/8/5Pbk/3B4/2Q2K1P/6R1 b - - 8 39,1.0,b
8/pr3p2/7p/8/5P1k/2Q4b/4BK1P/6R1 b - - 12 41,1.0,b
5rk1/pp1b3p/2pb2p1/P2p4/5nP1/1NP1B3/1P6/R2B1K2 b - - 5 30,1.0,b
5rk1/pp1b3p/2pb2p1/P2p4/6P1/1NP1B3/1n2B1K1/R7 b - - 1 32,1.0,b
6k1/Bp1b3p/2pb2p1/P2p4/6P1/1NP2K2/1n2r3/R7 b - - 1 34,1.0,b
6k1/Bp1br2p/P1p3p1/3pb1P1/8/1NP2K2/1n6/R7 b - - 0 36,1.0,b
6k1/BP3r1p/2p3p1/3pbbP1/8/1NP5/1n4K1/R7 b - - 0 38,1.0,b
6k1/Br5p/2p3p1/2Npb1P1/4b3/2P5/1n6/R5K1 b - - 1 40,1.0,b
6k1/R6p/2p3p1/3p2P1/4N3/2b5/1n6/6K1 b - - 0 42,1.0,b
5k2/7R/2p3p1/6P1/4p3/2b5/1n6/6K1 b - - 0 44,1.0,b
5k2/8/2p3p1/6P1/4p3/4b3/1n5R/7K b - - 4 46,1.0,b
5k2/8/2R3p1/6b1/4p3/8/8/3n3K b - - 0 48,1.0,b
8/8/2R2kp1/6b1/4p3/8/8/3n3K b - - 4 50,1.0,b
8/8/6R1/4k3/4pb2/8/6K1/3n4 b - - 2 52,1.0,b
8/8/6R1/4k3/4pb2/8/6K1/3n4 b - - 6 54,1.0,b
8/6R1/8/5k2/4pb2/4n3/5K2/8 b - - 10 56,1.0,b
8/3R4/8/3nk3/4pb2/8/5K2/8 b - - 14 58,1.0,b
8/7R/8/3nk1b1/8/4pK2/8/8 b - - 3 60,1.0,b
8/8/8/3nb3/8/4pK2/8/8 w - - 0 63,1.0,w
8/8/3b4/3n4/8/8/4p3/3K4 w - - 0 65,1.0,w
8/8/3b4/8/8/8/8/1n2K3 w - - 3 67,1.0,w
8/8/8/4b3/8/8/3n4/4K3 w - - 7 69,1.0,w
8/8/8/4b3/8/8/8/3K4 w - - 3 71,1.0,w
8/8/8/4b3/8/8/8/1K6 w - - 7 73,1.0,w
8/8/8/4b3/8/8/8/1K6 w - - 11 75,1.0,w
1r1qr1k1/2p2pb1/1p1p2pp/pPnPp3/P3P1n1/R2P2P1/1B3PBP/Q1R3K1 b - - 0 21,0.0,b
1r1qr2k/2p2pb1/1p1p3p/pPnPp1p1/P3P1n1/R2P2PP/1BR2PB1/Q5K1 b - - 0 23,0.0,b
1r2r2k/2pq1pb1/1p1p1n1p/pPnPp1p1/P3P3/R2P1QPP/1BR2PB1/6K1 b - - 4 25,0.0,b
1r5k/2pqrpb1/1pRp1n1p/pP1Pp1p1/R3P3/3P1QPP/1B3PB1/6K1 b - - 2 27,0.0,b
1r5k/2pqrpb1/1pRp1n2/pP1PpQ1p/4P1p1/3P2PP/1B3PB1/R5K1 b - - 1 29,0.0,b
1r5k/2pQrpb1/1pRp1n2/pP1Pp2p/4P3/3P2P1/1B3PBK/R7 b - - 0 31,0.0,b
1r6/2pr1pbk/1pRp1n2/pP1Pp2p/3PP3/5BP1/1B3P1K/R7 b - - 0 33,0.0,b
1r6/2pr1pbk/1p1p4/pP1P3p/3pP1n1/5BP1/1B3P2/R1R3K1 b - - 1 35,0.0,b
1r6/2pr1pk1/1p1p4/pP1P3p/4P1n1/2Rp1BP1/5P2/R5K1 b - - 1 37,0.0,b
1r6/2p1rpk1/1p1p1n2/pP1P3p/4P3/5BP1/5P2/R2R2K1 b - - 2 39,0.0,b
4r3/2p1rpk1/1p1p4/pP1P3B/4n3/6P1/5PK1/R2R4 b - - 0 41,0.0,b
4r3/2p1rp2/1p1p1nk1/pP1P4/8/5BP1/5PK1/R6R b - - 4 43,0.0,b
4r3/2p1rp2/1p1p1n2/pP1P2k1/6P1/5B2/5PK1/3R3R b - - 0 45,0.0,b
4r3/2p1rp2/1p1p1n2/pP1P2k1/8/5BK1/5P2/R6R b - - 3 47,0.0,b
6r1/2p1rp2/1p1p1n2/pP1P4/5k2/5B2/5P1K/R6R w - - 7 50,0.0,w
8/2p1rp2/1p1p1n2/pP1P4/5k2/R4B2/5PK1/7r b - - 0 52,0.0,b
8/2p1rp2/1p1p1n2/pP1P4/1r3k2/5B2/5PK1/R7 w - - 4 55,0.0,w
8/2p1rp2/1p1p1n2/pP1P2k1/3R4/1r3B2/5PK1/8 w - - 8 57,0.0,w
4r3/2p2p2/1p1p1n2/pr1P2k1/3R4/5B2/5PK1/8 w - - 2 59,0.0,w
4r3/2p2p2/1p1p4/p2n2k1/8/8/5PK1/3B4 w - - 0 61,0.0,w
4r3/5p2/1ppp1k2/p2n4/8/1B6/5P2/5K2 w - - 2 63,0.0,w
8/5p2/1ppp1k2/p2n2r1/8/1B6/5P2/5K2 w - - 6 65,0.0,w
8/5p2/1ppp1k2/3r4/p7/8/4KP2/8 w - - 0 67,0.0,w
8/5p2/1ppp1k2/3r4/8/6K1/p4P2/8 w - - 0 69,0.0,w
8/5p2/1ppp1k2/3r4/3q4/8/4KP2/8 w - - 2 71,0.0,w
8/5p2/1ppp1k2/5r2/3q4/8/5P2/4K3 b - - 6 73,0.0,b
8/5p2/1ppp2k1/8/3q1r2/8/5P2/5K2 b - - 10 75,0.0,b
2b1r1k1/1p5p/2p3p1/P1B5/2p3P1/2P5/6K1/R7 b - - 0 39,1.0,b
2b3k1/1p5p/2p3p1/P7/2p1r1P1/2P2K2/5B2/R7 b - - 4 41,1.0,b
2b3k1/7p/p1p3p1/8/2p3r1/2P2K2/5B2/3R4 b - - 1 43,1.0,b
2R5/5k1p/p1p3p1/6r1/2p5/2P2K2/5B2/8 b - - 0 45,1.0,b
8/2R2k1p/p1p2rp1/8/2p5/2P5/5BK1/8 b - - 4 47,1.0,b
5rk1/7p/p1R3p1/8/2p5/2P5/5BK1/8 b - - 0 49,1.0,b
5r2/6kp/6p1/p7/2RB4/2P5/6K1/8 b - - 2 51,1.0,b
r5k1/7p/6p1/B7/2R5/2P5/6K1/8 w - - 1 54,1.0,w
8/6kp/6p1/8/1BR5/2P2K2/r7/8 w - - 5 56,1.0,w
8/6kp/6p1/8/1B2K1R1/1rP5/8/8 w - - 9 58,1.0,w
8/6kp/6p1/8/1B2K3/2P5/5R2/4r3 w - - 13 60,1.0,w
8/6kp/6p1/8/1B6/2P5/4K3/8 b - - 0 62,1.0,b
8/7p/4k1p1/2B5/8/2P2K2/8/8 b - - 4 64,1.0,b
4k3/7p/6p1/8/8/2P3K1/8/6B1 b - - 8 66,1.0,b
4k3/7p/6p1/6K1/8/2P5/8/6B1 b - - 12 68,1.0,b
6k1/7p/6pK/8/8/2P5/5B2/8 b - - 16 70,1.0,b
8/5k1p/7K/6B1/8/2P5/8/8 b - - 0 72,1.0,b
8/8/6K1/3k2B1/8/2P5/8/8 b - - 2 74,1.0,b
8/8/5B2/3k1K2/8/2P5/8/8 b - - 6 76,1.0,b
8/8/8/3k1K2/3B4/2P5/8/8 b - - 10 78,1.0,b
8/8/8/1k1K4/3B4/2P5/8/8 b - - 14 80,1.0,b
8/8/8/2PK4/1k1B4/8/8/8 b - - 0 82,1.0,b
8/8/2P5/3K4/k7/8/8/6B1 b - - 2 84,1.0,b
8/2P5/8/3K4/3B4/8/2k5/8 b - - 0 86,1.0,b
8/8/8/3K4/3B4/2Q5/8/3k4 b - - 2 88,1.0,b
8/B7/8/3K4/8/8/1Q6/3k4 b - - 6 90,1.0,b
8/8/8/3K4/8/8/1Q5B/3k4 b - - 10 92,1.0,b
8/8/8/3K4/8/8/1Q5B/3k4 b - - 14 94,1.0,b
8/8/8/8/8/3K4/1Q5B/3k4 b - - 18 96,1.0,b
8/8/8/8/8/3K4/Q7/3k2B1 b - - 22 98,1.0,b
8/8/8/8/8/3K4/Q7/3kB3 b - - 26 100,1.0,b
8/8/8/8/8/3K4/3Q4/3k4 b - - 3 102,1.0,b
r4rk1/pp2b1np/2p1b1p1/3p4/P4pP1/2P4P/1P1N4/R1BB1R1K w - - 0 24,0.5,w
r4rk1/pp4np/2pbb3/3p2p1/P2N1pP1/2P4P/1P6/R1BB1R1K w - - 0 26,0.5,w
r3r1k1/p5np/p1pbb3/3p2p1/3N1pP1/2P4P/1P6/R1BB1R1K w - - 0 28,0.5,w
r3r1k1/p3bbnp/2R5/3p2p1/3N1pP1/2P4P/1P6/2BB1R1K w - - 1 30,0.5,w
r1r2k2/p3bbnp/2R5/3p2p1/3N1pP1/2P2B1P/1P4K1/2B2R2 w - - 5 32,0.5,w
2r2k2/p4bnp/8/1Nbp2p1/5pP1/2P2B1P/1P4K1/2B2R2 w - - 2 34,0.5,w
2r2k2/b4bnp/8/3p4/5pPp/2P2B2/1P4K1/2B2R2 w - - 0 36,0.5,w
2r5/b2k1bnp/8/3p2B1/6Pp/2P2B2/1P4K1/5R2 w - - 3 38,0.5,w
1r6/b2k2np/6b1/3p4/6PB/2P2B2/1P4K1/1R6 w - - 3 40,0.5,w
8/b2k2np/6b1/8/3p2PB/2P2B2/1r6/5R1K w - - 0 42,0.5,w
8/b2k2np/6b1/4B3/6P1/2p2B2/8/1r3R1K w - - 2 44,0.5,w
8/3k2Bp/8/8/3b2P1/2p2B2/8/1b5K w - - 1 46,0.5,w
8/7p/3k4/8/6P1/4BB2/2p5/1b5K w - - 2 48,0.5,w
8/7p/8/4k1P1/8/5B2/8/1bB4K w - - 1 50,0.5,w
8/7p/6b1/4k1P1/8/8/4B3/2B3K1 w - - 5 52,0.5,w
8/7p/8/5kP1/4b3/6K1/4B3/2B5 w - - 9 54,0.5,w
8/7p/8/3k2P1/4bBB1/6K1/8/8 w - - 13 56,0.5,w
8/2BB3p/6b1/6P1/3k4/6K1/8/8 w - - 17 58,0.5,w
8/3B3p/8/3k2P1/1B2b3/6K1/8/8 b - - 21 60,0.5,b
8/3B3p/8/3k2P1/1B2b3/6K1/8/8 b - - 25 62,0.5,b
b7/7p/8/1B4P1/3k4/6K1/8/4B3 b - - 29 64,0.5,b
8/1b5p/8/6P1/B3k3/6K1/3B4/8 b - - 33 66,0.5,b
b7/3B3p/8/5kP1/8/6K1/8/2B5 b - - 37 68,0.5,b
8/7p/2B5/6P1/4k3/B5K1/8/8 b - - 0 70,0.5,b
8/7p/8/6P1/4B3/B1k2K2/8/8 b - - 4 72,0.5,b
8/7B/3B4/6P1/8/2k2K2/8/8 b - - 0 74,0.5,b
8/6PB/3B4/8/3k4/5K2/8/8 b - - 0 76,0.5,b
6Q1/7B/2k5/8/8/B4K2/8/8 b - - 0 78,0.5,b
8/8/1k6/3Q1B2/8/B4K2/8/8 b - - 4 80,0.5,b
8/8/1k1B4/3Q4/8/5K2/2B5/8 b - - 8 82,0.5,b
8/8/1k1B4/3Q4/8/5K2/B7/8 b - - 12 84,0.5,b
8/8/1k1B4/3Q4/8/5K2/8/5B2 b - - 16 86,0.5,b
8/8/1k1B4/3Q4/8/5K2/8/5B2 b - - 20 88,0.5,b
8/8/1k1B4/3Q4/8/3B1K2/8/8 b - - 24 90,0.5,b
8/8/1k1B4/8/4B3/5K2/Q7/8 b - - 28 92,0.5,b
8/8/1k1B4/8/4B3/5K2/Q7/8 b - - 32 94,0.5,b
8/8/1k1B4/3B4/8/5K2/Q7/8 b - - 36 96,0.5,b
8/8/1k1B4/3Q4/4B3/5K2/8/8 b - - 40 98,0.5,b
8/2B5/k7/3Q4/8/5K2/8/1B6 b - - 44 100,0.5,b
8/2B5/k7/3Q4/8/5K2/8/1B6 b - - 48 102,0.5,b
4rrk1/1pb2ppp/p1p1qnb1/P1Pp4/1P1BnP2/3BPR2/1Q1N2PP/R5K1 b - - 5 18,0.0,b
4rrk1/1pbn1ppp/p1p1q3/P1Pp1R2/1P1Bn3/3BP3/1Q1N2PP/R5K1 b - - 0 20,0.0,b
4rrk1/1pbn1ppp/p1p5/P1P2q2/1PBBp3/4P3/1Q4PP/R5K1 b - - 1 22,0.0,b
4rrk1/1pb2p1p/B1p3p1/P1P1nq2/1P1Bp3/4P1P1/1Q5P/R5K1 b - - 0 24,0.0,b
4rrk1/2b2p1p/p1p3p1/P1P2q2/1P1Bp3/4PnP1/5Q1P/R4K2 b - - 3 26,0.0,b
4rrk1/2b2p1p/p1p3p1/P1P5/1P1Pp3/6P1/5K1P/R7 b - - 0 28,0.0,b
1r3rk1/2b2p1p/p5p1/P1Pp4/1P2p3/6P1/5K1P/3R4 b - - 1 30,0.0,b
5rk1/2b2p1p/p5p1/P1PR4/4p3/4K1P1/1r5P/8 b - - 2 32,0.0,b
4r1k1/2b2p1p/p5p1/P1PR4/3K4/1r4P1/7P/8 b - - 2 34,0.0,b
4r1k1/2b2p1p/p5p1/PrPR4/2K5/6P1/7P/8 w - - 6 37,0.0,w
4r3/3R1pkp/p5p1/PrP5/2K5/6P1/8/8 w - - 1 39,0.0,w
4r3/3R1pkp/p1P3p1/8/r2K4/6P1/8/8 w - - 1 41,0.0,w
4r3/3R1pkp/p1P3p1/8/8/6r1/1K6/8 w - - 0 43,0.0,w
8/2P2pkp/p5p1/8/8/6r1/1K1r4/8 w - - 0 45,0.0,w
2Q5/5pkp/p5p1/8/8/8/r7/2K3r1 w - - 1 47,0.0,w
1r2r3/2pq1kb1/1p1p1npp/pPnPpp2/P3P3/R2P1PPB/1B5P/Q3R1K1 w - - 3 25,0.0,w
1r2r1k1/2pq2b1/1p1p1n1p/pPnPpp2/P7/R2P1PPB/1B5P/2Q1R1K1 w - - 0 27,0.0,w
1r2r1k1/2p2qb1/1p1p3p/pPnnpp2/P7/R2P1PPB/1B4KP/2Q1R3 w - - 0 29,0.0,w
1r2r1k1/2p2qb1/1p1p3p/pP2pp2/P4nP1/R2n1P1B/1B5P/2Q1RK2 w - - 0 31,0.0,w
1r2r1k1/2p2qb1/1p1p3p/pP2pp2/P5P1/5P1B/1n1Q3P/4RK2 w - - 0 33,0.0,w
1r2r1k1/2p3b1/1p1p3p/pP2pP2/n1q5/5P1B/3QR2P/5K2 w - - 0 35,0.0,w
1r2r1k1/2p3b1/1p1p3p/pP2pPq1/n7/5P1B/3QR1KP/8 w - - 4 37,0.0,w
1r2r1k1/2p3b1/1p1p4/pP3Pp1/n3p3/5P1B/2R3KP/8 w - - 0 39,0.0,w
1r2r1k1/2R3b1/1p1p4/pP3Pp1/n4P2/7B/4p1KP/8 w - - 0 41,0.0,w
1r2r1k1/8/1p1p4/pP3P2/n4p2/2b4B/4p1KP/4R3 w - - 2 43,0.0,w
1r6/5k2/1p1p4/pP3P2/n4p2/2b1rK1B/4p2P/1R6 w - - 6 45,0.0,w
1r6/5k2/1p1p4/pP3P2/n4K2/7r/3bp2P/2R5 b - - 2 47,0.0,b
r3r1k1/pp3ppp/2pqbn2/4n3/3N4/1P2P2P/P4PP1/1BRQ1RK1 w - - 3 17,1.0,w
3rr1k1/pp3ppp/2p1qn2/4n3/5P2/1P2P2P/P5P1/1BRQ1RK1 w - - 1 19,1.0,w
4r1k1/pp3ppp/2p2n2/4q3/8/1P2P2P/P5P1/1B1R1RK1 w - - 0 21,1.0,w
4r1k1/pp3ppp/2p2n2/4q3/6P1/1P2PR1P/P7/1B1R2K1 w - - 1 23,1.0,w
4r1k1/pp3ppp/2p5/8/4q1P1/1P2PR1P/P5K1/3R4 w - - 0 25,1.0,w
4r1k1/pp1R1ppp/2p3q1/8/6P1/1P2P2P/P4RK1/8 w - - 4 27,1.0,w
4r1k1/pR3ppp/2p5/8/6P1/1P2PR1P/P1q3K1/8 w - - 3 29,1.0,w
4r1k1/pR3ppp/2p5/8/6P1/1P2P2P/q7/5RK1 w - - 0 31,1.0,w
4r1k1/pR4pp/q1p5/8/6P1/1P2P2P/8/5RK1 w - - 3 33,1.0,w
rn1qkb1r/pp2pppp/5n2/2pp4/5Pb1/2PP1N2/PP2P1PP/R1BQKB1R w KQkq - 2 5,1.0,w
rn3b1r/pp1kpppp/1q3n2/2pp4/5Pb1/1QPPBN2/PP2P1PP/R3KB1R w KQ - 6 7,1.0,w
rn3b1r/pp2pppp/1q2k3/2pp4/5Pn1/1QPPB3/PP2P1PP/R3KB1R w KQ - 0 9,1.0,w
r4b1r/pp2pppp/2n1k3/2Bp4/5Pn1/1PPP4/1P2P1PP/R3KB1R w KQ - 1 11,1.0,w
r4b1r/pp2pppp/2n5/2Bp1k2/5Pn1/1PPP2PB/1P2P2P/R3K2R w KQ - 3 13,1.0,w
2r2b1r/pp2pppp/2n5/2B2k2/4pPn1/1PPP2PB/1P5P/R2K3R w - - 0 15,1.0,w
3r1b1r/pp2pppp/2n5/2B5/4kPB1/1PP3P1/1P5P/R2K3R w - - 1 17,1.0,w
3r1b1r/pp2pppp/2nk4/8/5PB1/1PP3P1/1P2KB1P/R6R w - - 5 19,1.0,w
3r1b1r/Rpk1pppp/8/8/5PB1/1PP3P1/1P2K2P/7R w - - 1 21,1.0,w
5b1r/Rrk1pppp/8/8/5P2/1PP3P1/1P2K2P/7R w - - 0 23,1.0,w
5br1/1k2pppp/8/8/5P2/1PP3P1/1P2K2P/3R4 w - - 2 25,1.0,w
5b1r/4pppp/2k5/8/5P2/1PP3P1/1P2K2P/3R4 w - - 6 27,1.0,w
7r/4ppbp/2k3p1/8/5P2/1PP3P1/1P1RK2P/8 w - - 2 29,1.0,w
r7/4ppbp/2k3p1/8/1P3P2/2P3P1/1P2K2P/3R4 w - - 1 31,1.0,w
r7/4ppbp/2k3p1/8/1P3P2/2P3P1/1P1RK2P/8 w - - 5 33,1.0,w
1r6/4pp1p/2k2bp1/8/1P3P2/2P3P1/1P1R1K1P/8 w - - 9 35,1.0,w
2r5/4pp1p/2k3p1/8/1P3PP1/2b4P/1P1R1K2/8 w - - 0 37,1.0,w
8/4pp1p/1k4p1/8/1Pr2PP1/2PR3P/5K2/8 w - - 3 39,1.0,w
8/5p1p/1k2p1p1/8/1P3rP1/2P1R2P/6K1/8 b - - 0 41,1.0,b
8/5R1p/2k1p1p1/8/1Pr3P1/2P4P/6K1/8 b - - 0 43,1.0,b
8/7R/4p1p1/1k6/1P4P1/2r4P/5K2/8 b - - 2 45,1.0,b
8/1R6/2r3p1/1k2p3/1P4P1/7P/5K2/8 b - - 3 47,1.0,b
8/8/6p1/1R6/1P2p1P1/7P/5K2/8 w - - 0 50,1.0,w
r3rnk1/pp1bbpnp/2p3p1/3pPP2/6P1/2P5/PPBN3P/R1B2R1K w - - 1 19,1.0,w
r2brn2/pp1b1pkp/2p3p1/3pP3/6P1/2P5/PPBN3P/R1B2R1K w - - 0 21,1.0,w
r3rn2/ppb2pkp/2p3p1/3pP3/6b1/2P2N2/PPB3KP/R1B2R2 w - - 2 23,1.0,w
r3rn2/ppb2pkp/2p5/3pPpN1/8/2P5/PP4KP/R1B2R2 w - - 0 25,1.0,w
r3rn2/pp3R1p/2p4k/3pb1N1/8/2P5/PP4KP/R1B5 w - - 1 27,1.0,w
r3rn2/pR3N1p/2p3k1/3p4/8/2b5/PP4KP/R1B5 w - - 0 29,1.0,w
r4n2/pR3N1p/2p3k1/3p4/8/2P5/P6r/R1B2K2 w - - 0 31,1.0,w
r4n2/pR5p/2N5/3p4/6k1/2P5/P6r/R1B2K2 w - - 1 33,1.0,w
r4n2/p6p/2N5/3p4/3R4/2P4k/P7/R1B2K1r w - - 5 35,1.0,w
r4n2/p6p/2N5/3p4/3R4/2P2K1k/P5r1/R1B5 w - - 9 37,1.0,w
4rn2/p6p/2N5/3p2B1/3R4/2P3rk/P4K2/R7 w - - 13 39,1.0,w
4rrk1/1pb2ppp/p1p1qn2/P1Pp1b2/1P1BnP2/3BPR2/1QN3PP/R5K1 b - - 7 19,1.0,b
4rrk1/1pb2ppp/p1p1qn2/P1Pp1B2/1P1B1P2/4PP2/1QN4P/R5K1 b - - 0 21,1.0,b
4rrk1/1pb2ppp/p1p2Q2/P1Pp4/1P3P2/4PP2/2N4P/R5K1 b - - 0 23,1.0,b
4rr2/1pb2pkp/p1p2p2/P1Pp4/1P3P2/4PP2/2N2K1P/6R1 b - - 3 25,1.0,b
4r2r/1pb2p1p/p1p2p1k/P1Pp1N2/1P3P2/4PP2/5K1P/6R1 b - - 7 27,1.0,b
4r1r1/1pb2pRp/p1p2p2/P1Pp1N1k/1P3P2/4PP2/7P/5K2 b - - 11 29,1.0,b
4rr2/1pb2p1R/p1p2p2/P1Pp4/1P3P1k/4PP2/7P/5K2 b - - 0 31,1.0,b
5rk1/2p1rqbn/1p1p2pp/pPnPp3/P3Pp2/3P1PPB/R6P/2BQ1R1K w - - 0 30,0.0,w
5rk1/2p1rqb1/1p3npp/pPnPp3/P3P3/3P1P1B/R6P/2BQ1R1K w - - 0 32,0.0,w
5rk1/2p1rqb1/1p3n1p/pPnP2p1/P2pP3/4BP1B/R6P/3Q1R1K w - - 0 34,0.0,w
6k1/2p1r1b1/1p3r1p/pPnP2pq/P3P3/5P1B/R6P/3Q1R1K w - - 0 36,0.0,w
4q1k1/2p1r1b1/1p4rp/pPnP2p1/P3P3/5P2/R5BP/3QR2K w - - 4 38,0.0,w
4q1k1/2p1r3/1p1r3p/pPnPb1p1/P3P3/5P2/R1Q3BP/4R1K1 w - - 8 40,0.0,w
4q3/2p1r3/1p1r2kp/pPnPb1p1/P3P3/5P2/R1Q2KBP/3R4 w - - 12 42,0.0,w
4q3/2p1r3/1p1r2kp/pPnP2p1/P3Pb2/5P2/2R2KB1/2QR4 w - - 2 44,0.0,w
4q3/2p1r3/1p1r2kp/pP1P4/n3PbP1/Q7/2R2KB1/3R4 w - - 0 46,0.0,w
4q3/2p5/1p1r3p/pP1P2k1/Q3rbP1/8/2R2KB1/7R w - - 0 48,0.0,w
4q3/8/2Pr3p/pp1P2k1/Q3BbP1/8/2R2K2/7R w - - 0 50,0.0,w
8/8/2Pr3p/pQ1P3R/4qbk1/8/2R2K2/8 w - - 0 52,0.0,w
8/8/2Pr3p/p2P3R/2Q1q1k1/8/5R2/8 b - - 0 55,0.0,b
2R5/8/3r3p/p2P3k/2q5/8/5R2/8 b - - 0 57,0.0,b
rn1q1rk1/ppb3pp/2p2p2/2Pp1b2/1P2n3/3BP3/PBQ2PPP/RN3RK1 w - - 0 12,1.0,w
r2q1rk1/ppb3pp/B1p2p2/2Pp1b2/1P6/4P3/PBQn1PPP/R4RK1 w - - 0 14,1.0,w
r2q2k1/pp3rpp/B1p2p2/2Pp1Q2/1P6/4P3/PB1n1PPb/R4R1K w - - 2 16,1.0,w
r2q2k1/pr4pp/2p2p2/2Pp1Q2/1P2n3/4P3/PB3PPb/R2R3K w - - 0 18,1.0,w
r3q1k1/pr5p/2p2pp1/2Pp1Q2/1P2n3/4P3/PB3PP1/R2R2K1 w - - 0 20,1.0,w
rr1q2k1/p6p/2p2pp1/1PPp4/4n3/4PQ2/PB3PP1/R2R2K1 w - - 1 22,1.0,w
r5k1/p1q4p/5pp1/2Pp4/4n3/4PQ2/Pr3PP1/R2R2K1 w - - 0 24,1.0,w
4r1k1/p1q4p/5pp1/2PR4/4n3/4PQ2/r4PP1/2R3K1 w - - 0 26,1.0,w
4r1k1/p1q4p/5pp1/2P5/3Rn1Q1/4P3/1r4P1/2R3K1 w - - 2 28,1.0,w
5k2/p1q4p/5pp1/2P5/4Q3/4P3/1r4P1/2R3K1 w - - 1 30,1.0,w
Q7/p1q1k2p/6p1/2P2p2/8/4P3/1r4P1/1R4K1 w - - 2 32,1.0,w
Q7/pR5p/3k2p1/2q2p2/8/4P3/6P1/6K1 w - - 2 34,1.0,w
8/pRQ4p/6p1/3k1p2/8/4P3/6P1/6K1 w - - 1 36,1.0,w
8/7p/p5p1/1R3p2/4k3/2Q1P3/6P1/6K1 w - - 0 38,1.0,w
5rk1/Bp1b3p/2pb2p1/P2p2P1/2n5/1NP5/4B3/R5K1 b - - 0 35,1.0,b
4r3/1p1b1k1p/2pb2p1/P2p2P1/2nB4/1NP5/4B3/R5K1 w - - 4 38,1.0,w
6k1/1p1b3p/2pb2p1/P2p2P1/2nB4/1NP5/4r3/2R3K1 b - - 1 41,1.0,b
6k1/1p1b3p/P1p3p1/3p2P1/2nB1b2/1NP5/1r6/2R2K2 b - - 0 43,1.0,b
6k1/Pp5p/2p3p1/3p2P1/2nB1b2/1rP4b/8/2R3K1 b - - 0 45,1.0,b
7Q/1p3k1p/2p3p1/3p2P1/2nB4/1rP4b/8/2b3K1 b - - 2 47,1.0,b
8/1p2k2p/2p3p1/3p2P1/2nB4/1rP4Q/8/2b3K1 b - - 0 49,1.0,b
8/1p2k2Q/2p3p1/3p2P1/8/1rP1n3/8/6K1 b - - 0 51,1.0,b
8/1p2k3/2p2Q2/3p2P1/8/1rP1n3/8/6K1 w - - 2 54,1.0,w
8/1p2Q3/2p5/3p2P1/6n1/2P5/5K2/1r6 w - - 3 56,1.0,w
r1bqk2r/ppppppbp/2n2np1/8/1P6/5NP1/P1PPPPBP/R1BQK2R w KQkq - 3 5,0.0,w
r1bqk2r/pppp1pbp/5np1/1P2p3/3n4/B4NP1/P1PPPPBP/R2QK2R w KQkq - 1 7,0.0,w
r1bqkb1r/pppp1p1p/5np1/1P6/3p4/B5P1/P1PPPPBP/R2Q1K1R w kq - 2 9,0.0,w
r1bqk2r/pppp1p1p/5np1/1Pb5/8/4p1P1/PBPP1PBP/R2Q1K1R w kq - 0 11,0.0,w
r1bq1r1k/pppp1p1p/5np1/1Pb5/8/2B1P1P1/P1P2PBP/R2Q1K1R w - - 1 13,0.0,w
r1bq1r1k/1ppp1p1p/1p1b1np1/3B4/8/2B1P1P1/P1P2P1P/R2Q1K1R w - - 0 15,0.0,w
2b2r1k/1ppp1p1p/1p1b1qp1/8/2B5/r3P1P1/P1P2P1P/R2Q1K1R w - - 0 17,0.0,w
2b2r1k/1ppprp1p/1p1b1qp1/8/2B5/6P1/P1P2P1P/1R1Q2KR w - - 2 19,0.0,w
2b1r2k/1ppp1p1p/1p1b1qp1/8/2B1r3/6PP/P1P2PK1/1R1Q3R w - - 3 21,0.0,w
2b1r2k/1ppprp1p/1p1q2p1/8/8/1B4PP/P1P2PK1/1R5R w - - 0 23,0.0,w
2b1r2k/1ppp1p1p/1pq3p1/8/8/1B3PPP/P1P1r1K1/1R1R4 w - - 1 25,0.0,w
2b1r3/1ppp1pkp/1pq3p1/8/8/1B3PPP/P1P1r3/1R1R2K1 w - - 5 28,0.0,w
2b1r3/1ppp1pkp/1p4p1/8/8/1B1R1PPP/P1P1rq2/1R5K w - - 9 30,0.0,w
5k2/pp3p2/3n1p1p/3P4/BP6/P7/4KPPP/8 b - - 3 30,1.0,b
2B2k2/pp3p2/3n1p1p/3P4/1P6/P7/4KPPP/8 w - - 7 33,1.0,w
8/pp2kp2/3n3p/3P1p2/1P6/P6B/4KPPP/8 w - - 2 35,1.0,w
8/pp3p2/5k1p/3P1p2/1Pn5/P6B/2K2PPP/8 b - - 6 37,1.0,b
8/pp3p2/5k1p/1n1P1p2/1P6/7B/2K2PPP/8 b - - 3 39,1.0,b
8/pp3p2/3n3p/3Pkp2/1P6/1K5B/5PPP/8 b - - 7 41,1.0,b
8/pp3p2/3n3p/3k4/1P3p2/1K4P1/5PBP/8 b - - 1 43,1.0,b
8/pp3p2/3n3p/4k3/1P6/6P1/1K4BP/8 b - - 0 45,1.0,b
8/pp3p2/3n3p/4k3/1P6/6P1/1K4BP/8 b - - 4 47,1.0,b
8/pp3p2/3n3p/5k2/1P6/5BP1/1K5P/8 b - - 8 49,1.0,b
8/pp3p2/3n3p/5k2/1P6/6P1/1K5P/7B b - - 12 51,1.0,b
8/pp3p2/3n3p/3B4/1P4P1/7k/1K5P/8 b - - 0 53,1.0,b
8/pp3p2/3n3p/8/1P4P1/6k1/1K2B3/8 b - - 3 55,1.0,b
8/pp3p2/7p/8/1P2nkP1/8/1KB5/8 b - - 7 57,1.0,b
8/pp3p2/7p/8/1Pn3k1/3B4/1K6/8 w - - 1 60,1.0,w
8/pp3p2/8/7p/1P4B1/8/1n6/8 w - - 0 62,1.0,w
3r2k1/pb3ppp/1p2rn2/1B2q3/1P2P2n/6NP/4QPP1/2R1R1K1 b - - 0 28,0.0,b
3r2k1/pb3Bpp/3r1n2/1p2q3/1P2P2n/6NP/4QPP1/2R1R1K1 b - - 0 30,0.0,b
8/pb1r1kpp/3r1n2/1p2q3/1P2P2n/6NP/4QPP1/2R1R1K1 b - - 3 32,0.0,b
8/p2r1kpp/3r1nn1/1p2q3/1P2N3/7P/5PP1/2R1RQK1 b - - 0 34,0.0,b
8/p2r1kpp/3r2n1/1p6/1P2q3/7P/5PP1/2R1Q1K1 b - - 1 36,0.0,b
8/p2r1kpp/6n1/1p6/1P1r4/7P/5PPK/4R3 b - - 2 38,0.0,b
8/p2r1kpp/6n1/1p6/8/1r5P/5PPK/4R3 b - - 3 40,0.0,b
8/p2r1kpp/6n1/8/1p6/3r2PP/4RP1K/8 b - - 0 42,0.0,b
8/p2rk1pp/6n1/8/8/1p1r2PP/5P2/6K1 b - - 0 45,0.0,b
8/p2r2pp/4k1n1/8/8/3r2PP/1p3PK1/8 b - - 3 47,0.0,b
8/pq1r2pp/4k1n1/8/7P/3r2P1/5P1K/8 b - - 2 49,0.0,b
8/p2r2pp/4k1n1/8/7P/4r1P1/1q3PK1/8 w - - 6 52,0.0,w
8/p2r2pp/6n1/5k1P/8/6K1/1q3P2/8 w - - 1 54,0.0,w
8/p2r2pp/6n1/5k1P/8/2q5/5P2/5K2 b - - 5 56,0.0,b
8/p5pP/8/8/5k2/2q5/3r1P2/5K2 b - - 0 58,0.0,b
7Q/6p1/p7/8/5k2/2q5/5PK1/3r4 b - - 2 60,0.0,b
7Q/6p1/8/p7/5k2/5q2/5P1K/7r w - - 0 63,0.0,w
4rrk1/1pb2ppp/p1p2nb1/P1Pp4/1P1BnPq1/N2BPR2/1Q4PP/R5K1 w - - 6 19,0.0,w
4rrk1/1pb2ppp/p1p1qnb1/P1P5/1P1BpP2/N3P1R1/1Q4PP/R5K1 w - - 2 21,0.0,w
4rrk1/1pb2ppp/p1p1qnb1/P1P3R1/1P1BpP2/4P3/1QN3PP/R5K1 w - - 6 23,0.0,w
4rrk1/1pb2p1p/p1p2pb1/P1P3R1/1P2pP2/4P1Pq/1QN4P/R5K1 w - - 0 25,0.0,w
3r1rk1/1pb2p2/p1p2pp1/P1P5/1P2pP2/4P1Pq/1QN4P/3R2K1 w - - 2 27,0.0,w
6k1/1pb2p2/p1p2Qp1/P1P5/1P2pP2/4P1Pq/2N4P/3r2K1 w - - 1 29,0.0,w
6k1/1pb2p2/p1p2Qp1/P1P5/1P2pP2/4P1P1/5K1P/4rq2 w - - 2 31,0.0,w
rnbq1rk1/ppp2pbp/3p1np1/4N3/PP6/6P1/1BPPPPBP/R2QK2R b KQ - 0 7,0.0,b
rnb1qrk1/ppp2pbp/5np1/4B3/PP6/5BP1/2PPPP1P/R2QK2R b KQ - 0 9,0.0,b
rnb2rk1/pBp2pbp/3q1np1/8/PP6/6P1/2PPPP1P/R2Q1RK1 b - - 0 11,0.0,b
rn2r1k1/pbp2pbp/3q1np1/8/PP6/2P3P1/3PPP1P/R2QR1K1 b - - 0 13,0.0,b
r3r1k1/pbpn1pbp/2q2np1/8/PP2P3/1QP3P1/3P1P1P/R3R1K1 b - e3 0 15,0.0,b
r3r1k1/p1pn1pbp/3q1np1/3b4/PPP1P3/1Q4P1/3PRP1P/R5K1 b - - 0 17,0.0,b
r5k1/p1pn1pbp/3q1np1/3P4/PP6/1Q4P1/3PrP1P/2R3K1 b - - 1 19,0.0,b
r5k1/p1pn1pbp/2R2np1/3Q4/PP6/6P1/3r1P1P/6K1 b - - 0 21,0.0,b
r5k1/p1pn1p1p/6p1/1P1n4/P2b4/6P1/3r1P1P/2R3K1 b - - 0 23,0.0,b
r5k1/p1Rn1p1p/6p1/1P1n4/P2b4/6P1/3r3P/5K2 b - - 2 25,0.0,b
r5k1/p1nn1p1p/6p1/1P6/P2b4/6P1/7r/3K4 b - - 1 27,0.0,b
4r1k1/p1nn1p1p/1P4p1/8/P2b2P1/8/6r1/3K4 b - - 0 29,0.0,b
3r1k2/p4ppp/1p2bn2/1P2P3/3r3n/5PNP/4B1P1/2R1R1K1 b - - 0 35,0.0,b
3r1k2/R2n1ppp/1p2b3/1P2P3/7n/5PNP/3rB1P1/4R1K1 b - - 0 37,0.0,b
3r1k2/R2n1ppp/1p2b3/1P1rP3/8/5PNP/4B1K1/4R3 b - - 0 39,0.0,b
3r1k2/5ppp/Rp2b3/1P1r4/8/3B1PNP/6K1/4R3 b - - 0 41,0.0,b
3r1k2/5ppp/1R2b3/1P6/8/5P1P/3rN1K1/4R3 b - - 2 43,0.0,b
5k2/6pp/1P2p3/3r4/8/5P1P/3rN1K1/4R3 b - - 0 45,0.0,b
8/1P3kpp/4p3/3r4/8/5PKP/1r2N3/4R3 b - - 2 47,0.0,b
8/1r3kpp/4p3/6r1/8/2N2P1P/5K2/4R3 b - - 3 49,0.0,b
8/5kpp/4p3/6r1/8/5P1P/4NK2/8 b - - 0 51,0.0,b
8/5kpp/4p3/1r6/4N3/5P1P/5K2/8 b - - 4 53,0.0,b
8/6pp/4pk2/8/8/5P1P/5N2/8 w - - 1 57,0.0,w
8/6pp/4p3/8/5k1P/8/5N2/8 w - - 0 59,0.0,w
8/7p/6p1/4p3/5k1P/8/1N6/8 w - - 0 61,0.0,w
8/8/6pp/8/4pk1P/8/1N6/8 w - - 0 63,0.0,w
8/8/7p/5k1p/4p3/8/8/3N4 w - - 2 65,0.0,w
8/8/7p/5k1p/8/8/4p3/3N4 w - - 0 67,0.0,w
8/8/7p/5k1p/8/8/8/3q4 w - - 0 69,0.0,w
3q1r1k/2p1r1bn/1p1p2pp/pPnPp3/P3p3/3PBPPB/7P/3QRR1K w - - 0 33,0.0,w
3q1r1k/2p1r1b1/1p1p2pp/pPnPp3/P3nP2/4B1PB/7P/3QRR1K w - - 0 35,0.0,w
3q1r1k/2p1r1b1/1p1p2pp/pPnP4/P3pPP1/2n1B2B/2Q4P/4RR1K w - - 0 37,0.0,w
3q1r1k/2p1r1b1/3p2pp/pPpn1P2/P3p1P1/7B/2Q4P/4RR1K w - - 0 39,0.0,w
5q1k/2p1r1b1/3p2Pp/pPpn4/P3p1P1/8/2Q4P/4RB1K w - - 1 41,0.0,w
7k/2p1r1b1/3p2Pp/pPp5/PnB1p1P1/5q2/3Q3P/4R2K w - - 5 43,0.0,w
7k/2p1r3/3p2Pp/pP6/PnBpp1P1/5q2/7P/4R1K1 w - - 0 45,0.0,w
7k/2p3r1/3p2Pp/pP6/Pn1pp1P1/4q3/4B1KP/4R3 w - - 4 47,0.0,w
7k/8/1p1p2rp/p7/Pn1pp1P1/4q2P/4B1K1/4R3 w - - 0 49,0.0,w
7k/8/1p1p2rp/p6P/P2ppnP1/4q3/4B1K1/4R3 w - - 1 51,0.0,w
3br3/1p3ppk/p1p1r3/P1Pp3P/1P2nP2/3RPB2/7R/4K3 b - - 4 40,0.0,b
4r3/1p3ppk/p1p1r3/P1np3P/5P2/R3PB2/7R/4K3 b - - 1 42,0.0,b
4r3/1p3ppk/p7/P1np3P/5P2/R7/7R/4r3 w - - 0 45,0.0,w
4r3/1p3ppk/p7/P1n2P1P/3p4/R7/4r3/8 w - - 0 47,0.0,w
4r3/1p3pPk/p7/P1nr3P/3p4/R7/8/8 w - - 1 49,0.0,w
4r3/1pb2ppk/p1p1rn2/P1Pp3P/1P3P2/3RPB2/5K1R/8 w - - 3 40,0.0,w
6r1/1pb2p1k/p1p1rn1p/P1Pp4/1P3P2/3RPB2/5K2/7R w - - 2 42,0.0,w
8/1pb2prk/p1p1r2p/P1Pp4/1P2nP2/4P3/4BK2/3R3R w - - 6 44,0.0,w
8/1pb2p1k/p1p2r1p/P1Pp1P2/1P2n3/4P1r1/4B3/3RK2R w - - 1 46,0.0,w
8/1pb2p1k/p1p4p/P1P2r2/1P2p3/4P1r1/4B3/4K2R w - - 0 48,0.0,w
8/2b2p1k/p1p4p/P1P2r2/1P2p3/4P3/4K1r1/7R w - - 2 50,0.0,w
8/5p1k/p1p4p/P1Pr4/1P2p3/4P1b1/6r1/3K3R w - - 6 52,0.0,w
8/5p1k/p1p4p/P1Pr4/1P2p3/4P2R/5b2/2K3r1 w - - 10 54,0.0,w
8/5pk1/p6p/PpPr4/4p3/4P2R/1K3b2/6r1 w - - 0 56,0.0,w
8/2r2pk1/p6p/Pp6/4p3/4P2R/1K3b2/6r1 w - - 0 58,0.0,w
8/2r2pk1/p6p/Pp6/4p3/4P2R/K4b2/3r4 w - - 4 60,0.0,w
8/2r2pk1/p6p/Pp6/4p3/1K1rP2R/5b2/8 w - - 8 62,0.0,w
8/2r2pk1/p6p/Pp6/4p3/8/1K2rb1R/8 b - - 2 64,0.0,b
rnbqkb1r/pp1p1ppp/2p2n2/4p3/2B1P3/3P4/PPPN1PPP/R1BQK2R b KQkq - 1 4,1.0,b
rnbqk2r/pp1p1p1p/2pb1np1/4p1B1/2B1P3/3P1N2/PPP2PPP/R2QK2R b KQkq - 3 6,1.0,b
rnbq3r/pp1pkp2/2pb1npp/4p3/2B1P3/3PBN2/PPP1KPPP/R2Q3R b - - 3 8,1.0,b
rnb4r/pp1p1k2/2pb1npp/q3p3/4P3/3PBN2/PPP1KPPP/R3Q2R b - - 1 10,1.0,b
rnb5/pp1p1k1r/2pb1npp/4p3/3PP3/4BN2/PPP1KPPP/4R2R b - - 0 12,1.0,b
rnb5/pp1p1k1r/2pb2pp/4N3/3Bn3/8/PPP1KPPP/4R2R b - - 1 14,1.0,b
rnb5/pp1p3r/2pb3p/5k2/3Bn2N/8/PPP1KPPP/4R2R b - - 2 16,1.0,b
rnb5/pp1p1r2/2pb3p/8/3Bn1k1/5N1P/PPP1KPP1/4R2R b - - 0 18,1.0,b
rnb5/pp1p1r2/2pb2kp/8/3Bn3/2PK1N1P/PP3PP1/4R2R b - - 2 20,1.0,b
r1b5/pp1p1r2/n1pb2kp/4N3/8/2BK3P/PP3PP1/4R2R b - - 2 22,1.0,b
r1b5/pp1p4/n1p3kp/4B3/8/3K3P/PP3rP1/4R1R1 b - - 1 24,1.0,b
r1b5/pp1p4/2p3kp/4B3/8/1K5P/nP3rP1/4R1R1 b - - 1 26,1.0,b
r1b2r2/pp1p4/2p3kp/8/1K1B4/7P/1P4P1/4R1R1 b - - 2 28,1.0,b
r1b5/pp1p1k2/2p4p/5r2/3B4/7P/1PK3P1/4R1R1 w - - 6 31,1.0,w
r1b5/pp1p1k2/2p4r/8/8/7P/1PK3P1/4R1R1 w - - 0 33,1.0,w
r1b5/pp1p4/2p3k1/7r/8/3K3P/1P4P1/4RR2 w - - 4 35,1.0,w
r4R2/pp6/2p3k1/3p1b1r/8/3K3P/1P4P1/4R3 w - - 2 37,1.0,w
R7/pp4k1/2p5/3p1b1r/8/5K1P/1P4P1/4R3 b - - 0 39,1.0,b
6R1/pp6/2p3k1/3p3r/4b1K1/7P/1P4P1/4R3 b - - 4 41,1.0,b
8/pR6/2p3k1/3p3r/4b1K1/7P/1P4P1/4R3 b - - 0 43,1.0,b
8/R7/2p3k1/3p4/4bK2/7P/1P4r1/4R3 b - - 0 45,1.0,b
8/8/R1p3k1/3pK3/4b3/7P/1r6/4R3 b - - 1 47,1.0,b
8/8/2R5/3pK1k1/8/4R2P/1r4b1/8 b - - 2 49,1.0,b
8/8/1R6/3pK2k/8/6RP/6b1/8 b - - 2 51,1.0,b
8/8/7R/3p4/4bK1k/6RP/8/8 b - - 6 53,1.0,b
r1bq1rk1/ppn1bppp/1np1p3/8/2PP4/2N2Q2/PP3PPP/R1B1RBK1 w - - 5 11,1.0,w
r1bqr1k1/ppn2ppp/1np1p3/8/1bPP4/2NBBQ2/PP3PPP/R3R1K1 w - - 9 13,1.0,w
r1bqr1k1/ppnn1ppp/2p1p3/8/2PP4/2PBBQ2/P3RPPP/R5K1 w - - 1 15,1.0,w
r1bqr3/ppn2ppk/2p1p3/4n3/2PP4/2P1BQ2/P3RPPP/1R4K1 w - - 0 17,1.0,w
r1b1r3/ppn2Qpk/2p1p3/4P3/2P3q1/2P1B3/P3RPPP/1R4K1 w - - 1 19,1.0,w
r1b1r3/pp3Qpk/2p1p3/4P3/8/2P1B3/P3qPPP/1R4K1 w - - 0 21,1.0,w
r1b3k1/pp4p1/2p1p3/4P2Q/8/2P1B3/q4PPP/1R4K1 w - - 2 23,1.0,w
r1b2k2/pp6/2p1p1Q1/4P3/8/2P1B3/q4PPP/3R2K1 w - - 1 25,1.0,w
5rk1/2p1rqbn/1p1p2pp/pPnPpp2/P3P3/R2PBPPB/7P/3Q1R1K b - - 12 29,0.0,b
5rk1/2p1rqb1/1p1p2pp/pPnPp1n1/P3Pp2/R2P1PP1/3B2BP/3Q1R1K b - - 1 31,0.0,b
4qr1k/2p1r1b1/1p1p2pp/pPnPp1n1/P3PP2/R2P1P2/2QB2BP/5R1K b - - 0 33,0.0,b
4q2k/1np1r1b1/1p1p2pp/pP1PP1n1/P3Pr2/R4P2/2QB2BP/5R1K b - - 0 35,0.0,b
4q2k/1np1r3/1p1p2pp/pP1P2n1/P3Pb2/R4P2/2Q3BP/4R2K b - - 1 37,0.0,b
4q1k1/1np1r3/1p1p2pp/pP1Pb1n1/P3P3/5P2/R1Q1R1BP/7K b - - 5 39,0.0,b
4q3/1np1r1k1/1p1p2pp/pP1P2n1/P2bP3/5P2/R1Q1R1BP/5K2 b - - 9 41,0.0,b
4q3/2p1r1k1/1p1p2pp/pPnPb1n1/P3PP2/8/R3R1BP/2Q2K2 b - - 0 43,0.0,b
4q3/2p1r1k1/1p1p2pp/pP1Pb1n1/P1Q1Pn2/8/R4RBP/5K2 b - - 1 45,0.0,b
4q3/2p1r1k1/1p1p2pp/pP1Q2n1/P3P3/8/2R2RBb/5K2 b - - 1 47,0.0,b
4q3/2p1r1k1/1p1p2pp/pP2b3/P3Q3/8/2R2RB1/5K2 b - - 0 49,0.0,b
4q3/2p3k1/1p1p2pp/pP6/P3B3/2R5/5R2/5K2 b - - 0 51,0.0,b
6k1/2R1q3/1p1p2pp/pP6/P7/8/5R2/5K2 w - - 2 56,0.0,w
5k2/2q5/1p1p2pp/pP6/P7/8/6K1/8 b - - 1 59,0.0,b
5k2/8/1p1p2pp/pP6/q7/8/8/5K2 b - - 1 61,0.0,b
5k2/8/1p1p2pp/1q6/p7/8/3K4/8 b - - 1 63,0.0,b
5k2/8/1p1p2pp/1q6/8/5K2/p7/8 b - - 1 65,0.0,b
5k2/8/1p4pp/1q1p4/8/5K2/8/q7 b - - 1 67,0.0,b
5k2/8/1p4pp/1q6/3p2K1/8/8/5q2 b - - 3 69,0.0,b
r2qr1k1/pp1nbppp/2p1bn2/4p3/3pP3/2PP1P2/PPBNQ1PP/R1B2R1K w - - 0 12,0.0,w
r2qr1k1/pp1n1ppp/2p1bn2/4P3/1b1p4/3P1P2/PPBNQ1PP/R1B2R1K w - - 1 14,0.0,w
r3r1k1/pp1n1ppp/2p2q2/3b4/1b1p4/3P1P2/PPBN1QPP/R1B2R1K w - - 0 16,0.0,w
r3r1k1/pp1nbppp/2p5/3b1q2/3pN3/P2P1P2/1PB2QPP/R1B2R1K w - - 1 18,0.0,w
3rr1k1/pp1nbppp/2p5/3b4/3pNB2/P2P1PPq/1PB2Q1P/R4R1K w - - 3 20,0.0,w
3rr1k1/pp3ppp/2p2n2/2bb4/3p1B2/P2P1PPq/1PBN1Q1P/R1R4K w - - 7 22,0.0,w
3rr1k1/pp2bp1p/2p2n2/3b2p1/3p1BP1/P2P1P1q/1P1N1Q1P/RBR4K w - g6 0 24,0.0,w
3rr1k1/pp2bp1p/2p5/3b2B1/3p4/P2P1P1q/1P1N1n1P/RBR3QK w - - 2 26,0.0,w
3rr1k1/pp3p1p/2p5/6b1/3p4/P2P1b1q/1P1N3P/RBR3QK w - - 0 28,0.0,w
3rr1k1/pp3p1p/2p5/6b1/3p4/P2P4/1P4qP/RBR4K w - - 0 30,0.0,w
3r2k1/pp3p1p/2p5/8/3p4/PP1P4/4r1KP/RBb5 w - - 1 32,0.0,w
3r2k1/pp3p1p/2p5/8/3p4/bP1P4/B6r/R4K2 w - - 0 34,0.0,w
3r2k1/pp3p1p/2p5/8/3p4/RP1P4/8/1r3K2 w - - 0 36,0.0,w
r7/pp3pkp/2p5/8/3p4/RP1P1K2/8/1r6 w - - 4 38,0.0,w
8/rp3pkp/2p5/8/3pK3/1r1P4/8/8 w - - 0 40,0.0,w
8/1p3pkp/2p5/2K5/8/r2r4/8/8 w - - 0 42,0.0,w
8/1p3pkp/2p5/8/2K5/2rr4/8/8 b - - 4 44,0.0,b
8/pn3pk1/1p3p1p/3K2PP/PP3P2/3B4/8/8 w - - 2 41,1.0,w
3K4/p4pk1/1p3p1p/6PP/PP3P2/3B4/8/8 b - - 0 43,1.0,b
3K3k/p4p2/1p3p1P/1P5P/P4P2/3B4/8/8 b - - 0 45,1.0,b
6k1/p3Kp2/1p5P/1P3B1P/P4P2/8/8/8 b - - 0 47,1.0,b
7k/5K2/Pp5P/5B1P/P4P2/8/8/8 b - - 0 49,1.0,b
7k/P7/5K1P/5B1P/p4P2/8/8/8 b - - 0 51,1.0,b
Q6k/7P/5K2/5B1P/5P2/8/p7/8 b - - 0 53,1.0,b
2br1k2/p4ppp/1p3n2/1P2P3/2Br3n/5PNP/6P1/2R1R1K1 b - - 0 34,0.0,b
2brnk2/p4ppp/1p6/1P2P3/2R4n/5P1P/4N1P1/4R1K1 b - - 0 36,0.0,b
3rnk2/p2b1ppp/1p4n1/1P2P3/R7/5PNP/6P1/4R1K1 b - - 4 38,0.0,b
3r1k2/2nb1ppp/1p2P1n1/pP6/8/5PNP/6P1/R3R1K1 b - - 0 40,0.0,b
3r1k2/5ppp/1p2b1n1/pn6/8/4RPNP/6P1/R5K1 b - - 1 42,0.0,b
4Rk2/5ppp/1p4n1/pn1b4/8/5PNP/5KP1/R7 b - - 0 44,0.0,b
4k3/5pNp/1p6/pn1b4/5n2/5P1P/5KP1/R7 b - - 0 46,0.0,b
8/4kpNp/1pb5/pR6/5n2/5P1P/5KP1/8 b - - 0 48,0.0,b
8/5p1p/1p3k2/pb6/5n2/4NP1P/5KP1/8 b - - 3 50,0.0,b
8/5p1p/1p3k2/1b6/p5K1/4NP1P/4n1P1/8 b - - 3 52,0.0,b
8/3b1p1p/1p3k2/3N3K/8/p4P1P/4n1P1/8 b - - 1 54,0.0,b
8/3b1p1p/1p6/7K/2Nk4/p4P1P/4n1P1/8 w - - 5 57,0.0,w
8/3b1pKp/1p6/8/3k1n2/N4P1P/6P1/8 b - - 3 59,0.0,b
8/3b1pK1/1p6/3k4/8/N4P1P/6n1/8 b - - 1 61,0.0,b
8/3b1pK1/1p6/1N1k4/8/5P2/6n1/8 w - - 1 64,0.0,w
8/3b1K2/1p1k4/8/7n/2N2P2/8/8 b - - 1 66,0.0,b
8/2kb4/1p3K2/8/4N3/5n2/8/8 b - - 3 68,0.0,b
8/2k5/1p6/1b2K3/3n4/8/3N4/8 b - - 7 70,0.0,b
8/2k5/bpn5/8/4K3/8/3N4/8 b - - 11 72,0.0,b
8/3k4/1pn5/8/5K2/8/4b3/1N6 b - - 15 74,0.0,b
8/8/bpnk4/8/5K2/8/2N5/8 b - - 19 76,0.0,b
8/8/1p1k4/8/3n4/6K1/2b5/8 w - - 2 79,0.0,w
8/8/1p1k4/5n2/8/3b1K2/8/8 w - - 6 81,0.0,w
8/8/3k4/5n2/1p6/3b1K2/8/8 w - - 0 83,0.0,w
8/8/3k4/5nK1/8/3b4/1p6/8 w - - 0 85,0.0,w
8/8/3k4/6K1/8/3b2n1/8/1q6 w - - 2 87,0.0,w
8/8/3k4/5nK1/8/3b4/8/6q1 w - - 6 89,0.0,w
5rk1/1pb1rpp1/p1p5/P1Pp1BRn/1P1R1P2/4P3/5K1P/8 b - - 2 32,0.0,b
4r1k1/1pb1rpp1/p1p2n2/P1Pp4/1P1R1P2/3BP1R1/5K1P/8 b - - 6 34,0.0,b
4r1k1/1pb2pp1/p1p5/P1Pp4/1P1R1Pn1/3BR3/7P/6K1 w - - 2 37,0.0,w
4rk2/1pb2pp1/p1p2n2/P1Pp4/1P1R1P2/3B1R2/6KP/8 w - - 6 39,0.0,w
5k2/1p3pp1/p1p1rn2/P1Pp4/1P1R1b2/3B2R1/5K1P/8 w - - 0 41,0.0,w
5k2/1p3pp1/p1p1r3/P1Pp1R2/1P6/3B2n1/5K1P/8 w - - 0 43,0.0,w
8/1p2kpp1/p1p5/P1Pp1R2/1P4K1/3Br3/7P/8 w - - 3 45,0.0,w
8/4kpp1/p1p5/P1Pp1RK1/1P2r3/8/7P/8 w - - 2 47,0.0,w
8/5pp1/p1p1k3/P1Pp4/1P3K2/8/7P/8 w - - 1 49,0.0,w
8/5pp1/p1p5/P1Ppk3/1P6/3K4/7P/8 w - - 5 51,0.0,w
8/5pp1/p1p5/P1Ppk3/1P6/3K4/7P/8 w - - 9 53,0.0,w
8/3k1pp1/p1p5/P1Pp4/1P1K4/8/7P/8 w - - 13 55,0.0,w
8/2k2pp1/P1p5/1pPp4/3K4/8/7P/8 w - - 1 57,0.0,w
8/Pk3pp1/2p5/2PpK3/1p6/8/7P/8 w - - 1 59,0.0,w
8/1k3pp1/2p5/2Pp4/1p1K4/8/7P/8 w - - 2 61,0.0,w
8/1k3pp1/2pK4/2Pp4/8/8/1p5P/8 w - - 0 63,0.0,w
8/1k3Kp1/2p5/2P5/3p4/8/7P/1q6 w - - 0 65,0.0,w
8/1k4K1/2p5/2P5/8/7P/3p4/1q6 w - - 0 67,0.0,w
8/1k6/2p2K2/2P5/4q2P/8/8/3q4 w - - 1 69,0.0,w
8/1k1q4/2p2K1P/2P2q2/8/8/8/8 w - - 1 71,0.0,w
1r1qr1k1/1ppn1pb1/3pbn1p/pP2p1p1/P7/R2PP1P1/1BPN1PBP/Q1R3K1 w - - 0 16,0.0,w
r2qr1k1/1pp2pb1/3pbn1p/BPn1p1p1/P7/R2PP1P1/2PN1PBP/Q1R3K1 w - - 1 18,0.0,w
r1q1r1k1/1pp2pb1/3pbn1p/1Pn3p1/P2p4/R1B1P1P1/2PN1PBP/Q1R3K1 w - - 0 20,0.0,w
r3r1k1/1qpn1pb1/3pbn1p/1P4p1/P2B4/R3P1P1/2PN1P1P/Q1R3K1 w - - 0 22,0.0,w
r3r1k1/2pn1pb1/3p1B1p/1P4p1/P7/3RP1Pb/2PN1PqP/Q1R3K1 w - - 1 24,0.0,w
r1bq1rk1/ppb2ppp/n1p2n2/2Ppp3/1P6/3PP3/P1Q1BPPP/RNB2RK1 w - - 1 9,1.0,w
r2qr1k1/ppb2ppp/n1p2n2/2Pppb2/1P6/B2PP3/P1QNBPPP/R4RK1 w - - 5 11,1.0,w
rbq1r1k1/pp3ppp/n1p2n2/2Pppb2/1P6/B2PP3/P2NBPPP/R1Q1R1K1 w - - 9 13,1.0,w
rbq3k1/ppn1rppp/2p2n2/2Pppb2/1P6/B2PPNP1/P3BP1P/R1Q1R1K1 w - - 1 15,1.0,w
rb4k1/ppn1rppp/2p1qnb1/2PpB3/1P6/3PPNP1/P3BP1P/R1Q1R1K1 w - - 1 17,1.0,w
rb4k1/ppn1rp1p/2p2pb1/2Pp4/1P4q1/3PPNP1/P3BP1P/R1Q1R1K1 w - - 0 19,1.0,w
rb4k1/ppn1rp1p/2p2pb1/q1Pp4/7N/3PP1P1/P3BP1P/1RQ1R1K1 w - - 2 21,1.0,w
rb6/pRn1r1kp/2p2pp1/q1Pp4/8/3PP1P1/P3BP1P/2Q1R1K1 w - - 0 23,1.0,w
r7/p1b1r1kp/2p2pp1/2Pp4/8/3PP1PP/q3BP2/2Q1R1K1 w - - 0 25,1.0,w
r5k1/p1b1r2p/2p2pp1/q1Pp4/8/3PPBPP/4RP2/2Q3K1 w - - 4 27,1.0,w
r5k1/p1b1r2p/2p2pp1/q1Pp4/8/3PPBPP/4RP2/2Q3K1 w - - 8 29,1.0,w
1r4k1/p1b1r2p/2p2pp1/1qPp4/3P4/4PBPP/4RP2/3Q2K1 w - - 1 31,1.0,w
1r4k1/pq2r2p/2p2pp1/2Pp4/3P4/4PBPP/R7/3Q2K1 w - - 1 33,1.0,w
1rq5/p3rk1p/2p2pp1/2Pp4/3P4/4PBPP/R4K2/2Q5 w - - 5 35,1.0,w
1r1q4/p3rk1p/2p2pp1/2Pp4/3P2P1/4PB1P/R4K2/7Q w - - 3 37,1.0,w
1r5q/p3rk1p/2p2pp1/2Pp2P1/3P4/4PB1P/R4K2/6Q1 w - - 1 39,1.0,w
1r5q/p3rk1p/6p1/2Pp2p1/3P4/4P2P/R4KQ1/8 w - - 0 41,1.0,w
1r3kq1/p3r2p/6p1/2P3Q1/3P4/4P2P/R4K2/8 w - - 1 43,1.0,w
rnb2rk1/pp2qppp/2pb1n2/3Pp3/8/1P1BP3/PB1PNPPP/2RQK2R b K - 0 8,1.0,b
r1b1qrk1/pp3ppp/2nb1n2/4p3/8/1P1BP1N1/PB1P1PPP/2RQK2R b K - 1 10,1.0,b
r1b2rk1/pp3ppp/3b1n2/1q2p3/1n6/1P2P1N1/PB1PQPPP/1BR1K2R b K - 5 12,1.0,b
r1br2k1/pp3ppp/1q1b1n2/4p3/1n6/PP2P1N1/1B1PQPPP/1BR2K1R b - - 0 14,1.0,b
r2r2k1/pp3ppp/1q1bbn2/3np3/7Q/PP2P1N1/1B1P1PPP/1BR2K1R b - - 4 16,1.0,b
r2r2k1/pp3ppp/q2bbn2/4p3/7Q/PP2P1N1/1B1P2PP/1BR3KR b - - 2 18,1.0,b
r2r2k1/pp2bppp/4bn2/1q2B1Q1/8/PP2P1N1/3P2PP/1BR3KR b - - 2 20,1.0,b
r2rq1k1/pp2bppp/5n2/4BBQ1/8/PP2P3/3P2PP/2R3KR b - - 0 22,1.0,b
r3q1k1/pp3ppp/5n2/2R1BBQ1/4P3/PP6/3r2PP/6KR b - - 0 24,1.0,b
r5k1/pp3ppp/5n2/4RBQ1/4P3/PP6/5KPP/3r3R b - - 0 26,1.0,b
r5k1/pp3ppp/5n2/1R3B2/4P3/PP2Q3/5KPr/8 b - - 1 28,1.0,b
r5k1/pR3p1p/5n2/5pQ1/4P3/PP6/5KPr/8 b - - 1 30,1.0,b
r4k2/pR3Q1p/7r/5p2/4P3/PP6/5KP1/8 b - - 0 32,1.0,b
2b1r1k1/1p5p/2p3p1/P1b5/2pB2P1/2P5/6K1/R7 w - - 0 39,0.5,w
2b3k1/1p5p/2p3p1/P1B5/2p3P1/2P5/2r5/R4K2 w - - 3 41,0.5,w
4R3/1p3k1p/2p3p1/P1B5/2p3b1/2P5/2r5/5K2 w - - 2 43,0.5,w
4R3/1p4kp/2p3p1/P1B5/2p3b1/2P5/2r5/5K2 w - - 6 45,0.5,w
1r1qr1k1/1ppn1pb1/3pbn1p/pP2p1p1/P1P1P3/R2P2P1/1B1N1PBP/Q1R3K1 w - - 0 18,0.0,w
1r1q2k1/1pp1rpb1/3pbn1p/pPn1p1p1/P1P1P3/R2P2P1/1B1N1PBP/QR5K w - - 4 20,0.0,w
1r4k1/1ppqrpb1/3pbn1p/pPn3p1/P1PpP3/R5PP/1B1N1PB1/QR5K w - - 0 22,0.0,w
1r4k1/1ppqrpn1/3pb2p/pPn3p1/P1P1P3/R5PP/3N1PB1/QR5K w - - 0 24,0.0,w
1r6/1p1qrpnk/1p1pb2p/p1n3p1/P1PQP3/R5PP/3N1PB1/1R5K w - - 2 26,0.0,w
1r6/1pq1rpnk/3Rb2p/p1n3p1/P1PQP3/R5PP/3N1PB1/7K w - - 1 28,0.0,w
4r1k1/1pq1rpn1/3Rb2p/p1n3p1/P1PQP3/R4NPP/5PB1/6K1 w - - 5 30,0.0,w
4r1k1/1pq2pn1/4r2p/p5p1/P1PQn1P1/R4N1P/5PB1/6K1 w - - 0 32,0.0,w
4r1k1/1pq1rpn1/5n1p/p5p1/P1P3P1/R2Q1N1P/5PB1/6K1 w - - 4 34,0.0,w
4r1k1/1p3pn1/2q2n1p/p5p1/P1PN2P1/1R1Q3P/5PB1/4r1K1 w - - 8 36,0.0,w
2q1r1k1/1p3pn1/5n1p/p5p1/P1PN2P1/1R5P/5P2/5BK1 w - - 1 38,0.0,w
4r1k1/1p3pn1/7p/p5p1/P1P3q1/1R3N2/5P2/5BK1 w - - 0 40,0.0,w
4r1k1/1R3pn1/7p/p5p1/P7/5N2/5PB1/2q3K1 w - - 1 42,0.0,w
4r1k1/5pn1/7p/p5p1/q7/1R3N2/5P2/5BK1 w - - 0 44,0.0,w
2q1r1k1/5pn1/7p/p5p1/8/6R1/3N1P2/5BK1 w - - 4 46,0.0,w
2q3k1/5pn1/7p/6p1/p7/1N4RB/5P2/4r1K1 w - - 2 48,0.0,w
2q3k1/5pn1/7p/6p1/p7/1N4R1/5PBK/4r3 w - - 6 50,0.0,w
2q1r1k1/5pn1/7p/3B4/p5p1/6R1/3N1P1K/8 w - - 2 52,0.0,w
4r1k1/5pn1/7p/3B4/p5pq/2N3R1/5P1K/8 w - - 6 54,0.0,w
6k1/5Bn1/7p/4r3/6pq/p1N3R1/5PK1/8 b - - 0 56,0.0,b
8/5kn1/7p/8/5Ppq/p1NR4/6K1/4r3 b - f3 0 58,0.0,b
8/5kn1/7p/8/5Pp1/p1N2RK1/8/4rq2 w - - 4 62,0.0,w
r2qk2r/pp2ppbp/2n2np1/2pp4/5Pb1/2PP1NP1/PP2P1BP/R1BQ1RK1 w kq - 4 8,1.0,w
r3k2r/pp2ppbp/2n2np1/2qp4/5Pb1/2PP1NP1/PP2P1BP/R2Q1RK1 w kq - 0 10,1.0,w
2kr3r/pp2ppbp/1qn2np1/3p4/5Pb1/2PP1NPP/PP2PRB1/R2Q2K1 w - - 1 12,1.0,w
2kr2nr/pp2ppbp/2n3p1/3p2P1/5P2/2PP1NP1/Pq2PRB1/R2Q2K1 w - - 1 14,1.0,w
3r2nr/ppk1ppbp/2n3p1/3p2P1/5P2/q1PP1NPB/P3PR2/1R1Q2K1 w - - 5 16,1.0,w
3r2nr/ppk1ppbp/2n3p1/3p2P1/5P2/q2PPNPB/P1R5/1R1Q2K1 w - - 2 18,1.0,w
5rnr/pp2ppbp/2nk2p1/3B2P1/5P2/q2PPNP1/P1R5/1R1Q2K1 w - - 1 20,1.0,w
5rnr/pR2ppbp/2pk2p1/6P1/q4P2/3PPNP1/P1R5/3Q2K1 w - - 2 22,1.0,w
5rnr/pR2ppbp/2p1k3/5pP1/q7/3PPNP1/P1R2K2/3Q4 w - - 0 24,1.0,w
5rnr/q2kppbp/2R5/5pP1/8/3PPNP1/P4K2/3Q4 w - - 1 26,1.0,w
2k3nr/q3ppbp/8/5pP1/8/3PPNP1/P4K2/3Q4 w - - 0 28,1.0,w
6nr/q2k1pbp/4p3/5pP1/3P4/4PNP1/P1Q2K2/8 w - - 0 30,1.0,w
6nr/q4pbp/3k4/3p1QP1/8/4PNP1/P4K2/8 w - - 1 32,1.0,w
6nr/5pbp/3Q4/3p2P1/8/4P1P1/q2N1K2/8 b - - 1 34,1.0,b
6nr/5pb1/3Q3P/3p4/8/4P1P1/3q4/5K2 b - - 0 36,1.0,b
8/5pb1/7r/3p4/4P3/6P1/3q4/5K2 b - - 0 38,1.0,b
8/p4pk1/1p1n1p1P/7P/PP1K1P2/3B4/8/8 b - - 0 40,1.0,b
8/pn3p2/1p3p1k/7P/PP2KP2/8/4B3/8 w - - 3 43,1.0,w
8/p4pk1/1p1n1p2/7P/PP3P2/3K1B2/8/8 w - - 7 45,1.0,w
8/p4p2/1p1n3k/1P3p1P/P4P2/5B2/3K4/8 w - - 0 47,1.0,w
7k/p4p2/1p1n4/1P1B1p1P/P4P2/8/2K5/8 w - - 4 49,1.0,w
8/p4p2/1p1n3k/1P1B1p1P/P4P2/4K3/8/8 w - - 8 51,1.0,w
8/p4p2/1p1n2k1/1P3p2/P2K1P2/5B2/8/8 w - - 2 53,1.0,w
2n5/p4p2/1p3k2/1P3p2/P2K1P2/5B2/8/8 w - - 6 55,1.0,w
8/p4p2/1p1n1k2/1P3p2/P2K1P2/8/8/1B6 b - - 10 57,1.0,b
8/p5k1/1p1n1p2/1P3p2/P2K1P2/8/8/1B6 b - - 1 59,1.0,b
8/p1n3k1/1p3p2/1P3B2/P4P2/2K5/8/8 b - - 2 61,1.0,b
8/p1n5/1p2kp2/1P6/P3BP2/8/2K5/8 w - - 6 64,1.0,w
8/p7/1p2np2/1P6/P4P2/1K6/8/8 b - - 1 66,1.0,b
8/p7/1p6/PP3p2/5n2/8/K7/8 b - - 0 68,1.0,b
8/p7/8/1P3p2/p4n2/8/8/1K6 b - - 1 70,1.0,b
8/p7/1P6/5p2/8/p7/4n3/K7 b - - 0 72,1.0,b
8/8/1p6/8/5p2/p7/K3n3/8 b - - 1 74,1.0,b
8/8/1p6/8/1K6/8/4np2/8 b - - 1 76,1.0,b
8/8/8/1p6/8/8/1K2n3/5r2 b - - 1 78,1.0,b
8/8/8/8/8/1K6/4n3/5r2 b - - 0 80,1.0,b
8/8/8/8/8/8/1K2n3/8 b - - 0 82,1.0,b
8/8/8/8/8/8/K7/1n6 b - - 4 84,1.0,b
8/8/8/8/8/8/1K6/1n6 b - - 8 86,1.0,b
8/8/8/8/8/8/K7/1n6 b - - 12 88,1.0,b
8/8/8/8/8/8/8/Kn6 b - - 16 90,1.0,b
8/8/8/8/8/8/8/Kn6 b - - 20 92,1.0,b
r1b1r1k1/pp1n1ppp/2pq1n2/3Pp3/8/1P2P2P/P2PNPP1/1BRQ1RK1 b - - 0 13,0.0,b
r1b1r1k1/pp3ppp/1n1q1n2/3pp3/8/1P2P1NP/P2P1PP1/1BRQR1K1 b - - 3 15,0.0,b
r3r1k1/pp3ppp/1n2bn2/3pp3/8/qP2PQNP/P1RP1PP1/1B2R1K1 b - - 7 17,0.0,b
2r3k1/pp3ppp/1n2bn2/3pp3/8/qP2P1NP/P2P1PP1/1B1QR1K1 b - - 1 19,0.0,b
6k1/ppr2ppp/1n2bn2/3pp3/7P/1P1BP1N1/Pq1P1PP1/3QR1K1 b - - 0 21,0.0,b
6k1/ppr2ppp/1n2bn2/3pp3/7P/1P2PPN1/Pq1P2P1/1B1QR1K1 b - - 2 23,0.0,b
5k2/ppr2pp1/1n2bn2/3pp3/7P/1P1BPPN1/q2P2P1/3QR1K1 b - - 1 25,0.0,b
5k2/ppr2pp1/1n2bn2/3pp2N/1q5P/3BPP2/3P2P1/3QR1K1 b - - 1 27,0.0,b
5k2/ppr2pp1/1n2b3/3pp3/1q3P1P/3B4/3P2P1/3QR1K1 b - - 0 29,0.0,b
5k2/ppr2pp1/1n2b3/2qp4/4BP1P/8/3P2P1/3QRK2 b - - 0 31,0.0,b
5k2/ppr2pp1/1n2b3/1q6/4RP1P/8/3P1KP1/3Q4 b - - 0 33,0.0,b
6k1/ppr2pp1/1n2b3/2q5/4RP1P/8/3P2P1/1Q3K2 b - - 4 35,0.0,b
4R3/ppr2ppk/1n6/2q2b2/5P1P/8/3P2P1/Q4K2 b - - 8 37,0.0,b
8/ppr2ppk/1n6/1q6/5PbP/8/3PR1P1/4QK2 b - - 12 39,0.0,b
8/ppr2ppk/1n6/8/5P1P/8/3P2P1/1q1Q1K2 b - - 2 41,0.0,b
8/ppr2ppk/1n6/8/5P1P/5K2/3q2P1/8 b - - 1 43,0.0,b
8/ppr2ppk/1n6/8/5P1P/3q4/6PK/8 b - - 5 45,0.0,b
8/ppr2ppk/7P/8/5n2/3q4/6PK/8 b - - 0 47,0.0,b
8/ppr2p1k/7p/8/5n2/8/4q1PK/8 w - - 3 50,0.0,w
8/pp3p2/6kp/8/5K2/2r5/4q1P1/8 w - - 1 52,0.0,w
8/pp3p2/6k1/7p/5KP1/5r2/4q3/8 w - - 1 54,0.0,w
r2qkb1r/pp2pppp/2n2n2/2pp4/5Pb1/2PP1NP1/PP2P2P/R1BQKB1R w KQkq - 1 6,1.0,w
r3kb1r/pp2pppp/2n2n2/2qp4/5Pb1/2PP1NP1/PP2P2P/R2QKB1R w KQkq - 0 8,1.0,w
r2k1b1r/pp2pppp/1qn2n2/3p4/3P1Pb1/2P2NP1/PP2P2P/R1Q1KB1R w KQ - 3 10,1.0,w
r2k1b1r/pp2pppp/2n2n2/3p4/3P1Pb1/2PqPNP1/PP4BP/R1Q1K2R w KQ - 1 12,1.0,w
r4b1r/pp1kpppp/2n2n2/3p4/3PqPb1/2P1PNP1/PP2B2P/R1Q1K2R w KQ - 5 14,1.0,w
r4b1r/pp1kpppp/2n2n2/3p4/3P1P2/2PqPBP1/PP3K1P/R1Q4R w - - 1 16,1.0,w
r4b1r/pp1kpppp/2n2n2/8/2PP1P2/3qP1P1/PP3K1P/R1Q4R w - - 1 18,1.0,w
r4b1r/pp1kpppp/2n2n2/8/2PP1Pq1/4P1P1/PP2RK1P/R1Q5 w - - 5 20,1.0,w
3r1b1r/pp1kpppp/2n1qn2/8/2PP1P2/4P1P1/PP2RK1P/3R3Q w - - 9 22,1.0,w
3r1b1r/pp1kpppp/2n2q2/3P4/2P2Pn1/4P1P1/PP2R2P/3RK2Q w - - 3 24,1.0,w
3R1b1r/pp2pppp/2P1k3/5q2/2P2Pn1/4P1P1/PP2R2P/4K2Q w - - 1 26,1.0,w
5b1r/pPq1pppp/4k3/8/2P2Pn1/4P1P1/PP1RR2P/4K2Q w - - 3 28,1.0,w
5b1r/pPq1pppp/4k3/6Q1/2P2Pn1/4P1P1/PP1RR2P/4K3 w - - 7 30,1.0,w
5b1r/pPq1pppp/8/3R1PQ1/2P1k1n1/4P1P1/PP2R2P/4K3 w - - 3 32,1.0,w
1Q3b1r/p3pppp/8/3R1P2/2P1k1q1/4P1P1/PP2R2P/4K3 b - - 0 34,1.0,b
5b1r/p3pppp/8/3Q4/2P1k3/4P1P1/PP2R2P/4K3 b - - 0 36,1.0,b
8/pp3pk1/5p1p/1n1P4/1P6/P7/2B1KPPP/8 w - - 2 30,1.0,w
8/pp3pk1/7p/3P1B2/1P6/n7/4KPPP/8 w - - 0 32,1.0,w
2B5/p4p2/1p1P1k1p/8/1P6/n7/4KPPP/8 w - - 1 34,1.0,w
2B5/p4p2/3P1k1p/1p6/1PnK4/8/5PPP/8 w - - 2 36,1.0,w
2B5/p2Pkp2/1n5p/1pK5/1P6/8/5PPP/8 w - - 3 38,1.0,w
8/p3kp2/1n5p/1K6/1P4B1/8/5PPP/8 b - - 2 40,1.0,b
8/K4p2/5k1p/3n4/1P4B1/8/5PPP/8 b - - 0 42,1.0,b
8/K4p2/4k2p/8/1nB5/8/5PPP/8 b - - 3 44,1.0,b
8/K7/7p/4k3/2B5/3n4/5PPP/8 w - - 2 47,1.0,w
8/K7/7p/8/8/2k5/4BPPP/8 w - - 3 49,1.0,w
8/K7/7p/8/6B1/4kP2/6PP/8 w - - 1 51,1.0,w
8/1K6/7p/8/8/5P1B/6PP/6k1 w - - 5 53,1.0,w
8/1K6/7p/5P2/8/6kB/6P1/8 w - - 1 55,1.0,w
8/1K3P2/7p/7k/8/7B/6P1/8 w - - 1 57,1.0,w
8/1K6/7p/7k/5Q2/7B/6P1/8 w - - 3 59,1.0,w
1r1qr1k1/2pn1pb1/1p1pbn1p/pP2p1p1/P1P1P3/R2P2P1/1B3PBP/Q1R2NK1 w - - 0 19,0.5,w
1r1qr1k1/2pn1pb1/1p1pbn1p/pP2p1p1/P1P1P3/R2PN1P1/1BR2PBP/Q5K1 w - - 4 21,0.5,w
1rq1r2k/2pn1pb1/1p1pbn1p/pP2p1p1/P1P1P3/R2PNBP1/1BR2P1P/4Q1K1 w - - 8 23,0.5,w
1rq1r2k/2pn1pb1/1p1pbn1p/pP2p1p1/P1P1P3/R2PNBP1/1BR2P1P/4Q1K1 w - - 12 25,0.5,w
1rq1r2k/2pn1pb1/1p1pbn1p/pP2p1p1/P1P1P3/R2PNBP1/1BR2P1P/4Q1K1 w - - 16 27,0.5,w
2rr4/pp3pkp/5p2/3N4/1PP5/Pn6/2R2PPP/5BK1 w - - 1 25,0.5,w
2r5/pp3pkp/5p2/6r1/1PP5/PR6/5PPP/5BK1 w - - 1 27,0.5,w
4r3/pp3pkp/5p2/4r3/1PP5/PR1B1P2/6PP/6K1 w - - 1 29,0.5,w
8/pp3pkp/4rp2/1P6/2P5/PR1BrP2/5KPP/8 w - - 1 31,0.5,w
8/1p3pkp/1P2rp2/p7/2P5/PR1r1PP1/5K1P/8 w - - 0 33,0.5,w
8/1p1R1p1p/1r3pk1/p7/2P5/P4PP1/5K1P/8 w - - 0 35,0.5,w
8/1p1R1p1p/5pk1/p1P5/8/P4PPP/1r3K2/8 w - - 1 37,0.5,w
8/1r3p1p/5pk1/2P5/p7/P4PPP/8/4K3 w - - 0 39,0.5,w
8/2P2p1p/6k1/5p2/p7/Pr3PPP/8/4K3 w - - 0 41,0.5,w
2Q5/5p1p/6k1/5p2/p7/r4PPP/5K2/8 w - - 0 43,0.5,w
8/5p1Q/5k2/5p2/p7/5PPP/r4K2/8 w - - 1 45,0.5,w
8/4kp2/7Q/5p2/p7/r4PPP/8/6K1 w - - 5 47,0.5,w
8/3k1p2/8/4Qp2/p7/3r1PPP/8/6K1 w - - 9 49,0.5,w
5k2/5p2/8/8/p7/3Q1PPP/8/6K1 w - - 1 51,0.5,w
8/5p2/5k2/8/Q7/5PPP/8/6K1 w - - 1 53,0.5,w
8/4kp2/8/8/5Q2/5PPP/8/6K1 w - - 5 55,0.5,w
5k2/8/5p2/6Q1/8/5PPP/8/6K1 w - - 0 57,0.5,w
3k4/8/4Q3/8/8/5PPP/8/6K1 w - - 3 59,0.5,w
8/1k6/4Q3/8/8/5PPP/5K2/8 w - - 7 61,0.5,w
1k6/8/2Q5/8/8/5PPP/5K2/8 w - - 11 63,0.5,w
k7/8/8/1Q6/8/4KPPP/8/8 w - - 15 65,0.5,w
k7/8/8/1Q6/8/2K2PPP/8/8 w - - 19 67,0.5,w
k7/8/8/1Q6/8/2K2PPP/8/8 w - - 23 69,0.5,w
4r1k1/1pb2pp1/p1p1rn2/P1Pp4/1P3P1P/3RPB2/5KR1/8 b - - 4 37,0.5,b
4r3/1pb1rppk/p1p2n2/P1Pp4/1P3P1P/3RP3/5K2/6RB b - - 8 39,0.5,b
4r2k/1pb1rp2/p1p2np1/P1Pp4/1P3P1P/3RPB2/5K2/3R4 b - - 3 41,0.5,b
4r3/1pb1rpk1/p1p2n2/P1Pp1p2/1P5P/3RPB2/5K2/6R1 b - - 1 43,0.5,b
4r3/1pb1rp2/p1p4k/P1Pp1p2/1P2B2P/3RP3/5K2/3R4 b - - 0 45,0.5,b
4r3/1pb2p2/P1p4k/1pPp1p2/4r2P/3RP3/5K2/3R4 b - - 0 47,0.5,b
4r3/2b2p2/2p4k/ppPp1p2/4r2P/3RP3/5K2/1R6 b - - 1 49,0.5,b
4r3/2b2p2/2p4k/ppPp1p2/8/3RPK2/7r/6R1 b - - 3 51,0.5,b
4r3/2b2p2/2p4k/ppPp4/5p2/4P2r/4K3/3R2R1 b - - 1 53,0.5,b
4r3/2b2p2/2p4k/ppPp4/5p2/8/4r3/2KR2R1 b - - 3 55,0.5,b
4r3/2b2p2/2p4k/1pPp4/p2R1p2/8/8/2K1R3 b - - 0 57,0.5,b
8/2b2p2/2p3k1/1pPp4/pR3p2/8/2K5/4r3 b - - 3 59,0.5,b
8/2b2p2/2p3k1/1pPp4/5p2/8/p1K5/1r6 w - - 0 62,0.5,w
8/2b2p2/2p3k1/1pPp4/5p2/8/1r2K3/q7 w - - 2 64,0.5,w
8/2b2p2/2p3k1/1pPp4/8/q1K2p2/1r6/8 w - - 2 66,0.5,w
8/2b2p2/2p3k1/1pPpK3/8/q4p2/1r6/8 w - - 6 68,0.5,w
8/2b2p2/2p3k1/1pPpK3/8/q4p2/1r6/8 w - - 10 70,0.5,w
2rr4/pp3pkp/n4p2/8/2P5/P1N5/1PR2PPP/5BK1 w - - 1 23,1.0,w
1r1r4/Np3pkp/5p2/2n5/2P5/P7/1PR2PPP/5BK1 w - - 1 25,1.0,w
r2r4/1p3p1p/5pk1/1Nn5/2P5/P7/1PR1BPPP/6K1 w - - 5 27,1.0,w
2r1r3/1p3p1p/5pk1/2n5/2P5/P1N2B2/1PR2PPP/6K1 w - - 9 29,1.0,w
6r1/1p3p1p/5pk1/2n5/2P5/P4B2/1P2NPPP/6K1 w - - 1 31,1.0,w
6r1/1n3p1p/5p2/5k2/2P2N2/P7/1P3PPP/6K1 w - - 2 33,1.0,w
4r3/5p1p/3n1p2/3N1k2/2P5/P7/1P3PPP/5K2 w - - 6 35,1.0,w
4r3/5p1p/5p2/2PN2k1/2n3P1/P7/1P3P1P/5K2 w - - 1 37,1.0,w
2r5/5p1p/5N1k/2P5/2n2PP1/P7/1P5P/5K2 w - - 1 39,1.0,w
2r5/5p1p/7k/2P5/4NPP1/P2n4/5K1P/8 w - - 2 41,1.0,w
2r5/5p1p/6k1/2n3P1/4NP2/P7/4K2P/8 w - - 1 43,1.0,w
2r5/5p2/6p1/2N3P1/8/P7/4K2P/8 b - - 0 45,1.0,b
8/5p2/6p1/6r1/8/P6P/8/3K4 b - - 0 47,1.0,b
8/8/6p1/5pr1/8/P6P/8/1K6 b - - 1 49,1.0,b
8/8/6p1/6r1/P7/5p1P/K7/8 b - - 0 51,1.0,b
8/8/6p1/P7/6P1/8/K4p2/8 b - - 0 53,1.0,b
8/P7/8/6p1/6P1/8/K7/5q2 b - - 0 55,1.0,b
8/q7/8/6p1/6P1/2K5/8/8 b - - 1 57,1.0,b
2rr4/pp3pkp/5p2/3N4/1PP1n3/P4P2/2R3PP/5BK1 b - - 0 25,0.0,b
2r1r3/pp3pkp/5p2/3N2n1/1PP5/P2B1P2/2R2KPP/8 b - - 4 27,0.0,b
3r4/pp3pkp/2r2p2/1P1N1Bn1/2P5/P4P2/2R2KPP/8 b - - 0 29,0.0,b
3r4/1p3pkB/1p3p2/2rN2n1/2P5/P4P2/2R2KPP/8 b - - 0 31,0.0,b
3r4/1p3pk1/1N3p2/2r3n1/2P5/P4PP1/2R2K1P/8 b - - 0 33,0.0,b
3r4/1p3p2/1N3pk1/2r5/2P1nP2/P5P1/2R4P/4K3 b - - 2 35,0.0,b
3r4/1p3p2/1Nr3k1/5p2/2P1RP2/P5P1/7P/4K3 b - - 0 37,0.0,b
3r4/1p2Np2/6k1/8/2r1pP2/P5P1/7P/4K3 b - - 1 39,0.0,b
3r4/1p2kp2/8/8/2r1pP2/P5PP/8/5K2 b - - 0 41,0.0,b
8/1p2kp2/8/8/P1r2P2/4p1PP/3r4/4K3 b - - 0 43,0.0,b
r1bq1rk1/ppb2ppp/n1p2n2/2Pp4/1P2p3/3PP3/PBQ1BPPP/RN3RK1 w - - 2 10,1.0,w
r1bqr1k1/p1b2ppp/p1p2n2/2Pp4/1P2P3/4P3/PBQ2PPP/RN3RK1 w - - 0 12,1.0,w
r1bqr1k1/p1b2p1p/p1p2p2/2P5/1P2p3/2N1P3/P1Q2PPP/R4RK1 w - - 0 14,1.0,w
r1b1r1k1/p1b2p1p/p1p1qp2/2P5/QP2p3/2N1P3/P4PPP/R2R2K1 w - - 4 16,1.0,w
r1bb2k1/p4p1p/p1p1qp2/2P5/QP2p3/2N1P3/P4PPP/2R3K1 w - - 0 18,1.0,w
r2b2k1/pb3p1p/p1p2p2/2P5/QP2q3/4P3/P4PPP/3R2K1 w - - 0 20,1.0,w
r2bq3/pb3pkp/p1p2p2/2P5/QP6/4P1PP/P4P2/3R2K1 w - - 1 22,1.0,w
3rq3/pb3pkp/p1p2p2/2P5/QP4P1/4P2P/P4P2/6K1 w - - 0 24,1.0,w
3rq3/pb3pkp/p1p2p2/2P5/QP4P1/4P2P/P4P2/6K1 w - - 4 26,1.0,w
3r4/pb3pkp/p1p2p2/2P1q3/QP4P1/P3P2P/5P1K/8 w - - 3 28,1.0,w
3r4/pb3pkp/p1p2p2/2P1q3/QP4P1/P3P2P/5PK1/8 w - - 7 30,1.0,w
3r4/pb3pkp/p1p2p2/2P1q3/1P4P1/P3PK1P/2Q2P2/8 w - - 11 32,1.0,w
3r4/pb3p1p/p1p2p2/2P1q1k1/1PQ3P1/P3P2P/5PK1/8 w - - 15 34,1.0,w
3r4/pb3p1p/p1p2p2/2Pq4/1P3PPk/P3P2P/2Q3K1/8 w - - 3 36,1.0,w
3r4/pb3p1p/p1p2p2/2P5/1P3PPk/P3P2P/7K/4Q3 b - - 1 38,1.0,b
rn1qkb1r/pp3ppp/2p2n2/3pp3/4P1b1/1B1P1P2/PPP1Q1PP/RNB1K2R b KQkq - 0 6,1.0,b
rn3b1r/pp1k1ppp/2p2n2/q2pp3/4P1P1/1BNP4/PPP1Q1PP/R1B1K2R b KQ - 2 8,1.0,b
rn4r1/pp1k1ppp/2p2n2/q2Pp3/1b4P1/1BNP4/PPP1Q1PP/R1B2RK1 b - - 2 10,1.0,b
rn3r2/pp1k1ppp/2p2n2/q1bPQ3/6P1/1BNP4/PPP3PP/R1B2R1K b - - 0 12,1.0,b
rn1kr3/pp3ppp/2p2n2/q1bP4/6PQ/1BNP4/PPP3PP/R1B2R1K b - - 4 14,1.0,b
r2kr3/p2n1ppp/2p2n2/q1b3B1/6PQ/1BNP4/PPP3PP/R4R1K b - - 1 16,1.0,b
1r1k1r2/p2n2pp/2p2n2/q1b3B1/6PQ/1BNP4/PPP3PP/R4R1K b - - 2 18,1.0,b
1r1k1r2/p2n2pp/2pb1n2/5RB1/1q4PQ/1BNP4/PPP3PP/4R2K b - - 6 20,1.0,b
3k1r2/p2n2pp/2pb1n2/5RB1/6Q1/1PNP4/PP4PP/4R2K b - - 0 22,1.0,b
3k1r2/p6p/2pb1np1/5R2/3Q4/1PNP4/PP4PP/4R2K b - - 1 24,1.0,b
2k2Q2/p6p/5np1/2p2R2/8/1PNP4/PP4PP/4R2K b - - 0 26,1.0,b
2k1Q3/p3R2p/8/2p2p2/8/1PNP4/PP4PP/7K b - - 0 28,1.0,b
2rr2k1/pp3p1p/5p2/1Nn5/2P5/P7/1PR2PPP/5BK1 b - - 2 23,0.0,b
2rr2k1/1p3p1p/5p2/1Pn5/8/P7/1PR1BPPP/6K1 b - - 0 25,0.0,b
2r1r1k1/1p3p1p/8/1Pn2p2/8/P4P2/1PR1B1PP/5K2 b - - 0 27,0.0,b
2r1r3/1p3pkp/8/1Pn5/2R2p2/P4P2/1P2B1PP/4K3 b - - 1 29,0.0,b
4r3/1p3pkp/8/1P6/2r2p2/P2B1P2/1P1K2PP/8 b - - 0 31,0.0,b
3r4/1p3pkp/8/1Pr5/5p2/PP1B1P2/4K1PP/8 b - - 0 33,0.0,b
3r4/1p3pkp/8/1r6/4Bp2/PP3PP1/4K2P/8 b - - 0 35,0.0,b
3r4/1p3pkp/8/8/4B3/Pr3PP1/5K2/8 b - - 1 37,0.0,b
8/1B3pkp/8/8/8/Pr3PP1/7r/4K3 b - - 0 39,0.0,b
4rrk1/pp1bb1np/2p3p1/P2p4/6P1/2P5/1P1N4/R1BBR2K b - - 2 26,0.5,b
5rk1/pp1b2np/P1p2bp1/3p4/6P1/2P1r3/1P1N4/R1BB2RK b - - 0 28,0.5,b
5rk1/pp1b2np/P1p2bp1/3p4/6P1/2P5/3N2K1/R1BB2R1 b - - 0 30,0.5,b
5rk1/pp1b2np/P1p3p1/3p4/6P1/R7/3B2K1/3B2R1 b - - 0 32,0.5,b
4r1k1/p2b2np/Ppp3p1/3p4/6P1/RB6/3B2K1/4R3 b - - 3 34,0.5,b
6k1/p5np/Ppp3p1/3p4/6b1/RB4K1/8/4B3 b - - 1 36,0.5,b
2b3k1/p6p/Ppp3p1/3p1n2/8/RBB5/5K2/8 b - - 5 38,0.5,b
2b5/p3k2p/Ppp3p1/3p1n2/8/2B5/R1B2K2/8 b - - 9 40,0.5,b
2b5/p6p/Ppp1k1p1/3p1n2/8/2B5/2B2K2/4R3 b - - 13 42,0.5,b
8/p6p/Pppk1Bp1/3p1b2/8/8/5K2/4R3 b - - 1 44,0.5,b
1B6/p6p/Ppp1b1p1/2kp4/8/8/5K2/4R3 b - - 5 46,0.5,b
1B6/p6R/Ppp3p1/3p4/2k3b1/8/5K2/8 b - - 0 48,0.5,b
8/7R/PBp3p1/1k6/3p2b1/8/5K2/8 b - - 0 50,0.5,b
8/2R5/k1p3p1/5b2/3B4/8/5K2/8 b - - 2 52,0.5,b
8/2R5/2p3p1/1k1b4/3B4/4K3/8/8 w - - 6 55,0.5,w
8/6R1/6p1/1k1bB3/2p5/4K3/8/8 w - - 0 57,0.5,w
8/8/6R1/1k1b4/2pB4/4K3/8/8 w - - 3 59,0.5,w
8/8/k7/3b4/2pB4/4K3/1R6/8 w - - 7 61,0.5,w
8/8/k7/8/2b5/2B5/1R3K2/8 w - - 1 63,0.5,w
8/5b2/k7/8/3B4/8/1R3K2/8 w - - 5 65,0.5,w
8/8/8/k2b4/3B1K2/8/1R6/8 w - - 9 67,0.5,w
8/8/8/kb6/3B1K2/8/1R6/8 w - - 13 69,0.5,w
8/8/2b5/k7/3B4/5K2/8/1R6 w - - 17 71,0.5,w
8/8/kB6/3b4/8/6K1/8/1R6 w - - 21 73,0.5,w
b7/1k6/8/8/8/6K1/8/R5B1 w - - 25 75,0.5,w
1k6/8/8/8/3Bb3/6K1/8/R7 w - - 29 77,0.5,w
2k5/4R3/6b1/8/3B4/6K1/8/8 w - - 33 79,0.5,w
3k4/R7/8/8/8/6K1/2b5/6B1 w - - 37 81,0.5,w
3k4/R7/8/3b4/8/6K1/8/6B1 w - - 41 83,0.5,w
2k5/6R1/4b3/2B5/8/6K1/8/8 w - - 45 85,0.5,w
4k3/R7/1B2b3/8/8/6K1/8/8 w - - 49 87,0.5,w
5k2/2R5/1B6/3b4/5K2/8/8/8 w - - 53 89,0.5,w
6k1/2R2b2/8/8/5K2/8/8/6B1 w - - 57 91,0.5,w
8/4k3/8/5K2/8/8/8/6B1 w - - 2 93,0.5,w
8/4k3/8/3K4/8/8/8/6B1 w - - 6 95,0.5,w
8/8/2k5/2B1K3/8/8/8/8 w - - 10 97,0.5,w
8/8/1k1B4/3K4/8/8/8/8 w - - 14 99,0.5,w
8/8/k7/2BK4/8/8/8/8 w - - 18 101,0.5,w
8/8/8/k1BK4/8/8/8/8 w - - 22 103,0.5,w
8/1k6/8/8/2K5/4B3/8/8 w - - 26 105,0.5,w
r3r1k1/p2bqppp/1pp2n2/4nN2/8/1P2P2P/P1Q2PP1/1BRR2K1 b - - 3 19,0.0,b
r2r1qk1/p2b1ppp/1pp2n2/4n3/4N3/1P2P2P/P1Q2PP1/1BRR2K1 b - - 7 21,0.0,b
r2r1qk1/p2b1ppp/1pp3n1/8/4Q3/1P1BP2P/P4PP1/2RR2K1 b - - 2 23,0.0,b
r2r2qk/p2b1ppp/1pp3n1/8/4Q3/1P1BPP1P/P1R3P1/3R2K1 b - - 0 25,0.0,b
r5qk/p4ppp/1pQ1b1n1/8/8/1P1RPP1P/P1R3P1/6K1 b - - 0 27,0.0,b
q6k/p4ppp/1p2b3/4n3/8/1PR1PP1P/P1R3P1/6K1 b - - 1 29,0.0,b
q6k/p4ppp/1p6/8/4P3/1PR2P1b/P1R5/6K1 b - - 0 31,0.0,b
q5k1/p4ppp/8/1p6/4PP2/1PR4b/P1R2K2/8 b - - 0 33,0.0,b
2b3k1/p4ppp/8/1p6/5P2/1P6/P1q2K2/8 w - - 0 36,0.0,w
2b3k1/p4ppp/8/1p6/5P2/1q3K2/8/8 w - - 0 38,0.0,w
6k1/pb3ppp/8/1p1qK3/5P2/8/8/8 w - - 4 40,0.0,w
4rrk1/1pb2pp1/p1p3q1/P1Pp1b1n/1P1BnP2/3BPQ1p/R5PP/4NRK1 b - - 3 24,0.0,b
4rrk1/1pb2pp1/p1p3q1/P1Pp1b1n/1P1BnP2/3BP2p/R1Q3PP/4NRK1 b - - 7 26,0.0,b
5rk1/1pb1rpp1/p1p5/P1PpNb1n/1P1BnPq1/3BP2p/R1Q3PP/5RK1 b - - 11 28,0.0,b
5rk1/1pb1rpp1/p1p5/P1Pp1b2/1P1BnP1q/3BPNnp/R1Q4P/5RK1 b - - 1 30,0.0,b
5rk1/1pb1rpp1/p1p5/P1Pp1B1q/1P1B1P2/4PNnp/R1Q5/5RK1 b - - 0 32,0.0,b
5rk1/1pb1rpp1/p1p5/P1Pp1n2/1P1B1Pq1/4PN1p/R3Q2K/5R2 b - - 3 34,0.0,b
5rk1/1p2rpp1/p1p5/P1Pp1n2/1P1B1q2/5N1p/R3Q3/5RK1 b - - 1 36,0.0,b
5rk1/1p2rpp1/p1p5/P1Pp4/1P1B2q1/5Nnp/R3Q3/5RK1 b - - 5 38,0.0,b
5rk1/1pb1rpp1/p1p2n2/P1Pp4/1P1R1PB1/4P3/5KRP/8 w - - 3 33,1.0,w
4r2k/1pb1rpp1/p1p2n2/P1Pp4/1P3P2/3RPB2/5KRP/8 w - - 7 35,1.0,w
4r3/1pb1rppk/p1p5/P1Pp1P2/1P2n3/3RPB2/5K1P/6R1 w - - 3 37,1.0,w
4r1k1/1pb2pp1/p1p5/P1Pp1P2/1P2r3/3RP3/6KP/6R1 w - - 0 39,1.0,w
4r1k1/1p3pp1/p1p5/P1Pp1P2/1r6/3RPK2/7b/3R4 w - - 0 41,1.0,w
6k1/1p3p2/p1p2p2/P1Pp4/1r6/4rK2/3R3b/3R4 w - - 0 43,1.0,w
6k1/1p3p2/p1p2p2/P1Pp4/1r6/3K4/3b4/3R4 w - - 0 45,1.0,w
7k/1p3p2/p1p5/P1Pp1p2/1r6/8/3K4/6R1 w - - 2 47,1.0,w
7R/1p3p2/p1p5/P1P2p2/1r1p4/2K5/8/8 w - - 0 50,1.0,w
8/1p3p1R/p1p5/P1P5/1K3p2/3p4/8/8 w - - 0 52,1.0,w
8/8/ppp5/P1P5/1K3R2/8/3p4/8 w - - 0 54,1.0,w
8/8/pP6/P1K5/5R2/8/8/3q4 w - - 0 56,1.0,w
4rrk1/pp2b1np/2p1b1p1/P2p4/5pP1/2P4P/1P1N4/R1BB1R1K w - - 0 25,1.0,w
4r1k1/p3b1np/Ppp1brp1/3p4/5pP1/1PP4P/3N4/R1BB1R1K w - - 0 27,1.0,w
4r1k1/p5np/P1p1brp1/1pbp4/5pP1/1PP2N1P/8/R1BBR2K w - - 2 29,1.0,w
4r1k1/p4bnp/P1p2rp1/2bp4/1p3pP1/1PP2N1P/4B1K1/R1B1R3 w - - 0 31,1.0,w
4r1k1/p4bnp/P1p1r1p1/2bp4/5pP1/1PB2N1P/4B1K1/R3R3 w - - 1 33,1.0,w
6k1/p4bBp/P1p3p1/2bp4/5pP1/1P3N1P/4r1K1/R7 w - - 0 35,1.0,w
8/p4bkp/P1p3p1/2bp4/5pP1/1P3N1P/1r6/4R2K w - - 2 37,1.0,w
8/p4bkp/P1p3p1/2Rp4/5pP1/5r1P/8/7K w - - 0 39,1.0,w
8/p4bkp/P1R3p1/3p4/5pP1/7K/8/8 b - - 0 41,1.0,b
8/p1R2bkp/P5p1/3p4/5pP1/7K/8/8 b - - 4 43,1.0,b
8/5R2/P4kp1/3p3p/5pP1/7K/8/8 b - - 0 45,1.0,b
8/PR6/4k1p1/7p/3p1pP1/7K/8/8 b - - 1 47,1.0,b
8/PR6/4k1p1/8/3p4/5K2/8/8 b - - 0 49,1.0,b
Q7/3R4/6p1/3k4/8/3p1K2/8/8 b - - 1 51,1.0,b
2Q5/8/3R2p1/1k6/8/3p1K2/8/8 b - - 5 53,1.0,b
2Q5/8/8/1k6/6K1/3R4/8/8 b - - 0 55,1.0,b
2Q5/8/8/1k6/6K1/8/8/7R b - - 4 57,1.0,b
8/8/Q7/8/k5K1/8/8/1R6 b - - 8 59,1.0,b
r1bq1rk1/ppnn1ppp/8/2b1p3/2P5/2N3Q1/PP3PPP/R1B1RBK1 w - - 0 13,0.0,w
r1bq1rk1/ppnn1ppp/8/4p3/2P4b/2NBB1Q1/PP3PPP/R3R1K1 w - - 4 15,0.0,w
r1br2k1/Bpnn1ppp/8/4p3/2P4q/2NB4/PP3PPP/R3R1K1 w - - 1 17,0.0,w
2br2k1/rpNn1p1p/6p1/4p3/2P4q/3B4/PP3PPP/R3R1K1 w - - 0 19,0.0,w
r1br2k1/1p1n1p1p/6p1/1N2p3/1PP4q/3B4/P4PPP/R3R1K1 w - - 1 21,0.0,w
2br2k1/1pN2p1p/1n4p1/4p3/1PP4q/r2BR3/P4PPP/R5K1 w - - 5 23,0.0,w
2br2k1/1pN1qp1p/1n4p1/4p3/1PP5/3B1R2/r4PPP/4R1K1 w - - 2 25,0.0,w
2br2k1/1p3p1p/6p1/3Pp3/1q6/3B1R2/r4PPP/4R1K1 w - - 0 27,0.0,w
2b3k1/1p3p1p/6p1/3rp3/1q6/3B1R2/4RPPP/r4K2 w - - 2 29,0.0,w
2b3k1/1p3p1p/6p1/3rp3/1q6/5R2/5PPP/4rK2 w - - 0 31,0.0,w
r2qkb1r/pp1n1ppp/2p1bn2/3pp3/4P3/1B1P1P2/PPP1Q1PP/RNB2RK1 w kq - 3 8,1.0,w
r2qkb1r/pp1n1ppp/2p2n2/4p3/8/1b1PBP2/PPP1Q1PP/RN3RK1 w kq - 0 10,1.0,w
r2qkb1r/Bp1n1ppp/2p2n2/4p3/8/1P1P1P2/1PP1Q1PP/RN3RK1 w - - 1 12,1.0,w
3qk2r/Rp1n1ppp/2p2n2/2b1p3/8/1P1P1P2/1PPNQ1PP/5RK1 w - - 1 14,1.0,w
3q1k1r/bp1n1ppp/2p2n2/4p3/8/1P1P1P2/1PPNQ1PP/4R2K w - - 2 16,1.0,w
1q5r/bp1nkppp/2p2n2/4p3/8/1PPP1P2/1P1NQ1PP/R6K w - - 3 18,1.0,w
1q1r4/bp1nkppp/2p2n2/4p3/2N5/1PPP1PP1/1P2Q2P/R6K w - - 1 20,1.0,w
1q1r4/bp2kppp/2p2n2/2n5/2N1P3/1PPP2P1/1P2Q1KP/R7 w - - 1 22,1.0,w
1q1r2n1/bp2k1pp/2p1p3/2n5/2N5/1PPP2P1/1P2Q1KP/R7 w - - 0 24,1.0,w
1q4n1/bp2k1pp/2p1p3/2n5/2N5/1PPr2P1/1P2Q1KP/4R3 w - - 0 26,1.0,w
1q6/bp1rk1pp/2p1pn2/2P5/2N5/2P3P1/1P2Q1KP/4R3 w - - 1 28,1.0,w
3k4/bp1r2pp/2p2n2/2P1q3/2N5/2P3P1/1P4KP/4R3 w - - 0 30,1.0,w
3k4/bp1r2pp/2p5/N1P1R3/8/2n3P1/1P4KP/8 w - - 0 32,1.0,w
1b1k4/1p4pp/2p5/N1P1R3/8/2P3P1/3r3P/5K2 w - - 3 34,1.0,w
1b1k4/1p1r2pp/2p5/N1P5/8/2P3P1/4RK1P/8 w - - 7 36,1.0,w
8/bpkr2pp/2p5/N1P5/8/2P3P1/1R4KP/8 w - - 11 38,1.0,w
1r2r1k1/1ppq1pb1/3pbnpp/pPn1p3/P7/R2PP1P1/1BPN1PBP/Q3R1K1 w - - 3 15,1.0,w
1r4k1/1ppqrpb1/3p1npp/pPn1pb2/P7/R1BPPNP1/2P2PBP/Q3R1K1 w - - 7 17,1.0,w
1r4k1/1ppqrpb1/3p2pp/pPn1pb2/P7/R1nPPNP1/Q1P1RPBP/6K1 w - - 0 19,1.0,w
1r4k1/1ppqrpb1/3pb1pp/pPn5/P3p3/Q1RPPNP1/2P1RPBP/6K1 w - - 0 21,1.0,w
1r4k1/1ppqrpb1/3p2pp/pPn5/P2N2b1/Q1RPP1P1/4RPBP/6K1 w - - 1 23,1.0,w
1r4k1/1ppq1p2/3p2pp/pPn5/P2P2b1/Q1RP2P1/2R2PBP/4r1K1 w - - 1 25,1.0,w
1r4k1/1ppq1p2/3p2pp/pP6/Q2P4/2RP2Pb/2R2P1P/4rBK1 w - - 1 27,1.0,w
1r4k1/1ppq1p2/3p2pp/pP6/Q2P4/3P2P1/5P1P/2R2bK1 w - - 0 29,1.0,w
1rq3k1/1pp2p2/3p2pp/pP6/Q2P4/3P2P1/5P1P/2R3K1 w - - 3 31,1.0,w
1r4k1/1pq2p2/6pp/1P1p4/3P4/3P2P1/5P1P/2R3K1 w - - 0 33,1.0,w
1r6/2R2pk1/1p4pp/1P1p4/3P4/3P2P1/5PKP/8 w - - 0 35,1.0,w
1r6/5pk1/1p4pp/1P1p4/3P4/3P2P1/5PKP/2R5 w - - 4 37,1.0,w
8/5pk1/1p4pp/1P1p4/3P4/r2P1KP1/5P1P/4R3 w - - 8 39,1.0,w
8/5pk1/1p4pp/1r1p4/3P1K2/3PR1P1/5P1P/8 w - - 0 41,1.0,w
8/5pk1/1p6/1r1pK1pp/3P4/3P2P1/4RP1P/8 w - - 0 43,1.0,w
8/5pk1/1p6/1r1pK3/3P2pp/3P2P1/5P1P/5R2 w - - 0 45,1.0,w
8/5pk1/1p6/3pK3/3P3P/3P2P1/1r5P/5R2 w - - 1 47,1.0,w
8/5pk1/1p6/3K4/3P3P/3r2P1/7P/7R w - - 0 49,1.0,w
8/5pk1/1p6/rK6/3P3P/6P1/7P/7R w - - 4 51,1.0,w
8/5p2/1K4k1/3r4/3P3P/6P1/7P/3R4 w - - 3 53,1.0,w
8/5p2/r1K3k1/8/3P3P/6P1/7P/5R2 w - - 7 55,1.0,w
8/5p2/8/1K5k/3P4/6P1/r6P/5R2 w - - 0 57,1.0,w
8/8/6k1/1K6/3P1R2/6P1/7r/8 w - - 0 59,1.0,w
8/8/4k3/1K6/3P1R2/6P1/7r/8 w - - 4 61,1.0,w
6r1/8/4k3/8/2KPR3/6P1/8/8 b - - 8 63,1.0,b
8/8/8/5k2/2KP4/6R1/8/8 b - - 0 65,1.0,b
8/8/8/3P4/2K5/4k3/8/6R1 b - - 0 67,1.0,b
6R1/8/3P4/8/2K5/4k3/8/8 b - - 0 69,1.0,b
3Q2R1/8/8/8/2K2k2/8/8/8 b - - 0 71,1.0,b
6R1/8/3Q4/5k2/2K5/8/8/8 b - - 4 73,1.0,b
5R2/8/8/8/2K5/3Qk3/8/8 b - - 8 75,1.0,b
4rrk1/1pb1qpp1/p1p2nbp/P1Pp4/1P1BnP2/3BPR2/1Q4PP/RN4K1 w - - 0 18,1.0,w
4rrk1/1pb2pp1/p1p2nbp/P1Pp4/1P1BnPq1/2NBPR2/6PP/R1Q3K1 w - - 4 20,1.0,w
4rr1k/1pb2pp1/p1p3bp/P1Pp4/1P1BNPq1/4PR2/6PP/R1Q3K1 w - - 1 22,1.0,w
4r2k/1pbq1pp1/p1p3bp/P1Pp4/1P1B1P2/4PR2/6PP/R1Q3K1 w - - 0 24,1.0,w
2q1r2k/1pb3p1/p1p3pp/P1Pp4/1P1B1P2/4P3/6PP/R1Q3K1 w - - 0 26,1.0,w
4r2k/1pbq2p1/p1p3pp/P1Pp4/1P1B1P2/4P3/2Q2KPP/R7 w - - 4 28,1.0,w
4r3/1pbq1kp1/p1p4p/P1Pp4/1P1B1P2/4P3/5KPP/RQ6 w - - 3 30,1.0,w
8/1pbqr1Q1/p1p1k2p/P1Pp4/1P1B1P2/4P3/5KPP/R7 w - - 1 32,1.0,w
5rk1/pp1b3p/2pb2p1/P2p4/6P1/1NPnB3/1P2B3/R5K1 b - - 11 33,1.0,b
6k1/pp1b3p/P1pb2p1/3p4/6P1/1NPBr3/1P6/R5K1 b - - 0 35,1.0,b
6k1/RP5p/2pb2p1/3p4/6b1/1NPr4/1P6/6K1 b - - 0 37,1.0,b
6k1/RP5p/2pb2p1/3p4/6b1/1NP2r2/1P6/6K1 b - - 4 39,1.0,b
6k1/RP5p/2pb2p1/3p4/6b1/1NP5/5K2/8 b - - 0 41,1.0,b
1R6/1P3k1p/2p3p1/3p4/6b1/1NP5/5K2/8 w - - 1 44,1.0,w
3R4/1P3k1p/6p1/2p5/3N2b1/2P5/5K2/8 w - - 0 46,1.0,w
1Q6/5k1p/6p1/5b2/3R4/2P5/5K2/8 w - - 1 48,1.0,w
8/3Q3p/5kp1/8/3R4/2P5/5K2/8 w - - 1 50,1.0,w
8/7p/3Q2p1/3R4/6k1/2P5/5K2/8 w - - 5 52,1.0,w
1r1qr1k1/2p2pb1/1p1pb1pp/pPn1p3/P1P1P1N1/R2P2P1/1B3PBP/Q1R3K1 b - - 0 20,0.0,b
1r2r1k1/2p2pb1/1p1p1qpp/pPn1p3/P1P1P1b1/R2P1PP1/1BR3BP/Q5K1 b - - 0 22,0.0,b
1r2r1k1/2p2pb1/1p1pbqp1/pPn1p2p/P1P1P3/R2P1PP1/1BR3BP/4Q1K1 b - - 1 24,0.0,b
4r1k1/2p1rpb1/1p1pbqp1/pPn1p2p/P1P1PP2/R2P2P1/1B2R1BP/4Q1K1 b - - 0 26,0.0,b
3r2k1/2p1rp2/1p1pbqpb/pPn1p2p/P1PPPP2/R4BP1/1B2R2P/4Q1K1 b - - 0 28,0.0,b
3r2k1/2pnrp2/1p1p1qpb/pP1PP2p/P1P1P3/R4BPb/1B2R2P/4Q1K1 b - - 0 30,0.0,b
3r2kq/2pnrp2/1p1P2pb/pP2p2p/P1P1P3/R4BPb/1B3R1P/4Q1K1 b - - 0 32,0.0,b
3r2kq/3nrp2/1p1p2pb/pP2p3/P1P1P2p/5BPb/1B3R1P/3RQ1K1 b - - 1 34,0.0,b
3r2kq/3nrp2/1p1Rb1pb/pP2p3/P1P1P3/5BP1/1B3R2/4Q1K1 b - - 0 36,0.0,b
3r2kq/3nrp2/1p1R2pb/pP2p3/P3P3/1b4P1/1B5R/3BQ1K1 b - - 3 38,0.0,b
3r2k1/3nrpq1/1p1R2pb/pP2p3/P1b1P3/2Q2BP1/1B5R/6K1 b - - 7 40,0.0,b
3r2k1/3nrpq1/1p1Rb1p1/pP2p1b1/P3P3/5BP1/1B6/4Q1KR b - - 11 42,0.0,b
3rq1k1/3nrp2/1p1Rb1p1/pP2p1b1/P3P3/5BP1/1B3K2/3Q3R b - - 15 44,0.0,b
4q1k1/3nrp2/1pP1b1p1/p3p1b1/P3P3/5BP1/1B3K2/3Q3R b - - 0 46,0.0,b
4q1k1/4rp2/1pP1b1p1/p3p1b1/P3P1B1/6P1/5K2/2BQ3R b - - 0 48,0.0,b
4q1k1/4rp2/1pP3p1/p3p3/P3P1Q1/6P1/5K2/2R5 b - - 0 50,0.0,b
4q1k1/6r1/1pP2Pp1/p3p3/P5Q1/6P1/5K2/2R5 b - - 0 52,0.0,b
4q1k1/8/1pR2Pp1/p3p1Q1/P7/6P1/5K2/8 b - - 0 54,0.0,b
8/5kQ1/1pq2Pp1/p3p3/P7/6P1/5K2/8 b - - 3 56,0.0,b
8/5P2/1p2k1Q1/p3p3/q7/6P1/5K2/8 b - - 0 58,0.0,b
8/4kP2/1p6/p3pQ2/8/4K1P1/q7/8 w - - 4 61,0.0,w
8/5k2/1p6/p3p3/8/5KP1/2q5/8 w - - 0 63,0.0,w
8/5k2/1p6/4p1P1/8/p4K2/2q5/8 w - - 0 65,0.0,w
8/5k2/1p6/4p1P1/q7/5K2/p7/8 w - - 0 67,0.0,w
8/8/1p4k1/4p3/3q4/8/p4K2/8 w - - 2 69,0.0,w
8/8/1p4k1/4p3/8/3q3K/p7/8 w - - 6 71,0.0,w
8/8/1p4k1/4p3/q6K/3q4/8/8 w - - 2 73,0.0,w
r3rnk1/pp1bbp1p/2p2Pp1/3pP2n/8/2P5/PPBN2PP/R1B2R1K b - - 0 18,0.0,b
r4nk1/pp1b1p1p/2p2Pp1/2bpr2n/8/1NP5/PP4PP/R1BB1R1K b - - 1 20,0.0,b
r4nk1/pp1b1p1p/2p2Pp1/3p3B/8/1NP1r3/PP4PP/R4R1K b - - 0 22,0.0,b
r4nk1/pN1b1p1p/2p2P2/3p3p/8/2P5/PP2r1PP/R4R1K b - - 0 24,0.0,b
r4nk1/p2b1p1p/2p2P2/2N4p/3P4/8/Pr4PP/R4R1K b - - 1 26,0.0,b
r2r1nk1/p2b1p1p/2p2P2/2N4p/3P4/8/P5PP/4RRK1 b - - 5 28,0.0,b
r5k1/p2r1p1p/2p2Pn1/7p/3P4/8/P5PP/2R2RK1 b - - 1 30,0.0,b
3r2k1/p4p1p/5Pn1/7p/3r4/8/P1R3PP/5RK1 b - - 1 32,0.0,b
3r1k2/p4p1p/3r1Pn1/7p/8/6PP/P1R5/5RK1 b - - 0 34,0.0,b
3r1k2/p4p1p/3r1P2/8/7n/P6P/2R5/5RK1 b - - 0 36,0.0,b
3r1k2/p4p1p/r4Pn1/8/5R2/P6P/3R4/6K1 b - - 4 38,0.0,b
5k2/p4p1p/5Pn1/8/8/r6P/3r1R2/6K1 b - - 1 40,0.0,b
5k2/p4p1p/5Pn1/8/8/7r/6K1/8 b - - 1 42,0.0,b
5k2/p4p1p/5P2/8/5n2/8/8/3r1K2 w - - 5 45,0.0,w
5k2/p4p1p/5P2/8/5n2/5r2/8/6K1 w - - 9 47,0.0,w
8/p2k1p1p/5P2/8/5n2/5r2/8/6K1 w - - 13 49,0.0,w
4k3/p4p1p/5P2/8/5n2/5r2/8/7K b - - 17 51,0.0,b
4k3/5p1p/p4P2/8/5n2/5r2/8/6K1 w - - 0 54,0.0,w
4k3/5p1p/5P2/8/p4n2/5r2/8/6K1 b - - 1 56,0.0,b
4k3/5p2/5P2/7p/5n2/p4r2/7K/8 b - - 1 58,0.0,b
4k3/5p2/5P2/8/5n1p/5r2/8/q5K1 w - - 0 61,0.0,w
5rk1/pp1b3p/P1pbn1p1/3p4/6P1/1NP5/1P4K1/R1BB4 b - - 0 29,0.5,b
5rk1/p2b3p/Pppb2p1/3p4/5nP1/1NP1B3/1P6/R2B2K1 b - - 3 31,0.5,b
5r2/p2bk2p/Pppb2p1/3p4/5nP1/1NP1BB2/1P6/3R2K1 b - - 7 33,0.5,b
8/P2bk2p/1ppb1rp1/3p4/5nP1/1NP2B2/1P6/3R2K1 b - - 0 35,0.5,b
8/P2bk2p/1ppb1rp1/3p4/5nP1/1NP2B2/1P6/3R2K1 b - - 4 37,0.5,b
8/P2bk2p/1ppb1rp1/3p4/5nP1/1NP2B2/1P6/3R2K1 b - - 8 39,0.5,b
r3rnk1/pp2bppp/2p1b3/3pP2n/5P2/2P5/PPBN2PP/R1B2R1K b - - 0 16,0.0,b
r3r1k1/pp1nbppp/2p5/3pPR1n/8/2P5/PPBN2PP/R1B4K b - - 0 18,0.0,b
r3r1k1/pp2bp1p/2p3p1/3pn2n/8/2P5/PPBN2PP/R1B1R2K b - - 1 20,0.0,b
r5k1/pp3p1p/2p3p1/3pr2n/7b/2P2N2/PPB3PP/R1B4K b - - 1 22,0.0,b
r2br1k1/pp3p1p/2p3p1/3p3n/8/2P2N2/PPB3PP/R1B2K2 b - - 5 24,0.0,b
2rbr3/pp3pkp/2p3p1/3p3n/8/2PB1N2/PP4PP/1RB2K2 b - - 9 26,0.0,b
2r1r3/pp3pkp/2p2np1/b2pB3/8/2PB1N2/PP4PP/1R3K2 b - - 13 28,0.0,b
2r1r3/pp3pkp/1bp2np1/4B3/3P4/3B1N2/PP4PP/4RK2 b - - 0 30,0.0,b
2r1r3/pp3pkp/1bp2np1/4B3/3P4/3B1N2/PP4PP/4RK2 b - - 4 32,0.0,b
2r5/pp3pkp/1bp2np1/4P3/2B5/5N2/PP4PP/4RK2 b - - 0 34,0.0,b
2r5/pp3pkp/1bp3p1/4P3/8/1B2RN2/PP4PP/5K2 b - - 0 36,0.0,b
2r5/pp4kp/2p1B1p1/8/8/4bN2/PP4PP/5K2 b - - 0 38,0.0,b
3r4/pp4kp/2B3p1/8/8/4bN2/PP4PP/5K2 b - - 0 40,0.0,b
1r6/p5kp/2N3p1/8/8/4b3/PP4PP/5K2 b - - 0 42,0.0,b
8/p5kp/2N3p1/8/P7/4b3/5rPP/4K3 b - - 2 44,0.0,b
8/p5kp/2N3p1/8/P7/4b2P/7r/5K2 b - - 2 46,0.0,b
8/p2N2kp/6p1/2b5/P7/7r/8/5K2 b - - 1 48,0.0,b
8/p5kp/N5p1/8/P2b4/2r5/8/5K2 b - - 5 50,0.0,b
8/p5kp/N5p1/8/P2b4/4r3/3K4/8 b - - 9 52,0.0,b
8/p5kp/6p1/8/PN6/r7/3b4/8 w - - 0 55,0.0,w
8/p5kp/6p1/8/P7/r7/8/b7 w - - 0 57,0.0,w
4r1k1/pp2b1np/2p1b1p1/P2p4/6P1/2P5/1P1N4/R1BB1r1K w - - 0 26,0.0,w
4r1k1/p3b1np/p1p1b1p1/8/3p2P1/2P5/1P6/R1BB1N1K w - - 0 28,0.0,w
4r1k1/p5np/p1p2bp1/3b4/3P2P1/8/1P6/R1BB1NK1 w - - 3 30,0.0,w
5rk1/p5np/p1p3p1/3b4/3b2P1/4N3/1P3K2/R1BB4 w - - 2 32,0.0,w
6k1/p5np/p1p3p1/3b4/3b2P1/3Kr3/1P6/R1BB4 w - - 0 34,0.0,w
8/p4knp/R1p3p1/3b4/6P1/3KB3/1b6/3B4 w - - 1 36,0.0,w
8/R5np/2p1k1p1/3b4/6P1/3KB3/1bB5/8 w - - 3 38,0.0,w
8/3k2np/R1p3p1/8/B5P1/3KBb2/1b6/8 w - - 7 40,0.0,w
1k6/R5np/2p3p1/6P1/B7/3KBb2/1b6/8 w - - 1 42,0.0,w
8/1k5p/2p3p1/R4nP1/B7/4Bb2/1bK5/8 w - - 5 44,0.0,w
2k5/R6p/2p3p1/6P1/B7/4nb2/1K6/8 w - - 0 46,0.0,w
2k5/4R3/2p3p1/3b2P1/B1n5/8/1K6/8 w - - 3 48,0.0,w
3k4/8/2pn2p1/3b2P1/B7/2K5/4R3/8 w - - 7 50,0.0,w
3k4/8/2p3p1/3b2P1/3n4/8/2BKR3/8 w - - 11 52,0.0,w
8/4k3/2p3B1/3b2P1/8/8/4K3/8 w - - 1 54,0.0,w
8/8/4k3/2pb2P1/8/4K3/2B5/8 w - - 0 56,0.0,w
8/1b3kP1/8/2p5/8/4K3/2B5/8 w - - 1 58,0.0,w
8/5kPb/8/2p5/5K2/8/8/8 b - - 2 60,0.0,b
6k1/7b/8/8/2p5/4K3/8/8 b - - 1 62,0.0,b
6k1/7b/8/4K3/8/8/2p5/8 b - - 1 64,0.0,b
6k1/7b/8/4K3/2q5/8/8/8 b - - 3 66,0.0,b
8/3K3b/5k2/8/2q5/8/8/8 b - - 7 68,0.0,b
2r5/pp3pkp/5p2/3P4/1P2n3/P2B4/2R2PPP/6K1 b - - 0 26,0.0,b
8/pp3pkp/8/1P1P1p2/4n3/P7/2B2PPP/6K1 b - - 0 28,0.0,b
8/pp3p1p/1P1n1k2/3P1p2/8/P2B4/5PPP/6K1 b - - 0 30,0.0,b
8/1p3p1p/1p1n4/3Pkp2/8/P2B4/5PPP/4K3 b - - 3 32,0.0,b
8/1p3p1p/1p6/3k1p2/4B3/P7/5PPP/3K4 b - - 0 34,0.0,b
8/1p3p1p/1p6/8/3kp3/P7/4KPPP/8 b - - 3 36,0.0,b
8/1p3p1p/1p6/8/P7/2k1P3/4K1PP/8 b - - 0 38,0.0,b
8/1p3p1p/1p6/8/k2K4/4P3/6PP/8 b - - 1 40,0.0,b
8/1p3p1p/1p6/4K3/1k6/4P1P1/7P/8 b - - 2 42,0.0,b
8/1p3K1p/8/1p6/2k5/4P1P1/7P/8 b - - 0 44,0.0,b
8/7K/1p6/8/1pk5/4P1P1/7P/8 b - - 0 46,0.0,b
8/8/1p3K2/8/2k5/4P1P1/1p5P/8 b - - 1 48,0.0,b
3K4/7q/1p6/8/2k5/4P1P1/7P/8 b - - 3 50,0.0,b
8/3K4/1p6/4q3/2k3P1/4P3/8/8 b - - 2 52,0.0,b
8/1K6/8/1p6/2k3P1/4q3/8/8 b - - 1 54,0.0,b
8/2K5/8/8/2k3P1/4q3/1p6/8 w - - 0 57,0.0,w
8/3K4/8/8/2k3P1/4q3/8/4q3 w - - 2 59,0.0,w
8/8/2K5/8/1qk3P1/8/8/2q5 w - - 6 61,0.0,w
8/8/4K1q1/8/1qk3P1/8/8/8 w - - 10 63,0.0,w
8/8/4K1q1/8/1qk3P1/8/8/8 w - - 14 65,0.0,w
3r2k1/pb3ppp/1p3n2/8/1PBqPQ1n/6NP/3r1PP1/2R1R1K1 b - - 4 31,1.0,b
3r1k2/pb3ppp/1p3nn1/8/1P1qP3/5QNP/3rBPP1/2R1R1K1 b - - 8 33,1.0,b
3r1k2/pb3ppp/1p3nn1/8/2B1P3/5QNP/3r1PP1/4R1K1 b - - 0 35,1.0,b
3r2k1/Qb3ppp/1p3n2/4n3/2B1P3/6NP/3r1PP1/4R1K1 b - - 0 37,1.0,b
3r3k/3Q1ppp/1p3n2/4n3/2B1P3/6NP/5PP1/4R1K1 b - - 0 39,1.0,b
7k/2r2ppp/1p3n2/4n3/4P3/6NP/4BPP1/3R2K1 b - - 3 41,1.0,b
7k/3n1ppp/1p6/4nN2/4P3/7P/4BPP1/6K1 b - - 1 43,1.0,b
7k/5ppp/1p6/3Nn3/4n3/7P/4BPP1/6K1 b - - 1 45,1.0,b
7k/3n1ppp/1p3N2/8/8/3B3P/5PP1/6K1 b - - 0 47,1.0,b
6k1/5ppp/1p3n2/8/2B5/7P/5PPK/8 b - - 3 49,1.0,b
5k2/5ppp/1p6/8/2B1nK2/7P/5PP1/8 b - - 7 51,1.0,b
5k2/5ppp/1p6/8/2B5/5K1P/8/8 b - - 0 53,1.0,b
8/4kpp1/1p5p/3B4/8/7P/4K3/8 b - - 3 55,1.0,b
8/6p1/1p1k1p1p/8/8/7P/B4K2/8 b - - 3 57,1.0,b
8/6p1/1pk2p1p/8/4K3/7P/B7/8 b - - 7 59,1.0,b
8/6p1/1p2kp1p/8/4K3/7P/B7/8 b - - 11 61,1.0,b
8/4k1p1/1p3pK1/7p/8/7P/B7/8 b - - 1 63,1.0,b
8/4k1p1/1p3pK1/8/8/7P/B7/8 b - - 2 65,1.0,b
8/4k1p1/1p3pK1/8/8/3B3P/8/8 b - - 6 67,1.0,b
8/4k3/1p3pK1/8/8/3B3P/8/8 b - - 2 69,1.0,b
8/8/1p3pK1/4k3/7P/8/8/1B6 b - - 0 71,1.0,b
8/8/1p3pKP/8/8/4k3/8/1B6 b - - 0 73,1.0,b
7Q/8/1p3pK1/8/8/8/8/1B1k4 b - - 0 75,1.0,b
8/8/1p3QK1/8/8/8/B1k5/8 b - - 0 77,1.0,b
8/8/6K1/2Q5/4k3/8/B7/8 b - - 2 79,1.0,b
8/8/6K1/3B4/3Q4/8/4k3/8 b - - 6 81,1.0,b
8/8/6K1/8/8/1B2Q3/8/3k4 b - - 10 83,1.0,b
8/p4pk1/1p1n1p1p/6PP/PP1K1P2/3B4/8/8 w - - 0 40,0.0,w
4n3/p4p2/1p3p1k/7P/PP1K1P2/8/4B3/8 w - - 2 42,0.0,w
8/p4p1k/1p1n1p2/7P/PP1K1P2/8/4B3/8 w - - 6 44,0.0,w
8/p4p1k/1p3p2/P6P/1P1n1P2/8/8/5B2 b - - 0 46,0.0,b
8/p4p1k/8/P4p1P/3n1P2/8/4B3/8 b - - 1 48,0.0,b
8/p6k/P4p1P/5p2/5P2/8/4n3/8 b - - 0 50,0.0,b
7R/p7/P4pk1/5p2/5n2/8/8/8 b - - 0 52,0.0,b
8/p7/P3npk1/8/5p2/8/8/7R b - - 1 54,0.0,b
8/p7/P3n3/5pk1/5p2/8/8/1R6 b - - 1 56,0.0,b
8/p5n1/P7/5p2/5pk1/8/8/1R6 b - - 5 58,0.0,b
8/p5n1/P7/5p2/6k1/8/5p2/1R6 b - - 1 60,0.0,b
8/p5n1/P7/8/6k1/5p2/5p2/1R6 b - - 1 62,0.0,b
8/p7/P3n3/8/6k1/5p2/8/5R2 b - - 0 64,0.0,b
8/p7/P3n3/8/8/8/6k1/5R2 b - - 2 66,0.0,b
8/p7/P3R3/8/8/8/6k1/8 b - - 0 68,0.0,b
8/p7/P7/8/8/4R3/5k2/8 b - - 4 70,0.0,b
r1bq1rk1/ppn2ppp/4pB2/8/2Pb4/2N3Q1/PP3PPP/R3RBK1 b - - 0 14,1.0,b
r1bq1rk1/ppn2ppp/4p3/8/2P5/2P3Q1/P3BPPP/R3R1K1 b - - 0 16,1.0,b
r1b1r1k1/ppn1qppp/4p3/8/2P5/2P2BQ1/P4PPP/1R2R1K1 b - - 4 18,1.0,b
1rB1r1k1/p1n2ppp/4p3/2q5/2P5/2P3Q1/P4PPP/1R2R1K1 b - - 0 20,1.0,b
2r1r1k1/p1n1qppp/4p3/8/2P5/2P3Q1/P2R1PPP/4R1K1 b - - 3 22,1.0,b
2r1r1k1/p1n1qpp1/2P4p/4p3/8/2P3Q1/P2R1PPP/4R1K1 b - - 0 24,1.0,b
2r1r1k1/p1R2pp1/2P2q2/4p2p/8/2P3Q1/P4PPP/4R1K1 b - - 0 26,1.0,b
4r1k1/p1r2pp1/2P5/4p2p/8/2P2P2/P4P1P/4R1K1 b - - 0 28,1.0,b
4r3/p4ppk/2r5/4p2p/8/2P1RP2/P4PKP/8 b - - 3 30,1.0,b
4r3/p4pp1/2r5/4Pk1p/8/2P1R3/P4PKP/8 b - - 0 32,1.0,b
8/p4Rp1/2r5/4r2p/4k3/2P5/P4PKP/8 b - - 0 34,1.0,b
8/R5p1/8/6rp/4k3/2r5/P4P1P/5K2 b - - 0 36,1.0,b
8/5Rp1/8/6rp/5k2/8/P4P1P/5K2 b - - 2 38,1.0,b
8/6R1/8/r6p/6k1/8/P4PKP/8 b - - 0 40,1.0,b
8/6R1/8/5k1p/8/r7/P4PKP/8 b - - 4 42,1.0,b
8/2R5/8/7p/4k3/6K1/r4P1P/8 w - - 3 45,1.0,w
8/8/5k2/7p/8/6K1/R4P1P/8 w - - 1 47,1.0,w
8/6k1/8/R6p/7K/8/5P1P/8 w - - 5 49,1.0,w
8/4k3/R7/7K/8/8/5P1P/8 w - - 1 51,1.0,w
8/8/4k3/6K1/8/8/5P1P/R7 w - - 5 53,1.0,w
8/8/8/3k1K2/8/8/5P1P/4R3 w - - 9 55,1.0,w
8/8/3R4/5K2/8/2k5/5P1P/8 w - - 13 57,1.0,w
8/8/2R5/1k6/4K3/8/5P1P/8 w - - 17 59,1.0,w
8/8/8/3K4/8/1k6/5P1P/2R5 w - - 21 61,1.0,w
8/2R5/8/8/2K5/8/2k2P1P/8 w - - 25 63,1.0,w
8/4R3/8/8/2K5/5P2/2k4P/8 w - - 1 65,1.0,w
8/3R4/8/8/2K5/5P1P/2k5/8 w - - 1 67,1.0,w
8/4R3/8/8/2K5/5P1P/8/2k5 w - - 5 69,1.0,w
8/3R4/8/8/8/1K3P1P/8/2k5 w - - 9 71,1.0,w
8/3R4/8/8/5P2/2K4P/k7/8 w - - 1 73,1.0,w
r1bq1rk1/ppnnbppp/2p1p3/8/2PP4/2NB4/PP3PPP/R1BQR1K1 b - - 4 10,0.5,b
r1bqr1k1/ppnnbp1p/2p1p3/6p1/2PP4/2NBB3/PP3PPP/R2QR1K1 b - - 1 12,0.5,b
r1bqr3/ppnn1pkp/2p1p3/6pQ/1bPP4/2NBB1P1/PP3P1P/R3R1K1 b - - 2 14,0.5,b
r1b1rk2/ppnn1p1Q/2p1pq2/6p1/1bPPB3/2N1B1P1/PP3P1P/R3R1K1 b - - 2 16,0.5,b
r1b1r3/ppnnkp2/2p1pq2/6p1/2PPB3/2P1B1PQ/P4P1P/R3R1K1 b - - 2 18,0.5,b
r1b4r/ppn1kp2/2p1pq2/2P3p1/2P1B3/2P1B1P1/P4P1P/R3RQK1 b - - 2 20,0.5,b
r1b4r/ppn1kp2/2p1p3/2P3p1/2P1B3/3Q2P1/P2q1P1P/R3R1K1 b - - 1 22,0.5,b
r1b4r/pp2kp2/n1p1p3/2P3p1/2P5/6P1/P1B2P1P/R3R1K1 b - - 2 24,0.5,b
r1b4r/pp3p2/2p1pk2/2n3p1/2P5/6P1/P1B2PKP/3RR3 b - - 3 26,0.5,b
r6r/pp1b1pk1/2pRp3/2n1R1p1/2P5/6P1/P1B2PKP/8 b - - 7 28,0.5,b
r2r4/pp1b1pk1/2p1p3/2R5/2PR2p1/6P1/P1B2PKP/8 b - - 2 30,0.5,b
r2r4/pp1b1p2/2p4k/2R1p3/2P1R3/6P1/P1B2PKP/8 b - - 1 32,0.5,b
r2r4/pp1bRp2/2p2k2/8/2P1R3/6P1/P1B2PKP/8 b - - 2 34,0.5,b
r2r4/pp1bRp2/2p2k2/8/B1P5/6P1/P4PKP/4R3 b - - 6 36,0.5,b
1r1r4/pp3p2/2p1Rk2/8/B1P5/6P1/P4PKP/4R3 b - - 0 38,0.5,b
1r6/pp6/2p1pk2/8/B1P5/3rRKP1/P4P1P/8 b - - 3 40,0.5,b
7r/pp6/2B1pk2/8/2P5/4K1P1/P4P1P/8 b - - 0 42,0.5,b
8/p7/4pk2/7r/2P1B3/4K1P1/P4P2/8 b - - 2 44,0.5,b
8/p7/4pk2/8/2P1r3/3K2P1/P4P2/8 b - - 1 46,0.5,b
8/p7/4p3/2P2k2/r7/6P1/P3KP2/8 b - - 2 48,0.5,b
8/p7/4p3/2r2k2/8/5KP1/5P2/8 w - - 0 51,0.5,w
8/p7/4p1k1/5r2/8/6P1/3K1P2/8 w - - 4 53,0.5,w
8/p7/4p1k1/5r2/8/6P1/3K1P2/8 w - - 8 55,0.5,w
5k2/2r2ppp/1p2bn2/pP6/3rP2n/R4PNP/4B1P1/R5K1 w - a6 0 38,1.0,w
8/r3kppp/1p2bn2/8/3rP2n/R4PNP/4B1P1/R5K1 w - - 0 40,1.0,w
8/R2n1ppp/1p1kb3/8/3rP2n/5PNP/4B1P1/1R4K1 w - - 3 42,1.0,w
8/R2n1ppp/1p1k4/8/4PN1n/5P1b/3rB1P1/1R4K1 w - - 0 44,1.0,w
8/R2n1p1p/1p6/4k1p1/5N1n/5P1P/3rB3/1R4K1 w - - 0 46,1.0,w
8/R2n1p1p/1p2k3/5np1/8/3N1P1P/3rBK2/1R6 w - - 4 48,1.0,w
8/3k1p1p/1p6/5np1/8/1R1N1P1P/4rK2/8 w - - 0 50,1.0,w
8/3k1p1p/1p6/6p1/8/1R1NrPnP/8/6K1 w - - 4 52,1.0,w
8/3k1p1p/8/6p1/2p5/4RPnP/8/6K1 w - - 0 54,1.0,w
8/5p1p/4k3/5np1/2p5/2R2P1P/6K1/8 w - - 4 56,1.0,w
8/5p1p/8/3k1n2/4R1p1/5P1P/6K1/8 w - - 2 58,1.0,w
8/4Rp1p/3n4/8/3k2P1/5P2/6K1/8 w - - 3 60,1.0,w
8/5p2/3n3p/4k3/6P1/5P2/6K1/3R4 w - - 2 62,1.0,w
8/5p2/4k2p/8/4nPP1/8/6K1/7R w - - 3 64,1.0,w
8/3k1p2/2R5/8/4nPP1/8/6K1/8 w - - 3 66,1.0,w
3k4/5p2/8/8/4RPP1/8/5K2/8 b - - 2 68,1.0,b
8/5p2/3k4/6P1/4RP2/5K2/8/8 b - - 2 70,1.0,b
8/5p2/2k3P1/5P2/4R3/5K2/8/8 b - - 0 72,1.0,b
8/6P1/8/1k6/4R3/5K2/8/8 b - - 0 74,1.0,b
8/8/2k1Q3/8/4R3/5K2/8/8 b - - 2 76,1.0,b
8/2k5/4Q3/8/4R3/5K2/8/8 b - - 6 78,1.0,b
8/k7/4Q3/8/1R6/5K2/8/8 b - - 10 80,1.0,b
3rr1k1/pb2qppp/1p3n2/1Bp5/7n/PP2P1NP/4QPP1/2R1R1K1 b - - 4 25,1.0,b
3rq1k1/p4ppp/1p3n2/2pb4/7n/PP2P1NP/2Q2PP1/2R1R1K1 b - - 1 27,1.0,b
3rq1k1/p4ppp/1p3n2/8/2P4n/P1Q1P1NP/5Pb1/2R1R1K1 b - - 1 29,1.0,b
3rq1k1/p4ppp/1p3n2/8/2P5/P1Q1PnNK/5P2/2R1R3 b - - 0 31,1.0,b
3r2k1/p4ppp/1p2qn2/8/2P5/P1Q1P1N1/5PK1/4R3 b - - 0 33,1.0,b
3r2k1/p4ppp/2q2n2/1p6/2P5/P1Q1P3/4NP2/4R1K1 b - - 1 35,1.0,b
3r2k1/p4ppp/1Q6/1p6/2P1n3/P3P3/4NP2/4R1K1 b - - 0 37,1.0,b
3r1k2/5ppp/1p6/1P6/4n3/P3P3/4NPK1/4R3 b - - 2 39,1.0,b
3r4/4kp1p/1p4p1/1P6/P3n3/4P3/4NPK1/7R b - - 2 41,1.0,b
3r4/4kp1p/1p4p1/1P1n4/P3P3/8/4NPK1/2R5 b - - 0 43,1.0,b
3r4/4kp1p/6p1/pP6/1n2P3/8/4NPK1/7R b - - 1 45,1.0,b
7r/4kp1p/6p1/1P6/pn2PN2/6K1/5P2/7R b - - 1 47,1.0,b
7r/3k1p1p/1N4p1/1P6/p3P3/6K1/n4P2/7R b - - 5 49,1.0,b
7r/5p1p/1P4p1/4k3/N3P3/6K1/n4P2/7R b - - 0 51,1.0,b
5r2/1P3p1R/6p1/8/N3k3/6K1/n4P2/8 b - - 0 53,1.0,b
7r/1P6/5Rp1/3k4/N7/6K1/n4P2/8 b - - 2 55,1.0,b
7r/1P1N4/5R2/2k3p1/8/6K1/n4P2/8 b - - 3 57,1.0,b
1N6/8/5R2/6p1/2k5/6K1/n4P2/8 b - - 0 59,1.0,b
1N6/8/6R1/6p1/8/1kn3K1/5P2/8 b - - 4 61,1.0,b
8/2N5/6R1/1k4p1/8/2n3K1/5P2/8 b - - 8 63,1.0,b
8/2N5/4R3/6p1/1k6/2n3K1/5P2/8 b - - 12 65,1.0,b
8/2N5/8/1Rk3p1/8/6K1/5P2/8 b - - 0 67,1.0,b
8/2k5/8/3R4/8/6K1/5P2/8 b - - 1 69,1.0,b
8/8/8/1k6/8/6K1/5P2/2R5 b - - 5 71,1.0,b
8/8/8/8/4K3/1k6/5P2/2R5 b - - 9 73,1.0,b
8/8/8/8/3K4/1k6/5P2/2R5 b - - 13 75,1.0,b
8/8/8/8/3K4/2R2P2/8/k7 b - - 0 77,1.0,b
8/8/8/8/8/1KR2P2/8/1k6 b - - 4 79,1.0,b
8/8/8/8/5P2/K1R5/8/1k6 b - - 2 81,1.0,b
r4rk1/1p2ppbp/1qn1bnp1/p1p5/2Pp1P2/Q2P1NPP/PP1BP1B1/3R1R1K b - - 1 14,0.0,b
r3r1k1/1p2ppbp/1q2bnp1/p1p2P2/1nPp4/Q2P1NPP/PP1BP1B1/3R1RK1 b - - 0 16,0.0,b
r3r1k1/1p2ppbp/1q2bn2/p4pB1/1nPp4/Q2P2PP/PP2P1B1/3R1RK1 b - - 1 18,0.0,b
r3r1k1/1pq1ppb1/4bn1p/p4p2/1nPp4/Q2P1RPP/PP2P1B1/2BR2K1 b - - 1 20,0.0,b
r3r1k1/1pq1ppb1/4bn1p/p4p2/Q1Pp4/3PBRPP/PP2P1B1/3R2K1 b - - 0 22,0.0,b
r3r1k1/1pqbppb1/5n1p/p4p2/2P5/3PR1PP/PPQ1P1B1/3R2K1 b - - 2 24,0.0,b
3rr1k1/1q1bppb1/5n1p/p4p2/2P5/3PR1PP/PP2P3/2QR2K1 b - - 1 26,0.0,b
2qrr1k1/4ppb1/2b2n1p/p4p2/2PP4/R5PP/PP2P3/2QR2K1 b - - 2 28,0.0,b
1q1rr1k1/4ppb1/5n1p/p2P1p2/8/R5PP/PP2P3/2QR2K1 b - - 0 30,0.0,b
2r1r1k1/4ppb1/1q3n1p/p2P1p2/8/R3P1PP/PP6/1Q1R2K1 b - - 0 32,0.0,b
2r1r1k1/4ppb1/3q3p/p2P1p2/4n3/R3PKPP/PP6/1Q1R4 b - - 4 34,0.0,b
2r1r1k1/4ppb1/7p/p2P1p2/4n3/R2KP2P/PP3q2/1Q1R4 b - - 3 36,0.0,b
2r1r1k1/4ppb1/7p/p1nP1p2/2K5/3RP2P/PP2q3/1Q1R4 b - - 7 38,0.0,b
1r2r1k1/4ppb1/7p/K2P1p2/8/3nP2P/PP2q3/1Q1R4 b - - 0 40,0.0,b
5rk1/1pb2pp1/p1p1r3/P1Pp1bNn/1P1BnPq1/3BP3/6RP/3Q1RK1 b - - 0 27,0.0,b
5rk1/1pb2pp1/p1p3r1/P1Pp1b1n/1P1BNP2/3BP3/6RP/3R2K1 b - - 0 29,0.0,b
5rk1/1pb2pp1/p1p5/P1P2b1n/1PBBpP2/4P3/6KP/3R4 b - - 1 31,0.0,b
5r2/1pb3pk/p1p2p2/P1P2b1n/1PBBpP2/4P3/6KP/3R4 b - - 1 33,0.0,b
3r4/1pb3pk/p1p2p2/P1P4n/1PBBpPb1/4P3/5K1P/6R1 b - - 5 35,0.0,b
8/1pb3pk/B1p2p2/P1P2b1n/1P1PpP2/8/5K1P/6R1 b - - 0 37,0.0,b
8/2b3pk/p1pP1p2/P1P2b2/1P2pn2/8/5K1P/6R1 b - - 0 39,0.0,b
8/2P3pk/p1p2p2/P1P2b2/1P2p3/8/6KP/6n1 b - - 0 41,0.0,b
8/2P3p1/p1p2pk1/P1P2b2/1P2p3/5n2/6KP/8 b - - 4 43,0.0,b
2b5/6p1/p1p2pk1/P1P5/1P1np3/8/5K1P/8 b - - 1 45,0.0,b
2b5/6p1/p1p3k1/PPP5/3n1p2/4p3/5K1P/8 w - - 0 48,0.0,w
2b5/6p1/p1p3k1/PnP5/8/4pp2/7P/5K2 w - - 0 50,0.0,w
8/6p1/p1p3k1/PnP5/8/4p2b/5pKP/8 w - - 2 52,0.0,w
8/6p1/p1p1b1k1/PnP5/8/4K3/7P/5q2 w - - 1 54,0.0,w
8/6p1/p1p3k1/PnP1Kb2/8/8/5q1P/8 b - - 6 56,0.0,b
1r1q1rk1/1pp2pb1/3pbnpp/pPn1p3/P7/R1PP2P1/1B1NPPBP/3QR1K1 b - - 0 13,1.0,b
1r2qrk1/1pp2pb1/3p1npp/pPnBp3/P7/R1PP2P1/1B1NPP1P/3QR1K1 b - - 0 15,1.0,b
1r2qrk1/1pp2pb1/3p1npp/pPn1p3/P2P4/R1P2NP1/1B2PP1P/3QR1K1 b - - 0 17,1.0,b
1r2qrk1/1pp2pb1/3p1npp/pP2N3/P7/R1P3P1/1B2PP1P/3QR1K1 b - - 0 19,1.0,b
3rqrk1/1pp2pb1/5npp/pP2p3/P7/R1P1P1P1/1B3P1P/Q3R1K1 b - - 2 21,1.0,b
4qrk1/1p1r1pb1/1p3npp/p3p3/P7/1RP1P1P1/1B3P1P/Q3R1K1 b - - 1 23,1.0,b
4qrk1/1p1r1pb1/1p3B1p/p5p1/P1P1p3/1R2P1P1/5P1P/Q3R1K1 b - - 0 25,1.0,b
4qrk1/1p1r1p2/5Q1p/pR4p1/P1P1p3/4P1P1/5P1P/4R1K1 b - - 0 27,1.0,b
3q1rk1/1p3p2/3r3Q/p5R1/P1P1p3/4P1P1/5P1P/4R1K1 b - - 0 29,1.0,b
5rk1/1p3p2/6r1/p4Q2/P1P1p3/4P1P1/5P1P/4R1K1 b - - 2 31,1.0,b
1r5k/1p3p2/6r1/p3Q3/P1P1p3/4P1P1/5P1P/1R4K1 b - - 6 33,1.0,b
6k1/1Q3p2/6r1/p7/P1P1p3/4P1P1/5P1P/1R4K1 w - - 1 36,1.0,w
Q7/5pk1/4r3/p7/P1P5/4P1P1/5P1P/1R4K1 w - - 3 38,1.0,w
3Q4/5pk1/4r3/8/P1P5/4P1P1/5P1P/1R4K1 w - - 3 40,1.0,w
1R2rk2/5p2/8/8/P1PQ4/4P1P1/5P1P/6K1 w - - 7 42,1.0,w
3Q4/5pk1/8/1R6/P1P5/4P1P1/5P1P/6K1 w - - 1 44,1.0,w
8/5p1k/5Q2/6R1/P1P5/4P1P1/5P1P/6K1 w - - 5 46,1.0,w
3q1r1k/2p2rbn/1p1p2pp/pPnPp3/P3PpP1/3P1P1B/7P/2BQRR1K b - - 0 34,0.0,b
2q2r1k/2p2rb1/1p1p1npp/pPBPp3/P3PpP1/3P1P1B/7P/3QRR1K b - - 0 36,0.0,b
q4r1k/2p2rb1/3p1npp/pPpPp3/P3PpP1/3P1P1B/3QR2P/5R1K b - - 3 38,0.0,b
qr4k1/2p2rb1/3p1npp/pPpPp3/P3PpP1/3P1P1B/3QR2P/2R3K1 b - - 7 40,0.0,b
qr6/2p1krb1/3p1npp/pPpPp3/P3PpP1/3P1P1B/2RQRK1P/8 b - - 11 42,0.0,b
q4r2/1rp1k1b1/3p1npp/pPpPp3/P3PpP1/3P1P1B/2RQ1K1P/2R5 b - - 15 44,0.0,b
1r6/qrp1k1b1/3p1npp/pPpPp3/P1R1PpP1/3P1P1B/5K1P/2R1Q3 b - - 19 46,0.0,b
1r6/1rp2kb1/1q1p1npp/pPpPp3/P1R1PpP1/3P1P2/3Q1KBP/2R5 b - - 23 48,0.0,b
1r6/1rpk2b1/1q1p1npp/pPpPp3/P1R1PpP1/3P1P2/3Q1KBP/2R5 b - - 27 50,0.0,b
1r2k3/1rp3b1/1q1p1npp/pPpPp3/P1R1PpP1/3P1P2/3Q1KBP/2R5 b - - 31 52,0.0,b
1r6/1rp1k1b1/1q1p1npp/pPpPp3/P1R1PpP1/3P1P2/3Q1KBP/2R5 b - - 35 54,0.0,b
1r6/1rp2kb1/1q1p1npp/pPpPp3/P1R1PpP1/3P1P2/3Q1KBP/2R5 b - - 39 56,0.0,b
1r6/1rp1k1b1/1q1p1n1p/pPpPp1p1/P1R1PpP1/3P1P2/3Q1KBP/2R5 b - - 1 58,0.0,b
1r6/1rp1k1b1/1q1p1n1p/pPpPp1p1/P1R1PpP1/3P1P2/3Q1KBP/2R5 w - - 5 61,0.0,w
1r6/qrp2kb1/3p1n1p/pPpPp1p1/P1R1PpP1/3P1P2/3Q1KBP/2R5 w - - 9 63,0.0,w
1r6/1rp2kb1/1q1p1n1p/p2Pp1p1/P1p1PpP1/3P1P2/2RQ1KBP/2R5 w - - 0 65,0.0,w
1r6/qrp2kb1/3p1n1p/p2Pp1p1/P3PpP1/3Q1P2/2R1K1BP/2R5 w - - 1 67,0.0,w
1r6/1rp1k1b1/q2p1n1p/p2Pp1p1/P3PpP1/5P2/2RQ2BP/2RK4 w - - 5 69,0.0,w
1r6/2Rnk1b1/q2p3p/p2Pp1p1/P3PpP1/5P2/3Q2BP/3K4 w - - 1 71,0.0,w
1r6/q3k1b1/3p1n1p/p2Pp1p1/P3PpP1/5P2/3QK1BP/8 w - - 2 73,0.0,w
1r6/4k1b1/3p3p/p2Pp1p1/P3npP1/4qP2/6BP/3K4 w - - 0 76,0.0,w
2r5/4k1b1/3p3p/p2Pp1p1/P3P1P1/4qB2/7P/3K4 w - - 1 78,0.0,w
8/pp3pkp/5p2/3P4/1P6/P1n5/2B2PPP/6K1 w - - 1 28,0.5,w
8/pp3pkp/3P1p2/8/1P3n2/P7/2B2PPP/5K2 w - - 3 30,0.5,w
8/p2P1pkp/1p2np2/8/1P2B3/P7/5PPP/5K2 w - - 1 32,0.5,w
8/p2P1p1p/1p3p1k/6n1/1P2B3/P4K2/5PPP/8 w - - 5 34,0.5,w
8/p2P1pkp/1p2np2/8/1P2B3/P4K2/5PPP/8 w - - 9 36,0.5,w
3n4/p2P1p1p/1p3p1k/8/1P6/P2BK3/5PPP/8 w - - 13 38,0.5,w
3n4/p2P1p1p/1p3p1k/3B4/1P6/P3K3/5PPP/8 w - - 17 40,0.5,w
1r3rk1/2p2qbn/1p1p2pp/pPnPpp2/P3P3/R2PBPPB/7P/3QR1K1 b - - 8 27,1.0,b
1r1r2k1/2p2qb1/1p1p1npp/pPnPpP2/P7/3PBPPB/7P/R2QR1K1 b - - 2 29,1.0,b
1r1r2k1/2p2qb1/3p1n1p/pPpPpB2/P7/3P1PP1/7P/R2QR1K1 b - - 0 31,1.0,b
1r1r2k1/2p3b1/3p1n1p/pPpq1B2/P3P3/5PP1/7P/1R1QR1K1 b - - 0 33,1.0,b
1r1r2k1/1q4b1/1p1p1n1p/p1p2B2/P3P3/1Q3PP1/7P/1R2R1K1 b - - 1 35,1.0,b
1r1r1k2/5Qb1/1p1p1n1p/p1p2B2/P3P3/5PP1/7P/1R1R2K1 b - - 0 37,1.0,b
1r1r4/5kb1/1p1p3p/p1p2B1n/P3P3/5PP1/5K1P/2RR4 b - - 3 39,1.0,b
1r2r3/5k2/1p1p3p/p1p2B1n/P2bP3/5PP1/7P/2RRK3 b - - 7 41,1.0,b
1r2r3/5k2/1p1p3p/p1p1bB2/P3P3/5PP1/8/2RR1K2 b - - 0 43,1.0,b
1r2r3/8/1p1p1k1p/p1p5/P3P3/5PbB/2R5/3R1K2 b - - 3 45,1.0,b
1r2r3/8/1p1p1k2/p1pR3p/P3Pb2/5P1B/2R3K1/8 w - - 3 48,1.0,w
1r2r3/8/1p1p4/p1p3kp/P3PR2/5P1B/2R3K1/8 w - - 1 50,1.0,w
1r2r3/8/1p1p2k1/p1p2R2/P3P2p/5P1B/2R5/6K1 w - - 0 52,1.0,w
1r2r3/8/1p1p1R2/p1p4k/P3P2p/5P1B/6R1/6K1 w - - 4 54,1.0,w
2rr4/pp3pkp/5p2/2nN4/2P5/P4P2/1PR3PP/5BK1 b - - 0 24,1.0,b
3r4/pp3pkp/4np2/2rN4/2P5/P4P2/1P1R1KPP/5B2 b - - 4 26,1.0,b
2rr4/pp2Npkp/5p2/8/2P2n2/P4P2/1P3KPP/3R1B2 b - - 8 28,1.0,b
2N5/pp3pkp/5p2/8/2P5/P4P2/1P3KBP/3r4 b - - 0 30,1.0,b
8/Np3pkp/5p2/8/2P5/P4PK1/1r4BP/8 b - - 0 32,1.0,b
8/1p3pkp/5p2/1N6/2r2P2/P5K1/6BP/8 b - - 0 34,1.0,b
8/1B3pkp/5p2/1N6/P1r2P2/6K1/7P/8 b - - 0 36,1.0,b
8/5pkp/2B2p2/1N3P2/1r6/6K1/7P/8 b - - 2 38,1.0,b
8/5pkp/2B2p2/1N3P2/8/6K1/1r5P/8 w - - 6 41,1.0,w
5k2/5p1p/2B2p2/1r3P2/8/6K1/7P/8 w - - 0 43,1.0,w
5k2/5p1p/5p2/5P2/2B5/6K1/7P/8 w - - 3 45,1.0,w
5k2/5p1p/5p2/5P2/2B5/8/5K1P/8 b - - 7 47,1.0,b
8/5B1p/3k1p2/5P2/8/5K2/7P/8 b - - 0 49,1.0,b
6B1/4k3/5p1p/5P2/6K1/8/7P/8 b - - 1 51,1.0,b
8/8/4Bp1p/4kP1K/8/8/7P/8 b - - 5 53,1.0,b
8/8/4Bp1K/5P2/5k2/8/7P/8 w - - 1 56,1.0,w
2B5/8/5pK1/5P2/8/7k/7P/8 w - - 5 58,1.0,w
2B5/8/8/4KP2/8/6k1/8/8 w - - 2 60,1.0,w
2B5/5P2/8/4K3/8/4k3/8/8 w - - 1 62,1.0,w
2B5/8/8/4K3/1Q6/8/4k3/8 w - - 3 64,1.0,w
8/8/8/4K3/6B1/2Q5/8/6k1 w - - 7 66,1.0,w
8/8/8/4K3/6B1/8/4Q3/6k1 w - - 11 68,1.0,w
r2qrnk1/pp2bppp/2p1bn2/3p4/3pP3/2P2P2/PPBNQ1PP/R1B2R1K w - - 0 13,1.0,w
r2qrnk1/pp2bppp/2p2n2/3b4/8/2p2P2/PPBNQ1PP/R1BR3K w - - 0 15,1.0,w
r2qr1k1/pp1n1ppp/2p2n2/3b4/1b6/2N2P2/PPB1Q1PP/R1BR3K w - - 1 17,1.0,w
r1q1r1k1/pp1n1ppp/2p5/3b4/1b2P3/8/PPB1Q1PP/R1BR3K w - - 1 19,1.0,w
r1q1r1k1/pp3ppp/2p5/3n4/1b6/4B3/PPB1Q1PP/R2R3K w - - 0 21,1.0,w
r1q1r1k1/pp3ppp/2p5/3n4/1b6/4B3/PP2Q1PP/R4R1K w - - 2 23,1.0,w
r1q1r2k/pp3Qpp/2p5/8/1b6/4n3/PP4PP/R4R1K w - - 1 25,1.0,w
r1q1r2k/pp4pp/2pb4/8/8/1Q6/PP4PP/5R1K w - - 1 27,1.0,w
r3r1k1/pp4pp/2pbq3/8/8/1Q6/PP4PP/5R1K w - - 5 29,1.0,w
r3r1k1/pQ4pp/2p5/8/8/8/PP4Pb/3Rq2K w - - 2 31,1.0,w
1r4k1/pQ2R1pp/2p5/8/8/8/PP4Pb/7K w - - 1 33,1.0,w
r1b1r1k1/pp3ppp/1np2n2/3pp3/2P5/qP2P2P/P2PNPP1/1BRQ1RK1 w - - 1 13,0.0,w
r3r1k1/pp3ppp/2p1bn2/3np3/8/qP2P1NP/P2P1PP1/1BRQ1RK1 w - - 2 15,0.0,w
3rr1k1/pp3ppp/1np1bn2/4p3/8/qP2PQNP/P2P1PP1/1BRR2K1 w - - 6 17,0.0,w
3rr1k1/pp3ppp/1np5/4p3/6nP/qP2P1N1/P2P1PP1/1BRR2K1 w - - 0 19,0.0,w
3rr1k1/pp3ppp/1np5/4pB2/7P/1P2P1N1/q4PP1/2RR2K1 w - - 0 21,0.0,w
3r3k/pp3ppp/1np5/4p3/7P/1P2P1N1/q1B2PP1/2R3K1 w - - 2 23,0.0,w
3r3k/pp3ppp/qn6/2p1p3/7P/1P2P1N1/2B2PP1/2R3K1 w - - 0 25,0.0,w
3r3k/pp3ppp/q7/4p3/2n1B2P/4P1N1/5PP1/2R3K1 w - - 0 27,0.0,w
3r3k/p4ppp/8/4p3/2R4P/4P1N1/5PP1/1q4K1 w - - 1 29,0.0,w
3r3k/pq3ppp/8/8/3p3P/4P1N1/5PPK/8 w - - 0 31,0.0,w
7k/pq3ppp/8/7P/7r/6N1/5PPK/8 w - - 1 33,0.0,w
7k/p4ppp/8/7r/8/8/5PP1/1q3NK1 w - - 0 35,0.0,w
7k/p4ppp/8/4r3/4q1P1/8/5PK1/5N2 w - - 3 37,0.0,w
7k/p4ppp/8/4r3/6P1/5P1K/8/5q2 w - - 0 39,0.0,w
7k/p4ppp/8/4r3/6P1/5P1K/8/5q2 w - - 4 41,0.0,w
7k/p4p2/6p1/4r1p1/5PP1/6K1/8/5q2 b - - 0 43,0.0,b
3q1r1k/2p2rbn/1p1p2pp/pPnPpP2/P7/3PBPPB/7P/3QRR1K b - - 0 33,1.0,b
3q1r1k/2p2rbn/1p5p/pPpPpp2/P4P2/3P2PB/7P/3QRR1K b - - 0 35,1.0,b
3q1r1k/2p2r1n/1p5p/pPpP1p2/P4R2/2bP2PB/4R2P/3Q3K b - - 2 37,1.0,b
5r1k/2p2r1n/1p1q3p/pPp2p2/P1R5/2bP2P1/4R1BP/3Q3K b - - 3 39,1.0,b
5r1k/2p2rb1/1p1q1n1p/pPp2p2/P7/3P2P1/2RQR1BP/7K b - - 7 41,1.0,b
3r3k/2p2rb1/1p3n1p/pPp2p2/P2q4/3P2P1/2RQ1RBP/6K1 b - - 11 43,1.0,b
7k/2p2rb1/1pBr1n1p/pPp2p2/q7/3P2P1/2RQ1RKP/8 b - - 3 45,1.0,b
6k1/2p2rb1/1pBr1n1p/pPp5/q4P2/3PQ3/2R2RKP/8 b - - 0 47,1.0,b
6k1/2p1Q1b1/1pP2n1p/p1p5/q4P2/3P4/2R2RKP/8 b - - 0 49,1.0,b
6k1/2pQ2b1/1p3n1p/p1p5/5P2/3P1R2/2R3KP/8 b - - 0 51,1.0,b
4R1k1/2pn4/1p3b1p/p1p5/5P2/3P4/2R3KP/8 b - - 3 53,1.0,b
8/2R2k2/1p3b1p/p1p1n3/5P2/3P4/2R3KP/8 b - - 0 55,1.0,b
2Rb4/8/1p4kp/p1p1P3/8/3P4/2R3KP/8 b - - 2 57,1.0,b
8/8/1p3Rkp/p1p1P3/8/3P4/2R3KP/8 b - - 0 59,1.0,b
8/8/1p3R1p/2p1P1k1/p2P4/8/5RKP/8 b - - 0 61,1.0,b
8/8/3R3p/4P1k1/3p4/p7/5RKP/8 b - - 1 63,1.0,b
8/8/3R3p/4P1k1/7P/3p2K1/p4R2/8 b - h3 0 65,1.0,b
8/8/3R3p/4P2k/7P/6K1/p2p1R2/8 b - - 1 67,1.0,b
5rk1/1pb1rpp1/p1p5/P1Pp1bNn/1P1BnP2/3BP3/6RP/3R2K1 w - - 1 29,0.0,w
5rk1/1pb1rpp1/p1p5/P1P4n/1P1BpP2/4P3/6RP/3R2K1 w - - 0 31,0.0,w
5rk1/1p2rp2/p1p3p1/P1P1b1Rn/1P2pP2/4P3/7P/3R2K1 w - - 0 33,0.0,w
2r3k1/1p2rpn1/p1p3p1/P1P1P1R1/1P2p3/4P3/5K1P/3R4 w - - 3 35,0.0,w
2r3k1/1p2rp2/p1p5/P1P1Pp2/1P2p3/4P2P/5K2/3R4 w - - 0 37,0.0,w
2r3k1/1p3p2/p1p5/P1Pr1p2/1P2pK2/4P2P/8/3R4 w - - 2 39,0.0,w
2r5/1p3pk1/p7/P1PpKp2/1P2p3/4P2P/8/8 b - - 2 41,0.0,b
4r3/5pk1/p1p5/P2K1p2/1P2p3/4P2P/8/8 w - - 0 44,0.0,w
4rk2/5p2/p1K5/PP6/4pp2/4P2P/8/8 w - - 0 46,0.0,w
4rk2/5p2/P1K5/P7/5P2/7P/4p3/8 w - - 0 48,0.0,w
4rk2/P4p2/P1K5/8/5P2/2q4P/8/8 w - - 1 50,0.0,w
4rk2/P4p2/P7/1K3P2/8/4q3/8/8 w - - 1 52,0.0,w
4r3/q3kp2/P7/1K3P2/8/8/8/8 w - - 2 54,0.0,w
4r3/5p2/q4k2/5P2/8/2K5/8/8 w - - 2 56,0.0,w
2r5/5p2/5k2/5P2/2q5/8/1K6/8 b - - 6 58,0.0,b
2r5/5p2/8/5k2/8/8/2q5/1K6 w - - 1 61,0.0,w
1r1qr1k1/2p3b1/1p1p2p1/pPnPpp1p/P3P1n1/R2P2P1/1B3PBP/Q3R1K1 w - - 0 23,1.0,w
1r1qr3/2p3b1/1p1p2k1/pPnPp2p/P5n1/R2P2P1/1B3PBP/Q3R1K1 w - - 0 25,1.0,w
1r1q1r2/2p3b1/1p1p2k1/pPnP3p/P3p1n1/R2P1BP1/1B3P1P/3QR1K1 w - - 0 27,1.0,w
1r1q1r2/2p5/1p1p3k/pPnP3B/P3p3/R2P2P1/1b3P1P/3QR1K1 w - - 1 29,1.0,w
1r1q1r2/2p5/1p1p3k/pP1P3B/P3R3/6P1/Rb3n1P/3Q2K1 w - - 0 31,1.0,w
1r6/2p5/1p1p1q1k/pP1P3B/P7/6P1/Rb3n1P/3Q2K1 w - - 0 33,1.0,w
1r6/2p5/1p1p1q2/pP1P3k/P7/6Pn/1R1Q3P/6K1 w - - 1 35,1.0,w
1r6/2p5/1p1p1q2/pP1P3k/P3n3/1R4P1/3Q2KP/8 w - - 5 37,1.0,w
1r6/2p5/1p1p2k1/pP1P1q2/P3Q3/1R4P1/6KP/8 w - - 1 39,1.0,w
1r6/2p5/1p1p2k1/pP1P4/P7/1q4P1/5QKP/8 w - - 0 41,1.0,w
1r6/2p5/1p1p2k1/pP1P4/q7/6P1/5QKP/8 w - - 0 43,1.0,w
1r6/2p5/1p1pQ3/pP1P2k1/8/1q4P1/6KP/8 w - - 4 45,1.0,w
1r6/2p1Q3/1p1p4/pP1q3k/7P/6P1/6K1/8 w - - 0 47,1.0,w
1r6/2p1Q3/1p1p4/pP5k/7P/3q2PK/8/8 w - - 4 49,1.0,w
r1b1r1k1/pp1n1ppp/3q1n2/2pp4/2PN4/1P2P2P/P4PP1/1BRQ1RK1 w - - 0 15,0.0,w
r1b1r1k1/pp1n1ppp/5n2/1qpP4/8/1P2P2P/P4PP1/1BRQ1RK1 w - - 0 17,0.0,w
r1b1r1k1/pp1n1pp1/5n1p/2pP4/1q6/1P2P1PP/P4P2/1BRQR1K1 w - - 1 19,0.0,w
r1b1r1k1/ppqn1pp1/5n1p/2pP4/1PR5/4P1PP/P4P2/1B1QR1K1 w - - 1 21,0.0,w
r1b1r1k1/ppq2pp1/5n1p/2pQ4/1P3R2/4P1PP/P4P2/1B2R1K1 w - - 1 23,0.0,w
r3r1k1/pp3pp1/5n1p/2P5/5R2/4P1Pb/P4P2/1B2R1K1 w - - 0 25,0.0,w
3r2k1/pp3pp1/5n1p/2P5/5R2/4P1Pb/P4P2/1B4K1 w - - 0 27,0.0,w
6k1/pp3pp1/5n1p/2P5/5R2/4P1PK/P4P2/1r6 w - - 0 29,0.0,w
6k1/pp3pp1/5n1p/2P5/3R4/4P1P1/P4PK1/2r5 b - - 4 31,0.0,b
6k1/pR3pp1/7p/2Pn4/8/4P1P1/P1r2PK1/8 b - - 0 33,0.0,b
1R4k1/p4pp1/5n1p/2P5/4P3/6P1/r4PK1/8 b - - 2 35,0.0,b
8/p4Rpk/7p/2P5/4n3/6P1/r4PK1/8 b - - 0 37,0.0,b
8/p5p1/6kp/2n5/6R1/6P1/r4PK1/8 b - - 1 39,0.0,b
8/R7/4n2p/5k2/8/6P1/r4PK1/8 b - - 0 41,0.0,b
8/8/4n2p/5k2/6P1/5K2/r4P2/8 b - - 0 43,0.0,b
8/8/4n1kp/8/r5P1/5K2/5P2/8 b - - 4 45,0.0,b
8/8/6kp/6n1/1r3PP1/6K1/8/8 b - f3 0 47,0.0,b
8/5k2/7p/8/1r2nPP1/4K3/8/8 b - - 4 49,0.0,b
8/5k2/8/6p1/1r3P2/2n5/3K4/8 b - - 1 51,0.0,b
8/5k2/8/8/1r2np2/8/4K3/8 b - - 1 53,0.0,b
8/8/8/6k1/1r2np2/8/4K3/8 b - - 5 55,0.0,b
8/8/8/5k2/4np2/1r6/8/3K4 w - - 9 58,0.0,w
r1b1r1k1/pp1n1ppp/2pq1n2/3P4/3p4/1P2P2P/P3NPP1/1BRQ1RK1 b - - 0 14,0.0,b
r1b1r1k1/pp1n1ppp/2P2n2/8/8/1P2p2P/P3NPP1/1B1R1RK1 b - - 0 16,0.0,b
r1b1r1k1/p2n1ppp/2p2n2/8/8/1P5P/P3NPP1/1B1R1RK1 b - - 0 18,0.0,b
r1b2k2/p2n1ppp/2R2n2/8/8/1P5P/P3rPP1/1B3RK1 b - - 0 20,0.0,b
1r3k2/pb1n1ppp/5n2/8/8/1P5P/P3rPP1/1B1R1RK1 b - - 4 22,0.0,b
1r4k1/pbRn1ppp/5n2/8/8/1P5P/Pr3PP1/1B3RK1 b - - 8 24,0.0,b
1r4k1/R2n1ppp/5n2/8/8/1P5P/1r3PP1/1B3RK1 b - - 0 26,0.0,b
1R4k1/3n1ppp/5n2/8/8/7P/1r3PP1/1B3RK1 b - - 0 28,0.0,b
6k1/3n1ppp/5n2/5B2/1r6/5P1P/6P1/5RK1 b - - 2 30,0.0,b
6k1/3n1p1p/6p1/8/1r6/5P1P/6P1/3R2K1 b - - 1 32,0.0,b
6k1/5p1p/6p1/1r2n3/8/5P1P/4R1P1/6K1 b - - 5 34,0.0,b
5k2/5p1p/6p1/3rn3/5P2/7P/4RKP1/8 b - - 0 36,0.0,b
5k2/5p1p/6p1/3r4/5K2/7P/4R1P1/8 b - - 0 38,0.0,b
5k2/5p1p/6p1/8/5K2/3r3P/4R1P1/8 b - - 4 40,0.0,b
3r1k2/5p1p/6p1/8/8/4K2P/1R4P1/8 b - - 8 42,0.0,b
8/3r1pkp/6p1/8/8/4K2P/6P1/5R2 b - - 12 44,0.0,b
4r3/5pkp/6p1/8/8/3K3P/6P1/5R2 b - - 16 46,0.0,b
3r4/5pkp/6p1/8/8/7P/2K2RP1/8 b - - 20 48,0.0,b
8/5pkp/6p1/8/8/7P/1r3RP1/4K3 b - - 24 50,0.0,b
8/5pkp/6p1/8/8/7P/7r/5K2 w - - 2 53,0.0,w
8/5p1p/5kp1/8/7r/8/8/6K1 w - - 0 55,0.0,w
8/5p1p/5kp1/8/2r5/3K4/8/8 b - - 4 57,0.0,b
8/5p1p/6p1/8/4k3/2K5/8/8 b - - 2 59,0.0,b
8/7p/6p1/5p2/8/K3k3/8/8 b - - 1 61,0.0,b
8/7p/6p1/8/8/K3kp2/8/8 b - - 1 63,0.0,b
8/7p/6p1/1K6/3k4/8/5p2/8 b - - 3 65,0.0,b
8/7p/6p1/2k5/K7/8/8/5q2 b - - 3 67,0.0,b
8/7p/8/2k3p1/K7/3q4/8/8 b - - 1 69,0.0,b
8/7p/1k6/8/K5p1/3q4/8/8 w - - 3 72,0.0,w
8/8/1k6/7p/K5p1/3q4/8/8 b - - 0 74,0.0,b
3br3/1p3ppk/p1p1rn2/P1Pp1P1P/1P6/3RPB2/5KR1/8 b - - 0 39,0.0,b
3br3/1p3p1k/p1p2n1p/P1PprP2/1P6/3RP3/4BKR1/8 b - - 1 41,0.0,b
4r3/1pb2p1k/p1p2n1p/2PprP2/1P1R4/4P3/4B1R1/4K3 b - - 3 43,0.0,b
4r3/1pb2p1k/B1p4p/2Pp1P2/1P1Rn3/4r3/6R1/3K4 b - - 0 45,0.0,b
8/2b2p1k/p1p4p/2PprP2/1P2n3/3Rr3/2K3R1/8 b - - 3 47,0.0,b
8/2b2p1k/p1p4p/2Pp1r2/1P2n3/3K4/R7/8 b - - 1 49,0.0,b
8/2b2p1k/p1p4p/2Pp4/1P2n3/1K6/R4r2/8 b - - 5 51,0.0,b
8/2b2pk1/p1p4p/2Pp4/1P6/2n5/K7/8 w - - 2 54,0.0,w
8/2b2pk1/p1p4p/1nP5/1P1p4/8/8/1K6 w - - 0 56,0.0,w
8/5p2/p1p2k1p/1nP5/1P1p1b2/8/2K5/8 w - - 4 58,0.0,w
8/5p2/p1p2k1p/1nP5/1P3b2/8/3p4/4K3 w - - 0 60,0.0,w
8/5p2/p1p2k1p/2P5/1P3b2/2n5/2K5/3q4 w - - 0 62,0.0,w
8/5p2/p1p2k1p/2P5/1P6/1K2b3/3q4/8 w - - 3 64,0.0,w
8/5p2/p1P2k1p/1p6/5b2/1K6/3q4/8 w - - 1 66,0.0,w
8/5p2/p1P2k1p/1p6/8/1K6/3q4/6b1 w - - 5 68,0.0,w
2R5/5p2/p4k1p/1p6/3b4/1K6/1q6/8 w - - 1 70,0.0,w
5r1k/2p3b1/1p1p3p/pPnPp1pn/P3P2q/3P1P2/R6P/3Q1BRK w - - 0 41,1.0,w
5r1k/2p3b1/1p1p3p/pPnPp1p1/P3P1Rq/3P1P2/R5KP/3Q1n2 w - - 0 43,1.0,w
7k/2p3b1/1p1p3p/pPnPp1p1/P3P1P1/3P4/R5KP/5r2 w - - 0 45,1.0,w
7k/2p3b1/1p1p3p/pPnPp1p1/P3P1P1/8/2R4P/5K2 w - - 2 47,1.0,w
8/2p2kb1/1p1p3p/pPnPp1p1/P1R1P1P1/8/7P/5K2 w - - 6 49,1.0,w
8/5Rb1/1p1p3p/pP1Pp1p1/P3n1P1/7P/8/5K2 b - - 0 51,1.0,b
8/6R1/1p1p4/pP1Pp1p1/P3n1P1/8/8/5K2 b - - 0 53,1.0,b
8/6R1/1p1p4/pP1P2p1/P3p1P1/8/3K4/8 b - - 0 55,1.0,b
8/8/1p1p4/pP1P2R1/P5P1/8/4p3/2K5 b - - 0 57,1.0,b
8/8/1p1p4/pP1P2R1/P5P1/8/4q3/1K6 b - - 3 59,1.0,b
8/8/1p1p4/pP1P1R2/q7/8/1K6/8 b - - 1 61,1.0,b
8/8/1p1p4/pq1P4/8/8/2K5/5R2 b - - 1 63,1.0,b
8/8/1p1p4/p2P4/8/3q4/8/2K5 b - - 3 65,1.0,b
8/8/1p1p4/3P4/8/p2q4/K7/8 b - - 1 67,1.0,b
r1b2rk1/pp1n1ppp/2p2n2/3pp3/2P5/qPN1P3/P1BP1PPP/2RQ1RK1 b - - 3 11,0.0,b
r1b2rk1/pp1n1ppp/2p2n2/8/2Pp4/qP6/P1BPNPPP/2RQ1RK1 b - - 1 13,0.0,b
r1br2k1/pp1n1ppp/2p2n2/8/2Pp4/1P1P2N1/q1B2PPP/2RQ1RK1 b - - 0 15,0.0,b
r1br2k1/pp1n1ppp/2p2n2/8/2Pp4/qP1P2N1/2B2PPP/R2Q1RK1 b - - 4 17,0.0,b
r1br3k/pp1n1ppp/2p2n2/8/2PpN3/1P1P4/1qB2PPP/R2QR1K1 b - - 8 19,0.0,b
r1b1r2k/pp1n1ppp/2p5/8/2PpP3/1P6/1qB1RPPP/R2Q2K1 b - - 0 21,0.0,b
r1b1r2k/pp3ppp/2p5/4n3/2PpP3/1Pq5/2B1RPPP/R2Q2K1 b - - 4 23,0.0,b
r3r2k/pp1b1ppp/2p5/4n3/2PQP3/1Pq2P2/2B1R1PP/R5K1 b - - 0 25,0.0,b
r3r2k/pp1b1ppp/2p5/4n3/2P1P3/1P3P2/2B3PP/q4RK1 b - - 1 27,0.0,b
r3r2k/pp1b1ppp/1qp5/4n3/2P1P3/1P3P2/2B3PP/1R5K b - - 5 29,0.0,b
r3r2k/pp1b1ppp/2p5/8/2P1P3/1P3P2/2B2q1P/5R1K b - - 2 31,0.0,b
2br1k2/p4p1p/1p3np1/1P6/3rP2n/5PNP/4B1P1/2R1R1K1 w - - 0 35,1.0,w
2br1k2/p4p1p/1p4p1/1P2P3/3r1n1n/5PNP/4B1P1/R3R1K1 w - - 3 37,1.0,w
5k2/p4p1p/1p2P1p1/1P1r4/3r1n1n/5PNb/6P1/R3RBK1 w - - 1 39,1.0,w
8/p3kp1p/1p4p1/1P1r4/3rNn1n/5P1b/6P1/R3RBK1 w - - 0 41,1.0,w
8/R2rkp1p/1p2b1p1/1PN5/3r1n1n/5P2/6P1/4RBK1 w - - 3 43,1.0,w
8/3rkp1p/1p2b1p1/1P6/R6n/5P1n/6P1/4RBK1 w - - 2 45,1.0,w
8/3r1p1p/1p2k3/1P4p1/R6n/5P1n/6PK/5B2 w - - 0 47,1.0,w
8/3r1p1p/1p2B3/1P3np1/R7/5P1K/6P1/8 b - - 0 49,1.0,b
8/3r3p/1p2p3/1P4p1/R7/5PK1/8/8 b - - 0 51,1.0,b
8/7p/1p2p3/1r4P1/R7/6K1/8/8 b - - 0 53,1.0,b
8/7p/4p3/1p4r1/8/8/5K2/R7 b - - 1 55,1.0,b
8/8/4p2p/6r1/1p6/8/8/1R2K3 b - - 1 57,1.0,b
8/8/4p2p/8/6r1/8/8/1R2K3 b - - 2 59,1.0,b
8/8/7p/8/4p1r1/8/8/1R2K3 b - - 1 61,1.0,b
8/8/7p/8/8/4p1r1/8/1R2K3 b - - 1 63,1.0,b
8/8/7p/8/8/8/6r1/1R1K4 b - - 2 65,1.0,b
8/8/7p/8/8/8/3K4/1r6 b - - 1 67,1.0,b
8/8/8/1r5p/8/8/2K5/8 b - - 1 69,1.0,b
8/8/8/1r6/8/7p/2K5/8 b - - 1 71,1.0,b
8/8/8/4r3/2K5/8/7p/8 b - - 1 73,1.0,b
8/8/8/4r3/4q3/2K5/8/8 b - - 3 75,1.0,b
8/1q6/8/2r5/8/8/8/K7 b - - 7 77,1.0,b
8/p3kp2/1p1n1p1p/3P4/1P1K1PPP/P2B4/8/8 w - - 1 36,1.0,w
8/pn2kp2/1p3p2/3P2p1/1P3P1P/P2BK3/8/8 w - - 0 38,1.0,w
8/pn1k1p2/1p6/3P2P1/1P6/P2BK3/8/8 w - - 1 40,1.0,w
8/pn6/1p1k2B1/3P4/1P6/P3K3/8/8 w - - 1 42,1.0,w
8/p7/1p1n2B1/1P2k3/8/P3K3/8/8 w - - 0 44,1.0,w
8/p7/1p1nk3/1P6/P7/4K3/8/1B6 w - - 3 46,1.0,w
8/p7/1p1n2k1/1P6/P7/5K2/B7/8 b - - 7 48,1.0,b
8/p5k1/1p1n4/1P1B4/P7/5K2/8/8 b - - 11 50,1.0,b
8/p7/1p1n4/1P3k2/P7/5K2/8/1B6 b - - 15 52,1.0,b
8/p7/1p1n4/1P2k3/P7/5K2/8/1B6 b - - 19 54,1.0,b
8/p7/1p6/1P2k3/8/5K2/8/1B6 w - - 1 57,1.0,w
8/p7/1p6/1P2k3/8/3BK3/8/8 w - - 5 59,1.0,w
6B1/p7/1p4k1/1P6/8/4K3/8/8 w - - 9 61,1.0,w
8/p5k1/1p6/1P6/5K2/8/B7/8 w - - 13 63,1.0,w
8/p4B1k/1p6/1P3K2/8/8/8/8 w - - 17 65,1.0,w
8/8/1p3KBk/pP6/8/8/8/8 w - a6 0 67,1.0,w
8/P7/5KBk/8/1p6/8/8/8 w - - 0 69,1.0,w
3q1r1k/2p1r1bn/1p1p2pp/pPnPpP2/P7/3P1PPB/7P/2BQRR1K b - - 0 32,1.0,b
3q1r1k/1np1r1bn/1p1p3p/pP1PPp2/P7/5PPB/7P/2BQRR1K b - - 0 34,1.0,b
3q3k/1np1rrbn/1p5p/pP1PPp2/P7/6PB/7P/2BQRR1K b - - 0 36,1.0,b
7k/1np1rr1n/1p1q3B/pP1Pbp2/P7/6PB/3Q3P/4RR1K b - - 2 38,1.0,b
7k/2p1rr1n/1p1q4/pP1PbR2/n7/4B1PB/3Q3P/4R2K b - - 0 40,1.0,b
6k1/2p1rr1n/1p1q4/pP1P1R2/n7/2B3PB/3Q3P/4R2K b - - 0 42,1.0,b
6k1/2p1R2n/1p1q4/pP1P1r2/8/2Q3PB/7P/7K b - - 0 44,1.0,b
6k1/2p2R1n/1p1q4/pP1P4/8/2Q3PB/6KP/8 b - - 0 46,1.0,b
8/2p4n/1p1qB1k1/pP1P4/8/6P1/2Q3KP/8 b - - 3 48,1.0,b
5q2/2p3kn/1p2B3/pP1PQ3/8/6P1/6KP/8 b - - 7 50,1.0,b
5q2/2Q5/1p4k1/pP1P2n1/6B1/6P1/6KP/8 b - - 2 52,1.0,b
5q2/7n/1Q6/pP1P2k1/6BP/6P1/6K1/8 b - h3 0 54,1.0,b
5q2/8/1P4Q1/p2P2n1/6kP/6P1/6K1/8 w - - 1 57,1.0,w
5r1k/2p2rbn/1p1pB1pp/pPnPp3/P3PP1q/3P1P2/7P/2BQRR1K b - - 2 35,0.0,b
2B4k/2p1r1bn/1p1p2pp/pPnPp3/P3Pr1q/3PBP2/7P/3QRR1K b - - 1 37,0.0,b
4r2k/2p3bn/1p1p3p/pPnPpp2/P3PB1q/3P1P2/7P/3QRR1K b - - 0 39,0.0,b
4r2k/2p3b1/1p1p1n1p/pPnPpp2/P3PQ2/3P1P2/7P/4RR1K b - - 0 41,0.0,b
7k/2p3b1/1p1p1n1p/pPnP1P2/P4p2/3P1P2/7P/4R2K b - - 0 43,0.0,b
7k/2p3b1/1p1p3p/pPn2P2/P4p2/3PnP1K/7P/4R3 b - - 3 45,0.0,b
7k/2p3b1/1p1p1P1p/pP6/P7/3npP1K/7P/8 b - - 0 47,0.0,b
8/2p3k1/1p1p3p/pP6/P4P2/3n3K/4p2P/8 b - - 0 49,0.0,b
8/2p3k1/1p1p3p/pP3P2/P6K/3n4/7P/6q1 b - - 2 51,0.0,b
5r1k/2p3b1/1p1p2pp/pPnPp3/P3PnRq/3P1P2/R6P/3Q1B1K b - - 9 41,1.0,b
5r1k/2R3b1/1p1p2pp/pP1Pp2q/n3PnR1/3P1P2/7P/3Q1B1K b - - 0 43,1.0,b
5r1k/2R5/1p1p1bpp/pP1Pp2q/Q5R1/3P1P2/7P/5B1K b - - 0 45,1.0,b
3b3k/8/1pRp2pp/pP1Pp2q/Q5R1/3P1r2/4B2P/7K b - - 1 47,1.0,b
3b3k/8/1p1p1rpp/pP1Ppq2/Q1R5/3P2R1/4B2P/7K b - - 5 49,1.0,b
3b2k1/3q4/1p1p1rpp/pP1Pp3/8/3P2R1/2R1B2P/Q6K b - - 9 51,1.0,b
3b2k1/8/1p1p1rpp/p2qp3/8/3P1B2/2R4P/Q5RK b - - 1 53,1.0,b
3b2k1/8/1p1p1rpp/p3p3/8/3q4/6RP/Q2R3K b - - 1 55,1.0,b
3b2k1/8/1p1p1rpp/p3p3/q7/8/2Q3RP/3R3K b - - 5 57,1.0,b
3b2k1/8/1p1p1rpp/4p3/p7/8/2R3KP/3R4 b - - 1 59,1.0,b
3b4/5k2/1p1p1rpp/8/p3p3/6K1/2R4P/4R3 b - - 1 61,1.0,b
3b4/8/1p1pk1pp/8/p3p3/5r2/2R4P/4R1K1 w - - 5 64,1.0,w
3b4/5k2/1p1p2pp/5r2/R7/8/2R4P/6K1 w - - 1 66,1.0,w
3b4/R7/1p1p2pp/3k1r2/8/8/2R3KP/8 w - - 5 68,1.0,w
3b4/8/1p1p2Rp/4k1r1/8/8/2R3KP/8 w - - 1 70,1.0,w
3b4/8/1p5p/4p3/8/8/3R2KP/8 b - - 1 72,1.0,b
rn1q1rk1/ppb2ppp/2p2nb1/2Pp4/1P3P2/3BP3/PBQ3PP/RN3RK1 w - - 1 13,0.0,w
rn1qr1k1/ppb3pp/2p2np1/2Pp4/1P3P2/4P3/PBQ3PP/RN1R2K1 w - - 2 15,0.0,w
rn4k1/ppb3pp/2p2qp1/2Pp4/1P3P2/4r3/P1QN2PP/R2R2K1 w - - 0 17,0.0,w
r5k1/ppb3pp/n4qp1/1pPp4/5P2/4r1P1/P1QN3P/R2R2K1 w - - 0 19,0.0,w
2r3k1/pp4pp/n1P2qp1/bp1p4/5P2/4r1P1/P1QN3P/1R1R2K1 w - - 1 21,0.0,w
2r3k1/pR4pp/n1P3p1/b2p4/3q1P2/6P1/P1QNr2P/3R2K1 w - - 1 23,0.0,w
2r2k2/p5Rp/n1P3p1/b2p4/5P2/6P1/P1QNrq1P/3R3K w - - 1 25,0.0,w
2R5/p4k1p/n1P3p1/b2p4/5P2/6P1/P1QNr2q/3R3K w - - 0 27,0.0,w
rn1qkb1r/pp3ppp/2p1bn2/3Pp3/8/1B1P1P2/PPP1Q1PP/RNB1K2R b KQkq - 0 7,0.0,b
r2qkb1r/pp3ppp/2n1bn2/3pP3/8/1B3P2/PPP1Q1PP/RNB1K2R b KQkq - 0 9,0.0,b
r2qk2r/pp3ppp/4bn2/3pQ3/1b6/1BN2P2/PPP3PP/R1B1K2R b KQkq - 2 11,0.0,b
r4k1r/pp3ppp/4bn2/q2pQ3/1b3B2/1BN2P2/PPP3PP/2KR3R b - - 6 13,0.0,b
2r2k1r/pp2bppp/4bN2/q3Q3/5B2/1B3P2/PPP3PP/2KR3R b - - 0 15,0.0,b
2r2k1r/pp3ppp/4Bb2/4B3/8/5P2/PPP3PP/2KR3R b - - 0 17,0.0,b
2r2k1r/pp1R3p/4pp2/8/8/5P2/PPP3PP/2K4R b - - 1 19,0.0,b
2r2k2/p6R/4pp2/8/8/5P2/PPP3rP/2K4R b - - 0 21,0.0,b
5k1R/p7/4pp2/8/8/5P2/Pr4rP/3K3R b - - 1 23,0.0,b
8/p1R5/4ppk1/8/8/5P2/Pr4rP/3K3R b - - 5 25,0.0,b
8/p7/4ppk1/8/8/5P1P/6r1/r1RK3R b - - 2 27,0.0,b
8/p7/4p1k1/5p2/7P/5P2/6r1/2K4R b - - 0 29,0.0,b
8/8/4p1k1/p7/5p1P/5P2/3R2r1/2K5 b - - 1 31,0.0,b
8/8/4p3/p6k/5p1P/2K2P2/8/8 b - - 2 33,0.0,b
8/8/4p3/8/K4p1k/5P2/8/8 b - - 0 35,0.0,b
8/8/4p3/8/2K2p2/5k2/8/8 b - - 1 37,0.0,b
8/8/8/4K3/4pp2/5k2/8/8 b - - 1 39,0.0,b
8/8/8/4K3/5p2/4p3/5k2/8 b - - 3 41,0.0,b
8/8/8/8/4K3/5p2/4pk2/8 b - - 1 43,0.0,b
8/8/4K3/8/8/6k1/4pp2/8 b - - 1 45,0.0,b
8/2K5/8/8/8/6k1/8/4qq2 b - - 1 47,0.0,b
2K5/8/8/3q4/8/6k1/8/5q2 b - - 5 49,0.0,b
1K6/8/8/2q5/8/6k1/8/5q2 b - - 9 51,0.0,b
8/8/K7/2q5/8/6k1/8/1q6 b - - 13 53,0.0,b
8/8/K7/2q5/8/6k1/8/1q6 b - - 17 55,0.0,b
rnbqk2r/pp3ppp/2pb1n2/3pp3/2P5/1P1BPN2/PB1P1PPP/R2QK2R b KQkq - 3 6,0.0,b
rnbqk2r/pp3ppp/2pb1n2/3P4/8/1P1BPP2/PB1P1P1P/R2QK2R b KQkq - 0 8,0.0,b
r1bqk2r/pp3pRp/2nb1n2/3p4/8/1P1BPP2/PB1P1P1P/R2QK3 b Qkq - 0 10,0.0,b
r1b1k2r/pp2qpRp/3b1n2/1B1p4/1n6/1P2PP2/PB1P1P1P/R1Q1K3 b Qkq - 4 12,0.0,b
r6r/pp1kqpRp/3b1B2/3p4/1n6/1P2PP2/P2P1P1P/R1Q1K3 b Q - 0 14,0.0,b
r6r/pp1k1pRp/3b1q2/3p4/8/1PQnPP2/P2P1P1P/R4K2 b - - 1 16,0.0,b
r6r/pp1k1pRp/8/3p4/8/1P1QPq2/P2P1P1b/4RK2 b - - 1 18,0.0,b
r6r/pp1k1pRp/8/8/3p4/1P1QP3/P2P1P1b/5R2 w - - 0 21,0.0,w
r6r/1p3R1p/p2k4/8/3P4/1P1Q4/P2P1P1b/5R2 w - - 0 23,0.0,w
r7/7r/3k4/p7/3P4/1P1Q4/P2P1P1b/5R2 w - - 0 25,0.0,w
r7/8/8/p7/3k4/1P6/P2P1P1Q/5R2 w - - 0 27,0.0,w
8/8/8/8/r2k4/P7/3P1P1Q/5R2 w - - 0 29,0.0,w
8/8/8/8/3k4/3r1P2/7Q/5R2 w - - 0 31,0.0,w
8/8/8/3k1P2/8/8/7Q/3r1R2 w - - 1 33,0.0,w
8/8/8/5k2/8/8/8/3R3Q w - - 0 35,0.0,w
8/8/3k4/8/8/8/8/R6Q w - - 4 37,0.0,w
8/8/3k4/8/8/8/8/R6Q w - - 8 39,0.0,w
8/8/8/5k2/8/8/8/R6Q w - - 12 41,0.0,w
r2qr1k1/pp1nbppp/2p1bn2/3pp3/4P3/2PP1P2/PPBNQ1PP/R1B2R1K b - - 4 11,1.0,b
r2qr1k1/pp1nbppp/2p1bn2/8/3pP3/3P1P2/PPBN1QPP/R1B2R1K b - - 1 13,1.0,b
r1q1r1k1/pp1nbppp/4bn2/2p5/3pPB2/1N1P1P2/PPB2QPP/R4R1K b - - 1 15,1.0,b
r1q1rk2/pp1nbppp/4b3/2p4n/3pP3/1N1P1P2/PPBB1QPP/2R2R1K b - - 5 17,1.0,b
r1q1rk2/pp1nbppp/4bn2/8/3pP3/1B1P1P2/PP1B1QPP/2R2R1K b - - 1 19,1.0,b
r2qrk2/pp1nb1pp/4pn2/6B1/3pP3/3P1P2/PP3QPP/2R2R1K b - - 1 21,1.0,b
r3rk2/pp2b1pp/1q2pn2/4n1B1/3pP3/3P1P2/PPR2QPP/3R3K b - - 5 23,1.0,b
2r2k2/pp2b1pp/1q2pn2/4n1B1/3pP3/3P1P2/PP3QPP/3R2K1 b - - 1 25,1.0,b
2r2k2/pp2B1pp/1q2p3/7n/3pP3/3R1P2/PP3QPP/6K1 b - - 0 27,1.0,b
2r5/pp2k1pp/4p3/7n/3RP3/5P2/PP4PP/6K1 b - - 0 29,1.0,b
8/pp2k1pp/4p3/7n/3RP3/5P2/PPr3PP/4K3 b - - 4 31,1.0,b
8/pp2k1pp/4p3/7n/4P3/5P2/P2K2PP/8 b - - 0 33,1.0,b
8/pp2k1pp/4p3/8/4PP2/6Pn/P2K3P/8 b - - 0 35,1.0,b
8/pp4pp/2k1p3/8/4PP2/5KPn/P6P/8 b - - 4 37,1.0,b
8/pp4pp/4p3/8/1k2PP2/6PK/P6P/8 b - - 0 39,1.0,b
8/pp4pp/4p3/4PP2/8/6PK/k6P/8 b - - 0 41,1.0,b
8/pp2P1pp/8/8/5p2/6PK/k6P/8 b - - 0 43,1.0,b
4Q3/pp4pp/8/8/5P2/7K/k6P/8 b - - 0 45,1.0,b
8/pp4pp/8/4Q3/5P2/7K/3k3P/8 w - - 4 48,1.0,w
8/6Qp/pp6/8/5P2/6K1/3k3P/8 w - - 0 50,1.0,w
8/1Q6/p7/8/1p3P2/6K1/3k3P/8 w - - 0 52,1.0,w
8/8/p7/8/5P2/Q5K1/2k4P/8 w - - 3 54,1.0,w
8/8/Q7/5P2/8/2k3K1/7P/8 w - - 1 56,1.0,w
8/5P2/Q7/8/8/2k3K1/7P/8 w - - 1 58,1.0,w
8/8/Q7/4k3/8/6K1/7P/5Q2 w - - 3 60,1.0,w
8/8/Q7/4k3/8/3Q2K1/7P/8 w - - 7 62,1.0,w
8/8/Q7/8/8/4k1KP/8/3Q4 w - - 1 64,1.0,w
rnbqk2r/ppb2ppp/2p2n2/2P1p3/1P1p4/4P3/P1QPBPPP/RNB2RK1 w kq - 0 8,1.0,w
r1bqk2r/ppb2ppp/B1p2n2/2P1p3/1P6/N3p3/P1QP1PPP/R1B2RK1 w kq - 0 10,1.0,w
r2qk2r/ppb2ppp/2p1b3/2Pnp3/1PB5/N3P3/P1QP2PP/R1B2RK1 w kq - 3 12,1.0,w
r2qk2r/ppb2ppp/2p1b3/2P1p3/2B1P3/N1Q5/n2P2PP/R1B2RK1 w kq - 0 14,1.0,w
r3k2r/ppb2ppp/2p5/2P1p3/2QqP3/N7/R2P2PP/2B2RK1 w kq - 1 16,1.0,w
r6r/ppb2kpp/2p5/2P5/3pP3/N7/R2P2PP/2B3K1 w - - 0 18,1.0,w
7r/pRb1rkpp/2p5/2P5/3pP3/N7/3P2PP/2B3K1 w - - 1 20,1.0,w
7r/p3rkpp/2p5/2P5/2NpP3/8/3P2PP/2B3K1 w - - 2 22,1.0,w
5r2/p3r1pp/2pN2k1/2P5/3pP3/6P1/3P3P/2B3K1 w - - 1 24,1.0,w
5r2/p5pp/2pNr1k1/2P5/4P1P1/3p4/1B1P3P/6K1 w - - 1 26,1.0,w
8/p5pp/2pNr1k1/2P5/1r1BP1P1/3p4/3P2KP/8 w - - 5 28,1.0,w
5r2/p5pp/2pNr1k1/2P5/3BP1P1/3p4/3P2KP/8 w - - 9 30,1.0,w
1r6/p5pp/2pNr3/2P3k1/4P1P1/3p2K1/3P3P/6B1 w - - 13 32,1.0,w
8/pr4pp/2pP4/6k1/3BP1P1/3p2K1/3P3P/8 w - - 1 34,1.0,w
8/1r4pp/p2P4/2B1P1k1/6P1/3p2K1/3P3P/8 w - - 0 36,1.0,w
1r6/3P2pp/p3P3/2B3k1/6P1/3p2K1/3P3P/8 w - - 1 38,1.0,w
1r6/3PP1p1/p7/2B2k1P/8/3p2K1/3P3P/8 w - - 1 40,1.0,w
3Q4/6p1/8/p1B2k1P/8/3p2K1/3P3P/8 w - - 0 42,1.0,w
8/6p1/8/p1B3kP/Q7/3p2K1/3P3P/8 w - - 4 44,1.0,w
8/6p1/6Q1/p1B1k2P/8/3p2K1/3P3P/8 w - - 8 46,1.0,w
8/6p1/4Q3/p1B4P/4k3/3p2KP/3P4/8 b - - 0 48,1.0,b
r1bq1rk1/ppppppbp/2n2np1/8/PP6/5NP1/2PPPPBP/R1BQK2R w KQ - 1 6,1.0,w
r1bq1rk1/ppppppbp/5np1/3n4/P7/5NP1/1BPPPPBP/1R1QK2R w K - 2 8,1.0,w
r1bqr1k1/pppppp1p/5npb/3n4/P7/2P2NP1/1B1PPPBP/1R1Q1K1R w - - 1 10,1.0,w
1rbqr1k1/pppppp1p/1n3npb/8/P1P5/3P1NP1/1B2PPBP/1R1Q1K1R w - - 1 12,1.0,w
1rbqr1k1/pppppp1p/5n1b/P5p1/2P5/5NP1/1B2PPBP/1R1Q1K1R w - - 0 14,1.0,w
1rbqr1k1/pppp1p1p/5p1b/P7/2P3p1/5NP1/4PPBP/1R1Q2KR w - - 0 16,1.0,w
1rbqr1k1/pppp1pbp/8/P4N2/2P3p1/6P1/4PPBP/1R1Q2KR w - - 1 18,1.0,w
1rbqr3/pppp1p1p/6k1/P7/2PQ2p1/6P1/4PPBP/1R4KR w - - 2 20,1.0,w
1rb1r3/Qpp2p1p/5qk1/P2p4/2P3p1/4P1P1/5PBP/1R4KR w - d6 0 22,1.0,w
1Q2r3/1bp2p1p/5qk1/P7/2p3p1/4P1P1/5P1P/1R4KR w - - 0 24,1.0,w
4r3/2p2p1p/2Q1q1k1/P7/2p3p1/4P1P1/5P1P/1R4KR w - - 3 26,1.0,w
4r3/5p1p/6k1/P7/4q1p1/2Q1P1P1/5P1P/1R4KR w - - 1 28,1.0,w
8/7p/4p1k1/P7/4q1p1/2Q1P1P1/5P1P/6KR w - - 0 30,1.0,w
8/7p/4p1k1/P4q2/6p1/2Q1P1PP/5P1K/7R w - - 3 32,1.0,w
5q2/7p/4p1k1/P7/6P1/2Q1P1PK/8/7R w - - 2 34,1.0,w
8/6kp/4pq2/P7/6P1/4P1PK/1Q6/7R w - - 6 36,1.0,w
8/7p/4p1k1/P4q2/6P1/4P1PK/8/1Q5R w - - 10 38,1.0,w
8/5k1p/P7/5p2/8/4P1PK/8/1Q5R w - - 1 40,1.0,w
8/3k3p/P7/8/8/4P1PK/8/1Q5R w - - 3 42,1.0,w
8/P6Q/8/4k3/8/4P1PK/8/7R w - - 1 44,1.0,w
8/7Q/3k4/8/4Q3/4P1PK/8/7R w - - 3 46,1.0,w
rnbqk1nr/ppp2ppp/3b4/3pp3/8/1P2PQ2/PBPP1PPP/R3KBNR b KQkq - 3 4,0.0,b
rnbqk2r/ppp2ppp/3b1n2/1B1p4/4p3/1P2P3/PBPP1PPP/R2QK1NR b KQkq - 3 6,0.0,b
rn1q3r/pppk1ppp/3b1n2/3p4/4p3/1P2P2N/PBPP1PPP/R2QK2R b KQ - 1 8,0.0,b
r2q3r/pppk1ppp/2nb1n2/3p4/8/1P1QP2N/PBP2PPP/R3K2R b KQ - 0 10,0.0,b
r3q2r/pppk1ppp/2n2n2/1Q1p4/1b6/1P2P2N/PBP1KPPP/R6R b - - 4 12,0.0,b
r3q2r/pppk1p1p/2nb1p2/3Q4/8/1P2P2N/P1P1KPPP/R6R b - - 0 14,0.0,b
r3q1r1/pQpk1p1p/3b1p2/8/1n6/1P2P2N/P1P1KPPP/3R3R b - - 0 16,0.0,b
r3q1r1/1Qpk1p1p/3b1p2/8/1n6/1P2P2N/P1P1KPPP/3R3R b - - 2 18,0.0,b
4q1r1/2pk1p1p/3b1p2/8/1Q6/1P2P2N/2r2PPP/3RK2R b - - 1 20,0.0,b
2k1q3/2p2p1p/5R2/8/1Q6/1P2P2N/2r2PrP/4K2R b - - 0 22,0.0,b
2k1q3/2p2p1p/5R2/8/5Q2/1P2P2N/4KPrP/7r b - - 1 24,0.0,b
r4rk1/pp2ppbp/1qn1bnp1/2p5/3p1P2/Q1PP1NP1/PP1BP1BP/R4R1K b - - 5 11,0.0,b
r2r2k1/pp2ppbp/1qn1bnp1/2p5/5P2/Q1BP1NP1/PP2P1BP/R1R4K b - - 2 13,0.0,b
r2r2k1/pp2ppbp/1qn2np1/3b4/2P2P2/Q1B2NP1/PPR1P1BP/R6K b - - 0 15,0.0,b
r2R2k1/pp2ppbp/2n2np1/8/2P1bP2/Q1B2NP1/PP2PqBP/R6K b - - 0 17,0.0,b
3r3k/pp2ppbp/2n2Bp1/8/2P1bP2/1Q3NP1/PP2PqBP/R6K b - - 0 19,0.0,b
3r3k/pQ2pp1p/2n2bp1/8/2P2P2/5BP1/PP2Pq1P/R6K b - - 0 21,0.0,b
Q5k1/p3pp1p/2Br1bp1/8/2P2P2/6P1/PP2Pq1P/R6K b - - 2 23,0.0,b
8/p3ppkp/3r1bp1/2q5/B1P2P2/5QP1/PP2P2P/R6K b - - 6 25,0.0,b
8/p3ppkp/3r1bp1/2P5/q4P2/5QP1/PP2P1KP/R7 b - - 0 27,0.0,b
3r4/p3ppkp/6p1/2P5/q4P2/6P1/Pb2P1KP/R2Q4 b - - 1 29,0.0,b
8/p3ppkp/6p1/2P5/5P2/6P1/Pb2PK1P/3q4 b - - 1 31,0.0,b
8/p3ppkp/6p1/2P5/3b1PK1/6P1/P3P2P/7q b - - 5 33,0.0,b
8/p3ppkp/6p1/2b2P2/4q3/6PK/P3P2P/8 b - - 2 35,0.0,b
8/4ppkp/p7/2b2p2/P7/6PK/4q2P/8 w - - 0 38,0.0,w
5k2/p4p2/1p1n1p1p/1P1P3P/3K1PP1/P2B4/8/8 b - - 0 37,1.0,b
8/pn2kp2/1p3p1p/1P1P3P/5PP1/P2B4/4K3/8 b - - 4 39,1.0,b
8/pn3p2/1p1k3p/1P1P2PP/8/P2B4/4K3/8 b - - 0 41,1.0,b
8/p4p1P/1p1k4/1P1P3P/8/Pn1B4/4K3/8 b - - 0 43,1.0,b
7Q/p4p2/1p6/1P1k3P/8/P2BK3/8/2n5 w - - 2 46,1.0,w
8/p4p2/1p5Q/1P2k2P/8/P2B4/5K2/2n5 w - - 6 48,1.0,w
8/p4p2/1p5P/1P1k4/8/P2B4/5K2/2Q5 w - - 1 50,1.0,w
8/5p1P/pp1k4/1P6/2Q5/P2B4/5K2/8 w - - 0 52,1.0,w
8/3k1p2/1p3Q2/1p6/2Q5/P2B4/5K2/8 w - - 2 54,1.0,w
r2q1rk1/pp1nbppp/2p1bn2/3pp3/4P3/1BPPBP2/PP2Q1PP/RN3R1K b - - 2 10,0.0,b
r2q1rk1/pp2bppp/2p1bn2/2B1p3/4P3/1BPP4/PP2Q1PP/RN3R1K b - - 0 12,0.0,b
r2q1rk1/pp4pp/2p1pn2/2b1p3/4P3/2PP4/PP1NQ1PP/R4R1K b - - 1 14,0.0,b
r2q1rk1/1p4pp/pbp1pn2/4p3/4P3/1NPP1R2/PP2Q1PP/R6K b - - 3 16,0.0,b
r4r2/1pq2kpp/pbp1pR2/4p3/4P3/1NPP4/PP2Q1PP/5R1K b - - 0 18,0.0,b
r4r2/1pq4p/pbpkpp2/4p2Q/4P3/1NPP4/PP4PP/5R1K w - - 3 21,0.0,w
4rrk1/2p2qbn/1p1p2pp/pPnPp3/P3Pp2/R2P1PPB/7P/2BQ1R1K w - - 0 29,1.0,w
5rk1/2p1rqbn/3p2pp/pPpPp3/P3Pp2/3P1PPB/7P/2BQ1R1K w - - 0 31,1.0,w
5rk1/2p3bn/3pq1pp/pPp1p3/P3Pp2/3P1PP1/7P/2BQ1R1K w - - 0 33,1.0,w
r5k1/2p3bn/3pq1pp/pPp5/P3Pp2/3P1P2/3B3P/3Q1R1K w - - 2 35,1.0,w
r5k1/2p3bn/3p2pp/pP6/P1q1PB2/5P2/7P/3Q1R1K w - - 0 37,1.0,w
r5k1/5qbn/3p2pp/pP6/P3P3/5P2/7P/3Q2RK w - - 2 39,1.0,w
r5k1/6bn/3Q2pp/pP6/P3P3/8/6RP/5q1K w - - 2 41,1.0,w
r5k1/6b1/3Q1npp/pP2P3/P7/8/7P/5R1K b - - 0 43,1.0,b
6k1/5rb1/4QPpp/pP6/P7/8/7P/5R1K b - - 2 45,1.0,b
5bk1/2R2r2/4QP1p/pP4p1/P7/8/7P/7K b - - 1 47,1.0,b
2R4k/5Q2/5P1p/pP4p1/Pb6/8/7P/7K b - - 2 49,1.0,b
r2qk2r/pp1nbppp/2p1bn2/3pp3/4P3/1B1P1P2/PPPNQ1PP/R1B2R1K b kq - 6 9,0.5,b
r2qk2r/pp2bppp/2p1bn2/3pp3/4P3/1N1P1P2/PPP3PP/R1B1QR1K b kq - 0 11,0.5,b
r2q3r/pp1kbppp/2p1bn2/4p3/4P3/1NQP4/PPP3PP/R1B2R1K b - - 2 13,0.5,b
r4q1r/pp1k1ppp/2p1bn2/4Q1B1/1b2P3/1N1P4/PPP3PP/R4R1K b - - 0 15,0.5,b
r3kq1r/pp3p1p/2p1bQ2/8/1b2P3/1N1P4/PPP3PP/R4R1K b - - 0 17,0.5,b
r4q1r/ppk2p1p/2p1Q3/8/1b2P3/1N1P4/PPP2RPP/R6K b - - 0 19,0.5,b
5r1r/ppk4p/2p1p3/8/1b2P3/1N1P4/PPP3PP/3R3K b - - 1 21,0.5,b
3r3r/ppk1b2p/2p1p3/8/4P3/1NPP2P1/PP5P/3R3K b - - 0 23,0.5,b
6r1/ppk1b2p/2p1p3/8/4P3/1NPR2P1/PP5P/6K1 b - - 0 25,0.5,b
6r1/pp5p/1kp1p3/2b5/4P3/1NPR2P1/PP4KP/8 b - - 4 27,0.5,b
5b2/pp5p/1kp1p1r1/8/3NP3/2PR2P1/PP3K1P/8 b - - 8 29,0.5,b
8/pp4bp/1kp1r3/8/4P3/2PR1KP1/PP5P/8 b - - 1 31,0.5,b
8/pp2r2p/1kp5/4b3/4P3/2P3P1/PP4KP/3R4 b - - 5 33,0.5,b
8/pp2r2p/2p5/1k6/4P3/2P3P1/P4K1P/3R4 b - - 0 35,0.5,b
8/pp5p/2p5/8/2k1r3/2P3PP/P4K2/2R5 b - - 0 37,0.5,b
8/pp2r2p/8/2p5/2k5/1RP3PP/P4K2/8 w - - 3 40,0.5,w
8/1p2r2p/p7/2p5/8/R1Pk1KPP/P7/8 w - - 2 42,0.5,w
8/1p4rp/p7/2p5/5K2/1RP3PP/P1k5/8 w - - 6 44,0.5,w
8/7p/p7/2p5/4K3/2P3PP/Prk5/8 w - - 2 46,0.5,w
8/7p/p7/2p5/2P1K2P/r5P1/2k5/8 w - - 1 48,0.5,w
8/7p/p7/2p2K2/2P3PP/6r1/8/3k4 w - - 3 50,0.5,w
8/7p/p7/2p2KPP/2P5/2r5/2k5/8 w - - 1 52,0.5,w
8/6P1/p6p/2p2K1P/2r5/8/2k5/8 w - - 0 54,0.5,w
8/7Q/p6p/2p2K1P/3r4/8/2k5/8 w - - 3 56,0.5,w
8/8/7Q/p1p1K2P/8/3r4/2k5/8 w - - 0 58,0.5,w
8/8/1Q6/p1pK3P/8/3r4/2k5/8 w - - 4 60,0.5,w
8/8/1Q6/p6P/3K4/3r4/2k5/8 w - - 3 62,0.5,w
8/8/8/p1Q4P/4K3/2r5/2k5/8 b - - 7 64,0.5,b
8/7P/8/p6r/4K3/8/2k5/8 b - - 0 66,0.5,b
8/7P/8/7r/4K3/p7/2k5/8 b - - 1 68,0.5,b
7Q/8/8/7r/8/5K2/2k5/q7 b - - 0 70,0.5,b
8/6q1/8/7r/8/5K2/2k5/8 b - - 3 72,0.5,b
8/6q1/8/8/8/8/2k2K2/4r3 b - - 7 74,0.5,b
8/6q1/8/8/8/8/2k1K3/r7 b - - 11 76,0.5,b
8/6q1/8/8/8/8/2k1K3/2r5 b - - 15 78,0.5,b
8/6q1/8/8/8/8/2k1K3/1r6 b - - 19 80,0.5,b
8/6q1/8/8/8/8/2k2K2/4r3 b - - 23 82,0.5,b
3rr1k1/p3qppp/1p2bn2/2p5/7n/PP1BP1NP/4QPP1/2R1R1K1 w - - 3 25,1.0,w
3r2k1/pq2rppp/1p2bn2/1Bp5/7n/PP2P1NP/5PP1/2R1RQK1 w - - 7 27,1.0,w
6k1/p1q1rppp/1p2bn2/2p5/B6n/PP2P1NP/5PP1/2Rr1QK1 w - - 0 29,1.0,w
6k1/p1q1rppp/1p3n2/1Bpb4/8/PP2P1NP/5Pn1/2RQ2K1 w - - 0 31,1.0,w
6k1/p1q1rppp/1p6/1BpQ3n/8/PP2n2P/5P2/2R3K1 w - - 0 33,1.0,w
6k1/p3rppp/1p6/1BpQ3n/8/PP2P1qP/4K3/2R5 b - - 3 35,1.0,b
2r5/pp3pkp/5p2/3P4/1P6/P1nB4/2R2PPP/6K1 w - - 1 27,1.0,w
2r5/pp3pkp/5p2/3P4/1P6/P1nB1P2/2R2KPP/8 w - - 3 29,1.0,w
2r5/pp3pkp/5p2/3P4/1P6/P2BnPP1/2R3KP/8 w - - 3 31,1.0,w
8/pp3pkp/5p2/3P1B2/1P6/P1r2PP1/2n2K1P/8 w - - 2 33,1.0,w
8/pp1P1pkp/5p2/5B2/1P1n4/P4rP1/5K1P/8 w - - 0 35,1.0,w
3Q4/pp3pkp/5p2/5n2/1P6/r5P1/6KP/8 w - - 0 37,1.0,w
8/pp3pkp/5p2/8/1P4n1/r5P1/3Q1K1P/8 w - - 4 39,1.0,w
8/pp3pkp/5p2/4n3/1P6/3Q2P1/6KP/8 w - - 1 41,1.0,w
8/p4p1p/1p3p1k/4n3/QP6/6P1/6KP/8 w - - 2 43,1.0,w
8/5p1p/5p1k/1pQ5/1P6/3n2P1/6KP/8 w - - 2 45,1.0,w
8/5pkp/5p2/1p6/1P3Q2/6P1/6KP/8 w - - 1 47,1.0,w
5k2/5p1p/5Q2/1p6/1P6/6P1/6KP/8 w - - 1 49,1.0,w
8/5p1Q/4k3/1p6/1P6/6P1/6KP/8 w - - 1 51,1.0,w
8/5Q2/3k4/1p6/1P6/6P1/6KP/8 w - - 1 53,1.0,w
8/8/3k4/1Q6/1P6/6P1/6KP/8 w - - 1 55,1.0,w
8/5k2/8/6Q1/1P6/6P1/5K1P/8 w - - 5 57,1.0,w
3k4/8/8/4Q3/1P6/6P1/5K1P/8 w - - 9 59,1.0,w
8/6Q1/3k4/1P6/8/6P1/5K1P/8 w - - 3 61,1.0,w
8/1P4Q1/8/3k4/8/6P1/5K1P/8 w - - 1 63,1.0,w
1Q6/8/8/4Q3/8/3k2P1/5K1P/8 w - - 3 65,1.0,w
r2q1rk1/ppb2ppp/2p2nb1/2Pp1P2/1P1Bn3/3BP3/P1Q3PP/RN3RK1 b - - 0 14,0.0,b
r2qr1k1/ppb2ppp/2p2n2/2Pp1P1b/1P1Bn1P1/3BP2P/P1Q5/RN3RK1 b - g3 0 16,0.0,b
r2qr1k1/ppb2ppp/2p2n2/2Pp1P2/1P1B2P1/3BP1n1/P1Q5/RN1R2K1 b - - 2 18,0.0,b
r2qr1k1/pp3ppp/2p2n2/2Pp1P2/1P1P2P1/3B2n1/P4Q2/RN1R2K1 b - - 0 20,0.0,b
r1q1r1k1/pp3ppp/2p2n2/2Pp1P2/1P1PnQP1/3B4/P5K1/RN1R4 b - - 4 22,0.0,b
r1q1r1k1/pp3pp1/2p5/2Pp1P1n/1P1Pn3/3B4/P5KQ/RN1R4 b - - 1 24,0.0,b
r3r1k1/pp3pp1/2p5/2Pp3n/1P1PB1q1/8/P4K1Q/RN1R4 b - - 2 26,0.0,b
r3r3/pp3ppk/2p5/2Pp3n/1P1P4/8/P2N1K1Q/R2q4 b - - 1 28,0.0,b
r3r3/pp3ppk/2p5/2Pp3n/1P1q4/8/P4Q2/R5K1 b - - 1 30,0.0,b
r3r3/pp3ppk/2p2q2/2Pp3n/1P6/5Q2/P5K1/8 b - - 3 32,0.0,b
r3r3/pp3ppk/2p5/2Pp3n/1P6/5Q2/P5K1/1q6 b - - 7 34,0.0,b
r3r3/pp3ppk/2p5/2Pp3n/1Pq5/8/4Q3/5K2 b - - 3 36,0.0,b
r3r3/pp3ppk/2p5/2Pp3n/1P6/8/3q4/5K2 b - - 3 38,0.0,b
3rr1k1/p3qppp/1p2bnn1/2p5/8/PP2P1NP/4QPP1/1BR1R1K1 w - - 1 24,1.0,w
3rr1k1/p1q2ppp/1p3nn1/2p5/2Q5/PP2P1NP/5PP1/1B2R1K1 w - - 1 26,1.0,w
3rr1k1/p2q1pp1/1p3np1/2p5/2Q5/PP2P2P/4NPP1/4R1K1 w - - 0 28,1.0,w
2qr2k1/p4pp1/1p3nN1/2p5/2Q1r3/PP2P2P/5PP1/4R1K1 w - - 1 30,1.0,w
2qr2N1/p4pp1/1p6/2p5/4n3/PP2P2P/5PP1/4R1K1 b - - 0 32,1.0,b
6r1/p4pp1/1p6/2p5/4n3/PP2PP1P/8/4R1K1 b - - 0 34,1.0,b
3r4/p4pp1/1p6/8/2P1P3/P3P2P/8/4R1K1 b - - 0 36,1.0,b
8/5pp1/pp6/8/2P1P3/P3P2P/5K2/3r4 b - - 1 38,1.0,b
8/5pp1/8/pP6/P3P3/4P2P/5K2/3r4 b - - 0 40,1.0,b
8/6p1/8/pP3P2/P6P/4P3/5K2/3r4 b - - 0 42,1.0,b
8/8/6P1/pP6/P6P/4P3/4K3/5r2 b - - 2 44,1.0,b
8/8/6P1/pP6/P6P/4P3/4r3/2K5 b - - 6 46,1.0,b
8/6P1/8/pP6/P6P/4r3/1K6/8 b - - 0 48,1.0,b
3r2k1/pb3ppp/1p1r1n2/4q3/1PB1P2n/6NP/4QPP1/2R1R1K1 b - - 0 29,0.5,b
3r4/pbR2kpp/3r1n2/1p2q3/1P2P2n/6NP/4QPP1/4R1K1 b - - 1 31,0.5,b
3r4/pb1r1kpp/5nn1/1p2q3/1P2P3/6NP/4QPP1/2R1R1K1 b - - 5 33,0.5,b
3r1k2/pb1r2pp/5n2/Qp2q3/1P2P2n/6NP/5PP1/2R1R1K1 b - - 9 35,0.5,b
3r4/pb1r1kpp/5n2/QpR1q3/1P2P3/6NP/5PK1/4R3 b - - 2 37,0.5,b
3r4/p2r1kpp/2bq1n2/Q1R5/1P2P3/6NP/5PK1/4R3 b - - 2 39,0.5,b
3r4/p2r1kpp/3q4/Q1R5/1P2R3/7P/5PK1/8 b - - 0 41,0.5,b
3r4/p2r1kpp/3q4/Q4R2/1P4R1/7P/5PK1/8 b - - 4 43,0.5,b
3rk3/p3R1pp/3q4/Q4R2/1P6/7P/5PK1/8 b - - 0 45,0.5,b
8/3rk1pp/3q4/5R2/1P6/4Q2P/5PK1/8 b - - 2 47,0.5,b
3k4/3r2pp/2q5/4R3/1P6/4Q1KP/5P2/8 b - - 6 49,0.5,b
3k4/3r2pp/3q4/4R1Q1/1P6/7P/5P1K/8 b - - 10 51,0.5,b
8/2kr2pp/4R3/8/1q6/6QP/5P1K/8 b - - 1 53,0.5,b
8/2kr3p/4R3/8/1q6/6QP/5P1K/8 b - - 2 55,0.5,b
8/4R2p/2kr4/8/1q6/5Q1P/5P1K/8 b - - 6 57,0.5,b
1q6/7R/2k5/3r4/8/6QP/5P1K/8 b - - 2 59,0.5,b
8/7R/2k5/8/6K1/3r3P/5P2/8 b - - 2 61,0.5,b
8/1k6/4R3/8/6K1/r6P/5P2/8 b - - 6 63,0.5,b
8/1k2R3/8/5K2/8/7P/r4P2/8 b - - 10 65,0.5,b
8/4R3/1k1K4/8/8/7P/4rP2/8 b - - 14 67,0.5,b
8/4R3/1k3K2/8/8/7P/4rP2/8 b - - 18 69,0.5,b
8/4R3/1k6/8/5K2/7P/6r1/8 b - - 3 71,0.5,b
6r1/4R3/8/1k3K2/8/7P/8/8 w - - 7 74,0.5,w
5r2/8/2k5/5K2/8/7P/8/4R3 w - - 11 76,0.5,w
8/7r/2k5/8/8/6KP/8/4R3 w - - 15 78,0.5,w
8/7r/4k3/8/8/6KP/8/3R4 w - - 19 80,0.5,w
8/7r/6k1/8/8/6KP/5R2/8 w - - 23 82,0.5,w
8/8/6k1/7r/8/6KP/5R2/8 w - - 27 84,0.5,w
8/8/8/5k2/8/6KP/8/8 w - - 0 86,0.5,w
8/6k1/8/8/7P/5K2/8/8 w - - 1 88,0.5,w
8/8/8/4k2P/6K1/8/8/8 w - - 1 90,0.5,w
8/4k3/6K1/7P/8/8/8/8 w - - 5 92,0.5,w
8/7P/2k3K1/8/8/8/8/8 w - - 1 94,0.5,w
8/8/2k3K1/4Q3/8/8/8/8 w - - 3 96,0.5,w
8/1k6/6K1/2Q5/8/8/8/8 w - - 7 98,0.5,w
8/8/6K1/k7/2Q5/8/8/8 w - - 11 100,0.5,w
8/k7/6K1/8/1Q6/8/8/8 w - - 15 102,0.5,w
8/k7/8/1Q4K1/8/8/8/8 w - - 19 104,0.5,w
8/1k6/8/6K1/8/8/8/2Q5 w - - 23 106,0.5,w
8/8/6K1/k7/2Q5/8/8/8 w - - 27 108,0.5,w
r1bq1rk1/ppp1ppbp/2np1np1/8/PP6/5NP1/1BPPPPBP/R2QK2R w KQ - 2 7,0.0,w
r2q1rk1/ppp1ppbp/2bp1np1/8/P7/5NP1/1BPPPPBP/R2QK2R w KQ - 0 9,0.0,w
r2qr1k1/ppp1ppbp/2bp2p1/8/P3n3/2B2NP1/2PPPPBP/R2Q1K1R w - - 4 11,0.0,w
r2qr1k1/pppbppbp/6p1/3pN3/P2Bn3/6P1/2PPPPBP/R2Q1K1R w - - 2 13,0.0,w
r1q1r1k1/ppp1ppbp/6p1/3pNb2/P2Bn3/4P1P1/2PP1PBP/1R1Q1K1R w - - 3 15,0.0,w
r1q1r1k1/ppp1ppbp/6p1/3pN3/P2Bn1b1/4P3/2PPKPBP/1R1Q3R w - - 0 17,0.0,w
r3r1k1/ppp1ppbp/6p1/3p4/P2B2q1/4PB2/2PPKn1P/1R1Q3R w - - 0 19,0.0,w
r3r1k1/ppp1pp1p/6p1/3p4/P2b3q/4PB2/2PP3P/1R1Q1K1R w - - 0 21,0.0,w
r3r1k1/pR2pp1p/2p3p1/3p4/P2q4/5B2/2PP3P/3Q1K1R w - - 0 23,0.0,w
1r4k1/p3pp1p/2p3p1/3p4/P2q4/5B2/2PP3P/3Q1K1R w - - 0 25,0.0,w
6k1/p3pp1p/2p3p1/3p4/P4q2/2P2B2/1r1P3P/3Q1KR1 w - - 3 27,0.0,w
6k1/p3p2p/2p3p1/P2p4/5q2/2P2B2/3r3P/3Q1K2 w - - 0 29,0.0,w
6k1/p3p2p/2p3p1/P2p4/8/2P1q3/3rB2P/5K2 b - - 1 31,0.0,b
r4rk1/ppn2ppp/5Q2/8/2P3b1/2N5/PP3PPP/3R1BK1 w - - 1 19,1.0,w
r4rk1/ppn2ppp/8/8/2P2Q2/2NB4/PPb2PPP/6K1 w - - 2 21,1.0,w
r1r5/ppn2ppk/8/8/2P2Q2/2N5/PP3PPP/6K1 w - - 0 23,1.0,w
r3r3/ppQ3pk/8/8/2P5/2N5/PP3PPP/6K1 w - - 1 25,1.0,w
7r/ppQ3pk/8/8/2P5/2N5/PP3PPP/4K3 w - - 1 27,1.0,w
4r3/pQ4p1/6k1/8/2P5/2N5/PP3PPP/5K2 w - - 3 29,1.0,w
8/4Q1p1/7k/8/2P5/2N5/PP3PPP/5K2 w - - 1 31,1.0,w
8/5Qp1/7k/3N4/2P5/8/PP3PPP/5K2 w - - 5 33,1.0,w
8/5Qp1/2N4k/8/2P5/8/PP3PPP/5K2 w - - 9 35,1.0,w
8/4NQp1/8/8/2P4k/P7/1P3PPP/5K2 w - - 1 37,1.0,w
8/4N1p1/7k/5Q2/2P5/P7/1P3PPP/5K2 w - - 5 39,1.0,w
r1bq1rk1/1pp2pbp/3p1np1/pPn5/P3p3/R2P1NP1/1BP1PPBP/3Q1RK1 w - - 0 11,0.0,w
r2q1rk1/1pp2p1p/3p1bp1/pPn5/P3P1b1/R4NP1/2P1PPBP/3Q1RK1 w - - 0 13,0.0,w
r2q1rk1/1pp2p1p/4nbp1/pP2p3/P5b1/2R2NP1/2P1PPBP/3Q1RK1 w - - 2 15,0.0,w
r4rk1/1pp2p1p/4nbp1/pP2Rb2/P7/5NP1/2P1PPBP/3q1RK1 w - - 0 17,0.0,w
r4rk1/1pp2p1p/4n1p1/pP2N3/P7/6P1/2b1PPBP/3R2K1 w - - 0 19,0.0,w
rr4k1/1pp2p1p/6p1/pP1BN3/P2n4/6P1/2b1PP1P/R5K1 w - - 4 21,0.0,w
rr3k2/1pp4p/6B1/pP2N3/P7/6P1/2b1nP1P/R5K1 w - - 0 23,0.0,w
rr3k2/1pp4p/6b1/pP2N3/P7/6P1/7P/R4K2 b - - 0 25,0.0,b
r3rk2/1pp4p/8/pP6/P1N5/3b2P1/7P/R5K1 b - - 4 27,0.0,b
r4k2/1pp4p/8/pP6/P1b1r3/6P1/5K1P/2R5 b - - 3 29,0.0,b
4rk2/1pp4p/8/pP6/P1r5/6P1/7P/5K2 b - - 1 31,0.0,b
4rk2/1pp4p/8/pP6/8/5KP1/r6P/8 b - - 3 33,0.0,b
4r3/1pp2k1p/8/pP4K1/8/6P1/7r/8 b - - 3 35,0.0,b
4r3/1pp2k1p/8/pr6/5K2/6P1/8/8 b - - 1 37,0.0,b
4r3/1pp4p/5k2/p5P1/5K2/1r6/8/8 b - - 0 39,0.0,b
4r3/1pp4p/6k1/6P1/p4K2/1r6/8/8 b - - 1 41,0.0,b
7k/2p3bn/1p1p2pp/pPnPp3/P3Pr1q/3P1P2/6BP/3QRR1K w - - 0 37,0.0,w
7k/2p2rbn/1p1p3p/pPnPp1p1/P3P2q/3P1P2/3Q2BP/R4R1K w - - 0 39,0.0,w
7k/2p2rb1/1p1p1n1p/pPnPp1pq/P3P3/3P1P2/3Q2BP/2R2RK1 w - - 4 41,0.0,w
7k/2p2rb1/1p3n1p/pPnPp1pq/P4p2/3P4/3Q2BP/2R2RK1 w - - 0 43,0.0,w
7k/2p2rb1/1p5p/pPnnp2q/P4pp1/3P4/3Q3P/2RB1RK1 w - - 0 45,0.0,w
7k/2p2rb1/1p5p/pP1np3/n4pq1/3P4/3Q3P/2R2R1K w - - 0 47,0.0,w
7k/2p2rb1/1p5p/pP1np3/n7/3P1p2/5QqP/2R2R1K w - - 2 49,0.0,w
7k/2p2rb1/1p5p/pP2p3/n7/3Pn3/6KP/2R2R2 w - - 1 51,0.0,w
7k/2p2rb1/1p5p/pP2p3/n7/3P4/7K/2R5 b - - 0 53,0.0,b
7k/2p2rb1/1p5p/pP2p3/8/2Rn2K1/8/8 b - - 1 55,0.0,b
7k/2p2r2/1p5p/pP6/8/2bnp3/7K/8 w - - 0 58,0.0,w
7k/2p2r2/1p5p/pP6/8/2bn4/6K1/4q3 w - - 0 60,0.0,w
7k/2p2r2/1p5p/pP6/6K1/2bn4/8/4q3 w - - 4 62,0.0,w
7k/2p2r2/1p5K/1P6/p7/2b5/1n6/4q3 w - - 0 64,0.0,w
7k/2p5/1p6/1P5K/p7/2b5/1n6/4q1r1 w - - 4 66,0.0,w
rnbqkb1r/pp1p1ppp/2p2n2/8/2P1p3/4P3/PPQPBPPP/RNB1K2R w KQkq - 0 5,0.0,w
rnb1kb1r/pp1p1ppp/2p2n2/4q3/2P1p3/2N1P3/PPQPBPPP/R1B2RK1 w kq - 4 7,0.0,w
r1b1k2r/pp1p1ppp/n1pb1n2/4q3/2P1P3/2N1P3/PPQPB1PP/R1B2RK1 w kq - 1 9,0.0,w
r1b1k2r/pp1p1ppp/n1p2n2/8/2PPP3/2N1P1b1/PPQ1BKPq/R1B2R2 w kq - 2 11,0.0,w
r3kr2/pp3ppp/n1p2n2/3p4/2PPP1b1/2N1PKb1/PPQ1B1Pq/R1B4R b kq - 2 13,0.0,b
r1bq1rk1/1ppn1pbp/3p1np1/pP2p3/P7/3P1NP1/1BPKPPBP/R2Q3R b - - 2 9,0.0,b
r1b1qrk1/1pp2pbp/1n1p1np1/pP2p3/P7/3P1NP1/1BP1PPBP/R1K1Q2R b - - 6 11,0.0,b
r3qrk1/1pp2p1p/1n1p1npb/pP2p3/P5b1/3P1NP1/2P1PPBP/RKB1Q2R b - - 10 13,0.0,b
r3qrk1/1pp2p2/1n1p1npp/pP2p3/P5b1/3P2P1/2PNPPBP/R1K1Q2R b - - 1 15,0.0,b
4qrk1/rpp2p2/1n1p2pp/pP2p2n/P3N1b1/3P2P1/2PQPPBP/R1K4R b - - 5 17,0.0,b
4qr2/rpp2p1k/1n1p2pp/pP2pb1n/P7/3P2P1/2PQPPBP/R1KN3R b - - 9 19,0.0,b
4qr2/rpp2p1k/1n1p1npp/pP3b2/P3p3/2QPN1P1/2P1PPBP/R1K4R b - - 1 21,0.0,b
4qr2/rpp2p1k/3p2pp/pP1n1b2/P3p3/3P2P1/2P1PPBP/R1K1Q2R b - - 1 23,0.0,b
4qr2/rpp2p1k/1P1p2pp/p2B1b2/P7/6P1/2P1pP1P/R1K1Q2R b - - 0 25,0.0,b
5r2/rp3p1k/1p1p2pp/p2B1b2/q7/6P1/2P1QP1P/1RK4R b - - 0 27,0.0,b
5r2/rB3p1k/1p1p2pp/p1q2b2/8/6P1/2PKQP1P/1R5R b - - 0 29,0.0,b
5r2/rB3p1k/1p1p2pp/p1q2b2/8/5KP1/4QP1P/1R5R b - - 3 31,0.0,b
5r2/rB3p1k/1p1p2pp/p4q2/7K/6P1/4QP1P/1R5R b - - 2 33,0.0,b
2rr2k1/pp3p1p/n4p2/8/2P1N3/8/PPR2PPP/5BK1 b - - 6 22,0.0,b
2rr2k1/pp3p1p/5p2/8/2P1N3/6R1/nP3PPP/5BK1 b - - 1 24,0.0,b
2rr1k2/pp3p1p/8/5pN1/2P5/R7/nP3PPP/5BK1 b - - 1 26,0.0,b
3r4/pp3pkN/2r5/5p2/2P5/8/RP3PPP/5BK1 b - - 0 28,0.0,b
8/Rp1r1p1k/2r5/5p2/2P5/8/1P2BPPP/6K1 b - - 2 30,0.0,b
8/1r3pk1/2r5/5p2/2P5/5P2/1P2B1PP/6K1 b - - 0 32,0.0,b
8/5pk1/2r5/8/2P2p2/5P1P/1r2B1P1/5K2 b - - 0 34,0.0,b
8/5pk1/r7/8/2P2p2/3B1P1P/1r4P1/6K1 b - - 4 36,0.0,b
8/5pk1/8/2P5/5p2/5P1P/3r2P1/r4BK1 b - - 0 38,0.0,b
8/2P2pk1/8/8/5p2/5P1P/3r2P1/2r2BK1 b - - 0 40,0.0,b
8/2r2pk1/8/8/5p2/3B1P1P/1r4P1/6K1 b - - 3 42,0.0,b
8/5pk1/8/8/2B2p2/5P1P/1r4PK/4r3 b - - 7 44,0.0,b
8/5pk1/8/8/5p2/3B1PPP/7K/2r1r3 b - - 0 46,0.0,b
8/5pk1/8/8/5P2/3r1PKP/8/4r3 b - - 1 48,0.0,b
8/5p2/5k2/8/5PKP/3r1P2/8/7r b - - 2 50,0.0,b
3r4/5p2/5k1K/8/5P1P/5P2/8/6r1 b - - 6 52,0.0,b
r3r1k1/1p1b1ppp/p1pq1n2/4n3/3N4/1P2P2P/P1Q2PP1/1BR2RK1 w - - 0 18,0.0,w
r3r1k1/1p2qppp/p1p2n2/4nb2/8/1P2P2P/P1Q2PP1/1BRR2K1 w - - 0 20,0.0,w
2r1r1k1/1p2qppp/p1p2n2/6Q1/8/1P2Pn1P/P4PP1/1BRR2K1 w - - 3 22,0.0,w
r3r1k1/1p3ppp/p1p2n2/5BQ1/8/qP2PP1P/P4P2/2RR2K1 w - - 3 24,0.0,w
r3r2k/5ppp/p1p2n2/5BQ1/8/qP2PP1P/P4PK1/3R4 w - - 2 26,0.0,w
4r2k/r4ppp/p1p2nB1/2q5/7Q/1P2PP1P/P4PK1/3R4 w - - 6 28,0.0,w
4r2k/5rpp/p1p2n2/6q1/Q7/1P2PP1P/P4PK1/3R4 w - - 2 30,0.0,w
4r1k1/5rpp/p1p2n2/4q3/Q7/1P2PP1P/P4PK1/3R4 w - - 6 32,0.0,w
Q4rk1/6pp/2p2n2/4q3/8/1P2PP1P/P4PK1/3R4 w - - 1 34,0.0,w
5rk1/6pp/2Q5/6q1/6n1/1P2PP1P/P4P1K/3R4 w - - 3 36,0.0,w
6k1/6pp/5r2/8/6P1/1P2PP2/P4P1K/3R4 w - - 0 38,0.0,w
3R4/5kpp/4r3/8/6P1/1P2PP2/P4PK1/8 w - - 4 40,0.0,w
8/3R2pp/r5k1/8/6P1/1P2PPK1/P4P2/8 w - - 8 42,0.0,w
8/6pp/2r2k2/8/5KP1/1P2PP2/P2R1P2/8 w - - 12 44,0.0,w
8/6pp/r5k1/6P1/6K1/1P2PP2/P2R1P2/8 w - - 3 46,0.0,w
8/5kpp/2R5/r5P1/6K1/1P2PP2/P4P2/8 w - - 7 48,0.0,w
2R5/4k1pp/8/r5P1/6K1/1P2PP2/P4P2/8 w - - 11 50,0.0,w
2R5/4k1pp/8/6P1/1P6/4PPK1/1r3P2/8 w - - 2 52,0.0,w
5k2/1R4pp/8/6P1/1P6/1r2PPK1/5P2/8 w - - 6 54,0.0,w
8/6kp/8/6P1/1r2P3/5PK1/5P2/8 w - - 0 56,0.0,w
8/7p/8/4PkP1/1r3P2/6K1/5P2/8 w - - 1 58,0.0,w
1r5R/8/8/4Pk2/5P2/6K1/5P2/8 b - - 0 60,0.0,b
2r5/8/4P3/5k2/5P2/5K2/5P2/8 b - - 0 62,0.0,b
2r5/8/8/5k2/8/4K3/5P2/8 b - - 1 64,0.0,b
2r5/8/8/8/5k2/3K4/5P2/8 b - - 5 66,0.0,b
4r3/8/8/8/2K5/5k2/5P2/8 b - - 9 68,0.0,b
3r4/8/8/8/2K5/8/5k2/8 b - - 1 70,0.0,b
3r4/8/2K5/8/4k3/8/8/8 b - - 5 72,0.0,b
2r5/8/8/4k3/1K6/8/8/8 b - - 9 74,0.0,b
2r5/8/8/8/3k4/8/1K6/8 b - - 13 76,0.0,b
8/8/8/2r5/2k5/8/1K6/8 b - - 17 78,0.0,b
8/8/8/3r4/2k5/8/8/1K6 b - - 21 80,0.0,b
8/8/8/8/2k5/8/1K6/r7 b - - 25 82,0.0,b
3r4/8/8/8/2k5/8/8/1K6 b - - 29 84,0.0,b
8/8/8/8/2k5/8/r7/1K6 b - - 33 86,0.0,b
3r4/8/8/8/2k5/8/1K6/8 b - - 37 88,0.0,b
8/8/8/8/2k5/3r4/1K6/8 b - - 41 90,0.0,b
8/8/8/8/2k5/K7/3r4/8 b - - 45 92,0.0,b
r1bqkb1r/ppnn1ppp/2p1p3/8/2P5/2N5/PP1P1PPP/R1BQRBK1 b kq - 2 8,0.0,b
r1bqk2r/ppnn1ppp/2pbp3/8/2PP2Q1/2N5/PP3PPP/R1B1RBK1 b kq - 2 10,0.0,b
r1bq1k1r/ppnn1ppp/2p1p3/8/1bPP2Q1/2N1B3/PP2BPPP/R3R1K1 b - - 6 12,0.0,b
r1b2k1r/ppnn1ppp/2p1p3/5q2/1bPPN1Q1/4B3/PP2BPPP/RR4K1 b - - 10 14,0.0,b
r1b2k1r/ppnn2pp/2p1p3/5p2/1bPPN1B1/P3B3/1P3PPP/RR4K1 b - - 0 16,0.0,b
r1b2k1r/ppnn2pp/2pN4/b4p2/2PP4/P3B3/1P3PPP/RR4K1 b - - 1 18,0.0,b
r1b4r/ppnn2pp/2pN1k2/b7/2PP4/P3B3/1P3PPP/RR4K1 b - - 2 20,0.0,b
r1r5/ppnnk1pp/2p5/b5B1/2PP4/P7/1P3PPP/RR4K1 b - - 1 22,0.0,b
r1r5/ppn3pp/2p2k2/b2P4/2P5/P7/1P3PPP/RR4K1 b - - 0 24,0.0,b
r1r5/pp4pp/5k2/b2n4/8/P7/1P3PPP/R2R2K1 b - - 1 26,0.0,b
r7/ppr3pp/3R1k2/b7/5n2/P7/1P3PPP/R5K1 b - - 5 28,0.0,b
4r3/ppr3pp/3R4/b4k2/5n2/P5P1/1P3P1P/3R2K1 b - - 0 30,0.0,b
4r3/ppr3pp/3R4/b7/4k3/P4PP1/1P2n1KP/3R4 b - - 0 32,0.0,b
8/ppr3pp/3R4/b3Rk2/8/P4PP1/1P2n1KP/8 b - - 0 34,0.0,b
8/pp4pp/8/b3k3/8/P4PP1/1Pr1n1KP/2R5 b - - 3 36,0.0,b
8/pp4pp/8/b7/3k1P2/P5P1/1P4rP/2n5 w - - 1 39,0.0,w
5rk1/1pb2pp1/p1p1r3/P1Pp1B1n/1P1R1P2/4P3/5KRP/8 b - - 0 31,0.0,b
4r1k1/1pb1rpp1/p1p5/P1Pp1B1n/1P3P2/3RP3/5KRP/8 b - - 4 33,0.0,b
4r1k1/1p2rpp1/p1p5/P1Pp1B2/1P3n2/3R4/5K1P/6R1 b - - 1 35,0.0,b
4r1k1/1p3pp1/p1p5/P1Pp1B2/1P3n2/3R4/5K1P/4r1R1 b - - 5 37,0.0,b
6k1/1p3pp1/p1p5/P1Pp1B2/1P6/3nrK2/4r2P/6R1 w - - 1 40,0.0,w
6k1/1p3pp1/p1p5/P1Pp4/1P4K1/3r4/7r/6R1 w - - 0 42,0.0,w
6k1/1p3pp1/p1p5/P1Pp4/1P1r4/6K1/2r5/R7 w - - 4 44,0.0,w
6k1/1p3pp1/p7/PpPp4/3r4/6K1/8/2r5 w - - 0 46,0.0,w
6k1/1p3pp1/p7/P1rp4/1p1r4/5K2/8/8 w - - 0 48,0.0,w
6k1/1p3pp1/p7/P1rp4/3r4/8/1p6/4K3 w - - 0 50,0.0,w
6k1/1p3pp1/p7/P1rp4/8/3rK3/8/1q6 w - - 2 52,0.0,w
2r3k1/1p3pp1/p7/P2pK3/3r4/8/8/1q6 w - - 6 55,0.0,w
2r5/1p3Kpk/p7/P2p4/3r4/8/8/1q6 b - - 0 58,0.0,b
2r5/1p5k/p2K2p1/P2p1q2/3r4/8/8/8 b - - 3 60,0.0,b
8/1p2K2k/p1r3p1/P2p1q2/8/3r4/8/8 w - - 7 63,0.0,w
8/1p2K2k/p5p1/P2p1q2/2r5/r7/8/8 w - - 11 65,0.0,w
4K3/1p4k1/p5p1/P2p1q2/2r5/r7/8/8 b - - 15 67,0.0,b
4K3/1p4k1/p5p1/P2p1q2/2r5/5r2/8/8 b - - 19 70,0.0,b
8/1p4k1/p2K2p1/P2p1q2/2r5/4r3/8/8 b - - 23 72,0.0,b
rn1q1rk1/ppb2ppp/2p3b1/2Pp4/1P2n3/3BP3/PBQN1PPP/R4RK1 b - - 3 12,0.5,b
r2q1rk1/ppb2ppp/n1p5/2Pp4/1P2B3/4P3/PBQ2PPP/R4RK1 b - - 0 14,0.5,b
r4rk1/ppb2ppp/n1p2Q2/2P5/1P2p3/4P3/PB3PPP/R4RK1 b - - 0 16,0.5,b
r3r1k1/ppb2p1p/n1p2B2/2P5/1P2p3/4P3/P4PPP/R4RK1 b - - 0 18,0.5,b
r3r1k1/pp3p1p/2p5/b1P5/1n2p3/2B1P3/P4PPP/1R3RK1 b - - 3 20,0.5,b
r3r1k1/p4p1p/1Pp5/B7/4p3/4P3/n4PPP/1R3RK1 b - - 0 22,0.5,b
r3r1k1/5p1p/1Bp5/8/4p3/2n1P3/1R3PPP/5RK1 b - - 2 24,0.5,b
r5k1/5p1p/1Rp5/8/4p3/2n1P3/5PPP/2R3K1 b - - 0 26,0.5,b
r5k1/5p1p/2R5/8/4p3/4P3/5PPP/2n2K2 b - - 0 28,0.5,b
8/5pkp/8/8/4p3/4P3/5PPP/2R2K2 b - - 0 30,0.5,b
8/5pkp/2R5/8/4p3/4P1P1/5P1P/5K2 b - - 0 32,0.5,b
8/7p/2R2pk1/8/4p3/4P1P1/3K1P1P/8 b - - 3 34,0.5,b
8/7p/2R2pk1/8/4p3/4P1P1/3K1P1P/8 b - - 7 36,0.5,b
8/2R4p/5pk1/8/4p3/2K1P1P1/5P1P/8 b - - 11 38,0.5,b
8/1R5p/7k/5p2/4p3/2K1P1P1/5P1P/8 b - - 3 40,0.5,b
8/1R6/6kp/4Kp2/4p3/4P1P1/5P1P/8 b - - 1 42,0.5,b
8/8/1R3k2/5p1p/4pK2/4P1P1/5P1P/8 b - - 3 44,0.5,b
8/4k3/1R6/7p/4K3/4P1P1/5P1P/8 b - - 0 46,0.5,b
8/3k4/8/1R6/4K2P/4P3/5P1P/8 b - - 0 48,0.5,b
8/8/1k6/3R4/3K3P/4P3/5P1P/8 b - - 4 50,0.5,b
8/2k5/8/2K5/7P/4P3/5P1P/3R4 b - - 8 52,0.5,b
2k5/3R4/2K5/8/7P/4P3/5P1P/8 b - - 12 54,0.5,b
2k5/3R4/2K5/8/7P/4P3/5P1P/8 b - - 16 56,0.5,b
k7/3R4/2K5/8/7P/4P3/5P1P/8 b - - 20 58,0.5,b
r1r3k1/ppnR1p1p/5p2/8/2P5/2N5/PP3PPP/5BK1 w - - 1 20,0.0,w
1rr5/ppnR1pkp/5p2/8/2P1B3/2N5/PP3PPP/6K1 w - - 5 22,0.0,w
3r4/ppn2pkp/5p2/8/2P1B3/8/PP2NPPP/6K1 w - - 0 24,0.0,w
8/pBn2pkp/1r3p2/8/2P5/2N5/PP3PPP/6K1 w - - 1 26,0.0,w
1r6/p1n2pkp/5p2/8/2P1B3/2N5/P4PPP/6K1 w - - 2 28,0.0,w
4r3/p1n2pkp/5p2/5B2/2P3P1/2N5/P4P1P/6K1 w - - 3 30,0.0,w
8/p1n2pkp/5p2/8/2P3P1/2NB4/P4PKP/2r5 w - - 7 32,0.0,w
8/p4pkp/4np2/8/2P1N1P1/3B1K2/P4P1P/4r3 w - - 11 34,0.0,w
8/p4pkp/4np2/8/2P3P1/2NB4/P4PKP/4r3 w - - 15 36,0.0,w
8/p4p1k/4np2/1N6/2P3P1/8/P4PKP/r7 w - - 2 38,0.0,w
8/5p1k/4np2/1N6/2P3P1/8/3r1PKP/8 b - - 2 40,0.0,b
8/5p2/4npk1/3N4/2Pr2P1/8/5PKP/8 b - - 6 42,0.0,b
8/4Np2/4npk1/8/2r5/5K2/5P1P/8 b - - 1 44,0.0,b
8/5p2/4npk1/8/2r5/4NK2/5P1P/8 b - - 5 46,0.0,b
2r5/5p2/4np2/6k1/8/4NK2/5P1P/8 b - - 9 48,0.0,b
8/5p2/4np2/6k1/8/4NK2/5P1r/8 w - - 0 51,0.0,w
8/5p2/4npk1/7r/8/6K1/5P2/3N4 b - - 4 53,0.0,b
8/5p2/4npk1/5r2/8/8/4KP2/3N4 b - - 8 55,0.0,b
8/5p2/5pk1/2r3n1/8/8/5PK1/3N4 b - - 12 57,0.0,b
8/5p2/5pk1/6n1/4r3/8/2N2PK1/8 w - - 16 60,0.0,w
8/5p2/6k1/6n1/4rp2/8/2N2PK1/8 w - - 0 62,0.0,w
8/5p2/6k1/6n1/7r/5p2/5P2/N5K1 w - - 2 64,0.0,w
8/8/5pk1/6n1/7r/5N2/5P2/6K1 b - - 0 66,0.0,b
8/8/5pk1/8/7r/6K1/5P1n/8 b - - 3 68,0.0,b
7r/8/5p2/5k2/8/5P2/5K1n/8 b - - 2 70,0.0,b
8/8/5p2/5k2/8/5P1r/5K1n/8 b - - 6 72,0.0,b
8/8/5p2/5k2/7n/7r/3K4/8 b - - 3 74,0.0,b
8/8/5p2/8/3k3n/r7/4K3/8 w - - 7 77,0.0,w
8/8/8/8/3k1p1n/r7/8/4K3 w - - 0 79,0.0,w
8/8/8/8/7n/r3kpK1/8/8 w - - 2 81,0.0,w
8/8/8/6K1/8/r3k3/8/5q2 w - - 0 83,0.0,w
8/8/8/8/7K/4k3/r7/7q w - - 4 85,0.0,w
8/8/8/8/6K1/4k3/8/5r1q w - - 8 87,0.0,w
8/8/6K1/8/8/4k3/8/5r1q w - - 12 89,0.0,w
8/8/7K/8/8/4k3/6q1/7r w - - 16 91,0.0,w
8/p3kp2/3n1p1p/1p1P4/1P1K1PP1/P2B4/7P/8 w - - 0 35,1.0,w
8/p1k2p2/3n1p1p/1p1P4/1P3PP1/P2B4/2K4P/8 b - - 4 37,1.0,b
8/pk3p2/3n3p/1p1P1P2/1P3P2/P7/2K4P/5B2 b - - 0 39,1.0,b
8/pk3p2/7p/1p1P4/1P1n1P2/P7/3K2BP/8 b - - 3 41,1.0,b
8/p4p2/1k6/1p1P3p/1P1n1P1P/P7/3K2B1/8 b - - 0 43,1.0,b
8/5p2/3P4/kp5p/3n1P1P/P7/3K2B1/8 b - - 0 45,1.0,b
8/3P1p2/4n3/k6p/1P3P1P/8/3K2B1/8 b - - 0 47,1.0,b
3n4/3P1p2/8/5P1p/kP5P/2K5/6B1/8 b - - 2 49,1.0,b
8/3P1p2/8/1k2nP1p/1P5P/1K6/6B1/8 w - - 9 56,1.0,w
3Q4/5p2/8/1k2nP1p/1P5P/2K5/6B1/8 w - - 1 58,1.0,w
rnbqk1nr/pp3ppp/2pb4/3pp3/2P5/1P2P3/PB1P1PPP/R2QKBNR w KQkq - 0 5,1.0,w
rn1qk2r/pp3ppp/2pb1n2/3pNb2/2P5/1P2P3/PB1P1PPP/R2QKB1R w KQkq - 1 7,1.0,w
r2qk2r/pp1n1ppp/2p2n2/3pbb2/2P3P1/1P2PP2/PB1P3P/R2QKB1R w KQkq - 0 9,1.0,w
r2qk2r/pp3ppp/2p2n2/4nP2/2Pp4/1P2PP2/P2P3P/R2QKB1R w KQkq - 0 11,1.0,w
r2qk2r/pp3ppp/2p2n2/5P2/2P2Pn1/1P2p2B/P2P3P/R2QK2R w KQkq - 0 13,1.0,w
r3k2r/pp2qppp/2p2n2/5P2/2P2PB1/1P6/P2Q3P/R3K2R w KQkq - 1 15,1.0,w
3rk2r/pp3ppp/2p2n2/5P2/1qP2P2/1P6/PQ2B2P/R3K2R w KQk - 5 17,1.0,w
3rk2r/pp2qppp/2p2n2/5P2/2P2P2/1P3K2/PQ2B2P/R6R w k - 9 19,1.0,w
3r3r/pp1kqppp/5n2/2p2P2/2P2P2/1P3K2/P3B2P/RQ2R3 w - - 0 21,1.0,w
3r3r/pp1k1ppp/3q1n2/2p2P2/2P2P2/1P1B1K2/PQ5P/R3R3 w - - 4 23,1.0,w
4r3/pp1k1ppp/3q1n2/2p2P2/2P2P2/1P1B1K2/PQ5P/3R4 w - - 0 25,1.0,w
8/pp1krppp/5n2/2p2P2/2P2P2/1P3K2/PQ5P/3B4 w - - 1 27,1.0,w
8/Qp1r1ppp/2k2n2/2p2P2/2P2P2/1P3K2/P6P/3B4 w - - 1 29,1.0,w
8/3r1ppp/3k1n2/1Qp2P2/2P2P2/1P3K2/P6P/3B4 w - - 1 31,1.0,w
8/4kppp/3r1n2/2Q2P2/2P2P2/1P3K2/P6P/3B4 w - - 1 33,1.0,w
4n3/Q2rkppp/8/5P2/2P2P2/1P3K2/P1B4P/8 w - - 5 35,1.0,w
8/3r1ppp/3nkP2/2Q5/2P2P2/1P3K2/P1B4P/8 w - - 1 37,1.0,w
r3rnk1/pp1bbppp/2p5/3p1P1n/4P3/2P5/PPBN2PP/R1B2R1K w - - 1 17,0.5,w
r1b1r1k1/pp1nbppp/2p5/3pPP1n/8/2P3P1/PPBN3P/R1B2R1K w - - 1 19,0.5,w
r1b1r1k1/pp3ppp/2pb4/3pNP1n/8/2P3P1/PPB4P/R1B2R1K w - - 1 21,0.5,w
r1b1r1k1/pp3ppp/2p2P2/3p3n/8/2P2N2/PPB4b/R1B2R1K w - - 0 23,0.5,w
r1b5/pp3pkp/2p5/3p3n/8/2P2N2/PPB1r2K/R1B2R2 w - - 1 25,0.5,w
r7/pp3pkp/2p5/3p3n/3N4/2P4b/PPr5/R1B2RK1 w - - 2 27,0.5,w
r7/pp3p1p/2p2k2/3p3n/8/2P5/PPN5/R1B2K2 w - - 1 29,0.5,w
r7/pp3pnp/2p2k2/8/1N1p4/2P5/PP3K2/R1B5 w - - 0 31,0.5,w
4r3/p4pnp/2p2k2/8/3P4/8/PP3K2/R1B5 w - - 0 33,0.5,w
4r3/p4p1p/2p2k2/8/3n4/8/PP1B1K2/3R4 b - - 1 35,0.5,b
8/p4p1p/2p2k2/5n2/5K2/8/PP1Br3/3R4 b - - 5 37,0.5,b
8/p4p1p/2p3k1/5n2/6K1/8/PP3r2/2BR4 b - - 9 39,0.5,b
8/p4p1p/2p3k1/8/8/4nK2/PB6/3R4 b - - 2 41,0.5,b
8/p4p1p/6k1/2p5/8/5K2/P7/B2n4 b - - 1 43,0.5,b
8/5p1p/p5k1/8/2p5/8/P7/B2K4 b - - 0 45,0.5,b
8/5p1p/p7/8/2p1k3/2K5/P7/B7 b - - 4 47,0.5,b
8/5p1p/p7/2K5/5k2/8/P7/B7 b - - 2 49,0.5,b
8/5p1p/K7/3k4/8/8/P7/B7 b - - 0 51,0.5,b
8/2k2p1p/8/K3B3/8/8/P7/8 b - - 4 53,0.5,b
8/5p1p/8/3k4/1K3B2/8/P7/8 b - - 8 55,0.5,b
8/5p1p/8/4B3/1K6/3k4/P7/8 b - - 12 57,0.5,b
8/5p1p/8/4B3/1K6/3k4/P7/8 b - - 16 59,0.5,b
8/5p1p/8/8/1K1k1B2/8/P7/8 b - - 20 61,0.5,b
8/5p1p/4k3/8/1K3B2/8/P7/8 b - - 24 63,0.5,b
8/5p1p/8/8/1K1k1B2/8/P7/8 w - - 28 66,0.5,w
1B6/5p1p/8/8/1K6/5k2/P7/8 w - - 32 68,0.5,w
8/2B2p1p/8/8/1K6/5k2/P7/8 w - - 36 70,0.5,w
8/5p1p/8/8/8/2K5/P4k1B/8 w - - 40 72,0.5,w
8/5p1p/3B4/8/2K5/5k2/P7/8 w - - 44 74,0.5,w
8/5p1p/3B4/8/3K4/8/P7/4k3 w - - 48 76,0.5,w
8/5p1p/3B1K2/8/8/3k4/P7/8 w - - 52 78,0.5,w
8/5K1p/3B4/8/8/P7/8/2k5 w - - 1 80,0.5,w
8/8/3B3K/7p/8/P7/3k4/8 w - - 2 82,0.5,w
8/8/3B4/8/4k1K1/P7/8/8 w - - 3 84,0.5,w
8/8/2k5/5K2/8/P5B1/8/8 w - - 7 86,0.5,w
8/8/2kB4/5K2/8/P7/8/8 w - - 11 88,0.5,w
2k5/8/3B4/3K4/8/P7/8/8 w - - 15 90,0.5,w
8/3k4/5B2/3K4/8/P7/8/8 b - - 19 92,0.5,b
8/3k4/8/3K2B1/8/P7/8/8 b - - 23 94,0.5,b
8/1k6/8/3K2B1/8/P7/8/8 b - - 27 96,0.5,b
rnbqk2r/pp3ppp/2pb1n2/2P1p3/3p4/4P3/PPQPBPPP/RNB2RK1 w kq - 0 7,0.0,w
rnb4r/pp2kppp/2pq1n2/4p3/3p4/N3P3/PPQPBPPP/R1B2RK1 w - - 2 9,0.0,w
rnb4r/pp2kppp/2pq1n2/4N3/3p4/4P3/PPQPBPPP/R1B2RK1 w - - 1 11,0.0,w
rnb2r2/pp2kNpp/2p2n2/8/3q4/8/PPQPBPPP/R1B2RK1 w - - 1 13,0.0,w
rnb2r2/pp2k1p1/1qp2n1p/8/8/5N2/PPQPBPPP/R1B2RK1 w - - 2 15,0.0,w
r4r2/pp1nk1p1/1qp2n1p/5Q2/8/5N2/PP1PBPPP/R1B2RK1 w - - 1 17,0.0,w
r5r1/pp1nk3/1qp2nQp/8/8/5N2/PP1PBPPP/R1B1R1K1 w - - 1 19,0.0,w
r2k4/pp1n4/Bqp2n1Q/8/6r1/5N2/PP1P1PPP/R1B1R1K1 w - - 3 21,0.0,w
r7/ppkn4/q1p2n1Q/8/6P1/5N2/PP1P1PP1/R1B1R1K1 w - - 1 23,0.0,w
r7/pp1n3n/qkp5/6P1/5Q2/5N2/PP1P1PP1/R1B1R1K1 w - - 1 25,0.0,w
r7/pp1n2Pn/qkp5/8/5Q2/5N2/PP1P1PP1/R1B1R1K1 w - - 1 27,0.0,w
r7/pp4Pn/1kp5/2n5/8/5N2/PP1PqPP1/R1B1R1K1 w - - 0 29,0.0,w
6r1/pp1n2Pn/1kp5/8/3P4/5N2/PP2RPP1/R1B3K1 w - - 1 31,0.0,w
6r1/pp1n2P1/1kp4B/8/3P2n1/5NP1/PP2RP2/R5K1 w - - 1 33,0.0,w
8/pp1n2r1/1kp4R/8/3P4/5NP1/PP3P2/R5K1 w - - 0 35,0.0,w
6r1/pp6/1kp4R/4n3/3P4/6P1/PP3P2/2R3K1 w - - 0 37,0.0,w
6r1/pp6/1kp4R/4P3/5P2/6P1/PP6/2R3K1 w - - 1 39,0.0,w
4r3/pp6/1kp5/4P3/5P2/6P1/PP3K2/2R4R w - - 5 41,0.0,w
4r3/pp6/1kp5/4P3/5P2/R5P1/PP3K2/7R w - - 9 43,0.0,w
6r1/pp6/1kp1P3/8/5P2/R5P1/PP3K2/2R5 w - - 1 45,0.0,w
4r3/ppk5/2p1P3/8/5P2/1R4P1/PP2K3/2R5 w - - 5 47,0.0,w
5r2/ppk5/2p1P3/5P2/8/1R3KP1/PP6/2R5 w - - 3 49,0.0,w
6r1/ppk5/4P3/2p2P1K/8/1R4P1/PP6/2R5 w - - 0 51,0.0,w
6r1/pp6/2k1P3/2p2P1K/8/1R4P1/PP6/2R5 w - - 4 53,0.0,w
6r1/pp6/2k1P1K1/2p2P2/8/R5P1/PP6/2R5 w - - 8 55,0.0,w
8/pp6/R1k1PK2/2p2Pr1/8/6P1/PP6/2R5 b - - 12 57,0.0,b
5r1k/2p3b1/1p1p2pp/pPnPp2n/P3P2q/3P1P2/2R3BP/3Q2RK b - - 7 40,0.0,b
4rrk1/pp2b1np/2p1b1p1/3p1p2/P5P1/1PP4P/3N4/R1BB1R1K b - - 0 24,1.0,b
4rr2/pp3knp/2p1b1p1/3p1pb1/P3N1P1/1PP4P/6K1/R1BB1R2 b - - 4 26,1.0,b
4rrk1/pp4np/2pNb1p1/3p1p2/P5P1/1PP4P/6K1/2RB1R2 b - - 0 28,1.0,b
5rk1/pp1r2np/2pNb1p1/3p1P2/P7/1PP4P/6K1/2RBR3 b - - 0 30,1.0,b
5rk1/pN1r3p/2p1R1p1/5n2/P2p4/1PP4P/6K1/2RB4 b - - 0 32,1.0,b
5rk1/pr5p/6p1/2R2n2/P7/1PPp3P/6K1/2RB4 b - - 1 34,1.0,b
6k1/pr5p/6p1/2R5/P7/1PPpn1KP/5r2/2RB4 b - - 5 36,1.0,b
6k1/pr5p/5rp1/4R3/P7/1PPp3P/6K1/2RB1n2 b - - 9 38,1.0,b
6k1/p1r4p/5rp1/4R3/P7/1PP2B1P/3p2K1/1R3n2 b - - 3 40,1.0,b
4R1k1/p6p/6p1/8/P7/1Pr2r1P/3p2K1/5R2 b - - 1 42,1.0,b
r4rk1/1p2ppbp/1qn1bnp1/p1p5/2Pp1PP1/Q2P1N1P/PP1BPRB1/R6K w - - 1 16,1.0,w
r3r1k1/1p2ppbp/1qn1b1p1/p1p3Pn/2Pp1P2/Q2P1N1P/PP1BPRB1/4R2K w - - 3 18,1.0,w
r3r1k1/1p2ppbp/1qn1b1p1/p1p2nP1/2Pp1P1P/Q2P1N2/PP1BPRBK/4R3 w - - 3 20,1.0,w
r3r1k1/1pq1ppbp/2n1b1p1/p1Q3P1/2Pp1P1n/3P1N1B/PP1BPR1K/4R3 w - - 0 22,1.0,w
r3r1k1/1pq1p1bp/2n1p1p1/p1Q3P1/2Pp1P2/3P1P2/PP1B1R1K/4R3 w - - 0 24,1.0,w
r3r1k1/n1q1p1bp/1p2p1p1/pQ4P1/2Pp1P2/3P1PK1/PP1B1R2/4R3 w - - 2 26,1.0,w
r3r1k1/n1q1p1bp/1p2p1p1/6P1/2Pp1P2/p2P1PK1/PP1B1R2/3QR3 w - - 0 28,1.0,w
r1q1r1k1/n3p1bp/4p1p1/1p4P1/2Pp1P2/P2P1PK1/P2B1R2/1Q2R3 w - - 0 30,1.0,w
2q1r1k1/4p1bp/4p1p1/1Q4P1/3p1P2/r2P1PK1/P2B1R2/4R3 w - - 0 32,1.0,w
r3r1k1/3qp1bp/4p1p1/6P1/1B1p1P2/3P1PK1/P4R2/1Q2R3 w - - 4 34,1.0,w
rr4k1/4p1bp/4p1p1/3q2P1/1B1p1P2/3P1PK1/PR6/2Q1R3 w - - 8 36,1.0,w
r5k1/4B1bp/4p1p1/6P1/3p1P2/3P1PK1/qQ6/4R3 w - - 0 38,1.0,w
8/4Bkbp/4R1p1/6P1/3p1P2/3P1PK1/r7/8 w - - 1 40,1.0,w
8/4B1bp/6k1/5pP1/3p4/3P1PK1/r7/4R3 w - - 2 42,1.0,w
8/7p/5k2/5p2/3p4/3P1PK1/r7/4R3 w - - 0 44,1.0,w
8/r5kp/7R/5p2/3p4/3P1PK1/8/8 w - - 4 46,1.0,w
8/r6p/5k2/5p2/3R4/3P1PK1/8/8 w - - 1 48,1.0,w
8/3r3p/1R6/4kp2/8/3P1PK1/8/8 w - - 5 50,1.0,w
8/3r3p/8/5R2/8/3P1PK1/8/8 b - - 0 53,1.0,b
5rk1/Bp1b3p/2pb2p1/P2p4/6P1/1NP5/1n2B3/R5K1 b - - 1 34,1.0,b
6k1/Bp1b3p/2pb2p1/P2p4/6P1/1NP5/1n2K3/R7 b - - 0 36,1.0,b
6k1/Bp5p/2pb2p1/P2p4/8/1NP4b/1n6/R5K1 b - - 3 38,1.0,b
1b4k1/1p5p/P5p1/2Bp4/8/1NP4b/1n6/R5K1 b - - 0 40,1.0,b
Rb4k1/7p/6p1/2Bp4/8/1NPn3b/8/6K1 b - - 2 42,1.0,b
1R6/5k1p/6p1/2Np4/8/2P4b/8/6K1 b - - 0 44,1.0,b
6k1/1R5p/6p1/2Np4/6b1/2P5/5K2/8 b - - 4 46,1.0,b
8/1R3k1p/1N4p1/3p1b2/8/2P5/5K2/8 w - - 8 49,1.0,w
8/7R/1N6/3p2p1/4b3/2P5/5K2/8 w - - 0 51,1.0,w
8/7b/8/3N4/2P3p1/8/5K2/8 w - - 0 53,1.0,w
8/8/8/2PN4/8/6K1/8/1b6 w - - 1 55,1.0,w
8/2P5/8/3b4/8/6K1/8/8 w - - 0 57,1.0,w
8/8/8/2Rb4/8/6K1/8/8 w - - 3 59,1.0,w
r3rnk1/pp2bppp/2p1bn2/3pq3/4P3/2P2P2/PPBNQ1PP/R1B2R1K w - - 0 14,0.0,w
rq2rnk1/pp2bppp/2p2n2/3pP3/5Pb1/2P5/PPBNQ1PP/R1B2R1K w - - 1 16,0.0,w
rq2r1k1/pp1nbppp/2p2n2/3pP3/5P2/2P2b2/PPB3PP/R1B1QR1K w - - 0 18,0.0,w
rq2r2k/pp2bppp/2p2n2/3p4/5P2/2P2P2/PPB4P/R1B1QR1K w - - 0 20,0.0,w
rq2r2k/pp3ppp/2p2n2/3p4/5b2/2P2P2/PPB4P/R1BQ2RK w - - 0 22,0.0,w
r3r2k/pp3ppp/2p2n2/3p4/7q/2P2P2/PPB3KP/R2Q2R1 w - - 2 24,0.0,w
r3r1k1/pp3p1p/2p2np1/3p1B2/7q/2P2P2/PP1Q2KP/R5R1 w - - 0 26,0.0,w
r3r1k1/pp3p1p/2p3p1/3p3q/6n1/2P2P2/PP1Q3P/R4KR1 w - - 0 28,0.0,w
r3r1k1/pp3p1p/2p3p1/3p4/5R2/2P2P1q/PP1Q3P/R4K2 w - - 3 30,0.0,w
r3r1k1/pp3p1p/2p3p1/3p4/5R2/2P2P2/PP1Q4/R4K1q w - - 2 32,0.0,w
r5k1/pp3p1p/2p3p1/3p4/5R2/2P2P2/PP1Qr2q/R4K2 b - - 6 34,0.0,b
3r1k2/pb3ppp/1p3n2/5N2/1PBrP2n/5P1P/6P1/2R1R1K1 b - - 2 33,0.0,b
4rk2/pb3ppp/1p3n2/5P2/1PBr4/5P1P/6P1/2RR2K1 b - - 2 35,0.0,b
5k2/pb3ppp/1p3n2/4rP2/1PB5/5P1P/6P1/R5K1 b - - 2 37,0.0,b
5k2/1b3ppp/1p3n2/R4P2/2B5/5P1P/6P1/6K1 b - - 0 39,0.0,b
8/1b2kppp/5n2/p4P2/2B5/5P1P/4K1P1/8 b - - 3 41,0.0,b
8/4kppp/5n2/p4b2/8/4KP1P/B5P1/8 b - - 1 43,0.0,b
4k3/6pp/8/p4b2/8/4KP1P/6P1/8 w - - 0 46,0.0,w
8/4k1pp/8/5b2/p1K5/5P1P/6P1/8 w - - 2 48,0.0,w
8/4k1pp/6b1/8/p6P/2K2P2/6P1/8 w - - 3 50,0.0,w
4b3/6pp/3k4/8/pK5P/5P2/6P1/8 w - - 7 52,0.0,w
8/3b2pp/3k4/8/3K3P/p4P2/6P1/8 w - - 0 54,0.0,w
8/6pp/3kb3/8/7P/5P2/p1K3P1/8 w - - 0 56,0.0,w
8/6p1/3k3p/7P/2b5/5P2/pK4P1/8 w - - 0 58,0.0,w
8/6p1/4k2p/3b3P/8/5PP1/p7/K7 w - - 3 60,0.0,w
8/6p1/5k1p/3b3P/5PP1/8/pK6/8 b - - 0 62,0.0,b
8/6p1/4bk1p/5P1P/6P1/8/2K5/q7 b - - 0 64,0.0,b
8/6p1/5k2/5PpP/2b5/8/3K4/q7 b - - 1 66,0.0,b
8/6p1/7P/5kp1/2bq4/8/2K5/8 b - - 0 68,0.0,b
8/8/7p/5kp1/2b5/8/3K4/q7 b - - 3 70,0.0,b
5q2/8/7p/5kp1/2bK4/8/8/8 b - - 7 72,0.0,b
5q2/8/7p/5k2/6p1/3K4/8/8 b - - 0 74,0.0,b
5q2/8/7p/5k2/8/8/5Kp1/8 b - - 1 76,0.0,b
8/6q1/8/5k1p/8/8/4K3/6q1 w - - 0 79,0.0,w
8/6q1/8/5k1p/8/8/3K4/5q2 b - - 4 81,0.0,b
8/6q1/8/3k3p/8/1K6/8/5q2 w - - 8 84,0.0,w
8/6q1/8/3k4/8/1K5p/8/5q2 w - - 0 86,0.0,w
8/6q1/8/3k4/8/1K5p/1q6/8 w - - 4 88,0.0,w
rn1qk2r/pp3ppp/2pb1n2/3pp3/2P3b1/1P1BP3/PB1PNPPP/R2QK2R w KQkq - 4 7,0.5,w
rn2k2r/pp3ppp/1qpb1n2/3pp2b/2P5/1P1BPP2/PB1PNKPP/R2Q3R w kq - 3 9,0.5,w
rn1k3r/pp3ppp/2pb1n2/2qpp2b/8/1PNBPP2/PB1P1KPP/R2Q3R w - - 0 11,0.5,w
r2k3r/pp1n1ppp/2pb1n2/q2pp2b/N5P1/1P1BPP2/PB1P1K1P/R2Q3R w - - 1 13,0.5,w
r2k3r/pp3ppp/2pb1n2/q2pp2P/N7/1PBnPP2/P2P1K1P/R2Q3R w - - 0 15,0.5,w
r2k3r/pp3ppp/q1pb1n2/2npp2P/N7/1PB1PP2/P2PK2P/R4Q1R w - - 4 17,0.5,w
r2k3r/pp3ppp/2pb1n2/3pp2P/n7/1PB1PP2/P2P3P/R2K1R2 w - - 0 19,0.5,w
r2k3r/pp3ppp/2pb1n2/7P/P2p4/2B2P2/P2P3P/R2K1R2 w - - 0 21,0.5,w
r6r/ppk2ppp/2pb4/7n/P2B4/5P2/P2P3P/1R1K1R2 w - - 2 23,0.5,w
r3r3/ppk2ppp/2p5/7n/P2B1b2/5P2/P1KP1R1P/1R6 w - - 6 25,0.5,w
3rr3/ppk2p1p/2p3p1/7n/P2B1b2/2K2P2/P2P2RP/1R6 w - - 2 27,0.5,w
4r3/Bpk2p1p/2p3p1/7n/P7/2K2P2/P2r3P/1R6 w - - 0 29,0.5,w
r7/Bpk2p1p/2p3p1/7n/P7/2K2P2/P6P/1R6 w - - 3 31,0.5,w
8/1p3p1p/2pk2p1/7n/r7/2K2P2/P6P/1R4B1 w - - 0 33,0.5,w
8/5R1p/2pk2p1/7n/8/r1K2P2/7P/6B1 w - - 1 35,0.5,w
8/2R4p/2p1k1p1/7n/8/5r2/1K5P/6B1 w - - 0 37,0.5,w
2R5/6np/6p1/3k4/8/5r2/1K5P/6B1 w - - 3 39,0.5,w
8/6np/6p1/5k2/3R4/5r2/1K5P/6B1 w - - 7 41,0.5,w
3R4/4k1np/6p1/8/8/5r2/1K5P/6B1 w - - 11 43,0.5,w
2R5/4k2p/1B2n1p1/5r2/8/8/1K5P/8 w - - 15 45,0.5,w
2R5/1r2k2p/4n1p1/8/8/2K1B3/7P/8 w - - 19 47,0.5,w
8/1r2k2p/2R1n1p1/8/8/2K5/7P/2B5 w - - 23 49,0.5,w
8/2r4p/2R1nkp1/8/8/B7/3K3P/8 w - - 27 51,0.5,w
8/2n2k1p/6p1/8/8/8/1B1K3P/8 w - - 2 53,0.5,w
8/7p/4k1p1/1n6/8/8/1B1K3P/8 w - - 6 55,0.5,w
8/7p/6p1/1n2k3/8/8/4K2P/2B5 w - - 10 57,0.5,w
8/7p/6p1/1n6/8/5k2/1B1K3P/8 w - - 14 59,0.5,w
8/n6p/6p1/4B3/8/3K4/6kP/8 w - - 18 61,0.5,w
8/7p/1n4p1/8/8/4K1B1/6kP/8 b - - 22 63,0.5,b
8/7p/6p1/3K4/8/6B1/7P/5k2 w - - 1 66,0.5,w
8/7p/6p1/8/4KB2/8/5k1P/8 w - - 5 68,0.5,w
8/7p/6p1/8/5K2/3k2B1/7P/8 w - - 9 70,0.5,w
8/7p/6pK/5k2/8/6B1/7P/8 w - - 13 72,0.5,w
8/5k1K/3B2p1/8/8/8/7P/8 w - - 3 74,0.5,w
8/7K/4k3/6B1/8/8/7P/8 w - - 1 76,0.5,w
8/8/8/5KB1/3k4/8/7P/8 w - - 5 78,0.5,w
8/8/8/5KBP/1k6/8/8/8 w - - 1 80,0.5,w
8/7P/8/1k3KB1/8/8/8/8 w - - 1 82,0.5,w
8/8/8/1k3KB1/3Q4/8/8/8 w - - 3 84,0.5,w
8/1k6/8/5K2/3Q1B2/8/8/8 w - - 7 86,0.5,w
5rk1/1pb2pp1/p1p1r3/P1Pp1B1n/1P1n1P2/4P3/5KRP/3R4 w - - 0 31,0.0,w
4r1k1/1pb1rpp1/p1p5/P1Pp1B1n/1P1R1P2/4P2P/5KR1/8 w - - 1 33,0.0,w
4r1k1/1pb2pp1/p1p5/P1Pp1B1R/1P1R1P2/7P/4rK2/8 w - - 1 35,0.0,w
4rk2/1pb1rppB/p1p5/P1Pp3R/1P1R1P2/7P/8/5K2 w - - 5 37,0.0,w
4rk2/1p2rppB/p7/P1PR4/1P3b2/7P/8/5K2 w - - 0 39,0.0,w
1b2rk2/4rppB/p1p5/P4R2/1P6/7P/8/5K2 w - - 0 41,0.0,w
1b2rk2/5ppB/p1p5/P4R2/1P6/4rK1P/8/8 w - - 4 43,0.0,w
1b2rk2/5ppB/p1p5/P4R2/1P6/1r5P/5K2/8 w - - 8 45,0.0,w
1b2rk2/5pp1/p1p5/P7/8/3B1R1P/1r3K2/8 w - - 2 47,0.0,w
1b2rk2/5pp1/B1p5/r7/8/5R1P/8/5K2 w - - 0 49,0.0,w
4rk2/b4pp1/2p5/8/2B5/5R1P/5K2/r7 w - - 4 51,0.0,w
5k2/b3rpp1/2p5/8/2B5/5R1P/7K/6r1 w - - 8 53,0.0,w
5k2/b4pp1/2p5/8/7P/5R2/7K/5rr1 w - - 0 55,0.0,w
5k2/b5p1/2p2p2/7P/8/8/7K/5r2 w - - 0 57,0.0,w
8/b4kp1/2p2p2/7P/8/5K2/8/4r3 b - - 4 59,0.0,b
8/5kp1/2p2p1P/4r3/3b2K1/8/8/8 b - - 0 61,0.0,b
8/5k2/2p2p1p/8/3b2K1/4r3/8/8 b - - 3 63,0.0,b
8/8/2p2pkp/4b3/6K1/4r3/8/8 w - - 7 66,0.0,w
8/8/2p2p1p/4bk2/7r/8/8/8 w - - 0 70,0.0,w
r1bq1rk1/ppnnbppp/4p3/2p5/2PP4/2N1BQ2/PP3PPP/R3RBK1 b - - 1 11,1.0,b
r1bq1rk1/ppnn1ppp/4p3/8/1bPB4/2N2Q2/PP3PPP/3RRBK1 b - - 2 13,1.0,b
r1bq1rk1/ppnn1ppp/4p3/8/1bPB4/2N3Q1/PP2BPPP/3RR1K1 b - - 6 15,1.0,b
1r2r1k1/2p2qbn/1p1p2pp/pPnPp3/P3Pp2/R2P1PPB/7P/2BQR1K1 w - - 0 27,0.5,w
1r2r1k1/2p2qb1/1p1p2p1/pPnPp1np/P3PpB1/R2P1PP1/1B5P/3QR1K1 w - - 0 29,0.5,w
1r2r1k1/2p3b1/1p1pq1p1/pP2p1np/P3Pp2/R2P1PP1/1B5P/3QR1K1 w - - 0 31,0.5,w
1r2r1k1/2p2qb1/1p1p2p1/pP2p1np/P3P3/2RP1PP1/1B6/3QR1K1 w - - 1 33,0.5,w
1r4k1/2p1r1b1/1p1p2p1/pP2p1np/P3P3/2RP1qP1/1B1Q2K1/4R3 w - - 0 35,0.5,w
1r3qk1/2p1r1b1/1p1pn1p1/pP2p2p/P3P3/2RPR1P1/1B1Q3K/8 w - - 4 37,0.5,w
1r3qk1/2p1r1b1/1p1pn1p1/pP2p3/P3P3/2RP2p1/1B1Q3K/7R w - - 0 39,0.5,w
1r3qk1/2p1r1b1/1p1p2p1/pP2p2n/P3P3/2RP2K1/1B1Q4/7R w - - 1 41,0.5,w
1r4k1/2p1rqb1/1p1p2p1/pP2p3/P3Pn2/2RP4/1B1Q4/6KR w - - 5 43,0.5,w
1r4k1/2p1rqb1/1p1p2p1/pP2p3/P3Pn2/2RP4/1B3Q2/6KR w - - 9 45,0.5,w
1r4k1/2p1rqb1/1p1p2p1/pP2p3/P3Pn2/2RP4/1B3Q2/6KR w - - 13 47,0.5,w
1r3rk1/2p2qbn/1p1p2pp/pPnPp3/P3Pp2/R2P1PPB/7P/2BQR2K w - - 0 28,0.0,w
1r3rk1/2p2qbn/1p1p2pp/pPnPp3/P3P3/R2P1P2/3B2Bp/3QR2K w - - 0 30,0.0,w
1r3rk1/1np2qb1/1p1p1npp/pP1Pp3/P3P3/2RPBP2/6Bp/3QR2K w - - 4 32,0.0,w
1r3rk1/2p2qb1/1p1p2pp/pPnnp3/P2PP3/2R1BP2/6BK/3QR3 w - - 0 34,0.0,w
1r3rk1/2p3b1/1p1p2pp/pPnP4/P2B1q2/2R2P2/6BK/3QR3 w - - 1 36,0.0,w
1r3rk1/2p3b1/1p1p2pp/pPnP4/P7/5P1K/2R3B1/3qR3 w - - 0 38,0.0,w
1r3rk1/2R3b1/1p1p2pp/pP1P4/8/2n2P1K/6B1/3R4 w - - 1 40,0.0,w
1r3rk1/R5b1/1p1p2pp/pP6/5n2/5P1K/6B1/4R3 w - - 2 42,0.0,w
4rrk1/R5b1/1p1p2pp/pP6/8/5P2/6K1/4R3 w - - 1 44,0.0,w
4r1k1/8/Rp1p2pp/pP6/3b4/5P2/6K1/8 w - - 2 46,0.0,w
8/5k2/Rp1p2pp/pP6/3b1P2/4r1K1/8/8 w - - 1 48,0.0,w
R3r3/5k2/1p4pp/pP1p4/3b1P2/8/6K1/8 w - - 2 50,0.0,w
8/R3rk2/1p4pp/pP1p4/3b1P2/8/6K1/8 w - - 6 52,0.0,w
8/5k2/Rp4pp/pP1p4/3b1P2/4r3/6K1/8 b - - 10 54,0.0,b
8/7R/1p2k1pp/pP1p4/3b1P2/1r6/6K1/8 b - - 14 56,0.0,b
8/8/1p4p1/pr1p1k2/3b1P2/7R/6K1/8 b - - 1 58,0.0,b
8/6bR/1p4p1/p2p1k2/5P2/8/1r6/7K b - - 5 60,0.0,b
8/3R4/1p3bp1/pr1p1k2/5P2/8/6K1/8 b - - 9 62,0.0,b
8/8/1p1R1bp1/p2p4/5k2/8/6r1/8 w - - 0 65,0.0,w
8/8/1R4p1/3p4/p7/4k3/6r1/8 w - - 0 67,0.0,w
3rr1k1/p2bqppp/1pp2n2/4n3/8/1P2P1NP/P1Q2PP1/1BRR2K1 b - - 5 20,0.0,b
3rr2k/p2b1ppp/1pp2n2/4n3/8/qPQ1P1NP/P1R2PP1/1B1R2K1 b - - 9 22,0.0,b
3rrqk1/p2b1ppp/1pp2n2/4n3/4N3/1PQ1P2P/P2R1PP1/1B1R2K1 b - - 13 24,0.0,b
3rrqk1/p4ppp/1pp1b3/3nQ3/4N3/1P2P2P/P2R1PP1/1B1R2K1 b - - 0 26,0.0,b
3rq1k1/p4ppp/1pp5/3n4/4N1P1/1P2P3/P2R1PP1/1B1R2K1 b - - 0 28,0.0,b
3r2k1/p1q2ppp/1pp5/3n2N1/6P1/1P2P3/P2R1PP1/1BR3K1 b - - 4 30,0.0,b
3q2k1/p4ppB/1pp5/6N1/6P1/1P2n3/P4PP1/2R3K1 b - - 0 32,0.0,b
3q4/p4kpB/1pp5/8/6P1/1P2P3/P5P1/2R3K1 b - - 0 34,0.0,b
3q4/p5p1/1p2k3/2p2B2/6P1/1P2P3/P5P1/5RK1 b - - 3 36,0.0,b
8/p5p1/1p6/2p1kB2/5RP1/1P2P3/P5PK/3q4 b - - 7 38,0.0,b
8/p5p1/1p6/2p1kBq1/5RP1/1P2P1P1/P7/6K1 b - - 0 40,0.0,b
8/p5p1/1p1k1q2/2p2B2/5RP1/1P2P1P1/P5K1/8 b - - 4 42,0.0,b
8/p5p1/1p1k4/2p2B2/6P1/qP2P1P1/P2R2K1/8 b - - 8 44,0.0,b
8/p5p1/1p3k2/2p2B2/1P2P1P1/q5P1/P2R2K1/8 b - - 0 46,0.0,b
8/p2B2p1/1p6/6k1/1p2P3/q5P1/P2R2K1/8 b - - 1 48,0.0,b
8/p2B2p1/1p6/6k1/1p2P3/3R2P1/P3q3/6K1 b - - 5 50,0.0,b
8/p5p1/1p6/6k1/Bp2P3/6P1/P4K2/1q6 b - - 3 52,0.0,b
8/p5p1/1p6/6k1/qp2P3/6P1/3K4/8 b - - 1 54,0.0,b
2q5/p5p1/1p6/4P1k1/1p6/3K2P1/8/8 b - - 2 56,0.0,b
2q5/p3P1p1/1p6/6k1/8/3K2P1/1p6/8 b - - 0 58,0.0,b
2q1R3/p5p1/8/1p4k1/8/6P1/4K3/1q6 b - - 0 60,0.0,b
5rk1/Bp1b3p/2pb2p1/P2p4/2n3P1/1NP5/4B3/R5K1 w - - 2 35,0.5,w
r5k1/B2b3p/R1pb2p1/3p4/2n3P1/1NP5/4B3/6K1 w - - 1 37,0.5,w
r4k2/B2b3p/R1Nb4/3p2p1/2n3P1/2P5/4B3/6K1 w - - 0 39,0.5,w
r3k3/B2b3p/R7/3p2p1/1Pn3P1/8/4B3/6K1 w - - 1 41,0.5,w
r7/B2b3p/4k3/3p2p1/1Pn3P1/5B2/8/R5K1 w - - 5 43,0.5,w
1r6/3b3p/3k4/3p2p1/1PnB2P1/5B2/8/4R1K1 w - - 9 45,0.5,w
1r6/3b3p/8/1kBp2p1/1Pn3P1/8/8/3BR1K1 w - - 13 47,0.5,w
4b3/7p/8/1kBp2p1/1Pn3P1/8/6K1/3B4 w - - 0 49,0.5,w
8/7p/8/1kBp2p1/1Pn1b1P1/8/6K1/3B4 w - - 4 51,0.5,w
8/7p/8/1kB3p1/1P1pb1P1/4n3/4K3/3B4 b - - 2 53,0.5,b
8/8/7p/1k4p1/1P1Bb1P1/8/8/3K4 b - - 0 55,0.5,b
8/6B1/7p/3b2p1/1k4P1/8/4K3/8 b - - 3 57,0.5,b
8/8/4b2B/1k4p1/6P1/5K2/8/8 w - - 2 60,0.5,w
8/8/2k5/6B1/6K1/8/8/8 w - - 1 62,0.5,w
8/8/8/4k3/8/5K2/8/2B5 w - - 5 64,0.5,w
8/8/4k3/8/8/5K2/8/B7 w - - 9 66,0.5,w
8/8/4k3/4B3/8/5K2/8/8 w - - 13 68,0.5,w
8/8/4k3/8/3B4/4K3/8/8 w - - 17 70,0.5,w
8/8/4k3/8/4K3/8/5B2/8 w - - 21 72,0.5,w
8/4k3/8/4K3/8/4B3/8/8 w - - 25 74,0.5,w
8/2k5/8/3K4/8/8/8/2B5 w - - 29 76,0.5,w
8/2k5/8/3K4/8/8/8/B7 w - - 33 78,0.5,w
8/8/8/1k1K4/8/8/8/B7 w - - 37 80,0.5,w
8/8/8/1k1KB3/8/8/8/8 w - - 41 82,0.5,w
8/8/8/1k1KB3/8/8/8/8 w - - 45 84,0.5,w
5rk1/1p1b3p/2pb4/P2p2p1/2nB2P1/1NP5/4B3/R5K1 w - - 0 36,1.0,w
6k1/Pp1b3p/2pb4/3p2p1/2nB2P1/1NP5/4r3/R5K1 w - - 0 38,1.0,w
6k1/1Q1br2p/2pb4/3p2p1/2nB2P1/1NP5/8/R5K1 w - - 1 40,1.0,w
2Q1b1k1/4r2p/2p5/3p2p1/2nB2P1/1NP5/7b/R5K1 w - - 5 42,1.0,w
2Q1b1k1/4r2p/2p5/3pn1p1/6P1/1NP5/8/R6K w - - 0 44,1.0,w
2Q1b1k1/4r2p/2p3n1/6p1/3N2P1/2P5/8/5R1K w - - 1 46,1.0,w
1Q2b1k1/8/2N3np/6p1/4r1P1/2P5/8/5R1K w - - 0 48,1.0,w
4b2k/8/6np/6p1/3N2r1/1QP5/8/5R1K w - - 0 50,1.0,w
7k/8/2N1Q1np/6p1/5r2/2P5/8/5R1K w - - 1 52,1.0,w
4Qn1k/8/2N4p/6p1/8/2P5/8/7K w - - 0 54,1.0,w
4Q3/7k/2N3np/6p1/8/2P5/8/7K w - - 4 56,1.0,w
7k/8/2N3Qp/8/6p1/2P5/8/7K w - - 0 58,1.0,w
7k/8/8/4N2p/8/2P3Q1/8/7K w - - 0 60,1.0,w
8/7k/8/2P1N3/7p/6Q1/8/7K w - - 0 62,1.0,w
5k2/8/6Q1/2P1N3/7p/8/8/7K w - - 4 64,1.0,w
6k1/8/2P5/4NQ2/8/7p/8/7K w - - 0 66,1.0,w
7k/2P5/6Q1/4N3/8/8/7p/7K w - - 0 68,1.0,w
rnbqkb1r/pp3ppp/2p2n2/4p3/2Pp4/4P3/PPQPBPPP/RNB2RK1 w kq - 0 6,1.0,w
r2qkb1r/pp1n1ppp/2p1bn2/4p3/2Pp4/3PP3/PPQNBPPP/R1B2RK1 w kq - 3 8,1.0,w
r2qk2r/pp1n1ppp/2p1bn2/4p3/2Pb4/3P1N2/PPQ1BPPP/R1B2RK1 w kq - 0 10,1.0,w
r2qk2r/pp3ppp/2p1bn2/2n5/2Pp4/3P4/PPQ1BPPP/R1B1R1K1 w kq - 2 12,1.0,w
r3k2r/pp3ppp/2p1bn2/q5B1/2Pp4/3n1B2/PPQ2PPP/R3R1K1 w kq - 0 14,1.0,w
r3k2r/pp5p/2p1pp2/q7/2Pp4/3n1B2/PPQ2PPP/R5K1 w kq - 0 16,1.0,w
r2q3r/pp3k1p/2p1pp2/8/2Pp4/3Q1B2/PP3PPP/4R1K1 w - - 3 18,1.0,w
r5qr/pp2k2p/2p1pp2/8/2Pp2B1/3Q4/PP3PPP/4R1K1 w - - 7 20,1.0,w
r3k1qr/pp5p/2p1pQ2/8/2P3B1/8/PP3PPP/4R1K1 w - - 1 22,1.0,w
r6Q/pp1k3p/2p1q3/8/2P5/8/PP3PPP/4R1K1 w - - 1 24,1.0,w
r7/pp5p/2pkq3/8/2P4Q/8/PP3PPP/4R1K1 w - - 5 26,1.0,w
7r/pp5p/2p1R3/2k5/7Q/8/PP3PPP/6K1 w - - 1 28,1.0,w
7r/pp5p/k1p1R3/8/1Q6/8/PP3PPP/6K1 w - - 5 30,1.0,w
3r2k1/pb3ppp/1p3n2/8/1PBrP2n/5PNP/6P1/2R1R1K1 b - - 0 32,1.0,b
3r2k1/p4p1p/1p3np1/3BP3/1P1r3n/5PNP/6P1/2R1R1K1 b - - 0 34,1.0,b
3r2k1/p4p1p/1p4p1/1P1nP3/7n/5PNP/3rR1P1/2R3K1 b - - 2 36,1.0,b
3r4/p4pkp/1p4p1/1P1nP3/7n/5P1P/4N1P1/3R2K1 b - - 2 38,1.0,b
3r4/p4pkp/1p4p1/1P2P3/8/4nPKP/4N3/3R4 b - - 2 40,1.0,b
3r4/p4pkp/1p2P1p1/1P6/5N2/2n2PKP/8/8 b - - 0 42,1.0,b
4Q3/p4pkp/1p4p1/1P6/5N2/2n2PKP/2r5/8 b - - 0 44,1.0,b
8/p3Qpkp/1p4p1/1Pr5/8/5PKP/4N3/8 b - - 2 46,1.0,b
8/Q4pkp/1p4p1/6r1/8/5P1P/4NK2/8 b - - 2 48,1.0,b
8/Q5kp/5pp1/1p4r1/8/5P1P/4NK2/8 b - - 1 50,1.0,b
5k2/7Q/5pp1/6r1/1p3N2/5P1P/5K2/8 b - - 1 52,1.0,b
4k3/8/5pp1/6r1/5N2/1pQ2P1P/5K2/8 b - - 1 54,1.0,b
8/6k1/4Npp1/6r1/8/1Q3P1P/5K2/8 b - - 2 56,1.0,b
8/6Q1/4Nppk/1r6/8/5P1P/5K2/8 b - - 6 58,1.0,b
r1b1r1k1/pp3ppp/2pq1n2/4n3/3N4/1P2P2P/P4PP1/1BRQ1RK1 b - - 2 16,1.0,b
1rbqr1k1/pp3ppp/2p2n2/4n3/1P1N4/4P2P/P4PP1/1BRQR1K1 b - - 0 18,1.0,b
1r1q2k1/pp3ppp/2p1rn2/4n3/1P6/4PP1P/P5P1/1BRQR1K1 b - - 0 20,1.0,b
1r1q2k1/pp3ppp/2pr1n2/8/1P6/1Q1BPP1P/P5P1/2R1R1K1 b - - 0 22,1.0,b
1r1q2k1/pp1r1ppp/2p2n2/8/1P6/4PP1P/P5P1/1QRR2K1 b - - 3 24,1.0,b
1r4k1/pp1R1ppp/2p2n2/8/1P6/4qP1P/P5PK/1QR5 b - - 1 26,1.0,b
1r4k1/pp1n1ppp/2p5/4q3/1P6/5P1P/P5P1/1Q1R2K1 w - - 3 29,1.0,w
1r3k2/pp3ppp/2p5/4n3/1P6/7P/P5P1/1Q1R2K1 w - - 0 31,1.0,w
4r2Q/pp2kpp1/2p5/4n3/1P6/7P/P5P1/3R2K1 w - - 3 33,1.0,w
7Q/pp3pp1/2p2k2/4n3/1P6/7P/P5P1/3R2K1 w - - 1 35,1.0,w
8/pp3pQ1/2p2p2/4n3/1P6/7P/P5P1/6K1 b - - 1 37,1.0,b
3rr1k1/pb3ppp/1p3n2/4q3/1P2P2n/3B2NP/4QPP1/2R1R1K1 b - - 0 27,0.0,b
3r2k1/pb2rppp/1p1q1n2/1B6/1P2P2n/6NP/4QPP1/2RR2K1 b - - 4 29,0.0,b
3q2k1/pb2rppp/1p3n2/1B6/1P2P2n/6NP/4QPP1/3R2K1 b - - 1 31,0.0,b
6k1/pbq1rppp/1p3n2/8/1P2P2n/3B2NP/5PP1/3R1QK1 b - - 5 33,0.0,b
6k1/pb1r1ppB/1p3n2/4q3/1P5n/6NP/5PP1/3R1QK1 b - - 0 35,0.0,b
8/pb1n1ppk/1p6/4q3/1P5n/3Q2NP/5PP1/6K1 b - - 1 37,0.0,b
6k1/pb1Q1pp1/1p6/7N/1P5n/7P/1q3PP1/6K1 b - - 0 39,0.0,b
6k1/pb3pp1/1p6/7N/1P5n/7P/5PPK/3q4 b - - 1 41,0.0,b
6k1/pb3pp1/1p6/8/1P5P/5q1P/5P1K/8 b - - 0 43,0.0,b
r2q1rk1/ppnb1p1p/5p2/4Q3/2P5/2N5/PP3PPP/3R1BK1 w - - 0 18,0.0,w
r2qr2k/ppnb1p1p/5p2/8/2P5/2N3Q1/PP3PPP/3R1BK1 w - - 4 20,0.0,w
r1q1r2k/ppn2p1p/2b2p2/8/2P4Q/2N5/PP2BPPP/3R2K1 w - - 8 22,0.0,w
r1q1r1k1/ppn2p1p/2bR4/5p2/2P4Q/1PN5/P3BPPP/6K1 w - - 2 24,0.0,w
r1q1r1k1/ppn2p1p/2bR3Q/5p2/2P5/1PN5/P3BPPP/6K1 w - - 6 26,0.0,w
r1q1r3/p1n2pkp/2Q5/5p2/2P5/1PN5/P3BPPP/6K1 w - - 1 28,0.0,w
1rq5/p1n2pkp/4r3/5p2/2P5/1PN2Q2/P3BPPP/7K w - - 5 30,0.0,w
1rq5/p1n2pkp/8/5p2/2P5/1PN2Q2/P4PPP/5r1K w - - 0 32,0.0,w
2rr2k1/pp3p1p/4np2/8/2P5/2N5/PPR2PPP/5BK1 w - - 5 22,0.0,w
2rr2k1/pp3p1p/5p2/8/2P5/2N2n2/PP1RBPPP/6K1 w - - 9 24,0.0,w
6k1/pB3p1p/5p2/8/2r5/2N5/PP1r1PPP/6K1 w - - 0 26,0.0,w
6k1/p4p1p/B4p2/8/N7/8/PP1r1PPP/2r3K1 w - - 4 28,0.0,w
6k1/p4p1p/5p2/8/N7/6P1/PP3P1P/2r2rK1 w - - 0 30,0.0,w
6k1/p4p1p/5p2/8/8/2N3P1/PPr2PKP/4r3 w - - 4 32,0.0,w
6k1/p4p1p/5p2/8/N7/6P1/PPr2r1P/6K1 w - - 0 34,0.0,w
6k1/p4p1p/5p2/8/4N3/6P1/Pr5r/6K1 w - - 0 36,0.0,w
6k1/p4p1p/5p2/8/6P1/8/Pr1r4/6K1 w - - 1 38,0.0,w
6k1/p4p1p/8/6p1/8/8/r2r4/5K2 w - - 0 40,0.0,w
8/p4pkp/8/8/6p1/8/r2r4/5K2 w - - 0 42,0.0,w
6k1/p4p1p/8/8/6p1/8/r1r5/5K2 w - - 4 44,0.0,w
5k2/p1rr1ppp/1p3n2/1P6/2B1PP1n/R5NP/6P1/R5K1 b - - 0 39,0.0,b
5k2/R2r1ppp/1p6/1P1nP3/2r2P1n/6NP/6P1/R5K1 b - - 0 41,0.0,b
5k2/R4ppp/1p6/1P1nP3/5P1n/6NP/5KP1/2r5 b - - 2 43,0.0,b
5k2/5ppp/1p6/1P2P3/R6n/7P/4NKn1/2r5 b - - 1 45,0.0,b
5k2/5ppp/1p6/1r2P3/4R2n/7P/4NKn1/8 b - - 1 47,0.0,b
8/4kppp/1p2P3/5r2/4R2n/7P/4N1n1/6K1 b - - 2 49,0.0,b
8/4k1pp/1p2p3/6r1/4R2n/7P/5Kn1/2N5 b - - 3 51,0.0,b
8/3k2pp/1p2p3/5r2/4R2n/1N5P/6n1/6K1 b - - 7 53,0.0,b
8/3k2pp/1p6/4pr2/7n/7P/8/N5K1 b - - 1 55,0.0,b
8/3k2pp/1p6/8/4p2n/5r1P/2N4K/8 b - - 3 57,0.0,b
8/6pp/Np1k4/5n2/4p3/5r1P/7K/8 b - - 7 59,0.0,b
8/6pp/Np1k4/8/4p3/4n2P/1r6/6K1 w - - 11 62,0.0,w
8/1k4pp/Np6/8/4p3/4n2P/1r6/6K1 w - - 15 64,0.0,w
8/1k4pp/1p6/8/4p3/4n2P/1r6/7K w - - 2 66,0.0,w
8/1k4pp/1p6/8/4p2P/6n1/1r6/6K1 w - - 3 68,0.0,w
8/1k4pp/1p5P/5n2/8/4p3/1r6/6K1 w - - 1 70,0.0,w
8/1k4np/1p6/8/8/4p3/1r6/6K1 b - - 2 72,0.0,b
8/2k4p/1p6/5n2/8/4p3/1r6/6K1 b - - 6 74,0.0,b
8/2k4p/1p6/8/7n/8/1r2p3/4K3 b - - 3 76,0.0,b
8/7p/1pk5/8/8/5K2/1r2p3/8 w - - 1 79,0.0,w
8/7p/1p6/3k2K1/8/8/1r6/4q3 w - - 2 81,0.0,w
3K4/7p/1p6/3k4/8/8/1r6/5q2 b - - 6 83,0.0,b
8/1K5p/1p2k3/8/8/8/8/1r3q2 b - - 10 85,0.0,b
8/1K5p/1p2k3/8/8/8/4q3/1r6 w - - 14 89,0.0,w
8/1K5p/1p6/4k3/2q5/8/8/1r6 w - - 18 93,0.0,w
1K6/7p/1p6/8/2qk4/8/8/1r6 b - - 22 95,0.0,b
8/1K5p/1p3q2/8/3k4/8/8/1r6 b - - 26 97,0.0,b
3q4/1K5p/1p6/8/3k4/8/8/1r6 b - - 30 99,0.0,b
7q/2K4p/1p6/8/3k4/8/8/r7 b - - 34 101,0.0,b
8/7p/2K5/4q3/3k4/8/8/1r6 b - - 2 103,0.0,b
r4rk1/pp2ppbp/1qn2np1/2pb4/2Pp1P2/Q2P1NP1/PP1BP1BP/R4R1K b - - 0 12,1.0,b
r3r1k1/pp2ppbp/1qn1bnp1/2p5/2Pp1P2/Q2P1NP1/PP1BP1BP/R3R1K1 b - - 4 14,1.0,b
3rr1k1/pp2pp1p/1qB1bnpb/2p3N1/2Pp1P2/Q2P2P1/PP1BP2P/R3R1K1 b - - 0 16,1.0,b
3rn1k1/pp2pp1p/1q2b1p1/2p3P1/2Pp4/Q2P2P1/PP1BP2P/R3R1K1 b - - 0 18,1.0,b
3r2k1/pp2pp1p/1B1n2p1/2p3P1/2bp4/Q2P2P1/PP2P2P/R3R1K1 b - - 0 20,1.0,b
3r2k1/1p2pp1p/1p4p1/2p3P1/2np4/1Q4P1/PP2P2P/R3R1K1 b - - 1 22,1.0,b
3r2k1/1p2pp1p/1p4p1/2p3P1/8/6P1/PP2Q2P/R3R1K1 b - - 0 24,1.0,b
4r1k1/1p2pp1p/6p1/1pQ3P1/8/6P1/PP5P/R3R1K1 b - - 0 26,1.0,b
r5k1/1p2Qp1p/6p1/6P1/8/6P1/PP5P/R3R1K1 b - - 0 28,1.0,b
1r4k1/5p1p/1p3Qp1/6P1/8/6P1/PP5P/R4RK1 b - - 3 30,1.0,b
1Q4k1/5p1p/6p1/6P1/8/6P1/PP5P/R4RK1 b - - 0 32,1.0,b
8/1Q3Rk1/6pp/6P1/8/6P1/PP5P/R5K1 b - - 0 34,1.0,b
6k1/1Q3R2/6pP/8/8/6P1/PP5P/2R3K1 b - - 0 36,1.0,b
r3r1k1/pp4np/2p1b1p1/3p1pb1/6P1/2P4P/PP1N4/R1BB1R1K w - - 1 23,1.0,w
r3r1k1/pp4np/2p1b1p1/6b1/3p2P1/2P5/PP1N2K1/R1BB1R2 w - - 0 25,1.0,w
r5k1/pp4np/2p3p1/3b2b1/3P2P1/5B2/PP1Nr1K1/R1B2R2 w - - 3 27,1.0,w
r5k1/pp4np/2p3p1/8/3P2P1/5NK1/PP2r3/R1b2R2 w - - 0 29,1.0,w
r5k1/pp4np/2p3p1/8/3P2P1/5NK1/P7/1rR5 w - - 0 31,1.0,w
1r4k1/pp5p/2p1n1p1/8/3P2P1/5N2/P4K2/1R6 b - - 3 33,1.0,b
1r6/pp4kp/2p1n1p1/4N3/3P2P1/4K3/P7/1R6 b - - 7 35,1.0,b
2rn4/pp4kp/2N3p1/8/3P2P1/4K3/P7/5R2 b - - 0 37,1.0,b
4r3/pp4kp/2n3p1/8/3P2P1/3K4/P7/5R2 b - - 3 39,1.0,b
4r1k1/pp5p/6p1/8/1n1P2P1/2K5/P7/5R2 w - - 7 42,1.0,w
8/pp4kp/6p1/8/3P2P1/2K1r3/P7/5R2 w - - 3 44,1.0,w
8/pp4kp/6p1/8/3P2P1/8/P2K2r1/1R6 w - - 7 46,1.0,w
8/p5kp/1p4p1/8/1K1P2P1/8/r7/1R6 w - - 0 48,1.0,w
8/p4k1p/1p4p1/8/2KP2P1/8/1r6/2R5 w - - 4 50,1.0,w
8/p4k1p/1p4p1/8/2KP2P1/8/1r6/4R3 w - - 8 52,1.0,w
8/p6p/1p2k1p1/1r6/3P2P1/2K5/8/5R2 w - - 12 54,1.0,w
8/p6p/1pk3p1/1r2R3/3P2P1/2K5/8/8 w - - 16 56,1.0,w
8/p6R/1pk3p1/8/3P2P1/r1K5/8/8 w - - 1 58,1.0,w
8/p5R1/1pk5/r5p1/3P2P1/8/2K5/8 w - - 2 60,1.0,w
8/p2k4/1p4R1/r5p1/3P2P1/3K4/8/8 b - - 6 62,1.0,b
8/p3k1R1/1p6/r5p1/3PK1P1/8/8/8 w - - 10 65,1.0,w
8/r7/1p6/6p1/3PK1P1/8/8/8 w - - 0 67,1.0,w
8/r7/8/3P2p1/1p4P1/3K4/8/8 w - - 0 69,1.0,w
8/3r4/8/6p1/6P1/1p1K4/8/8 w - - 0 71,1.0,w
8/3r4/8/6p1/2K3P1/8/8/1q6 w - - 0 73,1.0,w
8/3r4/8/6p1/2K3P1/8/8/1q6 w - - 4 75,1.0,w
8/4r3/1K6/6p1/6P1/8/2q5/8 w - - 8 77,1.0,w
8/8/8/6p1/1K4P1/8/2q5/r7 w - - 12 79,1.0,w
8/8/K7/6p1/6P1/8/2q5/r7 w - - 16 81,1.0,w
8/8/8/K5p1/6P1/8/2q5/1r6 w - - 20 83,1.0,w
4qr1k/2p1r1bn/1p1p2pp/pPnPpp2/P3P3/3PBPPB/4R2P/3Q1R1K b - - 16 31,0.0,b
4qr1k/2p1r1b1/1p1p2pp/pPnPp1n1/P3P3/3PB1P1/4R1BP/3Q1R1K b - - 0 33,0.0,b
4q2k/2p2rb1/1p1p2pp/pPnPp1n1/P3P2P/3PB1P1/4R1B1/3Q3K b - h3 0 35,0.0,b
4q2k/2p3b1/1p1p1rPp/pPnPp3/P3P3/3PBnP1/4R1B1/3Q3K w - - 1 38,0.0,w
7k/2p3b1/1p1p1rqp/pP1Pp3/P3P3/4BnP1/5RB1/3Q3K w - - 0 40,0.0,w
7k/2p3b1/1p1p1r1p/pP1Pp3/P3P3/4BB1q/4QR2/7K w - - 2 42,0.0,w
7k/2p3b1/1p1p1rqp/pP1Pp3/P3P3/4BB2/4QR2/5K2 w - - 6 44,0.0,w
7k/2Q3bq/1p1p1r1p/pP1Pp3/P3P3/4BB2/5R2/5K2 b - - 0 46,0.0,b
3Q3k/6b1/1p1p3p/pP1Pp3/P3q3/4BR2/8/5K2 b - - 1 48,0.0,b
8/6bk/1p1Q3p/pP1Pp3/P7/5q2/5B2/5K2 b - - 1 50,0.0,b
5Q2/7k/1p5p/pP1Pp3/P7/3q4/5BK1/8 b - - 0 52,0.0,b
8/7k/1p5p/pP1q4/P7/5p2/5BK1/8 w - - 0 55,0.0,w
8/7k/1p1q4/pP5p/P7/5K2/5B2/8 w - - 0 57,0.0,w
8/7k/1p2q3/pP6/P6B/8/4K3/8 w - - 1 59,0.0,w
8/7k/1p6/pP6/P6q/8/8/4K3 w - - 0 61,0.0,w
8/7k/1p6/pq6/8/5K2/8/8 w - - 0 63,0.0,w
8/7k/1p6/1q6/8/p6K/8/8 w - - 0 65,0.0,w
8/8/1p5k/1q6/8/p4K2/8/8 b - - 4 67,0.0,b
8/8/1p5k/1q6/8/6K1/8/r7 b - - 1 69,0.0,b
8/8/1p5k/8/8/5q2/8/2r5 w - - 0 72,0.0,w
5r1k/2p3b1/1p1p1npp/pPnPp3/P3P2q/3P1P2/R5BP/3QR2K w - - 4 39,1.0,w
5r1k/2p3b1/1p1p1npp/pPnPp3/P3P2q/5P2/R2QR1BP/7K w - - 2 41,1.0,w
2r3k1/2p3b1/1p1p1npp/pPnPp3/P3P2q/4QP2/R3R1BP/6K1 w - - 6 43,1.0,w
5rk1/2p3b1/1p1p1npp/pPnPp2q/P3P3/4QP2/2R3BP/R5K1 w - - 10 45,1.0,w
5r2/2p1k1b1/1p1p1npp/pPnPp2q/P3P3/4QP2/2R3BP/R5K1 w - - 14 47,1.0,w
5r2/2p1k1b1/1p1p2pp/pPnP3q/P3p3/4QP1P/2R3B1/R5K1 w - - 0 49,1.0,w
3k1r2/2p3b1/1p1p2pp/pP1P3q/n3p3/4QP1P/2R1R1B1/6K1 w - - 0 51,1.0,w
2k2r2/2p3b1/1p1p2pp/pP1q4/Q7/5P1P/2R1R1B1/6K1 w - - 0 53,1.0,w
2k5/2p3b1/1p1p2Qp/pP3r2/8/5P1P/2R1R1B1/3q2K1 w - - 1 55,1.0,w
2k5/2p5/1p1p2Qp/pP2r3/8/5P1P/2R3BK/3q4 w - - 0 57,1.0,w
6Q1/1kp5/1p5p/pP1pr3/5P2/7P/2R3BK/3q4 w - - 0 59,1.0,w
2k5/2p5/1p5p/pP1QP3/8/7P/2q3BK/8 w - - 1 61,1.0,w
2k5/7q/1pP4p/p2QP3/7P/8/6BK/8 w - - 1 63,1.0,w
3Q4/k6q/1pP4p/p3P3/7P/7B/7K/8 w - - 5 65,1.0,w
8/k2P4/1p5p/4P3/p6P/7B/7K/8 w - - 0 67,1.0,w
3Q4/8/kp2P2p/8/7P/p6B/7K/8 w - - 0 69,1.0,w
3QQ3/8/1p5p/2k5/7P/p6B/7K/8 w - - 1 71,1.0,w
4Q3/8/7p/1pk4P/8/3Q3B/p6K/8 w - - 0 73,1.0,w
5rk1/1pb1rp2/p1p2np1/P1Pp4/1P1R1P2/4PB2/5KRP/8 w - - 0 34,0.0,w
4r1k1/1pb2p2/p1p2np1/P1Pp4/1P3P2/4rB2/5K1P/3R2R1 w - - 0 36,0.0,w
4r3/1pb2p1k/p1p2np1/P1Pp4/1P1R1P2/2r2B1P/5K2/6R1 w - - 1 38,0.0,w
4r3/1pb2p1k/p1p2np1/P1Pp4/1PrR1P2/5BRP/8/5K2 w - - 5 40,0.0,w
4r3/2b2p1k/p1p2np1/P1P5/1Pp2P2/6RP/8/5K2 w - - 0 42,0.0,w
4r3/2b2p1k/p1p3p1/P1P5/1Pp2n2/6RP/5K2/8 w - - 0 44,0.0,w
4r3/2b2p1k/p1P3p1/Pp6/2p5/3n2RP/5K2/8 w - - 1 46,0.0,w
4r3/5p1k/p1P3p1/Pp6/1np5/6KP/8/8 w - - 1 48,0.0,w
4r3/2P2p1k/p5p1/Pp6/1n5P/6K1/2p5/8 w - - 0 50,0.0,w
2r5/5p1k/p7/Pp5p/1n6/6K1/2p5/8 w - - 0 52,0.0,w
2r5/7k/p4p2/Pp5K/1n6/8/8/2q5 w - - 0 54,0.0,w
2r5/8/p4pk1/Pp6/1n6/4q1K1/8/8 w - - 4 56,0.0,w
7r/8/p4pk1/Pp6/8/3nq3/8/5K2 b - - 8 58,0.0,b
8/pp3pk1/3n1p1p/3P4/1P6/P7/2B1KPPP/8 b - - 1 29,1.0,b
8/pp3pk1/3P1p1p/8/1P6/n2B4/4KPPP/8 b - - 0 31,1.0,b
4k3/pp3p2/3P1p1p/8/1P6/n2B4/5PPP/2K5 b - - 4 33,1.0,b
8/pp3p2/3k1p1p/8/1P6/K2B4/5PPP/8 b - - 0 35,1.0,b
8/pp3p2/4kp1p/8/1PB5/1K6/5PPP/8 b - - 4 37,1.0,b
8/pp6/3k3p/5p1B/1P6/1K6/5PPP/8 b - - 1 39,1.0,b
8/p7/1p5p/4kp2/1P6/5B2/1K3PPP/8 b - - 1 41,1.0,b
8/p7/1p5p/8/1P1k1p2/8/1K2BPPP/8 b - - 3 43,1.0,b
8/p7/1p5p/4k3/1P3p2/3K4/4BPPP/8 b - - 7 45,1.0,b
8/p7/1p5p/4k3/1P3p2/3K1B2/5PPP/8 b - - 11 47,1.0,b
8/p7/1p2k2p/3B4/1P1K1p2/8/5PPP/8 b - - 15 49,1.0,b
8/p1k5/1p5p/4K3/1P3p2/5B2/5PPP/8 b - - 19 51,1.0,b
8/p7/1p2k2p/8/1P3K2/8/4BPPP/8 b - - 2 53,1.0,b
8/p7/1p5p/4k3/1P4K1/8/4BPPP/8 b - - 6 55,1.0,b
8/p7/1p5K/8/1P6/2k5/4BPPP/8 b - - 0 57,1.0,b
8/p7/1p4K1/8/8/2k2P2/4B1PP/8 b - - 0 59,1.0,b
8/p7/1pB3K1/8/8/4kP2/6PP/8 b - - 4 61,1.0,b
8/p7/1pB5/5K2/5P2/4k3/6PP/8 b - - 2 63,1.0,b
8/p7/2B5/1p3K2/3k1P2/8/6PP/8 b - - 1 65,1.0,b
8/p7/3k4/1p6/4KP2/5B2/6PP/8 b - - 5 67,1.0,b
8/p7/3k4/1p6/3K1PB1/8/6PP/8 b - - 9 69,1.0,b
8/p7/2k2P2/8/1p1K2B1/8/6PP/8 b - - 0 71,1.0,b
8/p4P2/2k5/5B2/3K4/8/1p4PP/8 b - - 1 73,1.0,b
8/p7/2k5/2Q2B2/3K4/8/1p4PP/8 b - - 2 75,1.0,b
8/pk6/8/2Q5/3K4/6P1/7P/1B6 b - - 0 77,1.0,b
1k6/8/p7/2Q5/3KB3/6PP/8/8 b - - 0 79,1.0,b
2k5/8/1Q6/p4B2/3K4/6PP/8/8 b - - 3 81,1.0,b
rnbqkb1r/pp2pppp/5n2/2pp4/5P2/2PPB3/PP2P1PP/R2QKBNR b KQkq - 1 4,0.0,b
r1bq1b1r/pp1kpppp/2n2n2/2pp4/5P2/2PPBN2/PP1KP1PP/R2Q1B1R b - - 5 6,0.0,b
r1b2b1r/pp1kpppp/2n2n2/2Bp4/5P2/2PP1N2/Pq2P1PP/R2QKB1R b - - 1 8,0.0,b
r1b2b1r/pp1kpppp/2n2n2/2Bp4/5P2/3P1N2/P2QPKPP/q4B1R b - - 1 10,0.0,b
r1b2b1r/pp1k1ppp/2n1pn2/2Bp4/5PP1/3P1N2/P2QPKBP/1q5R b - - 1 12,0.0,b
r1b4r/pp1k1ppp/2n1pn2/1qbp2P1/5P2/3PPN2/P2Q1KBP/7R b - - 0 14,0.0,b
r1b4r/pp1k1ppp/2n1p3/1q1p2P1/5Pn1/3PbNK1/P3Q1BP/7R b - - 1 16,0.0,b
r1b4r/pp1k1ppp/1bn1p3/1q1p2P1/5P2/3P1N2/P3Q1BK/2R5 b - - 0 18,0.0,b
r1b4r/pp1k1ppp/1bn1p3/3p2P1/q4P2/3P1N1K/P1R1Q1B1/8 b - - 4 20,0.0,b
r1b4r/pp1k1ppp/1b2p3/3p2P1/3n1q1N/3P3K/P1R3B1/5Q2 b - - 3 22,0.0,b
r1b4r/pp1k1ppp/1b2p3/3p2P1/7N/3P2K1/P1n5/5B2 b - - 1 24,0.0,b
r1b4r/pp1k1ppp/1b2p3/3p2P1/P6N/3P2K1/2n5/5B2 b - - 0 26,0.0,b
r1b4r/pp1k1ppp/1b2p3/3p2P1/P7/3B1NK1/8/8 b - - 0 28,0.0,b
r1b4r/pp2kppp/4p3/3p2P1/P7/3BbNK1/8/8 b - - 4 30,0.0,b
r1b4r/ppb1kppp/4p3/1B1p2P1/P7/5N2/6K1/8 b - - 8 32,0.0,b
r6r/pp1Bkppp/4p3/3p2P1/P4b2/5N2/5K2/8 b - - 0 34,0.0,b
2r4r/pp1k1ppp/4p3/P2p2P1/3N1b2/8/5K2/8 b - - 2 36,0.0,b
2r4r/pP1k1ppp/8/3p2P1/3p1b2/8/5K2/8 b - - 0 38,0.0,b
1r5r/pP1k1ppp/8/3p2b1/3p4/8/5K2/8 b - - 1 40,0.0,b
1r5r/pP1k1ppp/8/3p2b1/6K1/8/3p4/8 b - - 1 42,0.0,b
1r5r/pP1k1ppp/5b2/3p4/8/8/5K2/3q4 b - - 1 44,0.0,b
7r/p2k1ppp/5b2/3p4/8/1r6/6K1/3q4 b - - 3 46,0.0,b
5rk1/1pb2pp1/p1p1r3/P1Pp1B1n/1P1B1P2/4Pn2/6RP/3R2K1 w - - 1 30,0.5,w
5rk1/1pb1rpp1/p1p5/P1Pp1B1n/1P1R1P2/4P3/5KRP/8 w - - 1 32,0.5,w
4r1k1/1pb1rpp1/2p5/PpPp3n/3R1P2/3BP3/5KRP/8 w - - 0 34,0.5,w
4r1k1/2b2pp1/p1p5/1pPp2Rn/3R1P2/3Br3/5K1P/8 w - - 0 36,0.5,w
4r1k1/2b2pp1/p1p1r3/1pPp4/3R1P2/3B3R/5K1P/8 w - - 3 38,0.5,w
4r3/2b2pk1/p1p1r1p1/1pPp4/3R1P2/3B4/5KRP/8 w - - 2 40,0.5,w
7r/2b2p2/p1p1rkp1/1pPp4/3R1P2/3B4/5KRP/8 w - - 6 42,0.5,w
4r3/2b2p2/p1p1rkp1/1pPB4/3R1P2/8/5KRP/8 b - - 0 44,0.5,b
4r3/2b2p2/p4kp1/1pPR4/5P2/8/4r1RP/6K1 b - - 2 46,0.5,b
4r3/5p2/p4kp1/1pP5/5b2/8/6KP/3R4 b - - 1 48,0.5,b
8/5p2/p4kp1/1pP5/8/8/4r3/3R2K1 b - - 2 50,0.5,b
8/5p2/R5p1/1pP1rk2/8/8/8/6K1 b - - 0 52,0.5,b
8/5p2/6p1/2r2k2/1R6/8/8/6K1 b - - 0 54,0.5,b
8/5p2/8/5kp1/8/8/2r5/5RK1 b - - 1 56,0.5,b
8/5p2/6k1/6p1/8/8/5K2/8 b - - 0 58,0.5,b
8/5p2/8/6k1/6p1/4K3/8/8 b - - 3 60,0.5,b
8/5p2/8/8/5kp1/8/8/5K2 b - - 7 62,0.5,b
8/5p2/8/8/6p1/5k2/7K/8 b - - 11 64,0.5,b
8/8/8/5p2/8/5kp1/8/5K2 b - - 1 66,0.5,b
8/8/8/8/5p2/5k2/6pK/8 b - - 1 68,0.5,b
8/8/8/8/8/4kpK1/8/8 b - - 1 70,0.5,b
8/8/8/8/6K1/4k3/8/5q2 b - - 1 72,0.5,b
8/8/8/8/7K/4k3/8/1q6 b - - 5 74,0.5,b
8/8/8/8/8/4k2K/2q5/8 b - - 9 76,0.5,b
8/8/8/5q2/8/4k1K1/8/8 b - - 13 78,0.5,b
8/8/6q1/8/8/4k3/7K/8 b - - 17 80,0.5,b
8/8/6q1/8/8/4k3/8/7K b - - 21 82,0.5,b
8/8/8/8/8/5k1K/8/1q6 b - - 25 84,0.5,b
8/8/8/8/8/5k1K/8/1q6 b - - 29 86,0.5,b
8/8/8/8/8/7K/4k3/4q3 b - - 33 88,0.5,b
8/8/8/8/8/8/4k2K/5q2 b - - 37 90,0.5,b
8/8/8/8/8/6K1/4k3/q7 b - - 41 92,0.5,b
8/8/8/1q6/8/7K/4k3/8 b - - 45 94,0.5,b
8/8/8/8/6K1/8/4k3/3q4 b - - 49 96,0.5,b
8/8/6K1/8/8/4k3/8/5q2 b - - 53 98,0.5,b
6K1/8/8/5q2/4k3/8/8/8 b - - 57 100,0.5,b
7K/5q2/8/8/4k3/8/8/8 b - - 61 102,0.5,b
8/5q2/7K/8/4k3/8/8/8 b - - 65 104,0.5,b
8/8/8/6K1/4k3/q7/8/8 b - - 69 106,0.5,b
5q2/8/8/6K1/4k3/8/8/8 b - - 73 108,0.5,b
r4rk1/pp2ppbp/1qn1bnp1/2p5/2Pp1P2/Q2P1NP1/PP1BP1BP/R4R1K w - - 1 13,0.0,w
3rr1k1/pp2ppbp/1qn1bnp1/2p5/2Pp1P2/Q2P1NP1/PP1BP1BP/R3R1K1 w - - 5 15,0.0,w
3rr1k1/pp2pp1p/1qn2npb/2p2b2/2Pp1P2/Q2P1NP1/PP1BPKBP/3RR3 w - - 9 17,0.0,w
3rr1k1/pp2pp1p/1q3npb/2p1n3/2Pp1Pb1/QP1P2P1/P2BPKBP/3RR3 w - - 0 19,0.0,w
3rr1k1/pp1npp1p/1q4p1/2p1P3/2Pp2b1/QP1P2P1/P2RPKBP/4R3 w - - 1 21,0.0,w
1r2r1k1/pB2pp1p/1q4p1/2p1n3/2Pp2b1/QP1P2P1/P2RPK1P/4R3 w - - 1 23,0.0,w
1r2r1k1/p3pp1p/1q4p1/2p1n3/2PpB1b1/QP1P2P1/P2RP2P/4R1K1 w - - 5 25,0.0,w
1r2r1k1/p3pp1p/4q1p1/2p1n2b/2PpB3/1P1P2PP/P2RP3/2Q1R1K1 w - - 1 27,0.0,w
1r2r1k1/p3pp1p/6p1/2p1n3/2PpB1q1/1P1P4/P2RP3/2Q1R1K1 w - - 0 29,0.0,w
1r1r2k1/p3pp1p/6p1/2p5/2Pp2q1/1P1R4/P3P1B1/2Q1R1K1 w - - 1 31,0.0,w
3r2k1/p3pp1p/1r4pQ/2p2q2/1PPp4/3R4/P3P1B1/4R1K1 w - - 1 33,0.0,w
3r2k1/p3pp1p/1r3q1Q/2P3p1/2Pp4/3R3B/P3P3/4R1K1 w - - 0 35,0.0,w
3r2k1/p3pp1p/2r5/2P3p1/2Pp4/6RB/P3P3/4R1K1 w - - 2 37,0.0,w
3r3k/p3pp1p/8/2r3R1/2Pp4/7B/P3P2K/4R3 w - - 0 39,0.0,w
7k/p3pp1p/8/2R5/2P5/3r3B/P6K/4R3 w - - 0 41,0.0,w
7k/p3Rp1p/8/2R5/2P5/7B/r7/6K1 b - - 0 43,0.0,b
2R5/p3Rpkp/8/8/2P5/7B/5K2/r7 b - - 4 45,0.0,b
2R5/p3Rpkp/8/8/2P5/r6B/6K1/8 b - - 8 47,0.0,b
2R5/4Rpkp/p7/8/2P5/8/6B1/8 w - - 0 50,0.0,w
2R5/5k1p/8/p1P5/8/8/6B1/8 w - - 0 52,0.0,w
2R5/2P4p/5k2/8/p7/8/6B1/8 w - - 0 54,0.0,w
2R5/2P4p/5k2/8/8/8/p3B3/8 w - - 0 56,0.0,w
8/2P5/7p/4k3/8/8/R3B3/8 w - - 0 58,0.0,w
2Q5/8/7p/8/8/4k3/3RB3/8 w - - 3 60,0.0,w
8/8/8/7p/5k2/2Q5/3R4/3B4 w - - 0 62,0.0,w
8/8/5Q2/3R4/7p/6k1/8/3B4 w - - 2 64,0.0,w
5rk1/pp1b2np/P1pb2p1/3p4/6P1/2P5/1P1N2K1/R1BB4 b - - 0 28,0.5,b
5rk1/p2b2np/Ppp3p1/3pb3/6P1/1NP1B3/1P4K1/R2B4 b - - 3 30,0.5,b
2b2r2/p4knp/Ppp3p1/3pb3/3N2P1/2P1BB2/1P4K1/R7 b - - 7 32,0.5,b
2b2r2/p4knp/PpN3p1/2pp4/6P1/2P1BB2/6K1/R7 b - - 0 34,0.5,b
2b2r2/p4knp/PpN3p1/8/3B2P1/5B2/6K1/R7 b - - 0 36,0.5,b
2b2r2/p4k1p/PpN3p1/8/5nP1/5BK1/8/R5B1 b - - 4 38,0.5,b
5r2/N4k1p/Pp4p1/8/6B1/3n2K1/8/R5B1 b - - 0 40,0.5,b
5R2/N5kp/Pp4p1/4n3/6B1/6K1/8/6B1 b - - 0 42,0.5,b
5k2/7p/PBn3p1/1N6/6B1/6K1/8/8 b - - 0 44,0.5,b
8/B4k1p/6p1/1N6/6B1/6K1/8/8 b - - 0 46,0.5,b
8/7p/5kp1/8/6B1/2N1B1K1/8/8 b - - 4 48,0.5,b
8/6kp/4B1p1/3N4/8/4B1K1/8/8 b - - 8 50,0.5,b
5k2/8/4B1p1/3N3p/3B4/5K2/8/8 b - - 3 52,0.5,b
5k2/8/4BB2/3N3p/6p1/8/5K2/8 b - - 1 54,0.5,b
5k2/8/4BB2/3N3p/6p1/8/5K2/8 b - - 5 56,0.5,b
5k2/8/4BB2/7N/6p1/8/5K2/8 b - - 0 58,0.5,b
5k2/8/4BB2/8/6p1/8/4NK2/8 b - - 4 60,0.5,b
5k2/8/4BB2/8/6p1/8/N4K2/8 b - - 8 62,0.5,b
5k2/8/4BB2/8/6p1/8/N4K2/8 b - - 12 64,0.5,b
5k2/8/2N1BB2/8/6p1/8/5K2/8 b - - 16 66,0.5,b
5k2/8/4BB2/8/1N4p1/6K1/8/8 b - - 20 68,0.5,b
5k2/8/4BB2/8/6K1/3N4/8/8 b - - 2 70,0.5,b
5k2/8/4BB2/8/1N6/6K1/8/8 b - - 6 72,0.5,b
5k2/8/4BB2/8/8/6K1/8/2N5 b - - 10 74,0.5,b
5k2/8/4BB2/8/5N2/6K1/8/8 b - - 14 76,0.5,b
5k2/8/4BB2/8/5N2/6K1/8/8 b - - 18 78,0.5,b
5k2/8/4BB2/8/8/4N1K1/8/8 b - - 22 80,0.5,b
5k2/8/4B3/3NB3/8/6K1/8/8 b - - 26 82,0.5,b
5k2/8/4B3/3NB3/8/6K1/8/8 b - - 30 84,0.5,b
3k4/8/4B3/2BN4/8/6K1/8/8 b - - 34 86,0.5,b
3k4/8/4B3/2BN4/8/6K1/8/8 b - - 38 88,0.5,b
5k2/p1rr1ppp/1p6/1P2P3/4nP1n/R6P/4N1P1/R5K1 w - - 1 41,0.0,w
8/p1rrkppp/1p6/1P2Pn2/4nP2/R5PP/4N1K1/R7 w - - 3 43,0.0,w
8/p1rrkppp/1p4n1/1P2P3/4nPP1/R6P/4N3/R4K2 w - - 3 45,0.0,w
8/p1rrkpp1/1p5p/1P2P3/4nPPn/4R2P/4N1K1/R7 w - - 2 47,0.0,w
8/p1r1kpp1/1p5p/1P2P3/5PPn/4R2P/4Nn2/3R3K w - - 1 49,0.0,w
8/p2rkpp1/1p5p/1P2P3/5PPn/3R3P/4N3/3n2K1 w - - 2 51,0.0,w
8/p3kpp1/1p5p/1P2P3/5PP1/5n1P/3rN3/3n1K2 w - - 2 53,0.0,w
8/p3kpp1/1p6/1P2nPp1/8/7P/3rN3/3n1K2 w - - 0 55,0.0,w
8/p3k1p1/1p3p2/1P3Pp1/8/5n1P/3rN3/3n1K2 w - - 0 57,0.0,w
r1bqk2r/ppnn1ppp/2p1p3/8/1bPP4/8/PP3PPP/RNBQRBK1 w kq - 1 9,0.5,w
r1b1k2r/ppnn1ppp/2pbpq2/8/2PP4/3B4/PP1B1PPP/RN1QR1K1 w kq - 5 11,0.5,w
r1b2rk1/ppnn1ppp/2pbp2q/8/2PP4/2BB3P/PP3PP1/RN1QR1K1 w - - 1 13,0.5,w
r1b1r1k1/ppn2ppp/2pbpn1q/8/2PP4/2BB1N1P/PP3PP1/R2QR1K1 w - - 5 15,0.5,w
r1b1r1k1/ppn2ppp/2p2n1q/2b1P3/2P5/2BB1N1P/PP2RPP1/R2Q2K1 w - - 1 17,0.5,w
r1b3k1/ppn2p1p/2p2P1q/2b3p1/2P5/2BB1N1P/PP2QPP1/R5K1 w - g6 0 19,0.5,w
3r2k1/ppn2p1p/2p1bP1q/2b3p1/2P5/2BB1N1P/PPQ2PP1/4R1K1 w - - 4 21,0.5,w
6k1/ppn2p1p/2p1bq2/2b3p1/2P5/3Q1N1P/PP1B1PP1/4R1K1 w - - 0 23,0.5,w
3Q1bk1/ppn2pqp/2p1b3/6B1/2P5/5N1P/PP3PP1/4R1K1 w - - 3 25,0.5,w
3Q1bk1/ppn2pqp/2p5/6B1/2P5/5N1P/PP3PP1/1b2R1K1 w - - 7 27,0.5,w
6k1/ppn3qp/2p5/2b2pB1/2P5/5N1P/PP3PP1/1R1Q2K1 w - - 2 29,0.5,w
6k1/ppn3qp/2p5/2b2pB1/2P5/5N1P/PP3PP1/1R1Q2K1 w - - 6 31,0.5,w
4qrk1/2p1r1bn/1p1p2pp/pPnPpp2/P3P3/3PBPPB/R6P/3Q1R1K b - - 14 30,1.0,b
4qrk1/2p1r1b1/1p1p2pp/pPnPp1n1/P3Pp2/3P1PP1/R4BBP/3Q1R1K b - - 1 32,1.0,b
4q1k1/2p1rrb1/1p1p2pp/pPnPp1n1/P3P3/3P1PP1/R4BB1/3QR2K b - - 2 34,1.0,b
4q1k1/2p1rrb1/1p1p1npp/pPnPp3/P3P1P1/3P1P2/3R1BB1/3QR2K b - - 0 36,1.0,b
4q1k1/2p1rrbn/1p1p2p1/pPnPp1Pp/P3P3/3PBP2/3R2B1/3QR2K b - - 2 38,1.0,b
4q2k/2p1rrbn/3p2p1/pPpPp1Pp/P3P3/3P1P2/2R3B1/3QR2K b - - 1 40,1.0,b
4q1k1/2p1rrb1/3p2p1/pPpPp1np/P3P3/3P1P2/2R3BK/3Q3R b - - 3 42,1.0,b
4q1k1/2p1r1b1/3p2p1/pPpPp2p/P3P3/3P1Q2/2R4K/7R b - - 0 44,1.0,b
4q1k1/2p1r1b1/3p2p1/pP1Pp3/P1R1P2p/3P3Q/7K/7R b - - 1 46,1.0,b
4q1k1/2p1r3/3p1b2/pP1Pp1p1/P1R1P2p/3P3Q/6K1/5R2 b - - 3 48,1.0,b
4q2k/2R2r2/3p1b2/pP1PpQp1/P3P2p/3P4/6K1/5R2 b - - 0 50,1.0,b
7k/5q2/3p1Q2/pP1Pp1p1/P3P2p/3P4/6K1/5R2 b - - 0 52,1.0,b
7k/4Q3/8/pP1Pp1p1/P3P2p/3P4/6K1/5R2 b - - 0 54,1.0,b
7k/4Q3/8/pP1Pp1p1/P3P3/3P4/7K/5R2 b - - 0 56,1.0,b
r4rk1/ppnR1p1p/5p2/8/2P5/2N5/PP3PPP/5BK1 b - - 0 19,0.0,b
1rr3k1/ppnR1p1p/3N1p2/8/2P5/8/PP3PPP/5BK1 b - - 4 21,0.0,b
1r6/ppnr1pkp/5p2/8/2P1N3/8/PP3PPP/5BK1 w - - 2 24,0.0,w
4r3/ppnr1p1p/5pk1/8/2P1N3/5P2/PP2B1PP/6K1 w - - 1 26,0.0,w
4r3/ppn2p1p/5pk1/4r3/2P1N3/5P2/PP2B1PP/6K1 w - - 5 28,0.0,w
3r4/ppn2pkp/3N1p2/4r3/2P5/3B1P2/PP4PP/6K1 w - - 9 30,0.0,w
8/ppn2k1B/5p2/4r3/2P5/5P2/PP4PP/3r2K1 w - - 1 32,0.0,w
8/ppn2k1B/5p2/4r3/2P5/5PK1/Pr4PP/8 w - - 0 34,0.0,w
8/ppn2k2/5p2/8/2P1BK2/5P2/Pr4rP/8 w - - 0 36,0.0,w
8/ppn2k2/5p2/8/P1P1B3/1r2KP2/7r/8 w - - 1 38,0.0,w
8/pBn2k2/5p2/8/P1P2r2/1r3P2/8/8 b - - 0 40,0.0,b
8/prn2k2/5p2/P1P5/8/5r2/8/8 b - - 0 42,0.0,b
2n5/p4pk1/1p3p1P/3K3P/PP3P2/3B4/8/8 w - - 0 42,1.0,w
rnbqkb1r/pp3ppp/2p2n2/4p3/3pP3/1B1P4/PPP1QPPP/RNB1K2R w KQkq - 0 6,1.0,w
rnb1k2r/pp3ppp/2pb1n2/q3p1B1/3pP3/1B1P4/PPPNQPPP/R3K2R w KQkq - 4 8,1.0,w
rnb1k2r/pp3p1p/2pb1p2/4p3/1q1pP3/1B1P4/PPPNQPPP/2KR3R w kq - 2 10,1.0,w
r1b1k2r/pp1n1p1p/2p2p2/2b1p3/1qNpP3/1B1P1Q2/PPP2PPP/2KR3R w kq - 6 12,1.0,w
r1b4r/pp1nkp1p/2p2p2/2b1p3/1q2P3/NBpP1Q2/PP3PPP/2KR3R w - - 0 14,1.0,w
r1b4r/pp1nkp1p/1qp2p2/2b1p3/4P3/1B1P1Q2/PKN2PPP/3R3R w - - 1 16,1.0,w
r1b4r/pp1nkp1p/1qp2p2/4p2Q/4P3/1B1P4/P1N2bPP/2KR3R w - - 0 18,1.0,w
r1bk3r/pp1n1Q1p/1qp2p2/2b1p3/4P3/1B1P4/P1NR2PP/2K4R w - - 3 20,1.0,w
r1bk3r/pp1n2Qp/2p2p2/2q1p3/4P3/NB1P4/P2R2PP/2K4R w - - 1 22,1.0,w
r1bkr3/pp1n3Q/2pq1p2/4p3/4P3/1B1P4/P1NR2PP/2K4R w - - 1 24,1.0,w
r1b1r3/pp1n3Q/1kpq1p2/4p3/4P3/1B1P4/P1N2RPP/2K2R2 w - - 5 26,1.0,w
r1b1r3/pp5Q/1kp2n2/4p3/4P3/1B1P4/P1N3PP/2K5 w - - 0 28,1.0,w
r1b2r2/ppk5/2p2n2/4p3/4P3/1B1P4/P1N3PP/2K1Q3 w - - 4 30,1.0,w
r1b2r2/pp6/2pk4/4p3/4P1n1/1B1P2Q1/P1N3PP/2K5 w - - 8 32,1.0,w
r1b5/pp6/3k4/2p1p3/3PP1n1/1B4Q1/PKN3PP/5r2 w - - 0 34,1.0,w
r1b5/pp6/3k4/2p1n3/4P3/1B2N1Q1/PK3rPP/8 w - - 2 36,1.0,w
r1b5/pp2k3/8/2p1n3/2N1P3/1BK3Q1/P3r1PP/8 w - - 6 38,1.0,w
r7/pp3k2/4b3/2Q5/2N1P3/1BK5/P3r1PP/8 w - - 1 40,1.0,w
7r/pp4k1/4b3/8/2N1P3/1BK5/P3Q1PP/8 w - - 1 42,1.0,w
r7/pp6/4b2k/8/2NQP3/1BK5/P5PP/8 w - - 5 44,1.0,w
5r2/pp6/4Q3/7k/2N1P3/1BK5/P5PP/8 w - - 1 46,1.0,w
8/pp6/4Q3/8/2N1P2k/2K2B2/P5PP/8 w - - 1 48,1.0,w
8/p2k1p2/1p1n1p1p/3P3P/1P1K1PP1/P2B4/8/8 w - - 1 37,1.0,w
8/p2k1p2/3n3p/1p1P2pP/1P3P2/P2BK3/8/8 w - - 0 39,1.0,w
8/p2k1p2/3n3P/1p1P4/1P4p1/P2BK3/8/8 w - - 0 41,1.0,w
8/p2k1p1P/8/3P4/1Pp3p1/P3K3/8/8 w - - 0 43,1.0,w
Q7/p2k1p2/8/3P4/1Pp5/P3K3/6p1/8 w - - 0 45,1.0,w
8/Q4p2/8/3k4/1Pp5/P7/5Kp1/8 w - - 0 47,1.0,w
8/5Q2/8/8/1Pp5/P1k5/6K1/8 w - - 1 49,1.0,w
8/5Q2/1P6/8/2p5/P7/1k4K1/8 w - - 1 51,1.0,w
8/1P6/8/8/2Q5/P7/6K1/k7 w - - 1 53,1.0,w
1Q6/8/8/8/3Q4/k7/6K1/8 w - - 0 55,1.0,w
4rrk1/1pb2pp1/p1p1qn2/P1Pp1b1p/1P1B1P2/3BPR2/RQNn2PP/6K1 w - - 2 21,1.0,w
4rrk1/1pb2pp1/p1p1qn2/P1Pp3p/1P1B1P2/3bPP2/RQN2R1P/6K1 w - - 0 23,1.0,w
4rr1k/1pb1qpp1/p1p2n2/P1Pp2Rp/1P1B1P2/3bPP2/RQN4P/6K1 w - - 4 25,1.0,w
4rr1k/1pb1qpp1/p1p2n2/P1Pp1PR1/1PbB3p/4PP1P/RQN5/6K1 w - - 1 27,1.0,w
4rr1k/1p2qp2/p1p2p2/P1Pp1PR1/1PbQ1b1p/4PP1P/R1N5/6K1 w - - 2 29,1.0,w
4rr1k/1p2qp2/p1p2p1b/P1Pp1P1R/1P1Q3p/1b2PP1P/R1N2K2/8 w - - 6 31,1.0,w
4rr1k/4qp2/p1p2p1b/P1Pp1P1R/3Q3p/4PP1P/b1N2K2/8 w - - 0 33,1.0,w
5r1k/5p2/p1p2p1b/P1Pp1P1R/5Q1p/4rP1P/b4K2/8 w - - 0 35,1.0,w
3rr1k1/p3qppp/1pp1bn2/4n3/8/1P2P1NP/P1Q2PP1/1BRR2K1 w - - 6 21,1.0,w
4r1k1/p1q2ppp/1pp1bn2/4n3/8/1PQ1P1NP/P4PP1/1BRr2K1 w - - 0 23,1.0,w
4r1k1/p1q2ppp/1pp1b1n1/3n4/8/1PQ1P1NP/P2R1PP1/1B4K1 w - - 3 25,1.0,w
4r1k1/p1q1nppp/1pp1bn2/8/3QB3/1P2P1NP/P2R1PP1/6K1 w - - 7 27,1.0,w
4r2k/p1q1nppp/1p2bn2/2p5/3QBN2/1P2P2P/P2R1PP1/6K1 w - - 0 29,1.0,w
4r2k/p3nppp/1p3n2/2p1q3/4BN2/1P1QP2P/3R1PP1/6K1 w - - 1 31,1.0,w
4r2k/p3nppp/1p1n4/2p1q3/2Q2N2/1P2P2P/R4PP1/6K1 w - - 2 33,1.0,w
4r2k/R4ppp/1p1n4/2p2nq1/5N2/1P2P2P/5PP1/2Q3K1 w - - 1 35,1.0,w
3q3k/5ppp/1p1n4/2p2n2/5N2/1P2P2P/5PP1/2Q3K1 w - - 0 37,1.0,w
3q2k1/5ppp/1p1n4/2p5/8/1P2n2P/4NPP1/3Q2K1 w - - 0 39,1.0,w
6k1/4qppp/1p1n4/8/2p5/1P2P2P/4N1P1/2Q3K1 w - - 0 41,1.0,w
6k1/5ppp/1p6/8/2Q5/4q2P/4N1P1/6K1 w - - 0 43,1.0,w
5k2/4qppp/1p6/8/7Q/7P/4N1P1/5K2 w - - 4 45,1.0,w
5k2/5ppQ/1p6/8/8/7P/4N1P1/q5K1 w - - 3 47,1.0,w
8/4kpp1/1p6/4q3/4Q3/7P/4NKP1/8 w - - 7 49,1.0,w
6k1/5pp1/1p6/4Q3/3N4/7P/5KP1/8 w - - 3 51,1.0,w
8/4Q1pk/1p3p2/5N2/8/7P/5KP1/8 w - - 2 53,1.0,w
4r1k1/1pb2pp1/p1p1rn2/P1Pp1P2/1P6/3RPB2/5KRP/8 b - - 0 35,0.0,b
4r3/1pb2ppk/p1p2n2/P1PprP2/1P6/3RPB2/5KRP/8 b - - 4 37,0.0,b
4r3/1pb2ppk/p1p2n2/P1PprP2/1P6/3RPB2/5KRP/8 b - - 8 39,0.0,b
4r3/1pbn1ppk/p1p5/P1Pp1r2/1P4B1/3RP3/4K1RP/8 b - - 3 41,0.0,b
4r3/1pbB1ppk/p1p5/P1Pp4/1P6/3RP3/6rP/5K2 b - - 1 43,0.0,b
8/1pb2p1k/p1p3p1/P1Pp1B2/1P6/3Rr3/6KP/8 b - - 0 45,0.0,b
2B5/1pb2p1k/p1p3p1/P1Pp4/1P6/3R4/7r/5K2 b - - 1 47,0.0,b
8/2b2pk1/p1B3p1/P1Pp4/1P6/3R4/1r6/5K2 b - - 0 49,0.0,b
8/2b2pk1/p5p1/P1PB4/5r2/3R4/6K1/8 b - - 2 51,0.0,b
8/2b2pk1/p1P3p1/P2B2r1/8/3R4/5K2/8 b - - 0 53,0.0,b
8/2b2p2/p1P1k1p1/P2R4/8/8/5K2/8 w - - 2 56,0.0,w
8/2b2p2/p1k3p1/P7/8/8/3K4/8 w - - 0 58,0.0,w
8/5p2/p5p1/b1k5/8/5K2/8/8 w - - 0 60,0.0,w
8/8/p1k3p1/b4p2/5K2/8/8/8 w - f6 0 62,0.0,w
8/8/p1k2bp1/5p2/5K2/8/8/8 w - - 4 64,0.0,w
8/8/p5p1/3k1p2/3b4/8/4K3/8 w - - 8 66,0.0,w
8/8/6p1/3k1p2/p2b4/8/6K1/8 w - - 0 68,0.0,w
8/8/8/3k1pp1/3b4/p7/4K3/8 w - - 0 70,0.0,w
8/8/8/3k1pp1/3b4/8/8/q1K5 w - - 0 72,0.0,w
8/8/8/2bk1p2/6p1/8/4K3/q7 w - - 2 74,0.0,w
8/8/8/2b2p2/2k3p1/8/3K4/q7 b - - 6 76,0.0,b
8/8/8/2b2p2/2k3p1/8/3K4/q7 b - - 10 78,0.0,b
8/8/8/2b2p2/2k5/5K2/6p1/q7 b - - 1 80,0.0,b
8/8/5q2/2b2p2/2k5/5K2/8/6q1 b - - 3 82,0.0,b
4qr1k/2p1r1bn/1p1p2pp/pPnPp3/P3Pp2/3P1PPB/7P/2BQRR1K w - - 0 32,0.0,w
4q2k/2p1rrb1/1p1p1npp/pPnPp3/P3PpP1/3P1P1B/5R1P/2BQR2K w - - 3 34,0.0,w
4q1kb/2p1rr2/1p1p1npp/pPnPp3/P3PpP1/2BP1P1B/5R1P/3QR2K w - - 7 36,0.0,w
6kb/2pqrr2/1p1p1npp/pPnP4/P2QPpP1/2B2P1B/5R1P/4R2K w - - 1 38,0.0,w
4n1kb/2pqrr2/1p4pp/pPnPp3/P1Q2pP1/2B2P1B/5R1P/4R2K w - - 0 40,0.0,w
6kb/2pqrr2/1p1n2pp/pP2p3/P4pP1/2Bn1P1B/Q4R1P/4R2K w - - 2 42,0.0,w
6kb/2pqrr2/1p1n2pp/pP6/P3ppP1/2B2P1B/5Q1P/3R3K w - - 0 44,0.0,w
7k/2pq1r2/1p1n2pp/pP6/P3rpP1/7B/5Q1P/3R3K w - - 0 46,0.0,w
7k/2p2qr1/1p1n2pp/pP6/P3rpP1/7B/7P/Q2R3K w - - 4 48,0.0,w
4r2k/2p2qr1/1p1n2p1/pP4p1/P4p2/7B/6KP/Q2R4 w - - 0 50,0.0,w
7k/2p3r1/1p1n2p1/pP4p1/P4p2/7B/q2Qr1KP/3R4 w - - 4 52,0.0,w
7k/2p3r1/1p1n2p1/pP4p1/P4p2/7B/3q3P/5K2 w - - 0 54,0.0,w
7k/2p4r/1p1n2p1/pP4p1/P4p2/7B/6KP/4q3 w - - 4 56,0.0,w
r1bq1rk1/1ppn1pbp/3p1np1/pP6/P3p3/3P1NP1/1BP1PPBP/R2Q1RK1 w - - 0 10,0.0,w
r1b2rk1/1ppn1pbp/3p1np1/pP6/P3q3/5NP1/1BP1PPBP/R2QR1K1 w - - 0 12,0.0,w
r1b2rk1/1ppn1p1p/3p2p1/pP6/P3q3/2b2NPP/2P1PPB1/R2QR1K1 w - - 1 14,0.0,w
r1b1r1k1/1ppn1p1p/3p2p1/pP6/P3q3/R3PNPP/2P2PB1/3Qb1K1 w - - 0 16,0.0,w
r1b1r1k1/1pp1qp1p/3p2p1/pPn5/P7/3RP1PP/2P2PB1/3QN1K1 w - - 3 18,0.0,w
2b1r1k1/rpp1qp1p/3p2p1/pP6/n7/4P1PP/2PR1PB1/3QN1K1 w - - 2 20,0.0,w
4r1k1/rppbqp1p/1n1p2p1/pP6/8/4PNPP/2PR1PB1/Q5K1 w - - 6 22,0.0,w
4r1k1/rppbqp1p/3p2p1/pP6/3Q4/4PNPP/2Pn1PB1/6K1 w - - 0 24,0.0,w
4rqk1/rpp2p1p/3p2p1/pP6/3Q4/4PBPb/2PN1P2/6K1 w - - 2 26,0.0,w
1r3qk1/2Q2p1p/1p1p2p1/pP6/8/4PBPb/2PN1P2/6K1 w - - 1 28,0.0,w
1r4k1/5p1p/1p1p2p1/pP2q3/3Q4/4PBPb/2PN1P2/6K1 w - - 5 30,0.0,w
1r4k1/3b1p1p/1p4p1/pP2p3/2N5/4PBP1/2P2P2/6K1 w - - 2 32,0.0,w
1r2b1k1/5p1p/1p4p1/p2BN3/8/4P1P1/2P2P2/6K1 w - - 2 34,0.0,w
1r4k1/5p1p/1p4p1/p2BN3/8/4P1P1/2b2P2/6K1 w - - 0 36,0.0,w
4r3/6kp/1p4p1/p3N3/8/4P1P1/B1b2P2/6K1 w - - 3 38,0.0,w
4r3/3N2kp/6p1/pp6/8/4P1P1/5P2/1b4K1 b - - 0 40,0.0,b
4r3/1N5p/5kp1/pp3b2/8/4P1P1/5P2/6K1 b - - 4 42,0.0,b
r7/7p/3N1kp1/pp6/8/3bPPP1/8/6K1 b - - 0 44,0.0,b
r7/4k2p/6p1/p7/1p2N3/3bPPP1/7K/8 b - - 1 46,0.0,b
r7/4k2p/6p1/8/1p6/p2NPPP1/7K/8 b - - 0 48,0.0,b
r7/4k2p/6p1/2N5/5P2/p3P1P1/1p5K/8 b - - 0 50,0.0,b
r7/4k2p/6p1/2N5/5PK1/p3P1P1/8/7q b - - 3 52,0.0,b
r1bq1rk1/pp2ppbp/2n2np1/2pp4/5P2/2PPBNP1/PP2P1BP/R2Q1RK1 b - - 5 8,0.0,b
r1bq1rk1/pp2ppbp/2n2np1/8/3p1P2/3P1NP1/PP1BP1BP/R2Q1RK1 b - - 1 10,0.0,b
r1q2rk1/pp2ppbp/2n2np1/8/3p1Pb1/1Q1P1NP1/PP1BP1BP/R1R3K1 b - - 5 12,0.0,b
r3r1k1/pp2ppbp/2n1qnp1/8/3p1Pb1/3P1NPP/PP1BP1B1/R1RQ2K1 b - - 0 14,0.0,b
2r1r1k1/pp2ppbp/2n1qnp1/8/Q2p1P2/3P1PPP/PP1B2B1/R1R3K1 b - - 2 16,0.0,b
4r1k1/Qp2ppbp/2r2np1/8/3p1P2/3P1PPP/PP1Bq1B1/R5K1 b - - 0 18,0.0,b
4r1k1/1p2ppbp/5np1/8/3Q1P2/3P1PPP/PPrq4/R5KB b - - 2 20,0.0,b
4r1k1/1p2ppb1/5np1/7p/5P2/3P1PPP/PPr4q/R4KQB b - - 1 22,0.0,b
5rk1/1pb2pp1/p1p1r1q1/P1Pp1b1n/1P1BnP2/3BPQ1p/R5PP/4NRK1 b - - 5 25,1.0,b
4r1k1/1pB1rpp1/p1p3q1/P1Pp1b1n/1P2nP2/3BPQ1p/R5PP/4NRK1 b - - 0 27,1.0,b
4r2k/1p2rpp1/pBp2nq1/P1Pp1b2/1P2nP2/3BPQ1p/1R4PP/4NRK1 b - - 4 29,1.0,b
4r2k/1p2rpp1/pBp2nB1/P1Pp4/1P3Pb1/4P2p/1R3nPP/4NRK1 b - - 0 31,1.0,b
4r2k/1p2r1p1/pBp2np1/P1Pp4/1P3Pb1/4P3/1R3KNP/5R2 b - - 0 33,1.0,b
4r3/1p2r1pk/pBp3p1/P1Pp4/1P2nPb1/4P3/2R3NP/5RK1 b - - 4 35,1.0,b
4r1k1/1p2r1p1/pBp3p1/P1Pp3b/1P2nP1N/4P3/2R4P/4R1K1 b - - 8 37,1.0,b
4r3/1p2r1p1/pBp2kp1/P1Pp3b/1P2nP2/4PN2/2R3KP/4R3 b - - 12 39,1.0,b
4r3/1p2r1p1/pBp2kp1/P1P5/1P1PnP2/5K2/2R4P/4R3 b - - 0 41,1.0,b
4r3/1p4p1/pBp2kp1/P1P5/1P1P1P2/8/3R1K1P/4r3 b - - 1 43,1.0,b
4r3/1p2r1p1/p1p2kp1/P1P1B3/1P1P1P2/8/3R1K1P/8 b - - 5 45,1.0,b
3r4/1p2r1p1/p1p3p1/P1P1Bk2/1P1P1P2/5K2/6RP/8 b - - 9 47,1.0,b
3r4/1p3rp1/p1p1k1R1/P1P1B3/1P1P1P2/5K2/7P/8 b - - 0 49,1.0,b
3r4/1p2k1R1/p1p5/P1P5/1P1P1P2/5K2/7P/8 b - - 0 51,1.0,b
8/8/pRp1k3/P1P5/1P1r1P2/5K2/7P/8 b - - 1 53,1.0,b
8/R2k4/2p5/P1P5/1r3P2/5K2/7P/8 b - - 1 55,1.0,b
3k4/1R6/2p5/P1P2P2/8/5K2/7P/8 b - - 0 57,1.0,b
3k4/1R6/P1p2P2/2P5/8/5K2/7P/8 b - - 0 59,1.0,b
3k4/1R6/P1p2P2/2P5/7P/5K2/8/8 b - - 0 61,1.0,b
3k4/1R6/P1p2P1P/2P5/8/5K2/8/8 b - - 0 63,1.0,b
3k4/PR3P2/2p4P/2P5/8/5K2/8/8 b - - 0 65,1.0,b
r3r1k1/p2b1ppp/1ppq1n2/4n3/3N3P/1P2P3/P1Q2PP1/1BR2RK1 b - - 0 18,1.0,b
r3r1k1/p4ppp/1ppq1nn1/8/3N2bP/1P2PP2/P1Q3P1/1BRR2K1 b - - 0 20,1.0,b
r3r1k1/p4ppp/1p2qnn1/1Np5/6PP/1P2P3/P1Q3P1/1BRR2K1 b - - 0 22,1.0,b
r3r1k1/p4ppp/1pq3n1/1Np5/4P1nP/1P6/P3Q1P1/1BRR2K1 b - - 2 24,1.0,b
r3r1k1/p4ppp/1pq3n1/1Np5/4P2P/1P4Q1/P5P1/1BRR2K1 b - - 2 26,1.0,b
r3r1k1/p3nppp/1p5P/1qp5/4P3/1P4Q1/P5P1/1BRR2K1 b - - 0 28,1.0,b
r3r1k1/p4p1p/1p4pP/1qp2P2/8/1PQ5/P5P1/1BRR2K1 b - - 0 30,1.0,b
1rbq1rk1/1pp2pb1/3p1npp/pPn1p3/P7/R1PP2P1/1B1NPPBP/3Q1RK1 b - - 0 12,0.0,b
1r1q1rk1/1ppn1pb1/3pbnpp/pP2p3/P2P4/R1P3PP/1B1NPPB1/3Q1RK1 b - - 0 14,0.0,b
1r1qr1k1/1ppn1pbn/3Pb1pp/pP6/P7/R1P3PP/1B1NPPB1/3Q1RK1 b - - 0 16,0.0,b
1r2r1k1/1pqn1pb1/4bnpp/pP6/P7/R1P3PP/1B1NPPB1/3QR1K1 b - - 1 18,0.0,b
1r2r1k1/1pqn1p2/3bbnpp/pP6/P3N3/2P3PP/1B2PPB1/R2QR1K1 b - - 5 20,0.0,b
1r2r1k1/1pqn1p2/4b1pp/pP2b3/P3B3/2P3PP/1B2PP2/R1Q1R1K1 b - - 0 22,0.0,b
1r2r3/1pq2p1k/4bnpp/pP2b3/P6P/2P2BP1/1B2PP2/R1Q1R1K1 b - - 0 24,0.0,b
1r2r1k1/1pq2p2/5npQ/pP2b3/P5BP/2P3P1/1B2PP2/R3R1K1 b - - 0 26,0.0,b
1rq1r1k1/1p3p2/6p1/pP2b1Q1/P5nP/2P3P1/1B2PP2/3RR1K1 b - - 3 28,0.0,b
r1q1r2k/1p3p2/6p1/pP2b2P/P5n1/2P3P1/1B2PP2/2QRR1K1 b - - 0 30,0.0,b
r3r2k/1p3p2/5npQ/pP2bq1P/P7/2P2PP1/1B2P3/3RR1K1 b - - 2 32,0.0,b
r3r1k1/1p3P2/5n1Q/pP3q2/P7/2P2Pb1/1B2P3/3RR1K1 b - - 0 34,0.0,b
r3r3/1p3k2/5n2/pP3q2/P7/2P2P2/1B2P3/2Q1R1K1 b - - 0 36,0.0,b
r5r1/1p3k2/5n2/pPq3Q1/P7/2P2P2/1B2P1K1/4R3 b - - 4 38,0.0,b
2b1r1k1/1p5p/2pb2p1/P7/2pB2P1/2P5/3N2K1/R7 b - - 1 38,0.0,b
2b3k1/1p5p/P1pb2p1/8/2pB2P1/2P2K2/3r4/R7 b - - 0 40,0.0,b
2b3k1/7p/p2b2p1/2p3P1/2p5/2P1BK2/3r4/R7 b - - 1 42,0.0,b
8/p3kp2/1p1n1p1p/1P1P4/3K2P1/P2B4/5P1P/8 b - - 0 34,0.0,b
8/p1k2p2/1p1n1p1p/1P1P4/6P1/P1KB1P2/7P/8 b - - 2 36,0.0,b
8/pn1k1p2/1p3p1p/1P1P4/3K2P1/P4P2/4B2P/8 w - - 6 39,0.0,w
8/p1k2p2/1p1n1p1p/1P1P4/3K2P1/P4P2/4B2P/8 w - - 10 41,0.0,w
8/p1k2p2/1p1n1p1p/1P1P4/6P1/P1KB1P2/7P/8 w - - 14 43,0.0,w
4n3/p2k1p2/1p3p1p/1P1P1B2/6P1/P4P2/2K4P/8 b - - 18 45,0.0,b
4n3/p4p2/1p3p1p/1P1k4/4B1P1/P4P2/1K5P/8 b - - 1 47,0.0,b
8/p4p2/1p1knp1p/1P6/P3B1P1/5P2/1K5P/8 w - - 2 50,0.0,w
8/p4p2/1p1k1p1p/1P6/n5P1/2KB1P2/7P/8 w - - 0 52,0.0,w
8/p4p2/1p1k1p1p/1P6/6P1/2Kn1P2/7P/8 b - - 1 54,0.0,b
8/p4p2/1p1knp1p/1P6/6P1/3K1P2/7P/8 b - - 5 56,0.0,b
8/p4p2/1p1k1p1p/1P6/5PP1/4Kn2/7P/8 b - - 2 58,0.0,b
8/p4p2/1p1k3p/1P4P1/8/4K3/7n/8 b - - 0 60,0.0,b
8/p4p2/1p1k4/1P6/6p1/8/4K2n/8 b - - 1 62,0.0,b
8/p4p2/1p6/1P2k3/8/3K2p1/7n/8 b - - 3 64,0.0,b
8/p4p2/1p6/1P2k3/8/3K4/7n/6q1 b - - 1 66,0.0,b
8/p4p2/1p6/1q2k3/8/4K3/7n/8 b - - 1 68,0.0,b
8/p4p2/1p6/3k4/8/8/2K4n/5q2 b - - 5 70,0.0,b
8/p1q2p2/1p6/3k4/8/1K6/7n/8 b - - 9 72,0.0,b
8/p4p2/8/1p1k4/2q5/K7/7n/8 b - - 3 74,0.0,b
4r1k1/1pb2p2/p1p1rnp1/P1Pp4/1P3P1P/3RPB2/5KR1/8 w - - 0 36,0.0,w
6k1/1pb2p2/p1p2np1/P1Pp1P2/1P2r2P/3RP3/5KR1/8 w - - 0 38,0.0,w
8/1pb2k2/p1p2n2/P1Pp4/1r5P/3RP3/5KR1/8 w - - 0 40,0.0,w
8/1p3k2/p1p5/b1Pp4/1r2n2P/3RP3/5KR1/8 w - - 2 42,0.0,w
8/1pb2k2/p1p5/2np4/1r5P/R3PK2/6R1/8 w - - 2 44,0.0,w
8/1pb2k2/p1p5/3pn2P/1r6/R3PK2/1R6/8 w - - 3 46,0.0,w
8/1pb2k2/p1p5/3p3P/2n5/4P1K1/1r6/R7 w - - 2 48,0.0,w
8/1pb2k2/p1p5/3p3P/6K1/n3P3/5r2/8 w - - 0 50,0.0,w
8/1pb2k2/p1p4P/3p4/4P1K1/4n3/5r2/8 w - - 1 52,0.0,w
8/1pb5/p1p1k2P/3P4/7K/4n3/5r2/8 b - - 0 54,0.0,b
r4rk1/1p2ppbp/1qnnb1p1/p1p5/2Pp1PP1/Q2P1N1P/PP1BPRB1/4R2K b - - 2 16,0.0,b
r1b1r1k1/1p2ppbp/1qnn2p1/p1pB2N1/2Pp1PP1/Q2P3P/PP1BPR2/4R2K b - - 6 18,0.0,b
r1br2k1/1p2pp1p/1qnn2Pb/p1pB2N1/2Pp2P1/Q2P3P/PP1BPR2/4R2K b - - 0 20,0.0,b
r1bN2k1/1p2p3/1qnn2p1/p1pB4/2Pp2P1/Q2P3P/PP1bPR2/4R2K b - - 0 22,0.0,b
r1b5/1p2p1k1/1qNn2p1/p1pB4/1bPp2P1/Q2P3P/PP2PR2/3R3K b - - 0 24,0.0,b
r1N5/1p4k1/3n2p1/p1pB4/2Pp2P1/b2P3P/Pq2PR2/3R3K b - - 0 26,0.0,b
2r5/1n4k1/6p1/p1p5/2Pp2P1/b2P3P/Pq2PR2/3R2K1 b - - 1 28,0.0,b
2r5/1n4k1/6p1/p1p5/2Pp2PP/bq1P4/4PR2/R5K1 b - - 2 30,0.0,b
2r5/1n4k1/1q4p1/p1p5/2Pp2PP/3P4/1R2PR2/6K1 b - - 0 32,0.0,b
2r5/1n4k1/6p1/p1p5/2Pp2PP/3PP3/8/1q3RK1 b - - 2 34,0.0,b
2r5/1n4k1/6p1/p1p5/2P2RPP/3qp3/8/6K1 b - - 1 36,0.0,b
2r5/1n4k1/6p1/p1p4P/2P2RP1/8/4p1K1/3q4 b - - 0 38,0.0,b
2r5/1n6/6pk/p1p5/2PR2P1/8/6K1/3qq3 b - - 1 40,0.0,b
r1bqk2r/ppn1bppp/2p1pn2/8/2PP4/2N5/PP3PPP/R1BQRBK1 w kq - 3 10,1.0,w
r1bqnk1r/pp2bppp/2p1pn2/8/2PP1B2/2NB4/PP3PPP/R2QR1K1 w - - 7 12,1.0,w
r1b1nk1r/pp2bppp/2p1pn2/4B3/2PP4/2NB1Q2/Pq3PPP/R3R1K1 w - - 0 14,1.0,w
r1b1nk1r/pp1nbppp/2p5/3Pp3/2PB4/2NB1Q2/Pq3PPP/R3R1K1 w - - 0 16,1.0,w
r3nk1r/pp1bbppp/8/8/2Pp4/2NB1Q2/Pq3PPP/R3R1K1 w - - 0 18,1.0,w
r3n2r/pp1bkppp/8/8/2Pp4/3B1Q2/P4PPP/qN4K1 w - - 0 20,1.0,w
Q3nk1r/p2b1ppp/8/8/2Pp4/3B4/q4PPP/1N4K1 w - - 1 22,1.0,w
4nk1r/p2Q1ppp/1q6/8/2Pp4/3B4/5PPP/1N4K1 w - - 1 24,1.0,w
2Q4r/p3kppp/1q3n2/8/2Pp4/3B4/3N1PPP/6K1 w - - 5 26,1.0,w
7Q/p3kp1p/5np1/8/2Pp4/3B1N2/1q3PPP/6K1 w - - 2 28,1.0,w
7Q/p3kp1p/5np1/8/2Pp3N/8/1q3PPP/5BK1 w - - 6 30,1.0,w
8/pQ3p1p/4knp1/8/2Pp3N/8/5PPP/5BK1 w - - 1 32,1.0,w
8/Q4p1p/4kn2/8/2Pp2p1/5N2/5PPP/5BK1 w - - 0 34,1.0,w
8/3n1Q1p/3k4/8/2PN2p1/8/5PPP/5BK1 w - - 1 36,1.0,w
8/7Q/3k1n2/8/2PN4/6P1/5PP1/5BK1 w - - 1 38,1.0,w
8/6Q1/3k1n2/8/2PN4/6P1/5PP1/5BK1 w - - 5 40,1.0,w
8/4Q3/5n2/8/2Pk4/6P1/5PP1/5BK1 w - - 0 42,1.0,w
r3rnk1/pp2bppp/2p1b3/3p3n/4PP2/2P5/PPBN2PP/R1B2R1K w - - 0 16,0.0,w
r3rnk1/pp1bbppp/8/3p1P1n/8/2P5/PPBN2PP/R1B2R1K w - - 0 18,0.0,w
r3r1k1/pp1nbppp/8/1b1p1P1n/8/2P2N2/PPB3PP/R1BR3K w - - 4 20,0.0,w
r3r1k1/pp1bbppp/8/5P1n/8/2P2N2/PPB3PP/R1B4K w - - 0 22,0.0,w
1r2r1k1/pB1bbppp/5n2/5P2/8/2P2N2/PP4PP/R1B4K w - - 1 24,0.0,w
1r2r1k1/p3bppp/B4n2/8/3Nb3/2P5/PP4PP/R1B4K w - - 2 26,0.0,w
1r2r1k1/p4ppp/B4n2/8/3Nb3/2P5/PP3KPb/R1B5 w - - 0 28,0.0,w
1rr3k1/p1b2ppp/5n2/8/2B1b3/2P2N2/PP3KP1/R1B5 w - - 4 30,0.0,w
1rr5/p1b3pp/5nk1/6N1/4b3/2P5/PP3KP1/R1B5 w - - 2 32,0.0,w
1rr5/p1b3pp/6k1/8/8/2n1K3/PP4P1/R1B5 w - - 0 34,0.0,w
1r3r2/p1b3pp/6k1/8/8/2P5/P4KP1/R1B5 w - - 3 36,0.0,w
1r2r3/p5pp/1b4k1/8/8/2P1B3/P3K1P1/R7 w - - 7 38,0.0,w
1r2r3/p5pp/6k1/8/8/2P2K2/P2b2P1/7R w - - 2 40,0.0,w
2r2r2/p5pp/6k1/8/2P5/5K2/P2b2P1/3R4 w - - 3 42,0.0,w
2r2r2/p5pp/8/5k2/2P5/8/P2K2P1/4R3 b - - 2 44,0.0,b
5r2/p5pp/8/5k2/5r2/5R2/P2K2P1/8 b - - 3 46,0.0,b
5r2/p5pp/8/8/5k2/5P2/P3K3/8 b - - 2 48,0.0,b
r7/p5pp/8/8/8/5k2/P1K5/8 b - - 1 50,0.0,b
3r4/p5pp/8/8/8/2K2k2/P7/8 b - - 5 52,0.0,b
2r5/p5pp/8/8/4k3/8/P2K4/8 b - - 9 54,0.0,b
2r5/p7/6pp/8/4k3/P7/4K3/8 b - - 0 56,0.0,b
2r5/p7/6p1/8/4k2p/P7/5K2/8 b - - 1 58,0.0,b
2r5/p7/6p1/8/4k3/P7/6Kp/8 b - - 1 60,0.0,b
7r/p7/8/6p1/4k3/P7/7p/4K3 b - - 1 62,0.0,b
7r/8/8/p5p1/4k3/P7/6K1/7r b - - 1 64,0.0,b
7r/8/8/p2k2p1/6K1/P7/8/r7 b - - 5 66,0.0,b
7r/8/8/3k1K2/p7/r7/8/8 w - - 1 69,0.0,w
7r/4K3/8/8/p3k3/2r5/8/8 w - - 5 71,0.0,w
7r/6K1/8/8/4k3/2r5/p7/8 b - - 1 73,0.0,b
7r/2r5/5K2/8/4k3/8/p7/8 b - - 5 76,0.0,b
r4rk1/pp2ppb1/1qn1bnpp/2p5/2Pp1P2/Q2P1NPP/PP1BP1B1/R4R1K w - - 0 14,1.0,w
r3r1k1/pp2ppb1/1qn1bnpp/2p5/2Pp1P2/Q2P1NPP/PP1BP1B1/R3R1K1 w - - 4 16,1.0,w
r3r1k1/pp2ppb1/1qn3pp/2p2b1n/2Pp3P/Q2P1NP1/PP1BP1B1/R3R1K1 w - - 0 18,1.0,w
r3r1k1/pp2ppb1/1qn3pp/2p2b2/2Pp3P/Q2P1N2/PP1Bn1B1/3RR1K1 w - - 0 20,1.0,w
r3r1k1/pp2pp2/1qn2bpp/2p5/2Pp2bP/Q2P1N2/PP1BR1B1/4R1K1 w - - 3 22,1.0,w
2r1r1k1/pp2pp2/1qn2bp1/2p5/2Pp1BbP/Q2P1N2/PP2R1B1/4R1K1 w - - 3 24,1.0,w
3rr1k1/pp2pp2/1q3bp1/n1p5/2Pp2bP/Q2P1NB1/PP2R3/4R1KB w - - 7 26,1.0,w
3rr2k/pp2pp2/1q4p1/n1p1b3/Q1Pp2bP/3P1N2/PP2R3/4R1KB w - - 0 28,1.0,w
3rr3/pp2pNk1/1q4p1/n1p5/Q1Pp3P/3P4/PP2b3/4R1KB w - - 1 30,1.0,w
3NQ3/pp2p1k1/5qp1/n1p5/2Pp3P/3b4/PP6/4R1KB w - - 1 32,1.0,w
4Q3/pB2p1k1/6p1/2p5/2Pp3q/3b4/PP6/4R1K1 w - - 0 34,1.0,w
4Q3/pB6/5qpk/2p1R3/2Pp4/3b4/PP6/6K1 w - - 3 36,1.0,w
4Q3/p3R3/5qpk/2p5/2Pp4/3b1B2/PP6/6K1 w - - 7 38,1.0,w
4Q3/R7/6pk/2p5/2bpB3/8/PP6/5qK1 w - - 2 40,1.0,w
4Q3/R7/6pk/2p5/2bpB3/8/PP4K1/5q2 w - - 6 42,1.0,w
7Q/R6q/6pk/2p5/2bpB3/6K1/PP6/8 w - - 10 44,1.0,w
8/pp3pkp/3n1p2/3P4/1P6/P2B4/5PPP/6K1 b - - 2 28,1.0,b
8/pp3pkp/3n4/3P4/1P3p2/P2B1P2/5KPP/8 b - - 1 30,1.0,b
8/pp3p2/3n1k1p/3P4/1P3p2/P2B1P2/3K2PP/8 b - - 3 32,1.0,b
8/pp3p2/3n3p/1P1k4/5p2/P1KB1P2/6PP/8 b - - 0 34,1.0,b
8/pp3p2/3n4/1Pk4p/P4p2/2K2P2/6PP/1B6 b - - 1 36,1.0,b
8/pp3p2/3n4/1P2k2p/P4p2/1BK2P2/6PP/8 b - - 5 38,1.0,b
8/pp3p2/3n4/1P2k2p/P4p2/2K2P2/B5PP/8 b - - 9 40,1.0,b
8/pp3p2/3n1k2/1P1B4/P4p1p/2K2P2/6PP/8 b - - 3 42,1.0,b
8/pp3p2/3n4/1P2k3/P4p1p/5P2/BK4PP/8 b - - 7 44,1.0,b
8/pp3p2/8/1P6/P1nk1p1p/1B3P2/6PP/1K6 b - - 11 46,1.0,b
8/pp3p2/8/1P6/P2k1p2/1B3P1P/3n3P/2K5 b - - 2 48,1.0,b
8/pp3p2/8/1P6/P1k2p1P/1n3P2/1K5P/8 b - - 0 50,1.0,b
8/pp3p2/7P/1P6/P1k2p2/5n2/1K5P/8 b - - 0 52,1.0,b
7Q/pp3p2/8/1P6/P1k2pn1/8/1K6/8 b - - 0 54,1.0,b
8/pp3p2/8/1P6/P1n2p2/8/1K6/8 w - - 0 57,1.0,w
8/pp3p2/8/nP6/8/5p2/8/K7 w - - 0 59,1.0,w
8/1p3p2/1p6/n7/8/8/5p2/1K6 w - - 0 61,1.0,w
8/1p3p2/1p6/n7/8/8/K5q1/8 w - - 2 63,1.0,w
8/1p3p2/1p6/8/2n5/8/1q6/1K6 w - - 6 65,1.0,w
rn1q1rk1/ppb2ppp/2p2n2/2Pp1b2/1P2p3/P2PP3/1BQ1BPPP/RN3RK1 b - - 0 10,0.0,b
r3qrk1/ppb2ppp/n1p2n2/2Pp1b2/1P1Pp3/P1N1P3/1BQ1BPPP/R4RK1 b - - 2 12,0.0,b
rb2qrk1/p4ppp/p1p2n2/2Pp1b2/1P1Pp3/P1N1P3/1B2QPPP/R4RK1 b - - 1 14,0.0,b
rbq1r1k1/p4ppp/p1p2n2/2Pp1b2/1P1Pp2P/P1N1P3/1B2QPP1/R3R1K1 b - h3 0 16,0.0,b
rbq1r1k1/p4ppp/p1p2n2/2Pp1b2/1P1Pp2P/P1N1P1P1/1B3P2/R2QR1K1 b - - 2 18,0.0,b
rbq1r1k1/p4ppp/p1p2n2/2Pp3b/1P1Pp2P/P1N1P1P1/1B3PK1/R1Q1R3 b - - 6 20,0.0,b
rbq1rk2/p4ppp/p1p2n2/2Pp4/1P1Pp2P/P1N1PbP1/1B3P1K/1RQ1R3 b - - 10 22,0.0,b
rb2r3/p3kppp/p1p2n2/2PN4/1P1Pp1qP/P3PbP1/1B3P1K/R1Q1R3 b - - 0 24,0.0,b
rb2r3/p3kppp/p4n2/2Pp4/1P1Pp2P/P3PbPq/1B3P2/1RQ1R1K1 b - - 3 26,0.0,b
r2qk2r/pp2bppp/2p1bn2/2npp3/4P3/1BPP1P2/PP2Q1PP/RNB2R1K w kq - 1 10,1.0,w
r2qk2r/pp3pp1/2p1bb1p/2npp3/4P3/1BPP1P2/PP2Q1PP/RN3R1K w kq - 0 12,1.0,w
r2q3r/pp1k1pp1/4bb1p/2npp3/8/1BPP1P2/PP1NQ1PP/R4R1K w - - 0 14,1.0,w
r2q3r/pp1k1pp1/4bb1p/3p4/3p4/1NP2P2/PP2Q1PP/R4R1K w - - 0 16,1.0,w
r2q4/pp1k1pp1/4rb1p/3p4/8/2P2P2/PP2Q1PP/R4R1K w - - 0 18,1.0,w
r2q4/pp3pp1/2k2b1p/3p4/8/2P2P2/PPQ3PP/R3R2K w - - 1 20,1.0,w
r1kq4/pp3pp1/5b1p/3p4/Q7/2P2P2/PP4PP/3RR2K w - - 5 22,1.0,w
r1k5/pp1q1pp1/5b2/3R3p/6Q1/2P2P2/PP4PP/4R2K w - - 0 24,1.0,w
rk1bR3/pp1Q1pp1/8/3R3p/8/2P2P2/PP4PP/7K w - - 3 26,1.0,w
3rr1k1/p2bqppp/1p3nn1/2p2N2/8/1P2P2P/P1Q2PP1/1BR1R1K1 b - - 1 22,0.0,b
3rr1k1/p2b1pp1/1p2qnnp/2p2N2/2Q5/1P2P2P/P3RPP1/1BR3K1 b - - 1 24,0.0,b
3rr1k1/p4pp1/1p2bnnp/2p2N2/2P5/4P2P/PR3PP1/1BR3K1 b - - 2 26,0.0,b
3rrk2/p4p2/1p2bnBp/2p5/2P5/4P2P/PR3PP1/2R3K1 b - - 0 28,0.0,b
3rrk2/p7/1p2b1pp/2p5/2P1n3/4P2P/PRR2PPK/8 b - - 3 30,0.0,b
3rr3/p4k2/1p2b1pp/2p4P/2P1n3/4P3/PRR2PPK/8 b - - 0 32,0.0,b
4r3/p2r1k2/1p2b2p/2p4p/2P1n3/4P3/PRR2PPK/8 b - - 3 34,0.0,b
6r1/p2r1k2/1p5p/2p2b1p/2P1n3/P3PP2/1RR3PK/8 b - - 0 36,0.0,b
6r1/p2r1k2/1p1nb2p/2p4p/2P1P3/P1R2P2/1R4PK/8 b - - 2 38,0.0,b
6r1/p2r1k2/1p1nb2p/2p4p/4P3/P1R2P2/6PK/2R5 b - - 3 40,0.0,b
6r1/p4k2/1p2b2p/1np4p/4P3/P3RP2/3r2PK/6R1 b - - 7 42,0.0,b
6r1/p4k2/1p2b2p/1np4p/4P3/P2R1P2/3r2PK/6R1 b - - 11 44,0.0,b
6r1/p4k2/1p2b2p/2p4p/P2nPP2/3r4/6PK/6R1 b - - 0 46,0.0,b
6r1/p4k2/1p2b2p/2p4p/P3PP2/5n1P/8/6RK b - - 2 48,0.0,b
4r1k1/1pb1rp2/p1p2np1/P1Pp4/1P3P2/3RPB2/5KRP/8 w - - 0 35,0.0,w
4r2k/1pb1rp2/p1p3p1/P1Pp2R1/1P2nP2/3RPB2/5K1P/8 w - - 4 37,0.0,w
4r2k/1pb2p2/p1p3p1/P1Pp1PR1/1r6/3RP3/5K1P/8 w - - 0 39,0.0,w
4r2k/1pb5/p1p3p1/P1Pp2R1/8/3RPK2/1r5P/8 w - - 0 41,0.0,w
7k/1pb5/p1p2r2/P1Pp4/8/3RPK2/1r5P/8 w - - 0 43,0.0,w
7k/1pb5/p1p2r2/P1Pp4/8/3RP2K/7r/8 w - - 0 45,0.0,w
8/1pb3k1/p1p2r2/P1Pp4/6K1/3RP3/7r/8 b - - 4 47,0.0,b
4rrk1/1pb2pp1/p1p1qn2/P1Pp1b1p/1P1BnP2/N2BPR2/R5PP/1Q4K1 b - - 1 20,1.0,b
5rk1/1pb1rp2/p1p1qp2/P1Pp1b1p/1P2nP2/N2BPR2/4R1PP/1Q4K1 b - - 1 22,1.0,b
2q1r1k1/1pb1rp2/p1p2p2/P1Pp1b1p/1P2BP2/N3PR2/4R1PP/4Q1K1 b - - 0 24,1.0,b
2q1r3/1pb1rp1k/p1p2p2/P1Pp3p/1P2bP2/N3P1R1/3R2PP/4Q1K1 b - - 3 26,1.0,b
q3r3/1pb1rp1k/p1p2pb1/P1Pp1P1p/1P6/N3P1R1/3RQ1PP/6K1 b - - 0 28,1.0,b
q3r3/1pb1r2k/p1p2pp1/P1Pp4/1P5p/N3PR2/3RQ1PP/6K1 b - - 1 30,1.0,b
1q2r3/1p2r2k/p1p2pp1/P1Pp4/1P5p/N3PR1K/3RQ1P1/8 b - - 2 32,1.0,b
4r3/1pq1r2k/p1p2pp1/P1Pp4/1P5p/N3PR2/3RQ1P1/6K1 b - - 6 34,1.0,b
8/1pq4k/p1p2pp1/P1Pp4/1P5p/N3Q3/3R2P1/6K1 b - - 0 36,1.0,b
8/1pq3k1/p1p2pp1/P1Pp4/1P6/N3Q2P/3R1K2/8 b - - 0 38,1.0,b
8/1p4k1/p1p2pp1/P1Pp4/1P6/N3Q2P/3RK3/7q b - - 4 40,1.0,b
8/1p2Q3/p1p2ppk/P1Pp4/1P6/N6P/3RK3/8 w - - 2 43,1.0,w
8/1Q6/p1p2p1k/P1P3p1/1P1R4/N6P/4K3/8 w - - 0 45,1.0,w
1r1qr1k1/2p2pb1/1p1pbn1p/pPn1p1p1/P1P1P3/R2PN1P1/1B3PBP/Q1R3K1 w - - 0 20,0.0,w
1rq1r1k1/2p2pb1/3pbn1p/pPp1p1p1/P1P1P3/R3N1P1/1B3PBP/Q1R3K1 w - - 0 22,0.0,w
1r2q1k1/2p1rpb1/3pbn1p/pPp1p1p1/P1P1P3/2BRN1P1/5PBP/Q1R3K1 w - - 4 24,0.0,w
4q1k1/1rp1rpb1/4bn1p/pPp1p1p1/P1P1P3/3RN1P1/5PBP/Q2R2K1 w - - 0 26,0.0,w
3Rr1k1/1rp2pb1/4bn1p/pPp1p1p1/P1P1P3/4N1P1/5PBP/Q5K1 w - - 1 28,0.0,w
1r4k1/1rpn1pb1/4b2p/pPp1p1p1/P1P1P3/2Q1N1P1/3R1PBP/6K1 w - - 5 30,0.0,w
1r4k1/1rpn1pb1/4b2p/pPp1p1p1/P1P1P3/2Q2BP1/3R1P1P/6K1 w - - 2 32,0.0,w
1r4k1/1rpn1pb1/4b2p/1Pp1p3/P1P1P3/2Q2pP1/3R1P1P/6K1 w - - 0 34,0.0,w
1r3k2/1rpb1pb1/7p/1Pp1p3/P1P1P3/5QP1/5P1P/6K1 w - - 0 36,0.0,w
1r6/1rpb1pb1/4k2p/1PQ1p3/P1P1P3/6P1/5P1P/6K1 w - - 1 38,0.0,w
1r2b3/2p2pb1/4k2p/1rQ1p3/P1P1P3/5PP1/6KP/8 w - - 0 40,0.0,w
4b3/2Q2pb1/4k2p/1P2p3/P3P3/5PP1/3r2KP/8 w - - 1 42,0.0,w
4b3/2Q2pb1/3rk2p/1P2p3/P3P3/5PP1/4K2P/8 w - - 5 44,0.0,w
8/5pb1/3r1k1p/1b2p3/P1Q1P3/5PP1/5K1P/8 w - - 0 46,0.0,w
8/5pb1/5k1p/1Q1rp3/P3P3/5PP1/7P/6K1 w - - 3 48,0.0,w
8/3Q1p2/5bkp/3Pp3/P7/5PP1/7P/6K1 w - - 3 50,0.0,w
8/5p1k/5b1p/3P4/P3p1Q1/5PP1/5K1P/8 w - - 2 52,0.0,w
1r2r1k1/2pq2b1/1p1p1npp/pPnPpp2/P3P3/R2P1PP1/1B4BP/Q3R1K1 w - - 1 24,0.0,w
1r2r1k1/2p3b1/1p1p1npp/pP1Ppq2/P7/3R1PP1/1B4BP/Q3R1K1 w - - 0 26,0.0,w
1r4k1/2p1r1b1/1p1p1np1/pP1Ppq1p/P7/3R1PP1/1B2B2P/Q3R1K1 w - - 2 28,0.0,w
4r1k1/2p1r1b1/1p1p1np1/pP1Ppq1p/P7/2BR1PP1/4B2P/Q3RK2 w - - 6 30,0.0,w
4r1k1/2p1r1b1/1p1p2p1/pP1Ppq1p/P7/2nR1PP1/4B2P/Q3R1K1 w - - 0 32,0.0,w
4r1k1/2p1r3/1p1p2p1/pP1P1q1p/P2bP3/2R3P1/4B2P/Q3R1K1 w - - 1 34,0.0,w
4r1k1/2p5/1p1p2p1/pP1P3p/P2br3/2R3PK/4Bq1P/Q3R3 w - - 0 36,0.0,w
4r1k1/2p5/1p1p2p1/pP1P3p/P2b4/2RB2PK/7P/4q3 w - - 0 38,0.0,w
2R5/5k2/1p1p2p1/pP1Pr2p/P2b4/3B2PK/7P/4q3 w - - 3 40,0.0,w
8/2R5/1p1p1kp1/pP1Pr2p/P1Bb4/6PK/7P/6q1 w - - 7 42,0.0,w
8/8/1p1p1kp1/pPqPr2p/P1B5/6PK/7P/8 w - - 0 44,0.0,w
8/8/1p1p1kp1/pP2r2p/P7/5qPK/2B4P/8 w - - 2 46,0.0,w
8/8/1p3kp1/pP1p1B1p/P7/5qPK/4r2P/8 b - - 2 48,0.0,b
rnbq1rk1/ppb2ppp/2p2n2/2Ppp3/1P6/2N1P3/P1QPBPPP/R1B2RK1 b - - 2 8,1.0,b
r1bq1rk1/ppbn1ppp/2p2n2/2P1p3/1P1P4/2N5/PBQPBPPP/R4RK1 b - - 0 10,1.0,b
r1bqr1k1/ppbn1ppp/2p2n2/2P5/NP1p4/5B2/PBQP1PPP/R4RK1 b - - 3 12,1.0,b
r2qr1k1/ppb2ppp/2p2n2/2P1nQ2/NP1p4/8/PB1P1PPP/R2B1RK1 b - - 0 14,1.0,b
r2qr1k1/ppb2ppp/2p5/2Pn1Q2/NP1p4/5B2/PB1P1PPP/R3R1K1 b - - 0 16,1.0,b
rq2r1k1/pp3ppp/2p5/2Pn1Q2/NP1p4/5BP1/PB1P1P1K/R3R3 b - - 0 18,1.0,b
rq4k1/pp2Rppp/2p5/2P2Q2/Nn1p4/5BP1/PB1P1P1K/8 b - - 1 20,1.0,b
r4qk1/pR3ppp/2B5/2P2Q2/N2p4/6P1/nB1P1P1K/8 b - - 0 22,1.0,b
r4qk1/pR3p1p/2B3p1/2P5/N2Q4/2n3P1/1B1P1P1K/8 b - - 0 24,1.0,b
r5k1/pR3p1p/7q/2P3p1/N2Q4/2n2BP1/1B1P1PK1/8 b - - 1 26,1.0,b
r5k1/pR3p1p/8/2P3p1/N2B4/5BP1/3P1PK1/8 b - - 0 28,1.0,b
3r2k1/1R3p1p/p7/2P3B1/N7/5BP1/3P1PK1/8 b - - 0 30,1.0,b
5rk1/5p1p/1R3B2/p1P5/N7/5BP1/3P1PK1/8 b - - 1 32,1.0,b
4rk2/5p1p/1R6/B1P5/N7/5BP1/3P1PK1/8 b - - 0 34,1.0,b
1R3k2/5p1p/8/2P5/N7/2B2BP1/3P1PK1/2r5 b - - 4 36,1.0,b
1R6/4kp1p/8/2P5/8/2N2BP1/1B1P1PK1/1r6 b - - 8 38,1.0,b
1R6/2P2p1p/5k2/8/8/2N2BP1/1B1P1PK1/4r3 b - - 0 40,1.0,b
1R6/5p1p/6k1/8/6Q1/2N2BP1/1B1P1PK1/4r3 b - - 2 42,1.0,b
1r1qr1k1/2p3b1/1p1p2pp/pPnPpP2/P5n1/R2P2P1/1B3PBP/Q1R3K1 b - - 0 22,0.0,b
1r1qr3/2p3b1/1p1p2kp/pPnPp3/P5n1/R2P2P1/1B3PBP/1QR3K1 b - - 1 24,0.0,b
1r2r3/2p3b1/1p1p1nkp/pPnPp1q1/P2P4/R5PP/1B3PB1/1QR3K1 b - - 0 26,0.0,b
1r2r3/2p2kb1/3p1n1p/pPpPp1q1/P6P/R5P1/1B3PB1/1QR3K1 b - - 0 28,0.0,b
1r2r3/2p3b1/3p1nkp/pPpPp3/P6P/R1B3P1/5PB1/2R3K1 b - - 1 30,0.0,b
r3r3/2p3b1/3p1nkp/pPpP3P/P3p3/R1B2BP1/5P2/2R3K1 b - - 0 32,0.0,b
r3r3/2p2k2/3p1b1p/pPpP3P/P3B3/R5P1/5P2/2R3K1 b - - 0 34,0.0,b
6r1/2p2k2/3p1b1p/pPpP3P/P3r3/6P1/R4PK1/2R5 b - - 3 36,0.0,b
6r1/2p2k2/1r1p1b1p/p1pP3P/P7/5KP1/R4P2/2R5 b - - 1 38,0.0,b
4r3/2p2k2/3p1b1p/p1pP3P/P7/1r4P1/R4P2/2R2K2 b - - 5 40,0.0,b
4r3/2p2k2/3p1b1p/p1pP3P/P2r1P2/6P1/R5K1/2R5 b - - 2 42,0.0,b
8/2p2k2/3p1b1p/p1pr2PP/P3rP2/8/R5K1/2R5 b - - 0 44,0.0,b
8/2p2k2/3p1b2/p1p3rP/P3r3/5K2/R7/2R5 b - - 1 46,0.0,b
8/2p2k2/3p1b2/p1R4r/Pr6/5K2/5R2/8 b - - 0 48,0.0,b
8/2p2k2/3p1b2/p7/Pr6/2r5/6KR/8 b - - 3 50,0.0,b
8/2p2k2/3p1b2/p7/P7/8/7r/2r2K2 w - - 0 53,0.0,w
r1bqkb1r/pp1n1ppp/2p5/3np3/2P5/8/PP1P1PPP/RNBQRBK1 w kq - 0 8,0.0,w
r1b1kb1r/pp3ppp/2P2n2/4p3/3q4/8/PP1P1PPP/RNBQRBK1 w kq - 1 10,0.0,w
2kr1b1r/pb3ppp/5n2/4p3/3q4/2N5/PP1P1PPP/R1BQRBK1 w - - 2 12,0.0,w
3r1b1r/pbk2ppp/5n2/2q1p3/8/2N1R1P1/PP1P1P1P/R1BQ1BK1 w - - 1 14,0.0,w
3r2r1/pbk1bppp/5n2/2q1p3/8/2N1R1P1/PP1PBP1P/R1B1Q1K1 w - - 5 16,0.0,w
2kr2r1/pb2bppp/5n2/2q1p3/8/2N1R1PP/PP1PBP2/1RB1Q1K1 w - - 3 18,0.0,w
1k1r2r1/pb2bppp/5n2/4p3/2q4P/2N1R1P1/PP1P1P2/1RB1Q1K1 w - - 0 20,0.0,w
1k4r1/pb2bppp/2q2n2/4R3/3rN2P/6P1/PP1P1P2/1RB1Q1K1 w - - 3 22,0.0,w
1k4r1/pb2Rppp/2q5/8/3r3P/3P2P1/PP3n2/1RB1Q1K1 w - - 0 24,0.0,w
k5r1/pb2Rppp/2q5/4Q3/5r1P/3P2P1/PP3n2/1R4K1 w - - 2 26,0.0,w
k3q3/pb3ppp/8/8/5r1P/3P2P1/PP3n2/1R4K1 w - - 0 28,0.0,w
k7/pb3ppp/8/7P/5P2/3P3n/PP2q3/1R4K1 w - - 1 30,0.0,w
4r1k1/1p5p/2p3p1/P1B5/2p3b1/2P5/6K1/R7 w - - 0 40,1.0,w
4r1k1/Pp5p/2p3p1/2B2b2/2p5/2P5/6K1/R7 w - - 1 42,1.0,w
R7/1p3k1p/2p3p1/2B2b2/2p5/2P5/6K1/8 w - - 1 44,1.0,w
8/1R5p/2p2k2/2B2bp1/2p5/2P5/6K1/8 w - - 1 46,1.0,w
8/6Rp/2p1k3/6p1/2pB4/2Pb4/6K1/8 w - - 5 48,1.0,w
8/8/4k2p/2p4R/2pB4/2Pb4/6K1/8 w - - 0 50,1.0,w
8/8/4k2p/2B2b1R/2p5/2P5/6K1/8 w - - 1 52,1.0,w
8/8/4R3/2B5/2p1b3/2P5/8/5K2 b - - 2 54,1.0,b
8/8/4R3/8/2p5/B1P5/8/4Kb2 b - - 6 56,1.0,b
5rk1/1p1b3p/p1pb2p1/P2p4/5nP1/1NP1B3/1P6/R2B2K1 w - - 0 31,0.0,w
5rk1/1p1b3p/p1p3p1/P1bp4/3N2P1/2PnB3/1P6/1R1B2K1 w - - 4 33,0.0,w
6k1/1p1b3p/p1p3pB/P1bp4/3N2P1/1PPn4/8/1R1Br1K1 w - - 3 35,0.0,w
6k1/1p5p/p1p3pB/P2p4/3P2b1/1P1n4/6K1/1R1Br3 w - - 0 37,0.0,w
6k1/1p5p/p1p3pB/P2p4/3P2b1/1P1n2K1/2r5/1R6 w - - 0 39,0.0,w
6k1/1p5p/p1p3pB/P2p4/3P4/1P1n3K/5r2/1R6 w - - 3 41,0.0,w
6k1/1p5p/p1p3p1/P2p4/1n1P4/1P5K/3r4/3R4 b - - 0 43,0.0,b
6k1/1p5p/p1p3p1/P2p4/1n1r4/1P4K1/8/8 b - - 1 45,0.0,b
6k1/1p5p/p1p5/P2p2p1/1n6/1P1r4/8/5K2 b - - 3 47,0.0,b
6k1/1p5p/p1p5/P5p1/1n1p4/1r6/5K2/8 b - - 1 49,0.0,b
8/1p3k1p/p1p5/P5p1/1n1p4/r7/5K2/8 b - - 5 51,0.0,b
8/1p3k1p/p1p5/P7/1n1p4/r5p1/8/5K2 b - - 1 53,0.0,b
8/1p3k1p/p1p5/P7/1n6/r5p1/3p4/3K4 b - - 1 55,0.0,b
3r2k1/pb3p1p/1p1r1np1/4q3/1PB1P2n/6NP/4QPP1/2R1R1K1 w - - 0 30,1.0,w
3r2k1/Q2r1p1p/1pb2np1/4q3/1PB1P2n/6NP/5PP1/2R1R1K1 w - - 1 32,1.0,w
3r4/2qr1k1p/1Qb2np1/8/1P2P2n/6NP/5PP1/2R1R1K1 w - - 0 34,1.0,w
3rn3/3r1k1p/2R3p1/8/1P2P2n/6NP/5PP1/4R1K1 w - - 1 36,1.0,w
3rn3/3r2kp/8/4P1p1/1PR4n/6NP/5PP1/4R1K1 w - - 0 38,1.0,w
3r4/3r3p/2Rn2k1/4P1pN/1P5n/7P/5PP1/4R1K1 w - - 4 40,1.0,w
3r4/3r3p/2Rn4/4Pkp1/1P6/7P/5PP1/4R1K1 w - - 0 42,1.0,w
3r4/7p/2Rr2k1/6p1/1P4P1/7P/5P2/4R1K1 w - - 0 44,1.0,w
8/7p/1r4k1/1P4p1/6P1/7P/5P2/4R1K1 w - - 1 46,1.0,w
8/1r3k1p/8/1P4p1/6P1/7P/5PK1/1R6 w - - 5 48,1.0,w
8/1r3k2/1P5p/6p1/1R4P1/7P/5PK1/8 b - - 1 50,1.0,b
8/1r6/1P2k2p/6p1/6P1/5K1P/5P2/1R6 b - - 5 52,1.0,b
8/1r3k2/1P5p/1R4p1/6P1/5K1P/5P2/8 w - - 9 55,1.0,w
8/1r3k2/1P5p/1R4p1/6P1/5K1P/5P2/8 w - - 13 57,1.0,w
8/1r3k2/1P5p/6p1/6P1/7P/5PK1/1R6 w - - 17 59,1.0,w
8/4r3/1P4kp/6p1/6P1/4K2P/5P2/1R6 w - - 21 61,1.0,w
8/4r3/1P4kp/6p1/6P1/7P/5P2/1R2K3 w - - 25 63,1.0,w
8/3r1k2/1P5p/6p1/6P1/7P/5P2/1RK5 w - - 29 65,1.0,w
8/1P3k2/7p/6p1/2r3P1/7P/2K2P2/1R6 w - - 1 67,1.0,w
8/1P6/5k1p/6p1/6P1/1K5P/5P2/2R5 w - - 1 69,1.0,w
8/2Q5/6k1/6pp/6P1/1K5P/5P2/2R5 w - - 0 71,1.0,w
r4rk1/pp2ppbp/1qn2np1/2p5/3p1Pb1/Q1PP1NP1/PP2P1BP/R1B2R1K w - - 4 11,0.0,w
r2r2k1/pp2ppbp/1qn2np1/2p5/3p1Pb1/Q1PP1NP1/PP1BP1BP/R2R3K w - - 8 13,0.0,w
2rr2k1/pp2pp1p/1qn2npb/2p5/Q2p1Pb1/2PP1NP1/PP1BP1BP/1R1R3K w - - 12 15,0.0,w
2rr2k1/pp1bpp1p/1qn2npb/2p5/Q4P2/2pP1NP1/PP1BP1BP/1RR3K1 w - - 0 17,0.0,w
2rr2k1/pp2pp1p/1q2bnpb/2p5/Q2n1P2/2RP1NP1/PP1BP1BP/2R3K1 w - - 3 19,0.0,w
2r3k1/pp2pp1p/1q2bnpb/8/3p1P2/2RP2P1/PP1BP1BP/2R3K1 w - - 0 21,0.0,w
2b5/pB2ppkp/1q3npb/8/3p1P2/3P2P1/PP1BP2P/2R3K1 w - - 0 23,0.0,w
2B5/p3ppkp/5npb/8/3p1P2/3P2P1/P1qBP2P/3R2K1 w - - 2 25,0.0,w
2B5/p3ppkp/5npb/8/3p1P2/3P2P1/q3PK1P/4R3 w - - 0 27,0.0,w
2B5/p3ppkp/5npb/8/3p1P2/3PqKP1/4P2P/5R2 w - - 4 29,0.0,w
2B5/p3ppkp/5npb/8/3p1P2/3q2P1/5RKP/8 w - - 0 31,0.0,w
2B5/p3ppkp/5Ppb/8/3p1P2/2q5/5RKP/8 b - - 0 33,0.0,b
8/p3pp1p/5kpb/5P2/6B1/2qp4/5RKP/8 b - - 0 35,0.0,b
8/p3pp1p/5kPb/8/8/3p1B2/5RKP/2q5 b - - 0 37,0.0,b
8/p3p2p/5kpb/6q1/8/3p4/4BR1P/5K2 b - - 1 39,0.0,b
8/p3p2p/6pb/3k2q1/8/3B4/4R2P/5K2 b - - 2 41,0.0,b
8/p3R2p/6qb/8/3k4/8/7P/5K2 b - - 0 43,0.0,b
8/p3q2p/7b/8/3k4/8/5K1P/8 b - - 1 45,0.0,b
8/p5bp/8/8/3k3q/8/6KP/8 b - - 5 47,0.0,b
8/p6p/8/4b3/3k4/5K1P/8/4q3 b - - 2 49,0.0,b
8/7p/p7/4b3/3k4/7q/5K2/8 w - - 0 52,0.0,w
8/7p/p7/8/3k1b2/8/6q1/3K4 w - - 4 54,0.0,w
8/8/p6p/8/3k1b2/8/3q4/3K4 w - - 2 56,0.0,w
4rrk1/pp2b1np/2p1b1p1/P2p4/6P1/2P5/1P1N4/R1BB1R1K b - - 0 25,1.0,b
4r1k1/pp2b1np/2p1b1p1/P7/3P2P1/8/1P6/R1BB1N1K b - - 0 27,1.0,b
4r1k1/pp4np/2pb2p1/P2b4/3P2P1/8/1P6/R1BB1NK1 b - - 4 29,1.0,b
6k1/pp4np/P1pbr1p1/3b4/3P2P1/8/1P1B4/R2B1NK1 b - - 0 31,1.0,b
6k1/p5np/P1pb2p1/1p1b4/3P2P1/4B3/1P6/R2B2K1 b - - 0 33,1.0,b
8/p3bknp/P1p3p1/1p1b4/3P2P1/4B3/1P3K2/2RB4 b - - 4 35,1.0,b
8/p3bknp/P1R3p1/1p1b4/3P2P1/4B3/1P2K3/3B4 b - - 0 37,1.0,b
8/p3bk1p/P1b1n1p1/1p1P4/6P1/1B2B3/1P2K3/8 b - - 0 39,1.0,b
4k3/pP2b2p/4P1p1/1p6/6P1/1B2B3/1P2K3/8 b - - 0 41,1.0,b
1Q2k3/B6p/3bP1p1/8/1p4P1/1B6/1P2K3/8 b - - 0 43,1.0,b
8/4k2p/4P1p1/4B3/1p4P1/1B6/1P2K3/8 b - - 2 45,1.0,b
4k3/7p/3BP1p1/3B4/1p4P1/8/1P2K3/8 b - - 6 47,1.0,b
2k5/4P2p/2BB2p1/8/1p4P1/8/1P2K3/8 b - - 0 49,1.0,b
3br3/1p3ppk/p1p1rn2/P1Pp3P/1P3P2/3RPB2/6KR/8 w - - 5 41,0.0,w
3br3/1p4pk/p1p1rp2/P1Pp3P/1P2nP2/3RPB2/4K2R/8 w - - 0 43,0.0,w
3br3/1p2r2k/p1p2p1p/P1Pp4/1P2nPB1/3RP3/4K2R/8 w - - 2 45,0.0,w
3br2k/1p2r3/p1p2p1p/P1Pp1B2/1P2nP2/3RP3/4K1R1/8 w - - 6 47,0.0,w
3br2k/1p6/p1p2p1p/P1Pp4/1r3P2/3RP3/5KR1/8 w - - 0 49,0.0,w
3br2k/1p6/p1p2p1p/P1Pp4/5P2/4PK2/6r1/3R4 w - - 0 51,0.0,w
3br2k/1p6/p1p2p1p/P1Pp4/5P2/8/5K2/3R4 w - - 2 53,0.0,w
7k/1p6/p1p2p1p/b1Pp4/5P2/8/8/4K3 w - - 0 55,0.0,w
7k/1p6/p1p2p1p/2bp4/5P2/8/6K1/8 w - - 0 57,0.0,w
8/1p4k1/p1pb1p1p/3p4/5P2/8/5K2/8 b - - 4 59,0.0,b
8/1p6/p1p2pkp/3p4/5b2/8/5K2/8 b - - 3 61,0.0,b
8/1p4k1/p1p2p1p/8/3p1b2/8/5K2/8 b - - 1 63,0.0,b
8/1p4k1/p1p2p1p/8/5b2/8/3pK3/8 b - - 1 65,0.0,b
8/1p4k1/p1p2p2/8/5b1p/3K4/8/3q4 w - - 0 68,0.0,w
8/1p6/p1p2pk1/8/5K1p/3q4/8/8 w - - 1 70,0.0,w
4rrk1/1pb2pp1/p1p2nq1/P1Pp1b2/1P1BnP2/3BP2p/R5PP/3QNRK1 w - - 4 25,0.0,w
4rrk1/1pb2pp1/p1p2nq1/P1Pp4/1P1B1P2/3bPNPp/R5P1/3Q1RK1 w - - 0 27,0.0,w
4rrk1/1pb2pp1/p1p2n2/P1Pp4/1P1BqP1N/3bP1P1/R5p1/3QR1K1 w - - 0 29,0.0,w
4rrk1/1pb2pp1/p1p2n2/P1Pp4/1P1BqP2/3bPNP1/6R1/3QR1K1 w - - 1 31,0.0,w
4rrk1/1pb2p2/p1p2pq1/P1Pp4/1P3P2/3bPNP1/7R/3QR1K1 w - - 0 33,0.0,w
4r1r1/1pb2pk1/p1p2pq1/P1Pp4/1P1N1PP1/3bP3/7R/3QR1K1 w - - 1 35,0.0,w
4rkr1/1pb2p2/p1p2p2/P1Pp4/1P1N1Pq1/3bP3/3R4/3QR1K1 w - - 0 37,0.0,w
4rk2/1pb2p2/p1p2p2/P1Pp4/1P1NbPr1/4P3/3R1K2/4R3 w - - 2 39,0.0,w
4rk2/1pb2p2/p1p2pr1/P1Pp4/1P1NbP2/4P3/3RR3/4K3 w - - 6 41,0.0,w
4rkr1/1pb2p2/p1p2p2/P1Pp4/1P1NbP2/4P3/3R1K1R/8 w - - 10 43,0.0,w
4r1r1/1pb1kp2/p1p2p2/P1Pp1b2/1P3P2/2N1P3/3R1K1R/8 w - - 14 45,0.0,w
4r3/1pb1kp2/p1p1bpr1/P1Pp4/1P3P2/4P1N1/3R1K1R/8 w - - 18 47,0.0,w
4r3/1p2kp2/2p1bpr1/bpPp4/5P2/4P3/3R1K1R/5N2 w - - 0 49,0.0,w
4r3/1p2kp2/2p1bpr1/1pP5/3p1P2/2b1P3/5K1R/1R3N2 w - - 0 51,0.0,w
r7/1p2kp2/2p1bpr1/1pP5/3b1P2/8/5K2/1R3N1R w - - 0 53,0.0,w
r7/1p2kp2/4bpr1/1pb5/5P2/4N3/5K2/7R w - - 0 55,0.0,w
8/1p2kp2/5pr1/1pbb1P2/8/r3NK2/8/7R w - - 1 57,0.0,w
r1b1r1k1/pp3ppp/1npq1n2/8/2RN4/1P2P2P/P4PP1/1B1Q1RK1 w - - 1 16,1.0,w
r1b1r2k/pp1q1ppp/1nN2n2/8/8/1P2P2P/P4PP1/1BRQ1RK1 w - - 1 18,1.0,w
r1b4k/pp2rppp/1n1q1n2/8/3N4/1P2PQ1P/P4PP1/1BR2RK1 w - - 5 20,1.0,w
r1b4k/1p2rppp/pn3n2/8/8/1P2PQ1P/P3NPP1/1BRq2K1 w - - 0 22,1.0,w
r1b4k/1p1n1ppp/p4n2/8/8/1P2PQ1P/P3NPP1/1B4K1 w - - 0 24,1.0,w
r1b4k/1p1n1ppp/5n2/8/p7/1P2P2P/P4PP1/1BNQ2K1 w - - 0 26,1.0,w
r1b4k/1p1n1pp1/5n1p/8/1P6/p3P2P/P3NPP1/1B1Q2K1 w - - 0 28,1.0,w
r1b3k1/3n1pp1/1p3n1p/8/1P6/pB2P2P/P3NPP1/3Q2K1 w - - 2 30,1.0,w
1rb3k1/3n1p2/1p3n1p/6p1/1P3NP1/pB2P2P/P4P2/3Q2K1 w - g6 0 32,1.0,w
4r1k1/3n1p2/bp3n1p/6p1/1P4P1/pB2P2P/P4P2/3QN1K1 w - - 4 34,1.0,w
4r3/1b1n1pk1/1p3n1p/6p1/1P4P1/pB2P2P/P1N2P2/Q5K1 w - - 8 36,1.0,w
4r3/1b3pk1/1p3n1p/6p1/1Pn3P1/1B2P2P/P4P2/Q5K1 w - - 0 38,1.0,w
2br4/5pk1/1p3n1p/6p1/1PB3P1/P3P2P/5P2/Q5K1 w - - 1 40,1.0,w
3r4/5k2/1p2bn1p/6p1/1P4P1/P3P2P/Q4P2/6K1 w - - 2 42,1.0,w
r7/5k2/1p2bn1p/6p1/1P4P1/P3P2P/1Q3P2/6K1 w - - 6 44,1.0,w
r7/5k2/1p5p/3b2p1/1P2n1P1/P3P1KP/1Q3P2/8 w - - 10 46,1.0,w
r7/1b3k2/1p5p/6p1/1P1Q2P1/P3P2P/5n1K/8 w - - 0 48,1.0,w
r7/5k2/6bQ/6p1/1P4P1/P3P2P/5n1K/8 w - - 1 50,1.0,w
8/5k2/6b1/6Q1/1P4P1/r3P3/7K/8 w - - 0 52,1.0,w
8/5k2/8/1P4Q1/6P1/4P1K1/r7/1b6 w - - 3 54,1.0,w
3k4/8/8/1P2Q3/6P1/4P1K1/r7/1b6 w - - 7 56,1.0,w
8/1P1k4/8/4Q3/6P1/4P1K1/3r4/1b6 w - - 1 58,1.0,w
3rr1k1/p2bqpp1/1pp2nnp/8/8/1P2P1NP/P1Q2PP1/1BR1R1K1 w - - 0 22,0.0,w
3rr3/p2bqpp1/1pp2nkp/8/8/1PQ1P1NP/P4PP1/2R1R1K1 w - - 0 24,0.0,w
3rrq2/p2b1ppk/1pp2n1p/8/7P/1PQ1P1N1/P4PP1/2RR2K1 w - - 1 26,0.0,w
3rrq1k/p2b1pp1/1pp4p/3n4/7P/PP2P1N1/2Q2PP1/2RR2K1 w - - 3 28,0.0,w
3r1q1k/p2b1pp1/1pp4p/8/7P/PP2r1N1/1Q4P1/2RR2K1 w - - 0 30,0.0,w
3rrqk1/p2b1pp1/1pp4p/8/7P/PP4N1/1Q1R1KP1/2R5 w - - 4 32,0.0,w
3rrq2/p2b1pp1/1pp3kp/8/7P/PP3KN1/1QRR2P1/8 w - - 8 34,0.0,w
3rrq2/p4ppk/1pp1b2p/7P/5K2/PP4N1/1QRR2P1/8 w - - 1 36,0.0,w
3rrq2/p6k/1pR1b1pp/8/5K2/PP4N1/1Q1R2P1/8 w - - 0 38,0.0,w
4rq2/p6k/1pR1b2p/5Np1/8/PP4K1/1Q1r2P1/8 w - - 0 40,0.0,w
4r3/p1R5/1p2b1kp/5qp1/8/PP4K1/3Q2P1/8 w - - 2 42,0.0,w
8/R3r3/1p2b1kp/4q1p1/8/PP6/3Q1KP1/8 w - - 3 44,0.0,w
8/4q3/1p2b1kp/6p1/8/PP4K1/3Q2P1/8 w - - 0 46,0.0,w
5q2/8/1p2b1kp/6p1/8/PP2Q3/5KP1/8 w - - 4 48,0.0,w
3q4/8/1p4kp/6p1/6b1/PP2Q3/3K2P1/8 w - - 8 50,0.0,w
3q4/5k2/1p5p/4Q1p1/6b1/PP6/2K3P1/8 w - - 12 52,0.0,w
8/5k2/1p5p/6p1/5qb1/PP6/1K4P1/4Q3 w - - 16 54,0.0,w
8/5k2/1p2b2p/5qp1/P7/1P6/2K3P1/4Q3 w - - 3 56,0.0,w
8/5k2/1p5p/5qp1/b7/8/1K4P1/4Q3 w - - 0 58,0.0,w
8/5k2/1pb4p/2q3p1/8/K5P1/8/4Q3 w - - 1 60,0.0,w
8/5k2/1pb2q1p/6p1/8/6P1/1K6/2Q5 w - - 5 62,0.0,w
8/5k2/1p5p/5qp1/b7/6P1/8/1KQ5 w - - 9 64,0.0,w
8/5k2/1p5p/6p1/b7/1q4P1/K7/2Q5 w - - 13 66,0.0,w
8/8/1p4kp/6p1/b7/6q1/1Q6/K7 w - - 0 68,0.0,w
8/1Q6/6kp/6p1/b7/6q1/8/K7 w - - 3 70,0.0,w
5k2/8/7p/6p1/b7/6q1/1Q6/K7 b - - 7 72,0.0,b
8/4k3/7p/6p1/b7/3q4/K7/1Q6 b - - 11 74,0.0,b
8/4k3/7p/8/b5p1/8/1K6/8 b - - 1 76,0.0,b
8/4k3/7p/8/b7/8/1K4p1/8 b - - 1 78,0.0,b
8/4k3/7p/8/b1K5/4q3/8/8 b - - 3 80,0.0,b
8/8/3q1k1p/8/b7/2K5/8/8 b - - 7 83,0.0,b
8/4q3/5k1p/8/b7/3K4/8/8 b - - 11 85,0.0,b
8/8/5k1p/1b6/1q6/8/8/2K5 w - - 15 88,0.0,w
8/8/6kp/1b6/8/q7/8/2K5 w - - 19 90,0.0,w
8/5k2/2q4p/1b6/8/8/3K4/8 w - - 23 93,0.0,w
8/5k2/5q1p/8/b7/8/3K4/8 w - - 27 95,0.0,w
8/5k2/7p/6q1/b7/5K2/8/8 b - - 31 97,0.0,b
8/4k3/7p/6q1/8/3K4/8/3b4 b - - 35 99,0.0,b
8/5k2/7p/8/1K6/4q3/8/3b4 b - - 39 101,0.0,b
8/5k2/7p/8/6q1/8/1K6/3b4 b - - 43 103,0.0,b
r4rk1/ppb1qpp1/2p2nbp/P1Pp4/1P1BnP2/3BP3/2Q3PP/RN3RK1 w - - 0 16,0.0,w
rr4k1/ppb1qpp1/P1p2n1p/2Pp1P1b/1P1Bn3/3BP3/2Q3PP/RN3RK1 w - - 1 18,0.0,w
r5k1/prb1qpp1/5n1p/1pPp1P1b/3Bn3/3BP3/2Q3PP/RN3RK1 w - - 0 20,0.0,w
r5k1/p1b2pp1/1rPq1n1p/1p1p1P1b/3Bn3/3BP3/2Q3PP/RN2R1K1 w - - 3 22,0.0,w
r5k1/p1bq1pp1/2r2n1p/1p1p1P1b/3Bn3/3BP1P1/1Q5P/RN2R1K1 w - - 2 24,0.0,w
1r4k1/p1b2pp1/2q2n1p/3p1P1b/3Bn3/4P1P1/1Q5P/RN2R1K1 w - - 0 26,0.0,w
1r4k1/p1b2pp1/2q2n1p/3p1P1b/3Bn3/4P1P1/7P/RN3RK1 w - - 2 28,0.0,w
6k1/2b2pp1/2q2n1p/3p1P1b/3Bn3/4P1P1/7P/rN3RK1 w - - 0 30,0.0,w
6k1/3q1pp1/5n1p/3p1P1b/3Bn3/4P1b1/7P/1N3RK1 w - - 0 32,0.0,w
6k1/3q1pp1/5n1p/3p1P1b/3B4/4P3/6K1/1N3n2 w - - 0 34,0.0,w
6k1/5pp1/5n1p/3p3b/3B4/4P3/6K1/1q6 w - - 0 36,0.0,w
6k1/5p2/5p1p/3p3b/8/4P3/7K/4q3 w - - 2 38,0.0,w
6k1/5p2/5p1p/7b/4p3/7K/8/6q1 w - - 2 40,0.0,w
4n3/p4pk1/1p3p1P/3P3P/PP1K1P2/3B4/8/8 b - - 0 39,1.0,b
8/p4p2/1p1n1p1k/3P3P/PP1K1PB1/8/8/8 b - - 3 41,1.0,b
8/p4pk1/3n1p2/P2P3P/3K1PB1/8/8/8 b - - 0 43,1.0,b
8/p5k1/3n1p2/P1KP1p1P/5P2/5B2/8/8 b - - 1 45,1.0,b
8/p2Pn1k1/5p2/P1K2p1P/5P2/5B2/8/8 w - - 1 48,1.0,w
3Q4/p4k2/2nK1p2/P4p1P/5P2/5B2/8/8 w - - 3 50,1.0,w
3Q4/p7/3K1p1k/P2B1p1P/5P2/8/8/8 w - - 3 52,1.0,w
1r1qr1k1/2p2pb1/1p1p3p/pPnPp1p1/P3P1n1/R2P2P1/1B3PBP/Q1R3K1 w - - 0 22,0.0,w
1r1q2k1/2p1rpb1/1p1p1n1p/pPnPp1p1/P3P3/R2P1PP1/1BR3BP/Q5K1 w - - 3 24,0.0,w
1r2q3/2p1rpbk/1p1p1n1p/pPnPp1p1/P3P3/R2P1PPB/1BR2K1P/Q7 w - - 7 26,0.0,w
1r2q1k1/2p1rpb1/1p3n1p/pPpPp1p1/P3P3/R4PPB/1BR2K1P/Q7 w - - 0 28,0.0,w
3rqbk1/2p1rp2/1p3n1p/pPpPpBp1/P3P3/R4PP1/1BR2K1P/4Q3 w - - 4 30,0.0,w
3rq1k1/2p1rpb1/1p3n1p/pPpPpB2/P3P1p1/B4PP1/2R2K1P/R3Q3 w - - 0 32,0.0,w
4q2k/2p1rpb1/1p1r1n1p/pPpPpB2/P3P1P1/6P1/1BR2K1P/R3Q3 w - - 3 34,0.0,w
3rq1k1/2p1rpb1/1p3n1p/pPpPpB2/P3P1P1/6P1/1BR1K2P/2R1Q3 b - - 7 36,0.0,b
1r2q2k/2p1rpb1/1p3n1p/pPRPpB2/P3P1P1/B5P1/4K2P/2R1Q3 b - - 0 38,0.0,b
1r2q2k/2pB1pb1/5n1p/pPBPp3/P3P1P1/6P1/4K2P/2R1Q3 b - - 0 40,0.0,b
1r4k1/2pq1pb1/5n1p/pPBPp3/P3P1P1/3K2P1/7P/2RQ4 b - - 3 42,0.0,b
1r4k1/2p2pb1/3P3p/pPB1p3/P3P1n1/3K2P1/7P/2R5 b - - 0 44,0.0,b
3r2k1/5pb1/2RB3p/pP2p3/P3P1n1/3K2P1/7P/8 w - - 2 47,0.0,w
3r2k1/5pb1/2RB3p/pP2p3/P3n3/6PP/4K3/8 w - - 0 49,0.0,w
3r2k1/5pb1/2R4p/pPB1p3/P7/5KnP/8/8 b - - 1 51,0.0,b
6k1/5pb1/2R4p/pP6/P3p3/3rB1KP/8/8 b - - 0 53,0.0,b
6k1/5pb1/2R5/pP5p/P3p2K/4r2P/8/8 b - - 1 55,0.0,b
6k1/5p2/5b2/pP5K/P1R1p3/4r2P/8/8 b - - 0 57,0.0,b
2R3k1/5p2/5b2/pP6/P3p1K1/1r6/8/8 b - - 3 59,0.0,b
8/5pk1/5b2/pP6/PR2p1K1/8/8/8 b - - 0 61,0.0,b
8/1P3pk1/5b2/8/P3p1K1/1p6/8/8 b - - 0 63,0.0,b
8/1P4k1/5p2/4b3/P3K3/1p6/8/8 b - - 0 65,0.0,b
8/1P4k1/5p2/P3b3/8/5K2/8/1q6 b - - 1 67,0.0,b
8/1q4k1/5p2/P7/5K2/2b5/8/8 b - - 3 69,0.0,b
8/5k2/1q3p2/b7/8/4K3/8/8 w - - 3 72,0.0,w
8/5k2/5p2/b2q4/8/6K1/8/8 w - - 7 74,0.0,w
8/5k2/1b6/3q1p2/8/8/4K3/8 b - - 2 76,0.0,b
8/5k2/1b6/3q4/8/5p2/8/5K2 b - - 1 78,0.0,b
r2qrnk1/pp2bppp/2p1bn2/3Pp3/8/2PP1P2/PPBNQ1PP/R1B2R1K b - - 0 12,1.0,b
2rqrnk1/pp2bppp/4bn2/3pQ3/8/2PP1P2/PPBN2PP/R1B1R2K b - - 2 14,1.0,b
2r1r1k1/Qp1qbppp/4bnn1/3p4/8/2PP1P2/PPBN2PP/R1B1R2K b - - 0 16,1.0,b
2rqr1k1/1p2bppp/5nn1/3p1b2/8/2PP1P2/PPBN2PP/R1B1RQ1K b - - 4 18,1.0,b
2r1q1k1/1p3ppp/3b1nn1/3p1b2/6P1/2PP1P2/PPBN3P/R1B2Q1K b - g3 0 20,1.0,b
4q1k1/1p3ppp/3b1nn1/3p4/6P1/2PP4/P1BN3P/R1B2Q1K b - - 0 22,1.0,b
4q1k1/1p3ppp/3b2n1/3p1Q2/B7/2PPn3/P2N3P/R1B4K b - - 3 24,1.0,b
6k1/1p3ppp/3b2n1/3p4/7q/2PPnQ2/P6P/R1B2N1K b - - 3 26,1.0,b
6k1/1R3ppp/6n1/3pb3/7q/2PP1Q2/P1n4P/2B2N1K b - - 0 28,1.0,b
6k1/1R3p1p/5pn1/3pb3/8/2PP4/P1nB3P/5N1K b - - 1 30,1.0,b
7k/1R3p1p/5pn1/3pb3/8/n1PPN3/P2B2KP/8 w - - 5 33,1.0,w
7k/1R3p1p/5p2/3N4/7n/n1PP4/P2B3b/5K2 w - - 0 35,1.0,w
7k/5R1p/5b2/8/7n/n1PP4/P2B4/5K2 w - - 0 37,1.0,w
8/5k1p/1R6/8/7n/n1PP4/P2B4/5K2 w - - 3 39,1.0,w
8/5R1p/8/8/7n/2PP4/P1n5/2B2K2 b - - 2 41,1.0,b
8/7p/8/2R2n2/8/2PP4/P7/n1B2K2 b - - 6 43,1.0,b
r3rnk1/pp2bppp/2p1bn2/3p3q/4PP2/2P5/PPBNQ1PP/R1B2R1K w - - 1 15,0.0,w
r3rnk1/pp1bbppp/2p5/3p1P1n/4P3/2P5/PPBN2PP/R1B2R1K w - - 1 17,0.0,w
r3rnk1/pp1b1ppp/2pb1n2/3P1P2/2P5/8/PPBN2PP/R1B2R1K w - - 1 19,0.0,w
r3rnk1/pp1b1ppp/5n2/N2p1P2/1bP5/8/PPB3PP/R1B2R1K w - - 2 21,0.0,w
1r2rnk1/pN1b1ppp/5n2/5PB1/1bp5/8/PPB3PP/R4R1K w - - 0 23,0.0,w
4rnk1/pr1b1p1p/5p2/5P2/1bp5/8/PPB3PP/R2R3K w - - 0 25,0.0,w
6k1/pr1n1p1p/5p2/5P2/1bp5/8/PPB3PP/1R2r2K w - - 2 27,0.0,w
6k1/pr1n1p1p/5p2/5P2/8/1p6/P1B3PP/4b2K w - - 0 29,0.0,w
8/p2n1pkp/5p2/3B1P2/8/8/P5PP/1r2b2K w - - 3 31,0.0,w
8/p2n1k1p/5p2/5P2/8/6P1/P6P/3rb2K w - - 0 33,0.0,w
8/p2n1k1p/5p2/5P2/8/6b1/P2r3P/5K2 w - - 0 35,0.0,w
8/p4k1p/5p2/4nP2/8/6P1/r7/6K1 w - - 2 37,0.0,w
8/5k1p/p4p2/5P2/6P1/5n2/r7/7K w - - 0 39,0.0,w
8/5k1p/p4P2/6p1/8/5n2/7r/7K w - - 1 41,0.0,w
rnbqk2r/ppppppbp/5np1/8/1P6/5NP1/PBPPPP1P/R2QKB1R b KQkq - 2 4,0.0,b
rnb1qrk1/ppppppbp/5np1/8/1P6/5NPB/PBPPPP1P/R2Q1RK1 b - - 6 6,0.0,b
rnb1qrk1/ppppppb1/5n1p/1P4p1/8/5NPB/PBPPPP1P/R2QR1K1 b - - 1 8,0.0,b
rnb1qrk1/ppppppb1/5n2/1P5p/6p1/5NP1/PBPPPPBP/R1Q1R1K1 b - - 1 10,0.0,b
rnb1qrk1/pppppp2/5B1b/1P5p/8/5BP1/P1PPPP1P/R1Q1R1K1 b - - 0 12,0.0,b
rnb1qr1k/pppp1p2/5p1b/1P5B/8/6P1/P1PPPP1P/1RQ1R1K1 b - - 0 14,0.0,b
rnb3rk/pppp1p2/5p1b/1P2q3/3P4/5BP1/P1P1PP1P/1RQ1R1K1 b - d3 0 16,0.0,b
rnb3rk/pppp1p2/5p2/1P2P3/8/5BP1/P1PbPP1P/1R1R2K1 b - - 2 18,0.0,b
rnb3rk/pppp1p2/5b2/1P6/8/5BP1/P1P1PPKP/1R1R4 b - - 1 20,0.0,b
rnb3r1/pppp1p2/5b1k/1P1B4/8/6P1/P1P1PPKP/1R1R4 b - - 5 22,0.0,b
rnb3r1/1ppp1pk1/1p3b2/3B4/8/6P1/P1PRPPKP/1R6 b - - 1 24,0.0,b
rnb3r1/1ppp1pk1/1p3b2/3B4/6P1/3R4/P1P1PPKP/1R6 b - - 0 26,0.0,b
rnb1r3/1ppp1pk1/1p6/3B2b1/6P1/4P3/P1PR1PKP/1R6 b - - 0 28,0.0,b
rnb5/1ppp1pk1/1p6/3R2b1/5PP1/4P3/P1P3KP/1R6 b - - 0 30,0.0,b
1nb5/1ppp1pk1/1p6/8/5PP1/8/r1PR2KP/1R6 b - - 1 32,0.0,b
2b5/1ppp1pk1/1p6/8/3R1PP1/5K2/r1P4P/1R6 b - - 0 34,0.0,b
2b5/1ppp1pk1/1p6/8/5PP1/5K2/7r/1RR5 b - - 1 36,0.0,b
2b5/1pRp1pk1/1p6/8/5PPr/8/6K1/1R6 b - - 0 38,0.0,b
2R5/1p1p1pk1/1p6/8/5P1r/5K2/8/1R6 b - - 0 40,0.0,b
8/1pRp1pk1/1p5r/8/5P2/8/6K1/1R6 b - - 4 42,0.0,b
8/1R1p1pk1/1p3r2/8/5P2/8/5K2/1R6 b - - 0 44,0.0,b
8/3R1pk1/1p6/8/2r5/6K1/8/1R6 b - - 0 46,0.0,b
8/4Rpk1/1r6/8/8/6K1/8/8 b - - 1 48,0.0,b
8/5pk1/8/8/5K2/4r3/8/8 b - - 1 50,0.0,b
8/5p2/6k1/8/3K4/1r6/8/8 b - - 5 52,0.0,b
8/5p2/6k1/8/2K5/8/8/1r6 b - - 9 54,0.0,b
3r4/5p2/6k1/8/2K5/8/8/8 w - - 13 57,0.0,w
3r4/8/8/5pk1/2K5/8/8/8 w - f6 0 59,0.0,w
3r4/8/1K6/6k1/8/5p2/8/8 w - - 0 61,0.0,w
3r4/8/1K6/6k1/8/8/8/5q2 w - - 0 63,0.0,w
8/1K1r4/5q2/6k1/8/8/8/8 w - - 4 65,0.0,w
8/pp2kp2/3n1p1p/3P4/1P1K4/P2B4/5PPP/8 w - - 8 33,0.5,w
3kn3/pp3p2/5p1p/3P4/1P6/P2B1K2/5PPP/8 w - - 12 35,0.5,w
2nk4/pp3p2/5p1p/3P4/1P6/P2B1K2/5PPP/8 w - - 16 37,0.5,w
2brr1k1/p3qppp/1p3n2/2p5/2Q4n/PP2P1NP/5PP1/1BR1R1K1 b - - 2 24,0.0,b
3rr1k1/p3qppp/1p2bn2/2p5/7Q/PP2PPNP/5P2/1BR1R1K1 b - - 2 26,0.0,b
3rr1k1/p3Qp1p/1p2b1p1/2p4n/8/PP2PPNP/2B2P2/2R1R1K1 b - - 0 28,0.0,b
3r2k1/p3rp1p/1p2b3/2p4p/8/PP2PP1P/2B2P1K/2R1R3 b - - 1 30,0.0,b
3r3k/p3rp1p/1p2b3/2p5/7p/PP2PP1P/2B2P1K/1R4R1 b - - 1 32,0.0,b
7k/p3rp1p/1p2b3/2p5/4B2p/PP2PP1P/5rRK/1R6 b - - 1 34,0.0,b
8/p3rpkp/1p2b3/2p5/4B2p/PP2PP1P/1R4K1/8 b - - 2 36,0.0,b
4r3/p4p1p/1p2b2k/2p5/4B2p/PP2PP1P/1R4K1/8 b - - 6 38,0.0,b
8/p4p1p/1p2b2k/2p5/4B2p/PP2PPrP/2R4K/8 b - - 10 40,0.0,b
8/p4p1p/1p2b2k/2p5/4B2p/PP2PPr1/2R5/5K2 b - - 3 42,0.0,b
8/p4p1p/1p5k/2p5/2b1B2p/P3PPr1/5K1R/8 b - - 3 44,0.0,b
8/p4p1B/1p6/2pb2k1/4P2p/P4Pr1/5K1R/8 b - - 0 46,0.0,b
8/p4B2/1pb2k2/2p5/4P2p/P4Pr1/5K1R/8 b - - 0 48,0.0,b
8/p4k2/1p6/2p5/P3P2p/6r1/5K1R/8 b - - 0 50,0.0,b
8/p4k2/1p6/2p5/P3P2p/8/7R/r5K1 b - - 4 53,0.0,b
1r2r1k1/2pq2b1/1p1p2pp/pPnPppn1/P3P3/R2P1PPB/1B5P/3QR1K1 w - - 5 26,0.0,w
1r1rq1k1/2p3b1/1p1p2pp/pPnPpPn1/P7/R2P1PP1/1B4BP/3QR1K1 w - - 1 28,0.0,w
1r1r2k1/2p2qb1/1p1p3p/pPnPp1n1/P7/R2P1PP1/1B1Q2BP/4R1K1 w - - 2 30,0.0,w
1r1r3k/2p2qbn/1p1p3p/pPnPp3/P6P/R2PQPP1/1B4B1/4R1K1 w - - 1 32,0.0,w
1r1r3k/2p3bn/1p1p3p/pPnq4/P2p3P/R4PP1/1B4B1/2Q1R1K1 w - - 0 34,0.0,w
1r1r3k/2p2q1n/1p1p3p/pPn5/P2b3P/R4PP1/6B1/2Q1R1K1 w - - 0 36,0.0,w
1r1r2k1/2p2q2/1p1p1n1Q/pPn5/P2b3P/R4PP1/6B1/4RK2 w - - 1 38,0.0,w
1r1r2k1/2p5/1p1p3Q/pPn4n/P1qb4/R4PP1/4R1B1/5K2 w - - 0 40,0.0,w
1r1r2k1/2p3n1/1p1p2Q1/pPn5/P2b4/R4PP1/4R1B1/2q2K2 w - - 4 42,0.0,w
1r1r2k1/2p3n1/1p1p2Q1/pPn5/q2b4/5PP1/6B1/3R1K2 w - - 0 44,0.0,w
1r1r2k1/2p3n1/1p1p4/pP6/2qb4/3n1PP1/6B1/1Q3K2 w - - 0 46,0.0,w
1r2r1k1/2p3n1/1p1p4/pP6/3b4/2qn1PP1/3K2B1/1Q6 w - - 4 48,0.0,w
3r1k2/p2r1ppp/1p2bn2/1P6/4P2n/5PNP/4B1P1/R3R1K1 w - - 5 36,0.0,w
3r1k2/p2r1ppp/1p2b3/1P1nP3/8/3B1PNP/6n1/R3R1K1 w - - 0 38,0.0,w
3r1k2/p2r1ppp/1p2b3/1P2P3/8/3n1PNP/7K/R3R3 w - - 0 40,0.0,w
3r1k2/p2r1ppp/1p2b3/1P2P3/8/R4PNn/7K/R7 w - - 0 42,0.0,w
3r1k2/R4ppp/1p2b3/1P2P3/8/5PNn/8/R2r3K w - - 3 44,0.0,w
5k2/R4ppp/1p2b3/1P2P3/8/5P1n/3rN1K1/r7 w - - 0 46,0.0,w
5k2/5ppp/1p2b3/1P2r3/8/5PKn/8/R7 w - - 0 48,0.0,w
7R/4kppp/1p2b3/1P2r1n1/8/5PK1/8/8 w - - 4 50,0.0,w
4R3/5ppp/1p2bk2/1r4n1/8/5PK1/8/8 w - - 0 52,0.0,w
4R3/5ppp/1p2bk2/8/4nP2/1r6/6K1/8 w - - 3 54,0.0,w
4R3/5ppp/1p2bk2/8/4nP2/8/1r4K1/8 w - - 7 56,0.0,w
7R/5ppp/1p2bk2/2n5/5P2/1r3K2/8/8 w - - 11 58,0.0,w
7R/5ppp/1p2bk2/8/4nP2/6K1/1r6/8 w - - 15 60,0.0,w
7R/5ppp/1p3k2/8/5Pb1/8/1r1nK3/8 w - - 19 62,0.0,w
7R/5ppp/1p3k2/8/1r1K1Pb1/8/8/5n2 w - - 23 64,0.0,w
8/5ppR/1p3k2/8/6b1/2K2r2/8/5n2 w - - 1 66,0.0,w
8/5pp1/1p3k2/5b2/8/8/1K3r2/5n1R w - - 5 68,0.0,w
8/5pp1/1p3k2/8/4b3/1K6/3n1r2/6R1 w - - 9 70,0.0,w
8/5p2/1pb2kp1/8/1K6/8/3n1r2/6R1 w - - 0 72,0.0,w
8/5p2/1pb2kp1/8/4nr2/2K5/8/4R3 w - - 4 74,0.0,w
8/5p2/1p3kp1/3b4/4n3/1K6/5r2/4R3 w - - 8 76,0.0,w
8/5p2/1p3kp1/3b4/4n3/Kr6/8/4R3 w - - 12 78,0.0,w
8/5p2/1p3kp1/3b4/4n3/8/8/1K2r3 w - - 0 80,0.0,w
8/5p2/1p3kp1/3b4/4n3/2r5/2K5/8 w - - 4 82,0.0,w
8/5p2/1p4p1/5k2/2b1n3/2r5/8/1K6 w - - 8 84,0.0,w
8/5p2/1p4p1/6k1/2b1n3/7r/8/1K6 w - - 12 86,0.0,w
8/5p2/1p4p1/5k2/2b1n3/7r/2K5/8 w - - 16 89,0.0,w
8/5p2/1p4p1/8/2b1n1k1/2r5/8/2K5 w - - 20 91,0.0,w
8/5p2/1p4p1/8/4n1k1/1K1b4/2r5/8 b - - 24 93,0.0,b
8/5p2/1p4p1/2n2k2/8/K7/2r1b3/8 w - - 28 96,0.0,w
8/5p2/1p4p1/2n5/2b3k1/K7/2r5/8 w - - 32 99,0.0,w
8/5p2/1p4p1/2n5/2b3k1/K7/2r5/8 w - - 36 118,0.0,w
8/5p2/1p6/2n3p1/2b2k2/K7/2r5/8 w - - 0 122,0.0,w
8/5p2/1p6/2n5/2b3p1/K3k3/2r5/8 w - - 0 124,0.0,w
8/5p2/1p6/8/2b5/K2nk1p1/2r5/8 w - - 2 126,0.0,w
8/5p2/8/Kp6/2b5/3nk3/2r3p1/8 w - - 0 128,0.0,w
8/2K2p2/6q1/1p6/2b5/3nk3/2r5/8 w - - 2 130,0.0,w
K7/5p2/3q4/1pn5/2b5/4k3/2r5/8 w - - 7 133,0.0,w
8/pp3pkp/5p2/3P4/1Pn5/P7/2B2PPP/5K2 w - - 3 29,1.0,w
8/pp3pkp/5p2/3P4/PPn5/8/2B1KPPP/8 b - - 4 31,1.0,b
8/pp1P1pkp/5p2/8/PPn5/8/2B1KPPP/8 b - - 0 33,1.0,b
3Q4/pp3pkp/5p2/8/PP6/1B6/4KPPP/1n6 b - - 0 35,1.0,b
3Q4/pp3pkp/5p2/8/BP6/3K4/5PPP/8 b - - 0 37,1.0,b
8/1p3pkp/1Q3p2/P7/B7/3K4/5PPP/8 b - - 0 39,1.0,b
8/1Q3pkp/5p2/P7/8/1B1K4/5PPP/8 b - - 2 41,1.0,b
8/5Q1p/5p2/P5k1/5P2/1B1K4/6PP/8 b - f3 0 43,1.0,b
6Q1/8/5p2/P7/5k2/1B1K4/6PP/8 b - - 1 45,1.0,b
8/8/5p2/P7/2K1k3/1B4Q1/6PP/8 b - - 5 47,1.0,b
8/8/4kp2/P1K5/8/1B4QP/6P1/8 b - - 2 49,1.0,b
4k3/6Q1/5p2/P1K5/B7/7P/6P1/8 b - - 6 51,1.0,b
r1bqk2r/ppnnbppp/2p1p3/8/2PP4/2N5/PP3PPP/R1BQRBK1 b kq - 2 9,1.0,b
r1bq1k1r/ppnn1ppp/2pbp3/8/2PP4/2NBB3/PP3PPP/R2QR1K1 b - - 6 11,1.0,b
r1bq1k1r/ppn2ppp/3bpn2/2p5/2PP4/2NBBQ1P/PP3PP1/R3R1K1 b - - 0 13,1.0,b
1r1q1k1r/Q1nb1ppp/3bpn2/2p5/2PP4/2NBB2P/PP3PP1/R3R1K1 b - - 0 15,1.0,b
2rq1k1r/Q1nbbppp/4pn2/2P5/2P5/2NBB2P/PP3PP1/3RR1K1 b - - 2 17,1.0,b
2rq2kr/Q1nb1ppp/4pn2/8/2PB4/2NB3P/PP3PP1/3RR1K1 b - - 2 19,1.0,b
2rq2kr/5ppp/n1b1pn2/8/2PB4/Q1NB3P/PP3PP1/3RR1K1 b - - 6 21,1.0,b
2r3kr/2n2ppp/2b1pq2/8/2P1N3/Q2B3P/PP3PP1/3RR1K1 b - - 1 23,1.0,b
2r3kr/2n2pp1/4pq2/7p/2P5/Q4B1P/PP3PP1/3RR1K1 b - - 1 25,1.0,b
2r3kr/2nQ1pp1/4pq2/7p/2P5/5B1P/PP3PP1/3RR1K1 b - - 5 27,1.0,b
4Q1kr/5pp1/4p3/7p/2P4q/5B1P/PP3PP1/3RR1K1 b - - 0 29,1.0,b
7r/6pk/4pQ2/7p/2P5/5B1P/PP3PP1/3RR1K1 b - - 0 31,1.0,b
7r/8/4pp1k/8/2P5/5B1P/PP3PP1/3RR1K1 b - - 2 33,1.0,b
8/8/5R1k/8/2P5/5B1P/Pr3PP1/3R2K1 b - - 0 35,1.0,b
8/8/R7/3R2k1/2P5/5B1P/r4PP1/6K1 b - - 1 37,1.0,b
r1b1r1k1/pp1n1ppp/2pq1n2/8/2PN4/4P2P/P4PP1/1BRQ1RK1 b - - 0 15,0.5,b
r1b1r1k1/pp1n1ppp/5n2/2p5/1qP5/4PQ1P/P1N2PP1/1BR2RK1 b - - 1 17,0.5,b
r1b3k1/pp1nrppp/5n2/2p5/2P5/4PQ1P/Pq3PP1/1BRRN1K1 b - - 5 19,0.5,b
r1b3k1/pp2rppB/1q3n2/2p1n3/2P5/4P1QP/P4PP1/2RRN1K1 b - - 0 21,0.5,b
r1b5/pp2rpp1/1q3nk1/2p1n3/2P4Q/4P2P/P4PP1/1R1RN1K1 b - - 3 23,0.5,b
r1b5/pp2rppk/4qn2/2p1n3/2P4Q/4P2P/P4PP1/1R1RN1K1 b - - 7 25,0.5,b
r1b1R1k1/pp3pp1/4qn2/2p1n3/2P4Q/4P2P/P4PP1/1R2N1K1 b - - 0 27,0.5,b
r1b1q1k1/pp3pp1/5nn1/2p5/2P5/4P1QP/P4PP1/1R2N1K1 b - - 3 29,0.5,b
r3q1k1/p4pp1/5nn1/2p5/2b5/4P1QP/PR3PP1/4N1K1 b - - 1 31,0.5,b
r5k1/R4pp1/4qnn1/2p5/8/4P1QP/5PP1/4N1K1 b - - 0 33,0.5,b
5nk1/Q4pp1/4qn2/2p5/8/4P2P/5PP1/4N1K1 b - - 0 35,0.5,b
8/3n1ppk/4qn2/2p5/8/4P2P/5PP1/1Q2N1K1 b - - 4 37,0.5,b
8/3n1ppk/8/2p5/4n3/4PN1P/5PP1/6K1 w - - 1 40,0.5,w
8/3n1ppk/8/8/4n3/2p1PN1P/4KPP1/8 w - - 0 42,0.5,w
8/3n1pp1/6k1/8/8/2K1PN1P/5nP1/8 w - - 1 44,0.5,w
8/3n1pp1/8/5k2/8/4PN1P/2K5/8 w - - 1 46,0.5,w
8/3n1pp1/8/6N1/7P/4k3/2K5/8 w - - 0 48,0.5,w
8/8/3N2p1/2n5/7P/4k3/2K5/8 w - - 0 50,0.5,w
8/3n1N2/6p1/8/5k1P/2K5/8/8 w - - 4 52,0.5,w
8/5N2/6p1/4n3/4K2P/6k1/8/8 b - - 8 55,0.5,b
8/5N2/5Kp1/8/8/6k1/8/8 b - - 2 57,0.5,b
8/8/6K1/6N1/8/6k1/8/8 b - - 0 59,0.5,b
8/8/8/4K1N1/8/4k3/8/8 b - - 4 61,0.5,b
8/8/8/6N1/4K3/8/4k3/8 b - - 8 63,0.5,b
8/8/8/6N1/4K3/8/4k3/8 b - - 12 65,0.5,b
8/5N2/8/8/8/4K3/2k5/8 b - - 16 67,0.5,b
8/8/8/8/4N3/4K3/2k5/8 b - - 20 69,0.5,b
8/8/8/8/4N3/4K3/8/4k3 b - - 24 71,0.5,b
8/8/5N2/8/8/3K4/8/4k3 b - - 28 73,0.5,b
8/3N4/8/8/8/5k2/3K4/8 b - - 32 75,0.5,b
8/8/8/4N1k1/8/2K5/8/8 b - - 36 77,0.5,b
8/6k1/8/4N3/8/2K5/8/8 b - - 40 79,0.5,b
8/8/8/6k1/2NK4/8/8/8 b - - 44 81,0.5,b
8/8/8/1N6/3K1k2/8/8/8 b - - 48 83,0.5,b
8/8/5k2/3K4/3N4/8/8/8 b - - 52 85,0.5,b
8/8/2N5/4K1k1/8/8/8/8 b - - 56 87,0.5,b
8/8/2N5/4K1k1/8/8/8/8 b - - 60 89,0.5,b
4r1k1/1pb1rpp1/p1p2n2/P1Pp4/1P3P2/3RPB2/5KRP/8 b - - 6 34,0.5,b
4r2k/1pb2pp1/p1p2n2/P1PprP2/1P4B1/3RP3/5KRP/8 b - - 2 36,0.5,b
4r2k/1pb2pp1/p1p5/P1PprPn1/1P4B1/3RP3/4K1RP/8 b - - 6 38,0.5,b
4r3/1pb2ppk/p1p5/P1PprP2/1P2n1B1/3RP3/6RP/2K5 b - - 10 40,0.5,b
4r3/1pb2pp1/p1p4k/P1Pp1r2/1P2n2P/3RP3/4B1R1/2K5 b - h3 0 42,0.5,b
4r3/1pb2pp1/p1p4k/P1Ppr3/7P/3RP3/1K2B1R1/8 b - - 0 44,0.5,b
4r3/1p3pp1/p1p4k/b1Pp4/7P/4R3/1K4R1/5B2 b - - 0 46,0.5,b
8/1p3pp1/p1p4k/b1Pp4/7P/8/1K2B3/8 b - - 0 48,0.5,b
8/1p3pp1/p1p4k/2bp4/6BP/8/2K5/8 b - - 1 50,0.5,b
8/1B3pp1/p1p3k1/2b5/3p3P/8/2K5/8 b - - 0 52,0.5,b
8/5pp1/p5k1/8/3p3b/8/2K5/7B b - - 1 54,0.5,b
8/5pp1/6k1/p7/3p4/3K4/6B1/4b3 b - - 3 56,0.5,b
8/6p1/6k1/p4p2/3p4/3K4/5b2/7B b - - 1 58,0.5,b
8/5kp1/8/p4p2/3p4/4b3/4K1B1/8 b - - 5 60,0.5,b
8/6p1/6k1/p4p2/8/3pbB2/8/5K2 b - - 1 62,0.5,b
8/6p1/6k1/5p2/8/pB1pb3/8/5K2 b - - 1 64,0.5,b
8/6p1/6k1/3B4/5p2/p3b3/3pK3/8 b - - 1 66,0.5,b
8/6p1/6k1/3B4/8/p3K3/8/3q4 b - - 0 68,0.5,b
8/6p1/6k1/3q4/8/8/p7/5K2 b - - 1 70,0.5,b
8/6p1/6k1/3q4/8/q7/8/4K3 b - - 3 72,0.5,b
8/6p1/6k1/3q4/8/6K1/1q6/8 b - - 7 76,0.5,b
8/6p1/6k1/3q4/8/8/7K/6q1 w - - 11 80,0.5,w
8/6p1/8/5k2/8/5q2/7K/8 b - - 3 82,0.5,b
8/6p1/8/4k3/6q1/8/7K/8 b - - 7 85,0.5,b
8/6p1/8/4k3/8/8/4q3/7K b - - 11 87,0.5,b
8/8/6p1/8/5k2/8/4q3/7K b - - 1 89,0.5,b
8/8/8/8/5kp1/8/4q3/7K b - - 1 91,0.5,b
8/8/8/8/5k2/6p1/6K1/4q3 b - - 3 93,0.5,b
8/8/8/8/5k2/6p1/6K1/4q3 b - - 7 95,0.5,b
8/8/8/8/5k2/6p1/6K1/4q3 b - - 11 98,0.5,b
r2qkb1r/pp3ppp/2p1bn2/2npp3/4P3/1B1P1P2/PPP1Q1PP/RNB2R1K w kq - 5 9,0.0,w
r2qkb1r/pp3ppp/2p1bn2/4p1B1/4p3/1P1P1P2/PP2Q1PP/RN3R1K w kq - 0 11,0.0,w
r2q3r/pp1kbppp/2p1bn2/4p1B1/4P3/1P1P4/PP1NQ1PP/R4R1K w - - 3 13,0.0,w
r6r/pp1kqppp/2p1b3/4p3/4P1n1/1P1P1N2/PP2Q1PP/R4R1K w - - 0 15,0.0,w
r6r/pp1k1ppp/2p1b2q/4p3/3NP1n1/1P1P4/PP2Q1PP/2R2R1K w - - 4 17,0.0,w
1r1qr1k1/1ppn1pb1/3pbnpp/pP2p3/P3P3/R1PP2P1/1B1N1PBP/Q1R3K1 b - - 0 17,0.0,b
1rq1r1k1/1pp2pb1/3pbnpp/pPn1p3/P3P3/R1PP1PP1/1B1N2BP/1QR3K1 b - - 0 19,0.0,b
r1q3k1/1pp1rpb1/3pbnpp/pPn1p3/P1P1P3/RN1P1PP1/1B4BP/1QR3K1 b - - 2 21,0.0,b
r4qk1/1pp1rpb1/3pbnpp/pP2p3/P1P1P3/1RBP1PP1/6BP/1QR3K1 b - - 2 23,0.0,b
r3q1k1/1pp1rpb1/3pbnp1/pP2p2p/P1P1P3/1RBP1PP1/2R2KBP/1Q6 b - - 1 25,0.0,b
3rq1k1/1pp1rpb1/3p1np1/pP2p2p/P1P1P3/1RB2PP1/2R2KBP/7Q b - - 0 27,0.0,b
r3q1k1/1pp1rp2/3p1npb/pP2p2p/P1P1P3/2B2PP1/2R2KBP/3R3Q b - - 4 29,0.0,b
r3q1k1/1pp1rp2/1n1p2pb/pP2p2p/P1P1P3/2B2PPB/3R1K1P/3R3Q b - - 8 31,0.0,b
r3q3/1pp1rpk1/1n1p2p1/pP2p1Bp/P1P1P3/5PPB/5K1P/3R3Q b - - 2 33,0.0,b
r3q3/1pp1r1k1/3p1pp1/pP2p2p/P1n1P3/4BPPB/5K1P/3RQ3 b - - 1 35,0.0,b
r3q3/1pp1r1k1/1P1p1pp1/p3p2p/n3P3/4BPPB/3R1K1P/4Q3 b - - 0 37,0.0,b
r3q3/1p2r1k1/1p1R1pp1/p3p2p/4P3/5PPB/5K1P/4Q3 b - - 0 39,0.0,b
r3q3/1p2r1k1/5pp1/p3p2p/1p2P3/5PPB/3R1K1P/6Q1 b - - 1 41,0.0,b
3rq3/1pr3k1/5pp1/p2Rp2p/1p2P3/5PPB/5K1P/1Q6 b - - 5 43,0.0,b
4q3/1pr3k1/5pp1/R3p2p/4P3/1p3PPB/3r3P/1Q4K1 b - - 2 45,0.0,b
4q3/1p4k1/5pp1/R3p2p/4P3/5PPB/1p1r3P/2r2QK1 b - - 3 47,0.0,b
4q3/1p4k1/5pp1/4R2p/4P3/5PP1/3r3P/1q3BK1 b - - 0 49,0.0,b
8/1p4k1/6p1/1q2p2p/4PP2/6PP/3r4/1q3BK1 b - - 0 51,0.0,b
1r2r1k1/2pq1pb1/1p1pb1pp/pPnNp3/P1P1P1n1/R2P2P1/1B3PBP/Q1R3K1 w - - 6 21,1.0,w
3rr1k1/2pq1pb1/1p1pbnpp/pPnNp3/P1P1P3/R2P1BP1/1B3P1P/Q2R2K1 w - - 10 23,1.0,w
3rr1k1/2pq1p2/1p1pbbpp/pPn5/P1PpP3/R4BP1/1B3P1P/Q2R2K1 w - - 0 25,1.0,w
2qrr1k1/2p1bp2/1p1pb1pp/pPn5/P1PBP3/2R2BP1/5P1P/Q2R2K1 w - - 3 27,1.0,w
2q1r3/2prbp1k/1p1pb1pp/pPn5/P1PBP3/R4BP1/5P1P/2QR2K1 w - - 7 29,1.0,w
2q1r1k1/2prbp2/3pb1pp/pPp5/P1P1P3/R4BP1/5P1P/2QR2K1 w - - 0 31,1.0,w
2q1r1k1/2prbp2/6pp/pPpP4/P3P3/R1Q2BPb/5P1P/3R2K1 w - - 1 33,1.0,w
2q3k1/2pr1p2/5Qpp/pPpPr3/P3P3/5BPb/R4P1P/3R2K1 w - - 1 35,1.0,w
5qk1/2pr1p2/6pp/pP1P4/P1p1P3/2Q2BPb/R4P1P/3R2K1 w - - 2 37,1.0,w
3q2k1/2pr1p2/7p/1P1P2p1/P1p1P3/2Q2BPb/R4P1P/3R2K1 w - - 0 39,1.0,w
3q2k1/2p2p2/3r3p/1P1P2p1/P3P3/5BP1/R4P1P/3R1QK1 w - - 1 41,1.0,w
3q3k/2p2p2/7p/1P1rP1p1/P7/5BP1/2R2P1P/3R1QK1 w - - 0 43,1.0,w
2q4k/2p2B2/7p/1P2P3/P5p1/6P1/2R2P1P/3R1QK1 w - - 1 45,1.0,w
2q5/2p3k1/8/1P2P2p/P5p1/6P1/B1R1QP1P/3R2K1 w - - 0 47,1.0,w
1q6/6k1/1P6/2p1P2p/P3Q1p1/6P1/B1R2P1P/3R2K1 w - - 2 49,1.0,w
8/1q4k1/2R5/4P2p/P3Q1p1/6P1/B4P1P/3R2K1 w - - 2 51,1.0,w
6B1/1q5k/6R1/4P2p/P5p1/6P1/5P1P/1Q1R2K1 b - - 6 53,1.0,b
6Bk/6Q1/6R1/4P3/P5pp/6P1/5P1P/3R2K1 b - - 1 55,1.0,b
3r2k1/pb3ppp/1p2rn2/4q3/2B1P2n/p5NP/4QPP1/2R1R1K1 w - - 0 29,0.0,w
3r2k1/pb3ppp/1p2qn2/8/4P2n/4Q1NP/p4PP1/2R1R1K1 w - - 0 31,0.0,w
3r2k1/pb3ppp/1p1q1n2/8/4PQ2/6NP/p4PK1/2R1R3 w - - 1 33,0.0,w
3r2k1/pb3ppp/1p1q1n2/8/4P3/4RQNP/p4PK1/2R5 w - - 5 35,0.0,w
3r2k1/pb3ppp/1p3n2/4q3/4P3/5QNP/5P2/r1R1R1K1 w - - 0 37,0.0,w
6k1/R2r1ppp/1pb2n2/4q3/4P3/5QNP/5P2/4R1K1 w - - 1 39,0.0,w
6k1/3b1ppp/1p3q2/8/4P3/6NP/5P2/4R1K1 w - - 0 41,0.0,w
5k2/5ppp/1p3q2/8/4P3/6Nb/5P2/3R2K1 w - - 2 43,0.0,w
8/4kppp/1p6/8/4Pq2/R5Nb/5P2/6K1 w - - 6 45,0.0,w
8/4kppp/1p6/8/4P3/6Rb/4qP2/6K1 w - - 0 47,0.0,w
8/4kppp/1p6/8/4q3/7R/5PK1/8 w - - 0 49,0.0,w
8/4kppp/1p6/8/6q1/7R/5P2/6K1 w - - 4 51,0.0,w
8/4kppp/1p6/8/8/6R1/5q2/8 w - - 0 54,0.0,w
1r2r1k1/2p2qbn/1p1p2pp/pPnPpp2/P3P3/2RP1PPB/1B5P/3QR1K1 b - - 6 26,0.0,b
1r2r1k1/2p2qb1/1p1p1n1p/pPnPpp2/P1R5/3P1PPB/1B5P/3QR1K1 b - - 1 28,0.0,b
1r2r1k1/2p3b1/1p1p1nqp/pPnPpp2/P1R5/2BP1PP1/6BP/3QR1K1 b - - 5 30,0.0,b
1r2r1k1/2p3b1/1p1p2qp/pPnnp3/P1R2P2/3P1P2/1B4BP/3QR1K1 b - - 0 32,0.0,b
4r1k1/2p3B1/1p1p2qp/pPnn4/P1R2p2/3P1P2/6BP/3Q2K1 b - - 0 34,0.0,b
4r1k1/2p3B1/1p1p2qp/pPn5/P1P2p2/5P2/3Q2BP/6K1 b - - 0 36,0.0,b
4r1k1/2p3q1/1p1p3p/pP6/P1P2p2/3Q1P2/5KBP/8 b - - 0 38,0.0,b
4r1k1/2p5/1p1p3p/pP6/P1P2p2/3Q1P2/7P/2q2BK1 b - - 4 40,0.0,b
4r1k1/2p5/1p1p3p/pP6/P1P2p2/3B1P2/6KP/8 b - - 0 42,0.0,b
8/2p2k2/1p1p3p/pP2r3/P1P2p2/5P2/5K1P/5B2 b - - 4 44,0.0,b
8/2p2k2/1p1p3p/pP6/P1P2p2/5P2/6rP/5B2 w - - 0 48,0.0,w
8/2p5/1p3k1p/pP1P4/P4p2/5P2/6BP/8 w - - 1 50,0.0,w
8/8/1pp2k2/pP1P3p/P4p2/5P1P/8/7B w - - 0 52,0.0,w
8/2P5/1p6/pP4k1/P4p1p/5P1P/8/7B w - - 1 54,0.0,w
4Q3/8/1p6/pP4k1/P4p1p/5P1P/8/7B w - - 3 56,0.0,w
8/4Q3/1p6/pP5k/P4p1p/5P1P/8/7B w - - 7 58,0.0,w
8/8/1p2Q3/pP5k/P4p1p/5P1P/8/7B w - - 11 60,0.0,w
8/3Q4/1p3k2/pP6/P4p1p/5P1P/6B1/8 w - - 15 62,0.0,w
8/3Q4/1p3k2/pP6/P4p1p/5P1P/6B1/8 w - - 19 64,0.0,w
4Q3/8/1p6/pP4k1/P4p1p/5P1P/8/7B w - - 23 66,0.0,w
8/8/1p6/pP5k/P4p1p/5P1P/6B1/4Q3 w - - 27 68,0.0,w
8/4Q3/1p4k1/pP6/P4p1p/5P1P/8/7B w - - 31 70,0.0,w
8/4Q3/1p4k1/pP6/P4p1p/5P1P/8/5B2 w - - 35 72,0.0,w
r1bqk2r/pp2ppbp/2n2np1/2pp4/5P2/2PPBNP1/PP2P1BP/R2QK2R b KQkq - 3 7,0.0,b
r1bqk2r/pp2ppbp/2n2np1/8/3p1P2/3P1NP1/PP2P1BP/R2QK1BR b KQkq - 1 9,0.0,b
r2qk2r/pp2ppbp/5np1/4P3/3p2b1/3P2P1/PP2P1BP/R2QK1BR b KQkq - 0 11,0.0,b
r3k2r/pB2ppbp/5np1/4q3/3p2b1/3P2P1/PP2PK1P/R2Q2BR b kq - 0 13,0.0,b
1r2k2r/pB1bppbp/5np1/4q3/2Qp4/3P2P1/PP2PK1P/R5BR b k - 4 15,0.0,b
4k2r/pr1bppbp/5np1/8/3q4/3P2P1/PP2P2P/R3K1BR b k - 1 17,0.0,b
4k2r/pr1bppbp/5np1/8/3B4/3P2P1/q3P2P/3RK2R b k - 1 19,0.0,b
4k2r/pr1bppbp/6p1/q7/3B2n1/3P2P1/4P2P/3R1K1R b k - 5 21,0.0,b
4k2r/pr1bpp1p/6p1/5q2/3b2n1/3P2P1/4P1KP/2R4R b k - 3 23,0.0,b
4k2r/pr1bpp1p/6p1/4n3/3b4/3P2Pq/4P2P/2R2R1K b k - 7 25,0.0,b
2b1k2r/pr2pp1p/6p1/8/3b2n1/3P2Pq/4P2P/2R4K b k - 1 27,0.0,b
r4rk1/pp2ppbp/1qn2np1/2pb4/3p1P2/Q1PP1NP1/PP1BP1BP/R4R1K w - - 6 12,1.0,w
r4rk1/pp2ppbp/3q1np1/B1pb4/3n1P2/Q2P1NP1/PP2P1BP/R4R1K w - - 2 14,1.0,w
r4rk1/pp2ppbp/3qnnp1/B1p5/4PP2/Q4NP1/PP4BP/R4R1K w - - 1 16,1.0,w
r4rk1/ppn1ppbp/3q1n2/B1p2P2/8/Q4NP1/PP4BP/R4R1K w - - 1 18,1.0,w
r4rk1/pp2ppbp/3q4/Bnpn1P2/8/4QNP1/PP4BP/R2R3K w - - 5 20,1.0,w
r4rk1/pp2pp1p/2q5/BnpR1P2/8/1Q3NP1/Pb4BP/R6K w - - 0 22,1.0,w
r4rkb/pp2pp1p/2q5/B1pR1P2/8/2n1QNP1/P5BP/3R3K w - - 4 24,1.0,w
r4rk1/pp2pp1p/2q5/3R1P2/2p5/2Q2NP1/P5BP/3R3K w - - 0 26,1.0,w
3rr1k1/pp2pp1p/2q5/5P2/2pR2P1/2Q2N2/P5BP/3R3K w - - 3 28,1.0,w
5k2/pp2pp1p/2q5/5P2/2p3P1/2Q2N2/P5BP/3R3K w - - 0 30,1.0,w
1r1qr1k1/1ppn1pb1/3pbnpp/pP2p3/P7/R1BPP1P1/2PN1PBP/Q3R1K1 b - - 4 15,1.0,b
1rq1r1k1/1pp2pb1/1n1pbnpp/pP2p3/P7/R1BPPNP1/2P2PBP/2Q1R1K1 b - - 8 17,1.0,b
r1q1r1k1/1pp2pb1/1n1pbBpp/pP6/P3p3/R2PPNP1/2P1RPBP/2Q3K1 b - - 0 19,1.0,b
r1q1r1k1/1pp2p2/1n1pb1pp/pP6/P7/R2PP1P1/1BP1pPBP/2Q3K1 b - - 1 21,1.0,b
r1q1r1k1/1pp2p2/3p2pp/pP1n4/P7/R2PP1P1/1BP1pP1P/4Q1K1 b - - 1 23,1.0,b
r5k1/1ppq1p2/3p2pp/pP1n4/P7/R2PP1P1/1BP1Q2P/6K1 b - - 0 25,1.0,b
6k1/1ppqrp2/3p2pp/pP1n4/P3P3/R2P2P1/1BPQ3P/6K1 b - - 2 27,1.0,b
6k1/1ppq1p2/3p2pQ/pP2B3/Pn2P3/R2P2P1/2P4P/6K1 b - - 0 29,1.0,b
6k1/1pp2p2/6p1/pP2p3/Pn1qP3/R2P2P1/2PQ2KP/8 b - - 3 31,1.0,b
5k2/1ppq1p2/6p1/pP2p3/Pn2P3/3P2PP/2PQ2K1/R7 b - - 2 33,1.0,b
6k1/1ppq1p2/6p1/pP2p3/P3P3/2QP2PP/6K1/R7 b - - 2 35,1.0,b
8/1ppq1pk1/6p1/pP2Q3/P3P3/3P2PP/6K1/2R5 b - - 0 37,1.0,b
8/1p3R1k/6p1/pP2Q3/P3P3/3q2PP/6K1/8 b - - 0 39,1.0,b
8/1p3R2/6p1/pP4k1/P3P2Q/3q2PP/6K1/8 b - - 4 41,1.0,b
4rrk1/1pb2pp1/p1p1qn2/P1Pp4/1P1BnPbp/3BPR2/RQ4PP/4N1K1 w - - 2 22,0.0,w
4rr2/1pb2p1k/p1p1qnp1/P1Pp4/1P1BnPbp/3BPR2/2R3PP/2Q1N1K1 w - - 2 24,0.0,w
4rr2/1pb2p1k/p1p1qnp1/P1Pp1b2/1P1B1P1p/3BPRnP/4R1P1/2Q1N1K1 w - - 3 26,0.0,w
4rr2/1pb2p1k/p1p1q1p1/P1Pp4/1P1BnP1p/3NPRnP/3R2P1/2Q3K1 w - - 1 28,0.0,w
5r2/1pb1rp1k/p1p1q1p1/P1Pp1n2/1P1BnP1p/3NPR1P/R5P1/4Q1K1 w - - 5 30,0.0,w
4r3/1p2rp1k/p1p1q1p1/P1PpPn2/1P2n2p/3NPR1P/R5P1/4Q1K1 w - - 1 32,0.0,w
4r3/1p2rpk1/p1p3p1/P1Ppqn2/1P2nN1p/4PR1P/4R1P1/4Q1K1 w - - 0 34,0.0,w
4r3/1p2rpk1/p1p3p1/P1Ppqn2/1P3N1p/4PR1P/4n1P1/4Q1K1 w - - 0 36,0.0,w
4r3/1p2rpk1/p1p2qp1/P1Pp1n2/1P3N1p/4P2P/4Q1P1/5RK1 w - - 3 38,0.0,w
4r3/1p3pk1/p4qp1/P1Pp1n2/1P5p/4r2P/5QP1/5RK1 w - - 0 40,0.0,w
4r3/1p3pk1/p1P3p1/P2p1n2/1P1q3p/5Q1P/4r1P1/5RK1 w - - 3 42,0.0,w
8/1p3pk1/p1P3p1/P2p1n2/1P1q3p/7P/5RP1/4r1K1 w - - 1 44,0.0,w
8/1P3pk1/p5p1/P4n2/1P1p3p/7P/5qPK/4r3 w - - 0 46,0.0,w
rnbqk2r/pp3ppp/2pb1n2/3pp3/2P5/2N1P3/PPQPBPPP/R1B2RK1 b kq - 3 6,1.0,b
rnb4r/pp1k1ppp/2pb1n2/q2PpQ2/8/2N1P3/PP1PBPPP/R1B2RK1 b - - 2 8,1.0,b
rnb3r1/pp2kppp/2Pb1n2/q3p1Q1/8/2N1P3/PP1PBPPP/R1B2RK1 b - - 0 10,1.0,b
rn4r1/pb2kpp1/3b1n1p/q3p3/7Q/2N1P3/PP1PBPPP/R1B2RK1 b - - 1 12,1.0,b
rn1q2r1/p3kpp1/3b1n1p/4p3/7Q/2N1PP2/PP1P1P1P/R1B2RK1 b - - 0 14,1.0,b
rn1q2r1/p1k2pp1/3b1n1p/1N2p3/8/4PP1Q/PP1P1P1P/R1B2RK1 b - - 4 16,1.0,b
rn4r1/p4pp1/1k1q1n1p/4p3/8/4PP1Q/PP1P1P1P/R1BR2K1 b - - 1 18,1.0,b
r4qr1/p4pp1/1kn2n1p/4P3/8/4P2Q/PP1P1P1P/R1BR2K1 b - - 0 20,1.0,b
r4qr1/p4pp1/1k3n1p/8/5Pn1/4PQ2/PP1P3P/R1BR2K1 b - - 2 22,1.0,b
3r1qr1/p4pp1/1k3n2/7p/5PP1/4PQ2/PP1P4/R1BR2K1 b - - 0 24,1.0,b
3rq1r1/p4pp1/1k3n2/8/2Q2Pp1/4P3/PP1P4/R1BR2K1 b - - 3 26,1.0,b
6r1/p4pp1/1k3n2/8/2Q2Pp1/4P3/PP4K1/R1Br4 b - - 1 28,1.0,b
6r1/pk3Qp1/5n2/8/5Pp1/4P3/PP4K1/2R5 b - - 0 30,1.0,b
6r1/p5p1/5n2/k1R5/5Pp1/1Q2P3/PP4K1/8 b - - 4 32,1.0,b
6r1/p5p1/k4n2/8/2R2P2/PQ2P1p1/1P4K1/8 b - - 0 34,1.0,b
2b2rk1/1p5p/2pb4/P2p2p1/2nB2P1/1NP5/4B1K1/R7 w - - 0 37,1.0,w
5rk1/1P1b3p/2pb4/3pn1p1/3B2P1/1NP5/4B1K1/R7 w - - 1 39,1.0,w
5rk1/1P5p/2pb4/3p2p1/3B2n1/2P5/3N2K1/R7 w - - 0 41,1.0,w
8/1P3k1p/R1pb4/3p1rp1/3B2n1/2P2N2/6K1/8 w - - 4 43,1.0,w
8/1P3k1p/2R2n2/3p1rp1/3B1b2/2P2N1K/8/8 w - - 3 45,1.0,w
8/1P1k3p/4Rn2/3p1rN1/3B1b2/2P4K/8/8 w - - 3 47,1.0,w
1Q6/3k3p/5r2/3p2b1/3B4/2P4K/8/8 b - - 0 49,1.0,b
1Q6/3k1r1p/8/3p2K1/3B4/2P5/8/8 b - - 0 51,1.0,b
1Q6/5r1p/3k4/3p2K1/3B4/2P5/8/8 b - - 4 53,1.0,b
8/2Q4p/1Bk5/3p2K1/8/2P5/8/8 b - - 0 55,1.0,b
8/2Q5/7K/1k1p4/3B4/2P5/8/8 b - - 0 57,1.0,b
8/8/7K/3p4/3B4/k1P5/8/1Q6 b - - 4 59,1.0,b
1r1qr1k1/1ppn1pb1/3p1npp/pP1Bp3/P7/R2PP1P1/1BPN1P1P/Q1R3K1 b - - 0 16,0.0,b
1r1qr1k1/1pp2pb1/1n1p2pp/pP1np3/P7/R1BPP1P1/Q1PN1P1P/2R3K1 b - - 3 18,0.0,b
1r2r1k1/1ppq1pb1/1n1p2pp/pP2p3/P7/1QRPP1P1/2PN1P1P/2R3K1 b - - 2 20,0.0,b
1r2r1k1/1ppq1p2/1n3bpp/pPRpp3/P7/1Q1PP1P1/2PN1P1P/4R1K1 b - - 3 22,0.0,b
1r2r1k1/1ppqbp2/6pp/pP1np3/P7/1Q1PPNP1/2P2P1P/4R1K1 b - - 1 24,0.0,b
3rr1k1/1Qp1bp2/6pp/pP2pq2/P7/3PPNP1/2P2P1P/4R1K1 b - - 0 26,0.0,b
3rr1k1/1Qp1bp2/6pp/pP6/q7/3PPNP1/2P2P1P/4R1K1 b - - 1 28,0.0,b
3rr1k1/5p2/2Q2bpp/pP6/6q1/3PPNP1/2P2P1P/4R1K1 b - - 2 30,0.0,b
3r2k1/4Qp2/5bpp/pP6/6q1/3PPNP1/2P2P1P/4R1K1 b - - 0 32,0.0,b
2qr2k1/4bp2/2N3pp/pP6/8/3PP1P1/2P2P1P/4R1K1 b - - 3 34,0.0,b
4r1k1/4bp2/6pp/NP6/3P4/4P1P1/2q2P1P/4R1K1 b - - 0 36,0.0,b
4r1k1/4bp2/2N3pp/1P6/3P4/4P1P1/4qP1P/6K1 b - - 1 38,0.0,b
6k1/4rp2/6pp/1q6/3P4/4P1P1/5PKP/8 b - - 1 40,0.0,b
6k1/4rp2/6pp/8/3P4/4PqPP/5P2/6K1 b - - 0 42,0.0,b
6k1/4rp2/7p/3q2p1/8/4P1PP/5P2/5K2 b - - 1 44,0.0,b
6k1/4rp2/2q4p/6p1/8/4P1PP/5P2/5K2 b - - 5 46,0.0,b
7k/4rp2/7p/6p1/8/3KP1PP/5P2/7q b - - 9 48,0.0,b
7k/4rp2/7p/6p1/3K2P1/4P2P/5q2/8 b - - 0 50,0.0,b
7k/4rp2/7p/6p1/3K2P1/7q/8/8 b - - 1 52,0.0,b
7k/5p2/7p/6p1/6q1/4r3/3K4/8 w - - 3 55,0.0,w
8/5pk1/8/6pp/6q1/8/3K4/8 w - - 0 57,0.0,w
8/5pk1/8/6p1/6q1/7p/8/1K6 w - - 0 59,0.0,w
8/5pk1/8/6p1/8/2K5/6qp/8 w - - 0 61,0.0,w
8/6k1/8/5pp1/8/2K5/6q1/7q w - f6 0 63,0.0,w
8/6k1/8/5pp1/2K5/8/4q1q1/8 w - - 4 65,0.0,w
8/6k1/8/5pp1/8/K7/3q2q1/8 w - - 8 67,0.0,w
8/6k1/8/5pp1/1K6/8/6q1/q7 w - - 12 69,0.0,w
8/6k1/8/5pp1/2K5/4q3/6q1/8 w - - 16 71,0.0,w
8/6k1/8/2Kq1pp1/8/1q6/8/8 w - - 20 73,0.0,w
r1bq1rk1/pp2pp1p/2n2npb/2pp4/Q4P2/2PP1NP1/PP2P1BP/R1B2RK1 w - - 6 9,0.0,w
1rb1qrk1/pp2pp1p/2n2npb/2Bp4/Q4P2/2PP1NP1/PP2P1BP/R4RK1 w - - 1 11,0.0,w
1r2qrk1/p3pp1p/1pn2npb/3p1b2/Q4P2/2PP1NP1/PP2PBBP/R2R2K1 w - - 2 13,0.0,w
3rqrk1/p3pp1p/1p3npb/3p1b2/3Q1P2/2PP2P1/PP2PBBP/R2R2K1 w - - 1 15,0.0,w
3rqrk1/p4p1p/1p2bppb/3p4/5P2/2PP1BP1/PP2PB1P/R2R2K1 w - - 0 17,0.0,w
3r1rk1/p2q1pbp/1p2bpp1/3p4/3B1P2/2PP1BP1/PP2PK1P/R2R4 w - - 4 19,0.0,w
3rr1k1/p2q1pbp/1p3pp1/3p4/3B1Pb1/2PP1BP1/PP1RPK1P/7R w - - 8 21,0.0,w
3rr1k1/p4pbp/1p3pp1/3p4/3B1P2/2PP2Pq/PP1RPK1P/R7 w - - 2 23,0.0,w
6k1/p2r1pbp/1p3pp1/3p4/5P2/2PPr1Pq/PP1RPK1P/7R w - - 0 25,0.0,w
8/p2rkpbp/1p3pp1/3p4/5P2/2PP1KPq/PP1RP2P/7R w - - 3 27,0.0,w
8/p1r2pbp/1p1k1pp1/3p4/5P2/2PPP1Pq/PP1R1K1P/7R w - - 1 29,0.0,w
8/p1r2pbp/1pk2pp1/8/2P2P2/4P1Pq/PP1R1K1P/7R w - - 1 31,0.0,w
8/p1r2pbp/1pk2pp1/8/2P2P2/4P1P1/PP1R3P/4K2q b - - 0 33,0.0,b
5rk1/1p1b3p/p1pb2p1/P2p4/5nP1/1NP1B3/1P6/R2B2K1 w - - 0 33,0.5,w
5rk1/1p1b3p/p1p3p1/P1bp4/3N2P1/2PnB3/1P6/1R1B2K1 w - - 4 35,0.5,w
6k1/1p1b3p/p1p3pB/P1bp4/3N2P1/1PPn4/8/1R1Br1K1 w - - 3 37,0.5,w
6k1/1p5p/p1p3pB/P2p4/3P2b1/1P1n4/6K1/1R1Br3 w - - 0 39,0.5,w
6k1/1p5p/p1p3pB/P2p4/3P2b1/1P1n2K1/2r5/1R6 w - - 0 41,0.5,w
6k1/1p5p/p1p3p1/P2p4/3P2K1/1P1nB3/4r3/1R6 w - - 3 43,0.5,w
6k1/1p5p/p1p3p1/P2p4/3P4/1P2BK2/8/4n3 w - - 0 45,0.5,w
6k1/1p5p/p1p3p1/P2p4/3P4/1P6/4KB2/n7 w - - 4 47,0.5,w
8/1p3k1p/p1p3p1/P2p4/3P4/1nB5/4K3/8 w - - 2 49,0.5,w
8/1p3k1p/p5p1/P1P5/3p4/1nBK4/8/8 w - - 0 51,0.5,w
3k4/1p5p/p1P3p1/P7/1B1p4/1n1K4/8/8 w - - 1 53,0.5,w
8/1Pk4p/p5p1/n7/1BKp4/8/8/8 w - - 0 55,0.5,w
8/7p/p1k3p1/B7/3K4/8/8/8 w - - 1 57,0.5,w
8/7p/p1k3p1/8/2K5/8/3B4/8 w - - 5 59,0.5,w
8/3k3p/p5p1/8/3K1B2/8/8/8 w - - 9 61,0.5,w
8/3k3p/pK4p1/8/5B2/8/8/8 w - - 13 63,0.5,w
8/7p/K3k1p1/8/8/6B1/8/8 w - - 1 65,0.5,w
8/7p/6p1/1K6/3k4/8/7B/8 w - - 5 67,0.5,w
8/7p/2K3p1/8/5B2/2k5/8/8 w - - 9 69,0.5,w
8/7p/6p1/8/1K3B2/8/2k5/8 w - - 13 71,0.5,w
8/7p/6p1/8/1K2k3/8/8/6B1 w - - 17 73,0.5,w
8/7p/6p1/5k2/3K4/8/8/6B1 w - - 21 75,0.5,w
8/7p/8/3K2p1/3B1k2/8/8/8 w - - 0 77,0.5,w
8/7p/3B4/3K4/6p1/5k2/8/8 w - - 0 79,0.5,w
8/7p/3B1K2/8/3k2p1/8/8/8 w - - 4 81,0.5,w
1B6/7p/8/3k2K1/6p1/8/8/8 w - - 8 83,0.5,w
1B6/7p/8/3k2K1/8/8/8/8 w - - 3 85,0.5,w
1B6/5k1K/8/8/8/8/8/8 w - - 1 87,0.5,w
1B6/3k4/6K1/8/8/8/8/8 w - - 5 89,0.5,w
1B6/1k6/8/4K3/8/8/8/8 w - - 9 91,0.5,w
8/3kB3/8/4K3/8/8/8/8 w - - 13 93,0.5,w
8/8/2k1K3/8/8/B7/8/8 w - - 17 95,0.5,w
8/4B3/1k6/3K4/8/8/8/8 w - - 21 97,0.5,w
8/3k4/8/2K5/8/B7/8/8 w - - 25 99,0.5,w
8/1k6/8/2K5/8/B7/8/8 w - - 29 101,0.5,w
8/2k5/8/2B5/3K4/8/8/8 w - - 33 103,0.5,w
8/2k5/8/3K4/8/B7/8/8 w - - 37 105,0.5,w
rnbqk2r/ppb2ppp/2p2n2/2Ppp3/8/2N1P3/PPQPBPPP/R1B2RK1 b kq - 2 7,0.0,b
r2qk2r/ppbn1ppp/2p1bn2/2Ppp3/8/2N1PB2/PPQP1PPP/R1B1R1K1 b kq - 6 9,0.0,b
r2q3r/ppbnkppp/2p1bn2/2Pp4/4p2P/2N1P3/PPQPBPP1/R1B1R1K1 b - h3 0 11,0.0,b
r5qr/ppb1kppp/2p1bn2/2np4/4p2P/2N1P3/PPQPBPP1/R1B1R1K1 b - - 1 13,0.0,b
r5qr/pp2kppp/2p1bn2/3Nb3/4p2P/3nP3/PPQPBPP1/R1B1R2K b - - 0 15,0.0,b
r5qr/pp2kppp/2p2n2/3bb3/7P/3QP3/PP1P1PP1/R1B1R2K b - - 0 17,0.0,b
r5qr/pp3ppp/2p1kn2/4b3/4b2P/1Q2P3/PP1P1PP1/R1B1R2K b - - 4 19,0.0,b
r5qr/pp1k1ppp/2p2n2/3bb3/7P/4P3/PP1P1PP1/R1BQR1K1 b - - 8 21,0.0,b
r3q2r/pp1k1ppp/2p2n2/3b4/4P2P/8/PB1P1PP1/R2QR1K1 b - - 0 23,0.0,b
r3q2r/pp1k1p1p/2p1bp2/8/4P2P/5Q2/P2P1PP1/R3R1K1 b - - 1 25,0.0,b
r2qk2r/pp3p1p/2p1bp2/8/4P2P/2Q5/P2P1PP1/R3R1K1 b - - 5 27,0.0,b
r3k1r1/pp2qp1p/2p1bp2/8/4P2P/2Q5/PR1P1PP1/R5K1 b - - 9 29,0.0,b
r3k1r1/pp2qp1p/2p1bp2/8/4P2P/2Q2P2/1R1P1KP1/R7 b - - 2 31,0.0,b
r3k1r1/pp3p1p/2p1bQ2/8/4P2P/4KPq1/1R1P2P1/R7 b - - 2 33,0.0,b
r3k1r1/pp3p1p/2p1bQ2/8/4P2P/4KPq1/1R1P2P1/R7 b - - 6 35,0.0,b
r3k1r1/pq3p1p/2p1bQ2/8/4P2P/5P2/3PK1P1/R7 b - - 1 37,0.0,b
r3k1r1/pq3p1p/2p1b3/8/4P2P/2Q2P2/3P4/R4K2 b - - 3 39,0.0,b
r2k2r1/p4p1p/1qp1b3/8/4P2P/2Q2P2/3PK3/R7 b - - 7 41,0.0,b
r3k1r1/p4p1p/q1p1b3/8/4P2P/2Q2P2/3P1K2/8 b - - 1 43,0.0,b
r3k1r1/p4p1p/2p1b3/8/4P2P/2Q2P2/3PK3/6q1 b - - 5 45,0.0,b
3rk3/p4p1p/2p1b3/8/4P2P/2Q2P2/2KP2r1/6q1 b - - 9 47,0.0,b
r1bqk1nr/pp1n1ppp/2pb4/3pp3/2P5/1P1BP3/PB1P1PPP/R2QK1NR w KQkq - 2 6,0.0,w
r1bqk2r/pp1n1ppp/2pb4/3np3/8/1P1BP3/PB1PKPPP/R2Q2NR w kq - 0 8,0.0,w
r1b1k2r/ppnn1ppp/2pb1q2/4p3/4P3/1P1B2P1/PB1PKP1P/R2Q2NR w kq - 1 10,0.0,w
r1b1k2r/ppn2ppp/2pb1q2/4p3/4P3/1P1n1NPP/PB1PKP2/R2Q3R w kq - 0 12,0.0,w
r1b4r/ppn1kppp/2p2q2/4b3/4P3/1P1K2PP/PB1P1P2/R2Q3R w - - 0 14,0.0,w
r6r/ppn1kppp/2p1b3/4q3/4P3/1P1K2PP/P2P1P2/2RQ3R w - - 2 16,0.0,w
3r3r/ppn1kppp/2p1b3/8/4q3/1P4PP/P2PKP2/2R1Q2R w - - 0 18,0.0,w
7r/ppnrkppp/2p1b3/8/8/1P3qPP/P1KP1P2/2R1Q2R w - - 4 20,0.0,w
4r3/ppnrkppp/2p1b3/5q2/8/1PR3PP/P2P1P2/1K2Q2R w - - 8 22,0.0,w
4r3/ppnr1ppp/2p1b1k1/5q2/8/1P2R1PP/PK1P1P2/4Q2R w - - 12 24,0.0,w
8/ppnr1ppp/2p3k1/5q2/8/1P2r1PP/3P1P2/2K1Q2R w - - 0 26,0.0,w
8/Qp1r1ppp/2p3k1/1q1n4/8/1P4PP/3P1P2/2K4R w - - 1 28,0.0,w
8/1p1r1ppp/2p3k1/3n4/3Q4/1P4PP/3P1P2/2K1q3 w - - 0 30,0.0,w
8/1p1r1ppp/2p2nk1/8/1P1Q4/6PP/1K1PqP2/8 w - - 1 32,0.0,w
8/1p3ppp/2p1qnk1/8/1P3Q2/1K4PP/3r1P2/8 w - - 2 34,0.0,w
8/1p3ppp/2p2nk1/3q4/1P6/2K3PP/5r2/2Q5 w - - 2 36,0.0,w
8/1p3ppp/2p2nk1/8/1P6/5qPP/2K5/8 w - - 1 38,0.0,w
8/1p3ppp/2p2n2/7k/1P6/6q1/2K5/8 w - - 0 40,0.0,w
8/1p3ppp/2p5/7k/1n6/6q1/4K3/8 w - - 0 42,0.0,w
8/1p3ppp/2p5/7k/1n6/8/2q5/2K5 w - - 4 44,0.0,w
4r1k1/1pb2p2/p1p1rnp1/P1Pp4/1P3P1P/3RPB2/5KR1/8 w - - 0 38,1.0,w
6k1/1pb2p2/p1p2np1/P1Pp1P2/1P2r2P/3RP3/5KR1/8 w - - 0 40,1.0,w
8/1pb2k2/p1p2n2/P1Pp4/1r5P/3RP3/5KR1/8 w - - 0 42,1.0,w
8/1p3k2/p1p2n2/2Pp4/1b5P/4P3/5KR1/8 w - - 0 44,1.0,w
8/1p1n1k2/p1p5/2bp4/7P/4PKR1/8/8 w - - 0 46,1.0,w
8/1p1n1k2/p1p5/6R1/3b3P/5K2/8/8 w - - 0 48,1.0,w
8/1p3k2/p1p5/4n3/3K2RP/8/8/8 b - - 0 50,1.0,b
8/1p6/p3k3/2K1n3/4R2P/8/8/8 b - - 0 52,1.0,b
8/1p6/pK6/4nk2/7P/8/5R2/8 w - - 4 56,1.0,w
8/1K6/p7/5R2/1n5P/8/8/8 w - - 1 58,1.0,w
8/8/1K6/R7/7P/8/n7/8 w - - 1 60,1.0,w
rnbqk2r/pp1p1ppp/2p2n2/4p3/1bB1P3/3P4/PPP1QPPP/RNB1K2R w KQkq - 2 5,1.0,w
rnbqk2r/pp3ppp/2pp1n2/2b1p3/2B1P3/2BP4/PPP1QPPP/RN2K2R w KQkq - 0 7,1.0,w
r2qk2r/pp1n1ppp/2pp1n2/2b1p3/2B1P1b1/2BP4/PPPN1PPP/R3KQ1R w KQkq - 4 9,1.0,w
r2q1k1r/pp1n1ppp/2pp1n2/2b1p2b/2B1P3/1NBP1P2/PPP3PP/R3KQ1R w KQ - 1 11,1.0,w
r2q1k1r/p4ppp/2pp1n2/1pn1p2b/2B1P3/2BP1P2/PPP3PP/2KR1Q1R w - b6 0 13,1.0,w
r2q1k1r/p4ppp/2pp1n2/4p2b/1p2P3/1PBP1P2/PP4PP/2KR1Q1R w - - 0 15,1.0,w
1r1q3r/p3kppp/2pp1n2/4p2b/4P3/1PBP1P2/PP4PP/2KR1Q1R w - - 3 17,1.0,w
2q4r/Qr2kppp/2pp1n2/4p2b/4P3/1PBP1P2/PP4PP/2KR3R w - - 1 19,1.0,w
2q1r3/1r2kppp/2pp1nb1/4p3/4P3/1PBP1P2/PP1K2PP/3R2QR w - - 5 21,1.0,w
4r3/1r2kppp/2ppqnb1/8/3BP3/1P3P2/PP1K2PP/3R2QR w - - 1 23,1.0,w
r7/1r2kppp/2p1qnb1/4p3/3B4/1P3P2/PP1K2PP/4R1QR w - - 0 25,1.0,w
8/1r3ppp/2p1knb1/8/3B4/1P3P2/rP1K2PP/6QR w - - 0 27,1.0,w
8/1r1k1p1p/2p2pb1/8/8/1P2QP2/rP1K2PP/7R w - - 0 29,1.0,w
2k5/3r1p1p/2p2pb1/8/8/1PQ2P2/rP1K2PP/7R w - - 4 31,1.0,w
2k5/3r1p1p/2p2pb1/8/8/1PQ2P2/rP1K2PP/7R w - - 8 33,1.0,w
3k4/5p1p/2Q2pb1/8/8/1P1r1P2/rP2K1PP/7R w - - 1 35,1.0,w
4k3/3r1p1p/2Q3b1/8/8/1P3P2/rP2K1PP/7R w - - 3 37,1.0,w
8/3rkp1p/8/8/8/1P1b1P2/rP2K1PP/2Q4R w - - 7 39,1.0,w
r4k2/3r1p1p/8/8/8/1P1b1P2/1P3KPP/2Q1R3 w - - 11 41,1.0,w
4rk2/3r3p/5p2/8/8/1P1b1PK1/1P4PP/2QR4 w - - 0 43,1.0,w
4r1k1/7p/5p2/2Q5/8/1P1r1PK1/1P4PP/8 w - - 0 45,1.0,w
4r3/6kp/5p2/3Q4/8/1P3PK1/1P4PP/8 w - - 1 47,1.0,w
5k2/4r2Q/5p2/8/8/1P3PK1/1P4PP/8 w - - 1 49,1.0,w
8/4rk2/5p2/8/6Q1/1P3PK1/1P4PP/8 w - - 5 51,1.0,w
8/4rk2/5p2/8/8/1P3PKQ/1P4PP/8 w - - 9 53,1.0,w
8/4rk2/5p2/8/8/1P3PKQ/1P4PP/8 w - - 13 55,1.0,w
6Q1/4r3/3k1p2/8/8/1P3PK1/1P4PP/8 w - - 17 57,1.0,w
8/3r4/4kp2/8/3Q4/1P3PK1/1P4PP/8 w - - 21 59,1.0,w
8/2kr4/5p2/8/6Q1/1P3P2/1P3KPP/8 w - - 25 61,1.0,w
8/3r4/2k2p2/8/1Q6/1P3P2/1P3KPP/8 w - - 29 63,1.0,w
8/3r4/4kp2/8/1Q6/1P3P2/1P3KPP/8 w - - 33 65,1.0,w
8/4k3/5p2/3r4/8/1P3P2/1P3KPP/2Q5 w - - 37 67,1.0,w
8/3r1k2/5p2/2Q5/8/1P3P2/1P3KPP/8 w - - 41 69,1.0,w
8/8/5pk1/3Q4/8/1P3P2/1P3KPP/8 w - - 1 71,1.0,w
8/8/4Qp2/8/5k2/1P3P2/1P3KPP/8 w - - 5 73,1.0,w
r1bqkb1r/pp1npppp/2p5/1B1n4/8/5Q2/PPPP1PPP/RNB1R1K1 b kq - 1 6,1.0,b
r1bqkb1r/pp2pppp/5n2/1Q6/8/8/PPPP1PPP/RNB1R1K1 b kq - 0 8,1.0,b
r1b1kb1r/pp2pppp/5n2/1N6/8/8/PPPP1PPP/R1B1R1K1 b kq - 0 10,1.0,b
r1b2b1r/1p1kpppp/p4n2/8/4N3/8/PPPP1PPP/R1B1R1K1 b - - 1 12,1.0,b
r1b2b1r/1p2pppp/p2k4/8/3R4/8/PPPP1PPP/R1B3K1 b - - 2 14,1.0,b
r1b2b1r/1p2pppp/p1k5/8/8/3R4/PPPP1PPP/R1B3K1 b - - 6 16,1.0,b
r4b1r/1p2pppp/p7/3k1b2/8/2R5/PPPP1PPP/R1B2K2 b - - 10 18,1.0,b
4rb1r/1p2pppp/p7/3k1b2/8/BPR5/P1PP1PPP/R4K2 b - - 2 20,1.0,b
1r3b1r/1p2pppp/p7/2R2b2/4k3/1P6/PBPP1PPP/R4K2 b - - 6 22,1.0,b
3r1b1r/1p2pppp/p7/3k1b2/3R4/1P6/PBPP1PPP/R4K2 b - - 10 24,1.0,b
5R1r/1pk1pppp/p7/5b2/8/1P6/PBPP1PPP/R4K2 b - - 0 26,1.0,b
5r2/1p2ppBp/p1k5/5b2/8/1P6/P1PP1PPP/R4K2 b - - 0 28,1.0,b
6r1/1p2pp1p/p1k5/8/4b3/1P3P2/PBPP2PP/R4K2 b - - 0 30,1.0,b
6r1/1p2pp1p/p7/1k6/8/1P3P2/PBRP2PP/5K2 b - - 0 32,1.0,b
8/1p2pp1p/p3r3/1kR5/8/BP3P2/P2P2PP/5K2 b - - 4 34,1.0,b
8/1p2pp1p/p3r3/1k6/2R5/BP3P2/P2P1KPP/8 b - - 8 36,1.0,b
8/1p2pp1p/pk6/4r3/1B6/1P3P2/P1RP1KPP/8 b - - 12 38,1.0,b
8/1p2pp1p/1k2r3/p7/5P2/BP6/P1RP1KPP/8 b - - 2 40,1.0,b
8/1p2p2p/1k2rp2/8/P4P2/B7/PR1P1KPP/8 b - - 1 42,1.0,b
2k5/1p2p2p/4rp2/8/P4P2/B4K2/P2P2PP/1R6 b - - 5 44,1.0,b
8/1p1kB2p/4r3/5p2/P4P2/5K2/P2P2PP/2R5 b - - 0 46,1.0,b
8/1R5p/4rk2/5p2/P4P2/5K2/P2P2PP/8 b - - 0 48,1.0,b
8/8/5k1R/5p2/r4P2/5K2/P2P2PP/8 b - - 1 50,1.0,b
8/7R/5k2/5p2/r4P2/8/P2P1KPP/8 b - - 5 52,1.0,b
8/6k1/2R5/5p2/r4P2/8/P2P1KPP/8 w - - 9 55,1.0,w
8/5k2/2R5/5p2/r4P2/8/P2P1KPP/8 w - - 13 57,1.0,w
8/5k2/8/5p2/3r4/6K1/P1RP2PP/8 w - - 2 59,1.0,w
8/R7/6k1/5p2/8/6K1/P2r2PP/8 b - - 0 61,1.0,b
8/8/8/R4pk1/8/6K1/6PP/8 b - - 2 63,1.0,b
8/5k2/R7/5p2/5K2/8/6PP/8 b - - 6 65,1.0,b
8/3k4/R7/4K3/8/8/6PP/8 b - - 2 67,1.0,b
8/1k6/3R4/3K4/8/8/6PP/8 b - - 6 69,1.0,b
2k5/8/3R4/2K5/8/7P/6P1/8 b - - 0 71,1.0,b
8/4R3/k7/2K5/8/7P/6P1/8 b - - 4 73,1.0,b
4rrk1/1pb2pp1/p1p1qn2/P1Pp1b1n/1P1B1P1p/3BP3/RQ4PP/4NRK1 w - - 4 23,0.0,w
4rr2/1pb2ppk/p1p1qn2/P1Pp3n/1P1B1P1p/3NP3/R4QPP/5RK1 w - - 1 25,0.0,w
4rrk1/1pb2pp1/p1p2n2/P1Pp1q1n/1P1B1P1Q/3NPR2/R5PP/6K1 w - - 3 27,0.0,w
4rrk1/1pb2pp1/p1p2n2/P1Pp3n/1P1B1P1Q/4PR2/3R1NPP/1q4K1 w - - 7 29,0.0,w
4rrk1/1pb2p1q/p1p2p2/P1Pp3n/1P3P1Q/4PR2/3R2PP/3N2K1 w - - 0 31,0.0,w
4rr2/1pb2p1k/p1p2p2/P1Pp4/1P3n2/4PR2/1N1R2PP/6K1 w - - 0 33,0.0,w
4r1r1/1pb2pk1/p1p2p2/P1Pp4/1P3P2/5R2/1N1R1KPP/8 w - - 3 35,0.0,w
6r1/1pb2p2/p1p2p1k/P1Pp4/1P3P2/8/1N1R1KPP/8 w - - 0 37,0.0,w
8/1pb2p2/p1p2p1k/P1Pp4/1P3P2/3N4/4rKPP/8 w - - 0 39,0.0,w
8/1pb2p2/p1p2pk1/P1P5/1P1p1P2/3N4/3K2PP/8 w - - 0 41,0.0,w
3b4/1p3pk1/p1p2p2/P1P5/1P1p1P2/3N2PP/3K4/8 w - - 1 43,0.0,w
8/1p2bp2/p1p2pk1/P1P5/1P1p1P2/6PP/8/2K1N3 w - - 5 45,0.0,w
8/1p2bp2/p1p2p2/P1P2k2/1P1p4/3K2PP/8/4N3 b - - 1 47,0.0,b
8/1pb2p2/p1p2p2/P1P2k2/1P1N4/3K2PP/8/8 b - - 0 49,0.0,b
8/1pb2p2/p1p2pk1/P1P5/1P6/4K1PP/4N3/8 b - - 4 51,0.0,b
8/1pb2p2/p1p2p2/P1P4k/1P1N4/4K1PP/8/8 w - - 8 54,0.0,w
8/5p2/p1p2p2/P1P1b2k/1P6/6PP/5K2/8 w - - 0 56,0.0,w
8/5p2/p4p2/PpP1b3/6Pk/7P/5K2/8 w - - 0 58,0.0,w
8/5p2/p7/PpP1b1p1/8/7k/4K3/8 w - - 0 60,0.0,w
8/5p2/p7/PpP1b3/4K3/6pk/8/8 w - - 0 62,0.0,w
8/5p2/p4K2/PpP5/8/7k/8/6q1 w - - 0 64,0.0,w
8/8/p3K3/P1q5/1p6/7k/8/8 w - - 0 66,0.0,w
8/6K1/p7/P6q/8/1p5k/8/8 w - - 2 68,0.0,w
8/8/p3K3/P7/8/5q1k/1p6/8 b - - 2 70,0.0,b
8/8/p2K4/P7/8/5q1k/1q6/8 b - - 3 72,0.0,b
8/1q6/p7/P4K2/8/7k/8/3q4 w - - 7 76,0.0,w
8/1q6/p7/P7/5K2/8/7k/3q4 b - - 11 78,0.0,b
8/8/p7/P5K1/8/1q6/7k/1q6 b - - 15 81,0.0,b
8/8/p7/P5K1/8/1q6/7k/1q6 b - - 19 83,0.0,b
8/8/p7/P5K1/8/3q4/1q5k/8 b - - 23 85,0.0,b
5r1k/2p3bn/1p1p2pp/pPnPp3/P3Pr1q/3PBP2/6BP/3QRR1K b - - 1 36,1.0,b
5r1k/2p2rbn/1p1p2pp/pPBPp2q/P3P3/3P1P2/6BP/3QRRK1 b - - 0 38,1.0,b
5r1k/2p2rb1/3p1npp/pPpPp2q/P3P3/3P1P2/3Q2BP/1R3RK1 b - - 3 40,1.0,b
r6k/2p2rb1/1P1p1npp/p2Pp2q/P1P1P3/5P2/3Q2BP/1R3RK1 b - - 0 42,1.0,b
1r5k/1Pp2rb1/3p1npp/p2Pp3/P1P1P2q/5P2/6BP/1R2QRK1 b - - 2 44,1.0,b
7k/1Rp2rb1/3p1npp/p2Pp3/P1P1P3/5P2/6BP/4R1K1 b - - 0 46,1.0,b
5k2/2p2rb1/3p1npp/R2Pp3/P1P1P3/5P2/6BP/4R1K1 b - - 0 48,1.0,b
R7/2pr1kb1/3p1npp/3Pp3/P1P1P3/5P2/5KBP/4R3 b - - 4 50,1.0,b
R7/2prk1b1/3p2pp/3Pp3/P1P1PPn1/6K1/6BP/4R3 b - - 2 52,1.0,b
R7/2prk1b1/3p1npp/3P4/P1P1PK2/8/6BP/4R3 b - - 0 54,1.0,b
R7/2pr1kb1/3p2pp/3P3n/P1P1P1K1/8/6BP/5R2 b - - 4 56,1.0,b
1R6/2p1rkb1/3p1npp/3P4/P1P1P3/6K1/6BP/5R2 b - - 8 58,1.0,b
8/1Rp1rkb1/3p1npp/P2P4/2P1P3/6K1/6BP/5R2 b - - 0 60,1.0,b
6k1/1Rp1r1b1/P2p2pp/3P3n/2P1P3/5K2/6BP/5R2 b - - 2 62,1.0,b
1R6/P1p1r1k1/3p2pp/3Pb2n/2P1P3/5K2/6BP/5R2 b - - 0 64,1.0,b
1R6/P1p2rk1/3p2pp/3Pb3/2P1P3/6P1/4K1B1/5R2 b - - 0 66,1.0,b
QR6/2p3k1/3p2pp/3P4/2P1P3/6b1/4K3/5B2 b - - 0 68,1.0,b
1R6/2p5/2Qp2pp/3Pk3/2P1P3/6b1/4K1B1/8 b - - 4 70,1.0,b
6R1/2Q5/3p3p/3P2p1/2PkP3/6b1/4K1B1/8 b - - 0 72,1.0,b
2R5/8/1Q1p3p/3P2p1/2k1Pb2/8/4K1B1/8 b - - 1 74,1.0,b
r1b2rk1/pp2ppbp/1qn2np1/2p5/3p1P2/Q1PP1NP1/PP1BP1BP/R4RK1 b - - 3 10,0.5,b
r4rk1/pp1bppbp/1qn2np1/2p5/3P1P2/Q2P1NPP/PP1BP1B1/R4RK1 b - - 0 12,0.5,b
r3r1k1/pp1bppbp/2n2np1/1qP5/5P2/Q2P1NPP/PP1BP1B1/R2R2K1 b - - 2 14,0.5,b
r3r1k1/pp1bppB1/2n3pp/1qP4n/5P2/Q2P1NPP/PP2P1B1/R2R2K1 b - - 0 16,0.5,b
r2r2k1/pp1bppn1/2n3pp/1qP5/5PP1/Q2P1N1P/PP2PKB1/R2R4 b - - 0 18,0.5,b
r5k1/pp1rppn1/2n1b1pp/1qP5/5PP1/Q2P1N1P/PP1RPKB1/3R4 b - - 4 20,0.5,b
3r2k1/pp1rppn1/2n1b1pp/1qP5/5PP1/Q2P1N1P/PP1RPKB1/3R4 b - - 8 22,0.5,b
3rn1k1/ppr1pp2/2n1b1pp/1qP5/5PP1/Q2P1N1P/PPRRPKB1/8 b - - 12 24,0.5,b
3r2k1/ppr1pp2/2n1bn1p/1qP2P2/8/Q2P1N1P/PPRRPKB1/8 b - - 0 26,0.5,b
3r2k1/ppr1pp2/5n1p/1qPB1P2/3n4/Q2P3P/PPRRPK2/8 b - - 0 28,0.5,b
6k1/ppr1pp2/5n1p/1qP2r2/3n4/Q2PK2P/PP1RP3/2R5 b - - 1 30,0.5,b
6k1/ppr1pp2/4nn1p/1qP3R1/8/Q2PK2P/PP1RP3/8 b - - 0 32,0.5,b
6k1/Qpr1pp2/4n3/1qPn2p1/8/3P3P/PP1RPK2/8 b - - 2 34,0.5,b
2r3k1/Qp2pp2/2q1n3/2Pn2p1/8/3P3P/PP1RPK2/8 b - - 6 36,0.5,b
3r2k1/1Q2pp2/1P2n3/3n2p1/8/3P3P/PP1RPK2/8 w - - 1 39,0.5,w
3r4/4ppk1/1PQ1n3/3n4/6P1/3P4/PP1RPK2/8 w - - 1 41,0.5,w
8/4ppk1/1n2n3/8/3r2P1/2QP4/PP1RPK2/8 w - - 2 43,0.5,w
8/4ppk1/4n3/8/n4rP1/1Q1P4/PP2PK2/3R4 w - - 6 45,0.5,w
8/4ppk1/8/2n5/n5r1/1Q1P3K/PP2P3/3R4 w - - 2 47,0.5,w
8/4ppk1/1n6/2n3r1/8/3P3K/PPQ1P3/5R2 w - - 6 49,0.5,w
8/4ppk1/1n6/3r4/8/3n2K1/PPQ1P3/5R2 w - - 0 51,0.5,w
8/5p2/1nQ1p1k1/3r4/8/3n2K1/PP2P3/5R2 w - - 0 53,0.5,w
8/5p2/4p1k1/6r1/8/6K1/PQ2P3/5R2 w - - 1 55,0.5,w
8/5p2/4p3/5k2/8/7K/PQ2P3/8 w - - 0 57,0.5,w
8/5Q2/4p3/4k3/8/7K/P3P3/8 w - - 1 59,0.5,w
8/5Q2/3k4/4p3/5K2/8/P3P3/8 w - - 0 61,0.5,w
8/5Q2/8/1k2K3/8/8/P3P3/8 w - - 1 63,0.5,w
8/8/1Q6/4K3/8/2k5/P3P3/8 w - - 5 65,0.5,w
8/8/8/4K3/8/3Q4/P3P3/2k5 w - - 9 67,0.5,w
8/8/8/4K3/8/3Q4/P3P3/2k5 w - - 13 69,0.5,w
8/8/8/8/3K4/k7/P2QP3/8 w - - 17 71,0.5,w
8/8/8/8/3K4/k7/P2QP3/8 w - - 21 73,0.5,w
5rk1/Bp1b3p/2pb2p1/P2p4/6P1/1NP5/1n6/R2B2K1 w - - 0 34,0.0,w
6k1/B2b3p/p1pb2p1/3p4/5rP1/1NP5/1n2B3/R5K1 w - - 0 36,0.0,w
8/5k1p/R1pb2p1/3p4/3B1rb1/1NP5/1n2B3/6K1 w - - 0 38,0.0,w
8/5k1p/3R2p1/3p4/3B2r1/1NP5/1n2b3/6K1 w - - 1 40,0.0,w
6k1/3R3p/6p1/3p4/3B2r1/1NP5/1n3K2/3b4 w - - 5 42,0.0,w
5k2/7R/6p1/3p4/2nB2r1/1NP5/5K2/3b4 w - - 1 44,0.0,w
5k2/7R/6p1/3p3b/2nB1r2/2P5/8/N3K3 w - - 5 46,0.0,w
5k2/8/6p1/3p3R/2nB4/2P5/2N5/4r3 b - - 0 48,0.0,b
5k2/8/8/3p4/2nB3p/2P5/2N5/8 b - - 1 50,0.0,b
5k2/8/8/3p4/2nB4/2P5/2N4p/8 b - - 1 52,0.0,b
5k2/8/1B6/3p4/2P5/8/2N5/7q b - - 0 54,0.0,b
r3r1k1/pp1bbpnp/2p1P1p1/3p4/6P1/2P5/PPBN3P/R1B2R1K b - - 0 20,0.0,b
r3r1k1/pp1b2np/2p1p1p1/3p4/6Pb/2P2N2/PPB3KP/R1B2R2 b - - 3 22,0.0,b
r1b1r1k1/pp2b1np/2p1p1pB/3pN3/6P1/2P5/PPB3KP/R4R2 b - - 7 24,0.0,b
r1b2rk1/pp4np/2pbp1pB/3pN3/6P1/2P5/PPB3KP/3RR3 b - - 11 26,0.0,b
r1b2r1k/pp4n1/2pbp1pB/3p2P1/8/2P5/PPB3KP/3RR3 b - - 0 28,0.0,b
r1b2r2/pp4nk/2p1p1pB/3p2P1/1bP5/8/PPB1R1KP/3R4 b - - 2 30,0.0,b
r1b2B2/pp5k/2p1p1p1/5nP1/1bPR4/8/PPB1R1KP/8 b - - 0 32,0.0,b
r1b5/pp5k/2p1p1p1/6P1/1BP5/8/PP2n1KP/1B6 b - - 1 34,0.0,b
r1b5/pp5k/2p1p1p1/6P1/1BP5/5K2/BP5P/8 b - - 0 36,0.0,b
r7/pp1b2k1/2p1p1p1/6P1/1BP1B3/5K2/1P5P/8 b - - 4 38,0.0,b
r7/pp4k1/2b3p1/4p1P1/1BP5/8/1P3K1P/8 b - - 1 40,0.0,b
8/pp2B1k1/2b3p1/4p1Pr/2P5/6K1/1P5P/8 b - - 5 42,0.0,b
8/pp3k2/2b3p1/2B1p1r1/2P5/7K/1P5P/8 b - - 1 44,0.0,b
8/1p3k2/1Bb3p1/r7/2P1p3/7K/1P5P/8 b - - 2 46,0.0,b
3B4/1p3k2/2b3p1/2P5/r3p3/7K/1P5P/8 b - - 0 48,0.0,b
3B4/1p3k2/2b3p1/2P5/4p3/1r5K/7P/8 w - - 0 51,0.0,w
8/1p3k2/2b3p1/B1P5/8/3rp3/6KP/8 w - - 0 53,0.0,w
8/1p3k2/6p1/2P5/1B6/4pb2/7P/3r1K2 w - - 4 55,0.0,w
8/1p6/5kp1/2P5/8/4pb2/7P/4r1K1 b - - 0 57,0.0,b
2b1r1k1/1p5p/2pb2p1/P2p4/2nB2P1/1NP5/6K1/R2B4 b - - 7 37,1.0,b
2b1r1k1/1p5p/2pb2p1/P2p4/3B2P1/1NP4K/8/3R4 b - - 0 39,1.0,b
2b1r3/1p2k2p/2pb2p1/P2p4/3B2P1/1NP4K/8/7R b - - 4 41,1.0,b
1bb1rk2/1p5R/2p3p1/P2p4/3B2P1/1NP5/6K1/8 b - - 0 43,1.0,b
1bb1rk2/1p4BR/2p3p1/P2p4/6P1/1NP5/8/5K2 b - - 4 45,1.0,b
1bb1r1kR/1p6/2p3p1/P2pB3/6P1/1NP5/8/5K2 b - - 8 47,1.0,b
1Bb1r3/1p5R/2p1k1p1/P2p4/6P1/1NP5/8/5K2 b - - 0 49,1.0,b
4r3/1p1b3R/2p1k3/P2p2p1/3N1BP1/2P5/8/5K2 b - - 1 51,1.0,b
8/1p1R4/2pB1k2/P2p2p1/3Nr1P1/2P5/8/5K2 w - - 2 54,1.0,w
8/8/1RpB1k2/P2p2p1/3Nr3/2P5/8/5K2 w - - 2 56,1.0,w
8/5k2/2RB4/P2p4/3Nr1p1/2P5/6K1/8 w - - 0 58,1.0,w
8/5k2/P1RB4/3p4/3N2p1/2P3K1/8/4r3 w - - 3 60,1.0,w
8/P4k2/2RB4/3p4/3N1Kp1/2P5/8/r7 w - - 3 62,1.0,w
8/P5k1/2R5/1N1p4/rB3Kp1/2P5/8/8 w - - 7 64,1.0,w
8/P6k/2R5/1N1p4/1rP3K1/8/8/8 w - - 0 66,1.0,w
8/2R5/Q5k1/1N1p4/1rP3K1/8/8/8 b - - 1 68,1.0,b
4rrk1/1pb1qppp/p1p2nb1/P1Pp1P2/1P1Bn3/3BPR2/2Q3PP/RN4K1 b - - 0 17,0.0,b
4rrk1/1p2qppp/p1p2n2/P1PpbP1b/1P1BB3/2N1PR2/2Q3PP/R5K1 b - - 0 19,0.0,b
4rrk1/1p2qppp/p1p2n2/P1PpB2b/1P6/2N1PR2/2Q3PP/R5K1 b - - 0 21,0.0,b
4rrk1/1p3ppp/p1p2nb1/P1Ppq3/1P6/2N1P2R/1Q4PP/R5K1 b - - 3 23,0.0,b
4rrk1/1p3ppp/p1p3b1/P1Pp4/1P2n3/4P2R/1N4PP/R5K1 b - - 0 25,0.0,b
4r1k1/1p2rppp/p1p3b1/P1Pp4/1P2nR2/4P3/1N4PP/R5K1 b - - 4 27,0.0,b
4r1k1/1p3ppp/p1p3b1/P1Pp4/1P3R2/2n1R3/1N4PP/6K1 b - - 0 29,0.0,b
6k1/1p3ppp/p1p3b1/P1Pp4/1P2R3/2n5/1N4PP/5K2 b - - 0 31,0.0,b
5k2/1p3ppp/p1p5/P1Pp4/1P2b3/2n5/1N4PP/5K2 b - - 3 33,0.0,b
5k2/1p3ppp/p1p5/P1Pn4/1PNpb3/8/5KPP/8 b - - 3 35,0.0,b
5k2/1p3ppp/p1p5/P1P5/2Npb3/3n2P1/7P/5K2 b - - 2 37,0.0,b
5k2/1p3ppp/p1pN4/P1n5/3p4/3b2P1/7P/4K3 b - - 3 39,0.0,b
3k4/1p3ppp/pNp5/P1n5/3p4/3b2P1/7P/4K3 b - - 7 41,0.0,b
8/1pk2ppp/pNp5/n7/3p4/3b2P1/7P/3K4 w - - 0 44,0.0,w
3k4/1p3ppp/pNp5/8/3p4/1n1b2P1/7P/3K4 w - - 4 46,0.0,w
8/1p1k1ppp/p1p5/1b6/N2p4/1n4P1/7P/4K3 w - - 8 48,0.0,w
8/1p3ppp/pNpk4/1b6/8/1n1p2P1/5K1P/8 w - - 0 50,0.0,w
2N5/1p3ppp/p1p5/1bk5/8/1n4PP/3p1K2/8 w - - 0 52,0.0,w
8/1p2Nppp/p1p5/1bk5/7P/1n4P1/5K2/5q2 b - - 2 54,0.0,b
5k2/p4p2/1p1n1p1p/1P1P4/3K1PP1/P2B4/7P/8 b - - 0 35,0.5,b
8/p2k1p2/1p1n1p1p/1P1P4/5PP1/P2B4/1K5P/8 b - - 4 37,0.5,b
8/p2k1p2/1p1n1p1p/1P1P4/5PP1/P2B4/1K5P/8 b - - 8 39,0.5,b
rnb2rk1/pp3ppp/2p2n2/3pp3/2P5/1P2P3/q1BPNPPP/2RQ1RK1 w - - 0 11,0.0,w
rnb2rk1/pp2qppp/2p2n2/3pp3/2P5/1PN1P3/2BP1PPP/R2Q1RK1 w - - 4 13,0.0,w
rnb2r2/pp3ppk/2p2n2/3Pp3/1q6/1PN1P3/3P1PPP/R2Q1RK1 w - - 0 15,0.0,w
rnb1r1k1/pp3pp1/2p2n2/3Pp3/1q6/1PN1P3/3P1PPP/RQR3K1 w - - 4 17,0.0,w
rn2r1k1/pp3pp1/2pP1n2/4pQ2/8/1qN1P3/3P1PPP/R1R3K1 w - - 0 19,0.0,w
r3r1k1/pR1n1pp1/2pP1n2/4pQ2/2q5/2N1P3/3P1PPP/R5K1 w - - 1 21,0.0,w
r3r1k1/p2n1pp1/2pP4/2q1pQ2/R7/2N1P3/3P1PPP/6K1 w - - 2 23,0.0,w
r5k1/p2n1pp1/2pr4/2q1p3/8/2N1P2Q/R2P1PPP/6K1 w - - 0 25,0.0,w
r5k1/p2Q1pp1/2pr4/2q1p3/8/2N1P3/3P1PPP/R5K1 w - - 1 27,0.0,w
r5k1/p4pp1/2p5/4p3/8/2NqP3/R2P1PPP/6K1 w - - 2 29,0.0,w
r5k1/p4pp1/2p5/4p3/8/2NqPP2/R2P1KPP/8 w - - 3 31,0.0,w
r2q4/p4ppk/2p5/4p3/4N3/4PPP1/R2P1K1P/8 w - - 1 33,0.0,w
r7/p2q1pp1/2p3k1/4p3/4N1P1/4PP2/2RP1K1P/8 w - - 1 35,0.0,w
r7/p1q2pp1/2p4k/4p2P/4N1P1/4PP2/2RP1K2/8 w - - 1 37,0.0,w
6r1/p4pp1/1qp4k/4p2P/4N1P1/4PP2/3P2K1/2R5 w - - 5 39,0.0,w
6r1/p4pp1/1qp3k1/4p1P1/4N3/4PPK1/3P4/2R5 w - - 2 41,0.0,w
6r1/p5p1/2R2pk1/4p1P1/4N3/3PqPK1/8/8 w - - 0 43,0.0,w
6r1/p5p1/2R2Pk1/4p3/4N2K/3P1P2/8/6q1 b - - 3 45,0.0,b
r2qkb1r/pp1n1ppp/2p1bn2/3pp3/4P3/1B1P1P2/PPPNQ1PP/R1B2RK1 b kq - 4 8,0.0,b
r2q3r/pp1nkppp/2p1bn2/3Pp3/1b6/1B1P1P2/PPPNQ1PP/R1B1R1K1 b - - 0 10,0.0,b
r2q3r/pp1nkppp/4bn2/2bpp3/5P2/1B1P4/PPPNQ1PP/R1B1R2K b - - 0 12,0.0,b
r4q1r/pp1nkppp/3bPn2/3pp3/8/1B1P4/PPPNQ1PP/R1B1R2K b - - 0 14,0.0,b
r4q1r/pp2k1pp/3bpn2/2npp3/8/1B1P1Q2/PPPN2PP/R1B1R1K1 b - - 3 16,0.0,b
r4q1r/pp2k1pp/3bpn2/2n5/4P3/1B3Q2/PPPN2PP/R1B3K1 b - - 0 18,0.0,b
r4q1r/pp2k1pp/4p3/2n5/4N3/1B3Q2/PPP3PK/R1B5 b - - 0 20,0.0,b
r6r/pp2k1pp/4p3/6B1/4N3/1n3P2/PPP4K/R7 b - - 1 22,0.0,b
r1r5/pp3kpp/3Np3/6B1/8/1P3P2/1PP4K/R7 b - - 2 24,0.0,b
2r5/pp4pp/4p1k1/8/5B2/1P3P2/1PP4K/R7 b - - 1 26,0.0,b
8/pp4pp/6k1/4p3/8/1P3P2/1P5B/R7 w - - 0 29,0.0,w
8/1p4kp/p7/8/8/1P3P2/1P6/R7 w - - 0 31,0.0,w
8/7p/p4k2/8/1P6/5P2/1P6/8 w - - 1 33,0.0,w
8/8/p7/5k1p/1P3P2/1P6/8/8 w - - 1 35,0.0,w
8/8/5k2/1p5p/1P3P2/8/8/8 w - - 1 37,0.0,w
4k3/8/5P2/1p5p/1P6/8/8/8 w - - 1 39,0.0,w
5R2/2k5/8/1p5p/1P6/8/8/8 w - - 1 41,0.0,w
8/8/1k6/1p6/1P5p/8/8/R7 w - - 0 43,0.0,w
8/8/1k6/1p6/1P6/8/7p/R7 w - - 0 45,0.0,w
8/1k6/8/1p6/1P6/8/8/7R w - - 1 47,0.0,w
2k5/8/8/1p6/1P6/8/8/R7 w - - 5 49,0.0,w
2k5/8/8/1p6/1P6/8/8/R7 w - - 9 51,0.0,w
2r1r1k1/ppn2p1p/5p2/8/2P5/2N5/PP1R1PPP/5BK1 b - - 3 21,0.5,b
2rr4/ppn2pkp/5p2/3N4/2P5/8/PP1RBPPP/6K1 b - - 7 23,0.5,b
2rr4/pp3p1p/4np1k/3N4/2P5/8/PP1RBPPP/6K1 b - - 11 25,0.5,b
2rr4/pp3p1p/7k/3N1p2/2P2n2/7P/PP1RBPPK/8 b - - 1 27,0.5,b
3r4/pp3p1p/7k/5p2/2r5/4N2P/PP2RPPK/8 b - - 1 29,0.5,b
2rr4/pp3p1p/8/6k1/8/6NP/PP2RPPK/8 b - - 2 31,0.5,b
2r1r3/pp3p1p/8/8/7k/6N1/PP1R1PPK/8 b - - 1 33,0.5,b
4r3/ppr2p1p/8/6k1/3N4/8/PP1R1PPK/8 b - - 5 35,0.5,b
6r1/ppr2p1p/8/8/3R1k2/5N2/PP3PPK/8 b - - 9 37,0.5,b
6r1/ppr2p1p/8/8/3Rk3/5N2/PP3PPK/8 b - - 13 39,0.5,b
6r1/ppr2p1p/3R1k2/8/8/5N2/PP3PPK/8 b - - 17 41,0.5,b
6r1/ppr2p1p/4k3/8/3N4/8/PP1R1PPK/8 b - - 21 43,0.5,b
6r1/ppr2p1p/8/3R1k2/8/5N2/PP3PPK/8 b - - 25 45,0.5,b
5rk1/1pb2pp1/p1p1r3/P1Pp1b1n/1P1BnPq1/3BPN1p/R5PP/3QR1K1 b - - 7 26,0.0,b
5rk1/1pb2p2/p1p1rnp1/P1Pp1B1n/1P1B1Pq1/4PN1p/4R1PP/3QR1K1 b - - 0 28,0.0,b
5rk1/1pb2p2/p1p1rn2/P1Pp1p2/1P1N1Pq1/4P2p/4R1PP/3QR1K1 b - - 1 30,0.0,b
5rk1/2b2p2/p1p2n2/P1Pp1p2/1P3Pq1/4R2p/6PP/3QR1K1 b - - 0 32,0.0,b
4rrk1/1pb2pp1/p1p1q3/P1Pp1b1n/1P1BnP1p/3BPR2/R5PP/2Q1N1K1 b - - 3 22,0.0,b
4rrk1/1pb2pp1/p1p2B2/P1Pp1q1n/1P3P1p/4PR2/R5PP/2Q1N1K1 b - - 0 24,0.0,b
4rr1k/1pb2pp1/p1p2n2/P1Pp1q2/1P3P1p/4PR2/2NR2PP/2Q3K1 b - - 3 26,0.0,b
4rr1k/1pb2pp1/p1p1qn2/P1Pp4/1P3P1p/4PR1P/2NR2P1/4Q1K1 b - - 2 28,0.0,b
4rr1k/1pb2ppQ/p1p2n2/P1Pp4/1P3P2/4PR1P/2NR2P1/6K1 b - - 0 30,0.0,b
4rr2/1pb2pp1/p1p2n1k/P1Pp1N2/1P3P2/4PR1P/3R2P1/6K1 b - - 3 32,0.0,b
4rr2/1pb2ppk/p1p2n2/P1Pp4/1P1R1P1N/4PR1P/6P1/6K1 b - - 7 34,0.0,b
4r1kr/1pb2pp1/p1p2n2/P1Pp1N2/1P1R1P2/4P1RP/6P1/6K1 b - - 11 36,0.0,b
4r1kr/1pb2pn1/p1p5/P1Pp4/1P1R1P2/4P1RP/5KP1/8 b - - 1 38,0.0,b
4rk1r/1pb2p2/p1p5/P1PR1n2/1P3P2/4P1RP/5KP1/8 b - - 0 40,0.0,b
4rk1r/2b2p2/p1p5/P2p1n2/1P3P2/4PR1P/5KP1/8 b - - 1 42,0.0,b
5k1r/2b2p2/p1p5/P2p4/1P1nrP2/4PR1P/3K2P1/8 b - - 5 44,0.0,b
5k1r/2b2p2/p1p5/P2p1P2/1r6/4PP1P/3K4/8 b - - 0 46,0.0,b
5k2/2b2p2/p1p5/P2p1P2/1r6/2K1Pr2/8/8 b - - 1 48,0.0,b
5k2/5p2/p1p2P2/b2p4/4r3/3KPr2/8/8 b - - 0 50,0.0,b
3r2k1/pb2rppp/1p3n2/1B2q3/1p2P2n/P5NP/4QPP1/2R1R1K1 w - - 2 28,1.0,w
7k/pb1rrppp/1p3n2/4q3/1PB1P2n/6NP/4QPP1/2R1R1K1 w - - 3 30,1.0,w
1q5k/pb1rrppp/1p3nn1/8/1PB1P3/5QNP/5PP1/2R1R1K1 w - - 7 32,1.0,w
1q5k/p3rppp/1p3nn1/8/1PB1b3/5QNP/5PP1/3R2K1 w - - 0 34,1.0,w
7k/p1qr1ppp/1p3nn1/8/1PB1b3/2Q3NP/5PP1/4R1K1 w - - 4 36,1.0,w
7k/p1q2ppp/1p4n1/8/1PB1R3/2Q4P/5PP1/3r2K1 w - - 1 38,1.0,w
7k/p4ppp/1p4n1/8/1q6/2Q4P/5PP1/3R2K1 w - - 0 40,1.0,w
3R4/p4ppk/1p4n1/7p/1Q6/7P/5PP1/6K1 w - - 2 42,1.0,w
3R4/p4pp1/1p5k/7p/5n2/4Q2P/5PP1/6K1 w - - 6 44,1.0,w
8/3R1pp1/pp4k1/7p/5Q2/7P/5PP1/6K1 w - - 0 46,1.0,w
8/3R1Qp1/pp6/7p/6kP/8/5PP1/6K1 w - - 1 48,1.0,w
r1b2rk1/pp3ppp/1np2n2/3pp3/2P5/qP2P3/P2PNPPP/1BRQ1RK1 w - - 4 12,0.0,w
r1b3k1/pp3ppp/1np2n2/3rp3/8/qP2P3/P2PNPPP/1BRQR1K1 w - - 0 14,0.0,w
r1b3k1/pp1r1ppp/1npq1n2/4p3/8/1PN1P3/P1RP1PPP/1B1QR1K1 w - - 4 16,0.0,w
r1b3k1/pp1r1ppp/1npq1n2/4p3/8/1P2PQ2/P1RPNPPP/1B2R1K1 w - - 8 18,0.0,w
r1br2k1/pp3ppp/1npq1n2/8/4p3/1P2P1N1/P1RP1PPP/1B1QR1K1 w - - 2 20,0.0,w
r1br2k1/pp3ppp/1nq5/8/4n3/1P2P3/P2P1PPP/1B1QR1K1 w - - 0 22,0.0,w
r1br2k1/pp3ppp/1n4q1/8/8/1P1PP3/P4PPP/3QR1K1 w - - 1 24,0.0,w
r2r2k1/pQ3ppp/1n2b1q1/8/8/1P1PP3/P4PPP/2R3K1 b - - 0 26,0.0,b
r2r2k1/p4ppp/6q1/3n4/8/1P1PP3/P4PPP/3R2K1 b - - 1 28,0.0,b
2rr1k2/p4ppp/6q1/3n4/8/1P1PP1P1/P2R1P1P/6K1 b - - 0 30,0.0,b
3r4/p3kppp/6q1/3n4/8/1P1PP1P1/P2RKP1P/2r5 b - - 4 32,0.0,b
8/p3kppp/6q1/8/8/1PnrP1P1/P2R1PKP/2r5 b - - 1 34,0.0,b
8/p3kppp/8/5q2/4P3/PPn3P1/3r1PKP/2r5 b - - 0 36,0.0,b
r1b1r1k1/pp1n1ppp/2p2n2/3Pp3/8/qP2P3/P2PNPPP/1BRQ1RK1 b - - 0 12,0.0,b
r1br2k1/pP3ppp/1n3n2/4p3/8/qP2P3/P2PNPPP/1BRQ1RK1 b - - 0 14,0.0,b
r2r1k2/pb3ppp/1n3n2/4p3/8/qPN1P3/P1RP1PPP/1B1Q1RK1 b - - 3 16,0.0,b
r2r4/pb2kppp/1n1q1n2/4p3/8/1PN1P1P1/P1RP1P1P/1B1QR1K1 b - - 0 18,0.0,b
r2r4/pbR1kppp/1n2qn2/4p3/4N3/1P2P1P1/P2P1P1P/1B1QR1K1 b - - 4 20,0.0,b
r7/pb1nkppp/1n2q3/2N1p3/8/1P2P1P1/P2P1P1P/1B1QR1K1 b - - 1 22,0.0,b
r7/pb2kppp/1n6/2n1p3/3P4/1P2PPPq/P6P/1B1QR1K1 b - - 0 24,0.0,b
r7/pb2kppp/1n6/4nB2/8/1P2PPPq/P6P/3QR1K1 b - - 1 26,0.0,b
r7/pb2kppp/1n6/5q2/4P3/1P3nP1/P6P/3QRK2 b - - 1 28,0.0,b
r7/pb2kppp/1n6/8/4P3/1P2KnP1/P5qP/3QR3 b - - 5 30,0.0,b
r7/pb2kppp/1n6/8/4q3/1P4P1/P2K3n/3Q2R1 b - - 1 32,0.0,b
3r4/pb2kppp/1n6/8/8/1P2q1P1/P6n/1K1Q2R1 b - - 5 34,0.0,b
8/p3kppp/1n6/8/4b3/1P2q1P1/PK5n/3R4 b - - 2 36,0.0,b
8/p3kppp/1n6/8/1K2b3/1P4P1/P6n/3q4 b - - 1 38,0.0,b
8/4kppp/1n6/p7/1P2b3/K5P1/P2q3n/8 b - - 0 40,0.0,b
5r1k/2p3bn/1p1p2pp/pPnPp3/P3Pq2/3P1P2/5RBP/3QR2K b - - 1 37,0.0,b
7k/2p2rb1/1p1p1npp/pPnPp3/P3Pq2/3P1P1B/2R4P/3QR2K b - - 5 39,0.0,b
8/2p2rbk/1p1pBnpp/pP1Pp3/n3Pq2/3P1P2/2R4P/3Q2RK b - - 3 41,0.0,b
8/2p1r1bk/1p1pBnpp/pP1Pp3/4Pq2/3P1P2/1n2Q2P/2R3RK b - - 7 43,0.0,b
6k1/2p1r1b1/1pRp1npp/pP1Pp3/n3Pq2/3P1P2/4Q2P/6RK b - - 1 45,0.0,b
6k1/2p1r1b1/1p1p2Rp/pP1Pp2n/4Pq2/2RP1P2/4Q2P/7K b - - 0 47,0.0,b
4q1k1/2p1r1R1/1p1p3p/pP1Pp2n/4P3/2RP1P2/4Q2P/7K b - - 0 49,0.0,b
4q1k1/2p3r1/1p1p3Q/1P1Pp2n/p3P3/2RP1P2/7P/7K b - - 0 51,0.0,b
8/2p3rk/1p1p4/1q1PpQ1n/p3P3/2RP1P2/7P/7K b - - 3 53,0.0,b
8/2p5/1p1p2Qk/1q1Pp2n/p3P3/2RP1P2/7P/7K b - - 0 55,0.0,b
8/2R5/1p1p2k1/3Pp2n/p3P3/3q1P2/7P/6K1 b - - 1 57,0.0,b
8/8/2Rp2k1/1p1Pp2n/p3P3/5q1P/8/6K1 b - - 1 59,0.0,b
8/8/3R4/1p1Ppk1n/p3q3/7P/8/5K2 b - - 2 61,0.0,b
8/8/R7/1p1Ppk1n/p7/7q/4K3/8 b - - 1 63,0.0,b
8/8/R7/1p1qpk1n/p7/8/8/4K3 b - - 1 65,0.0,b
8/8/R7/1p2pk1n/p7/8/2q5/6K1 b - - 5 67,0.0,b
8/8/R7/1p2pk1n/p7/8/4q3/6K1 b - - 9 69,0.0,b
rnbqkb1r/pp3ppp/2p2n2/3Pp3/2B5/3P4/PPP1QPPP/RNB1K2R b KQkq - 0 5,0.0,b
r1bqkb1r/pp1n1ppp/5n2/1B1pp3/8/2NP4/PPP1QPPP/R1B1K2R b KQkq - 3 7,0.0,b
r1b1k2r/pp1nbppp/1q3n2/1B1NQ3/8/3P4/PPP2PPP/R1B1K2R b KQkq - 0 9,0.0,b
r1b2rk1/pp1nbppp/5n2/qB1NQ3/8/3P4/PPPBKPPP/R6R w - - 4 12,0.0,w
r1b2r1k/pp1nNppp/5Q2/1q6/8/3P4/PPPBKPPP/R6R w - - 0 14,0.0,w
r1b2r1k/pp2Nppp/8/4n3/8/3P4/PPPBKPPP/R6R w - - 0 16,0.0,w
2r1r2k/pp3ppp/8/4n3/8/3P4/PPPB1PPP/R2K3R w - - 2 18,0.0,w
2r4k/pp3ppp/2n5/8/8/2BP4/PPP2PPP/R2Kr3 w - - 0 20,0.0,w
2r3k1/pp2nppp/8/8/8/2BP4/PPP1KPPP/R7 w - - 3 22,0.0,w
2r5/pp3pkp/8/3n4/8/3P4/PPP1KPPP/2R5 w - - 0 24,0.0,w
2r5/pp3p1p/8/3n1k2/3P4/5K2/PPP2PPP/2R5 w - - 1 26,0.0,w
4r3/pp3p1p/5k2/3n4/3P4/2P2K2/PP3PPP/R7 w - - 3 28,0.0,w
4r3/pp3p1p/8/3n2k1/3P4/2P2K2/PP3PPP/3R4 w - - 7 30,0.0,w
4r3/pp3p1p/8/3n1k2/3P4/2P2K2/PP3PPP/3R4 w - - 11 32,0.0,w
4r3/pp3p1p/1n6/6k1/2PP4/5K2/PP3PPP/2R5 w - - 3 34,0.0,w
8/pp2rp1p/1n6/5k2/2PP4/5K2/PPR2PPP/8 w - - 7 36,0.0,w
8/pp1r1p1p/1n6/3P4/2P1k3/8/PPR1KPPP/8 w - - 3 38,0.0,w
3r4/pp3p1p/1n6/8/2P1k3/8/PP2KPPP/2R5 w - - 2 40,0.0,w
3r4/pp3p1p/2P5/8/4kn2/8/PP2KPPP/2R5 w - - 1 42,0.0,w
8/pP3p1p/8/8/4kn2/8/Pr3PPP/2R2K2 w - - 0 44,0.0,w
1r6/p4p1p/8/5k2/5n2/8/P4PPP/4RK2 w - - 2 46,0.0,w
8/p4p1p/8/5k2/8/3nRP2/P5PP/1r3K2 w - - 3 48,0.0,w
8/p4p1p/8/5k2/5n2/4RP2/Pr1K2PP/8 w - - 7 50,0.0,w
8/p4p1p/8/5k2/5n2/2K2P2/P3r2P/8 w - - 0 52,0.0,w
8/p6p/5p2/5k2/3K1n2/P4P2/7r/8 w - - 0 54,0.0,w
8/p6p/5p2/4k2n/P7/2K2P2/7r/8 w - - 1 56,0.0,w
8/p6p/P4p2/7n/8/2K2k2/7r/8 w - - 0 58,0.0,w
8/p6p/P7/5p1n/8/2K1k3/7r/8 w - - 2 60,0.0,w
8/p6p/P7/3K3n/8/4kp2/7r/8 w - - 0 62,0.0,w
8/p6p/P7/7n/1K6/4k3/7r/5q2 w - - 0 64,0.0,w
8/p6p/q7/3K3n/8/4k3/3r4/8 w - - 2 66,0.0,w
8/p6p/8/7n/1Kq5/4k3/2r5/8 w - - 6 68,0.0,w
3rr1k1/pb3ppp/1p3n2/2p1q3/2B1P2n/PP4NP/4QPP1/2R1R1K1 b - - 2 26,0.0,b
3Rr1k1/p4ppp/1pb2n2/2p5/2B1Pq1n/PP4NP/4QPP1/2R3K1 b - - 0 28,0.0,b
3r1k2/p4ppp/1pb2n2/2p4N/2B1Pq1n/PP5P/4QPP1/4R1K1 b - - 3 30,0.0,b
3r1k2/p4ppp/1pb2q2/2p1P3/2B4n/PP5P/4QPP1/4R1K1 b - - 0 32,0.0,b
3r1k2/p4ppp/1pb5/2p1P3/2B3Pn/PP6/5PP1/4R1K1 b - - 0 34,0.0,b
3r1k2/p4ppp/1pb5/2p1P3/2B2nP1/PP6/5P2/2R3K1 b - - 3 36,0.0,b
3r4/p3kBpp/1pb3n1/2p1P3/6P1/PP6/5P1K/2R5 b - - 0 38,0.0,b
3r4/p5pp/1pb1k1n1/2p1P3/6P1/PP6/4RP1K/8 b - - 3 40,0.0,b
8/p5pp/1pb1k1n1/2p1P3/6P1/PP2P3/7K/8 b - - 0 42,0.0,b
8/p5pp/1pb1k3/4n1P1/2p5/PP2P1K1/8/8 b - - 0 44,0.0,b
8/p5pp/1pb1k1P1/4n3/5K2/PP2P3/2p5/8 b - - 0 46,0.0,b
8/p5pP/1p2k3/4n3/1P2bK2/P3P3/8/2q5 b - - 0 48,0.0,b
8/pp2kp2/3n1p1p/1P1P4/8/P2B4/4KPPP/8 b - - 0 31,0.5,b
8/1p1k1p2/1p1n1p1p/3P4/8/P2B4/3K1PPP/8 b - - 1 33,0.5,b
3k4/1p3p2/1p1n1p1p/3P4/8/P2B1K2/5PPP/8 b - - 5 35,0.5,b
8/1p1k1p2/1p1n1p1p/3P4/5K2/P7/5PPP/5B2 w - - 9 38,0.5,w
8/1p1k1p2/1p1n1p1p/3P4/5K2/P7/5PPP/5B2 w - - 13 40,0.5,w
8/1p1k1p2/1p1n1p1p/3P4/5K2/P7/4BPPP/8 w - - 17 42,0.5,w
5k2/1p3p2/1p1n1p1p/3P4/6K1/P2B4/5PPP/8 w - - 21 44,0.5,w
5k2/1p3p2/1p1n1p1p/3P4/6K1/P2B4/5PPP/8 w - - 25 46,0.5,w
4n3/1p2kp2/1p3p1K/3P4/8/P2B4/5PPP/8 w - - 1 48,0.5,w
8/1pn2p2/1p1k1p2/3P3K/4B3/P7/5PPP/8 w - - 5 50,0.5,w
8/1pn2p2/1p1k1p2/8/4B1K1/P7/5PPP/8 w - - 0 52,0.5,w
8/2n2p2/1pB5/4kp2/6K1/P7/5PPP/8 w - - 0 54,0.5,w
8/2nB4/1p6/4kp2/5p2/P4K2/5PPP/8 w - f6 0 56,0.5,w
8/8/1p6/1n3k2/5p2/P7/4KPPP/8 w - - 2 58,0.5,w
8/2n5/1p6/5k2/P7/3K1p2/5PPP/8 w - - 0 60,0.5,w
8/2n5/8/1p2k3/P7/2K2P2/5P1P/8 w - - 0 62,0.5,w
8/8/8/4k3/2Kn4/5P2/5P1P/8 w - - 2 64,0.5,w
8/8/8/5n2/2K1k3/8/5P1P/8 w - - 0 66,0.5,w
8/8/7n/2K5/8/5k1P/5P2/8 w - - 1 68,0.5,w
8/8/7n/3K4/7P/6k1/8/8 w - - 2 70,0.5,w
8/8/8/8/4K1nk/8/8/8 w - - 2 72,0.5,w
8/8/7n/7k/8/8/5K2/8 w - - 6 74,0.5,w
8/8/7n/8/5k2/8/3K4/8 w - - 10 76,0.5,w
8/8/8/8/4k1n1/8/2K5/8 w - - 14 78,0.5,w
8/8/8/4n3/8/4k3/2K5/8 w - - 18 80,0.5,w
8/8/2n5/8/8/1K1k4/8/8 w - - 22 82,0.5,w
8/8/8/8/1nk5/8/1K6/8 w - - 26 84,0.5,w
8/8/8/8/8/3k4/2n5/3K4 w - - 30 86,0.5,w
8/8/8/8/8/3k4/2n5/3K4 w - - 34 88,0.5,w
8/8/8/8/8/3k4/2n5/3K4 w - - 38 90,0.5,w
r3r1k1/1p2ppbp/1qn1bnp1/p1p5/2Pp1P2/Q2P1NPP/PP1BPRB1/R6K w - - 2 15,0.0,w
r1b1r1k1/1p2pp1p/1qn2npb/p1p3N1/2Pp1P2/QP1P2PP/P2BPRB1/R6K w - - 3 17,0.0,w
r1bnr1k1/1p2pp1p/1q4pb/p1pn2N1/2Pp1P2/QP1P2PP/P2BPR2/4R2K w - - 0 19,0.0,w
r1bnr1k1/1p2pp1p/6pb/p1pq4/3pNP2/QP1P2PP/P2BPR2/4R2K w - - 0 21,0.0,w
r1bnr1k1/1p2pp1p/6pb/2N5/p2p1P2/1P1P2PP/P2BPR2/4R2K w - - 0 23,0.0,w
r2nr3/1b2ppkp/6pb/8/P2p1P2/3P2PP/P2BPR2/4R2K w - - 0 25,0.0,w
3nr3/1b2ppkp/6pb/8/3p1P2/3PP1PP/r2B1R2/4R1K1 w - - 0 27,0.0,w
3nr3/1b2ppkp/6p1/5P2/r2P4/3P2PP/3b1R2/4R1K1 w - - 0 29,0.0,w
3nr3/1b3p1p/4pPpk/8/r2P4/3P2PP/3R4/4R1K1 w - - 0 31,0.0,w
3nr3/1b1r1p1p/4pPpk/8/8/3PK1PP/3R4/4R3 w - - 2 33,0.0,w
4r3/1b1r1p1p/2n1pPp1/7k/7P/3P2P1/3R1K2/4R3 w - - 3 35,0.0,w
b3r3/5p1p/2n1pPp1/7k/7P/3r2P1/1R3K2/4R3 w - - 2 37,0.0,w
b3r3/5p1p/5Pp1/1R2p2k/3n3P/3r2P1/5K2/2R5 w - - 2 39,0.0,w
b7/5p1p/4rPp1/4p2k/2Rn3P/3r2P1/5K2/5R2 b - - 6 41,0.0,b
b7/5p1p/6p1/4p2k/2Rn3P/3r2P1/8/5K2 b - - 0 43,0.0,b
b7/5p1p/6p1/4p2k/2Rn3P/6r1/8/5K2 b - - 1 45,0.0,b
b7/5p1p/6p1/4p2k/2R4P/5r2/8/6n1 w - - 0 48,0.0,w
8/1b5p/5pp1/4p2k/7P/5r2/8/4R1n1 w - - 0 50,0.0,w
4rRk1/pp1b2np/2pb2p1/P2p4/6P1/2P5/1P1N2K1/R1BB4 b - - 0 27,0.0,b
4rk2/p2b2np/P1pb2p1/1p1p4/6P1/1NP5/1P4K1/R1BB4 b - - 1 29,0.0,b
4rk2/p2b2np/P1pb2pB/1p1p4/3N2P1/2P5/1P4K1/R2B4 b - - 5 31,0.0,b
4r1k1/p2b3p/P1pbN1pB/1p1p4/6P1/2P2B2/1P4K1/R7 b - - 0 33,0.0,b
6k1/p2b3p/P1pbr1pB/3p4/1P4P1/1P3B2/6K1/R7 b - - 0 35,0.0,b
6k1/p2b3p/P1p3pB/3p2P1/Rb6/1P2rB2/6K1/8 b - - 2 37,0.0,b
6k1/p2b3p/P1p3pB/3p2P1/Rb6/5K2/1r6/3B4 b - - 3 39,0.0,b
6k1/p6p/P1p3pB/3p2P1/1b6/5b2/1r6/R2B4 w - - 0 42,0.0,w
6k1/p6p/P1B3pB/6P1/1b6/3p4/1r6/R7 w - - 0 44,0.0,w
7k/p6p/P5pB/6P1/1b6/8/1r1p2B1/R7 w - - 2 46,0.0,w
7k/p6p/P5pB/6P1/3b4/8/1r1pB3/R7 w - - 6 48,0.0,w
7k/p6p/P5pB/1B4P1/R2b4/8/8/3q4 w - - 0 50,0.0,w
3r2k1/pb3ppp/1p3n2/4q3/1PB1P2n/4Q1NP/3r1PP1/2R1R1K1 b - - 2 30,1.0,b
3r4/pb3kpp/1p3n2/4q3/1P1rP2n/4Q1NP/5PP1/R3R1K1 b - - 1 32,1.0,b
8/Rb1r1kpp/1p3n2/4q3/1P2P2n/3r2NP/4QPP1/4R1K1 b - - 0 34,1.0,b
8/3r1kpp/1p1r1n2/4q3/1P2N2n/7P/R3QPP1/4R1K1 b - - 0 36,1.0,b
8/3r1kpp/1p1r4/8/1P2R2n/7P/R4PP1/6K1 b - - 0 38,1.0,b
8/3r1kpp/1p6/4Rn2/1P6/7P/R4PPK/3r4 b - - 4 40,1.0,b
8/3r2pp/5k2/1p3n2/1P6/6PP/R3RP1K/3r4 b - - 0 42,1.0,b
8/3r2pp/7n/1p2R1k1/1P4P1/7P/R4P1K/3r4 b - - 2 44,1.0,b
8/3r2pp/7n/1R6/1P3kP1/7P/3R1P1K/8 b - - 0 46,1.0,b
8/6pp/7n/3R4/1P3kP1/7P/5P2/6K1 b - - 0 48,1.0,b
8/3R2pp/8/8/1P2k1P1/8/5P2/6K1 b - - 0 50,1.0,b
8/3R3p/1P4p1/4k3/6P1/8/5P2/6K1 b - - 0 52,1.0,b
8/1P6/4k1p1/7p/6P1/8/5P2/3R2K1 b - - 2 54,1.0,b
8/8/1Q2k1p1/7p/6P1/8/5P2/3R2K1 b - - 2 56,1.0,b
5k2/8/6Q1/6Pp/8/8/5P2/3R2K1 b - - 0 58,1.0,b
8/4k3/6Q1/6P1/5P1p/8/8/3R2K1 b - - 0 60,1.0,b
3Rk3/8/5Q2/6P1/5P2/7p/8/6K1 b - - 3 62,1.0,b
r1bqkb1r/pp2pppp/2n2n2/2pp4/5P2/2PPBN2/PP2P1PP/R2QKB1R b KQkq - 3 5,0.0,b
r1b1kb1r/pp2pppp/2n2n2/2qp4/5P2/2PP1N2/PP2P1PP/R1Q1KB1R b KQkq - 1 7,0.0,b
r3kb1r/pp1bpppp/2n2n2/2qp1P2/8/2PP1NP1/PP2P2P/R1Q1KB1R b KQkq - 0 9,0.0,b
2kr1b1r/pp2pppp/2n2n2/2qp1Q2/8/2PP1NP1/PP2P2P/R3KB1R b KQ - 0 11,0.0,b
3r1b1r/ppk2ppp/2n2n2/2qpN3/5Q2/2PP2P1/PP2P2P/R3KB1R b KQ - 0 13,0.0,b
3r3r/ppk1b1pp/2n5/2qpN2Q/8/2PP2P1/PP2P2P/R3KB1R b KQ - 0 15,0.0,b
3N3r/ppk1b1pp/8/7q/3p4/2PP2P1/PP2P2P/R3KB1R b KQ - 0 17,0.0,b
3r4/ppk1b1pp/8/q7/3P4/3P2P1/PP2P2P/R2K1B1R b - - 2 19,0.0,b
3r4/ppk1b1pp/8/8/3q4/3P2P1/PP1KP2P/2R2B1R b - - 1 21,0.0,b
3r4/pp2b1pp/1k6/8/8/P2P2P1/1qRKP2P/5B1R b - - 1 23,0.0,b
3r4/pp4pp/1k6/8/8/P2Pb1P1/1qR4P/3K1B1R b - - 1 25,0.0,b
3r4/pp4pp/1k6/8/8/P2PK1P1/2q4P/5B1R b - - 0 27,0.0,b
3r4/pp4pp/1k6/8/8/q2P1KP1/7P/5B1R b - - 1 29,0.0,b
3r4/pp2q1pp/1k6/8/8/3P2P1/3K3P/5B1R b - - 5 31,0.0,b
2r5/pp4pp/1k6/6q1/8/1K1P2P1/7P/5B1R b - - 9 33,0.0,b
2r5/pp4pp/2k5/3q4/1K6/3P2P1/7P/5B1R w - - 13 36,0.0,w
2r5/pp1k2pp/8/8/1K6/3P2P1/6qP/2R5 w - - 2 38,0.0,w
2k5/pp4pp/8/8/1K4P1/3P4/7q/8 w - - 0 40,0.0,w
8/pp1k2pp/8/8/1K4P1/3P3q/8/8 w - - 4 42,0.0,w
8/pp1k2pp/8/8/3q4/1K6/8/8 w - - 0 44,0.0,w
8/pp4pp/3k4/8/3q4/1K6/8/8 w - - 4 46,0.0,w
8/pp4pp/3k4/8/8/2q5/8/1K6 w - - 8 48,0.0,w
8/pp1k2pp/8/8/8/8/3q4/1K6 w - - 12 50,0.0,w
8/pp4pp/3k4/8/8/8/3q4/K7 w - - 16 53,0.0,w
8/pp4pp/8/8/1k6/8/3q4/K7 w - - 20 57,0.0,w
5k2/p1rr1ppp/1p3n2/1P2P3/5P1n/R5NP/4b1P1/R5K1 w - - 0 40,0.0,w
5k2/p1rr1ppp/1p6/1P1nPn2/5P2/3R3P/4N1P1/R5K1 w - - 3 42,0.0,w
5k2/p1r3pp/1p1rPp2/1P1n1n2/5P2/3R3P/4NKP1/R7 w - - 1 44,0.0,w
8/p1r3pp/1p1rkp2/1P1n1n2/5PP1/3R3P/4NK2/R7 w - - 0 46,0.0,w
8/p1r3pp/1p1r1pk1/1P1n4/5P2/3R1K1P/4N3/R7 w - - 2 48,0.0,w
8/p1rr2pp/1p3p2/1P1n1Pk1/8/3R1KNP/8/R7 w - - 1 50,0.0,w
8/p1r3pp/1p3p1k/1P1r1P2/7P/5KN1/8/R7 w - - 0 52,0.0,w
8/p5pp/1p3p1k/1P3P2/7P/3r2N1/2r2K2/1R6 w - - 4 54,0.0,w
8/p5pp/1p3p1k/1P3P2/7P/8/2r1NK2/3r4 w - - 0 56,0.0,w
8/p5pp/1p3p1k/1P3P2/7P/6K1/2r1r3/8 w - - 0 58,0.0,w
8/p5pp/1p3p2/1P3P1k/7P/6K1/2r2r2/8 w - - 4 60,0.0,w
4rrk1/1pb2pp1/p1p1q3/P1Pp1b1n/1P1B1P2/3BP1np/R3Q1PP/4NRK1 w - - 2 24,0.0,w
4rrk1/1pb2pp1/p1p3q1/P1Pp3n/1P1B1P2/3QP1Pp/R5P1/4NRK1 w - - 1 26,0.0,w
4rrk1/1pb3p1/p1p3p1/P1Pp3n/1P1B1PP1/4P3/R5Pp/4NRK1 w - - 0 28,0.0,w
4rrk1/1pb3p1/p1p3p1/P1Pp4/1P1BnPP1/4P1K1/R5P1/4NR2 w - - 3 30,0.0,w
4r1k1/1pb3p1/p1p3p1/P1Pp2n1/1P1B1rP1/4P3/R3K1P1/4NR2 w - - 0 32,0.0,w
4r1k1/1pb3p1/p1p3p1/P1Pp2n1/1P1B2P1/4P3/R1N1K1P1/8 w - - 2 34,0.0,w
4r1k1/1pb3p1/p1p3p1/P1Pp4/1P3nP1/4P3/1BN1K1P1/R7 w - - 6 36,0.0,w
4r1k1/1pb3p1/p1p3p1/P1Pp2n1/1P4P1/4PK2/1BN3P1/3R4 w - - 10 38,0.0,w
6k1/1pb3p1/p1p3p1/P1Pp2n1/1P1r2P1/4P3/1BN1K1P1/8 w - - 0 40,0.0,w
8/1pb3k1/p1p1n1p1/P1Pp4/1P4P1/4P3/2N1K1P1/8 w - - 0 42,0.0,w
8/1pb5/p1p3pk/P1Pp4/1P1P2P1/8/4K1P1/8 w - - 1 44,0.0,w
8/1pb5/p1p2kp1/P1Pp4/1P1P4/5K2/6P1/8 w - - 2 46,0.0,w
3b4/1p6/p1p2kp1/P1Pp4/1P1P2K1/8/6P1/8 b - - 6 48,0.0,b
3b4/1p3k2/p1p3p1/P1Pp4/1P1P1K2/8/6P1/8 b - - 10 50,0.0,b
8/1p3k2/p1p3p1/P1Pp2b1/1P1P4/8/5KP1/8 b - - 14 52,0.0,b
8/1p2k3/p1p3p1/PPPp4/3P4/6K1/3b2P1/8 b - - 0 54,0.0,b
8/4k3/p1p3p1/1pPp4/3P4/5K2/3b2P1/8 b - - 1 56,0.0,b
8/4k3/2p3p1/ppPp4/3P4/2b1K1P1/8/8 b - - 0 58,0.0,b
8/4k3/2p3p1/1pPp4/3P1KP1/p1b5/8/8 b - - 1 60,0.0,b
8/4k3/2p3K1/1pPp4/3P2P1/2b5/8/q7 b - - 0 62,0.0,b
8/4k3/2p5/1pPp4/3b1KP1/8/8/7q b - - 3 64,0.0,b
5rk1/1pb2pp1/p1p1r3/P1Pp1Bnn/1P1B1P2/4P3/6RP/3R2K1 b - - 0 29,1.0,b
5rk1/1pb2pp1/p1p1r3/P1Pp1B1n/1P1R1P2/4P3/5KRP/8 b - - 0 31,1.0,b
4rrk1/1pb2pp1/p1p2n2/P1Pp2R1/1P1R1P2/3BP3/5K1P/8 b - - 4 33,1.0,b
4r1k1/1pb1rpp1/p1p2n2/P1Pp1B2/1P1R1P2/4P3/5K1P/6R1 b - - 8 35,1.0,b
4r1k1/1pb2pp1/p1p2n2/P1Pp1B2/1P1R1P2/8/4r2P/3R2K1 b - - 3 37,1.0,b
4r2k/1pb1rpp1/p1p2n2/P1Pp4/1P1R1P2/3B4/5K1P/3R4 b - - 7 39,1.0,b
4r2k/1pb1rpp1/p1p2n2/P1Pp4/1P1R1P2/3B2K1/3R3P/8 b - - 11 41,1.0,b
4r1k1/1pb2pp1/p1p2n2/P1Pp4/1P1R1P2/4r3/2BR1K1P/8 b - - 15 43,1.0,b
4r1k1/1pb1rpp1/p1p5/P1Pp4/1P1R1Pn1/3B4/3R3P/6K1 b - - 19 45,1.0,b
4r1k1/1pb2pp1/p1p5/P1Pp4/1P1R1P2/3B4/3R3K/4r3 b - - 0 47,1.0,b
4r1k1/1pb2pp1/p1p5/P1Pp4/1P1R1P2/3B4/3R1K2/4r3 b - - 4 49,1.0,b
4r1k1/1p2rpp1/p1p5/P1Pp4/1P3R2/8/2BR1K2/8 b - - 0 51,1.0,b
4r1k1/1p3p2/p1p5/P1Ppr1p1/1P4R1/6K1/2BR4/8 b - - 3 53,1.0,b
4r3/1p3pk1/p1p5/P1Pp2p1/1P4R1/8/2B1R1K1/8 w - - 0 56,1.0,w
1R6/1p3p2/p1p1k3/P1Pp2p1/1P4R1/8/2B3K1/8 w - - 3 58,1.0,w
8/3k1p2/pRp5/P1P3p1/1P1p2R1/8/2B3K1/8 w - - 2 60,1.0,w
8/5p2/R1p1k3/P1P3p1/1P4R1/3B4/6K1/8 w - - 1 62,1.0,w
8/3k4/2R2p2/PPP3p1/6R1/3B4/6K1/8 w - - 0 64,1.0,w
5k2/8/R7/PPP3p1/6R1/3B4/6K1/8 w - - 3 66,1.0,w
8/1P3k2/R7/P1P3p1/6R1/3B4/6K1/8 w - - 1 68,1.0,w
8/1P3k2/R7/P1P3p1/4R3/3B4/6K1/8 w - - 5 70,1.0,w
8/1P3k2/R1P5/P5p1/6R1/3B4/6K1/8 w - - 1 72,1.0,w
1Q6/2Pk4/R7/P5p1/6R1/3B4/6K1/8 w - - 1 74,1.0,w
4r1k1/1pb2pp1/p1p1r3/P1np4/1P3P1P/3RPB2/6R1/5K2 w - - 0 37,0.0,w
6k1/1pb2pp1/p1p5/P1Pp4/5P1P/4rB2/6R1/5K2 w - - 0 39,0.0,w
6k1/1p3pp1/p1p1r3/b1Pp3B/5P1P/8/5KR1/8 w - - 2 41,0.0,w
6k1/1p2rpp1/p1p5/b1P4B/3p1P1P/8/5K2/1R6 w - - 0 43,0.0,w
6k1/5pp1/p1p5/b1P5/3p1P1P/8/1r2BK2/8 w - - 2 45,0.0,w
8/4kpp1/B1p5/b1P5/3p1P1P/8/1r6/5K2 w - - 1 47,0.0,w
8/4kpp1/2p5/2b2P2/3p3P/3B4/1r6/5K2 w - - 0 49,0.0,w
8/5pp1/1rp2k2/2b2P1P/3pB3/8/8/5K2 w - - 3 51,0.0,w
8/5p2/1rp2k1p/2b2P2/4B3/3p4/5K2/8 b - - 0 53,0.0,b
r1bqkb1r/pp2pp1p/2n2np1/2pp4/5P2/2PPBNP1/PP2P2P/R2QKB1R b KQkq - 1 6,0.5,b
r1b1kb1r/pp2pp1p/2n2np1/2qp4/5P2/2PP1NP1/PP2P1BP/R2QK2R b KQkq - 1 8,0.5,b
r1bk1b1r/pp2pp1p/2nq1np1/3p4/3N1P2/2PP1BP1/PP2P2P/R2QK2R b KQ - 5 10,0.5,b
r1bk3r/pp2ppbp/2q2np1/3p4/3P1P2/2P2BP1/PP2P2P/R2QK2R b KQ - 0 12,0.5,b
r2k3r/pp2ppbp/5np1/3p1P2/2qP4/2P2BPb/PP2PK1P/R2Q3R b - - 0 14,0.5,b
r2k3r/pp2ppbp/6p1/3p1b2/2qPn1P1/2P2B2/PP2P2P/R2Q2KR b - - 2 16,0.5,b
r6r/ppk1ppbp/4b1p1/3p4/2qPn1P1/2P2B2/PP2P1KP/RQ5R b - - 6 18,0.5,b
r6r/ppk1ppbp/4b1p1/3p4/2qP2P1/2P2K2/PPQ1P2P/R6R b - - 0 20,0.5,b
r6r/ppk1ppbp/4b1p1/3p4/2QP2P1/5K2/PP2P2P/R6R b - - 0 22,0.5,b
r6r/ppk1ppbp/6p1/3b4/2pPP1P1/5K2/PP5P/R2R4 b - e3 0 24,0.5,b
r6r/pp1kppbp/4b1p1/3P4/2p1P1P1/5K2/PP5P/2RR4 b - - 0 26,0.5,b
r6r/pp1kpp1p/6p1/3P4/2R1P1K1/8/Pb5P/3R4 b - - 0 28,0.5,b
r6r/pp1kpp1p/3b2p1/8/2R1P3/5K2/P6P/3R4 b - - 1 30,0.5,b
2r5/pp1kpp1p/3b2p1/4P3/8/5K2/P6P/3R4 b - - 0 32,0.5,b
8/pp1kpp1p/3P2p1/8/5K2/r7/P6P/3R4 b - - 0 34,0.5,b
8/pp1k1p1p/3P1Kp1/8/8/8/r6P/3R4 b - - 1 36,0.5,b
8/pp3K1p/3k2p1/8/8/8/7r/R7 b - - 0 38,0.5,b
8/1p1R1K1p/p5p1/4k3/8/8/7r/8 b - - 3 40,0.5,b
8/5K1p/R5p1/1p2k3/8/8/7r/8 b - - 0 42,0.5,b
2r5/4RK1p/6p1/1p2k3/8/8/8/8 b - - 4 44,0.5,b
2r5/4R2K/8/1p4p1/3k4/8/8/8 b - - 0 46,0.5,b
2r5/7K/8/1p2k3/6R1/8/8/8 w - - 0 49,0.5,w
8/7K/2r2k2/1R6/8/8/8/8 w - - 1 51,0.5,w
8/8/4r2K/5k2/8/8/8/1R6 w - - 5 53,0.5,w
8/8/2r5/4k2K/8/8/8/5R2 w - - 9 55,0.5,w
8/2r5/8/6K1/3k4/8/8/4R3 w - - 13 57,0.5,w
8/5r2/8/8/8/2k3K1/8/4R3 w - - 17 59,0.5,w
8/5r2/8/8/8/2k3K1/8/4R3 w - - 21 61,0.5,w
5r2/8/8/8/8/6K1/1k6/R7 w - - 25 63,0.5,w
5r2/8/8/8/8/6K1/2k5/1R6 w - - 29 65,0.5,w
5r2/8/8/8/2k5/R5K1/8/8 w - - 33 67,0.5,w
4r3/8/8/8/2k5/5R2/5K2/8 w - - 37 69,0.5,w
4r3/8/8/4k3/5R2/8/6K1/8 w - - 41 71,0.5,w
6r1/8/8/8/4k3/8/7K/5R2 w - - 45 73,0.5,w
8/6r1/8/8/5k2/8/7K/3R4 w - - 49 75,0.5,w
8/3r4/8/8/8/4k3/7K/6R1 w - - 53 77,0.5,w
8/3r4/8/8/8/5k2/7K/6R1 w - - 57 79,0.5,w
8/6r1/8/8/5R2/8/4k2K/8 w - - 61 81,0.5,w
8/6r1/8/8/3k4/R7/7K/8 w - - 65 83,0.5,w
8/2r5/8/4k3/6R1/8/7K/8 w - - 69 85,0.5,w
rnb2rk1/pp3ppp/2p2n2/3pp3/2P5/qPN1P3/P1BP1PPP/2RQK2R b K - 1 10,0.0,b
rnb2rk1/pp3ppp/2p2n2/4p3/2P1N3/qP2p3/P1BP1PPP/R2QK2R b K - 1 12,0.0,b
rnb1r1k1/pp3ppp/2p2n2/4p3/2P1N3/qP1P4/P1B2KPP/R2Q3R b - - 0 14,0.0,b
r1b1r1k1/pp3ppp/2p2n2/4p3/2P5/qP1P2P1/P1B2K1P/R2Q3R b - - 0 16,0.0,b
r1b1r1k1/pp3ppp/2p2n2/4p3/2Pq4/1P4P1/P1B1K2P/R2Q3R b - - 1 18,0.0,b
r3r1k1/pp3ppp/2p2n2/4p3/2Pq4/1P4P1/P1B4P/3R1K1R b - - 0 20,0.0,b
r3r1k1/pp3ppB/2p2n2/4p3/2P5/1P2q1PP/P7/3R1K1R b - - 0 22,0.0,b
3Rr3/pp3ppk/2p2n2/4p3/2P5/1P2q1PP/P7/5KR1 b - - 0 24,0.0,b
3r4/pp3ppk/2p2n2/4p3/P1P5/1P3qPP/8/4K1R1 b - a3 0 26,0.0,b
3r2k1/pb3ppp/5n2/1p6/1PBrP2n/5PNP/6P1/2R1R1K1 w - - 0 33,0.5,w
3r2k1/pb3ppp/5n2/1B6/1r2P3/5PNP/6K1/2R1R3 w - - 0 35,0.5,w
r5k1/pb3ppp/5n2/8/4P3/5PNP/1r2B1K1/R3R3 w - - 4 37,0.5,w
r5k1/pb3ppp/1r3n2/5N2/4P3/5P1P/4B1K1/R1R5 w - - 8 39,0.5,w
2r3k1/pb3ppp/5n2/5N2/4P2P/5P2/1r2BK2/R1R5 w - - 3 41,0.5,w
2N2k2/p4ppp/5n2/8/4b2P/5P2/1r2BK2/R1R5 w - - 0 43,0.5,w
2N2k2/p4ppp/8/8/4P2P/4n3/1r2B3/R1R1K3 w - - 3 45,0.5,w
2N2k2/p4ppp/8/8/4P2P/4n3/1r2B3/R1R1K3 w - - 7 47,0.5,w
2N2k2/p4ppp/8/8/4P2P/3Bn3/1r6/R1R2K2 w - - 11 49,0.5,w
2N2k2/p4ppp/8/8/4P2P/3Bn3/3r4/R1R4K w - - 15 51,0.5,w
2N2k2/p4ppp/8/1Br5/4P2P/4n3/8/R3R2K w - - 19 53,0.5,w
5k2/N4ppp/8/2r5/4P2P/3B4/8/R3n2K w - - 0 55,0.5,w
5k2/5ppp/2N5/2r5/4P2P/3B4/8/4R2K w - - 3 57,0.5,w
5k2/5ppp/8/8/4P2P/2rB4/7K/5R2 w - - 2 59,0.5,w
8/4kppp/8/4P3/7P/4r3/7K/1B3R2 w - - 1 61,0.5,w
8/4kppB/4r3/8/7P/8/5R1K/8 w - - 2 63,0.5,w
6B1/5pp1/5k2/8/7P/8/7K/8 w - - 0 65,0.5,w
8/5Bp1/8/6kP/8/7K/8/8 b - - 0 67,0.5,b
8/5Bp1/8/6kP/8/6K1/8/8 b - - 4 69,0.5,b
8/6p1/8/7P/5k1K/8/B7/8 b - - 8 71,0.5,b
8/8/7p/5k1K/8/8/B7/8 b - - 1 73,0.5,b
8/8/8/6K1/8/4k3/B7/8 b - - 2 75,0.5,b
8/8/8/6K1/3k4/8/8/5B2 b - - 6 77,0.5,b
8/8/8/6K1/4B3/8/5k2/8 b - - 10 79,0.5,b
8/8/8/6K1/4B3/8/5k2/8 b - - 14 81,0.5,b
r3rnk1/pp1b1ppp/2p5/3pPPbn/8/2P5/PPBN2PP/R1B2R1K w - - 1 18,0.0,w
r4nk1/pp1b1ppp/2p5/3prP1P/8/2P1b3/PPBN3P/R1B2R1K w - - 0 20,0.0,w
4rnk1/pp1b1ppp/2p5/3prP1P/8/2P5/PPBb2KP/R1B1R3 w - - 0 22,0.0,w
5nk1/pp1b1ppp/2p5/3p1P1P/8/2P5/PPBBr1KP/R7 w - - 1 24,0.0,w
5nk1/pp1b1ppp/2p5/3p1P1P/8/2P5/PPB1r2P/2R3K1 w - - 2 26,0.0,w
6k1/pp1b1p1p/2p1nP1p/3p4/8/2P5/PPB1r2P/2R3K1 w - - 1 28,0.0,w
8/pp1b1p1k/2p2P1p/3p2n1/8/2P5/PP2r2P/2R4K w - - 0 30,0.0,w
8/pp1b1p1k/2p2P1p/3p2n1/8/2P5/P5rP/7K w - - 0 32,0.0,w
8/pp1b1p1k/2p2P2/3p3p/4n3/2P5/P4K1P/8 w - - 2 34,0.0,w
8/pp1b1p1k/2p2P2/7p/3p4/P1n5/6KP/8 w - - 0 36,0.0,w
8/pp1b1p2/2p2k2/7p/3p4/P1n5/5K1P/8 w - - 0 38,0.0,w
8/pp1b1p2/2p2k2/7p/8/P1n5/3p1K1P/8 w - - 0 40,0.0,w
8/pp1b1p2/2p2k2/P6p/8/2n5/4qK1P/8 w - - 1 42,0.0,w
8/pp1b1p2/2p5/P5kp/7P/2n5/4q3/7K b - h3 0 44,0.0,b
8/pp3p2/P1p5/7p/7k/2n4b/4q3/6K1 b - - 2 46,0.0,b
