fen,outcome,side_to_move
r1bq1rk1/1pp2pb1/3p1npp/pPn1p3/P7/R1PP1NP1/1B2PPBP/3Q1RK1 b - - 0 11,0.0,b
r2q1rk1/1pp2pb1/3pbnpp/pPn5/P2Pp3/R1P3P1/1B2PPBP/3QNRK1 b - - 0 13,0.0,b
r2qr1k1/1ppn1pb1/3pbnpp/pP6/P2PB3/R1P3P1/1BQ1PP1P/4NRK1 b - - 0 15,0.0,b
r2qr1k1/1ppn1pb1/3pbnpp/pP6/P2P4/R1PB2P1/1B2PP1P/2Q1NRK1 b - - 4 17,0.0,b
r2qr1k1/1pp2pb1/1n2bnpp/pP1p4/P2P4/2PB2P1/1B2PPKP/R1Q1NR2 b - - 3 19,0.0,b
r2qr1k1/1pp2pb1/4bnpp/pP6/P1pP4/2P2NP1/1B2PPKP/R1Q2R2 b - - 1 21,0.0,b
r1q1r1k1/1pp2pb1/5npp/pP6/P1pP4/2P2NPb/1B2PP1P/R1Q1R1K1 b - - 5 23,0.0,b
r2qr1k1/1p3pb1/1Pp2npp/p7/P1pP4/B1P2NPb/4PP1P/R1Q1R1K1 b - - 1 25,0.0,b
r2qr1k1/1p3pb1/1Pp1bnpp/p7/P1pP4/B1P3P1/3NPP1P/1RQ1R1K1 b - - 5 27,0.0,b
r2qr1k1/1p3pb1/1PpN1npp/p7/P2P4/B1P3P1/4PP1P/1bQ1R1K1 w - - 0 30,0.0,w
1r1qn1k1/1p3pb1/1Pp3pp/p7/P2P4/B1P3P1/4PP1P/1Q2R1K1 w - - 1 32,0.0,w
1r2n1k1/1p3pb1/1Pp3pp/p7/P2P4/B1P3P1/4PP1P/1Q2RK1q w - - 5 34,0.0,w
r1bq1rk1/pp2ppbp/2n2np1/2pp4/5P2/2PPBNP1/PP2P1BP/R2Q1RK1 b - - 5 8,0.0,b
r1bq1rk1/pp2ppbp/2n2np1/8/3p1P2/3P1NP1/PP1BP1BP/R2Q1RK1 b - - 1 10,0.0,b
r1q2rk1/pp2ppbp/2n2np1/8/3p1Pb1/1Q1P1NP1/PP1BP1BP/R1R3K1 b - - 5 12,0.0,b
r3r1k1/pp2ppbp/2n1qnp1/8/3p1Pb1/3P1NPP/PP1BP1B1/R1RQ2K1 b - - 0 14,0.0,b
2r1r1k1/pp2ppbp/2n1qnp1/8/Q2p1P2/3P1PPP/PP1B2B1/R1R3K1 b - - 2 16,0.0,b
4r1k1/Qp2ppbp/2r2np1/8/3p1P2/3P1PPP/PP1Bq1B1/R5K1 b - - 0 18,0.0,b
4r1k1/1p2ppbp/5np1/8/3Q1P2/3P1PPP/PPrq4/R5KB b - - 2 20,0.0,b
4r1k1/1p2ppb1/5np1/7p/5P2/3P1PPP/PPr2Q1q/R4K1B b - - 1 22,0.0,b
3rr1k1/pb3p1p/1p3np1/2p1q3/1P2P2n/P2B2NP/4QPP1/2R1R1K1 w - - 0 27,0.0,w
3r2k1/pb2rp1p/1p3np1/2p5/1PB1Pq1n/P5NP/Q4PP1/2R1R1K1 w - - 4 29,0.0,w
6k1/pb3r1p/1p3np1/2P5/4Pq1n/P5NP/Q2r1PP1/2R1R1K1 w - - 1 31,0.0,w
6k1/pb3r1p/1P4p1/8/4n2n/P5NP/3q1PP1/2R1R1K1 w - - 0 33,0.0,w
2R5/p4rkp/1P4p1/8/4b2n/P6P/3q1PP1/4R1K1 w - - 2 35,0.0,w
6k1/p4r1p/1P4p1/6q1/4b2n/P6P/5PP1/5RK1 w - - 2 37,0.0,w
rnbq1rk1/ppp2pbp/3p1np1/4N3/PP6/6P1/1BPPPPBP/R2QK2R b KQ - 0 7,1.0,b
rnb2rk1/ppp2pbp/3q1np1/4P3/PP6/6P1/1BP1PPBP/R2QK2R b KQ - 0 9,1.0,b
rnb2rk1/ppp2pbp/6p1/4P3/Pq4n1/B5P1/2P1PPBP/R2Q1K1R b - - 3 11,1.0,b
rnb1r1k1/ppp2pbp/6p1/4P3/P5n1/B1qQ2P1/R1P1PPBP/5K1R b - - 7 13,1.0,b
rnb1r1k1/ppp2p1p/6p1/q3b3/P5n1/B5P1/R1P1PPBP/3Q1K1R b - - 1 15,1.0,b
rn2r1k1/pBp2p1p/1q2b1p1/4b3/P5n1/B3P1P1/R1P2P1P/3Q1K1R b - - 0 17,1.0,b
Bn2r1k1/p1p2p1p/1q4p1/4b3/P7/B3P1P1/b1P2K1P/3Q3R b - - 0 19,1.0,b
4r1k1/p1p2p1p/1q4p1/n2Bb3/8/B3P1P1/b1P2K1P/3Q3R b - - 1 21,1.0,b
4r1k1/p1p2p1p/1q3bp1/n1BQ4/8/4P1P1/2P2K1P/7R b - - 2 23,1.0,b
6k1/p1Q2p1p/5bp1/n3r3/8/4P1P1/2P2K1P/7R b - - 0 25,1.0,b
8/p1Q2pkp/5bp1/n4r2/8/4P1P1/2P1K2P/7R w - - 4 28,1.0,w
8/1Q3pkp/2n2bp1/1r6/8/4P1P1/2P1K2P/7R w - - 3 30,1.0,w
4Q3/5pkp/5bp1/3n4/8/4P1P1/2P1K2P/7R w - - 3 32,1.0,w
4Q3/5pkp/5bp1/3n4/8/2P1P1P1/4K2P/5R2 w - - 1 34,1.0,w
8/3Q1pkp/4nbp1/8/2P5/4P1P1/4K2P/5R2 w - - 3 36,1.0,w
8/3Q1p1p/5kp1/6n1/2P5/4P1P1/4K2P/8 w - - 0 38,1.0,w
8/5p1p/6p1/2P2kn1/3Q4/4P1P1/4K2P/8 w - - 1 40,1.0,w
3r2k1/pb3ppp/1p3n2/4q3/1PB1P2n/4Q1NP/1r3PP1/2R1R1K1 w - - 3 31,0.0,w
4r1k1/pb3ppp/1p3n2/8/1PBqP2n/Q5NP/1r3PP1/2R2RK1 w - - 7 33,0.0,w
5k2/1Q2rppp/1p3n2/8/1PBqP2n/6NP/1r3PP1/2R2RK1 w - - 1 35,0.0,w
4rk2/5ppp/1p6/8/1PBqn2n/6NP/1r3PP1/Q1R2RK1 w - - 0 37,0.0,w
4rk2/5ppp/1p6/8/1PB1q2n/5P1P/6r1/Q1R2RK1 w - - 0 39,0.0,w
4rk2/5ppp/1p6/8/1PB1q3/5n1P/7r/Q1R1R2K b - - 2 41,0.0,b
5k2/p1rr1ppp/1p3n2/1P2P3/5P1n/R6P/4N1P1/R5K1 b - - 0 40,0.0,b
5k2/p1rr2pp/1p2p3/1P1n4/5P1n/3R3P/4N1P1/R5K1 b - - 1 42,0.0,b
8/p1rrk2p/1p2p1p1/1P1n4/5P1n/3R2PP/4NK2/R7 b - - 0 44,0.0,b
8/p1rrk2p/1p2p1p1/1P1n4/3R1P2/6PP/5K2/R7 b - - 0 46,0.0,b
8/p1rrk2p/1p2p1p1/1P1n4/4RP2/6PP/8/R3K3 b - - 4 48,0.0,b
8/R1r1k2p/1p2p1p1/1P1r4/5P2/2n1R1PP/8/4K3 b - - 0 50,0.0,b
8/r3k2p/1p2p1p1/1r6/5P2/2R3PP/3K4/8 b - - 1 52,0.0,b
8/3rk2p/1p2p1p1/2r5/5P2/R5PP/4K3/8 b - - 5 54,0.0,b
8/3r1k1p/1p2p1p1/8/5P2/4RKPP/2r5/8 b - - 9 56,0.0,b
8/5k1p/1p2p1p1/8/5P2/3R1KPP/3r4/8 b - - 0 58,0.0,b
8/5k1p/1p2p1p1/8/5P2/2r3PP/6K1/8 b - - 3 60,0.0,b
8/5k1p/4p1p1/8/1p3PP1/2r4P/5K2/8 b - - 0 62,0.0,b
8/5k1p/4p1p1/6P1/5P2/1p5r/6K1/8 b - - 0 64,0.0,b
8/5k1p/4p3/5pP1/8/7K/1p6/8 b - - 0 66,0.0,b
8/7p/4p1k1/6P1/5p2/5K2/1p6/8 b - - 1 68,0.0,b
8/7p/4p3/6k1/5p2/5K2/8/1q6 b - - 1 70,0.0,b
r2qr1k1/pp1nbppp/2p1bn2/4p3/3pP3/2PP1P2/PPBNQ1PP/R1B2R1K w - - 0 12,0.0,w
r2qr1k1/pp1n1ppp/2p1bn2/4P3/1b1p4/3P1P2/PPBNQ1PP/R1B2R1K w - - 1 14,0.0,w
r3r1k1/pp1n1ppp/2p2q2/3b4/1b1p4/3P1P2/PPBN1QPP/R1B2R1K w - - 0 16,0.0,w
r3r1k1/pp1nbppp/2p5/3b1q2/3pN3/P2P1P2/1PB2QPP/R1B2R1K w - - 1 18,0.0,w
r3rnk1/pp2bppp/2p3q1/3b4/3pNB2/P2P1P1P/1PB2QP1/R4R1K w - - 3 20,0.0,w
r3r1k1/pp2bppp/2p3q1/3bQ3/4Nn2/P2P1P1P/1PB3P1/R4R1K w - - 0 22,0.0,w
3rr1k1/pp3ppp/2p3q1/3b2b1/5Q2/P2P1PNP/1PB3P1/R4R1K w - - 3 24,0.0,w
3rr1k1/pp3ppp/2p2bq1/8/8/P2P1QNP/1PB3P1/R4R1K w - - 1 26,0.0,w
4r1k1/pp1r1ppp/2p2b2/5N2/3P4/P4Q1P/1Pq3P1/R4R1K w - - 2 28,0.0,w
3r2k1/pp1r1pNp/2p2Q2/8/3Pq3/P6P/1P4P1/R4R1K w - - 1 30,0.0,w
3r3k/pp1r1p1p/2p5/6QN/3q4/P6P/1P4P1/R4R1K w - - 2 32,0.0,w
3r3k/pp1r1p1p/2p2q2/7N/5R2/P6P/6P1/R6K w - - 0 34,0.0,w
7k/pp3p1p/2p2N2/8/5R2/P6P/6P1/3r3K w - - 0 36,0.0,w
8/pp3pkN/2p5/8/5R2/P2r3P/6PK/8 w - - 1 38,0.0,w
8/pp3N2/2p3k1/8/5R2/r6P/6PK/8 w - - 0 40,0.0,w
8/pp6/2p2R2/4N1k1/8/r6P/6PK/8 w - - 4 42,0.0,w
8/p7/2N5/6k1/8/7P/6PK/r7 w - - 1 44,0.0,w
8/8/p7/6k1/rN6/6KP/6P1/8 w - - 2 46,0.0,w
8/8/p5k1/3N4/r6P/6K1/6P1/8 w - - 3 48,0.0,w
8/8/p7/3Nk3/r6P/6K1/6P1/8 w - - 7 50,0.0,w
4N3/8/p7/3k4/r6P/6K1/6P1/8 w - - 11 52,0.0,w
8/8/p7/5k2/r5NP/6K1/6P1/8 w - - 15 54,0.0,w
8/8/p7/4k3/7P/r7/5NPK/8 w - - 19 56,0.0,w
8/8/p7/6kP/6N1/r7/6PK/8 w - - 3 58,0.0,w
8/8/6kP/p7/6N1/r7/6P1/7K w - - 0 60,0.0,w
8/8/7k/p7/2N5/8/6P1/r6K w - - 2 62,0.0,w
8/6k1/8/p7/r7/8/1N4PK/8 b - - 6 64,0.0,b
8/5k2/8/p7/1r6/7K/6P1/3N4 b - - 10 66,0.0,b
8/5k2/8/8/p7/1r4PK/5N2/8 b - - 2 68,0.0,b
8/8/6k1/8/6K1/1r4P1/p4N2/8 w - - 0 71,0.0,w
8/5k2/8/8/5NK1/1r4P1/8/q7 w - - 2 73,0.0,w
8/5k2/8/3N1K2/3q4/6r1/8/8 w - - 2 75,0.0,w
8/5k2/5q2/6K1/8/5r2/8/8 w - - 0 77,0.0,w
8/5k2/5q2/8/8/6K1/8/r7 w - - 4 79,0.0,w
8/5k2/6q1/8/8/6K1/8/5r2 w - - 8 81,0.0,w
3q1r1k/2p2rbn/1p1p2pp/pPnPp3/P3p3/3P1PPB/7P/2BQRR1K w - - 0 34,1.0,w
5r1k/2p1qrb1/1p1p1npp/pPnPp3/P3P3/3PB1PB/7P/3QRR1K w - - 3 36,1.0,w
4qr1k/2p2rb1/3pBnpp/pPpPp3/P3P3/3P2P1/7P/3QRR1K w - - 2 38,1.0,w
4q2k/5rb1/1p1p1npp/p1pPp3/P3P3/3P2P1/7P/3QRR1K w - - 0 40,1.0,w
4qrk1/6b1/1p1p1npp/p1pPp3/P3P3/3P2P1/4R1KP/3Q1R2 w - - 4 42,1.0,w
5r2/3q1kb1/1p1p1npp/p1pPp3/P3P3/3P2P1/1R3RKP/3Q4 w - - 8 44,1.0,w
2q2r2/4k1b1/3R1npp/p1pPp3/P3P3/3P2P1/5RKP/3Q4 w - - 1 46,1.0,w
5r2/4k1b1/1q3npp/p1RPp3/P3P3/3P2P1/5RKP/3Q4 w - - 1 48,1.0,w
8/4k1b1/1q3rp1/p2Pp2p/P3P3/3P2P1/2R3KP/3Q4 w - - 0 50,1.0,w
4k3/2R3b1/5rp1/p2Pp2p/P2qP3/6P1/6KP/3Q4 w - - 2 52,1.0,w
4k3/2R3b1/3r2p1/p2Pp2p/P3P3/6PK/5q1P/1Q6 w - - 6 54,1.0,w
1Q1r1k2/2R3b1/6p1/p2Pp2p/P3P3/6PK/5q1P/8 w - - 10 56,1.0,w
5k2/p1rr1ppp/1p6/1P1nP3/5P1n/R5PP/4N3/R5K1 b - - 0 41,1.0,b
8/p1rrkppp/1p4n1/1P1nP3/3N1P2/3R2PP/8/R5K1 b - - 4 43,1.0,b
8/p2rkppp/1p4n1/1P2PN2/1nr2P2/6PP/3R4/R5K1 b - - 8 45,1.0,b
8/p3Rppp/1p2k3/1P2PN2/1nr2n2/6PP/8/R5K1 b - - 1 47,1.0,b
8/p5pp/1p4k1/1P2P3/1nr2R2/6PP/8/R5K1 b - - 0 49,1.0,b
8/p5pp/1p4k1/1P2P3/R4P2/3n3P/8/6K1 w - - 2 52,1.0,w
8/p5pp/Rp4k1/1P2P3/8/7n/5K2/8 w - - 0 54,1.0,w
8/R5p1/1p4kp/1P2P3/8/6K1/8/6n1 w - - 0 56,1.0,w
8/R5p1/1p4k1/1P2P2p/8/4K2n/8/8 w - - 0 58,1.0,w
8/1R4p1/1p4k1/1P2P1n1/3K3p/8/8/8 w - - 2 60,1.0,w
8/6R1/8/1P2P1n1/3K4/7p/8/8 b - - 0 62,1.0,b
8/8/4P3/1P4R1/3K4/8/8/7q b - - 0 64,1.0,b
8/8/1q2P3/2R5/3K4/8/8/8 b - - 1 66,1.0,b
8/8/4P3/3q4/8/4K3/8/8 b - - 3 68,1.0,b
8/8/4P3/8/8/4q3/6K1/8 b - - 7 70,1.0,b
8/8/4P3/8/8/8/8/6K1 b - - 0 72,1.0,b
r3r1k1/pp1bb1np/2p1p1p1/3p4/6P1/2P5/PPBN3P/R1B2R1K w - - 0 21,0.5,w
r4rk1/pp1b2np/2pbp1p1/3p4/6P1/2P2N2/PPB3KP/R1B2R2 w - - 4 23,0.5,w
5rk1/pp1b2np/2pbprpB/3p4/6P1/2P2N2/PPB3KP/4RR2 w - - 8 25,0.5,w
5rk1/pp1b2np/3bp1p1/2pp2N1/6P1/2P1B3/PPB3KP/4Rr2 w - - 0 27,0.5,w
6k1/pp4np/3bp1p1/1bpp2N1/6P1/2P1B3/PPB4P/5K2 w - - 1 29,0.5,w
6k1/pp4np/3bp1p1/1bpp2N1/6P1/1PP1B3/P1B2K1P/8 w - - 1 31,0.5,w
6k1/pp4np/3bp1p1/1bpp2N1/6P1/1PP1B3/P1B1K2P/8 w - - 5 33,0.5,w
6k1/pp4np/4p1p1/1bp3N1/3P2P1/1P2B3/P1B4b/3K4 w - - 0 35,0.5,w
6k1/pp4np/2b3p1/2P1p1N1/4B1P1/1P2B3/P6b/3K4 w - - 2 37,0.5,w
6k1/p5np/2p3p1/2P1p1N1/5bP1/1P2B3/P2K4/8 w - - 2 39,0.5,w
8/p5nk/2p3p1/2P5/5pP1/1P6/P2K4/8 w - - 0 41,0.5,w
8/p6k/2p1n1p1/2P5/4K1P1/1P3p2/P7/8 w - - 0 43,0.5,w
8/p2n3k/2p3p1/8/5KP1/1P6/P7/8 w - - 2 45,0.5,w
7k/p2n4/2p3p1/6P1/8/1P2K3/P7/8 w - - 1 47,0.5,w
8/p5k1/2p3p1/2n3P1/8/1P6/P2K4/8 w - - 5 49,0.5,w
8/p5k1/2p3p1/6n1/8/1P6/P1K5/8 w - - 0 51,0.5,w
8/p4k2/2p1n1p1/8/8/1P6/P2K4/8 b - - 4 53,0.5,b
8/p7/2p1n1p1/4k3/8/1P6/P2K4/8 b - - 8 55,0.5,b
8/p7/2p1n1p1/4k3/8/1P3K2/P7/8 b - - 12 57,0.5,b
8/p7/2p3p1/2n2k2/8/1P6/P4K2/8 b - - 16 59,0.5,b
8/p7/2p3p1/8/4nk2/1P6/P6K/8 b - - 20 61,0.5,b
8/p7/2p3p1/8/P7/1Pn2k2/7K/8 w - - 1 64,0.5,w
8/p7/2p5/6p1/PP2n3/5k1K/8/8 w - - 0 66,0.5,w
8/p7/2p5/1P6/P3n2K/5kp1/8/8 w - - 0 68,0.5,w
8/p1P5/5n2/8/P6K/5k2/6p1/8 w - - 0 70,0.5,w
8/pQ6/5n2/8/P6K/8/4k3/6q1 w - - 2 72,0.5,w
8/p7/5n2/8/P6K/2Q5/5k2/6q1 w - - 6 74,0.5,w
8/p7/4Q3/8/P6K/3k4/8/6q1 w - - 3 76,0.5,w
8/p7/8/8/P5K1/3k3q/8/8 w - - 0 78,0.5,w
8/p7/8/Pk6/8/7K/8/8 w - - 1 80,0.5,w
8/p7/8/6K1/k7/8/8/8 w - - 2 82,0.5,w
8/8/8/pk6/6K1/8/8/8 w - - 2 84,0.5,w
8/8/8/8/pk4K1/8/8/8 w - - 2 86,0.5,w
8/8/8/8/1k6/6K1/p7/8 w - - 0 88,0.5,w
8/8/8/8/1k1q4/5K2/8/8 w - - 2 90,0.5,w
8/8/8/8/1k6/5q2/8/7K w - - 6 92,0.5,w
8/8/8/8/8/2k4q/5K2/8 w - - 10 94,0.5,w
8/8/8/8/2k5/6q1/8/5K2 w - - 14 96,0.5,w
8/8/8/8/2k5/6q1/8/5K2 w - - 18 98,0.5,w
8/8/8/8/8/2kq4/8/4K3 w - - 22 100,0.5,w
r4rk1/1p1bp1bp/1qnn2p1/p1pB1pN1/2Pp1PP1/Q2P3P/PP1BPR2/6RK b - - 3 18,0.0,b
r4r1k/1p1b2bp/1qnnp1p1/p1pB1pP1/2Pp1P2/Q2P1N1P/PP1BPR2/6RK b - - 0 20,0.0,b
r4r1k/1p1bn1bp/1q1n2p1/p1pP1pP1/3p1P2/Q2P1N1P/PP1BPR2/2R4K b - - 2 22,0.0,b
r1r3k1/1p1bn1bp/1q1n2p1/p1pPNpP1/3p1P1P/Q2P4/PP1BPR2/2R4K b - - 2 24,0.0,b
r1r3k1/1p2n1bp/1N1q2p1/pnpP1pP1/3p1P1P/Q2P4/PP1BPR2/2R4K b - - 2 26,0.0,b
2r3k1/1p2n1bp/3q2p1/p1pP1pP1/3p1P1P/P2P4/P2BPR2/2R4K b - - 0 28,0.0,b
2r3k1/1p2n1bp/6p1/2pq1pP1/p1Rp1P1P/P2P4/P2BPR2/6K1 b - - 1 30,0.0,b
2r3k1/1p2nqbp/6p1/5pP1/R1Pp1P1P/P7/P2BPR2/6K1 b - - 0 32,0.0,b
2R3k1/1p2nqbp/6p1/5pP1/3p1P1P/P7/P2BPR2/6K1 b - - 0 34,0.0,b
2n3k1/1p4bp/6p1/5pP1/3p1P1P/P7/q2BP3/2R3K1 b - - 1 36,0.0,b
4Rbk1/1p5p/6p1/5pP1/3p1P1P/P7/3qP3/6K1 b - - 2 38,0.0,b
4Rbk1/1p5p/6p1/5pP1/3p3P/P6q/4P3/5K2 w - - 3 41,0.0,w
4Rbk1/1p5p/6p1/5pq1/3p4/P7/4P3/3K4 w - - 0 43,0.0,w
2R2bk1/1p5p/6p1/5p2/3p4/q7/2K1P3/8 w - - 0 45,0.0,w
5bk1/1p5p/6p1/5p2/2R5/3P4/2K5/q7 w - - 1 47,0.0,w
2R2bk1/1p5p/6p1/5p2/8/3P4/q2K4/8 w - - 5 49,0.0,w
6k1/1p5p/6p1/5p2/8/3P4/2qb4/8 w - - 0 53,0.0,w
r2n1r1k/1p1b2bp/4p1p1/p1pB1nN1/1qPp1P1P/3P4/P2BPR2/3Q2RK b - - 1 24,0.0,b
r2n1r1k/1p1b2bp/4p1p1/p1pB1n2/2PpPP1P/3P1N2/q2B1R2/3Q2RK b - e3 0 26,0.0,b
r2n1r1k/1p1b2bp/5Pp1/p1pp4/2Pp1P1P/q2P1N2/3B1R2/3Q2RK b - - 0 28,0.0,b
r2n1r1k/1p1b3p/5bp1/p1pp4/Q1Pp1P1P/3P1N2/5R2/2B3RK b - - 0 30,0.0,b
r2n1r1k/1p5p/5bp1/pbpP4/3p1P1P/3P1N2/1B3R2/6RK b - - 2 32,0.0,b
r2n1r1k/1p5p/5bp1/2pP4/p2p1P1P/3b1N2/5R2/2B1R2K b - - 1 34,0.0,b
r2n1r1k/1p5p/5bp1/2pP1b1P/3p4/p4N2/5R2/2B1R2K b - - 0 36,0.0,b
r2n1r1k/1p5p/5bb1/2pPN3/8/p2p4/5R2/2B1R2K b - - 1 38,0.0,b
r2n1r1k/1p6/5bp1/2pP4/8/3p4/pB3R2/4R2K b - - 1 40,0.0,b
3n1r1k/1p6/5bp1/2pP4/8/3p4/5R2/R6K b - - 0 42,0.0,b
3R4/1p4k1/6p1/2pP4/8/3p4/8/b6K b - - 0 44,0.0,b
8/1R6/6pk/2pP4/8/8/3p4/b6K b - - 0 46,0.0,b
8/8/1R4pk/2pq4/8/8/7K/b7 b - - 1 48,0.0,b
8/8/1R4p1/2pqb1k1/8/8/5K2/8 b - - 5 50,0.0,b
8/8/1R4p1/2p3k1/2qb4/8/3K4/8 b - - 9 52,0.0,b
8/8/1R4p1/b1p3k1/2q5/8/8/3K4 b - - 13 54,0.0,b
8/8/1b4p1/2p3k1/8/3q4/1K6/8 b - - 1 56,0.0,b
8/8/6p1/2b3k1/2p5/3q4/K7/8 b - - 3 58,0.0,b
8/8/6p1/6k1/2p5/3q4/5b2/K7 w - - 7 75,0.0,w
8/8/6p1/8/2p2k2/3q4/1K3b2/8 b - - 11 78,0.0,b
8/8/6p1/8/K4k2/3q4/2p2b2/8 b - - 1 80,0.0,b
8/8/6p1/8/K4k2/3q4/8/2r1b3 b - - 3 82,0.0,b
rn1q1rk1/ppb2ppp/2p2nb1/2Pp4/1P3P2/3BP3/PBQ3PP/RN3RK1 w - - 1 13,0.0,w
rn1qr1k1/ppb3pp/2p2np1/2Pp4/1P3P2/4P3/PBQ3PP/RN1R2K1 w - - 2 15,0.0,w
rn4k1/ppb3pp/2p2qp1/2Pp4/1P3P2/4r3/P1QN2PP/R2R2K1 w - - 0 17,0.0,w
r5k1/ppb3pp/n4qp1/1pPp4/5P2/4r1P1/P1QN3P/R2R2K1 w - - 0 19,0.0,w
2r3k1/pp4pp/n1P2qp1/bp1p4/5P2/4r1P1/P1QN3P/1R1R2K1 w - - 1 21,0.0,w
2r3k1/pR4pp/n1P3p1/b2p4/3q1P2/6P1/P1QNr2P/3R2K1 w - - 1 23,0.0,w
2r2k2/p5Rp/n1P3p1/b2p4/5P2/6P1/P1QNrq1P/3R3K w - - 1 25,0.0,w
7k/2p3bn/1p1p2pp/pPnPp3/P3Pr1q/3P1P2/6BP/3QRR1K w - - 0 37,0.5,w
7k/2p2rbn/1p1p3p/pPnPp1p1/P3P2q/3P1P2/3Q2BP/R4R1K w - - 0 39,0.5,w
7k/2p2rb1/1p1p1n1p/pPnPp1pq/P3P3/3P1P2/3Q2BP/2R2RK1 w - - 4 41,0.5,w
7k/2p2rb1/1p3n1p/pPnPp1pq/P4p2/3P4/3Q2BP/2R2RK1 w - - 0 43,0.5,w
7k/2p2rb1/1p5p/pPnnp2q/P4pp1/3P4/3Q3P/2RB1RK1 w - - 0 45,0.5,w
7k/2p2rb1/1p5p/pP1np3/n4pq1/3P4/3Q3P/2R2R1K w - - 0 47,0.5,w
7k/2p2rb1/1p5p/pP1np3/n7/3P1p2/5QqP/2R2R1K w - - 2 49,0.5,w
7k/2p2rb1/1p5p/pP2p3/n7/3Pn3/6KP/2R2R2 w - - 1 51,0.5,w
7k/2p2rb1/1p5p/pPn1p3/8/3P4/7P/5RK1 w - - 1 53,0.5,w
7k/2R3b1/1p5p/pP6/4p3/3n4/7P/6K1 w - - 0 55,0.5,w
8/6b1/1p4kp/pP6/2R1p3/3n4/7P/6K1 w - - 4 57,0.5,w
8/4R3/1p5p/pP3k2/3b4/3n4/7P/6K1 w - - 3 59,0.5,w
8/4R3/1p5p/pPn1bk2/8/8/4K2P/8 w - - 7 61,0.5,w
8/8/1p5p/pPn1b3/6k1/8/4KR1P/8 w - - 11 63,0.5,w
8/8/1p5p/pPn1b3/6k1/8/4KR1P/8 w - - 15 65,0.5,w
8/8/1p5p/pP2bk2/8/1n3K2/6RP/8 w - - 19 67,0.5,w
8/8/1p5p/1P2bk2/p2n4/4K3/6RP/8 w - - 2 69,0.5,w
8/8/1p2k2p/1n2b3/p7/4K3/6RP/8 w - - 0 71,0.5,w
8/8/1p5p/1n2bk2/8/p3K3/6RP/8 b - - 0 73,0.5,b
8/8/1p1n3p/4b1k1/8/p4K2/5R1P/8 b - - 4 75,0.5,b
8/8/1p3k1p/1n2b3/6K1/p7/R6P/8 b - - 8 77,0.5,b
8/2b3k1/1p5p/1n6/8/p6K/2R4P/8 b - - 12 79,0.5,b
8/6k1/1p5p/4b3/3n4/p7/3R2KP/8 b - - 16 81,0.5,b
8/8/1p3k1p/4b3/3n4/R7/p5KP/8 b - - 1 83,0.5,b
8/8/1p3k1p/5n2/8/8/6KP/b7 b - - 0 86,0.5,b
8/2b5/1p3k1p/5n2/8/8/5K1P/8 b - - 4 88,0.5,b
8/8/1p3k1p/4bn2/8/5K2/8/8 b - - 3 90,0.5,b
8/8/1p1n2kp/4b3/8/8/3K4/8 b - - 7 92,0.5,b
8/8/1p1n2k1/4b3/7p/8/2K5/8 b - - 1 94,0.5,b
8/8/1p1n2k1/4b3/8/8/7p/2K5 b - - 1 96,0.5,b
8/8/3n2k1/1p2b3/8/1K6/8/7q b - - 1 98,0.5,b
8/8/2q3k1/1p2b3/2n5/1K6/8/8 w - - 5 102,0.5,w
8/8/8/1p2bk2/2n5/1K6/8/7q w - - 9 104,0.5,w
8/8/8/1p2bk2/2n5/1K6/6q1/8 w - - 13 106,0.5,w
8/8/6k1/4b3/2K5/8/6q1/8 b - - 0 108,0.5,b
8/1q6/6k1/4b3/2K5/8/8/8 b - - 4 110,0.5,b
8/8/6k1/8/4q3/8/K7/b7 b - - 8 112,0.5,b
8/8/6k1/8/q7/2b5/8/2K5 b - - 12 114,0.5,b
8/8/6k1/8/4q3/8/8/b1K5 b - - 16 116,0.5,b
8/8/6k1/8/4q3/8/8/b1K5 b - - 20 118,0.5,b
r3r1k1/pb2pp1p/1pnn2pP/8/P2b2q1/2PB2N1/5PP1/R1B1QRK1 w - - 0 19,0.0,w
r3r1k1/pb2pp1p/1pnn2pP/8/P2P4/1q6/4BPP1/R1B1QRK1 w - - 1 21,0.0,w
2r1r1k1/pb2pp1p/1pnn2pP/8/P2P4/q3B3/4BPP1/2R1QRK1 w - - 5 23,0.0,w
2nnr1k1/pb2pp1p/1p4pP/3P4/P7/q3B3/4BPP1/4QRK1 w - - 0 25,0.0,w
2nn1rk1/p3pp1p/1p4pP/1B1b4/P4B2/q7/5PP1/4QRK1 w - - 0 27,0.0,w
2nn1rk1/p1q1pp1p/1p4pP/1B1b4/P7/4BP2/6P1/4QRK1 w - - 3 29,0.0,w
2nn1rk1/pb2pp1p/1q4pP/1B6/P7/5P2/5RP1/4Q1K1 w - - 0 31,0.0,w
2nn1rk1/pb2pp1p/5qpP/1B6/P4P2/8/5RPK/4Q3 w - - 1 33,0.0,w
2nn1rk1/pb2pp1p/6pq/1B6/P7/6P1/2R4K/4Q3 w - - 0 35,0.0,w
2nn1rk1/pb2pp1p/6p1/1B6/P7/6P1/2R2K1q/4Q3 w - - 4 37,0.0,w
2nn1rk1/pb2pp1p/6p1/2q5/P7/3BK1P1/8/4Q3 w - - 2 39,0.0,w
2n2rk1/pb2p2p/4p1p1/2q5/P4K2/3B2P1/8/8 w - - 0 41,0.0,w
3r1k2/pb3p1p/1p3np1/1P6/2BrP2n/5PNP/6P1/2R1R1K1 w - - 0 34,0.0,w
3r1k2/pb1r1p1p/1p4p1/1P1nP3/2B4n/5P1P/4N1P1/2R1R1K1 w - - 1 36,0.0,w
3r1k2/pb2rp1p/1p2P1p1/1P1n4/2B5/5P1P/4N1K1/2R1R3 w - - 1 38,0.0,w
3r1k2/pb2rp1p/1p4p1/1P1n4/8/1B3P1P/4NK2/2R1R3 w - - 2 40,0.0,w
4k3/pb2rp1p/1p4p1/1P1r4/8/5P1P/4NK2/3RR3 w - - 0 42,0.0,w
5k2/p3rp1p/1p4p1/1P1b4/8/5P1P/4NK2/2R5 w - - 2 44,0.0,w
5k2/p3rp1p/1p4p1/1P6/2b4P/5P2/4NK2/R7 w - - 3 46,0.0,w
8/p3rpkp/1p4p1/1P6/2b4P/2N2P2/5K2/6R1 w - - 7 48,0.0,w
8/p3rp1p/1p2bkp1/1P6/6RP/2N2P2/5K2/8 w - - 11 50,0.0,w
8/p2r1pkp/1p2b1p1/1P6/5R1P/5P2/5K2/3N4 w - - 15 52,0.0,w
8/p2r1pkp/1p2b1p1/1P6/5R1P/5P2/4NK2/8 w - - 19 54,0.0,w
8/p2r1pkp/1p4p1/1P3b2/5R1P/2N2P2/5K2/8 b - - 23 56,0.0,b
8/p4p1p/1p3kp1/1P3b2/2R4P/5P2/3rNK2/8 b - - 27 58,0.0,b
8/p3kp1p/1p4p1/1P6/7P/2RbKP2/3rN3/8 b - - 31 60,0.0,b
8/p1R1kp1p/1p4p1/1P2r3/7P/3K1P2/8/8 b - - 2 62,0.0,b
8/R4p1p/1p2k1p1/1P3r2/2K4P/5P2/8/8 b - - 0 64,0.0,b
8/5p1p/Rp2k1p1/1P6/7r/3K1P2/8/8 b - - 1 66,0.0,b
8/5p1p/1R6/1P2k1p1/7r/4KP2/8/8 b - - 2 68,0.0,b
8/5p1p/1R3k2/1P4p1/r7/4KP2/8/8 b - - 6 70,0.0,b
8/4kp1p/1R6/1P4p1/7r/4KP2/8/8 w - - 10 73,0.0,w
8/4kp1p/1R6/1P4p1/5r2/2K2P2/8/8 w - - 14 75,0.0,w
8/4kp1p/7R/1P4p1/8/1r6/3K4/8 w - - 2 77,0.0,w
8/4kp1R/1r6/8/6p1/8/3K4/8 w - - 0 79,0.0,w
8/5p2/1r3k2/8/4R3/6p1/3K4/8 w - - 2 81,0.0,w
8/1r3p2/5k2/8/8/8/3K2R1/8 w - - 1 83,0.0,w
8/4rp2/8/5k2/8/8/5KR1/8 w - - 5 85,0.0,w
8/2r2p2/8/5kR1/8/5K2/8/8 b - - 9 87,0.0,b
8/5p2/8/8/4K1k1/2r5/8/8 w - - 3 90,0.0,w
8/5p2/8/4K3/6k1/8/3r4/8 w - - 7 92,0.0,w
4r3/5p2/8/8/6k1/4K3/8/8 w - - 11 94,0.0,w
8/5p2/8/8/4r1k1/8/5K2/8 b - - 15 96,0.0,b
8/5p2/8/8/4r3/6k1/8/6K1 b - - 19 98,0.0,b
2b1r1k1/1p5p/2pb2p1/P7/2pB2P1/2P5/3N2K1/R7 b - - 1 38,0.0,b
2b3k1/1p5p/P1pb2p1/8/2pB2P1/2P2K2/3r4/R7 b - - 0 40,0.0,b
2b3k1/7p/p2b2p1/2p3P1/2p5/2P1BK2/3r4/R7 b - - 1 42,0.0,b
6k1/1b5p/p2b2p1/2p3P1/2p4K/2P1B3/6r1/R7 b - - 5 44,0.0,b
6k1/1b5p/p2b2p1/2p3P1/2p4K/2P1B3/6r1/R7 b - - 9 46,0.0,b
6k1/1b5p/p2b2p1/2p3P1/R1p3K1/2P1B3/4r3/8 b - - 13 48,0.0,b
2b3k1/7p/p5p1/2p3P1/R1p4K/2P1r1b1/8/8 w - - 3 51,0.0,w
r1bq1rk1/1pp2pbp/3p1np1/pPn5/P3p3/R2P1NP1/1BP1PPBP/3Q1RK1 w - - 0 11,0.0,w
r2q1rk1/1pp2p1p/3p1bp1/pPn5/P3P1b1/R4NP1/2P1PPBP/3Q1RK1 w - - 0 13,0.0,w
r2q1rk1/1pp2p1p/4nbp1/pP2p3/P5b1/2R2NP1/2P1PPBP/3Q1RK1 w - - 2 15,0.0,w
r4rk1/1pp2p1p/4nbp1/pP2Rb2/P7/5NP1/2P1PPBP/3q1RK1 w - - 0 17,0.0,w
r4rk1/1pp2p1p/4n1p1/pP2N3/P7/6P1/2b1PPBP/3R2K1 w - - 0 19,0.0,w
rr4k1/1pp2p1p/6p1/pP1BN3/P2n4/6P1/2b1PP1P/R5K1 w - - 4 21,0.0,w
rr3k2/1pp4p/6B1/pP2N3/P7/6P1/2b1nP1P/R5K1 w - - 0 23,0.0,w
rr3k2/1pp4p/6b1/pP2N3/P7/6P1/7P/R4K2 b - - 0 25,0.0,b
r3rk2/1pp4p/8/pP6/P1N5/3b2P1/7P/R5K1 b - - 4 27,0.0,b
r4k2/1pp4p/8/pP6/P1b1r3/6P1/5K1P/2R5 b - - 3 29,0.0,b
4rk2/1pp4p/8/pP6/P1r5/6P1/7P/5K2 b - - 1 31,0.0,b
4rk2/1pp4p/8/pP6/8/6P1/r6P/5K2 b - - 3 33,0.0,b
4rk2/1pp4p/8/pP6/8/6P1/r7/5K2 w - - 3 36,0.0,w
8/1pp2k1p/8/pP6/6P1/8/r7/4r1K1 w - - 3 38,0.0,w
3q1r1k/2p2rbn/1p1p2pp/pPnPp3/P3PpP1/3P1P1B/7P/2BQRR1K b - - 0 34,0.5,b
2q2r1k/2p2rb1/1p1p1npp/pPBPp3/P3PpP1/3P1P1B/7P/3QRR1K b - - 0 36,0.5,b
2q2r1k/2p2rb1/3p1n1p/pPpPp1p1/P3PpP1/3P1P1B/3Q3P/2R2R1K b - - 1 38,0.5,b
qr5k/2p2rb1/3p1n1p/pPpPp1p1/P3PpP1/3P1P1B/3QR2P/2R4K b - - 5 40,0.5,b
qr4k1/2p1r1b1/3p1n1p/pPpPp1p1/P3PpP1/3P1P1B/3QRK1P/2R5 b - - 9 42,0.5,b
qr3k2/2pr2b1/3p1n1p/pPpPp1p1/P3PpP1/3P1P1B/2R2K1P/2R1Q3 b - - 13 44,0.5,b
q7/2pr1kb1/1r1p1n1p/pPpPp1p1/P3PpP1/3P1P2/2RQ1KBP/2R5 b - - 17 46,0.5,b
qr6/2p2kb1/1r1p1n1p/pPpPp1p1/P3PpP1/3P1P2/2RQ1KBP/2R5 b - - 21 48,0.5,b
qr6/2p2kb1/1r1p1n1p/pPpPp1p1/P3PpP1/3P1P2/2RQBK1P/2R5 w - - 25 51,0.5,w
1r6/qrp2kb1/3p1n1p/pPpPp1p1/P3PpP1/3P1P2/2RQ1KBP/2R5 w - - 29 53,0.5,w
1r3b2/1rp2k2/1q1p1n1p/pPpPp1p1/P1R1PpP1/3P1P2/5KBP/2R1Q3 w - - 33 55,0.5,w
1r3b2/1rp2k2/1q1p1n1p/pPpPp1p1/P1R1PpP1/3P1P2/5KBP/2R1Q3 w - - 37 57,0.5,w
r2q1rk1/ppnb1ppp/5n2/6B1/2P5/2N3Q1/PP3PPP/3R1BK1 b - - 2 17,0.0,b
r1q2r1k/ppnb1ppp/5B2/8/2P5/2N2Q2/PP3PPP/3R1BK1 b - - 0 19,0.0,b
r1q2r1k/ppn2ppp/5B2/3P4/8/5Q2/PP3PPP/3R1BK1 b - - 0 21,0.0,b
r1q2rk1/ppn2p1p/8/3P2Q1/8/8/PP3PPP/3R1BK1 b - - 2 23,0.0,b
r1q3rk/ppn2p1p/7Q/3P4/8/3B4/PP3PPP/3R2K1 b - - 6 25,0.0,b
r1q4k/ppn4p/6p1/3P4/5Q2/8/PP3PPP/3R2K1 b - - 1 27,0.0,b
r5k1/ppnq3p/3P2p1/8/8/6Q1/PP3PPP/3R2K1 b - - 2 29,0.0,b
7k/5nrp/2b5/p1p3PR/2Pp1B2/3P4/P3PK2/8 b - - 0 38,0.0,b
7k/5n1p/2b1r3/p1p3PR/2Pp4/P2P4/3BPK2/8 b - - 2 40,0.0,b
8/5nkp/2b1r3/2p3P1/p1Pp4/P2P2K1/3BP2R/8 b - - 3 42,0.0,b
4r3/5n1p/2b3k1/2p3P1/p1Pp4/P2P2K1/4P2R/2B5 b - - 7 44,0.0,b
4r3/7R/2b5/2p3k1/p1Pp4/P2P2K1/4P3/8 b - - 0 46,0.0,b
8/2R5/2b5/2p3k1/p1Pp4/P2Pr3/7K/8 b - - 3 48,0.0,b
8/8/8/2R3k1/p1Pp4/r7/7K/8 b - - 0 50,0.0,b
8/8/8/7R/p1Ppk3/r7/7K/8 b - - 4 52,0.0,b
8/8/8/2P4R/3pk3/p1r5/6K1/8 b - - 1 54,0.0,b
8/8/8/2P5/3p4/2rk4/p5K1/7R b - - 3 56,0.0,b
8/8/8/2r5/3p4/R7/p2k2K1/8 b - - 3 58,0.0,b
8/8/8/8/3p4/5K2/r2k4/8 b - - 1 60,0.0,b
8/8/8/8/3p4/4k2K/r7/8 b - - 5 62,0.0,b
8/8/8/8/8/4k1K1/r2p4/8 b - - 1 64,0.0,b
8/8/8/6K1/8/4k3/1r6/3q4 b - - 1 66,0.0,b
8/5K2/8/8/8/4k3/8/r2q4 b - - 5 68,0.0,b
8/r7/6K1/8/5k2/8/8/3q4 b - - 9 70,0.0,b
6K1/3q4/r7/8/5k2/8/8/8 b - - 13 72,0.0,b
r3rnk1/pp2bppp/2p1bn2/3pq3/4PP2/2P5/PPBNQ1PP/R1B2R1K b - - 0 14,0.0,b
rq2rnk1/pp2bppp/2p2n2/3pP3/5Pb1/2P5/PPBN2PP/R1B1QR1K b - - 2 16,0.0,b
rq2r1k1/pp3ppp/2p2bn1/3p4/5Pb1/2P3Q1/PPBN2PP/R1B2R1K b - - 1 18,0.0,b
rq2r1k1/pp3Bpp/2p2b2/3p4/5P2/2P3Q1/PP1N2PP/R1B2b1K b - - 0 20,0.0,b
rq2r3/pp3kpp/2p2b2/8/3P1P2/6Q1/PP4PP/R1B2N1K b - - 0 22,0.0,b
rq2r3/pp3kpp/1bp5/8/5P2/6QP/PP1N2P1/R1B4K b - - 0 24,0.0,b
r3r3/pp3kpp/1bp1Q3/8/5P2/7P/PP1N2P1/R1B4K b - - 0 26,0.0,b
3rr3/pp4pp/1bp1k3/8/5P2/5N1P/PP1B2P1/R6K b - - 3 28,0.0,b
3r4/pp2r1pp/1b2k3/2p5/5P2/2B2N1P/PP4P1/4R2K b - - 3 30,0.0,b
3R4/pp2r1pp/1bk5/2p5/5P2/2B2N1P/PP4P1/7K b - - 0 32,0.0,b
3b4/pp2r1pp/8/2pk4/5P1P/2B2N2/PP4P1/6K1 b - - 0 34,0.0,b
8/ppb3rp/8/2pk1P2/7P/5N2/PP4P1/6K1 b - - 0 36,0.0,b
8/pp4rp/5b2/2pk1P2/7P/1P3N2/P5PK/8 b - - 2 38,0.0,b
8/pp4rp/5b2/2pk1P1P/8/1P3N2/P5P1/6K1 b - - 0 40,0.0,b
6r1/pp5p/5b1P/2p2P2/4k3/1P3N2/P5P1/5K2 b - - 2 42,0.0,b
6r1/pp5p/7P/2p2k2/3b4/1P3N2/P5P1/4K3 b - - 3 44,0.0,b
8/pp5p/7P/2p5/3bk3/1P6/P5N1/4K3 b - - 0 46,0.0,b
8/1p5p/p6P/8/2Pbk2N/8/P7/4K3 b - - 1 48,0.0,b
8/7p/pp5P/8/2Pb1N2/3k4/P7/4K3 b - - 3 50,0.0,b
8/7p/1p5P/p5N1/2kb4/8/P7/4K3 b - - 1 52,0.0,b
8/8/1p3N1P/p7/8/3kb3/P7/4K3 b - - 2 54,0.0,b
8/8/1p6/p7/5bN1/3k4/P4K2/8 b - - 3 56,0.0,b
8/2b5/1p3N2/p7/8/5K2/P2k4/8 b - - 7 58,0.0,b
3b4/8/1p6/p7/5N2/3k1K2/P7/8 b - - 11 60,0.0,b
8/4b3/1p2N3/p7/6K1/2k5/P7/8 b - - 15 62,0.0,b
8/8/1p1b4/p7/4N1K1/8/Pk6/8 b - - 19 64,0.0,b
8/8/1p6/p7/6K1/b7/1k1N4/8 b - - 1 66,0.0,b
8/8/1p6/p7/4N3/5K2/1k6/6b1 b - - 5 68,0.0,b
8/8/1p6/8/p3N3/5K2/8/2k3b1 b - - 3 70,0.0,b
8/8/1p6/1N6/8/p4K2/2k5/6b1 b - - 3 72,0.0,b
8/8/1p6/8/8/N5K1/p7/2k3b1 b - - 3 74,0.0,b
8/8/8/1p6/2N5/8/6K1/q1k3b1 b - - 1 76,0.0,b
8/8/8/8/8/8/2p5/q1k3K1 b - - 0 79,0.0,b
8/8/5q2/8/8/8/1kp4K/8 b - - 4 81,0.0,b
8/8/8/8/3q4/5K2/k1p5/8 w - - 8 85,0.0,w
8/8/8/8/8/6K1/k1p1q3/8 w - - 12 87,0.0,w
8/8/8/6K1/8/8/k1p4q/8 w - - 16 89,0.0,w
8/4K3/8/8/8/8/k6q/1q6 w - - 2 91,0.0,w
8/4K3/8/5q2/8/8/k2q4/8 w - - 6 93,0.0,w
4k3/p4p2/1p1n1p1p/1P1P4/3K1PPP/P2B4/8/8 b - - 0 36,1.0,b
4n3/p2k1p2/1p3p1p/1P1P2P1/5P1P/P1KB4/8/8 b - - 0 38,1.0,b
4n3/p2k1p2/1p6/1P1P2P1/8/P1KB4/8/8 b - - 0 40,1.0,b
8/p1n2p2/1p1k4/1P1P2P1/2BK4/P7/8/8 b - - 4 42,1.0,b
8/p1n2p2/1p1k4/1P1P2P1/2BK4/P7/8/8 b - - 8 44,1.0,b
8/p4pn1/1p1k4/1P1P2P1/3K2B1/P7/8/8 b - - 12 46,1.0,b
8/p2k1p2/1p6/1P1PKnP1/6B1/P7/8/8 w - - 16 49,1.0,w
3k4/p4p2/1p1P4/1P2KBP1/8/P7/8/8 w - - 1 51,1.0,w
4k3/p7/1p1P1K2/1P3BP1/P7/8/8/8 w - - 1 53,1.0,w
4k3/8/P2P1K2/p4BP1/8/8/8/8 w - - 0 55,1.0,w
3k4/P7/3P1KP1/5B2/p7/8/8/8 w - - 1 57,1.0,w
r4rk1/pp2ppbp/1qn1bnp1/2p5/3p1P2/Q1PP1NP1/PP1BP1BP/R4R1K b - - 5 11,0.5,b
r2r2k1/pp2ppbp/1qn1bnp1/2p5/5P2/Q1BP1NP1/PP2P1BP/R1R4K b - - 2 13,0.5,b
r2r2k1/pp2ppbp/1qn2np1/3b4/2P2P2/Q1B2NP1/PPR1P1BP/R6K b - - 0 15,0.5,b
r2R2k1/pp2ppbp/2n2np1/8/2P1bP2/Q1B2NP1/PP2PqBP/R6K b - - 0 17,0.5,b
3r3k/pp2ppbp/2n2Bp1/8/2P1bP2/1Q3NP1/PP2PqBP/R6K b - - 0 19,0.5,b
3r3k/pQ2pp1p/2n2bp1/8/2P2P2/5BP1/PP2Pq1P/R6K b - - 0 21,0.5,b
Q5k1/p3pp1p/2Br1bp1/8/2P2P2/6P1/PP2Pq1P/R6K b - - 2 23,0.5,b
8/p3ppkp/3r1bp1/2q5/2P1QP2/6P1/PP2P1BP/R6K b - - 6 25,0.5,b
2q5/p3ppkp/5bp1/8/1PP1QP2/6P1/P2rP1BP/4R2K b - - 2 27,0.5,b
2q5/Q3ppkp/5bp1/8/1Pr2P2/6P1/P3P1BP/4R2K b - - 0 29,0.5,b
3q4/2r1ppkp/5bp1/8/1P3P2/6P1/P3P1BP/3R2QK b - - 4 31,0.5,b
1q6/2r2pkp/4pbp1/8/1P3P2/5BP1/P3P2P/3R2QK b - - 1 33,0.5,b
1q6/2r2pkp/4pbp1/8/5P2/4PBP1/P4Q1P/3R3K b - - 2 35,0.5,b
5k1q/2r2p1p/4pbp1/8/4BP2/4P1P1/P4QKP/3R4 b - - 6 37,0.5,b
5k2/r4pqp/4pbp1/8/4BP2/4PQP1/P2R2KP/8 b - - 10 39,0.5,b
8/r3kpqp/5bp1/4P3/8/4PQP1/P2R2KP/1B6 b - - 0 41,0.5,b
8/r3kp1p/6pq/4b3/8/4PQP1/P6P/1B1R2K1 b - - 3 43,0.5,b
8/4kp1p/r5p1/4b1q1/8/4P1P1/P4Q1P/1B1R1K2 b - - 7 45,0.5,b
8/5p1p/5kp1/4b1q1/8/4P1P1/P3K2P/1B1R4 b - - 1 47,0.5,b
8/5p1p/5kp1/4b3/6q1/4P3/P2K3P/1B1R4 b - - 1 49,0.5,b
8/4kp1p/6p1/4b3/8/4P3/P2KB1qP/3R4 b - - 5 51,0.5,b
8/4kp1p/6p1/3q4/8/2K1P3/P3B2b/3R4 b - - 3 53,0.5,b
8/4kp1p/6p1/q7/6B1/4P3/2K4b/3R4 b - - 3 55,0.5,b
8/4kp1p/6p1/8/3R2q1/4P3/7b/2K5 b - - 1 57,0.5,b
2q5/4kp1p/6p1/4b3/8/3RP3/3K4/8 b - - 5 59,0.5,b
8/4kp1p/6p1/8/2q5/2b1P3/2K5/8 b - - 1 61,0.5,b
8/4kp1p/6p1/8/2q5/2b1P3/2K5/8 b - - 5 63,0.5,b
rn1q1rk1/pp3ppp/2pbbn2/3pp3/2P5/1P1BP3/PB1PNPPP/2RQK2R w K - 6 8,0.0,w
rn1q1rk1/pp3ppp/3bbn2/3p4/4p3/1P1BP1N1/PB1P1PPP/2RQK2R w K - 0 10,0.0,w
r4rk1/pp1n1ppp/3bbq2/3p4/4p3/1P2P1N1/P2P1PPP/1BRQK2R w K - 0 12,0.0,w
r4rk1/pp1n1ppp/3b1q2/3p4/6b1/1P2PpN1/P2PK1PP/1BRQ3R w - - 0 14,0.0,w
r4rk1/pp3ppp/3b1q2/3pn3/6b1/1PK1P1N1/P2P2pP/1BRQ3R w - - 0 16,0.0,w
r1r5/pp3ppk/3b1q2/3pn3/4N1b1/1PK1P3/P2P2pP/2RQ3R w - - 2 18,0.0,w
r7/pp3ppk/3b1q2/2rpn3/8/1PK1P3/P2P2pP/2RR4 w - - 0 20,0.0,w
r1bqk2r/pp2ppbp/1nn3p1/8/2p5/1PP3P1/P1BPNP1P/R1BQ1RK1 b kq - 0 10,0.0,b
r3k2r/pp2ppbp/1nnq2p1/8/2p3b1/1PP3P1/PBBPNP1P/R2QR1K1 b kq - 4 12,0.0,b
2kr3r/pp1bppbp/1nnq2p1/8/2p3P1/1PP4P/PBBPNP2/R2QR1K1 b - - 0 14,0.0,b
2kr3r/pp2ppbp/1nnqB1p1/8/6P1/2P4P/PB1PNP2/R2QR1K1 b - - 0 16,0.0,b
2kr3r/pp2p1bp/1n1qp1p1/8/3P2P1/7P/PB1P1P2/R2QR1K1 b - - 0 18,0.0,b
2kr3r/pp2p2p/1n2p1p1/8/3q2P1/7P/P2P1P2/2RQR1K1 b - - 1 20,0.0,b
3r3r/pp1kp2p/1n2p1p1/3Q4/6P1/7P/P2P1P2/2R1R1K1 b - - 0 22,0.0,b
3r3r/pp1kp2p/4p1p1/8/5nP1/7P/P2P1P2/2R1RK2 b - - 3 24,0.0,b
3r3r/pR1kp2p/4p1p1/8/6P1/7P/P2P1P2/4nK2 b - - 0 26,0.0,b
2kr3r/p3p2p/4p1p1/8/6P1/5n1P/PR1P1PK1/8 b - - 4 28,0.0,b
2k4r/p3p2p/4p1p1/8/6PP/8/P2n1PK1/8 b - - 0 30,0.0,b
5r2/pk2p2p/4p1p1/6P1/7P/6K1/P2n1P2/8 b - - 2 32,0.0,b
8/pk2p2p/4p1p1/6PP/4n1K1/8/P4r2/8 b - - 0 34,0.0,b
8/pk2p2p/4p1P1/7K/4n3/8/r7/8 b - - 0 36,0.0,b
8/pk2p3/4pnK1/8/8/8/r7/8 b - - 0 38,0.0,b
6K1/pk2p3/r3p3/3n4/8/8/8/8 b - - 4 40,0.0,b
8/pk2pK2/3r4/3np3/8/8/8/8 b - - 1 42,0.0,b
8/pk2pK2/3r4/3n4/8/4p3/8/8 b - - 1 44,0.0,b
5K2/pk2p3/3r4/3n4/8/8/8/4q3 b - - 1 46,0.0,b
8/pk2pK2/3r4/8/5n2/2q5/8/8 w - - 5 49,0.0,w
2k5/5K2/p2r4/8/5n2/2q5/8/8 w - - 0 51,0.0,w
2k1K3/8/p7/7n/8/2q5/8/3r4 w - - 4 53,0.0,w
8/1k2K3/p7/7n/8/2q5/8/3r4 b - - 8 55,0.0,b
8/1k6/p7/5K1n/8/2q5/8/3r4 b - - 12 57,0.0,b
8/8/p1k1K3/2q4n/8/8/8/5r2 w - - 16 60,0.0,w
r1bq1rk1/ppn2ppp/5n2/4Q1B1/2P5/2N5/PP3PPP/3R1BK1 b - - 0 16,1.0,b
r2q1r1k/ppnb1ppp/5B2/8/2P5/2N3Q1/PP3PPP/3R1BK1 b - - 0 18,1.0,b
1r1q1r1k/ppnb1p1p/5p2/8/2P5/2N2Q2/PP2BPPP/3R2K1 b - - 3 20,1.0,b
2rqr2k/ppnb1p1p/5p2/8/2P5/2N3Q1/PP2BPPP/3R1K2 b - - 7 22,1.0,b
2rq2r1/pQnb1pkp/5p2/8/2P5/2N5/PP2BPPP/3R1K2 b - - 0 24,1.0,b
2r3r1/p1n2pkp/2Q2p2/8/2P5/2N5/PP3PPP/3B1K2 b - - 0 26,1.0,b
2rr4/p1n2pkp/5p2/8/2P5/2N3Q1/PP3PPP/3B1K2 b - - 4 28,1.0,b
2r2r1k/p1n2p1p/5p2/7B/2P2Q2/2N5/PP3PPP/5K2 b - - 8 30,1.0,b
2r2r1k/p4pnp/5Q2/8/2P5/2N5/PP2BPPP/5K2 b - - 2 32,1.0,b
5r1k/p3Qpnp/8/1N6/2P5/8/PP2BPPP/5K2 b - - 0 34,1.0,b
2r4k/N4Qnp/8/8/2P5/8/PP2BPPP/5K2 b - - 0 36,1.0,b
3r3k/N5np/5Q2/8/2P5/5B2/PP3PPP/5K2 b - - 4 38,1.0,b
4r2k/N5np/5Q2/8/2P5/5B2/PP1K1PPP/8 b - - 8 40,1.0,b
r1bqkb1r/pp1npppp/2p5/1B1n4/8/8/PPPP1PPP/RNBQR1K1 w kq - 0 6,0.0,w
r1bqkb1r/pp2pppp/5n2/1p1Q4/8/8/PPPP1PPP/RNB1R1K1 w kq - 1 8,0.0,w
r1b1kb1r/pp2pppp/5n2/1q6/8/2N5/PPPP1PPP/R1B1R1K1 w kq - 0 10,0.0,w
r2k1b1r/pp2pppp/5n2/1N3b2/8/1P6/P1PP1PPP/R1B1R1K1 w - - 1 12,0.0,w
2rk1b1r/pp2pppp/5n2/8/8/1P6/P1NP1PPP/R1B1R1K1 w - - 1 14,0.0,w
2rk3r/pp3ppp/4pn2/2b5/8/NP6/PB1P1PPP/R3R1K1 w - - 2 16,0.0,w
3k2r1/ppr2ppp/4pn2/2b1N3/8/1P6/PB1P1PPP/R3R1K1 w - - 6 18,0.0,w
3k2r1/pp3rpp/1b2pn2/8/8/1P6/PB1P1PPP/R3RK2 w - - 0 20,0.0,w
6r1/pp2krpp/1b1R4/8/6n1/1P6/PB1P1PPP/R4K2 w - - 3 22,0.0,w
6r1/1p2k1pp/1p6/8/6n1/1P6/PB1P1rPP/R5K1 w - - 0 24,0.0,w
5rr1/1p1k2pp/1p6/8/6n1/1PB5/P2P2PP/4R1K1 w - - 4 26,0.0,w
6r1/1p1k2pp/rp6/8/3B2n1/1P6/P2P2PP/R5K1 w - - 8 28,0.0,w
4r3/1p1k2pp/rp6/8/3B4/1P6/P2PK1Pn/R7 w - - 2 30,0.0,w
5r2/1p1k2pp/rp6/8/3B4/1P3n2/P2P2P1/R5K1 w - - 6 32,0.0,w
8/1p1k2pp/rp6/5r2/3B4/1P6/P2P2K1/R7 w - - 2 34,0.0,w
8/1p1k1rpp/r7/1p6/3B2K1/1P6/P2P4/R7 w - - 2 36,0.0,w
8/1p1k2pp/6r1/1p6/8/1PB2r1K/P2P4/R7 w - - 6 38,0.0,w
8/1p1k2pp/6r1/1p2Rr2/8/1PB5/P2P3K/8 b - - 10 40,0.0,b
8/1p1k2pp/6r1/1p2R3/7K/1PB2r2/P2P4/8 b - - 14 42,0.0,b
8/1p1k2pp/7r/4R3/1B4K1/1P3r2/P2P4/8 b - - 2 44,0.0,b
8/1p1k2pp/8/4R3/1B3r2/1P4K1/P2P4/8 b - - 2 46,0.0,b
8/1p5p/3k2p1/6R1/1r6/1P4K1/P2P4/8 w - - 0 49,0.0,w
8/1p6/3k2pp/8/6K1/1P6/P2P4/8 w - - 0 51,0.0,w
8/1p6/6pp/2k5/8/1P3K2/P2P4/8 w - - 4 53,0.0,w
8/1p6/7p/6p1/3k4/PP6/3PK3/8 w - - 0 55,0.0,w
8/1p6/7p/6p1/8/PP6/2kP4/4K3 w - - 4 57,0.0,w
8/1p6/7p/6p1/1P6/P7/2k5/5K2 w - - 1 59,0.0,w
8/1p6/8/6pp/1P6/P4K2/1k6/8 w - - 0 61,0.0,w
8/1p6/8/6pp/Pk2K3/8/8/8 w - - 0 63,0.0,w
8/1p6/8/6Kp/Pk6/6p1/8/8 w - - 0 65,0.0,w
8/1p6/8/P6K/1k6/8/8/6q1 w - - 0 67,0.0,w
8/8/p7/7K/1k6/8/8/6q1 b - - 2 69,0.0,b
8/8/p7/8/1k6/7K/8/6q1 w - - 6 72,0.0,w
8/8/8/8/pk6/7K/8/6q1 b - - 0 74,0.0,b
8/8/8/2k4K/8/p7/8/6q1 b - - 3 77,0.0,b
8/7K/8/1k6/6q1/p7/8/8 b - - 7 79,0.0,b
8/7K/8/2k5/6q1/8/p7/8 b - - 3 82,0.0,b
r1bq1rk1/ppn2ppp/4pB2/8/2Pb4/2N3Q1/PP3PPP/R3RBK1 b - - 0 14,0.0,b
r1bq1rk1/ppn2ppp/4p3/8/2P5/2P3Q1/P3BPPP/R3R1K1 b - - 0 16,0.0,b
r1b1nrk1/ppQ2ppp/4p3/8/2P5/2P5/P3BPPP/3RR1K1 b - - 0 18,0.0,b
r1b1r1k1/ppn2ppp/4p3/8/2P5/2P2B2/P2R1PPP/4R1K1 b - - 3 20,0.0,b
1rb1r1k1/pBn2ppp/8/4p3/2P5/2P5/P2R1PPP/4R1K1 b - - 0 22,0.0,b
1r2r1k1/pbn2ppp/8/8/2P1p3/P1P5/4RPPP/4R1K1 b - - 0 24,0.0,b
3rr1k1/p1n2ppp/2b5/8/2P1p3/P1P5/1R3PPP/1R4K1 b - - 4 26,0.0,b
4r1k1/p1n2ppp/2b5/8/2P5/P1P1p3/3R1PPP/2R3K1 b - - 0 28,0.0,b
6k1/p1n2ppp/2b5/8/2P5/P1P5/3p1PPP/3Rr1K1 w - - 3 31,0.0,w
3q1r1k/2p2rbn/1p1p2pp/pPnP4/P3Pp2/3P1P1B/7P/2BQRR1K w - - 0 35,1.0,w
3q1r1k/2p1r1b1/1p1pB1pp/pPnP2n1/P3Pp2/3P1P2/7P/2BQR1RK w - - 4 37,1.0,w
3q1r1k/2p1r3/3pB1pp/pPpP2n1/P3Pp2/2bP1P2/7P/3QR1RK w - - 0 39,1.0,w
3q1r1k/2p1r3/3pn1pp/pPpP4/P2bPpR1/3P1P2/7P/3Q1R1K w - - 0 41,1.0,w
3q1r1k/2p5/3pr1p1/pPp4p/P2bPpR1/3P1P2/7P/4QR1K w - - 0 43,1.0,w
5r1k/2p2q2/3pr1p1/QPp4p/P2bPp2/3P1P2/6RP/5R1K w - - 1 45,1.0,w
3r3k/2p1rq2/3p2p1/1Pp4p/P2bPp2/3P1P2/3Q2RP/3R3K w - - 5 47,1.0,w
3r3k/2p1rq2/3p2p1/1Pp4p/P2bPp2/3P1P2/1Q4RP/2R4K w - - 9 49,1.0,w
3rq2k/2p1r3/3p2p1/1Pp1b2p/P1R1Pp2/3P1P2/Q5RP/7K w - - 13 51,1.0,w
r3q2k/2p1r3/3p2p1/1Pp4p/P1RbPp2/3P1P2/3Q2RP/6K1 w - - 17 53,1.0,w
r3q3/2p1r1k1/3p2p1/1Pp4p/P1R1Pp2/3PbP2/6RP/3Q1K2 w - - 21 55,1.0,w
r7/2p1rqk1/3p2p1/1Pp4p/P1RbPp2/3P1P2/4R2P/4QK2 w - - 25 57,1.0,w
r7/2p1r1k1/3p2p1/1Pp1P2p/P2q1p2/3P1P2/4R2P/4QK2 w - - 0 59,1.0,w
r7/2p1r1k1/3p2p1/1Pp1P2p/P3Rp2/5P2/2q2K1P/4Q3 w - - 2 61,1.0,w
r7/2p1r1k1/3p2p1/1Pp1P2p/4Rp2/5P2/2q2K1P/4Q3 w - - 2 63,1.0,w
r7/2p3k1/3P2p1/1Pp2q1p/5p2/5P2/4rK1P/4Q3 w - - 0 65,1.0,w
r5k1/4Q3/3p2p1/1Pp2q1p/5p2/5P2/5K1P/8 w - - 2 67,1.0,w
r5k1/4Q3/6p1/1Ppq4/5p1p/5P2/5K1P/8 w - - 2 69,1.0,w
6k1/8/6p1/1Ppq4/5p1p/5P2/Q4K1P/8 w - - 0 72,1.0,w
8/6k1/1P4p1/3Q4/2p2p1p/5P2/5K1P/8 w - - 0 74,1.0,w
1Q6/6k1/6p1/3Q4/5p1p/5P2/2p2K1P/8 w - - 0 76,1.0,w
7k/5Q2/6p1/8/5Q1p/5P2/5K1P/2q5 w - - 2 78,1.0,w
5rk1/1pb2pp1/p1p1r3/P1Pp1B1n/1P1R1P2/4P3/5KRP/8 b - - 0 31,1.0,b
4r1k1/1pb1rpp1/p1p5/P1Pp1B1n/1P3P2/3RP3/5KRP/8 b - - 4 33,1.0,b
4r1k1/1p2rpp1/p1p5/P1Pp1B2/1P3n2/3R4/5K1P/6R1 b - - 1 35,1.0,b
4rk2/1p3pp1/p1p5/P1Pp1B2/1P3K2/3R4/4r2P/6R1 w - - 1 38,1.0,w
5k2/1p1B1pp1/p1p5/P1Pp4/1r6/3R2K1/4r2P/6R1 w - - 0 40,1.0,w
8/4kpp1/p1p5/P1Pp4/1r6/5RK1/4r2P/6R1 w - - 2 42,1.0,w
8/3k1pp1/p1p5/PrPp4/8/2R3K1/4r2P/6R1 w - - 6 44,1.0,w
8/3k2p1/p1p2p2/P1rp4/8/5RK1/4r2P/3R4 w - - 0 46,1.0,w
4k3/1R4p1/p1p2p2/r2p4/8/6K1/4r2P/3R4 w - - 2 48,1.0,w
4k3/6R1/p1p2p2/3p4/5K2/r7/5r1P/3R4 w - - 3 50,1.0,w
5k2/6R1/p1p2p2/3p4/6K1/r7/7r/4R3 w - - 2 52,1.0,w
5k2/2R5/p1p2p2/3p1K2/8/5r2/6r1/4R3 w - - 6 54,1.0,w
2R2k2/6r1/p1p1Kp2/3p4/8/2r5/8/4R3 b - - 10 56,1.0,b
r1bq1rk1/1pp2pbp/3p1np1/pPn1p3/P2P4/5NP1/1BP1PPBP/R2Q1RK1 b - - 0 10,0.0,b
r1bqr1k1/1pp2pbp/3p1np1/pPP5/P3p3/6P1/1BP1PPBP/R2QNRK1 b - - 2 12,0.0,b
r1br2k1/1pp2pbp/5np1/pPp1B3/P3p3/6P1/2P1PPBP/R3NRK1 b - - 1 14,0.0,b
r5k1/1p3pbp/5np1/pPp2b2/P3pB2/6P1/2PrPPBP/R3NRK1 b - - 2 16,0.0,b
r5k1/1p3pbp/3B2p1/pPpn1b2/P3p3/2P3P1/4rPBP/R3NRK1 b - - 2 18,0.0,b
r5k1/1p3p1p/3B2p1/pPpn1P2/P3p3/8/4rPBP/b3NRK1 b - - 0 20,0.0,b
r5k1/1p3p1p/8/pPBnbp2/P3p3/3N4/4rPBP/5RK1 b - - 2 22,0.0,b
r5k1/1p1N1p1p/8/pPrn1p2/P3p3/8/5PBP/5RK1 b - - 1 24,0.0,b
r5k1/1p1r1p1p/8/pP1n1B2/P3p3/8/5P1P/5RK1 b - - 0 26,0.0,b
r5k1/1p2rp1B/8/pP6/P3p3/2n5/5P1P/3R2K1 b - - 0 28,0.0,b
6r1/1p2rp1k/8/pP6/P3p3/2n5/5P1P/4RK2 b - - 3 30,0.0,b
6r1/1p2rp1k/8/pP6/n7/4P3/4K2P/4R3 b - - 0 32,0.0,b
8/1p2rp1k/8/pP6/n7/4PK2/7r/R7 b - - 1 34,0.0,b
8/1p2rp1k/8/pPn5/8/4P2r/8/R5K1 b - - 5 36,0.0,b
8/1p2rp1k/8/RPn5/8/6r1/5K2/8 b - - 2 38,0.0,b
8/1p2rp1k/3n4/RP6/8/6r1/8/5K2 b - - 6 40,0.0,b
8/4rp1k/1R6/1n6/8/6r1/8/5K2 b - - 0 42,0.0,b
8/4rp1k/1R6/8/3n4/5r2/8/6K1 b - - 4 44,0.0,b
8/4rp1k/6R1/8/3n4/8/8/5K2 b - - 0 46,0.0,b
8/r4p2/6k1/8/3n4/6K1/8/8 b - - 3 48,0.0,b
8/3r1p2/8/5k2/3n4/8/5K2/8 b - - 8 51,0.0,b
8/5p2/8/5k2/3n4/8/4r3/5K2 w - - 12 54,0.0,w
8/5p2/4k3/8/3n4/8/4r3/6K1 b - - 16 56,0.0,b
8/2k2p2/8/8/3n4/8/4r3/6K1 w - - 20 59,0.0,w
8/3k1p2/8/8/3n4/8/1r6/6K1 b - - 24 61,0.0,b
8/3k1p2/8/8/3n4/8/1r6/4K3 b - - 28 64,0.0,b
5r1k/2p3b1/1p1p3p/pPnPp1pn/P3P2q/3P1P2/R6P/3Q1BRK w - - 0 41,0.0,w
5r1k/2p3b1/1p1p3p/pPnPp1p1/P3P1Rq/3P1P2/R5KP/3Q1n2 w - - 0 43,0.0,w
5r1k/2p3b1/1p1p3p/pPnPp1p1/P3P2R/3P1P2/R6P/3n2K1 w - - 0 45,0.0,w
5rk1/2p3b1/1p1p3p/pPnPp1p1/P3P3/3PnP1R/2R4P/6K1 w - - 4 47,0.0,w
5rk1/2p3b1/1p1P3p/pP2p1p1/P1p1P3/3PnP1R/7P/6K1 w - - 0 49,0.0,w
5rk1/2P3b1/1p5p/pP2p1p1/P3P3/4nP1R/3p1K1P/8 w - - 0 51,0.0,w
5rk1/2P3b1/1p5p/pP2p1p1/q3P3/4KPR1/7P/8 w - - 0 53,0.0,w
5rk1/2P3b1/1p5p/pP2p1p1/4q3/5PR1/7P/5K2 w - - 0 55,0.0,w
2r3k1/6b1/1p5p/pP2p1p1/8/3q1PR1/7P/4K3 w - - 0 57,0.0,w
6k1/6b1/1p5p/pP2p1p1/5P2/3q2R1/2r2K1P/8 w - - 3 59,0.0,w
3rr1k1/p3qppp/1p2bn2/2p5/7n/PP1BP1NP/4QPP1/2R1R1K1 w - - 3 25,0.0,w
3r2k1/pq2rppp/1p2bn2/1Bp5/7n/PP2P1NP/5PP1/2R1RQK1 w - - 7 27,0.0,w
6k1/p1q1rppp/1p2bn2/2p5/B6n/PP2P1NP/5PP1/2Rr1QK1 w - - 0 29,0.0,w
6k1/p1q1rppp/1p3n2/1Bpb4/8/PP2P1NP/5Pn1/2RQ2K1 w - - 0 31,0.0,w
6k1/p1q1rppp/1p3n2/1Bpb4/3N4/PP2P2P/5Pn1/2RQ2K1 w - - 4 33,0.0,w
6k1/p1q1rppp/1p3n2/1B1b4/3p4/PP2nP1P/8/2R1Q1K1 w - - 0 35,0.0,w
6k1/p1r2ppp/1p3n2/8/3p4/PP1Bnb1P/8/4Q1K1 w - - 0 37,0.0,w
6k1/p4ppp/1p3n2/7b/3p4/PPrBn2P/5K2/Q7 w - - 4 39,0.0,w
6k1/p4ppp/1p6/7b/3p2n1/PP1Qn2P/5K2/8 w - - 1 41,0.0,w
6k1/p4ppp/1p6/4n2b/3p4/PP1Q4/8/6K1 w - - 2 43,0.0,w
6k1/p4ppp/1p6/8/3p2b1/PP3n2/7Q/6K1 w - - 6 45,0.0,w
6k1/p4ppp/1p6/8/6b1/PP1p2K1/7n/8 w - - 0 47,0.0,w
6k1/p4ppp/1p6/8/6b1/PP4K1/8/3q4 w - - 0 49,0.0,w
6k1/p5pp/1p3p2/8/1P3Kb1/P4q2/8/8 w - - 1 51,0.0,w
8/pp2kp2/3n1p1p/3P4/1P6/P2B4/4KPPP/8 w - - 4 31,1.0,w
2nk4/pp3p2/5p1p/3P4/1P4K1/P2B4/5PPP/8 w - - 8 33,1.0,w
3k4/pp3p2/5p1K/3n4/1P6/P2B4/5PPP/8 w - - 0 35,1.0,w
8/pp2kpK1/5p2/8/1PB2n2/P7/5PPP/8 w - - 4 37,1.0,w
8/p3kBK1/1p3p2/8/1P6/P2n2P1/5P1P/8 w - - 1 39,1.0,w
8/p3k1K1/5p2/1p1Bn3/1P6/P4PP1/7P/8 w - - 0 41,1.0,w
8/p5K1/3k4/1p1Bnp2/1P6/P4PP1/7P/8 w - - 2 43,1.0,w
8/p5K1/3k4/1B3p2/1Pn5/P4PP1/7P/8 b - - 0 45,1.0,b
8/p5K1/8/4kp2/1P3P2/n2B2P1/7P/8 b - - 0 47,1.0,b
8/p7/5K2/5p2/1P3P2/n5P1/4k2P/8 w - - 2 50,1.0,w
8/p7/8/5K2/1P3PP1/n7/6kP/8 w - - 1 52,1.0,w
8/p7/6P1/1n3K2/1P3P2/8/7k/8 w - - 0 54,1.0,w
8/p5P1/2n5/8/1P2KP2/8/7k/8 b - - 3 56,1.0,b
6Q1/p7/2n5/8/1P2KP2/8/4k3/8 w - - 2 59,1.0,w
6Q1/p3K3/8/8/1P3P2/8/4k3/8 b - - 0 61,1.0,b
6Q1/p3K3/5P2/8/1P2k3/8/8/8 b - - 0 63,1.0,b
5QQ1/p3K3/8/8/1P2k3/8/8/8 b - - 0 65,1.0,b
5Q2/p3K3/8/8/1P6/8/Q2k4/8 b - - 4 67,1.0,b
8/p3K3/8/Q7/1k6/8/Q7/8 b - - 1 69,1.0,b
r1b1r1k1/pp1n1ppp/3q1n2/2pp4/2PN4/1P2P2P/P4PP1/1BRQ1RK1 w - - 0 15,1.0,w
r1b1r1k1/pp1n1ppp/5n2/1qpP4/8/1P2P2P/P4PP1/1BRQ1RK1 w - - 0 17,1.0,w
r1b1r1k1/pp1n1pp1/5n1p/2pP4/1q6/1P2P1PP/P4P2/1BRQR1K1 w - - 1 19,1.0,w
r1b1r1k1/ppqn1pp1/5n1p/2pP4/1PR5/4P1PP/P4P2/1B1QR1K1 w - - 1 21,1.0,w
r1b1r1k1/ppq2pp1/5n1p/2pQ4/1P3R2/4P1PP/P4P2/1B2R1K1 w - - 1 23,1.0,w
r3r1k1/pp3pp1/5n1p/2P5/5R2/4P1Pb/P4P2/1B2R1K1 w - - 0 25,1.0,w
3r2k1/pp3pp1/5n1p/2P5/5R2/4P1Pb/P4P2/1B4K1 w - - 0 27,1.0,w
6k1/pp3pp1/5n1p/2P5/5R2/4P1PK/P4P2/1r6 w - - 0 29,1.0,w
6k1/pp3pp1/5n1p/2P5/3R4/4P1P1/P4PK1/2r5 w - - 4 31,1.0,w
6k1/pR3pp1/5n1p/r7/8/4P1P1/P4PK1/8 w - - 1 33,1.0,w
8/pR3pp1/5nkp/r7/8/4P1P1/P4PK1/8 w - - 5 35,1.0,w
8/p4pp1/7p/r4k2/6n1/4PKP1/PR3P2/8 w - - 9 37,1.0,w
8/p4pp1/r6p/4nk2/8/4P1P1/P1R1KP2/8 w - - 13 39,1.0,w
3r4/p4pp1/7p/4nk2/8/4P1P1/P1R1KP2/8 w - - 17 41,1.0,w
8/R4pp1/7p/4nk2/8/4P1P1/Pr2KP2/8 w - - 1 43,1.0,w
8/R4pp1/7p/4nk2/8/4P1P1/Pr3PK1/8 w - - 5 45,1.0,w
8/5pp1/5k1p/4n3/8/4P1P1/R4PK1/8 w - - 1 47,1.0,w
8/5pp1/2n1k2p/R7/8/4P1PK/5P2/8 w - - 5 49,1.0,w
8/5pp1/R1n4p/5k2/8/4P1PK/5P2/8 w - - 9 51,1.0,w
8/5pp1/3k3p/8/8/4P1PK/5P2/2R5 w - - 3 53,1.0,w
8/5pp1/5k1p/8/6K1/4P1P1/2R2P2/8 w - - 7 55,1.0,w
8/5pp1/4k3/7p/5K2/4P1P1/3R1P2/8 w - - 0 57,1.0,w
8/5pp1/5k2/8/5K1P/4P3/5P2/3R4 w - - 1 59,1.0,w
8/4kp2/6p1/8/5K1P/4P3/2R2P2/8 w - - 2 61,1.0,w
8/4kp2/6p1/6K1/7P/4P3/5P2/2R5 w - - 6 63,1.0,w
8/5R2/6p1/3k2K1/7P/4P3/5P2/8 w - - 1 65,1.0,w
8/8/6K1/4k3/5R1P/4P3/5P2/8 w - - 3 67,1.0,w
8/8/6KP/2k5/5R2/4P3/5P2/8 w - - 1 69,1.0,w
7Q/8/1k4K1/8/5R2/4P3/5P2/8 w - - 1 71,1.0,w
8/8/k5K1/8/2RQ4/4P3/5P2/8 w - - 5 73,1.0,w
7k/1p1b2rp/1q1np3/p1p2nPR/2PpB3/3P4/P3PK2/2B4Q w - - 1 34,1.0,w
4b2k/1p4rp/1q2p3/p1p2nPR/2PpPB2/8/P3PK2/7Q w - - 1 36,1.0,w
3q3k/1p4rp/4p3/p1p2PPQ/2Pp1B2/8/P3PK2/8 w - - 1 38,1.0,w
3q2k1/1p5p/4p2Q/p1p1BPr1/2Pp4/8/P3PK2/8 w - - 0 40,1.0,w
3q1k2/1p5p/4QB2/p1p2r2/2Pp4/8/P3PK2/8 w - - 0 42,1.0,w
4k3/1pq4p/8/p1p2Q2/2PB4/8/P3PK2/8 w - - 1 44,1.0,w
4k3/1p5p/5B2/p1p2Q2/2q5/8/P3PK2/8 w - - 0 46,1.0,w
4k3/1pq4Q/5B2/p1p5/8/8/P3P1K1/8 w - - 3 48,1.0,w
5k2/8/1p3B2/Q1p5/8/8/P3P1K1/8 w - - 0 50,1.0,w
8/5k2/5B2/1pQ5/8/8/P3P1K1/8 w - - 1 52,1.0,w
6k1/8/8/5Q2/1p6/2B5/P3P1K1/8 w - - 2 54,1.0,w
5k2/p1rr1ppp/1p2bn2/1P2P3/7n/R4PNP/4B1P1/R5K1 b - - 0 38,0.5,b
5k2/p1rr2pp/1p2bP2/1P1n4/7n/R4PNP/4B1P1/1R4K1 b - - 0 40,0.5,b
8/p1rr1kpp/1p2bn2/1P6/7n/R4P1P/4B1P1/4RNK1 b - - 3 42,0.5,b
8/p1r1rkpp/1p3n2/1P6/7R/5P1b/4B1P1/4RNK1 b - - 0 44,0.5,b
8/p2bRkpp/1p3n2/1P6/2r4R/5P2/6P1/5NK1 b - - 0 46,0.5,b
8/p1R1k1pp/1p3n2/1b6/8/5P2/6P1/5NK1 b - - 1 48,0.5,b
8/R2n2pp/1p1k4/1b6/8/5P2/3N2P1/6K1 b - - 2 50,0.5,b
8/6Rp/1p1k1n2/8/8/5PP1/3Nb3/6K1 b - - 0 52,0.5,b
8/7p/1p3n2/5R2/3k4/5PP1/3Nb3/6K1 b - - 4 54,0.5,b
8/7R/1p6/4n3/3k4/5PP1/3Nb3/6K1 b - - 0 56,0.5,b
8/4R3/1p6/3b4/3k2n1/6P1/3N4/6K1 w - - 3 59,0.5,w
8/4R3/1p6/3b4/3kn3/6P1/7N/6K1 w - - 7 61,0.5,w
8/4R3/1p3n2/3b4/8/2k2NP1/6K1/8 w - - 11 63,0.5,w
b7/3n4/1p2R3/8/8/2k2NP1/6K1/8 w - - 15 65,0.5,w
b7/3n4/1p2R3/3k2N1/8/6P1/5K2/8 w - - 19 67,0.5,w
b7/3n4/1p6/6N1/8/1k4P1/5K2/2R5 w - - 23 69,0.5,w
b7/3R4/1p6/8/8/5NP1/1k3K2/8 b - - 0 71,0.5,b
b7/R7/1p6/4N3/1k6/6P1/5K2/8 b - - 4 73,0.5,b
8/R7/1p6/1k1bN3/8/6P1/5K2/8 b - - 8 75,0.5,b
8/R7/1p6/1k1bN3/8/6P1/5K2/8 b - - 12 77,0.5,b
6b1/3N4/1p6/2k5/8/6P1/5K2/R7 b - - 16 79,0.5,b
8/8/1pk1bN2/8/8/6P1/5K2/1R6 b - - 20 81,0.5,b
8/8/1pk3b1/8/6N1/6P1/5K2/3R4 b - - 24 83,0.5,b
8/8/1p6/2k1N2b/8/6P1/5K2/2R5 b - - 28 85,0.5,b
8/8/1p6/2k4b/8/4N1P1/5K2/2R5 b - - 32 87,0.5,b
8/2N5/1p6/1k5b/8/6P1/5K2/2R5 b - - 36 89,0.5,b
8/8/1p6/k2N3b/8/6P1/5K2/7R b - - 40 91,0.5,b
8/5b2/1p6/1k1N4/8/6P1/5K2/1R6 b - - 44 93,0.5,b
8/8/1Nk3b1/8/8/6P1/1R3K2/8 b - - 2 95,0.5,b
8/8/2k5/8/4b3/2N3P1/1R3K2/8 b - - 6 97,0.5,b
8/8/1R1k2b1/8/6P1/2N5/5K2/8 b - - 2 99,0.5,b
6R1/8/8/8/5kP1/2N5/5K2/8 b - - 2 101,0.5,b
6R1/8/8/8/5kP1/2N5/5K2/8 b - - 6 103,0.5,b
r1bqkb1r/pppnpppp/8/1B1n4/8/8/PPPP1PPP/RNBQR1K1 b kq - 1 5,0.0,b
r1bqkb1r/pppn1ppp/4p3/1B6/8/2P5/PPP2PPP/R1BQR1K1 b kq - 0 7,0.0,b
r1bqk2r/pp1n1ppp/2p1p3/2b5/2B5/P1P5/1PP2PPP/R1BQR1K1 b kq - 0 9,0.0,b
r1b1k2r/pp3ppp/1qp1pn2/2B5/2B5/P1P5/1PP2PPP/R2QR1K1 b kq - 0 11,0.0,b
r1b1k2r/pp3ppp/2p1pn2/8/2BP4/P7/1PP2PPP/R3R1K1 b kq - 0 13,0.0,b
r1br4/pp2kppp/2p1pn2/8/2BP4/P7/1PP2PPP/3RR1K1 b - - 4 15,0.0,b
1rbr1k2/pp3ppp/2p1pn2/8/2BP4/P7/1PPRRPPP/6K1 b - - 8 17,0.0,b
1r1r1k2/pp1b1ppp/4pn2/2P5/2B5/P5P1/1PPRRP1P/6K1 b - - 0 19,0.0,b
3r1k2/pp1b1ppp/4pn2/2r5/8/PB4P1/1PPRRP1P/5K2 b - - 1 21,0.0,b
2rR1k2/pp3ppp/4pn2/1b6/8/PB4P1/1PP1RP1P/5K2 b - - 0 23,0.0,b
3r1k2/pp3ppp/4pn2/8/8/PB4P1/1PP1KP1P/8 b - - 0 25,0.0,b
3r1k2/pp3ppp/4pn2/8/8/PB3KPP/1PP2P2/8 b - - 2 27,0.0,b
2r5/pp2kppp/4pn2/8/8/PB2K1PP/1PP2P2/8 b - - 6 29,0.0,b
2r5/pp3ppp/3kpn2/8/B6P/P3K1P1/1PP2P2/8 b - - 0 31,0.0,b
8/pp3ppp/3kpn2/8/4r2P/PB1K2P1/1PP2P2/8 b - - 4 33,0.0,b
8/pp3ppp/4rn2/2k5/7P/P5P1/1PPK1P2/8 b - - 1 35,0.0,b
8/pp3ppp/4r3/2k5/7P/P1K2PP1/1PP4n/8 b - - 2 37,0.0,b
8/pp3ppp/8/2k5/7P/P4rP1/1PP4n/2K5 b - - 1 39,0.0,b
8/pp3ppp/8/2k5/7P/P2K4/1PP3rn/8 b - - 3 41,0.0,b
8/pp3ppp/8/3k4/1PP4P/P2K1n2/6r1/8 b - c3 0 43,0.0,b
8/pp3ppp/8/4k2P/1PP5/P1K2n2/r7/8 b - - 2 45,0.0,b
8/pp3ppp/8/4k2P/1PPn4/r7/3K4/8 b - - 1 47,0.0,b
8/pp3ppp/1P6/4k2r/2Pn4/8/3K4/8 b - - 0 49,0.0,b
8/1p3ppp/1p6/2P1k2r/8/1n6/8/3K4 b - - 2 51,0.0,b
8/1p3ppp/1p6/2n1k3/8/8/7r/5K2 b - - 3 53,0.0,b
8/1p3ppp/1p6/2n1k3/8/8/1r6/3K4 b - - 7 55,0.0,b
8/1p3ppp/1p6/2n1k3/8/8/1r6/5K2 b - - 11 57,0.0,b
8/1p3ppp/1p6/4k3/8/3n4/5r2/7K b - - 15 59,0.0,b
8/1p3ppp/1p6/4k3/8/3n2K1/5r2/8 b - - 19 61,0.0,b
8/1p3ppp/1p6/4k3/8/3n2K1/8/4r3 b - - 24 64,0.0,b
8/1p3ppp/1p6/8/5k2/3nr3/8/6K1 b - - 28 66,0.0,b
8/1p3ppp/8/1p6/8/3nr1k1/8/6K1 b - - 1 68,0.0,b
8/1p3ppp/8/8/8/1p1nr1k1/8/6K1 b - - 1 70,0.0,b
8/5ppp/1p6/8/8/3nr1k1/1p6/6K1 b - - 1 72,0.0,b
8/5ppp/8/8/1p6/3nr1k1/1p6/6K1 b - - 1 74,0.0,b
8/6pp/5p2/8/8/1p1nr1k1/1p6/6K1 b - - 1 76,0.0,b
r1bqk2r/ppppppbp/2n2np1/8/1P6/5NP1/P1PPPPBP/R1BQK2R w KQkq - 3 5,0.0,w
r1bqk2r/pppp1pbp/5np1/1P2p3/3n4/B4NP1/P1PPPPBP/R2QK2R w KQkq - 1 7,0.0,w
r1bqkb1r/pppp1p1p/5np1/1P6/3p4/B5P1/P1PPPPBP/R2Q1K1R w kq - 2 9,0.0,w
r1bqk2r/pppp1p1p/5np1/1Pb5/8/4p1P1/PBPP1PBP/R2Q1K1R w kq - 0 11,0.0,w
r1bq1rk1/1ppp1p1p/1p3np1/2b5/8/4P1P1/PBP2PBP/R2Q1K1R w - - 0 13,0.0,w
2b2rk1/1ppp1p1p/1p3qp1/2b5/8/4P1P1/r1P2PBP/1R1Q1K1R w - - 0 15,0.0,w
2b1r1k1/1ppp1p1p/1b3qp1/8/8/4P1P1/r1P1KPBP/3Q3R w - - 2 17,0.0,w
2b1r1k1/1ppp1p1p/1b3qp1/5r2/8/4P1P1/2P1KPBP/1Q1R4 w - - 6 19,0.0,w
2b3k1/1ppp1p1p/1b3qp1/8/8/4P1P1/2P1K1BP/1Q3r2 w - - 0 21,0.0,w
2b5/1ppp1pkp/1b4p1/8/8/4P1P1/2P1K2P/5B2 w - - 1 23,0.0,w
2b5/1ppp1p1p/1b4p1/3Bk3/8/4P1P1/2P1K2P/8 w - - 5 25,0.0,w
2b3B1/1pp5/1b1p2pp/4k3/8/4P1P1/2P1K2P/8 w - - 0 27,0.0,w
8/1pp5/3p2pp/b3k3/2B3b1/4P1P1/2PK3P/8 w - - 4 29,0.0,w
8/1pp5/5kpp/b2p4/6b1/3BP1P1/2P4P/2K5 w - - 2 31,0.0,w
2b5/1pp5/5kpp/b7/4B3/6P1/2P4P/2K5 w - - 1 33,0.0,w
2b5/1pp5/5kpp/3B4/8/6P1/1KP4P/6b1 w - - 5 35,0.0,w
2b5/1pp5/6pp/3Bk3/6P1/7P/1KP2b2/8 w - - 1 37,0.0,w
8/1pp5/4b1pp/4k3/3b2P1/1K5P/2P3B1/8 w - - 5 39,0.0,w
8/1p6/2p1b1pp/8/1K1b1kP1/7P/2P3B1/8 w - - 2 41,0.0,w
8/1p6/2p1b1pp/8/1K1b2P1/7P/2P2kB1/8 w - - 6 43,0.0,w
8/8/2p1b1pp/8/6P1/K1b4P/2P2k2/8 w - - 2 45,0.0,w
8/8/2p2bpp/8/K5bP/8/2P2k2/8 w - - 2 47,0.0,w
8/8/2p2b1p/5b1p/8/1K6/2P2k2/8 w - - 0 49,0.0,w
8/8/2p2b1p/5b2/1K6/2P4p/5k2/8 w - - 0 51,0.0,w
8/8/2K2b1p/5b2/8/2P5/5k2/7q w - - 0 53,0.0,w
8/8/1K5p/3q1b2/2Pb4/8/5k2/8 w - - 1 55,0.0,w
2b1r1k1/1p5p/2p3p1/P1b5/2pB2P1/2P5/6K1/R7 w - - 0 39,1.0,w
2b3k1/1p5p/2p3p1/P1B5/2p3P1/2P5/2r5/R4K2 w - - 3 41,1.0,w
4R1k1/1p5p/2p3p1/P1B5/2p3b1/2r5/8/5K2 b - - 1 43,1.0,b
6k1/1R5p/2p3p1/P1B5/2p3b1/2r5/8/5K2 b - - 0 45,1.0,b
6k1/1R5p/2p5/P5p1/1Bp3b1/8/5K2/2r5 b - - 3 47,1.0,b
1R6/5k1p/P1p5/6p1/1Bp3b1/8/5K2/1r6 b - - 0 49,1.0,b
8/P6p/2p2k2/6p1/1Rp3b1/8/5K2/8 b - - 0 51,1.0,b
Q7/7p/1R6/2p1k1p1/2p3b1/8/5K2/8 b - - 0 53,1.0,b
8/7Q/1R6/2p3p1/2p3b1/3k4/5K2/8 b - - 0 55,1.0,b
8/7Q/8/2p3p1/2p5/6K1/1R1kb3/8 b - - 4 57,1.0,b
8/4Q3/8/2p3p1/2p5/3k4/1R2bK2/8 b - - 8 59,1.0,b
5r1k/2p3b1/1p1p1npp/pPnPp3/P3Pq2/3P1P2/5RBP/3QR2K w - - 2 38,0.0,w
7k/2p2rb1/1p1p1npp/pPnPp3/P3P2q/3P1P2/4R1BP/3QR1K1 w - - 6 40,0.0,w
6k1/2p2rb1/1p1p1npp/pPnP4/P2QP2q/5P2/4R1BP/4R1K1 w - - 1 42,0.0,w
4n1k1/2p2rb1/1p1p2pp/pPnPP2q/P2Q4/5P2/4R1BP/3R2K1 w - - 1 44,0.0,w
6k1/2p2rb1/1p1n2pp/pP1P3q/n7/5P2/3QR1BP/3R2K1 w - - 0 46,0.0,w
6k1/2p2r2/1p1n2pp/pP1P3q/8/2b2P2/3QR1BP/6K1 w - - 0 48,0.0,w
6k1/2p5/1p1n2pp/pP1P2q1/8/5r2/1Q2R1BP/6K1 w - - 0 50,0.0,w
6k1/2p5/1p1n2pp/pP1P4/3Q4/5r2/6BP/4q1K1 w - - 0 52,0.0,w
rnbq1rk1/ppp1ppbp/3p1np1/8/PP6/5NP1/1BPPPPBP/R2QK2R b KQ - 1 6,1.0,b
rn1q1rk1/pppbpp1p/3p1bp1/8/PP6/5NP1/2PPPPBP/R2Q1K1R b - - 1 8,1.0,b
r2q1rk1/pppbpp1p/3p1bp1/nP6/P7/5NP1/2PPPPBP/1R1Q1K1R b - - 2 10,1.0,b
r3qrk1/pppbpp1p/3p1b2/nP4p1/PR6/5NPP/2PPPPB1/3Q1K1R b - - 0 12,1.0,b
r3qrk1/ppp1pp1p/3p1b2/nP3bp1/P7/4RNPP/2PPPPB1/3Q1K1R b - - 4 14,1.0,b
r3qr2/ppp1ppkp/1P1p1b2/5bp1/P1n5/1R3NPP/2PPPPB1/3Q1K1R b - - 0 16,1.0,b
r3qr2/ppp1ppkp/1P1p1b2/6p1/P7/1R3NPP/3QPPB1/5K1R b - - 0 18,1.0,b
r4r2/1pp1ppkp/1p1p1b2/6N1/q7/6PP/3QPPB1/1R3K1R b - - 0 20,1.0,b
Br6/2p1ppkp/1p1p1b2/6N1/2q5/6PP/3QPP2/1R3K1R b - - 0 22,1.0,b
2r5/2p1ppkp/1p1p1b2/3Q2N1/8/6PP/4PP2/1R3K1R b - - 0 24,1.0,b
7r/1Qp2pkp/1p1pNb2/8/8/6PP/4PP2/1R3K1R b - - 0 26,1.0,b
7r/7p/1p1Qpbk1/8/8/6PP/4PP2/1R3K1R b - - 0 28,1.0,b
4r3/6kp/1R2pb2/8/8/3Q2PP/4PP2/5K1R b - - 0 30,1.0,b
3r1k2/1R5p/4pb2/8/8/1Q4PP/4PP2/5K1R b - - 4 32,1.0,b
5k2/3Rb2p/4Q3/8/8/6PP/4PP2/5K1R b - - 0 34,1.0,b
1r1qr1k1/1ppn1pb1/3pbn1p/pP2p1p1/P1P1P3/R2P2P1/1B1N1PBP/Q1R3K1 w - - 0 18,0.0,w
r2qr1k1/1pp2pb1/1n1pbn1p/pP2p1p1/P1P1P3/R1BP1PP1/3N2BP/Q1R3K1 w - - 1 20,0.0,w
r2qr1k1/1ppn1pb1/4bn1p/pPp1B1p1/P3P3/R2P1PP1/3N2BP/Q1R3K1 w - - 1 22,0.0,w
r2qr1k1/1pp2pb1/1n2bn1p/pP4p1/P1p1P3/R2P1PP1/1B4BP/QNR3K1 w - - 0 24,0.0,w
r2qrbk1/1pp2p2/1n2b2p/pP2P1pn/P1pP4/R4PP1/1B4BP/QNR3K1 w - - 1 26,0.0,w
r3r1k1/1ppq1p2/1n2b2p/pP2P1pn/PbpP4/5PP1/1B2R1BP/QNR3K1 w - - 5 28,0.0,w
3rr1k1/1ppq1p2/1n2b2p/pP2P2n/PbpP1p2/6P1/1B2RKBP/QNR5 w - - 0 30,0.0,w
3rr1k1/1Bpq1p2/1n5p/pP2P2n/PbpP1P2/8/1B2bK1P/QNR5 w - - 0 32,0.0,w
3rr1k1/2p2p2/1nB4p/pP2P2n/PbpP1q2/7P/1B2bK2/QNR5 w - - 0 34,0.0,w
3r2k1/2p2p2/1n5p/pP5n/PbpPrq2/7P/1B2K3/QNR5 w - - 0 36,0.0,w
3r2k1/2p2p2/1n5p/pP5n/PbpPr3/1q5P/1BK5/QNR5 w - - 4 38,0.0,w
r3nrk1/1p2ppbp/1qn1b1p1/p1p5/2Pp1P2/Q2P1NPP/PP1BPRB1/3R3K b - - 3 15,1.0,b
rr4k1/1p2ppbp/1qn1bnp1/p1p5/2Pp1P2/Q2P1NPP/PP1BPRB1/3R3K b - - 7 17,1.0,b
rr4k1/1p2pp1p/2n1bnpb/p1p5/1BPp1PP1/Q2P1N1P/PP2PRB1/3R3K b - - 0 19,1.0,b
rr4k1/1p2pp1p/2n1bnp1/2p5/1pPp1bP1/1Q1P3P/PP2PRB1/3RN2K b - - 1 21,1.0,b
rr4k1/1p3p1p/2B1bpp1/2p5/1pPp2P1/1Q1P2bP/PP2P3/3RN2K b - - 0 23,1.0,b
rr4k1/5p1p/2p1bpp1/2p5/1pPp2P1/1Q1P3P/PP2P1K1/4R3 b - - 0 25,1.0,b
r3r1k1/5p1p/2p1bpp1/2p5/1pP3P1/1Q1PR2P/PP4K1/8 b - - 0 27,1.0,b
r5k1/5p1p/2P2pp1/2p5/1p4P1/1Q1Pr2P/PP4K1/8 b - - 0 29,1.0,b
r5k1/5p1p/2P2pp1/8/1pQ3P1/3P3P/PP2r3/5K2 b - - 2 31,1.0,b
r1R3k1/5p1p/5pp1/8/1pQ3P1/3P3P/P2r4/5K2 b - - 0 33,1.0,b
8/5pkp/5pp1/8/1pQ3P1/3P3P/P2r4/5K2 b - - 2 35,1.0,b
8/5pkp/5pp1/8/1p4P1/3P3P/P2r4/1Q3K2 b - - 6 37,1.0,b
8/5pkp/5p2/6p1/6P1/2QP3P/r7/5K2 b - - 1 39,1.0,b
8/5p1p/5pk1/6p1/4Q1P1/3P3P/2r5/5K2 b - - 5 41,1.0,b
8/5pkp/5p2/3Q2p1/6P1/3P3P/2r5/5K2 b - - 9 43,1.0,b
8/5pkp/5p2/5Qp1/6P1/3P3P/3r4/5K2 b - - 13 45,1.0,b
8/2r2pkp/5p2/1Q4p1/6P1/3P3P/8/4K3 b - - 17 47,1.0,b
8/5pkp/4rp2/3Q2p1/6P1/3P3P/5K2/8 b - - 21 49,1.0,b
8/5pkp/8/4rPp1/2Q5/3P3P/5K2/8 b - - 0 51,1.0,b
6k1/7p/5p2/4rPp1/2Q5/3P3P/5K2/8 b - - 3 53,1.0,b
8/7p/5Q2/4rPp1/8/3P3P/5K2/8 b - - 0 56,1.0,b
4r1k1/1pb2pp1/p1p1r3/P1Pp4/1P2nP1P/3RPB2/4K1R1/8 b - - 2 36,0.5,b
4r2k/1pb1rpp1/p1p5/P1Pp4/1P2nP1P/3RPB2/4K3/3R4 b - - 6 38,0.5,b
4r2k/1pb1rpp1/p1p5/P1Pp1n1P/1P3P2/3RPB2/3K4/3R4 b - - 0 40,0.5,b
4r2k/1p3pp1/p1p5/P1PB1n1P/1P3b2/4R3/3K4/3R4 b - - 0 42,0.5,b
4r2k/1P3pp1/p7/P2p3P/1P3b2/4n3/3K4/3R4 b - - 0 44,0.5,b
7k/1P2rpp1/p7/PP1p3P/5b2/8/8/3K4 b - - 0 46,0.5,b
7k/PP3pp1/8/1p1p3P/4rb2/8/8/3K4 b - - 0 48,0.5,b
Q7/1P3ppk/8/1p1p3P/3r1b2/8/2K5/8 b - - 2 50,0.5,b
QR6/5ppk/8/3p3P/1pr2b2/3K4/8/8 b - - 0 52,0.5,b
1Q6/5ppk/8/3p3P/1p6/2r5/4K3/8 b - - 0 54,0.5,b
8/5ppk/8/1Q1p3P/8/8/4K3/8 b - - 0 56,0.5,b
6k1/5pp1/8/7P/3Q4/8/4K3/8 b - - 0 58,0.5,b
7k/6p1/5p1P/8/8/8/4K3/6Q1 b - - 2 60,0.5,b
7k/8/5Q2/7p/8/8/4K3/8 b - - 0 62,0.5,b
6k1/8/8/8/7Q/8/5K2/8 b - - 0 64,0.5,b
8/8/4k3/8/3Q4/6K1/8/8 b - - 4 66,0.5,b
8/8/6k1/8/8/6K1/8/Q7 b - - 8 68,0.5,b
8/8/5k2/8/8/6K1/8/4Q3 b - - 12 70,0.5,b
5k2/8/8/8/4Q3/6K1/8/8 b - - 16 72,0.5,b
8/5k2/8/5K2/4Q3/8/8/8 b - - 20 74,0.5,b
8/5k2/8/5K2/4Q3/8/8/8 b - - 24 76,0.5,b
8/5k2/4Q3/5K2/8/8/8/8 b - - 28 78,0.5,b
8/4Q1k1/8/8/5K2/8/8/8 b - - 32 80,0.5,b
8/6k1/8/8/5K2/8/Q7/8 b - - 36 82,0.5,b
8/5k2/8/4Q3/5K2/8/8/8 b - - 40 84,0.5,b
8/5k2/8/8/5K2/8/8/1Q6 b - - 44 86,0.5,b
8/5k2/8/8/5K2/4Q3/8/8 b - - 48 88,0.5,b
8/6k1/8/5K2/8/8/8/2Q5 b - - 52 90,0.5,b
8/8/7k/5K2/8/8/8/2Q5 b - - 56 92,0.5,b
8/5k2/8/5K2/8/8/8/4Q3 b - - 60 94,0.5,b
8/5k2/8/5K2/8/8/8/Q7 b - - 64 96,0.5,b
8/5k2/8/5K2/8/8/8/Q7 b - - 68 98,0.5,b
4r1k1/1pb2pp1/p1p1rn2/P1Pp4/1P3P1P/3RPB2/5KR1/8 b - - 4 37,0.0,b
4r3/1pb1rppk/p1p2n2/P1Pp3P/1P3P2/3RPB2/5K2/6R1 b - - 0 39,0.0,b
6r1/1pb1rppk/p1p5/P1Pp3P/1P1RnP2/4PB2/4K3/6R1 b - - 4 41,0.0,b
6r1/1pb1rppk/p1p5/PnPR3P/1P3P2/3KPB2/8/6R1 b - - 0 43,0.0,b
3r4/1pb1rppk/p7/PnPB3P/1P2PP2/3K4/8/6R1 b - - 0 45,0.0,b
3r4/4rppk/p1p5/Pn1B3P/1P2Pb2/3K4/8/5R2 b - - 1 47,0.0,b
3r4/4rppk/p7/Pn5P/1P2pR2/8/4K3/8 b - - 1 49,0.0,b
3r4/4rppk/p7/P6P/1P3R2/2n1p3/8/5K2 b - - 1 51,0.0,b
3r4/4rppk/p7/P2n3P/1P1R4/8/4p3/4K3 b - - 1 53,0.0,b
8/3rrppk/p7/P6P/1P3n2/8/R3p3/4K3 b - - 5 55,0.0,b
8/3rrppk/p7/P6P/1P6/3n4/R1K5/4q3 b - - 1 57,0.0,b
8/3rrppk/p7/P6P/8/8/K7/4q3 b - - 0 59,0.0,b
8/3rr1pk/p4p2/P6P/8/4q3/1K6/8 w - - 3 62,0.0,w
7k/1r2r1p1/p4p2/P6P/8/4q3/1K6/8 w - - 7 64,0.0,w
8/1r2r1pk/p4p2/P6P/8/4q3/K7/8 b - - 11 66,0.0,b
7k/1r2r3/p4p1p/P7/8/4q3/8/K7 b - - 1 68,0.0,b
r3rnk1/pp1bbppp/2p5/3p1P1n/4P1P1/2P5/PPBN3P/R1B2R1K b - g3 0 17,1.0,b
r3rnk1/pp1bbppp/2p5/3p1PP1/4N3/2P5/PPB4P/R1B2R1K b - - 0 19,1.0,b
r3rnk1/pp1bbpp1/2p5/5PPp/4p3/2P1B3/PPB3KP/R4R2 b - - 1 21,1.0,b
r3r1k1/pp1bbpp1/2p2P2/7p/4p3/2P1B3/PPB3KP/R4R2 b - - 0 23,1.0,b
r3r1k1/pp1b1Rp1/2p5/6bp/4p3/2P1B3/PPB3KP/R7 b - - 0 25,1.0,b
r3r3/pp1b2p1/2p3k1/7p/4p3/2P1B3/PPB3KP/R7 b - - 2 27,1.0,b
r3r3/pp1bk1p1/2p5/2B4p/4p3/2P5/PPB3KP/5R2 b - - 6 29,1.0,b
r2k4/pp1b2p1/2p5/4r2p/3Bp3/2P5/PPB3KP/4R3 b - - 10 31,1.0,b
r2k4/pp4p1/2p1b3/6rp/3BB3/2P5/PP3K1P/4R3 b - - 0 33,1.0,b
r2k4/pp4p1/2p5/3B2rp/3B4/2P5/1P3K1P/4R3 b - - 0 35,1.0,b
r7/pp1k4/2p5/3r3p/3B4/2P5/1P3K1P/4R3 b - - 2 37,1.0,b
6r1/pp1k4/2p5/5r1p/3B4/2P4K/1P5P/4R3 b - - 6 39,1.0,b
6r1/pp1k4/8/2p4p/7K/2P1Br2/1P5P/4R3 b - - 3 41,1.0,b
6r1/pp2k3/8/2p2r1p/7K/2P1B3/1P5P/6R1 b - - 7 43,1.0,b
8/pp6/5k2/2p2r1p/7K/2P1B3/1P5P/8 b - - 2 45,1.0,b
8/pp3k2/8/2p2r1p/7K/2P5/1P5P/2B5 b - - 6 47,1.0,b
1B6/pp3k2/8/2p2r1p/7K/2P5/1P5P/8 b - - 10 49,1.0,b
8/Bp3k2/8/2p4p/7K/1PP2r2/7P/8 b - - 0 51,1.0,b
8/Bp3k2/8/2p5/6K1/1r6/7P/8 b - - 1 53,1.0,b
1B6/5k2/1p6/2p5/1r6/5K2/7P/8 b - - 1 55,1.0,b
8/5k2/8/1p2B3/1rp5/5K2/7P/8 b - - 1 57,1.0,b
8/5k2/8/1p6/8/2B5/4K2P/1r6 b - - 2 59,1.0,b
8/5k2/8/4B3/8/1p6/3K3P/1r6 b - - 1 61,1.0,b
8/5k2/8/8/8/8/1BK4P/4r3 b - - 0 63,1.0,b
4k3/8/8/8/8/3K4/1B2r2P/8 w - - 4 66,1.0,w
8/8/2k5/8/8/5K2/1B5P/8 w - - 3 68,1.0,w
8/8/8/7P/k7/5K2/1B6/8 w - - 1 70,1.0,w
8/6B1/7P/8/2k5/5K2/8/8 w - - 3 72,1.0,w
7Q/6B1/2k5/8/8/5K2/8/8 w - - 1 74,1.0,w
2Q5/8/8/8/k2B4/5K2/8/8 w - - 5 76,1.0,w
8/8/8/8/1k1B4/5K2/4Q3/8 w - - 9 78,1.0,w
8/8/8/8/2QB4/k4K2/8/8 w - - 13 80,1.0,w
8/8/8/2Q5/3B4/1k3K2/8/8 w - - 17 82,1.0,w
8/8/8/1k6/8/2Q2K2/8/6B1 w - - 21 84,1.0,w
8/8/8/1k6/8/2Q2K2/8/4B3 w - - 25 86,1.0,w
8/8/8/k7/8/5K2/1Q3B2/8 w - - 29 88,1.0,w
8/8/8/k7/8/5K2/1Q3B2/8 w - - 33 90,1.0,w
8/8/8/8/8/k4K2/8/1Q2B3 w - - 37 92,1.0,w
1r1qr1k1/1ppn1pb1/3pbnpp/pP2p3/P3P3/R2P2P1/1BPN1PBP/Q1R3K1 w - - 1 17,1.0,w
1rq1r1k1/1pp2pb1/3pbnpp/pPn1p3/P3P3/R1PP2P1/1B1N1PBP/1QR3K1 w - - 3 19,1.0,w
r1q3k1/1pp1rpb1/3pbnpp/pPn1p3/P1P1P3/R2P1PP1/1B1N2BP/1QR3K1 w - - 1 21,1.0,w
r1q3k1/1pp1rpb1/3pbnpp/pP6/R1PpP3/5PP1/1B1N2BP/1QR3K1 w - - 0 23,1.0,w
r1q3k1/1pp1r1b1/3pb1pp/pP3p2/R1PBQ3/5PP1/3N2BP/2R3K1 w - f6 0 25,1.0,w
r1q3k1/1pp1r3/3pb1pp/pP6/R1PQ1p2/5PP1/3N2BP/2R3K1 w - - 0 27,1.0,w
r1q5/1pp1rk2/3pb1pp/pP6/R1P5/5PQ1/3N2BP/2R3K1 w - - 1 29,1.0,w
r1q5/1pp1k3/3p2pp/pP3b2/R1P5/5PQ1/3N2BP/6K1 w - - 0 31,1.0,w
r1q5/1p1k4/1p1p2pp/p4b2/R1P4Q/5P2/3N2BP/6K1 w - - 0 33,1.0,w
r6q/1p1k4/3p2pp/pP3b2/R6Q/1N3P2/6BP/6K1 w - - 1 35,1.0,w
r6q/1pk5/3p2pp/pP6/R7/1N3P1Q/7P/6K1 w - - 1 37,1.0,w
r7/1pk5/3p2pp/RP6/8/1N2qPQ1/7P/6K1 w - - 1 39,1.0,w
8/1pk5/3pq1pp/NP6/8/5PQ1/7P/7K w - - 1 41,1.0,w
2k5/1p6/1P1p2pp/N4q2/8/5PQ1/7P/6K1 w - - 1 43,1.0,w
2k5/1p6/1q1p2pp/N7/8/5P2/7P/5QK1 w - - 0 45,1.0,w
2Q5/1p6/3p2pp/q7/8/5P2/6KP/8 b - - 0 47,1.0,b
1r1qr1k1/1pp2pb1/3pbnpp/pPn1p3/P7/R1BPP1P1/2PN1PBP/3QR1K1 b - - 2 14,0.0,b
1r1qr2k/1pp2pb1/3p1npp/pPnbp3/P3P3/R1BP1NP1/2P2PBP/3QR1K1 b - - 0 16,0.0,b
1r1q3k/1pp1rpb1/3pbnpp/pPn1p3/P3P3/2BP1NP1/2P2PBP/R1Q1R1K1 b - - 4 18,0.0,b
1r2q1k1/1pp1rpb1/3pbnpp/pPn1p3/P3P3/2BPQNPP/2P2PB1/R3R1K1 b - - 2 20,0.0,b
r3q1k1/1p2rpb1/1p1pbnpp/p1n1p3/P3P3/2BPQNPP/2P2PB1/RR4K1 b - - 1 22,0.0,b
2r1q1k1/1pr2pb1/1R1pbnpp/p1n1p3/P3P3/2BP1NPP/2P2PB1/R3Q1K1 b - - 0 24,0.0,b
2r1q1k1/1pr2pb1/3pbnpp/p3p3/4P3/2nP1NPP/1RP2PB1/R3Q1K1 b - - 1 26,0.0,b
r3q1k1/1pr2pb1/3p1npp/p3p3/4P1bP/2nP1NP1/1RP2PB1/R3Q2K b - - 2 28,0.0,b
r5k1/1pr2pb1/3p1npp/p3p3/q3P1bP/3P1NP1/R1P2PB1/4Q2K b - - 1 30,0.0,b
r5k1/1pr2pb1/5npp/p3p3/4P1bP/3P2P1/q1P2PB1/Q6K b - - 1 32,0.0,b
r5k1/1p3pb1/5npp/p3p2P/4P1b1/3P2P1/2r2PBK/q7 b - - 0 34,0.0,b
r5k1/1p3pb1/6pp/p3p2n/4P1P1/3P2P1/2r3BK/5q2 b - - 0 36,0.0,b
rn1q1rk1/ppb2ppp/2p2n2/2Pp4/1P2b3/4P3/PBQ1BPPP/RN3RK1 w - - 0 11,1.0,w
rn1qr1k1/ppb2ppp/2p2nb1/2Pp4/1P6/4P3/PB1NBPPP/R1Q2RK1 w - - 4 13,1.0,w
r2qr1k1/ppbn1ppp/2p2n2/2Pp4/1P2b3/4PN2/PB2BPPP/R1QR2K1 w - - 8 15,1.0,w
r1q1r1k1/ppbn1ppp/2p2nb1/2Pp2N1/1P6/4P2P/PB2BPP1/R1QR2K1 w - - 3 17,1.0,w
r1q1r1k1/ppb2ppp/2p2n2/2Pp4/1P2b3/4PN1P/P3BPP1/R1QR2K1 w - - 2 19,1.0,w
r1q1r1k1/ppb2ppp/2p2n2/2Pp4/1P2b3/4PN1P/P3BPP1/R1QR2K1 w - - 6 21,1.0,w
r1q1r1k1/pp3ppp/2p2n2/2Pp1bN1/1P6/3BP2P/P4PPb/R1QR2K1 w - - 10 23,1.0,w
rq2r1k1/pp3ppp/2p2n2/2Pp2N1/1P6/3RP2P/P4PPK/R1Q5 w - - 1 25,1.0,w
r1q1rk2/pp3ppp/2p2n2/2Pp4/1P6/3RPN1P/P4PP1/R1Q4K w - - 5 27,1.0,w
r1q3k1/pp2rppp/2p2n2/2Pp4/1P6/2QRPN1P/P4PP1/3R3K w - - 9 29,1.0,w
r5k1/pp2rppp/2p2n2/1PP2q2/3p4/2QRPN1P/P4PP1/3R2K1 w - - 0 31,1.0,w
3Qr1k1/pp3ppp/2p2n2/1PP2q2/8/3RPN1P/P4PP1/3R2K1 w - - 1 33,1.0,w
3Qr1k1/pP3ppp/5n2/5q2/8/3RPN1P/P4PP1/3R2K1 w - - 1 35,1.0,w
1Q2nk2/p4ppp/8/5q2/8/3RPN1P/P4PP1/3R2K1 w - - 1 37,1.0,w
2Q1n3/p3kppp/8/8/4P3/3R1N1P/P4PP1/3R2K1 w - - 1 39,1.0,w
4k3/p4ppp/3Q4/8/4P3/3R1N1P/P4PP1/3R2K1 w - - 1 41,1.0,w
r2qr1k1/ppb2ppp/2p2nb1/2Pp4/PP1BnP2/3BP3/2Q3PP/RN3RK1 w - - 1 15,0.5,w
r2qr1k1/ppb2ppp/2p2n2/2Pp1b2/PP1B1P2/4P3/3Q2PP/RN3RK1 w - - 2 17,0.5,w
r3r1k1/ppb1qppp/2p5/2Pp1b2/PP1BnP2/2N1P3/3Q2PP/R2R2K1 w - - 6 19,0.5,w
r3r1k1/ppb1qp1p/2p3p1/2Pp1b2/PP1B1P2/2Q1P3/6PP/R2R2K1 w - - 0 21,0.5,w
r5k1/ppb1rp1p/2p3p1/2Pp1b2/PP1BqP2/4P1Q1/6PP/R2R2K1 w - - 4 23,0.5,w
r5k1/ppb2p1p/2p2Bp1/2Pp1b2/PP3P2/4r3/6PP/R2R2K1 w - - 0 25,0.5,w
r5k1/pp3p1p/2p3p1/2Ppbb2/PP2rP2/8/6PP/R2R2K1 w - - 0 27,0.5,w
4r1k1/pp3p1p/2p3p1/2PpPb2/Pr6/8/5KPP/R2R4 w - - 2 29,0.5,w
6k1/pp3p1p/2p1r1p1/2Pp1b2/P4r2/8/R4KPP/3R4 w - - 2 31,0.5,w
6k1/pp3p1p/2p1r1p1/2Pp1b2/P3r3/5K2/R5PP/3R4 w - - 6 33,0.5,w
6k1/pp3p1p/2p1r1p1/2Pp1b2/P7/5K2/Rr4PP/8 w - - 0 35,0.5,w
8/pp2rpkp/2p3p1/2Pp1b2/P7/6K1/1R4PP/8 w - - 3 37,0.5,w
8/pr3pkp/2p3p1/2Pp4/P3bK2/8/6PP/8 w - - 2 39,0.5,w
8/p4pkp/2p3p1/2PpK3/P3b3/6P1/7r/8 w - - 0 41,0.5,w
8/p1K2pkp/2p3p1/2P5/P3b3/3p2P1/7r/8 w - - 0 43,0.5,w
8/K4pkp/2p3p1/2P5/P3b3/6P1/7r/3q4 w - - 0 45,0.5,w
8/1K3pkp/2p3p1/2P5/q3b1P1/8/1r6/8 w - - 2 47,0.5,w
1q6/5pkp/2pK2p1/2P5/4b1P1/8/1r6/8 w - - 6 49,0.5,w
1q6/3K1pkp/2p3p1/2P3P1/8/8/1r4b1/8 w - - 1 51,0.5,w
1q6/3K1pkp/2p3p1/2P3P1/8/8/1r4b1/8 w - - 5 53,0.5,w
7k/3b1nrp/3q4/p1p3PR/2PpQp2/3P4/P3PK2/2B5 b - - 1 36,0.5,b
7k/5nrp/2b5/p1p3PR/2Pp1B2/3P4/P3PK2/8 b - - 0 38,0.5,b
7k/6rp/2b5/2p1n1PR/p1Pp4/P2P4/4PK2/2B5 b - - 0 40,0.5,b
4b2k/5r1p/8/2p1n1P1/p1Pp1R2/P2P4/4PK2/2B5 b - - 4 42,0.5,b
4b1k1/5n1p/8/2p3P1/p1Pp1B2/P2P4/4PK2/8 b - - 1 44,0.5,b
4b3/5nkp/8/2p3P1/p1P5/P2PB3/5K2/8 b - - 0 46,0.5,b
8/6kp/6b1/2B1n1P1/p1P5/P2P4/4K3/8 b - - 0 48,0.5,b
8/5k1p/6b1/2P3P1/p7/P2n4/4K3/6B1 b - - 0 50,0.5,b
8/2Pk3p/6b1/6P1/p7/P2n4/4K3/6B1 w - - 1 53,0.5,w
8/2Pk3p/4n1b1/4B1P1/p7/P7/4K3/8 w - - 5 55,0.5,w
8/3k3p/6b1/1n4P1/p7/P4K2/1B6/8 b - - 2 57,0.5,b
8/3k3p/6b1/1n4P1/p7/P4K2/1B6/8 b - - 6 59,0.5,b
8/3k3p/8/1n4P1/p1b2K2/P7/1B6/8 w - - 10 62,0.5,w
8/3k3p/8/1n4P1/p1b5/P7/1B2K3/8 w - - 14 64,0.5,w
8/7p/3k4/1n4P1/p1b5/P5K1/1B6/8 w - - 18 66,0.5,w
8/1k5p/8/1n2B1P1/p1b5/P4K2/8/8 w - - 22 68,0.5,w
8/1k5P/8/3bB3/p7/n4K2/8/8 w - - 1 70,0.5,w
7Q/1k6/4b3/4B3/p1n5/6K1/8/8 w - - 1 72,0.5,w
8/1k1b4/8/4Q3/p7/6K1/8/8 b - - 0 74,0.5,b
2b5/1k6/8/8/p7/2Q3K1/8/8 w - - 4 77,0.5,w
8/2k5/8/5b2/p7/5Q2/5K2/8 w - - 8 79,0.5,w
8/8/8/1k6/p3Q3/8/5K2/8 w - - 3 81,0.5,w
8/8/8/1k6/p7/8/5K2/Q7 w - - 7 83,0.5,w
8/8/2k5/8/pQ6/8/5K2/8 w - - 11 85,0.5,w
4Q3/8/8/8/3k4/8/5K2/8 w - - 3 87,0.5,w
8/4Q3/2k5/8/8/6K1/8/8 w - - 7 89,0.5,w
8/k7/8/3Q4/8/6K1/8/8 w - - 11 91,0.5,w
8/k7/2Q5/8/8/6K1/8/8 w - - 15 93,0.5,w
8/k7/8/8/8/6K1/8/1Q6 w - - 19 95,0.5,w
8/k7/8/8/4K3/8/8/1Q6 w - - 23 97,0.5,w
8/8/1k6/8/8/5K2/8/Q7 w - - 27 99,0.5,w
8/3k4/8/2Q5/8/5K2/8/8 w - - 31 101,0.5,w
8/2k5/8/8/3Q4/5K2/8/8 w - - 35 103,0.5,w
8/8/8/1k6/3Q4/6K1/8/8 w - - 39 105,0.5,w
8/2k5/8/8/3Q4/6K1/8/8 w - - 43 107,0.5,w
8/2k5/8/8/3Q4/5K2/8/8 w - - 47 109,0.5,w
rnbqkb1r/pp3ppp/2p2n2/4p3/3pP3/1B1P4/PPP1QPPP/RNB1K2R w KQkq - 0 6,1.0,w
rnb1k2r/pp3ppp/2pb1n2/q3p1B1/3pP3/1B1P4/PPPNQPPP/R3K2R w KQkq - 4 8,1.0,w
rnb1k2r/pp3p1p/2pb1p2/4p3/1q1pP3/1B1P4/PPPNQPPP/2KR3R w kq - 2 10,1.0,w
r1b1k2r/pp1n1p1p/2p2p2/2b1p3/1qNpP3/1B1P1Q2/PPP2PPP/2KR3R w kq - 6 12,1.0,w
r1b4r/pp1nkp1p/2p2p2/2b1p3/1q2P3/NBpP1Q2/PP3PPP/2KR3R w - - 0 14,1.0,w
r1b4r/pp1nkp1p/1qp2p2/2b1p3/4P3/1B1P1Q2/PKN2PPP/3R3R w - - 1 16,1.0,w
r1b4r/pp1nkp1p/1qp2p2/4p2Q/4P3/1B1P4/P1N2bPP/2KR3R w - - 0 18,1.0,w
r1bk3r/pp1n1Q1p/1qp2p2/2b1p3/4P3/1B1P4/P1NR2PP/2K4R w - - 3 20,1.0,w
r1bk3r/pp1n2Qp/2p2p2/2q1p3/4P3/NB1P4/P2R2PP/2K4R w - - 1 22,1.0,w
r1bkr3/pp1n3Q/2pq1p2/4p3/4P3/1B1P4/P1NR2PP/2K4R w - - 1 24,1.0,w
r1b1r3/pp1n3Q/1kpq1p2/4p3/4P3/1B1P4/P1N2RPP/2K2R2 w - - 5 26,1.0,w
r1b1r3/pp5Q/1kp2n2/4p3/4P3/1B1P4/P1N3PP/2K5 w - - 0 28,1.0,w
r1b2r2/ppk5/2p2n2/4p3/4P3/1B1P4/P1N3PP/2K1Q3 w - - 4 30,1.0,w
r1b2r2/pp6/2pk4/4p3/4P1n1/1B1P2Q1/P1N3PP/2K5 w - - 8 32,1.0,w
r1b5/pp6/3k4/2p1p3/3PP1n1/1B4Q1/PKN3PP/5r2 w - - 0 34,1.0,w
r1b5/pp6/3k4/2p1n3/4P3/1B2N1Q1/PK3rPP/8 w - - 2 36,1.0,w
r1b5/pp2k3/8/2p1n3/2N1P3/1BK3Q1/P3r1PP/8 w - - 6 38,1.0,w
r7/pp3k2/4b3/2Q5/2N1P3/1BK5/P3r1PP/8 w - - 1 40,1.0,w
r7/pp3b2/8/8/2N1P3/2K5/P3r1PP/3B4 b - - 1 42,1.0,b
3r2k1/pb3ppp/1p1r1n2/4q3/1PB1P2n/6NP/4QPP1/2R1R1K1 b - - 0 29,1.0,b
3r4/pbR2kpp/3r1n2/1p2q3/1P2P2n/6NP/4QPP1/4R1K1 b - - 1 31,1.0,b
3r4/pb1r1kpp/5nn1/1p2q3/1P2P3/6NP/4QPP1/2R1R1K1 b - - 5 33,1.0,b
3r1k2/pb1r2pp/5n2/Qp2q3/1P2P2n/6NP/5PP1/2R1R1K1 b - - 9 35,1.0,b
3r4/pb1r1kpp/5n2/QpR1q3/1P2P3/6NP/5PK1/4R3 b - - 2 37,1.0,b
3r4/p2r1kpp/2bq1n2/Q1R5/1P2P3/6NP/5PK1/4R3 b - - 2 39,1.0,b
3r4/p2r1kpp/3q4/Q1R5/1P2R3/7P/5PK1/8 b - - 0 41,1.0,b
3r4/p2r1kpp/3q4/Q4R2/1P4R1/7P/5PK1/8 b - - 4 43,1.0,b
3rk3/p3R1pp/3q4/Q4R2/1P6/7P/5PK1/8 b - - 0 45,1.0,b
3r4/3qk1pp/8/5R2/1P6/4Q2P/5PK1/8 b - - 2 47,1.0,b
3r4/4k1pp/6q1/5R2/1P4Q1/7P/5PK1/8 b - - 6 49,1.0,b
8/6pp/3k2q1/6R1/1P4Q1/3r3P/5PK1/8 b - - 10 51,1.0,b
8/6Rp/3k1q2/8/1P4Q1/7K/5P2/8 b - - 0 53,1.0,b
8/1Q4Rp/1k3q2/8/1P6/7K/5P2/8 b - - 4 55,1.0,b
4rrk1/2p2qbn/1p1p2pp/pPnPp3/P3Pp2/R2P1PPB/7P/2BQ1R1K w - - 0 29,1.0,w
5rk1/2p1rqbn/3p2pp/pPpPp3/P3Pp2/3P1PPB/7P/2BQ1R1K w - - 0 31,1.0,w
5rk1/2p3bn/3pq1pp/pPp1p3/P3Pp2/3P1PP1/7P/2BQ1R1K w - - 0 33,1.0,w
5rk1/2p3b1/3pqnpp/pPp5/P3Pp2/3P1P2/3B3P/3Q1R1K w - - 2 35,1.0,w
2r5/2p2kb1/3pqnpp/BPp5/P3Pp2/3P1P2/7P/3Q2RK w - - 3 37,1.0,w
8/2r2kb1/3pqn1p/1Pp3p1/P3Pp2/3P1P2/7P/2Q3RK w - - 0 39,1.0,w
8/r4kb1/3p1n1p/1Pp3p1/P1P1Pp2/5P2/7P/6RK w - - 1 41,1.0,w
8/5kb1/3R1n1p/1Pp5/r1P1Ppp1/5P2/7P/7K w - - 0 43,1.0,w
8/3R2b1/6kp/1Pp5/r1P1npP1/8/7P/7K w - - 2 45,1.0,w
8/3R2b1/5nkp/1Pp5/2P2pP1/5K2/r6P/8 w - - 6 47,1.0,w
8/6b1/5nkp/1PR5/2P2pPr/5K2/8/8 w - - 1 49,1.0,w
8/6b1/2R2nkp/1P6/2P3r1/4K3/8/8 b - - 1 51,1.0,b
8/6b1/6kp/1P1n4/2R5/5K2/8/8 b - - 2 53,1.0,b
8/6b1/1PR5/3n1k1p/8/5K2/8/8 b - - 0 55,1.0,b
8/1P2n3/8/2R1bk1p/8/5K2/8/8 b - - 2 57,1.0,b
3Q4/8/5kn1/2R1b2p/8/5K2/8/8 b - - 2 59,1.0,b
8/8/6n1/2R1b1kp/4Q3/5K2/8/8 b - - 6 61,1.0,b
8/p4pk1/1p1n1p1P/7P/PP1K1P2/3B4/8/8 b - - 0 40,1.0,b
8/pn3p2/1p3p1k/7P/PP2KP2/8/4B3/8 b - - 3 42,1.0,b
8/p4p1k/1p3p2/3K1n1P/PP3P2/8/4B3/8 w - - 7 45,1.0,w
8/p4p2/1p1K1p1k/5B1P/PP3P2/8/8/8 b - - 1 47,1.0,b
8/p4K2/1p3p2/5B2/PP3P1k/8/8/8 b - - 0 49,1.0,b
8/p7/1p3K2/P4B2/1P3k2/8/8/8 b - - 0 51,1.0,b
8/p7/5K2/P7/4B3/6k1/8/8 b - - 2 53,1.0,b
8/pB6/5K2/P7/8/8/8/6k1 b - - 6 55,1.0,b
8/p3K3/8/P2B4/8/4k3/8/8 b - - 10 57,1.0,b
8/p7/2K5/P2B4/8/4k3/8/8 b - - 14 59,1.0,b
8/p7/P1K5/8/2k5/8/6B1/8 b - - 0 61,1.0,b
8/K7/P7/8/8/4k3/6B1/8 b - - 0 63,1.0,b
8/P7/1K6/8/8/4k3/6B1/8 b - - 0 65,1.0,b
5Q2/8/1K6/6k1/8/8/6B1/8 b - - 2 67,1.0,b
5Q2/2K5/8/6k1/4B3/8/8/8 b - - 6 69,1.0,b
8/2K5/8/7k/5Q2/8/8/7B b - - 10 71,1.0,b
8/2K3k1/8/8/5Q2/8/2B5/8 b - - 14 73,1.0,b
8/2K3k1/8/8/4BQ2/8/8/8 b - - 18 75,1.0,b
6k1/2K5/8/8/5Q2/8/2B5/8 b - - 22 77,1.0,b
6k1/2K5/8/8/5Q2/8/2B5/8 b - - 26 79,1.0,b
5rk1/1pb1rpp1/p1p5/P1Pp1BRn/1P1R1P2/4P3/5K1P/8 b - - 2 32,1.0,b
4r1k1/1pb1rpp1/p1p2n2/P1Pp4/1P1R1P2/3BP1R1/5K1P/8 b - - 6 34,1.0,b
4r1k1/1pb2pp1/p1p5/P1Pp4/1P1R1Pn1/3BRK2/7P/8 w - - 2 37,1.0,w
4k3/1pb2pp1/p1p5/P1Pp4/1P1R1Pn1/3B2K1/7P/8 w - - 0 39,1.0,w
5k2/1pb2p2/p1p5/P1Pp1Bp1/1P1R1PK1/8/7P/8 w - g6 0 41,1.0,w
5k2/1B3p2/p1p5/P1Pp2p1/1P1R2K1/8/7b/8 w - - 0 43,1.0,w
5k2/5p2/p1B5/P1PR2p1/1P4K1/2b5/8/8 w - - 1 45,1.0,w
5k2/1B3p2/p7/b1PR2K1/8/8/8/8 w - - 0 47,1.0,w
8/5pk1/B1P5/3R2K1/8/2b5/8/8 w - - 1 49,1.0,w
8/2P2p1k/B7/6K1/8/8/3R4/8 w - - 1 51,1.0,w
5rk1/1pb2pp1/p1p1r3/P1Pp1bNn/1P1BnPq1/3BP3/R5pP/3Q1RK1 w - - 0 27,0.0,w
5rk1/1pb2pp1/p1p3r1/P1Pp1bNn/1P1BnP2/3BP3/6RP/3R2K1 w - - 1 29,0.0,w
5rk1/1pb2pp1/p1p5/P1Pp3n/1P1BbP2/3BP3/6KP/3R4 w - - 0 31,0.0,w
3r2k1/1pb2pp1/p1p5/P1P4n/1P2pP2/2B1P3/6KP/3R4 w - - 2 33,0.0,w
3b1k2/1p3pp1/p1p5/P1P4n/1P2pP2/4P3/6KP/B7 w - - 2 35,0.0,w
5k2/1p3pp1/p1p5/P1P4n/1P1BpP1b/4P3/6KP/8 b - - 6 37,0.0,b
8/1p2kpp1/p1p5/P1P4n/1P1BpP2/4P3/5bKP/8 b - - 10 39,0.0,b
8/1p2kpp1/p1p5/P1P4n/1P1BpPK1/4P3/7P/4b3 b - - 14 41,0.0,b
8/1p2kpp1/p1p2B2/P1P2K2/1b2pP2/4P3/7P/8 b - - 0 43,0.0,b
8/1p2kp2/p1p2p2/P1b5/5P2/4PK2/7P/8 b - - 1 45,0.0,b
8/1p2kp2/p1p2p2/b7/5P2/4P2P/4K3/8 b - - 1 47,0.0,b
8/1p3p2/pbpk1p2/5P2/4P3/7P/4K3/8 b - - 0 49,0.0,b
8/1p3p2/p1p2p2/b3kP1P/4P3/8/4K3/8 b - - 0 51,0.0,b
5b2/1p3p1P/p1p2p2/4kP2/4P3/8/4K3/8 b - - 0 53,0.0,b
7R/1p3pb1/2p2p2/p3kP2/4P3/3K4/8/8 b - - 0 55,0.0,b
7b/1p3p2/2p2p2/p4P2/4k3/2K5/8/8 b - - 1 57,0.0,b
7b/5p2/1pp2p2/p4k2/8/3K4/8/8 b - - 1 59,0.0,b
7b/5p2/1pp2p2/8/p4k2/8/5K2/8 b - - 1 61,0.0,b
7b/5p2/1pp2p2/8/5k2/8/p2K4/8 b - - 1 63,0.0,b
7b/5p2/1pp2p2/8/5k2/3K4/8/6q1 b - - 3 65,0.0,b
5rk1/pp1b3p/2pb2p1/P2p4/6P1/1NPnB3/1P2B3/R5K1 b - - 11 33,1.0,b
6k1/pp1b3p/P1pb2p1/3p4/6P1/1NPBr3/1P6/R5K1 b - - 0 35,1.0,b
6k1/RP5p/2pb2p1/3p4/6b1/1NPr4/1P6/6K1 b - - 0 37,1.0,b
6k1/RP5p/2pb2p1/3p4/6b1/1NP2r2/1P6/6K1 b - - 4 39,1.0,b
6k1/RP5p/2pb2p1/3p4/6b1/1NP5/5K2/8 b - - 0 41,1.0,b
1R6/1P3k1p/2p3p1/3p4/6b1/1NP5/5K2/8 b - - 0 43,1.0,b
7R/1P5p/2p2kp1/8/3N2b1/2P5/5K2/8 b - - 0 45,1.0,b
1Q5R/7p/5kp1/8/3P2b1/8/5K2/8 b - - 0 47,1.0,b
8/4k2R/4b1p1/4Q3/3P4/8/5K2/8 b - - 0 49,1.0,b
3k4/3Q3R/8/6p1/3P4/8/5K2/8 b - - 1 51,1.0,b
1r1qr1k1/2p2pb1/1p1pbnpp/pPn1p3/P1P1P3/R2PN1P1/1B3PBP/Q1R3K1 b - - 3 19,0.0,b
1r2r1k1/2pnqpb1/1p1pbnpp/pP2p3/P1PPP3/R3N1P1/1B3PBP/Q3R1K1 b - - 2 21,0.0,b
1r2r1k1/2pnqpb1/1p1pbnp1/pP5p/P1PBP3/3RN1P1/5PBP/Q3R1K1 b - - 1 23,0.0,b
1r2rqk1/2p2pb1/1p1pbnp1/pP2n2p/P1PBP3/2Q1N1P1/5PBP/3RR1K1 b - - 5 25,0.0,b
3rrqk1/2p2p2/1p1pbnpb/pP2n2p/P1PBP2P/2Q3P1/2N2PB1/3RR1K1 b - h3 0 27,0.0,b
3rrq1k/2p2p2/1p2bnpb/pP2p2p/P1P1P2P/5QP1/2N2PB1/3RR1K1 b - - 1 29,0.0,b
4rq1k/2p2p2/1p3npb/pP2p2p/P1b1P2P/6P1/2N2PB1/Q3R1K1 b - - 1 31,0.0,b
3r1q1k/2p2p2/1p3npb/pP2p2p/P3P2P/3b2P1/1QN2PB1/4R1K1 b - - 5 33,0.0,b
3r2k1/2p1qp2/1p3npb/pP2p2p/P3P2P/3b1BP1/1QN2P2/3R2K1 b - - 9 35,0.0,b
3q2k1/2p2p2/1p3npb/pP2p2p/P3B2P/6P1/1QN2P2/6K1 b - - 0 37,0.0,b
6k1/2p2p2/1p4pb/pP2Q2p/P3n2P/6P1/2N2PK1/3q4 b - - 0 39,0.0,b
8/2p2Q1k/1p4pb/pP5p/P3n2P/6P1/2q2PK1/8 b - - 0 41,0.0,b
8/2p3bk/1p4p1/pP5p/P6P/6Q1/2q2PK1/8 b - - 0 43,0.0,b
8/2p3bk/1p4p1/pP5p/P6P/5PQ1/4q3/7K b - - 2 45,0.0,b
8/2p4k/1p4p1/pP2Q2p/P6P/5P2/7K/5q2 b - - 0 47,0.0,b
8/2p4k/1p4p1/pP2Q2p/P6P/5q2/7K/8 b - - 1 49,0.0,b
8/2p4k/1p4p1/pP5p/P6q/8/7Q/7K b - - 1 51,0.0,b
8/2p5/1p4pk/pP5p/P7/8/6K1/8 b - - 2 53,0.0,b
8/2p2k2/1p4p1/pP5p/P7/5K2/8/8 b - - 6 55,0.0,b
6k1/2p5/1p6/pP2K1pp/P7/8/8/8 b - - 3 57,0.0,b
6k1/2p5/1p6/pP4p1/P7/5K1p/8/8 b - - 1 59,0.0,b
5k2/2p5/1p6/pP6/P5p1/7p/7K/8 b - - 3 61,0.0,b
8/2p5/1p3k2/pP6/P5K1/7p/8/8 b - - 0 63,0.0,b
8/2p5/1p3k2/pP6/P7/6K1/8/7q b - - 1 65,0.0,b
8/2p5/1p3k2/pP6/q7/4K3/8/8 b - - 1 67,0.0,b
8/2p2k2/1p6/pq6/8/8/8/6K1 w - - 3 70,0.0,w
8/2p2k2/1p6/1q6/8/p5K1/8/8 w - - 0 72,0.0,w
8/2p2k2/1p6/1q6/8/6K1/8/q7 w - - 0 74,0.0,w
8/2p2k2/1p6/1q6/8/6K1/8/3q4 w - - 4 76,0.0,w
8/5k2/1p6/1qp5/8/8/6K1/4q3 w - c6 0 78,0.0,w
8/5k2/1p6/2p5/1q6/8/7K/4q3 b - - 4 80,0.0,b
8/8/1p2k3/2p5/1q6/8/7K/q7 b - - 8 83,0.0,b
8/8/1p2k3/2p5/1q6/1q6/8/6K1 w - - 12 86,0.0,w
8/8/1p6/2pk4/1q6/8/2q2K2/8 w - - 16 88,0.0,w
2b1r1k1/1p5p/2p3p1/P1B5/2p3P1/2P5/6K1/R7 b - - 0 39,0.5,b
2b3k1/1p5p/2p3p1/P7/2p1r1P1/2P2K2/5B2/R7 b - - 4 41,0.5,b
2b3k1/7p/p1p3p1/8/2p3r1/2P2K2/5B2/3R4 b - - 1 43,0.5,b
2b3k1/7p/p1p3p1/8/2p3r1/2P2K2/5B2/3R4 b - - 5 45,0.5,b
8/5k1p/p1p3p1/5b2/2p3r1/2P2K2/5B2/3R4 b - - 9 47,0.5,b
8/5k1p/p1p3p1/6r1/2p5/2Pb1K2/5B2/2R5 b - - 13 49,0.5,b
8/5k1p/p1p3p1/4r3/2p5/2Pb1K2/5B2/2R5 b - - 17 51,0.5,b
8/5k1p/p1p3p1/4r3/2pK4/2Pb4/5B2/2R5 b - - 21 53,0.5,b
8/5k1p/p1p3p1/1r6/2pK4/2Pb4/8/3RB3 b - - 25 55,0.5,b
8/5k1p/p1p3p1/4r3/2p5/2Pb4/5K2/3RB3 b - - 29 57,0.5,b
8/5k1p/2p3p1/p7/2p5/2Pb4/3Br3/3R2K1 b - - 1 59,0.5,b
8/4rk1p/2p3p1/p4b2/2p5/2P5/3B4/3R2K1 b - - 5 61,0.5,b
8/5k1p/2p3p1/p4b2/2p5/2Pr4/3B4/3RK3 b - - 9 63,0.5,b
8/5k1p/2p3p1/p3rb2/2p5/2P5/3B1K2/R7 b - - 13 65,0.5,b
8/5k1p/2p5/pr3bB1/2p5/2P5/5K2/R7 b - - 0 67,0.5,b
8/5k1p/2p5/p4r2/2p5/2Pb2K1/8/R1B5 b - - 4 69,0.5,b
8/R4k1p/2p5/8/2p5/2Pb2K1/8/2r5 b - - 1 71,0.5,b
8/7p/2p1k3/8/2p5/2Rb2K1/8/8 b - - 0 73,0.5,b
8/7p/2p3k1/8/2p2K2/R2b4/8/8 b - - 4 75,0.5,b
8/7p/2R1k3/8/2p2K2/3b4/8/8 b - - 0 77,0.5,b
8/2R1k2p/8/4K3/2p5/8/8/5b2 b - - 4 79,0.5,b
3k4/7R/3K4/8/8/2p5/8/5b2 b - - 1 81,0.5,b
2k5/7R/8/1K6/8/2p5/6b1/8 b - - 5 83,0.5,b
8/3k3R/8/1K6/8/8/2p3b1/8 b - - 3 85,0.5,b
2k5/8/8/1K6/8/8/6bR/2r5 b - - 1 87,0.5,b
8/2k5/8/8/1K2b3/8/4R3/2r5 b - - 5 89,0.5,b
8/2k1R3/8/8/8/2K2b2/8/1r6 b - - 9 91,0.5,b
8/8/6R1/2k5/8/2K2b2/8/1r6 b - - 13 93,0.5,b
8/8/8/2k3R1/8/2K5/4b3/3r4 b - - 17 95,0.5,b
8/8/b1k1R3/8/8/2K5/8/3r4 b - - 21 97,0.5,b
3r4/8/b1k5/8/8/2K5/8/R7 b - - 25 99,0.5,b
3r4/8/2k5/8/6b1/8/1K6/2R5 b - - 29 101,0.5,b
2r5/8/8/3k4/6b1/8/1K6/R7 b - - 33 103,0.5,b
1r6/8/8/R2k1b2/8/2K5/8/8 b - - 37 105,0.5,b
1r6/8/8/5b2/8/2K1k3/R7/8 b - - 41 107,0.5,b
1r6/8/8/2K2b2/8/4k3/R7/8 b - - 45 109,0.5,b
3r4/8/8/4Kb2/8/4k3/R7/8 b - - 49 111,0.5,b
3r4/8/8/4K3/8/3bk3/8/3R4 b - - 53 113,0.5,b
4r3/8/8/8/3K4/3b4/4k3/7R b - - 57 115,0.5,b
4r3/8/8/8/3K4/8/4k2R/1b6 b - - 61 117,0.5,b
3rr1k1/p2bqppp/5nn1/1pp5/8/1P2P1NP/P3QPP1/1BR1R1K1 w - - 0 23,0.0,w
3rr1k1/p2b1pp1/5np1/1pp1q3/8/1P2PQNP/P4PP1/2R1R1K1 w - - 0 25,0.0,w
r3r1k1/Q2b1pp1/4qnp1/1pp5/8/1P2P1NP/P4PP1/2R1R1K1 w - - 1 27,0.0,w
4r1k1/3b1pp1/5np1/1pQ5/8/1q2P1NP/r4PP1/2RR2K1 w - - 0 29,0.0,w
4r1k1/3b1p2/5pp1/1pQ5/q7/4P1NP/r4PP1/2R3K1 w - - 0 31,0.0,w
4r1k1/5p2/4bpp1/1p6/8/4P1NP/q4PP1/2R3K1 w - - 0 33,0.0,w
4r3/5pk1/4bpp1/1p6/4N3/4P2P/2q2PP1/3R2K1 w - - 4 35,0.0,w
4r3/5pk1/5pp1/1p1b4/4q3/4P2P/1R3PP1/6K1 w - - 2 37,0.0,w
4r3/5pk1/5pp1/1p1b4/8/5P1P/5RP1/4q1K1 w - - 2 39,0.0,w
4r3/5pk1/5pp1/1p1b2q1/8/5P1P/6P1/5R1K w - - 6 41,0.0,w
4r3/5pk1/5pp1/1p1b4/3q4/5P2/6P1/5RK1 b - - 2 43,0.0,b
4r3/5pk1/5pp1/1p6/8/5PP1/b7/6R1 b - - 0 45,0.0,b
r1bq1rk1/1ppn1pbp/3p1np1/pP2p3/P7/3P1NP1/1BPKPPBP/R2Q3R b - - 2 9,0.0,b
r1b1qrk1/1pp2pbp/1n1p1np1/pP2p3/P7/3P1NP1/1BPKPPBP/R4Q1R b - - 6 11,0.0,b
r3qrk1/1pp2p1p/1n1pbnpb/pP2p3/P7/2KP1NP1/2P1PPBP/R1B2Q1R b - - 10 13,0.0,b
r4rk1/1pp2p1p/3pbnpB/pq2p3/R7/2KP1NP1/2P1PPBP/5Q1R b - - 0 15,0.0,b
r4rk1/1pp2p1p/3pb1pB/p2np1N1/q7/3P2P1/2PKPPBP/5Q1R b - - 1 17,0.0,b
r4rk1/1pp2p1p/3pb1pB/p2np1N1/8/q2P2P1/2PKPPBP/5Q1R b - - 5 19,0.0,b
r4rk1/1pp2p1p/3pb1pB/p2np1N1/8/3P2P1/2PKPPBP/q4Q1R b - - 9 21,0.0,b
5rk1/1pp2p1p/3pb1p1/p2np1N1/8/3P2P1/2PqPPBP/5Q1R w - - 0 24,0.0,w
5rk1/1pp4p/3p2p1/p2pp3/8/3P2P1/2PqPP1P/5Q1R w - - 0 26,0.0,w
6k1/1pp4p/3p2p1/p2pp3/8/2qPP1P1/5r1P/5Q1R w - - 0 28,0.0,w
6k1/1pp4p/3p2p1/p2pp3/8/4q1PP/5Q2/7R w - - 0 30,0.0,w
6k1/1pp4p/6p1/3pp3/p7/6PP/8/7R w - - 0 32,0.0,w
6k1/1pp4p/6p1/3pp3/6P1/7P/p7/R7 w - - 0 34,0.0,w
6k1/1pp4p/6p1/4p1P1/8/3p3P/R7/8 w - - 0 36,0.0,w
6k1/1pp4p/6p1/6P1/4p2P/8/3R4/8 w - - 0 38,0.0,w
6k1/1pp4p/8/6Pp/8/4p3/8/3R4 w - - 0 40,0.0,w
8/1pp2k2/6p1/7p/8/4p3/8/R7 w - - 2 42,0.0,w
8/1Rp2k2/6p1/8/7p/8/4p3/8 w - - 0 44,0.0,w
8/8/4k1p1/8/8/7p/4p3/2R5 w - - 0 46,0.0,w
8/8/6p1/3k4/8/8/4p2p/1R6 w - - 0 48,0.0,w
8/8/8/6p1/2k5/8/4p2p/1R6 w - - 0 50,0.0,w
8/8/8/6p1/8/8/k3p2p/1R6 w - - 4 52,0.0,w
8/8/8/6p1/8/8/k3p2p/1R6 w - - 8 54,0.0,w
8/8/8/6p1/8/8/2k1p2p/1R6 w - - 12 56,0.0,w
8/8/8/8/8/6p1/2k1p2p/1R6 w - - 0 58,0.0,w
8/8/8/8/8/8/1k2p1pp/2R5 w - - 2 60,0.0,w
8/8/8/8/8/8/1k2p3/6q1 w - - 0 62,0.0,w
rnbqk2r/pp3ppp/2pb1n2/3pp3/2P5/1P1BPN2/PB1P1PPP/R2QK2R b KQkq - 3 6,0.0,b
rnbqk2r/pp3ppp/2pb1n2/3P4/8/1P1BPP2/PB1P1P1P/R2QK2R b KQkq - 0 8,0.0,b
r1bqk2r/pp3pRp/2nb1n2/3p4/8/1P1BPP2/PB1P1P1P/R2QK3 b Qkq - 0 10,0.0,b
r1b1k2r/pp2qpRp/3b1B2/3p4/1n6/1P1BPP2/P2P1P1P/R1Q1K3 b Qkq - 0 12,0.0,b
r1b1k2r/pp3pRp/3b1q2/3p4/8/1PQnPP2/P2P1P1P/R4K2 b kq - 1 14,0.0,b
r3k2r/pp3pRp/5q2/3pb3/8/1P1QPP1b/P2PKP1P/R7 b kq - 0 16,0.0,b
r3k3/pp3p1Q/5q2/3p4/8/1P2PP1b/P2PKP1P/b7 b q - 0 18,0.0,b
r3k3/pp3p2/q7/3p4/8/1P1QPP2/P2P1P1P/b4K2 b q - 0 20,0.0,b
r3k3/pp3p2/8/3p4/4P3/1P3P2/P2q1PKP/b7 b q - 0 22,0.0,b
6r1/pp1k1p2/8/3p4/4P3/1P3P1P/P2q1P1K/b7 b - - 2 24,0.0,b
6r1/pp1k1p2/8/3P4/8/1P3P1P/q7/b6K b - - 0 26,0.0,b
r2q1rk1/ppbn1ppp/2p3b1/2Pp4/1P2nP2/3BP3/PBQ3PP/RN1R2K1 b - - 2 13,1.0,b
r2q1rk1/ppbn1pp1/2p2np1/2Pp4/1P1B1P2/4P3/P1Q3PP/RN1R2K1 b - - 1 15,1.0,b
r1q1r1k1/ppbn1pp1/2p2np1/2Pp4/1P1B1P2/2N1P1P1/P1Q4P/R2R2K1 b - - 0 17,1.0,b
r3q1k1/ppbnrpp1/2p2np1/2Pp4/1P1B1P2/2N1P1PP/P4Q2/R2R2K1 b - - 2 19,1.0,b
r3q1k1/ppbn1pp1/2p3p1/2Pp4/1P1BrP2/4P1PP/P4Q2/2RR2K1 b - - 1 21,1.0,b
r3q1k1/ppbnrpp1/6p1/1pPp4/3B1P2/4P1PP/P6Q/2RR2K1 b - - 1 23,1.0,b
r5k1/ppbn1pp1/6p1/1pPp4/5P2/4q1PP/P6Q/2RR1K2 b - - 1 25,1.0,b
r5k1/ppbn1pp1/6p1/1pPp4/5P2/6PP/P3KQ2/2RR3q b - - 5 27,1.0,b
4r1k1/pp1n1pp1/6p1/bpPp4/5P2/6PP/P1K2Q2/2RR3q b - - 9 29,1.0,b
4r1k1/pp1n1pp1/6p1/1pPp4/5P2/1K4Pq/P4Q2/2R1R3 b - - 0 31,1.0,b
6k1/pp3pp1/6p1/1pQp4/5P2/1K4Pq/P7/4R3 b - - 0 33,1.0,b
4R1k1/pp3pp1/6p1/1pQp4/5Pq1/1K6/P7/8 b - - 3 35,1.0,b
4R3/pp3pp1/6pk/1pQp4/5Pq1/8/P1K5/8 b - - 7 38,1.0,b
7R/pp3pp1/6pk/1pQp4/5Pq1/1K6/P7/8 b - - 11 40,1.0,b
rn1qkb1r/pp3ppp/2p2n2/3pp3/4P1b1/1B1P1P2/PPP1Q1PP/RNB1K2R b KQkq - 0 6,1.0,b
rn3b1r/pp1k1ppp/2p2n2/q2pp3/4P1P1/1BNP4/PPP1Q1PP/R1B1K2R b KQ - 2 8,1.0,b
rn4r1/pp1k1ppp/2p2n2/q2Pp3/1b4P1/1BNP4/PPP1Q1PP/R1B2RK1 b - - 2 10,1.0,b
rn3r2/pp1k1ppp/2p2n2/q1bPQ3/6P1/1BNP4/PPP3PP/R1B2R1K b - - 0 12,1.0,b
rn1kr3/pp3ppp/2p2n2/q1bP4/6PQ/1BNP4/PPP3PP/R1B2R1K b - - 4 14,1.0,b
r2kr3/p2n1ppp/2p2R2/q1b5/6PQ/1BNP4/PPP3PP/R1B4K b - - 0 16,1.0,b
r2k4/p3r1pp/2p2n2/q1b5/2B3PQ/2NP4/PPP3PP/R1B4K b - - 2 18,1.0,b
r2k4/p3r1pp/1qp2n2/6B1/2BbN1PQ/3P4/PPP3PP/R6K b - - 6 20,1.0,b
r2k4/p3r1p1/1qp2b1p/8/2B1N1P1/3P4/PPP2QPP/R6K b - - 1 22,1.0,b
r2k1Q2/p3r1p1/2p4p/8/2BbN1P1/3P4/PqP3PP/3R3K b - - 3 24,1.0,b
r7/p2Q2p1/1kp4p/8/2BbN1P1/3P4/PqP3PP/3R3K b - - 2 26,1.0,b
5Q2/p5p1/2p4p/k7/2BbN1P1/3P4/PqP3PP/3R3K b - - 0 28,1.0,b
8/p7/k1p3pp/8/1Q1bN1P1/1B1P4/PqP3PP/3R3K b - - 3 30,1.0,b
1r2r1k1/2pq2b1/1p1p2pp/pPnPpp2/P3P1n1/R2P2PP/1B3PB1/Q3R1K1 b - - 0 23,0.0,b
1r2r1k1/2pq2b1/1p1p1npp/pPnPp3/P3P3/R5PP/1B3PB1/2Q1R1K1 b - - 0 25,0.0,b
1r4k1/2pqr1b1/1p1p1n1p/pPnPp1p1/P3P3/R4PPP/1B4B1/3QR1K1 b - - 2 27,0.0,b
1r6/2pqrkb1/1p1p1n2/pPnPp1pp/P3P3/5PPP/1B4B1/2RQR1K1 b - - 1 29,0.0,b
1r6/2pqr1b1/1p1p1nk1/pPnPp1p1/P3P2P/5P1P/1B3KB1/2RQR3 b - - 0 31,0.0,b
1r6/2pqr1b1/1p1p1nk1/pPnP4/P3Pp1p/7P/1B3KB1/2RQ2R1 b - - 1 33,0.0,b
1r6/2p1r1b1/1p1p2k1/pPnP4/P3PpPp/8/1B3KB1/2R3R1 b - - 0 35,0.0,b
1r6/2p1r3/1p1p2k1/pP1PP3/n4pPp/8/1b3KB1/3R2R1 b - - 0 37,0.0,b
1r6/2p5/1p1p2k1/pP1Pr3/5pPp/2n5/1b1R1KB1/5R2 b - - 3 39,0.0,b
1r6/2p5/1p1p2k1/pn1Pr1P1/5p1p/b7/2R2KB1/5R2 b - - 0 41,0.0,b
1r6/2p5/1p1p2k1/p1bPr1P1/3n1K1p/8/2R3B1/5R2 b - - 0 43,0.0,b
5r2/2p5/1p1p2k1/p1bP2r1/3n2K1/7p/2R3B1/5R2 w - - 0 46,0.0,w
2b3k1/1p5p/2p3p1/P7/2pBr1P1/2P2K2/8/R7 w - - 4 42,1.0,w
2b5/1p2k2p/2p3p1/P7/2pBK1P1/2P5/8/5R2 w - - 3 44,1.0,w
8/1p2k3/2p1b1p1/P6P/2pBK3/2P5/8/7R w - - 1 46,1.0,w
8/1p6/2p1b1p1/P1B3kP/2p1K3/2P5/8/5R2 w - - 5 48,1.0,w
2b5/1p6/2p3k1/P1B1K3/2p5/2P5/8/5R2 w - - 0 50,1.0,w
2b5/6k1/p1p2R2/2B1K3/2p5/2P5/8/8 w - - 2 52,1.0,w
8/3R2k1/p7/2B1K3/2p5/2P5/8/8 w - - 0 55,1.0,w
r1bqkb1r/ppp1pppp/nn6/8/8/1B6/PPPPNPPP/R1BQK2R w KQkq - 4 6,0.0,w
r1bqkb1r/pp2pppp/1np5/2n5/8/1B4N1/PPPPQPPP/R1B1K2R w KQkq - 2 8,0.0,w
r1b1kb1r/pp2pppp/1np5/3q4/8/PP4N1/1P1PQPPP/R1B1K2R w KQkq - 1 10,0.0,w
3rkb1r/pp2pppp/1np1b3/3q4/4N3/PP2Q3/1P1P1PPP/R1B1K2R w KQk - 5 12,0.0,w
3rkb1r/pp2pppp/1np5/5bN1/8/PP2Q3/1P1P1PqP/R1B1KR2 w Qk - 2 14,0.0,w
3r1b1r/pp2pkpp/1np5/5b2/4q3/PP4Q1/1P1P1P1P/R1B1KR2 w Q - 2 16,0.0,w
3r1b1r/pp2pkpp/1np5/5b2/8/PP2Q3/1P1P1P1P/R1B1K1q1 w Q - 0 18,0.0,w
3r1b1r/pp2pkpp/1np5/4qb2/8/PP3Q2/1P1PKP2/R1B5 w - - 2 20,0.0,w
3r1b1r/pp2pk1p/1np1q1p1/5b1Q/8/PP6/1P1P1P2/R1B2K2 w - - 0 22,0.0,w
3r3r/pp2pkbp/1np3p1/3q1b2/1P6/P4Q2/1P1P1P2/R1B2K2 w - - 1 24,0.0,w
3r3r/pp2pkbp/1np3p1/5b2/1Pq5/P5Q1/1P1P1P2/R1B3K1 w - - 5 26,0.0,w
3r3r/pp2pkbp/1np3p1/5b2/1P6/P3Q3/1P1P1P1K/R1Bq4 w - - 9 28,0.0,w
3r3r/Qp2pkbp/2p3p1/3n1b2/1P6/Pq3P2/1P1P3K/R1B5 w - - 1 30,0.0,w
3r3r/1Q2pk1p/2p3p1/4bb2/1P3n2/Pq3P2/1P1P2K1/R1B5 w - - 3 32,0.0,w
3r3r/1Q2pk1p/2p3p1/4bb2/1P3n2/Pq3P2/1P1P2K1/R1B5 w - - 7 34,0.0,w
3r3r/1Q2pk1p/2p3p1/4bb2/1P6/P4P1n/1P1P3K/R1Bq4 w - - 12 37,0.0,w
r2q1rk1/ppbn1ppp/2p2nb1/2Pp4/1P1B1P2/3BP3/P1Q3PP/RN3RK1 w - - 3 14,0.5,w
r2qr1k1/ppbn1ppp/2p2n2/2Pp4/1P1B1P2/2NQP3/P5PP/R4RK1 w - - 1 16,0.5,w
r2q2k1/ppbnrppp/5n2/1pPp4/3B1P2/2NQP3/P5PP/R2R2K1 w - - 0 18,0.5,w
rb1q2k1/pp2rppp/3N1n2/2np4/3B1P2/3QP3/P5PP/R2R2K1 w - - 0 20,0.5,w
rb1q2k1/p3rppp/5B2/2np4/5P2/3QP3/P5PP/R2R2K1 w - - 1 22,0.5,w
rb4k1/p4ppp/8/2nQ4/5P2/4q3/P5PP/R2R2K1 w - - 0 24,0.5,w
rb4k1/p4ppp/8/2nQ4/8/4q3/P5PP/R2R2K1 w - - 2 26,0.5,w
Qb3k2/p4ppp/8/2n1q3/8/8/P5PP/R2R3K w - - 1 28,0.5,w
1Q1R4/p3kppp/8/2n5/8/8/P5PP/q6K w - - 0 30,0.5,w
3k4/p4pQp/8/2n5/8/8/P5PP/7K b - - 0 32,0.5,b
8/p2nkp2/8/8/4Q3/8/P5PP/7K b - - 2 34,0.5,b
8/Q2n1p2/4k3/8/8/8/P5PP/7K b - - 0 36,0.5,b
8/5p2/8/4nk2/3Q4/8/P5PP/6K1 b - - 4 38,0.5,b
8/5p2/4k3/8/3n4/8/P4KPP/8 w - - 0 44,0.5,w
8/5p2/8/8/2kn4/8/P2K2PP/8 b - - 4 46,0.5,b
8/5p2/8/8/2k5/4K3/P5nP/8 w - - 0 49,0.5,w
8/5p2/8/8/k7/8/P5KP/8 w - - 1 51,0.5,w
8/5p2/8/7P/8/8/k5K1/8 w - - 0 53,0.5,w
8/5p1P/8/8/8/1k6/6K1/8 w - - 1 55,0.5,w
5Q2/5p2/8/8/8/2k5/6K1/8 w - - 3 57,0.5,w
8/8/8/3k4/5Q2/8/6K1/8 w - - 3 59,0.5,w
8/8/2k5/5Q2/8/7K/8/8 w - - 7 61,0.5,w
8/8/2k5/4Q3/8/6K1/8/8 w - - 11 63,0.5,w
8/8/2k5/4Q3/8/6K1/8/8 w - - 15 65,0.5,w
8/8/1k6/3Q4/8/6K1/8/8 w - - 19 67,0.5,w
k7/8/8/2Q5/8/6K1/8/8 w - - 23 69,0.5,w
k7/8/8/2Q5/8/6K1/8/8 w - - 27 71,0.5,w
8/8/1k6/8/8/6K1/8/2Q5 w - - 31 73,0.5,w
8/8/1k6/8/8/6K1/8/2Q5 w - - 35 75,0.5,w
r1b1k2r/pp1qppbp/2nn2p1/8/7P/2P3N1/P1BP1PP1/R1BQR1K1 b kq - 4 13,0.0,b
r1bk3r/1p1qppbp/p1nn2p1/8/7P/BBP3N1/P2P1PP1/R2QR1K1 b - - 3 15,0.0,b
r1bk3r/1p1qpB1p/p1n2bp1/1n6/7P/2P3N1/PB1P1PP1/R2QR1K1 b - - 0 17,0.0,b
r1bk3r/1p1qpB1p/p1n3p1/1n6/8/2P3P1/PB1P2P1/1R1QR1K1 b - - 0 19,0.0,b
r1bk3r/1p5p/p1n1q1p1/1n2p3/2P5/6P1/PB1P2P1/1R1QR1K1 b - - 0 21,0.0,b
r1bk3r/1p5p/p5p1/1n2R3/2q5/6P1/P2P2P1/1R1Q2K1 b - - 0 23,0.0,b
r1bk3r/1p5p/p4Qp1/1n2R3/8/6P1/q2P2P1/1R4K1 b - - 1 25,0.0,b
r1b4r/1pk4p/p4Qp1/1n2R3/8/6P1/3P1KP1/q7 b - - 1 27,0.0,b
r1b4r/1pk4p/p4Qp1/1n6/2q5/6P1/3PR1P1/5K2 b - - 5 29,0.0,b
r1b4r/1pk4p/p4Qp1/1nq5/3P4/6P1/4RKP1/8 b - d3 0 31,0.0,b
r1b4r/1pk4p/p5p1/8/3n4/6P1/1R3KP1/8 b - - 1 33,0.0,b
r1b1r3/1p5p/pk4p1/5n2/8/6P1/3R1KP1/8 w - - 5 36,0.0,w
r1b1r3/1p5p/p5p1/5n2/1k6/6P1/2R2KP1/8 w - - 9 38,0.0,w
r1b1r3/1p5p/p5p1/8/2k5/6n1/3R2P1/6K1 w - - 0 40,0.0,w
r1b1r3/1p5p/p5p1/7n/8/3k4/R5P1/6K1 w - - 4 42,0.0,w
r4r2/1p5p/p3b1p1/7n/8/3k4/R5P1/6K1 w - - 8 44,0.0,w
r4r2/1p5p/p3b1p1/8/5n2/R7/2k3P1/6K1 w - - 12 46,0.0,w
r4r2/1p5p/p5p1/3b4/8/R5Pn/2k2K2/8 w - - 1 48,0.0,w
r7/1p5p/p5p1/3b4/3K4/r5Pn/2k5/8 w - - 0 50,0.0,w
2r5/1p5p/p2K2p1/8/8/6rn/2k5/8 w - - 2 52,0.0,w
8/1p2K2p/p1r3p1/8/8/3r3n/2k5/8 w - - 6 54,0.0,w
8/1p2K2p/p1r5/8/6p1/3r3n/2k5/8 w - - 0 56,0.0,w
8/1p2K2p/p1r5/8/8/3r3n/2k3p1/8 w - - 0 58,0.0,w
8/1pr3Kp/8/p7/8/3r3n/2k3p1/8 w - - 2 60,0.0,w
8/1pr4p/4K3/p5q1/8/3r3n/2k5/8 b - - 2 62,0.0,b
8/p3kp2/1p1n1p1p/3P3P/PP1K1PP1/3B4/8/8 w - - 1 38,0.0,w
8/p2k1p2/3n1p1p/Pp1P3P/1P3PP1/2KB4/8/8 w - - 0 40,0.0,w
8/p2k1p2/3n4/Pp1P2pP/1P6/2KB4/8/8 w - - 0 42,0.0,w
8/p2k1n1P/5p2/Pp1P2p1/1P6/2KB4/8/8 w - - 1 44,0.0,w
4B2n/p6P/3k1p2/P2P2p1/1P6/2K5/8/8 w - - 3 46,0.0,w
4B2n/7P/1P1k1p2/3P2p1/8/2K5/8/8 b - - 0 48,0.0,b
7n/7P/1P1k4/1B1P2p1/2K2p2/8/8/8 b - - 1 50,0.0,b
7n/1Pk4P/3P4/1B4p1/2K5/5p2/8/8 b - - 0 52,0.0,b
7n/2kP3P/8/1B4p1/8/2K2p2/8/8 b - - 2 54,0.0,b
3R3n/2k4P/8/6p1/B7/2K5/8/5q2 b - - 0 56,0.0,b
3k3n/7P/8/6p1/B7/7q/1K6/8 b - - 3 58,0.0,b
3k3n/6q1/8/6p1/8/1K6/2B5/8 b - - 3 60,0.0,b
3k4/5n2/8/6p1/3q4/1K6/6B1/8 b - - 7 62,0.0,b
3k4/5n2/8/2K3p1/8/8/3q2B1/8 b - - 11 64,0.0,b
3k4/K4n2/8/3q2p1/8/8/8/8 b - - 3 66,0.0,b
3k4/K7/3n4/3q4/6p1/8/8/8 b - - 1 73,0.0,b
4rrk1/pp2b1np/2p1b1p1/3p1p2/P5P1/1PP4P/3N4/R1BB1R1K b - - 0 24,0.0,b
4rr2/pp3knp/2p1b1p1/3p1pb1/P3N1P1/1PP4P/6K1/R1BB1R2 b - - 4 26,0.0,b
4rrk1/pp4np/2pNb1p1/3p1p2/P5P1/1PP4P/6K1/2RB1R2 b - - 0 28,0.0,b
5rk1/pp1r2np/2pNb1p1/3p1P2/P7/1PP4P/6K1/2RBR3 b - - 0 30,0.0,b
5rk1/pN1r3p/2p1R1p1/5n2/P2p4/1PP4P/6K1/2RB4 b - - 0 32,0.0,b
5rk1/pr5p/2R3p1/5n2/P7/1PPp3P/6K1/1R1B4 b - - 1 34,0.0,b
5rk1/p3r2p/2R3p1/5n2/PP6/1BP4P/3p2K1/1R6 b - - 1 36,0.0,b
5r2/p5kp/2R3p1/1P3n2/P7/1BP4P/3pr3/1R3K2 b - - 2 38,0.0,b
8/p4rkp/2R3p1/1P6/P2n4/2P4P/3pr3/1R4K1 b - - 1 40,0.0,b
8/p4rkp/2n3p1/1P6/P7/2P4P/3p2K1/3Rr3 b - - 3 42,0.0,b
8/p4rkp/2P3p1/8/P7/2P3KP/3p4/2r5 b - - 2 44,0.0,b
8/p5kp/2P3p1/8/P4r1K/2P4P/8/2r3q1 w - - 3 47,0.0,w
r4r1k/1p1bp1bp/2nn2p1/p1pB1pN1/Q1Pp1PP1/3P3P/Pq2PR2/2B3RK b - - 1 20,0.0,b
r4r1k/qp1bp1bp/2nn2p1/p1pB1pN1/2Pp1PP1/Q2P3P/P2BPR2/6RK b - - 5 22,0.0,b
r6k/qp1bp1bp/2nn1rp1/p1pB4/2Pp1PP1/Q2P1N2/P2BPR2/6RK b - - 2 24,0.0,b
r6k/qp2p1bp/2nn1rp1/p1pP2P1/3p1P2/Q2P1N2/P2BPR2/6RK b - - 0 26,0.0,b
r6k/qP2p1b1/3n2p1/p1p2rPp/3p1P2/Q2P1N2/P2BPR2/6RK b - - 0 28,0.0,b
r6k/4p1b1/3n2p1/p1p2rPp/3p1P2/Q2P1N2/P2BPR1K/1q6 b - - 1 30,0.0,b
r6k/4p1b1/6p1/pQp2rPp/3p1P2/3P1N2/P2BPR1K/q7 b - - 0 32,0.0,b
r6k/4p1b1/6p1/p1p2rPp/2Pp1P2/5N2/3BPR1K/8 b - - 0 34,0.0,b
7k/r3prb1/6N1/p1p3Pp/2Pp1P2/8/3BPR1K/8 b - - 0 36,0.0,b
6k1/r3prb1/8/p1p3Pp/2Pp1P1N/6K1/3BPR2/8 b - - 4 38,0.0,b
8/r3prbk/8/p1p3Pp/2Pp1P1N/6K1/3BPR2/8 b - - 8 40,0.0,b
5k2/r3prb1/6P1/2p4p/p1Pp1P1N/6K1/3BPR2/8 w - - 2 43,0.0,w
5k2/r3p1b1/5rP1/2p4p/p1P2P1N/3p4/3BP1RK/8 b - - 0 45,0.0,b
5k2/4p1b1/r4rP1/2p4p/p1P2P1N/6K1/3BR3/8 w - - 2 48,0.0,w
6k1/4p1b1/r4BP1/2p4p/p1P2P1N/8/4R1K1/8 b - - 0 50,0.0,b
6k1/4p3/r4bP1/2p2N1p/2P2P2/p7/6K1/4R3 b - - 1 52,0.0,b
r5k1/4p3/5bP1/2p2N2/2P2P1p/p7/6K1/4R3 b - - 3 54,0.0,b
r5k1/4b3/6P1/2p1R3/2P2P1p/8/p5K1/8 b - - 1 56,0.0,b
r5k1/4R1P1/8/2p5/2P2P1p/2q5/6K1/8 b - - 0 58,0.0,b
4R1k1/6P1/8/2p5/2P2P2/2q4p/7K/r7 b - - 3 60,0.0,b
8/6k1/8/2p2P2/2P5/4q2p/7K/r7 b - - 0 62,0.0,b
8/6k1/8/2p2P2/2q5/6K1/8/r7 b - - 1 64,0.0,b
8/6k1/8/2p2P2/8/r7/2q5/5K2 b - - 5 66,0.0,b
8/6k1/8/2p5/8/r7/2q5/4K3 b - - 3 68,0.0,b
r4r1k/1p1bp1bp/2nn2p1/p1pB1pN1/Q1Pp1PP1/3P3P/P3PR2/q1B3RK w - - 2 21,1.0,w
r6k/1p1bprbp/2nn2p1/p1pB1p2/Q1Pp1PP1/3P3P/Pq1BPR2/6RK w - - 0 23,1.0,w
r6k/1p1bp1bp/2nn2p1/p1pB1p2/Q1Pp1PP1/3Pq2P/P3PR2/6RK w - - 2 25,1.0,w
r6k/1p1bp1bp/2nn2p1/p1pB4/2Pp1Pp1/Q2P1R1P/P2qP3/6RK w - - 0 27,1.0,w
5r1k/1p1bp1bp/2n3p1/pnpB4/2Pp1Pp1/Q2P2RP/P2qP3/5R1K w - - 4 29,1.0,w
5r1k/1B1bp1bp/6p1/pnp5/3p1Pp1/Q2P2RP/P2qP3/5R1K w - - 0 31,1.0,w
5r1k/3bp1bp/6p1/pnQ5/3pBPp1/3P2RP/P2qP3/5R1K w - - 3 33,1.0,w
5rqk/3Q2bp/6p1/pn6/3pBPp1/3P2RP/4P3/5R1K w - - 1 35,1.0,w
6Bk/3r2bp/6p1/pn6/3p1Pp1/3P2RP/4P3/5R1K w - - 0 37,1.0,w
7k/4r1bp/6p1/1n6/p2p1PB1/3P2RP/4P3/5R1K w - - 0 39,1.0,w
7k/4r2p/6p1/1n2bP2/3p2B1/p2P2RP/4P1K1/5R2 w - - 1 41,1.0,w
7k/4r3/6p1/1n6/3p2B1/p2P2KP/4P3/5R2 w - - 0 43,1.0,w
8/4r1k1/6p1/1R6/3p2B1/3P2KP/p3P3/8 w - - 0 45,1.0,w
7k/8/6p1/R7/3p2B1/3Pr2P/p3P1K1/8 w - - 4 47,1.0,w
R5k1/8/6p1/8/3p2B1/3Pr2P/4P2K/8 b - - 3 49,1.0,b
R7/8/5kp1/8/3p2B1/3P2KP/4r3/8 w - - 2 53,1.0,w
8/8/R7/4k1p1/3p4/3P2KP/4B3/8 w - - 0 55,1.0,w
8/8/R7/3k4/3p2B1/3P2KP/8/8 w - - 1 57,1.0,w
8/8/2R5/8/1k1p4/3P1BKP/8/8 w - - 5 59,1.0,w
8/8/1k6/8/2Rp1K2/3P1B1P/8/8 w - - 9 61,1.0,w
8/8/2B5/k7/2Rp1K2/3P3P/8/8 w - - 13 63,1.0,w
8/2k5/8/8/3R1K2/3P3P/8/7B w - - 1 65,1.0,w
8/3k4/2R5/8/5K2/3P3P/8/7B w - - 5 67,1.0,w
8/3k4/5R2/4K3/8/3P3P/8/7B w - - 9 69,1.0,w
8/3k4/2R5/4K3/3P4/7P/8/7B w - - 1 71,1.0,w
8/5k2/8/4K3/3P3P/8/8/2R4B w - - 1 73,1.0,w
8/3k4/8/3PK3/7P/8/8/6RB w - - 1 75,1.0,w
5k2/8/3PK3/8/7P/8/8/6RB w - - 3 77,1.0,w
1r1qr1k1/2p3b1/1p1p2p1/pPnPpp1p/P3P1n1/R2P2P1/1B3PBP/Q3R1K1 w - - 0 23,0.5,w
1r1qr3/2p3b1/1p1p2k1/pPnPp2p/P5n1/R2P2P1/1B3PBP/Q3R1K1 w - - 0 25,0.5,w
1r1q1r2/2p3b1/1p1p2k1/pPnP3p/P3p1n1/R2P1BP1/1B3P1P/3QR1K1 w - - 0 27,0.5,w
1r1q1r2/2p5/1p1p3k/pPnP3B/P3p3/R2P2P1/1b3P1P/3QR1K1 w - - 1 29,0.5,w
1r1q1r2/2p5/1p1p3k/pP1P3B/P3R3/6P1/Rb3n1P/3Q2K1 w - - 0 31,0.5,w
1r6/2p5/1p1p1q1k/pP1P3B/P7/6P1/Rb3n1P/3Q2K1 w - - 0 33,0.5,w
1r6/2p5/1p1p1q2/pP1P3k/P7/6Pn/1R1Q3P/6K1 w - - 1 35,0.5,w
1r6/2p2q2/1p1p4/pP1P2nk/P7/1R4P1/3Q2KP/8 w - - 5 37,0.5,w
1r6/2p2q2/1p1p4/pP1P1kn1/P7/6R1/3Q2KP/8 w - - 2 39,0.5,w
1r6/2p2q2/1p1p2k1/pP1P4/P3n3/5R2/3Q2KP/8 w - - 6 41,0.5,w
1r6/2R5/1p1p4/pP1P2k1/P7/8/3n2KP/8 w - - 1 43,0.5,w
1r6/8/1pRp4/pP1P2k1/P3n2P/5K2/8/8 b - h3 0 45,0.5,b
1r6/8/1p1p4/pP1Pk3/P3n2P/4K3/2R5/8 b - - 4 47,0.5,b
1r6/8/1p1p4/pPnk3P/P4K2/8/2R5/8 b - - 1 49,0.5,b
4r3/8/1p1p3P/pP1k4/n4K2/8/8/2R5 b - - 2 51,0.5,b
7r/8/1p1R3P/pP6/n1k2K2/8/8/8 b - - 0 53,0.5,b
7r/8/1p3R1P/pP6/n1k5/5K2/8/8 b - - 4 55,0.5,b
7r/8/1p5P/pkn4R/8/5K2/8/8 b - - 3 57,0.5,b
8/7r/1p5P/p1n5/2k5/6K1/8/7R b - - 7 59,0.5,b
8/7r/1p5P/2n5/p4K1R/3k4/8/8 b - - 3 61,0.5,b
8/7r/1p5P/2n5/p4K1R/3k4/8/8 b - - 7 63,0.5,b
r3r1k1/pp2bpnp/2p1b1p1/3p4/5RP1/2P5/PPBN3P/R1B4K b - - 1 21,0.0,b
r5k1/pp2rpnp/2pbb1p1/3p4/R5P1/2P2N2/PPB4P/R1B4K b - - 5 23,0.0,b
r5k1/pp2rp1p/2pbbnpB/3p2P1/R7/2P2N2/PPB4P/R6K b - - 0 25,0.0,b
r3n1k1/pp2rp1p/3bb1pB/R1pp2P1/8/2P2N2/PPB3KP/R7 b - - 1 27,0.0,b
r3n1k1/pp3p1p/3b2pB/R1pp2P1/6b1/2P2N2/PPB1r2P/3R1K2 b - - 5 29,0.0,b
r3n1k1/pp3p1p/3R2pB/R1p3P1/8/2P2b2/PPr4P/5K2 b - - 0 31,0.0,b
r5k1/pp3p1p/3n2pB/4R1P1/8/2P2b2/PP5r/5K2 b - - 1 33,0.0,b
r5k1/pp3p1p/3n2pB/6P1/8/2P1R3/Pr4b1/6K1 b - - 3 35,0.0,b
r5k1/pp3p1p/6pB/5nP1/8/2P5/r5b1/2R3K1 w - - 3 38,0.0,w
r5k1/pp3p1p/6pB/5nP1/8/2P5/6K1/2r5 w - - 1 40,0.0,w
r5k1/pp3p1p/6pB/5nP1/2r5/8/6K1/8 w - - 2 42,0.0,w
4r1k1/pp3p1p/6pB/5nP1/8/5K2/2r5/8 b - - 6 44,0.0,b
7k/pp3p1p/6pB/5nP1/6K1/4r3/2r5/8 w - - 10 47,0.0,w
5r1k/2p2rbn/1p1p2pp/pPnP4/P3Pp1q/3P1P2/6BP/2BQRR1K w - - 0 36,0.0,w
5r1k/2pn1rbn/1p4pp/pP1Pp3/P2P1p1q/5P2/6BP/2BQRR1K w - - 0 38,0.0,w
5r1k/2p2rb1/1p4pp/pP1Pn1n1/P3Rp1q/5P2/6BP/2BQ1R1K w - - 2 40,0.0,w
5r1k/2p2r2/1p4pp/pP1Pb1nq/P4p2/5P2/3B2BP/3Q1R1K w - - 2 42,0.0,w
5r1k/5rb1/1p1p2pp/pP4nq/P4p2/5P2/3B2BP/3QR2K w - - 0 44,0.0,w
5r1k/5r2/1p1p2pp/pP5q/P2b1p2/5P1n/3B2B1/1Q2R2K w - - 2 46,0.0,w
5r1k/5r2/1p1p2pp/pP2R1n1/P2b1p2/5P1q/3B4/1Q5K w - - 0 48,0.0,w
5rk1/1pb2pp1/p1p1r3/P1Pp1B1n/1P1B1P2/4Pn2/5KRP/3R4 b - - 2 30,0.5,b
5rk1/1pb1rpp1/p1p5/P1Pp1B1n/1P1R1P2/4PK2/6RP/8 b - - 2 32,0.5,b
4r1k1/1pb1rp2/p1p3B1/P1Pp3n/1P3P2/3RPK2/6RP/8 b - - 0 34,0.5,b
4rk2/1pb1r3/p1p3R1/P1Pp3n/1P3PK1/3RP3/7P/8 b - - 2 36,0.5,b
4r3/1pb2k1r/p1p3R1/P1Pp1P1n/1P6/3RPK2/7P/8 b - - 2 38,0.5,b
4r3/5k1r/p1p5/PPPp1P1n/8/3RPK2/7b/8 b - - 0 40,0.5,b
4r3/2b2k1r/P1p5/1pPp1P1n/8/4PK2/8/3R4 b - - 0 42,0.5,b
4r3/2b3nr/P1p2k2/1pPp4/8/4PK2/8/6R1 b - - 1 44,0.5,b
Q3r3/2b4r/2p2k2/1pnp4/8/4PK2/8/6R1 b - - 0 46,0.5,b
r7/2b5/2p2k2/1pnp4/8/4P2r/6K1/1R6 b - - 3 48,0.5,b
r7/8/2p2k2/1pnp4/1R3b2/4r3/5K2/8 b - - 3 50,0.5,b
6r1/8/2p2k2/1p1p4/4Rb2/3nr3/8/5K2 b - - 7 52,0.5,b
rnb2rk1/pp3ppp/2p2n2/3pp3/2P5/qP2P3/P1BPNPPP/2RQK2R w K - 0 10,0.0,w
rn1r2k1/pp3ppp/2p1bn2/3pp3/2P5/qP2P3/P1BPNPPP/R2Q1RK1 w - - 4 12,0.0,w
rn1r2k1/pp3ppp/2p2n2/3bp3/8/1P1PP3/PqB1NPPP/R2Q1RK1 w - - 1 14,0.0,w
r2r2k1/pp1n1ppp/2p2n2/3bp3/8/1P1PP3/P1B1NPPP/2R2RK1 w - - 1 16,0.0,w
r2r2k1/pp3ppp/2p2n2/2nb4/3p4/1P2P3/P1B1NPPP/2R1R1K1 w - - 0 18,0.0,w
r2r4/pp3ppk/2p2n2/2Rb4/8/1P2p3/P3NPPP/4R1K1 w - - 0 20,0.0,w
r2r4/pp1n1ppk/8/3p4/8/1P2P3/P3N1PP/4R1K1 w - - 0 22,0.0,w
3rr3/pp1n1ppk/8/3N4/8/1P2P3/P5PP/4R1K1 w - - 1 24,0.0,w
3rr3/pp1n1pp1/8/5k2/5N2/1P2P1P1/P6P/4R1K1 w - - 3 26,0.0,w
3r4/pp1nrpp1/8/5k2/5N2/1P4P1/P4K1P/2R5 w - - 2 28,0.0,w
4r3/pp2rpp1/8/3Rnk2/5N2/1P4P1/P4K1P/8 w - - 6 30,0.0,w
8/pp2rpp1/8/3Rnk2/1P3N2/6PP/P1r2K2/8 w - - 1 32,0.0,w
8/pp2rpp1/8/2R1n3/1P2k3/6PP/r3NK2/8 w - - 2 34,0.0,w
8/pp2rpp1/8/1PR5/4k3/3n2PP/4N3/r4K2 w - - 3 36,0.0,w
8/pp2rpp1/8/1Pn5/8/2Nk2PP/6K1/r7 w - - 2 38,0.0,w
8/pp1r1pp1/8/1Pn5/1N2k3/6PP/6K1/r7 b - - 6 40,0.0,b
8/pp1r1pp1/8/1Pn2k2/8/r2N1KPP/8/8 b - - 10 42,0.0,b
8/pp3pp1/8/1Pn2k2/8/3r2PP/r7/5K2 w - - 3 45,0.0,w
8/pp3pp1/8/1Pn5/4k3/6PP/r7/3r1K2 w - - 7 47,0.0,w
rnbq1rk1/pp3ppp/2pb1n2/3pp3/2P5/1P1BP1N1/PB1P1PPP/R2QK2R b KQ - 5 7,0.0,b
r2q1rk1/pp1n1ppp/2pb1n2/3Pp3/6b1/1P1BP1N1/PB1P1PPP/R1Q1K2R b KQ - 0 9,0.0,b
2rq1rk1/pp1n1ppp/3b1n2/3pp3/6P1/1P1BP1N1/PB1P2PP/R1Q1K2R b KQ - 0 11,0.0,b
5rk1/pp1n1ppB/3b1n2/q2pp3/6P1/1P2P1N1/PB1P2PP/2R1K2R b K - 0 13,0.0,b
5r2/pp1n1ppk/3b4/q2pp3/6n1/1P2P1N1/PB1PK1PP/R6R b - - 1 15,0.0,b
5r2/pp3ppk/q2b1n2/3pp3/6n1/1P1PPKN1/PB4PP/R6R b - - 0 17,0.0,b
5r2/pp3ppk/q2b1n2/8/3pN1n1/1P1PPK2/P5PP/R6R b - - 1 19,0.0,b
5r2/pp3ppk/q2b4/8/3pP3/1P2n3/P4KPP/R6R b - - 1 21,0.0,b
5r2/pp3ppk/5q2/4b3/1P1pP3/4n3/P3K1PP/R6R b - - 2 23,0.0,b
5r2/pp3ppk/q7/4b3/1P1pP3/5K2/P5nP/5R1R b - - 3 25,0.0,b
5r2/pp3ppk/8/4b3/1P1pP1Kn/8/q6P/R6R b - - 3 27,0.0,b
5r2/pp3p1k/6p1/4b3/1P1pP2K/8/6qP/R6R b - - 0 29,0.0,b
7k/5nrp/2b3q1/p1p3PR/2Pp1Q2/3P4/P3PK2/2B5 w - - 1 38,0.0,w
7k/6rp/6q1/p1p3n1/b1Pp3R/3P4/P3PK1Q/2B5 w - - 0 40,0.0,w
6k1/6rp/8/p1p3q1/b1Pp1R2/3P4/P3PK1Q/8 w - - 2 42,0.0,w
4b1k1/6rp/8/2p3q1/p1Pp4/3P1R2/P3P2Q/4K3 w - - 0 44,0.0,w
6k1/5b1p/8/2p3q1/p1Pp4/3P4/P3P2Q/3K4 w - - 0 46,0.0,w
6k1/7p/6b1/2p5/p1Pp4/3Pq3/P1K1P1Q1/8 w - - 4 48,0.0,w
6k1/7p/6b1/2p5/p1Pp4/P2Pq3/2K1P3/5Q2 w - - 1 50,0.0,w
4q3/5k1p/6b1/2p5/p1Pp4/P2P4/1K2P3/3Q4 w - - 5 52,0.0,w
1q4k1/7p/6b1/2p5/p1Pp4/P2P4/1K2PQ2/8 w - - 9 54,0.0,w
6k1/7p/6b1/2p5/p1Pp4/P2P4/2q1P3/5Q2 b - - 1 56,0.0,b
r1bq1rk1/ppn2ppp/5n2/4p1B1/2Pb4/2N3Q1/PP3PPP/3RRBK1 w - - 0 15,1.0,w
r2qnrk1/pp3ppp/5n2/4pb2/2Pb3B/2N3Q1/PP2BPPP/3RR1K1 w - - 4 17,1.0,w
r2q1rk1/pp3ppp/3n1n2/2b1pb2/7B/2N2BQ1/PP3PPP/3RR1K1 w - - 0 19,1.0,w
r4rk1/ppq2ppp/3n1n2/4Rb2/7B/2N2B2/PP3QPP/3R2K1 w - - 1 21,1.0,w
r3r1k1/pp3ppp/3n1n2/2Q2b2/7B/2N2B2/PP4PP/3R2K1 w - - 1 23,1.0,w
r3r1k1/pp3ppp/3R4/2Q5/4b2B/5B2/PP4PP/6K1 w - - 0 25,1.0,w
4r1k1/Qp3ppp/3R4/8/4r2B/8/PP4PP/6K1 w - - 1 27,1.0,w
6k1/1Q2rppp/3R4/8/8/8/PP4PP/4B1K1 w - - 1 29,1.0,w
4R1k1/1Q3ppp/8/8/8/P7/1P4PP/4B1K1 b - - 0 31,1.0,b
r3r1k1/1p2ppbp/1qn1bnp1/p1p5/2Pp1P2/Q2P1NPP/PP1BPRB1/R6K w - - 2 15,0.0,w
r1b1r1k1/1p2pp1p/1qn2npb/p1p3N1/2Pp1P2/QP1P2PP/P2BPRB1/R6K w - - 3 17,0.0,w
r1bnr1k1/1p2pp1p/1q4pb/p1pn2N1/2Pp1P2/QP1P2PP/P2BPR2/4R2K w - - 0 19,0.0,w
r1bnr1k1/1p2pp1p/6pb/p1pq4/3pNP2/QP1P2PP/P2BPR2/4R2K w - - 0 21,0.0,w
r1bnr1k1/1p2pp1p/6pb/2N5/p2p1P2/1P1P2PP/P2BPR2/4R2K w - - 0 23,0.0,w
r2nr3/1b2ppkp/6pb/8/P2p1P2/3P2PP/P2BPR2/4R2K w - - 0 25,0.0,w
3nr3/4ppkp/6pb/8/r2p1P2/3P1bPP/P2BP3/R6K w - - 0 27,0.0,w
3nr3/4pp1p/5kpb/8/3p1P2/r2P1PPP/P2B2K1/R7 w - - 3 29,0.0,w
3nr3/4pp1p/5kpb/8/3p1P1P/r4PP1/P2B2K1/3R4 w - - 2 31,0.0,w
2rnr3/4pp1p/5kpb/8/3p1P1P/5PP1/P5K1/R1B5 w - - 6 33,0.0,w
4r3/4pp1p/2n2kpb/8/3p1PPP/5P2/P1r5/R1B2K2 w - - 3 35,0.0,w
r7/4pp1p/2n3pP/5k2/3p1P1P/5P2/P1r5/R1B2K2 w - - 1 37,0.0,w
8/4pp1p/2n2kpP/1R6/3p1P1P/5P2/r1r5/2B2K2 w - - 2 39,0.0,w
8/4pp1p/2n2kpP/8/5P1P/3p1P2/r4r2/1RB1K3 w - - 0 41,0.0,w
8/4pp1p/2n2kpP/8/5P1P/3p1P2/1r6/4K3 w - - 0 43,0.0,w
8/4pp1p/2n1k1pP/8/5P1P/5P2/1r1pK3/8 w - - 2 45,0.0,w
8/4pp1p/2n1k2P/6p1/5P1P/4KP2/1r6/3q4 w - - 0 47,0.0,w
r6k/1p1b1n1p/4pb2/p1p2n1R/1qPpBP2/3P4/P3P3/2BQ2NK b - - 0 29,0.0,b
r6k/1p1b1n1p/4pb2/p1p4n/1qPpBP2/3PP3/P5K1/2BQ2N1 b - - 0 31,0.0,b
r6k/1p1b3p/4pb2/p1p4n/1qPpQP2/3PP3/P5K1/2B3N1 b - - 0 33,0.0,b
6rk/1p5p/2Q1pb2/p1p4n/1qPp1P2/3PPK2/P7/2B3N1 b - - 2 35,0.0,b
6rk/7p/2p1pb2/p1p2P1n/1qP5/3PpK2/P3N3/2B5 b - - 0 37,0.0,b
6rk/7p/2p2b2/p1B2p1n/2P5/q2P1K2/P3N3/8 b - - 0 39,0.0,b
7k/7p/2p2b2/p1q2p1n/2P5/3P2r1/P3K3/2N5 b - - 3 41,0.0,b
4r1k1/pp1bb1np/2p3p1/P2p4/6P1/2P5/1P1N2K1/R1BB1r2 w - - 0 27,1.0,w
5rk1/pp1bb2p/P1p1n1p1/3p4/6P1/2P5/1P1N4/R1BB1K2 w - - 1 29,1.0,w
6k1/p2bb2p/Ppp1nrpB/3p4/6P1/2P2N2/1P6/R2B1K2 w - - 2 31,1.0,w
6k1/p2bb2p/Ppp1n2r/3p2p1/6P1/1PP2N2/R7/3B1K2 w - - 0 33,1.0,w
6k1/p2bb2p/Ppp1n3/3pN1p1/6P1/1PP5/R5K1/3r4 w - - 0 35,1.0,w
6k1/p2Nb2p/Ppp5/6p1/3p1nP1/1PP5/R4K2/3r4 w - - 0 37,1.0,w
6k1/p3b2p/PNp5/6p1/3r2P1/1P1n4/R4K2/8 w - - 1 39,1.0,w
8/p3bk1p/PNp5/6p1/3K2P1/1P1n4/R7/8 w - - 0 42,1.0,w
8/p6p/PNp2k2/6p1/3K2P1/1P1n4/8/8 w - - 0 44,1.0,w
2N5/p6p/P7/2p1k1p1/6P1/1P1K4/8/8 w - - 2 46,1.0,w
8/5k1p/P7/1Np3p1/6P1/1P1K4/8/8 w - - 3 48,1.0,w
8/P6p/6k1/1N4p1/2K3P1/1P6/8/8 w - - 1 50,1.0,w
8/Q6p/6k1/1N4p1/2K3P1/1P6/8/8 w - - 3 52,1.0,w
8/6k1/7p/1N4p1/2K1Q1P1/1P6/8/8 w - - 2 54,1.0,w
8/N6k/4Q3/6pp/2K3P1/1P6/8/8 w - - 0 56,1.0,w
8/N4Q2/7k/6p1/1PK3p1/8/8/8 w - - 0 58,1.0,w
8/5Q2/7k/4N1p1/1PK5/8/6p1/8 w - - 0 60,1.0,w
rn1q1rk1/ppb2ppp/2p5/2Pp1b2/1P2n3/4P2P/PBQ1BPP1/RN3RK1 b - - 0 11,0.0,b
rn1q1rk1/ppb2ppp/2p5/2Pp4/1P6/3QP1nP/PB3PP1/RN3RK1 b - - 0 13,0.0,b
rn1q1rk1/ppb2ppp/2p5/1PPp4/8/2NQP1nP/PB3PP1/R5K1 b - - 0 15,0.0,b
rn1q1rk1/ppb2ppp/2P5/2P4n/3P4/2NQ3P/PB3PP1/R5K1 b - - 0 17,0.0,b
r2q1rk1/ppb2ppp/2n2n2/2PP4/8/2N2Q1P/PB3PP1/R5K1 b - - 0 19,0.0,b
r2q1rk1/ppb2ppp/5n2/2PP4/2n5/2N4P/PB2QPP1/R5K1 b - - 4 21,0.0,b
r2q1rk1/pQb2ppp/8/2Pn4/8/2N4P/P4PP1/R5K1 b - - 0 23,0.0,b
r4rk1/p1b2ppp/5Q2/2P5/8/2n4P/P4PP1/R5K1 b - - 0 25,0.0,b
r1r3k1/p1b2p1p/2P2p2/8/8/P1n4P/5PP1/R5K1 b - - 0 27,0.0,b
r1r3k1/p4p1p/2P2p1b/8/8/P1n3PP/5PK1/R7 b - - 2 29,0.0,b
4r1k1/p4p1p/2r2p1b/8/P7/2n2KPP/5P2/R7 b - - 0 31,0.0,b
4r3/p4pkp/2r2p2/6b1/P5P1/R1n2K1P/5P2/8 b - - 2 33,0.0,b
2r1r3/p4pkp/5p2/8/P5Pb/2n4P/5PK1/R7 b - - 6 35,0.0,b
3rr3/p4pkp/5p2/8/n5Pb/7P/5PK1/R7 b - - 1 37,0.0,b
4r3/p4pkp/5p2/8/R5Pb/7P/5r2/6K1 b - - 1 39,0.0,b
r6k/1p3n1p/4pb2/p1p2n1R/bqPpBP2/3P1N2/P3P3/2BQ2K1 w - - 1 30,1.0,w
r6k/1p5p/3npb2/p1p2n1R/b1PpBP2/3P1N2/P2BP3/6K1 w - - 1 32,1.0,w
r7/1p4kp/3n1b2/p1p2p2/b1Pp1P2/3P1N2/P2BP2R/6K1 w - - 2 34,1.0,w
r7/1p4bp/3n4/p1p2p2/b1Pp1P2/P2P1N2/3BP3/6K1 b - - 0 36,1.0,b
r3r1k1/pp1b1ppp/2pq1n2/4n3/3N3P/1P2P3/P4PP1/1BRQ1RK1 b - - 0 17,1.0,b
r3r1k1/pp3ppp/2pq1n2/4n2b/3N3P/1P2PP2/P1Q3P1/1BR2RK1 b - - 2 19,1.0,b
r3rq1k/pp3ppp/2p2n2/4nQ1b/3N3P/1P2PP2/P5P1/1BRR2K1 b - - 6 21,1.0,b
r3rq1k/pp3ppp/5nb1/2p1n1Q1/7P/1P2PP2/P3N1P1/1BRR2K1 b - - 3 23,1.0,b
r3rq1k/pp3ppp/5nn1/2p3Q1/7P/1P2PP2/P3N1P1/2RR2K1 b - - 2 25,1.0,b
r4q1k/pp3ppp/5nn1/2p5/7P/1P2rP2/P3N1P1/2RRQ1K1 b - - 1 27,1.0,b
4rq1k/pp3ppp/5nn1/2p5/7P/1P3P2/P1Q3P1/2RR2K1 b - - 2 29,1.0,b
4r2k/pp3ppp/5n2/2R5/7n/1P3P2/P5P1/3R2K1 b - - 0 31,1.0,b
4r1k1/pp3ppp/5n2/R7/8/1P3P2/P7/3R2K1 b - - 2 33,1.0,b
1r4k1/1R3ppp/5n2/8/8/1P3P2/P7/3R2K1 b - - 0 35,1.0,b
4R1k1/1r3ppp/8/8/8/1P3P2/P7/6K1 b - - 0 37,1.0,b
rnbqkb1r/pp3ppp/2p2n2/3pp3/2P5/3PP3/PPQ1BPPP/RNB1K2R b KQkq - 0 5,0.0,b
rn1qk2r/pp3ppp/2p1bn2/3pp3/1bP5/1Q1PP3/PP1NBPPP/R1B1K2R b KQkq - 4 7,0.0,b
r3k2r/pp1n1ppp/1qp1bn2/3pp3/1bP5/1Q1PPN2/PP2BPPP/R1BK3R b kq - 8 9,0.0,b
r3k2r/pp1n1ppp/1qp1b3/3p4/1bP1n3/1Q2PN2/PP2BPPP/R1BK1R2 b kq - 1 11,0.0,b
r3k2r/pp1n1ppp/1qp2n2/3b4/1b6/4PN2/PPQ1BPPP/R1BK1R2 b kq - 1 13,0.0,b
r3k2r/pp1n1ppp/1qp2n2/3b4/1b3Q2/4PN2/PP2BPPP/R1BK1R2 b kq - 5 15,0.0,b
2kr3r/pp1n1ppp/1qp1bn2/8/1b2PQ2/4BN2/PP2BPPP/R2K1R2 b - - 2 17,0.0,b
2kr1n1r/pp3ppp/2p1bn2/q3P3/1b3Q2/4BN2/PPK1BPPP/R4R2 b - - 0 19,0.0,b
2kr3r/pp3pPp/2p1b3/q7/1b3n2/4BN2/PPK1BPPP/R4R2 b - - 0 21,0.0,b
2kr3r/pp3pPp/2p5/5b2/1b3n2/4BN2/PPK2PPP/R4R2 w - - 0 24,0.0,w
2k4r/pp3p1p/2p5/5b2/1b6/1K2BN2/PP3PnP/R4R2 w - - 0 26,0.0,w
2k4r/Bp2bp1p/2p5/8/3Nb3/1K6/PP3PnP/R4R2 w - - 3 28,0.0,w
2k1r3/Bp2bp1p/2p5/3b4/3N4/8/PPK2PnP/R5R1 w - - 7 30,0.0,w
2k1r3/Bp2bp1p/2p5/8/3N3n/8/bPK2P1P/3RR3 w - - 0 32,0.0,w
2k5/B3rp1p/2p5/8/7n/8/bPK2P1P/3R4 w - - 0 34,0.0,w
8/1k3p1p/2p5/8/7n/4P3/bPK4P/3R4 w - - 1 36,0.0,w
8/3R1p1p/1kp5/5n2/8/1P2P3/b1K4P/8 w - - 1 38,0.0,w
8/3R1p1p/1kp4n/8/8/1K2P3/7P/8 w - - 1 40,0.0,w
8/1R3p1p/k1p4n/8/4P3/1K6/7P/8 w - - 3 42,0.0,w
8/5n1p/k7/2p5/4P3/1K6/7P/8 w - - 0 44,0.0,w
8/1k5p/8/2p1n3/4P3/7P/1K6/8 w - - 1 46,0.0,w
8/2k4p/8/2p1n3/4P3/7P/8/3K4 b - - 5 48,0.0,b
8/3k3p/8/2p5/4P3/1K3n1P/8/8 b - - 9 50,0.0,b
8/7p/2k5/2p1P1n1/2K5/7P/8/8 b - - 0 52,0.0,b
8/7p/3kP3/2p5/2K2n2/8/8/8 w - - 2 55,0.0,w
8/7p/3k4/2p5/2K2n2/8/8/8 w - - 2 57,0.0,w
8/7p/8/2pk4/8/8/K3n3/8 b - - 6 59,0.0,b
8/7p/8/3k4/8/2p5/2K1n3/8 b - - 1 61,0.0,b
8/8/8/3k4/7p/2p5/2K1n3/8 b - - 1 63,0.0,b
8/8/8/3k4/8/2p5/2K1n2p/8 b - - 1 65,0.0,b
8/8/8/3k4/K7/2p5/4n3/1q6 b - - 3 67,0.0,b
1r1qr1k1/2p2pb1/1p1p2pp/pPnPp3/P3P1n1/R2P2P1/1B3PBP/Q1R3K1 b - - 0 21,0.0,b
1r1qr2k/2p2pb1/1p1p3p/pPnPp1p1/P3P1n1/R2P2PP/1BR2PB1/Q5K1 b - - 0 23,0.0,b
1r2r2k/2pq1pb1/1p1p1n1p/pPnPp1p1/P3P3/R2P1QPP/1BR2PB1/6K1 b - - 4 25,0.0,b
1r5k/2pqrpb1/1pRp1n1p/pP1Pp1p1/R3P3/3P1QPP/1B3PB1/6K1 b - - 2 27,0.0,b
1r5k/2pqrpb1/1pRp1n2/pP1PpQ1p/4P1p1/3P2PP/1B3PB1/R5K1 b - - 1 29,0.0,b
1r5k/2pQrpb1/1pRp1n2/pP1Pp2p/4P3/3P2P1/1B3PBK/R7 b - - 0 31,0.0,b
1r6/2pr1pbk/1pRp1n2/pP1Pp2p/3PP3/5BP1/1B3P1K/R7 b - - 0 33,0.0,b
1r6/2pr1pbk/1p1p4/pP1P3p/3pP1n1/5BP1/1B3P2/R1R3K1 b - - 1 35,0.0,b
1r6/2pr1pk1/1p1p4/pP1P3p/4P1n1/2Rp1BP1/5P2/R5K1 b - - 1 37,0.0,b
7r/2pr1Bk1/1p1p4/pP1Pn3/4P3/2Rp2P1/5P2/R5K1 b - - 0 39,0.0,b
7r/2p2rk1/1p1p2n1/pP1P4/4PP2/3R2P1/8/R5K1 b - - 0 41,0.0,b
7r/2p3k1/1p1p4/pP1P4/4Pr2/2R5/8/R5K1 b - - 1 43,0.0,b
7r/8/1pRp1k2/pP1P4/4r3/8/8/R5K1 b - - 2 45,0.0,b
7r/8/1R1p4/pP1Pk3/5r2/8/R7/6K1 b - - 2 47,0.0,b
6r1/8/1R1p4/RP1Pk3/1r6/8/5K2/8 b - - 2 49,0.0,b
6r1/8/1R1p4/1P1k4/8/8/Rr6/5K2 b - - 1 51,0.0,b
8/8/2Rp4/1P1k4/8/8/r7/5K1r w - - 3 54,0.0,w
2rr4/pp3pkp/n4p2/8/2P5/P1N5/1PR2PPP/5BK1 w - - 1 23,0.0,w
1r1r4/Np3pkp/5p2/2n5/2P5/P7/1PR2PPP/5BK1 w - - 1 25,0.0,w
r7/1p1r1pkp/5p2/1Nn5/2P5/P7/1PR1BPPP/6K1 w - - 5 27,0.0,w
r7/1p2rp1p/5pk1/2n5/2P5/P1N2B2/1PR2PPP/6K1 w - - 9 29,0.0,w
r7/1p3p1p/5p2/2n3k1/2P5/P4B2/1P2NPPP/6K1 w - - 1 31,0.0,w
8/rp3p1p/5p2/6k1/2P1n3/P4B2/1P3PPP/6K1 w - - 0 33,0.0,w
r7/1p3p1p/8/3B1pk1/2P5/P7/1P3PPP/6K1 w - - 2 35,0.0,w
8/5p1p/8/3B1pk1/2P5/P7/1r3PPP/6K1 w - - 0 37,0.0,w
8/5B1p/3r4/5pk1/2P5/P7/5PPP/5K2 w - - 1 39,0.0,w
3r4/7p/4B3/2P2pk1/8/P7/5PPP/5K2 w - - 3 41,0.0,w
8/7p/2P2k2/5p2/8/P7/B4PPP/3r1K2 w - - 3 43,0.0,w
3r4/7p/2P5/5pk1/2B5/P7/4KPPP/8 w - - 7 45,0.0,w
8/2r4p/8/5pk1/8/P7/B3KPPP/8 w - - 0 47,0.0,w
6B1/4r2p/8/6k1/5p2/P4K2/5PPP/8 w - - 0 49,0.0,w
8/7p/8/6k1/5p2/rB3K1P/5PP1/8 b - - 0 51,0.0,b
8/7p/8/6k1/5p2/7P/1r3PP1/4K3 b - - 3 53,0.0,b
8/7p/6k1/8/5p2/7P/1r3PP1/6K1 b - - 7 55,0.0,b
8/7p/6k1/8/5p2/5P1P/6PK/5r2 b - - 0 57,0.0,b
8/7p/8/6k1/5P2/5r1P/7K/8 b - - 0 59,0.0,b
8/7p/8/8/5k2/6rP/5K2/8 b - - 3 61,0.0,b
8/7p/8/8/6k1/7r/4K3/8 b - - 3 63,0.0,b
8/8/8/7p/6k1/5r2/8/2K5 b - - 1 65,0.0,b
8/8/8/8/6kp/8/2K5/5r2 b - - 3 67,0.0,b
8/8/8/8/2K3k1/8/7p/5r2 b - - 1 69,0.0,b
8/7q/8/8/1K4k1/8/8/5r2 b - - 3 71,0.0,b
8/8/8/8/1K4k1/8/2q5/2r5 b - - 7 73,0.0,b
8/8/8/8/6k1/2q5/K7/1r6 b - - 11 75,0.0,b
3q1r1k/2p1r1bn/1p1p2pp/pPnPp3/P3p3/3PBPPB/7P/3QRR1K w - - 0 33,0.0,w
3q1r1k/2p1r1b1/1p1p2pp/pPnPp3/P3nP2/4B1PB/7P/3QRR1K w - - 0 35,0.0,w
3q1r1k/2p1r1b1/1p1p2pp/pPnP4/P3pPP1/2n1B2B/2Q4P/4RR1K w - - 0 37,0.0,w
3q1r1k/2p1r1b1/3p2pp/pPpn1P2/P3p1P1/7B/2Q4P/4RR1K w - - 0 39,0.0,w
4qr1k/2p1r1b1/3p3p/pPpQ1p2/P3p1P1/7B/7P/4RR1K w - - 0 41,0.0,w
4q2k/2p1r1b1/3p3p/pPpQ1P2/P7/4p2B/7P/4R2K w - - 0 43,0.0,w
4q2k/2p1r1b1/3p3p/pP3P2/P1p5/6QB/4p2P/4R2K w - - 0 45,0.0,w
4q2k/2p3b1/3p3p/pP3P2/P1p5/6QB/7P/4r2K w - - 0 47,0.0,w
7k/2p3b1/3p3p/pP3P2/P1p1q3/5Q1B/4r1KP/8 b - - 4 49,0.0,b
1r1qr1k1/2p2pb1/1p1pb1pp/pPn1p3/P1P1P1N1/R2P2P1/1B3PBP/Q1R3K1 b - - 0 20,1.0,b
1r2r1k1/2p2pb1/1p1p1qpp/pPn1p3/P1P1P1b1/R2P1PP1/1BR3BP/Q5K1 b - - 0 22,1.0,b
1r2r1k1/2p2pb1/1p1pbqp1/pPn1p2p/P1P1P3/R2P1PP1/1BR3BP/4Q1K1 b - - 1 24,1.0,b
4r1k1/2p1rpb1/1p1pbqp1/pPn1p2p/P1P1PP2/R2P2P1/1B2R1BP/4Q1K1 b - - 0 26,1.0,b
3r2k1/2p1rp2/1p1pbqpb/pPn1p2p/P1PPPP2/R4BP1/1B2R2P/4Q1K1 b - - 0 28,1.0,b
3r2k1/2pnrp2/1p1p1qpb/pP1PP2p/P1P1P3/R4BPb/1B2R2P/4Q1K1 b - - 0 30,1.0,b
3r2kq/2pnrp2/1p1P2pb/pP2p2p/P1P1P3/R4BPb/1B3R1P/4Q1K1 b - - 0 32,1.0,b
3r2kq/3nrp2/1p1p2pb/pP2p3/P1P1P2p/5BPb/1B3R1P/3RQ1K1 b - - 1 34,1.0,b
3r2kq/3nrp2/1p1Rb1pb/pP2p3/P1P1P3/5BP1/1B3R2/4Q1K1 b - - 0 36,1.0,b
3r2kq/3nrp2/1p1R2pb/pP2p3/P3P3/1b4P1/1B5R/3BQ1K1 b - - 3 38,1.0,b
3r2k1/3nrpq1/1p1R2pb/pP2p3/P1b1P3/2Q2BP1/1B5R/6K1 b - - 7 40,1.0,b
3r2k1/3nrpq1/1p1Rb1p1/pP2p1b1/P3P3/5BP1/1B6/4Q1KR b - - 11 42,1.0,b
3rq1k1/3nrp2/1p2b1p1/pP2p1b1/P3P3/3R1BP1/1B3K2/4Q2R b - - 15 44,1.0,b
3q2k1/4rp2/1p2bnp1/pP2B1b1/P3P3/5BP1/5K2/4Q2R b - - 0 46,1.0,b
8/4rpk1/1p2bnp1/pP2B1b1/P3P3/6P1/5K2/3B3R b - - 0 48,1.0,b
8/5pk1/1p2bnp1/pP4b1/P3P3/6P1/3rBK2/B6R w - - 4 51,1.0,w
8/3r1pk1/1p2bnp1/pP2B1b1/P3P1P1/8/4BK2/7R b - - 1 53,1.0,b
8/3r1pk1/1p3np1/pP2B3/P3P1Pb/1b3K2/4B3/R7 b - - 5 55,1.0,b
8/4rpk1/1p3B2/pP4p1/P3P1Pb/1b2K3/4B3/R7 w - - 0 58,1.0,w
r2q1rk1/ppb2ppp/2p2nb1/2Pp1P2/1P1Bn3/3BP3/P1Q3PP/RN3RK1 b - - 0 14,0.0,b
r2qr1k1/ppb2ppp/2p2n2/2Pp1P1b/1P1Bn1P1/3BP2P/P1Q5/RN3RK1 b - g3 0 16,0.0,b
r2qr1k1/ppb2ppp/2p2n2/2Pp1P2/1P1B2P1/3BP1n1/P1Q5/RN1R2K1 b - - 2 18,0.0,b
r2qr1k1/pp3ppp/2p2n2/2Pp1P2/1P1P2P1/3B2n1/P4Q2/RN1R2K1 b - - 0 20,0.0,b
r1q1r1k1/pp3ppp/2p2n2/2Pp1P2/1P1PnQP1/3B4/P5K1/RN1R4 b - - 4 22,0.0,b
r1q1r1k1/pp3pp1/2p5/2Pp1P1n/1P1Pn3/3B4/P5KQ/RN1R4 b - - 1 24,0.0,b
r3r1k1/pp3pp1/2p5/2Pp3n/1P1PB1q1/8/P6Q/RN1R1K2 b - - 2 26,0.0,b
r3r1k1/pp3pp1/2p5/2Pp3n/1P1PB1q1/8/P6Q/RN5K b - - 3 28,0.0,b
r3r1k1/pp3pp1/2p5/2Pp4/1P1PB3/6n1/P5K1/RN1q2Q1 b - - 7 30,0.0,b
r5k1/pp3pp1/2p5/1PPp4/3Pr3/6n1/P7/RN4K1 b - - 0 32,0.0,b
4r1k1/pp3pp1/2P5/2Pp4/3Pr3/8/P3n1K1/RN6 b - - 2 34,0.0,b
4r1k1/p4pp1/2p5/2Pp4/3nr3/N7/P5K1/5R2 b - - 1 36,0.0,b
4r1k1/p4pp1/2p3r1/2Pp4/3n1R2/N6K/P7/8 b - - 5 38,0.0,b
4r1k1/p4pp1/2p3r1/2np4/8/7K/P1N5/5R2 b - - 1 40,0.0,b
r4rk1/1pb1qpp1/p1p2nbp/P1Pp4/1P1BnP2/3BPR2/2Q3PP/RN4K1 w - - 0 17,1.0,w
r4rk1/1pb1qpp1/p1p3bp/P1Pp4/1P1BnP2/3BPR2/3Q2PP/R5K1 w - - 1 19,1.0,w
r4rk1/1pbq1pp1/p1p4p/P1Pp1P1b/1P1Bn3/3BPR2/2Q3PP/R5K1 w - - 1 21,1.0,w
r4rk1/1pbq1pp1/p1p4p/P1Pp1b2/1P1Bn2R/3BP3/2Q3PP/R5K1 w - - 0 23,1.0,w
r2q1rk1/1pb2pp1/p1p1b2p/P1Pp4/1P1Bn1PR/3BP3/2Q4P/3R2K1 w - - 3 25,1.0,w
r1q2rk1/1pb2pp1/p1p4p/P1Pp3R/1P1Bn1b1/3BP3/6QP/3R2K1 w - - 2 27,1.0,w
rq3rk1/1p3pp1/p1p4p/P1Pp4/1P1Bn1bR/3BP3/6QK/3R4 w - - 1 29,1.0,w
rq3rk1/1p3pp1/p1p5/P1Pp3p/1P1B2bR/3BP3/5KQ1/3R4 w - - 0 31,1.0,w
rq3r2/1p3kp1/p1p2p2/P1Pp3p/1P1B2bR/4P3/3R1KQ1/1B6 w - - 2 33,1.0,w
rq2r3/1p3k2/p1p2p2/P1Pp2pp/1P1B2bR/4P3/3R1K2/1B4Q1 w - g6 0 35,1.0,w
r1q1r3/1p3k2/p1p2p2/P1Pp2p1/1P1B2Q1/4P3/3R1K2/1B6 w - - 1 37,1.0,w
r1q1rk2/1p5Q/p1p2p2/P1Pp2p1/1P1B4/4P3/3R1K2/1B6 w - - 5 39,1.0,w
r1q2r2/1p6/p1p2p2/P1Pp2p1/1P1B4/4P3/B2R1K2/8 b - - 1 41,1.0,b
r4r1k/1p1b1n1p/4pbp1/p1p2n2/1qPpBP1P/3P1N2/P2BPR2/3Q2RK b - - 5 26,0.5,b
1r3r1k/1p1b1n1p/4pbp1/p1p2B2/2Pp1P1P/q2P1N2/P2BPR2/Q5RK b - - 2 28,0.5,b
4rr1k/1p3n1p/2b1pbp1/p1p5/2Pp1P1P/q2P1N1B/P2BPRR1/Q6K b - - 6 30,0.5,b
5r1k/1p2r2p/2bnpbp1/p1p5/2Pp1P1P/q2P1N1B/P3PRR1/1QB4K b - - 10 32,0.5,b
7k/1p2rr1p/2bnpbp1/p1p5/q1Pp1PRP/3P1N1B/PB2PR2/1Q5K b - - 14 34,0.5,b
7k/1p2rr1p/2b1pbp1/p1p5/q1Pp1P1P/3P1NnB/PB2PRR1/1Q4K1 b - - 18 36,0.5,b
7k/1p2rr1p/4Bbp1/p1p5/q1Pp1P1P/3P1b2/PB2R1R1/1Q4K1 b - - 0 38,0.5,b
7k/1p3r1p/4Rbp1/p1p5/q1Pp1P1P/3P4/PB4K1/1Q6 b - - 0 40,0.5,b
7k/1p3r1p/2q3p1/p1p5/2PpRP1b/3P4/PB4K1/7Q b - - 3 42,0.5,b
7k/1p5p/2q3p1/p1p5/2PpP2b/8/PB6/6KQ b - - 0 44,0.5,b
8/1p2b1kp/2q3p1/p1p5/2PpP3/P7/1B3K2/7Q b - - 0 46,0.5,b
8/1p2b1kp/6p1/p1p3q1/2PpP3/P7/1B4Q1/6K1 b - - 4 48,0.5,b
8/1p4kp/6p1/p1p5/2PpP2b/P3q3/1B2Q3/5K2 b - - 8 50,0.5,b
8/1p4kp/6p1/p1p3q1/2PpP2b/P7/1B4Q1/6K1 b - - 12 52,0.5,b
8/1p4kp/6p1/p1p5/2PpPq1b/P6K/1B4Q1/8 b - - 16 54,0.5,b
8/1p4kp/5bp1/p1p5/2PpP2q/P7/1B4K1/7Q b - - 20 56,0.5,b
8/1p4kp/5bp1/p1p5/2Pp4/P7/1B6/7K b - - 0 58,0.5,b
8/1p4kp/5bp1/p1p5/2P5/P7/3B4/7K b - - 0 60,0.5,b
8/1p4kp/6p1/p1p1b3/P1P5/8/3B4/6K1 b - - 2 62,0.5,b
8/1p5p/1B2k1p1/2p1b3/P1P5/8/8/6K1 b - - 2 64,0.5,b
8/1p4kp/1B4p1/2p5/P1Pb4/8/6K1/8 w - - 6 67,0.5,w
8/1p5p/1B2k1p1/2p5/P1Pb4/8/6K1/8 w - - 10 69,0.5,w
8/1p5p/4k1p1/P1b5/2P5/5K2/8/8 b - - 1 71,0.5,b
8/1p5p/6p1/P1b5/2Pk4/5K2/8/8 b - - 5 73,0.5,b
8/1p5p/6p1/P1b5/1k6/3K4/8/8 b - - 3 75,0.5,b
8/1p5p/k5p1/2K5/8/8/8/8 w - - 1 78,0.5,w
8/1p6/k5p1/4K3/7p/8/8/8 w - - 0 80,0.5,w
8/8/k5p1/8/1p4Kp/8/8/8 w - - 0 82,0.5,w
8/8/k5K1/8/1p6/8/7p/8 w - - 0 84,0.5,w
8/8/k7/8/4K3/8/1p5p/8 w - - 0 86,0.5,w
8/8/1k6/4K3/8/8/7p/1q6 w - - 0 88,0.5,w
8/4K3/1k6/5q2/8/8/8/7r w - - 2 90,0.5,w
8/3rK3/1k6/5q2/8/8/8/8 w - - 6 92,0.5,w
8/3rK3/1k6/5q2/8/8/8/8 w - - 10 94,0.5,w
r4rk1/pp2ppb1/1qn1bnpp/2p5/2Pp1P2/Q2P1NPP/PP1BP1B1/R4R1K w - - 0 14,1.0,w
r3r1k1/pp2ppb1/1qn1bnpp/2p5/2Pp1P2/Q2P1NPP/PP1BP1B1/R3R1K1 w - - 4 16,1.0,w
r3r1k1/pp2ppb1/1qn3pp/2p2b1n/2Pp3P/Q2P1NP1/PP1BP1B1/R3R1K1 w - - 0 18,1.0,w
r3r1k1/pp2ppb1/1qn3pp/2p2b2/2Pp3P/Q2P1N2/PP1Bn1B1/3RR1K1 w - - 0 20,1.0,w
r3r1k1/pp2pp2/1qn2bpp/2p5/2Pp2bP/Q2P1N2/PP1BR1B1/4R1K1 w - - 3 22,1.0,w
2r1r1k1/pp2pp2/1qn2bp1/2p5/2Pp1BbP/Q2P1N2/PP2R1B1/4R1K1 w - - 3 24,1.0,w
3rr1k1/pp2pp2/1q3bp1/n1p5/2Pp2bP/Q2P1NB1/PP2R3/4R1KB w - - 7 26,1.0,w
3rr2k/pp2pp2/1q4p1/n1p1b3/Q1Pp2bP/3P1N2/PP2R3/4R1KB w - - 0 28,1.0,w
3rr3/pp2pNk1/1q4p1/n1p5/Q1Pp3P/3P4/PP2b3/4R1KB w - - 1 30,1.0,w
3NQ3/pp2p1k1/5qp1/n1p5/2Pp3P/3b4/PP6/4R1KB w - - 1 32,1.0,w
4Q3/pn2R3/5qpk/2p5/2Pp3P/3b4/PP6/6KB w - - 1 34,1.0,w
4Q3/pB2R3/6pk/2p5/2Pp3P/3b4/PP3q1K/8 w - - 3 36,1.0,w
4Q3/p3R3/6pk/2p5/2bp3q/8/PP4B1/6K1 w - - 0 38,1.0,w
5Q2/p6R/6p1/2p5/2bp2kq/8/PP4B1/6K1 w - - 4 40,1.0,w
8/p7/6p1/2p4k/2bp1Q2/8/PP4B1/6K1 w - - 2 42,1.0,w
r1bq1rk1/ppp1ppbp/2np1np1/8/PP6/5NP1/1BPPPPBP/R2QK2R w KQ - 2 7,0.0,w
r2q1rk1/ppp1ppbp/2bp1np1/8/P7/5NP1/1BPPPPBP/R2QK2R w KQ - 0 9,0.0,w
r2qr1k1/ppp1ppbp/2bp2p1/8/P3n3/2B2NP1/2PPPPBP/R2Q1K1R w - - 4 11,0.0,w
r2qr1k1/pppbppbp/6p1/3pN3/P2Bn3/6P1/2PPPPBP/R2Q1K1R w - - 2 13,0.0,w
r1q1r1k1/ppp1ppbp/6p1/3pNb2/P2Bn3/4P1P1/2PP1PBP/1R1Q1K1R w - - 3 15,0.0,w
r1q1r1k1/ppp1ppbp/6p1/3pN3/P2Bn1b1/4P3/2PPKPBP/1R1Q3R w - - 0 17,0.0,w
r3r1k1/ppp1ppbp/6p1/3p4/P2B2q1/4PB2/2PPKn1P/1R1Q3R w - - 0 19,0.0,w
r3r1k1/ppp1pp1p/6p1/3p4/P2b3q/4PB2/2PP3P/1R1Q1K1R w - - 0 21,0.0,w
r1r3k1/pRp1pp1p/6p1/3p4/P2q4/5B2/2PP3P/3Q1K1R w - - 1 23,0.0,w
r1r3k1/pRp1pp1p/q5p1/3p4/P7/2P2B2/3P2KP/3Q3R w - - 3 25,0.0,w
r1r3k1/p1p1pp1p/5qp1/3p4/P7/2P2B2/1R1P2KP/3QR3 w - - 7 27,0.0,w
r1r3k1/p1p1pp1p/6p1/3q4/P7/2P5/1R1P1K1P/3QR3 w - - 0 29,0.0,w
r1r3k1/p1p1pp1p/6p1/8/P5Q1/2P5/1R1P1K1q/1R6 w - - 0 31,0.0,w
rRr3k1/p1p1pp1p/6p1/8/P5q1/2P2K2/3P4/1R6 w - - 0 33,0.0,w
1rr2k2/p1p1pp1p/6p1/8/P5K1/2P5/3P4/4R3 w - - 2 35,0.0,w
3r1k2/prp1pp1p/6p1/8/P5K1/2P5/3PR3/8 w - - 6 37,0.0,w
1r3k2/p1p1pp1p/6p1/8/P6K/2Pr4/3PR3/8 w - - 10 39,0.0,w
1r3k2/p1p1p2p/5p2/6p1/P4K2/2Pr4/3PR3/8 w - - 0 41,0.0,w
1r6/p1p1pk1p/5p2/5Kp1/P7/2P2r2/3P3R/8 w - - 4 43,0.0,w
1r6/p1p1p1kp/5p2/6pK/P7/2Pr4/3P3R/8 w - - 8 45,0.0,w
1r6/p1p1pk1p/5p2/6pK/P7/2P5/3r3R/8 w - - 0 47,0.0,w
8/p1p1pk1p/5p2/6pK/P7/r1PR4/8/8 w - - 3 49,0.0,w
8/p1p1pk1p/5p2/6p1/3r2K1/2P5/8/8 w - - 0 51,0.0,w
8/p1p1p2p/5p2/3k2pK/3P4/8/8/8 w - - 3 53,0.0,w
8/p1p1p2K/5p2/3k4/3P4/6p1/8/8 w - - 0 55,0.0,w
8/p1p1p3/5p2/3k3K/3P4/8/8/6q1 w - - 0 57,0.0,w
8/p1p1p3/5p2/3k4/3q4/6K1/8/8 w - - 0 59,0.0,w
8/p1p1p3/5p2/2k5/4q3/6K1/8/8 w - - 4 61,0.0,w
8/p1p1p3/3k1p2/8/6q1/8/8/7K w - - 8 64,0.0,w
8/p1p1p3/3k1p2/8/6q1/8/8/7K w - - 12 68,0.0,w
8/p1p1p3/5p2/2k5/6q1/8/7K/8 b - - 16 70,0.0,b
8/p1p1p3/5p2/3k2q1/8/8/7K/8 b - - 20 72,0.0,b
r1bqkb1r/pp1npppp/8/2pn4/8/8/PPPP1PPP/RNBQRBK1 w kq - 0 7,0.5,w
r1bqkb1r/pp2pppp/8/2pn4/8/8/PPPP1PPP/RNBQR1K1 w kq - 0 9,0.5,w
r1bq1b1r/pp1kpppp/5n2/2p5/8/2N2Q2/PPPP1PPP/R1B1R1K1 w - - 4 11,0.5,w
r1bq1b1r/pp2pppp/2k5/2pN4/8/3Q4/PPPP1PPP/R1B1R1K1 w - - 1 13,0.5,w
rkbq1b1r/pp2pppp/8/2pN4/8/3Q4/PPPP1PPP/R1B1R1K1 w - - 5 15,0.5,w
rkbq3r/pp3ppp/3b4/2pNQ3/8/8/PPPP1PPP/R1B1R1K1 w - - 1 17,0.5,w
rk1q3r/pp3pQp/3b1N2/2p5/8/8/bPPP1PPP/R1B1R1K1 w - - 0 19,0.5,w
r1kq3r/pp3pQp/3b1N2/2pb4/8/8/1PPP1PPP/R1B1R1K1 w - - 4 21,0.5,w
r1k3q1/pp3p1p/3b4/2pN4/8/8/1PPP1PPP/R1B1R1K1 w - - 0 23,0.5,w
k5q1/pp3p1p/3b4/2p5/8/8/1PPP1PPP/R1B1R1K1 w - - 0 25,0.5,w
1k5q/pp3p1p/3b4/2p5/8/4R1P1/1PPP1P1P/R1B3K1 w - - 1 27,0.5,w
1k6/pp3p1p/3b4/2p5/4q3/3R2P1/1PPP1PKP/R1B5 w - - 5 29,0.5,w
1k6/pp3R1p/3b4/2p5/4q3/6P1/1P1P1PKP/R1B5 w - - 1 31,0.5,w
1k6/pp3q1p/3b4/2p5/8/6P1/1P1P1PKP/R1B5 w - - 0 33,0.5,w
1k6/pp3q1p/3b4/2p5/8/R4PP1/1P1P2KP/2B5 w - - 1 35,0.5,w
1k6/pp5p/3b4/2p5/3q1P2/R5P1/1P1P3P/2B3K1 w - - 3 37,0.5,w
1k6/pp5p/3b4/2p5/5P2/R5P1/1P1P3P/2q1K3 w - - 0 39,0.5,w
1k6/pp5p/1q1b4/2p5/5P2/2R3P1/3PK2P/8 w - - 2 41,0.5,w
1k6/pp5p/3b4/2p5/5P2/1q4P1/3P3P/2RK4 w - - 6 43,0.5,w
1k6/pp5p/3b4/2p5/5P2/3q2P1/3P3P/1R2K3 w - - 10 45,0.5,w
8/ppk4p/3b4/2pq4/5P2/6P1/1R1P3P/3K4 w - - 14 47,0.5,w
8/ppk4p/3b4/2p5/4qP2/6P1/1R1P3P/1K6 w - - 18 49,0.5,w
8/ppk4p/8/2p5/5b2/3q2P1/2R4P/1K6 w - - 0 51,0.5,w
8/ppk4p/8/2p5/5q2/8/7P/1KR5 w - - 0 53,0.5,w
8/pp1k3p/8/8/1q6/8/2R4P/1K6 w - - 3 55,0.5,w
8/pp1k3p/8/8/8/2q5/KR5P/8 w - - 7 57,0.5,w
8/p6p/2k5/8/2q5/8/KR5P/8 w - - 3 59,0.5,w
8/p6p/2k5/8/8/8/1R5P/1K1q4 w - - 7 61,0.5,w
8/p6p/2k5/8/8/8/1R5P/1K5q w - - 11 63,0.5,w
8/p6p/2k5/8/8/K2q4/1R5P/8 w - - 15 65,0.5,w
8/p6p/3k2q1/8/8/8/1R5P/K7 w - - 19 67,0.5,w
8/p6p/3k2q1/8/8/8/4R2P/K7 w - - 23 69,0.5,w
8/p6p/8/4k1q1/8/8/1K1R3P/8 w - - 27 71,0.5,w
8/p6p/4k3/8/8/8/1K5P/6q1 w - - 0 73,0.5,w
8/p6p/8/5k1P/8/8/1K6/4q3 w - - 1 75,0.5,w
8/p6p/8/5k1q/2K5/8/8/8 w - - 0 77,0.5,w
8/p6p/5k2/8/8/2K5/8/3q4 b - - 4 79,0.5,b
8/p6p/5k2/4q3/8/8/3K4/8 b - - 8 81,0.5,b
8/p2q3p/5k2/8/8/1K6/8/8 b - - 12 83,0.5,b
8/p6p/5k2/8/4q3/8/3K4/8 b - - 16 85,0.5,b
5rk1/Bp1b3p/2pb2p1/P2p2P1/2n5/1NP5/4B3/R5K1 b - - 0 35,0.5,b
4r3/1p1b1k1p/2pb2p1/P2p2P1/2nB4/1NP5/4B3/R5K1 w - - 4 38,0.5,w
6k1/1p1b3p/2pb2p1/P2p2P1/2nB4/1NP5/4r3/2R3K1 b - - 1 41,0.5,b
6k1/1p1b3p/P1p3p1/3p2P1/2nB1b2/1NP5/1r6/2R2K2 b - - 0 43,0.5,b
6k1/Pp5p/2p3p1/3p2P1/2nB1b2/1rP4b/8/2R3K1 b - - 0 45,0.5,b
6k1/PR5p/2p3p1/3p2b1/2nB4/r1P4b/8/6K1 b - - 0 47,0.5,b
6k1/6Rp/2p3p1/3p4/2nB4/2P4b/3b4/6K1 b - - 2 49,0.5,b
5k2/2R5/2p1b1p1/3p4/2nB4/2P5/3b4/6K1 b - - 2 51,0.5,b
6k1/2R5/2p1b1p1/n2p4/1B6/2P5/3b4/6K1 b - - 6 53,0.5,b
6k1/8/2R3p1/3p1b2/1Bn5/2P5/3b1K2/8 b - - 2 55,0.5,b
6k1/8/R5p1/3pnb2/8/2B5/5K2/8 b - - 0 57,0.5,b
8/5k2/6p1/R2p1b2/8/2BnK3/8/8 b - - 4 59,0.5,b
8/8/5Bp1/3k1b2/8/3nK3/8/8 b - - 1 61,0.5,b
8/4B3/2k3p1/2n2b2/8/5K2/8/8 b - - 5 63,0.5,b
8/8/5Bp1/3k1b2/8/3n1K2/8/8 b - - 9 65,0.5,b
8/8/2k3p1/5b2/1n6/5K2/8/B7 b - - 13 67,0.5,b
8/3k4/6p1/5b2/7B/3n1K2/8/8 b - - 17 69,0.5,b
8/8/6p1/3k1b2/8/2Bn1K2/8/8 b - - 21 71,0.5,b
8/8/6p1/3k1b2/8/3n1K2/8/B7 b - - 25 73,0.5,b
8/8/6p1/3k1b2/8/3n1K2/8/B7 b - - 29 75,0.5,b
8/8/6p1/4kb2/8/8/5K2/8 b - - 1 77,0.5,b
8/8/6p1/5b2/3k4/6K1/8/8 w - - 5 80,0.5,w
8/8/6p1/3k2K1/8/8/8/1b6 w - - 9 82,0.5,w
8/8/8/6p1/2k5/5K2/8/1b6 w - - 0 84,0.5,w
8/8/8/4k1K1/8/8/8/1b6 w - - 1 86,0.5,w
8/8/8/8/4k3/3b2K1/8/8 w - - 5 88,0.5,w
8/8/8/8/5k2/8/4b1K1/8 w - - 9 90,0.5,w
8/8/8/7b/5k2/8/8/4K3 w - - 13 92,0.5,w
8/8/5k2/7b/8/8/8/4K3 w - - 17 94,0.5,w
8/8/6b1/4k3/8/4K3/8/8 w - - 21 96,0.5,w
8/8/8/7b/4k3/8/5K2/8 w - - 25 98,0.5,w
8/8/8/8/8/4kbK1/8/8 w - - 29 100,0.5,w
8/8/8/8/8/4kb2/8/6K1 w - - 33 102,0.5,w
8/8/8/8/8/4k3/2b3K1/8 w - - 37 104,0.5,w
8/8/8/8/8/4k3/2b3K1/8 w - - 41 106,0.5,w
r1bq1rk1/ppnnbppp/2p1p3/8/2PP4/2NB4/PP3PPP/R1BQR1K1 b - - 4 10,0.0,b
r1bqr1k1/ppnnbp1p/2p1p3/6p1/2PP4/2NBB3/PP3PPP/R2QR1K1 b - - 1 12,0.0,b
r1bqr3/ppnn1pkp/2p1p3/6pQ/1bPP4/2NBB1P1/PP3P1P/R3R1K1 b - - 2 14,0.0,b
r1b1rk2/ppnn1p1Q/2p1pq2/6p1/1bPPB3/2N1B1P1/PP3P1P/R3R1K1 b - - 2 16,0.0,b
r1b1r3/ppnnkp2/2p1pq2/6p1/2PPB3/2P1B1PQ/P4P1P/R3R1K1 b - - 2 18,0.0,b
r1b4r/ppn1kp2/2p1pq2/2P3p1/2P1B3/2P1B1P1/P4P1P/R3RQK1 b - - 2 20,0.0,b
r1b4r/ppn1k3/2p1pp2/2P3B1/2P1B3/2q3P1/P4P1P/R1R2QK1 b - - 1 22,0.0,b
r1b4r/ppB1k3/2p1pp2/2P5/2P1q3/6P1/P4P1P/R1R2QK1 b - - 0 24,0.0,b
r1b1k2r/pp5q/2p1pp2/2P5/2P2B2/6P1/P4P1P/R1R1Q1K1 b - - 4 26,0.0,b
r1b4r/pp3k2/2p1pp2/2P5/2P2B2/6P1/P3KP1q/R1R1Q3 b - - 3 28,0.0,b
r1br4/pp3k2/2p1pp2/2P4q/2P2B2/6P1/P1K2P2/R1R1Q3 b - - 7 30,0.0,b
r1br4/pp3k2/2p1pp2/8/2q2BP1/2Q5/P1K2P2/R1R5 b - - 1 32,0.0,b
r1br4/pp3k2/2p1pp2/8/6P1/1KQ5/P4q2/R3R3 b - - 1 34,0.0,b
r2r4/pp3k2/2p1Qp2/4p3/6P1/1K6/P4q2/R3R3 b - - 0 36,0.0,b
r2r4/pp6/2p1kp2/4p3/6P1/6q1/P1K5/2R1R3 b - - 3 38,0.0,b
r2r4/pp3k2/2p2p2/4p3/6P1/3q4/PKR5/4R3 b - - 7 40,0.0,b
r2r4/pp3k2/2p2p2/4p3/1q4P1/8/P1R1R3/2K5 b - - 11 42,0.0,b
r2r4/pp3k2/2p2p2/4p3/1q4P1/8/P1R1R3/2K5 b - - 15 44,0.0,b
r2r4/pp3k2/2p2p2/4p3/4q3/8/PKR5/8 b - - 1 46,0.0,b
r2r4/pp3k2/2p2p2/8/1q2p3/8/P2R4/2K5 b - - 1 48,0.0,b
r7/pp3k2/2p2p2/8/1P6/4p3/3r4/2K5 b - - 0 50,0.0,b
5rk1/1p1b3p/p1pb2p1/P2p4/5nP1/1NP1B3/1P6/R2B2K1 w - - 0 31,1.0,w
5rk1/1p1b3p/p1p3p1/P1bp4/3N2P1/2PnB3/1P6/1R1B2K1 w - - 4 33,1.0,w
6k1/1p1b3p/p1p3pB/P1bp4/3N2P1/1PPn4/8/1R1Br1K1 w - - 3 35,1.0,w
6k1/1p5p/p1p3pB/P2p4/3P2b1/1P1n4/6K1/1R1Br3 w - - 0 37,1.0,w
6k1/1p5p/p1p3pB/P2p4/3P2K1/1P1n4/2B1r3/1R6 b - - 0 39,1.0,b
8/1p3k1p/p1p3pB/P2p4/3P2K1/1P1B4/5r2/4R3 b - - 2 41,1.0,b
8/1p5p/p1p2kpB/P2p4/3P4/1P1B4/6K1/4R3 w - - 1 44,1.0,w
1R6/1p5p/p1p2k1B/P2p4/3P2p1/1P1B4/6K1/8 w - - 0 46,1.0,w
8/7R/p1p1k2B/P2p4/3P4/1P1B2p1/6K1/8 w - - 0 48,1.0,w
8/7R/p3k2B/P1P5/3p4/1P1B2K1/8/8 w - - 0 50,1.0,w
8/2P4R/p1k4B/P7/3p4/1P1B2K1/8/8 w - - 1 52,1.0,w
2k5/2P4R/p6B/P7/3pB3/1P6/5K2/8 w - - 5 54,1.0,w
rnbq1rk1/ppb2ppp/2p2n2/2Pp4/1P2p3/P2PP3/2Q1BPPP/RNB2RK1 b - - 0 9,0.0,b
r2q1rk1/ppb2ppp/n1p2n2/2Pp4/1P2P1B1/P3P3/2Q2PPP/RNB2RK1 b - - 0 11,0.0,b
r2q1rk1/ppn2ppp/2p2n2/1PPpb3/4P3/P3P3/2Q1BPPP/RNB2RK1 b - - 2 13,0.0,b
r2q1rk1/p1n2ppp/2p2n2/2PP4/8/P3P3/2Q1BPPP/bNB2RK1 b - - 0 15,0.0,b
r4rk1/p1n2ppp/2p2n2/2P1q3/8/P3P3/2QBBPPP/bN1R2K1 b - - 3 17,0.0,b
r2r2k1/p1n2ppp/2p2n2/2q5/8/P1N1P3/2QBBPPP/R5K1 b - - 0 19,0.0,b
1r1r2k1/p4ppp/2p2n2/2qN1Q2/8/P3P3/3BBPPP/R5K1 b - - 0 21,0.0,b
1r4k1/p4ppp/5n2/2qp4/8/P3P3/3BBPPP/2R3K1 b - - 1 23,0.0,b
1r4k1/p4ppp/5n2/3p4/8/2R1P3/1q2BPPP/2B3K1 b - - 3 25,0.0,b
1r4k1/p4ppp/2R2n2/3p4/8/4P3/5PPP/2B3q1 b - - 0 28,0.0,b
r3rnk1/pp2bppp/2p1b3/3p3n/4PP2/2P5/PPBN2PP/R1B2R1K w - - 0 16,0.0,w
r3rnk1/pp1bbppp/8/3p1P1n/8/2P5/PPBN2PP/R1B2R1K w - - 0 18,0.0,w
r3r1k1/pp1nbppp/8/1b1p1P1n/8/2P2N2/PPB3PP/R1BR3K w - - 4 20,0.0,w
r3r1k1/pp1bbppp/8/5P1n/8/2P2N2/PPB3PP/R1B4K w - - 0 22,0.0,w
1r2r1k1/pB1bbppp/5n2/5P2/8/2P2N2/PP4PP/R1B4K w - - 1 24,0.0,w
1r2r1k1/p3bppp/B4n2/8/3Nb3/2P5/PP4PP/R1B4K w - - 2 26,0.0,w
1rr3k1/p4ppp/3b1n2/8/2BNb3/2P5/PP4PP/R1B3K1 w - - 6 28,0.0,w
2r3k1/p4ppp/5n2/4b1B1/3Nb3/2P5/Pr2B1PP/R5K1 w - - 0 30,0.0,w
2r3k1/p4p1p/5p2/4b3/3Nb3/2P5/r3B1PP/3R2K1 w - - 0 32,0.0,w
2r3k1/p4p1p/5p2/8/8/2b2N2/r5PP/3R2K1 w - - 0 34,0.0,w
2r3k1/p2R1p1p/5p2/8/3b4/5N2/5rPP/5K2 w - - 4 36,0.0,w
1r2r1k1/1ppq1pb1/3pbnpp/pPn1p3/P7/R2PP1P1/1BPN1PBP/Q3R1K1 w - - 3 15,1.0,w
1r4k1/1ppqrpb1/3p1npp/pPn1pb2/P7/R1BPPNP1/2P2PBP/Q3R1K1 w - - 7 17,1.0,w
1r4k1/1ppqrpb1/3p2pp/pPn1pb2/P7/R1nPPNP1/Q1P1RPBP/6K1 w - - 0 19,1.0,w
1r4k1/1ppqrpb1/3pb1pp/pPn5/P3p3/Q1RPPNP1/2P1RPBP/6K1 w - - 0 21,1.0,w
1r4k1/1ppqrpb1/3p2pp/pPn5/P2N2b1/Q1RPP1P1/4RPBP/6K1 w - - 1 23,1.0,w
1r4k1/1ppq1p2/3p2pp/pPn5/P2P2b1/Q1RP2P1/2R2PBP/4r1K1 w - - 1 25,1.0,w
1r4k1/1ppq1p2/3p2pp/pP6/Q2P4/2RP2Pb/2R2P1P/4rBK1 w - - 1 27,1.0,w
1r4k1/1ppq1p2/3p2pp/pP6/Q2P4/3P2P1/5P1P/2R2bK1 w - - 0 29,1.0,w
1rq3k1/1pp2p2/3p2pp/pP6/Q2P4/3P2P1/5P1P/2R3K1 w - - 3 31,1.0,w
1r4k1/1pq2p2/6pp/1P1p4/3P4/3P2P1/5P1P/2R3K1 w - - 0 33,1.0,w
1r6/1pR2pk1/7p/1P1p2p1/3P4/3P2P1/5PKP/8 w - - 0 35,1.0,w
8/1p2rpk1/7p/1P1R2p1/3P4/3P2P1/5PKP/8 w - - 1 37,1.0,w
8/1p1R1pk1/1r5p/1P4p1/3P4/3P1KP1/5P1P/8 w - - 5 39,1.0,w
8/1p3p2/1r2k2p/1P1R2p1/3P4/3P1KPP/5P2/8 w - - 1 41,1.0,w
8/1p3p2/1r2k2p/1P1R2p1/3P4/3P1KPP/5P2/8 w - - 5 43,1.0,w
8/1p3p2/3rk2p/1PR5/3P2K1/3P2PP/5P2/8 w - - 1 45,1.0,w
3r4/1p3p2/5k1p/1P6/3PR1K1/3P2PP/5P2/8 w - - 5 47,1.0,w
8/1p3p2/1P1r2kp/8/3PRK2/3P2PP/5P2/8 w - - 3 49,1.0,w
8/1p3p2/1r5p/7k/3P2R1/3P1KPP/5P2/8 w - - 2 51,1.0,w
8/1p3pR1/7p/7k/3P3P/3r1KP1/5P2/8 w - - 0 53,1.0,w
8/1p3R2/7p/7k/3PK2P/6P1/1r3P2/8 w - - 1 55,1.0,w
8/1p6/1r5p/7k/3PK2P/5RP1/5P2/8 w - - 5 57,1.0,w
8/1pR5/1r3k1p/8/3PK2P/6P1/5P2/8 w - - 9 59,1.0,w
8/1pR5/1r3k1p/8/3PK2P/6P1/5P2/8 w - - 13 62,1.0,w
8/1pR5/1r3k1p/8/3PK2P/6P1/5P2/8 b - - 18 64,1.0,b
8/1R6/4rk1p/3K4/3P3P/6P1/5P2/8 w - - 2 67,1.0,w
8/8/6kp/8/2KP3P/6P1/4rP2/1R6 w - - 6 69,1.0,w
8/6k1/1R5p/8/2KP3P/5PP1/6r1/8 w - - 1 71,1.0,w
8/1R6/6kp/8/2KP2PP/5Pr1/8/8 w - - 3 73,1.0,w
8/8/1R5p/6kP/2KP2P1/5Pr1/8/8 w - - 3 75,1.0,w
8/8/5R1p/6kP/2KP2P1/5Pr1/8/8 w - - 7 77,1.0,w
8/8/7p/5R1P/2KP2Pk/5P1r/8/8 w - - 11 79,1.0,w
8/8/7R/7P/2KP2Pk/5r2/8/8 w - - 0 81,1.0,w
5r2/8/6RP/8/2KP2Pk/8/8/8 w - - 1 83,1.0,w
2r5/8/6RP/3P2P1/2K5/6k1/8/8 w - - 1 85,1.0,w
6r1/8/2R3PP/3P4/2K2k2/8/8/8 w - - 1 87,1.0,w
8/6PP/2R5/3P4/2K1rk2/8/8/8 w - - 1 89,1.0,w
6Q1/4r2P/2R5/1K1P1k2/8/8/8/8 w - - 1 91,1.0,w
5Q1Q/4r3/2R5/1K1P4/4k3/8/8/8 w - - 1 93,1.0,w
r4rk1/pp2ppbp/1qn1bnp1/2p5/2Pp1P2/Q2P1NP1/PP1BP1BP/R2R3K b - - 2 13,0.0,b
r2r2k1/pp2ppbp/1qn2np1/2p2b2/2Pp1P2/Q2P1NP1/PP2P1BP/R2RB1K1 b - - 6 15,0.0,b
r2r2k1/pp2pp1p/1qn2npb/2p5/2Pp1Pb1/Q2P1NP1/PP2PBBP/1R1R2K1 b - - 10 17,0.0,b
r5k1/pp1rpp1p/1qn2npb/2p5/2Pp1P2/Q2P1BPP/PP2PB2/1R1R2K1 b - - 0 19,0.0,b
r4bk1/ppqrpp1p/2B2np1/2Q5/2Pp1P2/3P2PP/PP2PB2/1R1R2K1 b - - 0 21,0.0,b
1r3bk1/p1qrpp1p/2p2np1/8/2Pp1P2/QP1P2PP/P3PB2/1R1R2K1 b - - 0 23,0.0,b
1r3bk1/p1qrpp1p/2p2np1/8/2Pp1P2/QP1P2PP/P3PB2/3RR1K1 b - - 4 25,0.0,b
3r1bk1/p1qr1p1p/2p1pnp1/8/2PB1P2/1P1P2PP/PQ2P3/3RR1K1 b - - 0 27,0.0,b
3r1bk1/p1q2p1p/2p1pnp1/8/2P2P2/1P1RP1PP/PQ6/4R1K1 b - - 0 29,0.0,b
6k1/p1q2p1p/2p1pQp1/8/1bP2P2/1P1rP1PP/P7/1R4K1 b - - 2 31,0.0,b
6k1/p1q2p1p/2p1pQp1/8/1bP2P2/1P4rP/P4K2/2R5 b - - 1 33,0.0,b
6k1/p1q2p1p/2p1p1p1/2Q5/2P2P2/1P1r3P/P4K2/2R5 b - - 0 35,0.0,b
6k1/p4p1p/2p1p1p1/2Q5/2P2q2/1P4rP/P6K/2R5 b - - 3 37,0.0,b
r1bq1rk1/ppppppbp/2n2np1/8/PP6/5NP1/2PPPPBP/R1BQK2R w KQ - 1 6,0.0,w
r1bq1rk1/ppppppbp/5np1/3n4/P7/5NP1/1BPPPPBP/1R1QK2R w K - 2 8,0.0,w
r1bqr1k1/pppppp1p/5npb/3n4/P7/2P2NP1/1B1PPPBP/1R1Q1K1R w - - 1 10,0.0,w
1rbqr1k1/pppppp1p/1n3npb/8/P1P5/3P1NP1/1B2PPBP/1R1Q1K1R w - - 1 12,0.0,w
1rbqr1k1/pppppp1p/5n1b/P5p1/2P5/5NP1/1B2PPBP/1R1Q1K1R w - - 0 14,0.0,w
1rbqr1k1/pppp1p1p/5p1b/P7/2P3p1/5NP1/4PPBP/1R1Q2KR w - - 0 16,0.0,w
1rbqr1k1/pppp1pbp/8/P4N2/2P3p1/6P1/4PPBP/1R1Q2KR w - - 1 18,0.0,w
1rbqr3/pppp1p1p/6k1/P7/2PQ2p1/6P1/4PPBP/1R4KR w - - 2 20,0.0,w
1rb1r3/Qpp2p1p/5qk1/P2p4/2P3p1/4P1P1/5PBP/1R4KR w - d6 0 22,0.0,w
1Q2r3/1bp2p1p/5qk1/P7/2p3p1/4P1P1/5P1P/1R4KR w - - 0 24,0.0,w
4r3/2p2p1p/2Q1q1k1/P7/2p3p1/4P1P1/5P1P/1R4KR w - - 3 26,0.0,w
4r3/5p1p/6k1/P7/4q1p1/2Q1P1P1/5P1P/1R4KR w - - 1 28,0.0,w
8/7p/4p1k1/P7/4q1p1/2Q1P1P1/5P1P/6KR w - - 0 30,0.0,w
8/7p/4p1k1/P7/4q1p1/2Q1P1PP/5P1K/7R w - - 3 32,0.0,w
8/7p/4p1k1/P7/8/4PpPP/2q4K/7R w - - 0 34,0.0,w
r2qr1k1/pp1nbppp/2p1bn2/3pp3/4P3/2PP1P2/PPB1Q1PP/RNB2R1K w - - 3 11,1.0,w
r2qrbk1/pp1n1ppp/2p1bn2/4p3/4P3/2PPB3/PPB1Q1PP/RN3R1K w - - 1 13,1.0,w
r2qr1k1/pp1n1ppp/3bbn2/2p1p3/4P3/2PPB3/PPBN2PP/R3QR1K w - - 0 15,1.0,w
r2q2k1/pp3ppp/1n1brn2/2p1p3/4P3/2PPB3/PP1N2PP/R3QR1K w - - 0 17,1.0,w
r2q2k1/pp3ppp/1n1br3/2p1p3/4P3/2PPnR2/PP1N2PP/R3Q2K w - - 0 19,1.0,w
r2q2k1/pp3ppp/1n1b4/2p1p3/4P3/2PP1r2/PP1N1QPP/R6K w - - 0 21,1.0,w
r2qk3/pp3ppp/1n1b4/2p1p3/4P3/2PP1N2/PP3QPP/R5K1 w - - 3 23,1.0,w
r2q4/pp1k1ppp/1n1b4/4p3/2p1P3/2PP1NQ1/PP4PP/4R1K1 w - - 0 25,1.0,w
r2q4/pp1k1pQp/1n6/4p3/2pbP3/2P2N2/PP4PP/4R1K1 w - - 0 27,1.0,w
r1kq4/pp3pQp/1n6/4N3/3PP3/2p5/PP4PP/4R1K1 w - - 1 29,1.0,w
r7/pp1kqNQp/1n6/8/3PP3/2P5/P5PP/4R1K1 w - - 1 31,1.0,w
r7/pp1kq2Q/8/4n3/3PP3/2P5/P5PP/4R1K1 w - - 0 33,1.0,w
r7/p3k3/1p6/4P3/4P3/2P5/P5PP/4R1K1 w - - 0 35,1.0,w
2r5/p7/1p2k3/4PR2/4P3/2P5/P5PP/6K1 w - - 4 37,1.0,w
2r5/p7/1p6/8/4k3/2P2R2/P4KPP/8 b - - 1 39,1.0,b
8/p1r5/1p6/5k2/8/2PR4/P4KPP/8 b - - 5 41,1.0,b
8/p1r5/1p6/6k1/8/2P3R1/P4KPP/8 b - - 9 43,1.0,b
8/p1r5/1p6/5k2/8/2PR4/P4KPP/8 b - - 13 45,1.0,b
8/p1r5/1p1R4/6k1/8/2P1K3/P5PP/8 b - - 17 47,1.0,b
8/p7/1p1R4/6k1/2r5/4K3/P5PP/8 b - - 3 49,1.0,b
8/p7/1p3k2/8/r7/4K3/P2R2PP/8 b - - 7 51,1.0,b
8/R7/1p2k3/8/8/4K3/6PP/8 b - - 0 53,1.0,b
8/8/Rp1k4/8/8/4K3/6PP/8 b - - 4 55,1.0,b
8/8/1pk5/8/8/4K3/6PP/1R6 b - - 8 57,1.0,b
8/3k4/8/1R6/4K3/8/6PP/8 b - - 0 59,1.0,b
8/3k4/5R2/8/4K3/8/6PP/8 b - - 4 61,1.0,b
8/2k2R2/8/3K4/8/8/6PP/8 b - - 8 63,1.0,b
8/3R4/8/k1K5/8/8/6PP/8 b - - 12 65,1.0,b
8/R7/8/k1K5/8/8/6PP/8 b - - 16 67,1.0,b
2brr1k1/p3qppp/1p3nn1/2p5/8/1P2PQNP/P4PP1/1BR1R1K1 b - - 3 23,0.0,b
2brr1k1/p3qppp/1p3nB1/2p5/5Q2/1P2P1NP/P4PP1/2R1R1K1 b - - 0 25,0.0,b
2brr1k1/p4pp1/1p3np1/2p1q3/Q7/1P2P1NP/P4PP1/2R1R1K1 b - - 3 27,0.0,b
3rr1k1/Q2b1pp1/1p2qnp1/2p5/8/1P2PPNP/P5P1/2R1R1K1 b - - 0 29,0.0,b
3rr1k1/3b1pp1/1p1q2p1/2p5/4n3/QP2PP1P/P5P1/2R1R1K1 b - - 1 31,0.0,b
1q1rr1k1/3b1pp1/1p3np1/2p5/8/1P2PP1P/P4QP1/2R1R1K1 b - - 5 33,0.0,b
1q2r1k1/5pp1/1p3np1/2p2b2/8/1P2PP1P/P4QP1/3R2K1 b - - 0 35,0.0,b
1q4k1/r4pp1/1p3np1/2p2b2/8/1P2PP1P/P4QP1/2R2K2 b - - 4 37,0.0,b
1q6/r3kpp1/1p3np1/2p2b2/8/1P2PP1P/P2R1QP1/5K2 b - - 8 39,0.0,b
1q6/3bkpp1/1p3np1/2p5/8/1P2PP1P/P3Q1P1/5K2 b - - 1 41,0.0,b
8/1q2kpp1/1p3np1/1bp5/8/1P2PP1P/PQ4P1/4K3 b - - 5 43,0.0,b
8/2q1kpp1/1p3np1/1b6/2p5/QP2PP1P/P4KP1/8 b - - 1 45,0.0,b
8/Q4pp1/1p1qknp1/1b6/2P5/4PP1P/P4KP1/8 b - - 0 47,0.0,b
8/Q4pp1/1p2k1p1/1b5n/2P5/4PP1P/P2q2PK/8 b - - 4 49,0.0,b
8/5pp1/4k1p1/pP5n/8/4PP1P/P5PK/8 b - - 0 51,0.0,b
8/5pp1/6p1/pPk4n/P7/4PP1P/6P1/6K1 b - a3 0 53,0.0,b
8/5pp1/1P3np1/p7/Pk6/4PP1P/6P1/5K2 b - - 0 55,0.0,b
8/1P3pp1/5np1/p7/1k6/4PP1P/6P1/4K3 b - - 0 57,0.0,b
8/1P1n1pp1/8/p5p1/1k3P2/4P1PP/8/4K3 b - - 0 59,0.0,b
8/1P1n1pp1/8/pk6/5PP1/4P1P1/5K2/8 b - - 2 61,0.0,b
1n6/5pp1/2k5/p5P1/5P2/4P1P1/5K2/8 b - - 0 63,0.0,b
8/5pp1/2k5/p1n3P1/5P2/4PKP1/8/8 b - - 4 65,0.0,b
8/5p2/5Pp1/p1nk2P1/8/4PKP1/8/8 w - - 0 68,0.0,w
8/5p2/5Pp1/p1n3P1/4k3/4P1P1/4K3/8 b - - 4 71,0.0,b
8/5p2/5Pp1/6n1/p3k1P1/4P3/4K3/8 w - - 0 74,0.0,w
8/5p2/5Pp1/8/p3n1P1/2K1Pk2/8/8 w - - 4 76,0.0,w
8/5p1n/6p1/6P1/pK6/4Pk2/8/8 w - - 1 78,0.0,w
8/5p2/6p1/6n1/1K6/4k3/8/8 w - - 0 80,0.0,w
8/8/6p1/6n1/5p2/4k3/2K5/8 w - - 0 82,0.0,w
8/8/6p1/6n1/8/4k3/1K3p2/8 w - - 0 84,0.0,w
8/8/5qp1/6n1/8/1K2k3/8/8 w - - 2 86,0.0,w
8/8/5qp1/1K4n1/8/8/2k5/8 w - - 6 89,0.0,w
8/8/3q2p1/6n1/1K6/8/2k5/8 w - - 10 91,0.0,w
8/8/3q2p1/6n1/K7/8/2k5/8 b - - 14 93,0.0,b
8/8/3q2p1/K5n1/8/3k4/8/8 w - - 18 96,0.0,w
8/8/6p1/1q4n1/8/1K1k4/8/8 w - - 22 98,0.0,w
8/8/6p1/1q4n1/8/4k3/8/K7 b - - 26 100,0.0,b
8/8/6p1/1q6/8/4k3/7n/K7 b - - 30 103,0.0,b
8/8/6p1/1q6/8/4k3/3n4/K7 b - - 34 105,0.0,b
r4rk1/pp2ppbp/1qn1bnp1/2p5/2Pp1P2/Q2P1NP1/PP1BP1BP/R4R1K w - - 1 13,0.0,w
3rr1k1/pp2ppbp/1qn1bnp1/2p5/2Pp1P2/Q2P1NP1/PP1BP1BP/R3R1K1 w - - 5 15,0.0,w
3rr1k1/pp2pp1p/1qn2npb/2p2b2/2Pp1P2/Q2P1NP1/PP1BPKBP/3RR3 w - - 9 17,0.0,w
3rr1k1/pp2pp1p/1q3npb/2p1n3/2Pp1Pb1/QP1P2P1/P2BPKBP/3RR3 w - - 0 19,0.0,w
3rr1k1/pp1npp1p/1q4p1/2p1P3/2Pp2b1/QP1P2P1/P2RPKBP/4R3 w - - 1 21,0.0,w
1r2r1k1/pB2pp1p/1q4p1/2p1n3/2Pp2b1/QP1P2P1/P2RPK1P/4R3 w - - 1 23,0.0,w
1r2r1k1/p3pp1p/1q4p1/2p1n3/2PpB1b1/QP1P2P1/P2RP2P/4R1K1 w - - 5 25,0.0,w
1r2r1k1/p3pp1p/4q1p1/2p1n2b/2PpB3/1P1P2PP/P2RP3/2Q1R1K1 w - - 1 27,0.0,w
1r2r1k1/p3pp1p/6p1/2p1n3/2PpB1q1/1P1P4/P2RP3/2Q1R1K1 w - - 0 29,0.0,w
1r2r3/p3ppkp/6p1/2p5/2Pp2q1/1P1R4/P3P1B1/2Q1R1K1 w - - 1 31,0.0,w
1r2r3/p3ppkp/6p1/2p4q/2Pp4/QP1R4/P3P1B1/3R2K1 w - - 5 33,0.0,w
1r2r3/Q3ppkp/6p1/2p2q2/2Pp4/1P1R4/P3PKB1/3R4 w - - 3 35,0.0,w
1r2r3/Q3pk1p/6p1/2p5/2Pp4/1P6/P1q1PKB1/3R4 w - - 0 37,0.0,w
1r2r3/4p2p/5kp1/3Q4/2Pp4/1P6/P3PKB1/3q4 w - - 2 39,0.0,w
1r2r3/4p2p/3k2p1/8/2Pp4/1P5Q/P3PKB1/3q4 w - - 6 41,0.0,w
1r2r3/4p2p/6p1/6Q1/1kPp4/1P6/P3PKB1/3q4 w - - 10 43,0.0,w
1r2r3/4p2p/6p1/6Q1/2Pp4/kP3B2/2q1PK2/8 w - - 0 45,0.0,w
1r2r3/4p2p/6p1/8/2qQ4/1k3B2/4PK2/8 w - - 0 47,0.0,w
1r6/4p2p/6p1/8/2BQ4/1k6/4Pr2/8 b - - 0 49,0.0,b
1r6/4p2p/8/6p1/2B5/4P3/2k2Q2/8 b - - 0 51,0.0,b
1r6/4p2p/8/4P3/2B3p1/8/5Q2/1k6 b - - 0 53,0.0,b
1r6/4p2p/4P3/8/2B5/6Q1/8/2k5 b - - 0 55,0.0,b
8/4p2p/4P3/8/2B5/8/7Q/2k5 b - - 2 57,0.0,b
8/4p2p/4P3/8/2B5/8/7Q/2k5 b - - 6 59,0.0,b
8/4p2p/4P3/8/8/8/Q7/2k2B2 b - - 10 61,0.0,b
8/4p3/4P3/7p/8/3B4/2Q5/2k5 b - - 1 63,0.0,b
5k2/p1rr1p1p/1p2bnp1/1P6/4PP1n/R5NP/4B1P1/R5K1 w - - 0 39,0.0,w
4nk2/p1rr1p1p/1p2b3/1P2Pp2/7n/R5NP/4B1P1/R5K1 w - - 1 41,0.0,w
4nk2/p1rr1p1p/1p2b1n1/1P2P2N/5p2/R6P/4BKP1/R7 w - - 2 43,0.0,w
4nk2/p1r4p/1p2b1p1/1P2P2N/3r1p2/R6P/5KP1/R7 w - - 0 45,0.0,w
4nk2/R6p/1p4p1/1P2P2N/2br1p2/7P/2r3P1/R4K2 w - - 3 47,0.0,w
4nk2/7R/1p6/1P2P2p/2b2p2/7P/2rr2P1/R5K1 w - - 1 49,0.0,w
4R3/6k1/1p6/1P2P2p/2b2p2/7P/2r3r1/R5K1 w - - 0 51,0.0,w
4rrk1/1pb2ppp/p1p1qn2/P1Pp4/1P1BnPb1/N2BPR2/RQ4PP/6K1 w - - 8 20,1.0,w
4r1k1/1pb1rppp/p1p1qn2/P1Pp4/1P1BnPb1/N2BP2P/RQ4P1/5RK1 w - - 1 22,1.0,w
4r1k1/1pb1rpp1/p1p1q2p/P1Pp2Pn/1P1BnP2/N2BP3/RQ4P1/5RK1 w - - 1 24,1.0,w
2q1r1k1/1pb1r1p1/p1p2pPp/P1Pp1P1n/1P1Bn3/N2BP3/RQ4P1/5RK1 w - - 0 26,1.0,w
2q1r1k1/1p2r1p1/p1p2pPp/P1Pp1P1n/1P1B4/N2BP1b1/R3QnP1/3R2K1 w - - 4 28,1.0,w
2q1r1k1/1p2r1p1/p1p2pPp/P1PpbP1Q/1P1B4/N2RP3/R5P1/6K1 w - - 1 30,1.0,w
4r1k1/1p4p1/p1p2pPp/P1Pprq1Q/1P6/3RP3/R1N3P1/6K1 w - - 0 32,1.0,w
4r1k1/1p4p1/p1p2pPp/P1Pp2r1/1P6/4P3/R1N3P1/3R2K1 w - - 2 34,1.0,w
4r3/1p3kp1/p1p2prp/P1Pp4/1P1R4/4P3/R1N2KP1/8 w - - 2 36,1.0,w
8/1p3kp1/p1p2prp/P1P5/1P2p3/4P1P1/R1N2K2/8 w - - 0 38,1.0,w
8/1p3kp1/p1pN1p1p/P1P3r1/1P2p3/4P1P1/R4K2/8 b - - 4 40,1.0,b
8/1p4p1/p1pN1pkp/P1Pr4/1P2p3/4P1P1/R4K2/8 b - - 8 42,1.0,b
8/6p1/p1pN3p/P1Pr1pk1/1P2p3/4P1P1/R4K2/8 b - - 1 44,1.0,b
8/6p1/p1pN1k1p/P1P2p2/1P2p3/4P1P1/R4K2/3r4 b - - 5 46,1.0,b
8/6p1/p1p2k1p/P1Pr4/1P2NP2/4P3/R4K2/8 b - - 0 48,1.0,b
8/3r2p1/p1p4p/P1P2k2/1P2NP2/4PK2/7R/8 b - - 4 50,1.0,b
5rk1/pp1b2np/P1pb2p1/3p4/6P1/2P5/1P1N2K1/R1BB4 b - - 0 28,1.0,b
5rk1/p2b3p/Pppbn1p1/3p4/6P1/1NP5/1P4K1/1RBB4 b - - 3 30,1.0,b
4r3/p2b2kp/Pppbn1p1/3p2P1/8/1NP5/1P1B2K1/1R1B4 b - - 0 32,1.0,b
4r3/p1nb2kp/Pp1b2p1/2pp2P1/8/1NP2B2/1P1B2K1/R7 b - - 3 34,1.0,b
4r3/p1n3kp/Pp1b2p1/2pp2P1/8/2P2B2/1PbB2K1/2NR4 b - - 7 36,1.0,b
4r3/p1n2k1p/Pp1b2p1/2pp2P1/B7/2P5/1P1B2K1/2N5 b - - 2 38,1.0,b
8/p1n1rk1p/Pp1b2p1/2p3P1/B1p5/5K2/1P1B4/2N5 b - - 1 40,1.0,b
8/p1n1rk1p/Pp4p1/2p3P1/B1p5/2P2K2/8/2N5 b - - 0 42,1.0,b
8/p3rk1p/n5p1/1pp3P1/2p5/2P2K2/4B3/2N5 b - - 1 44,1.0,b
8/p3k2p/n5p1/1pp1K1P1/2p5/2P5/4B3/2N5 w - - 1 47,1.0,w
8/p3k2p/6p1/2p1K1P1/1np5/2P5/4N3/8 w - - 2 49,1.0,w
8/p2k3p/5Kp1/2P3P1/2p5/8/4N3/8 b - - 2 51,1.0,b
8/p5Kp/2k3p1/2P3P1/8/2N5/8/8 b - - 2 53,1.0,b
8/p7/6K1/6P1/2k5/2N5/8/8 b - - 0 55,1.0,b
8/8/p7/5KP1/8/2k5/8/8 w - - 0 58,1.0,w
8/8/p5P1/8/4K3/2k5/8/8 w - - 1 60,1.0,w
6Q1/8/8/p7/4K3/8/1k6/8 w - - 1 62,1.0,w
8/8/8/8/p1Q5/k2K4/8/8 w - - 0 64,1.0,w
8/8/8/8/1Q6/p2K4/k7/8 w - - 0 66,1.0,w
8/8/8/8/2Q5/8/p1K5/k7 w - - 0 68,1.0,w
3rr1kb/p3pp1p/1p4pP/n7/P2Pb2q/2P5/3BBPP1/1RQ2RK1 w - - 0 24,1.0,w
4r1kb/p3pp1p/1p4pP/n5Q1/P2rb3/2P5/4BPP1/1R3RK1 w - - 0 26,1.0,w
4r1k1/p3pp1p/1pb2bpP/n5Q1/P2P4/8/4BPP1/1RR3K1 w - - 3 28,1.0,w
3r2k1/p3pp1p/1p3bpP/n2b4/PR1P1Q2/8/4BPP1/2R3K1 w - - 7 30,1.0,w
3r2k1/p3pp1p/1p2b1pP/n7/PR1b4/4QB2/5PP1/2R3K1 w - - 0 32,1.0,w
6k1/p3p2p/1p2bppP/n7/P2Q4/5B2/5PP1/2R3K1 w - - 0 34,1.0,w
8/p1R1pk1p/1pB1bppP/8/P2Q4/8/5PP1/6K1 w - - 1 36,1.0,w
8/p1RQpk1p/1p3p1P/1B4p1/P7/8/5PP1/6K1 w - - 0 38,1.0,w
8/2R1Q2p/pp3pkP/1B4p1/P5P1/8/5P2/6K1 w - - 0 40,1.0,w
6rk/1p3n1p/4pb2/p1p2n1R/bqPpBP2/3P1N2/P3PK2/2BQ4 w - - 3 31,1.0,w
4r1k1/1p3n1R/4pb2/p1p2n2/bqPpBP2/3P1N2/P3PK2/2B4Q w - - 1 33,1.0,w
5rk1/1p3n1R/4pbB1/p1p5/b1Pp1P2/2qP1N2/P3PK2/2B4Q w - - 3 35,1.0,w
rnbq1rk1/1pp2pbp/3p1np1/pP2p3/P7/3P1NP1/1BP1PPBP/R2QK2R b KQ - 0 8,0.0,b
rnbqr1k1/1pp2pbp/3p1np1/pP6/P3p3/3P2P1/1BPKPPBP/R2QN2R b - - 1 10,0.0,b
rn1qr1k1/1pp2pbp/3p2p1/pP3b2/P3B3/6P1/1BPKPP1P/R2QN2R b - - 0 12,0.0,b
rn2r1k1/1pp2pBp/3p2p1/pP4q1/P3b3/2K3P1/2P1PP1P/R2QN2R b - - 2 14,0.0,b
rn2r1k1/1pp2p1p/3p2p1/pPq5/P2B4/6P1/1KP1PP1P/R2QN2b b - - 1 16,0.0,b
r3r1k1/1ppn1p1p/3p2p1/pP6/Pq1B4/6P1/2P1PP1P/1RKQN2b b - - 5 18,0.0,b
r3r1k1/1ppn1p1p/3p2p1/pP6/2qB4/1R4P1/2PQPP1P/2K1N2b b - - 3 20,0.0,b
r5k1/1ppn1p1p/3p2p1/pP6/3B4/4R1P1/2P1qP1P/2K1N2b b - - 1 22,0.0,b
r5k1/1ppn1p1p/3p2p1/p7/2qB4/3N2P1/2P2P1P/2K1R2b b - - 3 24,0.0,b
r5k1/1ppn1p1p/2bp2p1/p7/3q1N2/6P1/2P1RP1P/2K5 b - - 3 26,0.0,b
r5kq/1ppn1p1p/2bp2p1/p7/5N2/2P3P1/3KRP1P/8 b - - 0 28,0.0,b
r4k1q/1pp2p1p/2bp2p1/p1n5/5N2/2P1R1P1/2K2P1P/8 b - - 4 30,0.0,b
r4k1q/1pp2p1p/3p2p1/2n5/p1P1bN2/4R1P1/5P1P/3K4 b - - 2 32,0.0,b
r4k2/1pp2p1p/3p2p1/2n5/p1Pq4/3R2P1/5P1P/3K4 b - - 0 34,0.0,b
r4k2/1pp2p1p/3p2p1/2n5/2P3P1/p2q4/5P1P/2K5 b - - 0 36,0.0,b
r3r1k1/p3qppp/1pp1bn2/4n3/8/1P2P2P/P1Q1NPP1/1BRR2K1 w - - 4 20,0.0,w
2r1r1k1/p4ppp/1pp1bn2/4n3/3N4/qP2P2P/P3QPP1/1BRR2K1 w - - 8 22,0.0,w
2rr2k1/p5pp/1pp1pn2/4n3/8/qP2P2P/P2Q1PP1/1BRR2K1 w - - 2 24,0.0,w
2rr4/p2n1kpp/1pp1pn2/8/2Q5/qP2P2P/P4PP1/1BRR2K1 w - - 6 26,0.0,w
2r5/p2r1kpp/1pp1pn2/8/2Q1P3/1P5P/Pq3PP1/1BR3K1 w - - 0 28,0.0,w
2r5/p4kpp/1pp1pn2/4q3/2Q1P3/1P5P/P3RPP1/1B1r2K1 w - - 4 30,0.0,w
2r5/p4kpp/1pp1pn2/4q3/4P3/1P5P/P4PP1/1B3rK1 w - - 0 32,0.0,w
2r5/p4kpp/1pp1pn2/4P3/8/1P5P/P4PP1/1q3K2 w - - 0 34,0.0,w
3r4/p4kpp/1pp1pn2/4P3/8/1P5P/q4PP1/3K4 w - - 2 36,0.0,w
8/p4k1p/1pp1pp2/8/8/1P5P/q2r1PP1/2K5 w - - 0 38,0.0,w
8/p4k1p/1pp1pp2/8/1P6/5P1P/q7/2K3r1 w - - 1 40,0.0,w
r1bq1rk1/ppn2pp1/4pn1p/2b3B1/2P5/2N3Q1/PP3PPP/R3RBK1 w - - 0 14,0.0,w
r1bq1rk1/pp3pp1/4pn1p/2b5/2P5/2N3Q1/PP3PPP/3RRBK1 w - - 0 16,0.0,w
r1b3k1/pp3pp1/4pn1p/2b5/2P5/2N3Q1/PP1rBPPP/4R1K1 w - - 2 18,0.0,w
r1b3k1/pp1r1pp1/3bpn1p/8/2P5/4N1Q1/PP2BPPP/4R1K1 w - - 6 20,0.0,w
r1b3k1/ppr2pp1/4pn1p/4b3/2P5/4NQ2/PP2BPPP/1R4K1 w - - 10 22,0.0,w
rbb3k1/pp1r1pp1/4pn1p/8/2P5/4Q3/PPN1BPPP/1R4K1 w - - 14 24,0.0,w
1rb3k1/ppbr1pp1/4pn1p/8/2P5/5B2/PPN1QPPP/1R4K1 w - - 18 26,0.0,w
1r4k1/ppbb1pp1/4pn1p/8/2P5/5B2/PPN2PPP/3Q2K1 w - - 1 28,0.0,w
1r4k1/ppb2pp1/5n1p/4p3/b1PN4/5B2/PP2QPPP/6K1 w - - 0 30,0.0,w
4r1k1/ppb2pp1/5n1p/5N2/b1P1B3/8/PP2QPPP/6K1 w - - 1 32,0.0,w
4r1k1/ppb2p1n/7p/8/b1P5/8/PP2QPPP/6K1 w - - 0 34,0.0,w
rnb2rk1/pp2qppp/2pb1n2/3Pp3/8/1P1BP3/PB1PNPPP/2RQK2R b K - 0 8,1.0,b
r1b1qrk1/pp3ppp/2nb1n2/4p3/8/1P1BP1N1/PB1P1PPP/2RQK2R b K - 1 10,1.0,b
r1b2rk1/pp3ppp/3b1n2/1q2p3/1n6/1P2P1N1/PB1PQPPP/1BR1K2R b K - 5 12,1.0,b
r1br2k1/pp3ppp/1q1b1n2/4p3/1n6/PP2P1N1/1B1PQPPP/1BR2K1R b - - 0 14,1.0,b
r2r2k1/pp3ppp/1q1bbn2/3np3/7Q/PP2P1N1/1B1P1PPP/1BR2K1R b - - 4 16,1.0,b
r2r2k1/pp3ppp/q2bbn2/4p3/7Q/PP2P1N1/1B1P2PP/1BR3KR b - - 2 18,1.0,b
r2r2k1/pp2bppp/4bn2/1q2B1Q1/8/PP2P1N1/3P2PP/1BR3KR b - - 2 20,1.0,b
r2rq1k1/pp2bppp/5n2/4BBQ1/8/PP2P3/3P2PP/2R3KR b - - 0 22,1.0,b
r3q1k1/pp3ppp/5n2/2R1BBQ1/4P3/PP6/3r2PP/6KR b - - 0 24,1.0,b
r5k1/pp3ppp/5n2/4RBQ1/4P3/PP6/5KPP/3r3R b - - 0 26,1.0,b
r7/pp3ppk/5n2/4R3/4P2Q/PP6/5KPP/7r b - - 1 28,1.0,b
r5k1/pp3pp1/5n2/4R3/4P3/PP4P1/5K1Q/8 b - - 0 30,1.0,b
r5k1/pp3pp1/8/4R3/4P3/PP4P1/7K/8 b - - 0 32,1.0,b
3r2k1/pp4p1/5p2/3R4/4P3/PP4P1/7K/8 b - - 1 34,1.0,b
8/pp3kp1/5p2/3P4/8/PP4P1/6K1/8 b - - 2 36,1.0,b
8/pp4p1/3P1p2/6k1/6P1/PP6/6K1/8 b - - 0 38,1.0,b
3Q4/pp4p1/5p2/8/5k2/PP6/6K1/8 b - - 0 40,1.0,b
8/pQ4p1/5pk1/8/8/PP6/6K1/8 b - - 0 42,1.0,b
8/5kp1/5p2/p2Q4/8/PP6/6K1/8 b - - 3 44,1.0,b
8/5kp1/5p2/3Q4/8/PP6/6K1/8 b - - 2 46,1.0,b
8/6p1/6k1/4Qp2/8/PP4K1/8/8 b - - 1 48,1.0,b
8/6p1/8/5Q1k/8/PP4K1/8/8 b - - 2 50,1.0,b
8/8/7k/6Q1/5K2/PP6/8/8 b - - 0 52,1.0,b
7k/8/5K2/6Q1/8/PP6/8/8 b - - 4 54,1.0,b
7k/8/5K2/6Q1/8/PP6/8/8 b - - 8 56,1.0,b
7k/8/5K2/8/P6Q/1P6/8/8 b - - 2 58,1.0,b
5k2/8/5K2/8/PP1Q4/8/8/8 b - - 2 60,1.0,b
5k2/8/5K2/P7/1P6/8/8/6Q1 b - - 2 62,1.0,b
5k2/8/5K2/PP6/3Q4/8/8/8 b - - 0 64,1.0,b
5k2/8/PP3K2/8/3Q4/8/8/8 b - - 0 66,1.0,b
Q4k2/8/1P3K2/8/3Q4/8/8/8 b - - 0 68,1.0,b
2rr4/pp3pkp/5p2/3N4/1PP1n3/P4P2/2R3PP/5BK1 b - - 0 25,0.0,b
2r1r3/pp3pkp/5p2/3N2n1/1PP5/P2B1P2/2R2KPP/8 b - - 4 27,0.0,b
3r4/pp3pkp/2r2p2/1P1N1Bn1/2P5/P4P2/2R2KPP/8 b - - 0 29,0.0,b
3r4/1p3pkB/1p3p2/2rN2n1/2P5/P4P2/2R2KPP/8 b - - 0 31,0.0,b
3r4/1p3pk1/1N3p2/2r3n1/2P5/P4PP1/2R2K1P/8 b - - 0 33,0.0,b
3r4/1p3p2/1N3pk1/2r5/2P1nP2/P5P1/2R4P/4K3 b - - 2 35,0.0,b
3r4/1p3p2/2r2pk1/3N4/2P2P2/P5n1/4R2P/4K3 b - - 1 37,0.0,b
3r4/1p3pk1/2N2p2/8/2P2P2/P7/4n2P/4K3 b - - 0 39,0.0,b
r7/5pk1/2p2p2/8/2P2P2/P3K3/7P/8 b - - 2 41,0.0,b
8/5pk1/2p2p2/8/2P2P2/7r/4K2P/8 b - - 3 43,0.0,b
8/5pk1/2p2p2/2P5/5P1r/4K3/8/8 b - - 0 45,0.0,b
8/5p2/2p2pk1/2P4r/5P2/8/4K3/8 b - - 4 48,0.0,b
8/5p2/2p2pk1/4rP2/8/8/3K4/8 w - - 1 51,0.0,w
8/5p2/2p2p2/4rk2/8/3K4/8/8 w - - 0 53,0.0,w
8/5p2/2p2p2/4r3/8/3K1k2/8/8 w - - 4 55,0.0,w
8/5p2/2p2p2/4r3/5k2/8/2K5/8 w - - 8 58,0.0,w
8/5p2/2p2p2/4r3/4k3/2K5/8/8 b - - 12 60,0.0,b
8/5p2/2p5/3r4/1K2kp2/8/8/8 w - - 0 63,0.0,w
8/5p2/2p5/3r4/2K1k3/8/5p2/8 b - - 1 65,0.0,b
8/5p2/8/2pr4/4k3/8/1K6/5q2 b - - 1 67,0.0,b
8/5p2/8/2pr4/4k3/3q4/1K6/8 b - - 5 69,0.0,b
8/5p2/8/2p5/4k3/3r4/K7/3q4 b - - 9 71,0.0,b
8/5p2/8/2p5/4k3/K7/5r2/3q4 b - - 13 75,0.0,b
8/5p2/8/2p5/4kr2/2K5/8/3q4 b - - 17 78,0.0,b
8/5p2/8/2p5/4k3/2K5/5r2/1q6 b - - 21 80,0.0,b
3rr1k1/pb2pp1p/1pnn1bpP/8/P2P3q/2P3N1/3BBPP1/1R2QRK1 w - - 7 22,1.0,w
3rr1k1/pb2pp1p/2nn1b1P/Pp3p2/3P3q/2P5/3BBPP1/1R2QRK1 w - - 0 24,1.0,w
3rr1k1/pb2pp1p/2nn1b1P/Pp3p2/3P4/2P1BB2/5PP1/1q2QRK1 w - - 0 26,1.0,w
3rr1k1/pn2pp1p/3n1b1P/1p3p2/3P4/2P1B3/5PP1/1Q3RK1 w - - 0 28,1.0,w
3rr1k1/pn2pp1p/7P/1p3p2/3PnB1b/2P5/5PP1/1Q2R1K1 w - - 4 30,1.0,w
4r1k1/pn1rpp1p/7P/1p6/3PQB1b/2P5/5PP1/6K1 w - - 1 32,1.0,w
4r1k1/pn1rpp1p/5b1P/8/1P1PQB2/5P2/6P1/6K1 w - - 1 34,1.0,w
3r2k1/pn2pp1p/5b1P/3r4/1P2Q3/4BP2/6P1/6K1 w - - 0 36,1.0,w
3r2k1/B3pp1p/3n1b1P/8/1P2Q3/5P2/6PK/3r4 w - - 3 38,1.0,w
3r3k/4pp1p/3n3P/2B1b3/1P4Q1/5P2/6PK/3r4 w - - 7 40,1.0,w
6rk/4pp1p/3n3P/2B5/1P3b2/8/6PK/3Q4 w - - 0 42,1.0,w
6rk/4pp1p/7P/2B2n2/1P6/4b3/6P1/1Q4K1 w - - 4 44,1.0,w
6rk/4pp1p/7P/8/1P6/8/5Kn1/1Q6 w - - 0 46,1.0,w
6rk/7p/5p1P/4p3/1P1Q4/8/5Kn1/8 w - e6 0 48,1.0,w
7k/2Q3rp/5p1P/8/1P2p3/8/5Kn1/8 w - - 2 50,1.0,w
r1bqkb1r/ppnn1ppp/2p1p3/8/2P5/2N5/PP1P1PPP/R1BQRBK1 b kq - 2 8,0.0,b
r1bqk2r/ppnn1ppp/2pbp3/8/2PP2Q1/2N5/PP3PPP/R1B1RBK1 b kq - 2 10,0.0,b
r1bq1k1r/ppnn1ppp/2p1p3/8/1bPP2Q1/2N1B3/PP2BPPP/R3R1K1 b - - 6 12,0.0,b
r1b2k1r/ppnn1ppp/2p1p3/5q2/1bPPN1Q1/4B3/PP2BPPP/RR4K1 b - - 10 14,0.0,b
r1b2k1r/ppnn2pp/2p1p3/5p2/1bPPN1B1/P3B3/1P3PPP/RR4K1 b - - 0 16,0.0,b
r1b2k1r/ppnn2pp/2pN4/b4p2/2PP4/P3B3/1P3PPP/RR4K1 b - - 1 18,0.0,b
r1b4r/ppnn2pp/2pN1k2/b7/2PP4/P3B3/1P3PPP/RR4K1 b - - 2 20,0.0,b
2r4r/ppnnk1pp/2p5/b5B1/2PP4/P7/1P3PPP/RR4K1 b - - 1 22,0.0,b
2r1r3/ppnn1kpp/2p5/b7/2PP4/P5B1/1P3PPP/RR4K1 b - - 5 24,0.0,b
2r1r3/ppnn2pp/5k2/b2P4/8/P5B1/1P3PPP/RR4K1 b - - 0 26,0.0,b
2r1r3/pp4pp/1n3k2/b2n4/8/P2R2B1/1P3PPP/R5K1 b - - 3 28,0.0,b
2r1r3/pp4pp/1n3nk1/b7/7B/P2R4/1P3PPP/3R2K1 b - - 7 30,0.0,b
2r1r3/pp4pp/6k1/B7/2n1n3/P2R4/1P3PPP/3R2K1 b - - 0 32,0.0,b
2r1r3/pp4pp/5Rk1/B7/8/P7/1n3PPP/3R2K1 b - - 0 34,0.0,b
2r1r3/pp4pp/3R4/B3k3/8/P4P2/1n4PP/6K1 b - - 0 36,0.0,b
2r1r3/pp4pp/8/3k4/1B6/P4P2/1n4PP/7K b - - 3 38,0.0,b
2rr2k1/pp3p1p/n4p2/8/2P1N3/8/PPR2PPP/5BK1 b - - 6 22,1.0,b
2rr2k1/pp3p1p/5p2/8/2P1N3/6R1/nP3PPP/5BK1 b - - 1 24,1.0,b
2rr1k2/pp3p1p/8/5pN1/2P5/R7/nP3PPP/5BK1 b - - 1 26,1.0,b
3r4/pp3pkN/2r5/5p2/2P5/8/RP3PPP/5BK1 b - - 0 28,1.0,b
8/Rp1r1p1k/2r5/5p2/2P5/5P2/1P4PP/5BK1 b - - 0 30,1.0,b
8/1prr1p1k/8/R7/2P2p2/5P2/1P4PP/5BK1 b - - 1 32,1.0,b
8/2r2p1k/1p1r4/3R4/2P2p2/5P2/1P4PP/5BK1 b - - 3 34,1.0,b
8/2r2pk1/1p2r3/3R4/2P2p2/3B1P2/1P3KPP/8 b - - 7 36,1.0,b
2r5/5p2/1p2rk2/3R4/2P2p2/3B1P2/1P4PP/6K1 w - - 11 39,1.0,w
2r5/5p2/1p1r2k1/5R2/2P2p2/3B1P2/1P3KPP/8 b - - 18 42,1.0,b
2r5/5p2/1p4k1/8/2P2R2/5P2/1P1r2PP/5K2 b - - 2 44,1.0,b
2r5/5p2/1p4k1/8/2P2R2/5P1P/4K1P1/1r6 b - - 2 46,1.0,b
3r4/5p2/1p4k1/8/2P2R2/2K2P1P/6P1/1r6 b - - 6 48,1.0,b
3r4/5p2/1p6/5k2/2PR4/2K2P1P/6P1/6r1 b - - 10 50,1.0,b
8/5p2/1p6/3K1k2/2P5/5P1P/6r1/8 b - - 1 52,1.0,b
8/5p2/1p4r1/3K3P/2P2k2/5P2/8/8 w - - 0 55,1.0,w
8/5P2/1p6/3K4/2P5/5k2/8/8 w - - 0 57,1.0,w
8/8/1p6/3K2k1/2P5/8/5Q2/8 w - - 3 59,1.0,w
8/8/7k/3K4/2P5/8/8/6Q1 w - - 3 61,1.0,w
8/8/8/5K2/2P4k/8/8/6Q1 w - - 7 63,1.0,w
8/8/2P5/5K2/7k/8/8/6Q1 w - - 1 65,1.0,w
r4rk1/1p2p1bp/1qnnb1p1/p1p2pN1/2Pp1PP1/Q2P3P/PP1BPRB1/6RK b - - 1 17,1.0,b
r4rk1/1p2p2p/1qnn2pb/p1pB1pN1/2Pp1PP1/Q6P/PP1BPR2/6RK b - - 2 19,1.0,b
r4r1k/1p2p2p/1qn3pb/p1pB1p2/2PpnPP1/Q4N1P/PP1BPRK1/6R1 b - - 6 21,1.0,b
3r1r1k/1p2p2p/1qn3pb/p1pB1P2/2Pp1P2/Q4N1P/PP1BPK2/6R1 b - - 0 23,1.0,b
3r1r1k/1p2p2p/1qn3pb/p1p5/Q1PpBP2/5N1P/PP1BPK2/6R1 b - - 3 25,1.0,b
3B1r1k/np2p2p/4q1pb/2p5/Q1PpBP2/5N1P/PP2PK2/6R1 b - - 0 27,1.0,b
3r3k/1p2p2p/6pb/2p5/2PpqP2/Q4N1P/PP2PK2/6R1 b - - 1 29,1.0,b
3r3k/1p2p1bp/6p1/2p5/2P1qP2/2QP1N1P/PP3K2/6R1 b - - 0 31,1.0,b
3r3k/1p2p1Qp/6p1/2p5/2P3q1/3P1N1P/PP3K2/8 b - - 0 33,1.0,b
8/1p2p1kp/6p1/2p5/2P3P1/3r1N2/PP2K3/8 b - - 1 35,1.0,b
8/1p2p1kp/3r2p1/2p3P1/2P5/4KN2/PP6/8 b - - 2 37,1.0,b
8/1p2p1kp/6p1/2p3P1/r1P5/P3KN2/8/8 w - - 0 40,1.0,w
8/4p1kp/1p4p1/2p3P1/2P5/r2NK3/8/8 w - - 0 42,1.0,w
8/4pN1p/1p4p1/2p3P1/2P5/r7/3K4/8 b - - 0 44,1.0,b
8/7p/rp2p1N1/2p3P1/2P5/8/3K4/8 b - - 0 46,1.0,b
8/8/rp4p1/2p1p1P1/2P5/8/8/1K6 b - - 1 48,1.0,b
8/8/P5p1/2p3P1/4p3/8/8/1K6 b - - 0 50,1.0,b
Q7/8/6p1/2p3P1/8/8/4p3/1K6 b - - 0 52,1.0,b
8/8/6p1/3Q2P1/2p5/8/K7/4q3 b - - 1 54,1.0,b
5k2/p4p2/1p1n1p1p/1P1P3P/3K1PP1/P2B4/8/8 b - - 0 37,1.0,b
8/p3kp2/1p1n4/1P1P1ppP/3K1P2/P2B4/8/8 w - - 0 40,1.0,w
4k3/p7/1p1n1pP1/1P1P1p1P/3K4/P2B4/8/8 w - - 1 42,1.0,w
3k4/p5P1/1p3p2/1n1P1p1P/8/P2BK3/8/8 w - - 0 44,1.0,w
6Q1/p1k5/1p3p2/1B1P3P/5p2/P3K3/8/8 w - - 0 46,1.0,w
8/p7/1p2Qp2/1BkP3P/5K2/P7/8/8 w - - 3 48,1.0,w
4rrk1/2p2qbn/1p1p2pp/pPnPpp2/P3P3/R2PBPPB/7P/3QR2K b - - 10 28,0.0,b
4rrk1/2p2qb1/1p1p2pp/pPnPp1n1/P3P3/R3BPP1/6BP/3QR2K b - - 0 30,0.0,b
4rrk1/2p2qb1/1p1p1npp/pP1Pp1n1/P3P2P/R3BPP1/4R1B1/3Q3K b - h3 0 32,0.0,b
4rrk1/2p2qb1/1p1p2pp/pP1Pp3/P6P/R3BBP1/4R3/3Q3K b - - 0 34,0.0,b
4rrk1/2p3b1/1p1p2pp/pP1Pp3/P6P/R3B1P1/6RK/3q4 b - - 1 36,0.0,b
4rrk1/2p3b1/1p1p2pp/pP2p3/P1q4P/2R1B1P1/4R2K/8 b - - 3 38,0.0,b
4rrk1/2p3b1/1p1p2pp/pP2p3/P6P/2R1B1P1/7K/5q2 b - - 3 40,0.0,b
4rrk1/2R3b1/1p1p2pp/pP2p3/P6P/6P1/5q1K/8 w - - 0 43,0.0,w
5rk1/1pb1rpp1/p1p2n2/P1Pp4/1P1R1PB1/4P3/5KRP/8 w - - 3 33,1.0,w
4r2k/1pb1rpp1/p1p2n2/P1Pp4/1P3P2/3RPB2/5KRP/8 w - - 7 35,1.0,w
4r3/1pb1rppk/p1p5/P1Pp1P2/1P2n3/3RPB2/5K1P/6R1 w - - 3 37,1.0,w
4r1k1/1pb2pp1/p1p5/P1Pp1P2/1P2r3/3RP3/6KP/6R1 w - - 0 39,1.0,w
4r1k1/1p3pp1/p1p5/P1Pp1P2/1r6/3RPK2/7b/3R4 w - - 0 41,1.0,w
6k1/1p3p2/p1p2p2/P1Pp4/1r6/4rK2/3R3b/3R4 w - - 0 43,1.0,w
6k1/1p3p2/p1p2p2/P1Pp4/1r6/8/3bK3/3R4 w - - 0 45,1.0,w
6k1/1p3p2/p1p2p2/P1rp4/8/3K4/8/3R4 w - - 0 47,1.0,w
8/1p3p2/p1p2p2/r2p4/8/3K4/8/6R1 b - - 1 49,1.0,b
8/1p3p2/p1p2p2/1r6/3K4/8/8/R7 b - - 2 51,1.0,b
8/1p3p2/R4p2/1r6/2p5/2K5/8/8 b - - 0 53,1.0,b
8/5p2/p4p2/8/1K6/8/8/8 b - - 0 55,1.0,b
8/5p2/p7/8/5p2/8/K7/8 b - - 1 57,1.0,b
8/5p2/p7/8/8/8/5p2/1K6 b - - 1 59,1.0,b
8/5p2/p7/8/8/7q/3K4/8 b - - 3 61,1.0,b
8/5p2/8/p7/8/6q1/3K4/8 b - - 1 63,1.0,b
8/5p2/8/p7/8/7q/8/2K5 b - - 5 65,1.0,b
8/5p2/8/p7/8/8/3q4/K7 b - - 9 67,1.0,b
8/8/5p2/p7/8/2q5/8/1K6 b - - 1 69,1.0,b
8/8/5p2/8/8/p1q5/8/1K6 b - - 1 71,1.0,b
8/8/5p2/8/8/3q4/pK6/8 b - - 1 73,1.0,b
r3rnk1/pp2bppp/2p1b3/3pP2n/5P2/2P5/PPBN2PP/R1B2R1K b - - 0 16,0.0,b
r3r1k1/pp1nbppp/2p5/3pPR1n/8/2P5/PPBN2PP/R1B4K b - - 0 18,0.0,b
r3r1k1/pp2bp1p/2p3p1/3pn2n/8/2P5/PPBN2PP/R1B1R2K b - - 1 20,0.0,b
r5k1/pp3p1p/2p3p1/3pr2n/7b/2P2N2/PPB3PP/R1B4K b - - 1 22,0.0,b
r2br1k1/pp3p1p/2p3p1/3p3n/8/2P2N2/PPB3PP/R1B2K2 b - - 5 24,0.0,b
2rbr3/pp3pkp/2p3p1/3p3n/8/2PB1N2/PP4PP/1RB2K2 b - - 9 26,0.0,b
2r1r3/ppB2pkp/2p2np1/3p4/8/2PB1N2/PP4PP/1R3K2 b - - 0 28,0.0,b
8/ppr2pkp/2p2np1/3p4/8/2PB1N2/PP4PP/4K3 b - - 0 30,0.0,b
8/pp2rpkp/2p3p1/3p4/4B3/2P2N2/PP3KPP/8 b - - 0 32,0.0,b
8/pp3pkN/2p3p1/4r3/4p3/2P5/PP3KPP/8 b - - 0 34,0.0,b
8/pp3pk1/2p3p1/4r1N1/8/2P5/PP2p1PP/4K3 b - - 1 36,0.0,b
8/pp3pk1/2p3p1/8/6r1/2P5/PP2K2P/8 b - - 0 38,0.0,b
8/pp3pk1/2p3p1/8/8/2P4r/PP6/5K2 b - - 1 40,0.0,b
8/pp3pk1/2p3p1/8/P1P5/8/1r6/5K2 b - a3 0 42,0.0,b
8/pp3pk1/2p3p1/r7/2P5/8/8/6K1 b - - 1 44,0.0,b
8/pp3p2/2p2kp1/2P5/8/8/r7/5K2 b - - 0 46,0.0,b
8/pp3p2/2p3p1/2P1k3/8/8/2r5/7K b - - 4 48,0.0,b
8/pp3p2/2p3p1/2k5/8/8/2r5/5K2 b - - 1 50,0.0,b
8/pp3p2/2p5/3k2p1/8/8/2r5/3K4 b - - 1 52,0.0,b
8/pp3p2/2p5/3k2p1/8/8/r7/3K4 b - - 5 54,0.0,b
8/pp3p2/2p5/3k4/8/6p1/r7/5K2 b - - 1 56,0.0,b
8/pp3p2/8/2pk4/8/8/r5p1/3K4 b - - 1 58,0.0,b
r3rnk1/pp2bppp/2p1bn2/3p3Q/4PP2/2P5/PPBN2PP/R1B2R1K b - - 0 15,0.0,b
r3rnk1/pp1bbppp/2p5/3P1P1n/8/2P5/PPBN2PP/R1B2R1K b - - 0 17,0.0,b
r3rnk1/pp2bppp/2b2n2/5P2/8/1BP5/PP1N2PP/R1B2R1K b - - 1 19,0.0,b
3rrnk1/pp3ppp/2b2n2/2b2P2/7P/1BP5/PP1N2P1/R1BR3K b - h3 0 21,0.0,b
3r1nk1/pp2rppp/2b2n2/5P2/4N2P/1BP5/PP3bPK/R1BR4 b - - 4 23,0.0,b
3r1nk1/pp3ppp/2b5/5PB1/4r1nP/1BP4K/PP3bP1/R2R4 b - - 3 25,0.0,b
6k1/pp1n1ppp/2b5/5PB1/4r1nP/1BP4K/PP1R1bP1/8 b - - 2 27,0.0,b
6k1/pp1n1ppp/2bR4/5PB1/4r2P/1BP5/PP3nPK/4b3 b - - 6 29,0.0,b
4R1k1/pp3ppp/2b5/2n2PB1/7P/1BP5/PP3nPK/4b3 b - - 0 31,0.0,b
4b1k1/pp3ppp/8/2nB1PB1/6nP/2P4K/PP4P1/4b3 b - - 3 33,0.0,b
4b1k1/pp3ppp/8/2nB1PB1/7P/2P2K2/PP4P1/3nb3 b - - 7 35,0.0,b
4b1k1/pp2Bppp/8/2nB1P2/7P/2b5/Pn2K1P1/8 b - - 1 37,0.0,b
6k1/pB1nBppp/8/1b3P2/7P/2b2K2/Pn4P1/8 b - - 0 39,0.0,b
6k1/p3Bppp/2B5/4nP2/7P/2b5/Pn2K1P1/8 b - - 2 41,0.0,b
6k1/p4ppp/2n5/5P2/n6P/2b5/P3K1P1/6B1 b - - 3 43,0.0,b
6k1/n4ppp/5b2/5P2/n6P/3K4/P5P1/8 b - - 1 45,0.0,b
6k1/n4ppp/1n6/5P2/7b/1K6/P5P1/8 b - - 3 47,0.0,b
6k1/n4ppp/8/5P2/K6b/4n1P1/P7/8 b - - 0 49,0.0,b
6k1/n4p1p/5p2/8/1K6/4n1b1/P7/8 b - - 1 51,0.0,b
8/n4pkp/1K3p2/4b3/8/4n3/P7/8 b - - 5 53,0.0,b
2n5/5p1p/2K2pk1/4b3/8/4n3/P7/8 b - - 9 55,0.0,b
8/5p1p/2Kn2k1/4bp2/8/4n3/P7/8 b - - 1 57,0.0,b
8/5p1p/3n2k1/2K1b3/8/P3np2/8/8 b - - 1 59,0.0,b
8/5p1p/2Kn2k1/4b3/8/P3n3/8/5q2 b - - 1 61,0.0,b
2q5/4Kp1p/3n2k1/4b3/8/P3n3/8/8 w - - 5 64,0.0,w
rnbqk1nr/pp3ppp/2pb4/3pp3/2P5/1P2PN2/PB1P1PPP/R2QKB1R b KQkq - 1 5,1.0,b
rn1qk2r/pp3ppp/2pb1n2/3pp3/2P3b1/1P1BPN1P/PB1P1PP1/R2QK2R b KQkq - 0 7,1.0,b
r2qk2r/pp3ppp/n1pb1n2/3Pp3/8/1P1BPP1P/PB1P1P2/R2QK2R b KQkq - 0 9,1.0,b
r2qk2r/pp3ppp/2pb4/3np3/1n5P/1P2PP2/PB1P1P2/RB1QK2R b KQkq - 0 11,1.0,b
r2q3r/pp2kppp/2pb4/4p3/1n2B2P/1P2PP2/PB3P2/R2QK2R b KQ - 0 13,1.0,b
rb5r/pp2kppp/2p5/4p3/1n2B2P/BP2PP2/P4P2/3RK2R b K - 0 15,1.0,b
r6r/pp2kppp/2pB4/4p3/4B2P/1P2PP2/n4P2/3RK1R1 b - - 0 17,1.0,b
r6r/pp3pRp/2pBk3/4pB2/7P/1Pn1PP2/5P2/3RK3 b - - 2 19,1.0,b
r6r/pp3R1p/2p3k1/4B3/7P/1Pn1PP2/5P2/3RK3 b - - 0 21,1.0,b
r3r3/pp3k1p/2p5/8/1B5P/1P2PP2/5P2/3RK3 b - - 2 23,1.0,b
r3r3/pp5p/2pR4/5k2/1B2P2P/1P3P2/5P2/4K3 b - - 0 25,1.0,b
r3r3/pp5p/2p2R2/4k3/4P2P/1PB2P2/5P2/4K3 b - - 4 27,1.0,b
r1b1r1k1/pp1n1ppp/2pq1n2/3Pp3/8/1P2P2P/P2PNPP1/1BRQ1RK1 b - - 0 13,0.0,b
r1b1r1k1/pp3ppp/1n1q1n2/3pp3/8/1P2P1NP/P2P1PP1/1BRQR1K1 b - - 3 15,0.0,b
r3r1k1/pp3ppp/1n2bn2/3pp3/8/qP2PQNP/P1RP1PP1/1B2R1K1 b - - 7 17,0.0,b
2R1r1k1/pp3ppp/1n2b3/3pp2n/8/qP2PQ1P/P2P1PP1/1B2R1K1 b - - 0 19,0.0,b
2b1r1k1/pp3ppp/1n6/3p4/4p3/qP2P2P/P2P1PP1/1B1QR1K1 b - - 1 21,0.0,b
4r1k1/pp3ppp/1n1q4/3p1b2/4p3/1P2P2P/P2PRPP1/1B2Q1K1 b - - 5 23,0.0,b
4r1k1/pp3ppp/1n4q1/3p1b2/4p3/1P2P2P/P1BPRPP1/4Q2K b - - 9 25,0.0,b
6k1/pp2rppp/1n5q/3p1b2/1P2p3/4P2P/P1BPRPP1/4Q1K1 b - - 0 27,0.0,b
6k1/pp2rppp/1n6/3p4/1P2B3/4P2q/P2PRP2/4Q1K1 b - - 0 29,0.0,b
6k1/pp3ppp/1n6/3p4/1P2r3/3PPq2/P3R3/4Q1K1 b - - 0 31,0.0,b
6k1/pp3p1p/1n4p1/3p4/1P4r1/3PPq2/P1R4K/4Q3 b - - 1 33,0.0,b
6k1/pp3p1p/1n4p1/3p4/1P4r1/3qP3/PR6/4Q2K b - - 1 35,0.0,b
6k1/pp3p1p/1n4p1/3pq3/1P4r1/4P3/PR6/4Q2K b - - 5 37,0.0,b
6k1/pp3p1p/1n4p1/3p4/1P5r/4P2Q/Pq6/7K w - - 3 40,0.0,w
6k1/pp3p1p/1n4p1/3p4/1P5Q/4P3/q5K1/8 w - - 0 42,0.0,w
3rr1kb/pb2pp1p/1p4pP/n7/P2PN2q/2P5/3BBPP1/1RQ2RK1 b - - 0 23,0.0,b
3rr1k1/p3pp1p/1p3bpP/n1Nb4/P2P3q/2P1B3/4BPP1/1RQ2RK1 b - - 4 25,0.0,b
3rr1k1/p3pp1p/2b2bpP/n1P5/P6q/2P1B3/4BPP1/1RQ1R1K1 b - - 0 27,0.0,b
1r4k1/p3pp1p/2b2bpP/n1P5/P6q/2P1B3/5PP1/2QBR1K1 b - - 1 29,0.0,b
6k1/p2rpp1p/2b2bpP/n1P5/P4B1q/2P5/2B2PP1/2Q1R1K1 b - - 5 31,0.0,b
6k1/p2rpp1p/2b2bpP/n1P5/P4B2/2P1RqP1/2B2P2/2Q3K1 b - - 2 33,0.0,b
2rr2k1/pp3p1p/5p2/1Nn5/2P5/P7/1PR2PPP/5BK1 b - - 2 23,0.0,b
2rr2k1/1p3p1p/p7/2n2p2/2P5/P1N3P1/1PR2P1P/5BK1 b - - 0 25,0.0,b
2rr2k1/1p3p1p/p3n3/5P2/2P5/P1N5/1PR2P1P/5BK1 b - - 0 27,0.0,b
2rr4/1p3pkp/p7/5P2/2Pn4/P1N5/1P3PKP/2R2B2 b - - 4 29,0.0,b
2rr4/1p3p1p/p5k1/5n2/2P5/P1N2K2/1P3P1P/4RB2 b - - 3 31,0.0,b
2r5/1p3p1p/p5k1/5n2/2P5/P1N2K1B/1r3P1P/6R1 b - - 1 33,0.0,b
2r5/1p3p1p/p7/3N1n2/2Pk4/P4K1B/1r3P1P/6R1 w - - 5 36,0.0,w
8/1p3p1p/p7/3N1n2/2Pk4/P7/1r3PBP/6R1 b - - 0 38,0.0,b
8/1p3p1p/p7/3N1n2/P1Pk4/8/7r/6RB b - - 0 40,0.0,b
8/1p3p1R/p7/3N1n2/P1k5/8/8/8 b - - 0 42,0.0,b
8/1p6/8/p2k1R2/P7/8/8/8 b - - 0 44,0.0,b
8/8/1p6/1R6/P1k5/8/8/8 b - - 1 46,0.0,b
8/8/1R6/P7/8/8/2k5/8 b - - 0 48,0.0,b
8/P7/1R6/8/8/8/8/3k4 b - - 0 50,0.0,b
Q7/8/8/8/8/8/1R6/3k4 b - - 0 52,0.0,b
rnbqkb1r/pp1p1ppp/2p2n2/8/2P1p3/4P3/PPQPBPPP/RNB1K2R w KQkq - 0 5,0.0,w
rnb1kb1r/pp1p1ppp/2p2n2/4q3/2P1p3/2N1P3/PPQPBPPP/R1B2RK1 w kq - 4 7,0.0,w
r1b1k2r/pp1p1ppp/n1pb1n2/4q3/2P1P3/2N1P3/PPQPB1PP/R1B2RK1 w kq - 1 9,0.0,w
r1b1k2r/pp1p1ppp/n1p2n2/8/2PPP3/2N1P1b1/PPQ1BKPq/R1B2R2 w kq - 2 11,0.0,w
r3k2r/pp3ppp/n1pp1n2/3N4/2PPP1b1/4PKb1/PPQ1B1Pq/R1B2R2 w kq - 2 13,0.0,w
r4rk1/ppQb1ppp/5q2/8/2P5/2N5/PP3PPP/3R1BK1 b - - 0 18,1.0,b
r3r1k1/pQ1R1ppp/7q/8/2P5/2N5/PP3PPP/5BK1 b - - 0 20,1.0,b
3rr1k1/p2R1ppp/5q2/3Q4/2P1N3/8/PP3PPP/5BK1 b - - 4 22,1.0,b
3Q2k1/p4ppp/8/8/2P1r3/8/PP3PPP/5BK1 b - - 0 24,1.0,b
r2qr1k1/pp1nbppp/2p1bn2/3pp3/4P3/2PP1P2/PPBNQ1PP/R1B2R1K b - - 4 11,1.0,b
r2qr1k1/pp1nbppp/2p1bn2/8/3pP3/3P1P2/PPBN1QPP/R1B2R1K b - - 1 13,1.0,b
r2qr1k1/pp2bppp/2p1b3/4n3/3pP1P1/3P4/PPBN1QPP/R1BR3K b - - 0 15,1.0,b
r2qr1k1/pp2bppp/2p1b3/8/3pP3/3PnN2/PPB1Q1PP/R1BR3K b - - 3 17,1.0,b
r2qr1k1/pp2bppp/2p5/8/3pP1b1/3P1N1P/PPQ3P1/R1BR3K b - - 0 19,1.0,b
r1q1r1k1/pp2bppp/2p5/8/3pP3/3P1P1P/PP4Q1/R1BR3K b - - 2 21,1.0,b
r3r2k/pp2bppp/2p1q3/8/3pP3/3P1P1P/PP1B2Q1/R2R2K1 b - - 6 23,1.0,b
r3r2k/pp2bpp1/2p3p1/8/3pP3/3P1P1P/PP1B4/2RR2K1 b - - 1 25,1.0,b
r3r1k1/pp3pp1/2p3p1/8/1BRpP2b/3P1P1P/PP6/3R2K1 b - - 5 27,1.0,b
3rr1k1/pp3pp1/2p2bp1/8/1BRpP3/3P1P1P/PP6/2R2K2 b - - 9 29,1.0,b
r3r1k1/pp3pp1/2p3p1/2B3b1/2RpP3/3P1P1P/PPR5/5K2 w - - 13 32,1.0,w
r2r2k1/pp3pp1/2p3p1/8/2RBPP1b/3P3P/PPR5/5K2 w - - 1 34,1.0,w
4r1k1/pp1r1pp1/2p3p1/8/2R1PP1b/3P3P/PPR1K3/6B1 w - - 5 36,1.0,w
4r1k1/r4pp1/2R3p1/1p6/4PP1b/3P3P/PPR1K3/8 w - - 0 38,1.0,w
4R3/5ppk/6p1/1p6/4PP1b/3P3P/rPR1K3/8 w - - 1 40,1.0,w
2R1R3/5ppk/8/1p4p1/4PP1b/3P3P/1r6/3K4 w - - 0 42,1.0,w
7R/6p1/2R2pk1/1p4p1/4PP1b/3P3P/1r6/3K4 w - - 0 44,1.0,w
7R/4k1p1/2R2p2/1p3Pp1/4P2b/3P3P/1r6/2K5 b - - 3 46,1.0,b
7R/6R1/3k1p2/1p3Pp1/4P2b/3P3P/7r/2K5 b - - 0 48,1.0,b
8/6R1/5p1R/1p2kPp1/4P2b/3P3r/2K5/8 b - - 3 50,1.0,b
8/6R1/5pR1/1p2kPp1/4P3/1K1P2b1/7r/8 b - - 7 52,1.0,b
8/8/5pR1/1p1R1Pp1/4Pk2/1K1P4/7r/4b3 w - - 11 55,1.0,w
8/8/6R1/1p1R1Pp1/4Pk2/1K1r4/8/4b3 w - - 0 57,1.0,w
8/8/6R1/1p3kp1/8/1K6/8/3Rb3 w - - 0 59,1.0,w
8/8/1R6/1p3kp1/8/1K6/5b2/6R1 w - - 4 61,1.0,w
8/8/1R6/1p2k3/6p1/1K6/5R2/8 w - - 0 63,1.0,w
8/8/8/1R6/5k2/1K4p1/6R1/8 w - - 0 65,1.0,w
8/8/8/2R5/5k2/1K4p1/8/6R1 w - - 4 67,1.0,w
8/8/8/1R6/4k3/1K6/6R1/8 w - - 1 69,1.0,w
8/8/8/4R3/6R1/1K6/3k4/8 w - - 5 71,1.0,w
5rk1/pp1b3p/3bn1p1/P1pp4/6P1/1NP1B3/1P4K1/R2B4 w - - 0 30,0.0,w
5rk1/pP1b3p/3bn1p1/2p5/6P1/1NP1p3/1P4K1/R2B4 w - - 0 32,0.0,w
5rk1/pP5p/3bb1p1/2p5/5nP1/1NP1pB2/1P6/R5K1 w - - 4 34,0.0,w
1b3rk1/pP5p/R3b1p1/2p5/6P1/2P1pB1n/1P6/2N3K1 w - - 8 36,0.0,w
1b3r2/pP3k1p/R3b1p1/2p5/5nP1/2P1pB2/1P6/2N3K1 w - - 12 38,0.0,w
1b3r2/pP5p/4k1p1/2p5/6P1/2P1p2n/1P6/2NB2K1 w - - 2 40,0.0,w
1b6/pP5p/4k3/2p3p1/6P1/2P1p2n/1P3r2/2NB3K w - - 0 42,0.0,w
r1b1k2r/pp3pbp/2nnp1p1/7P/6q1/2P3N1/P1BP1PP1/R1B1QRK1 w kq - 0 15,0.0,w
r1b1k2r/pp3p1p/2nnp1P1/8/3b3q/2P2PN1/P1BP2P1/R1B1QRK1 w kq - 1 17,0.0,w
r1b1k2r/pp3p1p/2nnp1P1/8/8/5PN1/P1BP1QP1/q1B2RK1 w kq - 0 19,0.0,w
r1b4r/pp1k1Pqp/2nnp3/8/8/5PN1/P1BP1QP1/2B1R1K1 w - - 1 21,0.0,w
r1b3r1/pp1k1q1p/2nnp3/8/B7/B4PN1/P2P1QP1/4R1K1 w - - 2 23,0.0,w
r2k2r1/pp1b1q1p/2nQp3/8/B7/B4PN1/P2P2P1/4R1K1 w - - 1 25,0.0,w
r2k2r1/p2b3p/2pQq3/8/8/B4PN1/P2P2P1/6K1 w - - 0 27,0.0,w
r2k2r1/p2b3p/2p5/2Q5/4N3/B4P2/3P2P1/1q4K1 w - - 2 29,0.0,w
r2k2r1/3b3p/1pp5/8/4N3/B4P2/3P1KP1/8 w - - 0 31,0.0,w
r2k2r1/7p/1ppNb3/8/1B6/5P2/3P1KP1/8 w - - 4 33,0.0,w
3k2r1/7p/1pp1b3/8/1r6/2N2P2/3P1KP1/8 w - - 0 35,0.0,w
3k4/7p/1pp1b3/6r1/1r6/5P2/3P1KP1/8 b - - 0 37,0.0,b
8/4k2p/1pp1b3/6r1/8/5P2/3P1KP1/1r6 b - - 4 39,0.0,b
8/4k2p/1pp5/3b2r1/5P2/1r4P1/3P1K2/8 b - - 0 41,0.0,b
8/4k2p/2p5/1p1b4/5P2/1r6/3P2r1/4K3 w - - 0 44,0.0,w
3br1k1/1p3pp1/p1p1rn2/P1Pp1P2/1P5P/3RPB2/5KR1/8 b - - 0 38,0.0,b
3br1k1/1p3pp1/p1p2n2/P1Pp1r2/1P5P/3RPB2/4K3/6R1 b - - 1 40,0.0,b
3br1k1/1p3pp1/p1p2n2/P1Pp1r2/1P1R3P/4PB2/5K2/6R1 b - - 5 42,0.0,b
4r1k1/1pb2p2/p1p2np1/P1Pp1r2/1P1R3P/4P3/4K1B1/6R1 b - - 3 44,0.0,b
4r1k1/1p3p2/p1p3p1/P1Pp1r2/1P1RBb1P/8/4K3/6R1 b - - 0 46,0.0,b
4r2k/1p1R1p2/p1p3p1/P1P2r2/1P2pbRP/8/4K3/8 b - - 3 48,0.0,b
1r5k/1pb2p2/p1p3p1/P1P2r2/1P2R1RP/8/4K3/8 b - - 0 50,0.0,b
7k/1pbr1p2/p1p3p1/P1P2r2/1P2R2P/8/4K1R1/8 b - - 4 52,0.0,b
8/1pbr1p2/p1p3pk/P1P2r2/1P2R2P/4K3/8/6R1 b - - 8 54,0.0,b
8/1pbr1p1k/p1p3p1/P1P1r3/1P4RP/8/5K2/6R1 b - - 12 56,0.0,b
4r3/1pb2p1k/p1p3p1/P1P4P/1P4R1/8/3r4/5KR1 b - - 2 58,0.0,b
1b2r3/1p3p1k/p1p3p1/P1P4P/1P1R4/8/8/5rR1 w - - 2 61,0.0,w
3n3k/7p/2b3r1/p1p3PR/2P5/3PB3/P4K2/8 b - - 0 41,0.0,b
7k/7p/2b1n1r1/2p3PR/p1P5/2BP4/P4K2/8 b - - 1 43,0.0,b
8/6kp/2b1n1r1/2p3PR/p1P5/3PB3/P4K2/8 b - - 5 45,0.0,b
4b3/6kp/4n1r1/2p3PR/2P5/B2P4/P4K2/8 b - - 0 47,0.0,b
4b3/5k1p/6r1/2p3n1/2P4R/3P4/PB3K2/8 b - - 3 49,0.0,b
8/4k2p/2b3r1/2p3n1/2P2R2/3P4/PB2K3/8 b - - 7 51,0.0,b
8/4k2p/2b1r3/2p5/2P2R2/3P1n2/PB6/2K5 b - - 11 53,0.0,b
8/4k2p/8/2p5/b1P2R2/2KP1n2/PB6/4r3 b - - 15 55,0.0,b
8/4k2p/8/2p5/b1P1P3/2K2n2/PB6/8 w - - 0 58,0.0,w
8/7p/2bk4/2p1P3/2P5/B1K2n2/P7/8 b - - 0 60,0.0,b
8/7p/2bk4/2p5/2K5/8/PB6/8 b - - 0 62,0.0,b
8/7p/3k4/1Kp1B3/8/8/b7/8 b - - 1 64,0.0,b
8/8/8/4k2p/1K6/8/b7/8 b - - 1 66,0.0,b
8/8/8/4k3/K7/7p/b7/8 b - - 1 68,0.0,b
6b1/8/8/4k3/1K6/8/7p/8 b - - 3 70,0.0,b
6b1/8/8/3qk3/8/8/2K5/8 b - - 3 72,0.0,b
8/8/8/4k3/2bq4/8/2K5/8 b - - 7 74,0.0,b
8/8/8/4k3/2bq4/8/2K5/8 b - - 11 76,0.0,b
8/8/8/4k3/2q5/8/1K6/5b2 b - - 15 78,0.0,b
8/8/8/4k3/8/2qb4/K7/8 b - - 19 80,0.0,b
8/8/8/4k3/2b5/8/3q4/K7 b - - 23 82,0.0,b
5k2/p1r2ppp/1p2bn2/1P2P3/3r3n/R4PNP/4B1P1/4R1K1 b - - 0 37,1.0,b
4nk2/2r2ppp/Pp2b3/4P3/3r3n/R4PNP/4B1P1/R5K1 b - - 0 39,1.0,b
Q3nk2/2r2ppp/1p2b3/4n3/3r4/R4PNP/4B1P1/R5K1 b - - 0 41,1.0,b
Q3n3/4kppp/1p2b3/4n3/3r4/2R2PNP/4B1P1/R5K1 b - - 0 43,1.0,b
Q3n3/4kppp/1p2b3/8/8/5RNP/4B1P1/3R2K1 b - - 0 45,1.0,b
4n3/4k1pp/1p6/3Q1N2/8/5R1P/4B1P1/3R2K1 b - - 0 47,1.0,b
4nk2/5Qpp/8/1p3N2/2B5/5R1P/6P1/3R2K1 b - - 1 49,1.0,b
1r1qr1k1/2pn1pb1/1p1pbn1p/pP2p1p1/P1P1P3/R2P2P1/1B3PBP/Q1R2NK1 w - - 0 19,0.5,w
1r1qr1k1/2pn1pb1/1p1pbn1p/pP2p1p1/P1P1P3/R2PN1P1/1BR2PBP/Q5K1 w - - 4 21,0.5,w
1rq1r2k/2pn1pb1/1p1pbn1p/pP2p1p1/P1P1P3/R2PNBP1/1BR2P1P/4Q1K1 w - - 8 23,0.5,w
1rq1r2k/2pn1pb1/1p1pbn1p/pP2p1p1/P1P1P3/R2PNBP1/1BR2P1P/4Q1K1 w - - 12 25,0.5,w
1rq1r2k/2pn1pb1/1p1pbn1p/pP2p1p1/P1P1P3/R2PNBP1/1BR2P1P/4Q1K1 w - - 16 27,0.5,w
5rk1/1pb1rpp1/p1p2n2/P1Pp4/1P1R1P2/4P3/5KRP/3B4 b - - 4 33,1.0,b
4r1k1/1p2rpp1/p1p2n2/P1Pp4/5P2/3RP3/5KRP/3B4 b - - 0 35,1.0,b
4r1k1/1p2rpp1/p1p5/P1np4/5P2/2R1P3/6RP/3B2K1 b - - 1 37,1.0,b
4r1k1/1p3pp1/p1p5/P1Rp4/5P2/8/5KRP/3Br3 b - - 2 39,1.0,b
4r1k1/1p3pp1/p1p5/P2p4/3r1P2/5K2/2R3RP/8 b - - 3 41,1.0,b
8/1p2rppk/p1p5/P2p4/3r1P2/5KR1/1R5P/8 b - - 7 43,1.0,b
8/1p2rppk/p1p5/P2p1P2/8/r5R1/1R3K1P/8 b - - 2 45,1.0,b
6k1/1p2rpp1/p1p2P2/r2p4/8/7R/1R3K1P/8 b - - 0 47,1.0,b
6k1/1p2rp2/p1p2p2/3p4/8/7R/r6P/1R3K2 b - - 3 49,1.0,b
8/1p2rpk1/p1p2p2/3p4/8/8/1R6/1R3K2 b - - 2 51,1.0,b
8/1R3p2/p1p1rpk1/3p4/8/8/5K2/1R6 b - - 2 53,1.0,b
8/5p2/R1p1r1k1/3p4/5p2/8/5K2/1R6 b - - 0 55,1.0,b
8/5p2/R1p1r3/3p2k1/8/5K2/8/2R5 b - - 0 57,1.0,b
8/5p2/2R1r3/3p2k1/8/6K1/8/2R5 w - - 0 60,1.0,w
8/8/2R1p3/3p1k2/8/6K1/8/8 w - - 2 62,1.0,w
8/3R4/4p3/3p4/3k4/6K1/8/8 w - - 6 64,1.0,w
8/8/4R3/8/3p4/3k2K1/8/8 w - - 0 66,1.0,w
4R3/8/8/8/3p4/3k2K1/8/8 w - - 4 68,1.0,w
4R3/8/8/8/4K3/2kp4/8/8 w - - 0 70,1.0,w
3R4/8/8/8/8/4K3/2kp4/8 w - - 2 72,1.0,w
8/8/8/8/1k1K4/8/3R4/8 w - - 3 74,1.0,w
8/8/8/8/3K4/8/k7/1R6 w - - 7 76,1.0,w
8/8/8/8/3K4/8/k7/1R6 w - - 11 78,1.0,w
8/8/8/8/3K4/2R5/k7/8 w - - 15 80,1.0,w
8/8/8/8/2K5/2R5/8/k7 w - - 19 82,1.0,w
8/8/8/8/8/1K3R2/8/2k5 w - - 23 84,1.0,w
4r1k1/1pb2pp1/p1p1rn2/P1Pp3P/1P3P2/3RPB2/5KR1/8 w - - 1 39,0.0,w
4r1k1/1pb2pp1/p1p4P/P1PprP2/1P2n3/3RPB2/5KR1/8 w - - 1 41,0.0,w
4rk2/1pb2pR1/p1p4P/P1Pp1P2/1P2r3/3RP3/5K2/8 w - - 1 43,0.0,w
4rk2/1pb2p2/p6P/PpPp1P2/7r/3RP3/5KR1/8 w - - 0 45,0.0,w
4rk2/1pb2p2/p1r5/Pp1R1P2/8/4P3/5KR1/8 w - - 0 47,0.0,w
5k2/1pb2p2/p1r5/Pp1R1P2/5r2/5K2/6R1/8 w - - 2 49,0.0,w
8/1pb1kp2/p7/Pp1R1P2/2r2r2/4K3/1R6/8 w - - 6 51,0.0,w
8/1pb2p2/p1r2k2/Pp1R1P2/5r2/3K4/4R3/8 w - - 10 53,0.0,w
8/1pb2p2/p1r2k2/1p1R1P2/5r2/3K4/8/R7 w - - 2 55,0.0,w
8/1pb2p2/p3rk2/1p3r2/8/8/4K3/R2R4 w - - 2 57,0.0,w
8/1p3p2/p3rk2/1p1r4/5b2/8/8/R1KR4 w - - 6 59,0.0,w
8/1p3p2/p4k2/1p1r4/5b2/K3r3/8/R2R4 w - - 10 61,0.0,w
8/1p3p2/p4k2/1p1rb3/8/8/K3r3/R2R4 w - - 14 63,0.0,w
8/1p3p2/p4k2/1p2b3/8/1K6/1r2r3/R7 w - - 2 65,0.0,w
rn3r1k/1p1bp1bp/1q1n2p1/p1pB1pN1/Q1Pp1PP1/3P3P/PP1BPR2/6RK w - - 6 20,1.0,w
rn2r2k/1p2p1bp/1qbn2p1/p1pB1pN1/2Pp1PP1/Q2P3P/PP1BPR2/4R2K w - - 10 22,1.0,w
r3r2k/1p1np1bp/2qn2p1/p1p2p2/2Pp1PP1/Q2P1N1P/PP1BPR2/4R2K w - - 2 24,1.0,w
r3r2k/1p1np1bp/2q3p1/B1p5/2np1PP1/Q2P1N2/PP2PR2/4R2K w - - 0 26,1.0,w
r3r2k/1p1np1bp/2q3p1/B1p3P1/2Pp1P2/Q4N2/PP2PR2/4R2K w - - 1 28,1.0,w
4r1k1/1p1np1bp/2q3p1/r1p3P1/2Pp1P2/3Q1N2/PP2P2R/4R2K w - - 0 30,1.0,w
4r1k1/1p2p1bp/2q3p1/Q1p3P1/2np1P2/5N2/PP2P2R/4R2K w - - 0 32,1.0,w
4r1k1/Qp2p1bp/q5p1/2p3P1/2n2P2/3P1N2/PP5R/4R2K w - - 1 34,1.0,w
5rk1/4p1bp/p5p1/2p3P1/2P2P2/5N2/PP5R/4R2K w - - 1 36,1.0,w
6k1/4R2p/p5p1/2p3P1/2P2r2/5N2/PR6/7K w - - 0 38,1.0,w
1R6/4Rrkp/p5p1/2p3P1/2P5/5N2/P5K1/8 w - - 4 40,1.0,w
1R6/7p/p3RPpk/2p5/2P5/5N2/P5K1/8 w - - 1 42,1.0,w
1R3Q2/7p/p3R1p1/2p5/2P3k1/5N2/P5K1/8 w - - 1 44,1.0,w
8/pp1k1p2/3n1p1p/3P4/1P6/P2BK3/5PPP/8 w - - 6 32,0.5,w
8/pp3p2/1k1n1p1p/1P1P4/8/P3K3/4BPPP/8 w - - 3 34,0.5,w
8/pp3p2/3n1p1p/1k1P4/6K1/P4B2/5PPP/8 b - - 1 36,0.5,b
8/pp3p2/3n1p1p/3P3K/8/k7/5PPP/3B4 b - - 1 38,0.5,b
8/pp3p1K/5p2/3P1n2/8/8/1k3PPP/3B4 b - - 2 40,0.5,b
8/pp3B1K/5p2/3P1n2/1k6/8/5PPP/8 b - - 0 42,0.5,b
8/pp3K2/5p2/3P4/1k6/8/5PPP/8 b - - 0 44,0.5,b
8/pp2K3/2kP1p2/8/8/8/5PPP/8 b - - 2 46,0.5,b
3Q4/pp2K3/5p2/4k3/8/8/5PPP/8 b - - 0 48,0.5,b
8/p3K3/5p2/1Q6/4k3/8/5PPP/8 b - - 0 50,0.5,b
8/p7/5K2/Q7/8/2k5/5PPP/8 b - - 2 52,0.5,b
8/8/5K2/2Q5/8/2k5/5PPP/8 b - - 2 54,0.5,b
8/8/8/4K3/8/4Q3/2k2PPP/8 b - - 6 56,0.5,b
8/8/8/8/4K3/3Q4/2k2PPP/8 b - - 10 58,0.5,b
8/8/8/8/3QK3/1k6/5PPP/8 b - - 14 60,0.5,b
8/8/8/8/4K3/3Q4/1k3PPP/8 b - - 18 62,0.5,b
8/8/8/8/3K4/2Q5/1k3PPP/8 b - - 22 64,0.5,b
8/8/8/8/8/2QK4/k4PPP/8 b - - 26 66,0.5,b
8/8/8/8/8/2QK4/k4PPP/8 b - - 30 68,0.5,b
2r5/pp3pkp/5p2/3P4/1P2n3/P2B4/2R2PPP/6K1 b - - 0 26,0.0,b
8/pp3pkp/8/1P1P1p2/4n3/P7/2B2PPP/6K1 b - - 0 28,0.0,b
8/pp3p1p/3n1k2/1P1P1p2/P7/5P2/2B3PP/6K1 w - - 1 31,0.0,w
8/1p3p1p/1p1n4/3Pkp2/P7/5P2/6PP/1B4K1 w - - 2 33,0.0,w
8/1p3p1p/1p1n4/3P1p2/P7/2k2P2/B5PP/5K2 w - - 6 35,0.0,w
8/1p3p1p/1p1n4/3k1p2/P7/5P2/5KPP/1B6 w - - 0 37,0.0,w
8/1p3p1p/1p1n4/5p2/P7/4kPK1/B5PP/8 w - - 4 39,0.0,w
8/1p3p1p/3n4/1p6/P4p2/1B2kP1K/6PP/8 w - - 0 41,0.0,w
8/1p3p1p/3n4/1P6/5pK1/1B2kP2/6PP/8 w - - 3 43,0.0,w
8/1p3p2/3n4/1P5K/B4p2/5P2/5kPP/8 w - - 1 45,0.0,w
8/1p3p2/3n4/1P6/5p2/1B2kP1K/6PP/8 b - - 5 47,0.0,b
8/8/1p1n4/1P3p2/5p2/1B2kP1K/6PP/8 b - - 1 49,0.0,b
8/8/1p6/3B1p2/3n1p1K/4kP2/6PP/8 b - - 3 51,0.0,b
8/1B6/8/1p3p2/3n1p2/5P1K/5kPP/8 b - - 1 53,0.0,b
8/8/8/5p2/2Bn1p2/1p3P1K/5kPP/8 b - - 1 55,0.0,b
8/8/8/5p2/5p1K/1n2kP2/6PP/8 b - - 1 57,0.0,b
8/8/8/5p2/3n1p1K/5P2/5kPP/8 b - - 5 59,0.0,b
8/8/6K1/5p2/3n1p2/5k2/7P/8 b - - 1 61,0.0,b
8/8/6K1/5p2/3n4/4kp2/7P/8 b - - 1 63,0.0,b
8/8/5K2/5p2/3nk3/8/5p1P/8 b - - 3 65,0.0,b
8/8/5K2/5p2/3nk3/8/6qP/8 b - - 3 67,0.0,b
8/4K3/8/8/3nkp2/7q/8/8 b - - 1 69,0.0,b
8/8/8/2K5/3n1k2/5p1q/8/8 w - - 3 72,0.0,w
8/8/8/8/2K2k2/7q/8/5r2 w - - 0 74,0.0,w
2q5/8/8/8/3K1k2/8/8/3r4 w - - 4 76,0.0,w
r1bqk2r/pp2ppbp/2nn2p1/8/7P/P1P5/2BPNPP1/R1BQ1RK1 b kq - 0 12,1.0,b
r2qk2r/pp2pp1p/2nn1bp1/8/6bP/P1P2P2/2BPN1P1/R1BQR1K1 b kq - 0 14,1.0,b
r3k2r/pp2pp1p/q1nn1bp1/8/6PP/P1P5/2BPN1P1/R1BQRK2 b kq - 0 16,1.0,b
2kr3r/pp2pp1p/q1n2Pp1/8/2n4P/P1P5/2BPN1P1/R1BQRK2 b - - 0 18,1.0,b
2krr3/pp3p1p/q1n2pp1/8/2nP3P/P1P5/2B1NKP1/R1BQR3 b - d3 0 20,1.0,b
2krr3/pp3p1p/2n2pp1/7q/2nP1B1P/P1PB4/4NKP1/R2QR3 b - - 4 22,1.0,b
2krr3/pp3p1p/2n3p1/4p2q/Q4B1P/P1PB4/4NKP1/R3R3 b - - 1 24,1.0,b
2k1Q3/pp3p1p/2n3p1/7q/5p1P/P1Pr4/4NKP1/R3R3 b - - 0 26,1.0,b
2kr4/pp3Q1p/2n3p1/8/5p1q/P1P5/4N1P1/R3RK2 b - - 1 28,1.0,b
2kr4/pp5p/2n1Q1pq/8/5p2/P1P5/6P1/R3RKN1 b - - 5 30,1.0,b
3r4/ppk2Q1p/2n3pq/8/8/P1P2p1N/6P1/R3RK2 b - - 1 32,1.0,b
2kr4/pp5p/2n3pq/8/5Q2/P1P4N/6K1/R3R3 b - - 0 34,1.0,b
2k5/pp5p/2n3pq/8/5Q2/P1PrR1KN/8/R7 b - - 4 36,1.0,b
2k5/pp5p/2n3p1/8/5Q2/P1P1r2q/5K2/R7 b - - 1 38,1.0,b
2kn1Q2/pp2r2p/6p1/8/8/P1P4q/5K2/4R3 b - - 5 40,1.0,b
3nr3/pp1k3p/6p1/2Q5/8/P1P4q/5K2/3R4 b - - 9 42,1.0,b
3nr3/pp5p/6p1/4k3/8/P1P4Q/5K2/3R4 b - - 0 44,1.0,b
3n1r2/pp5p/8/4k1p1/8/P1P1Q3/6K1/3R4 b - - 1 46,1.0,b
3n1r2/pp5p/6k1/6p1/4Q3/P1P5/6K1/5R2 b - - 5 48,1.0,b
8/pp5p/2n3k1/1R4p1/4Q3/P1P5/6K1/8 b - - 2 50,1.0,b
3n4/R6p/5k2/6p1/4Q3/P1P5/6K1/8 b - - 0 52,1.0,b
3Q4/R7/6kp/6p1/8/P1P5/6K1/8 b - - 0 54,1.0,b
8/R7/7p/6p1/6k1/P1P5/6K1/3Q4 b - - 4 56,1.0,b
8/8/R4k1p/6p1/2P5/P7/6K1/3Q4 b - - 2 58,1.0,b
4k3/R7/3Q3p/6p1/2P5/P7/6K1/8 b - - 6 60,1.0,b
3k3Q/R7/8/8/2P3p1/P7/6K1/8 b - - 2 62,1.0,b
3q1r1k/2p2rbn/1p1p2pp/pPnPpP2/P7/3PBPPB/7P/3QRR1K b - - 0 33,0.0,b
3q1r1k/2p2rbn/1p5p/pPpPpp2/P4P2/3P2PB/7P/3QRR1K b - - 0 35,0.0,b
3q1r1k/2p2r1n/1p5p/pPpP1p2/P4R2/2bP2PB/4R2P/3Q3K b - - 2 37,0.0,b
5r1k/2p2r1n/1p1q3p/pPp2p2/P1R5/2bP2P1/4R1BP/3Q3K b - - 3 39,0.0,b
5r1k/2p2rb1/1p1q1n1p/pPp2p2/P7/3P2P1/3QR1BP/2R4K b - - 7 41,0.0,b
4n2k/2p2rb1/1p1q3p/pPp2p2/P7/3P2PB/3Q3P/2R4K b - - 1 43,0.0,b
4n2k/2p2r2/1p5p/pPpq1p2/P2b4/3P2PB/3Q3P/2R2K2 b - - 5 45,0.0,b
4n2k/2p1r3/1p5p/pPp2p2/P7/2bP1qPB/3Q3P/2R1K3 w - - 10 48,0.0,w
3br3/1p3ppk/p1p1rn2/P1Pp1P1P/1P6/3RPB2/5KR1/8 b - - 0 39,0.0,b
3br3/1p3p1k/p1p2n1p/P1PprP2/1P6/3RP3/4BKR1/8 b - - 1 41,0.0,b
4r3/1pb2p1k/p1p2n1p/2PprP2/1P1R4/4P3/4B1R1/4K3 b - - 3 43,0.0,b
4r3/1pb2p1k/p1p2n1p/2Pp1P2/1P6/r7/3RB1R1/3K4 b - - 3 45,0.0,b
8/1pb2p1k/p1p2n1p/2Pp1P2/1P6/8/2KRR3/r7 b - - 0 47,0.0,b
8/1pb2p1k/p1p2n1p/2Pp1P2/1P6/8/3KR3/8 b - - 0 49,0.0,b
8/1p3p1k/p1p2P1p/2Pp4/1P2nb2/8/2K1R3/8 b - - 0 51,0.0,b
8/1p3p1k/2p2P1p/1pPpb3/4n3/8/2K5/4R3 b - - 1 53,0.0,b
8/1p3p1k/2p2b1p/1pnp4/8/4K3/8/4R3 b - - 1 55,0.0,b
8/1p3p1k/2p4p/1pn5/3p3b/5K2/8/2R5 b - - 3 57,0.0,b
8/1p3p1k/2p4p/1pn1R1b1/3p4/5K2/8/8 b - - 7 59,0.0,b
1R6/1p3p1k/2p2b1p/1p6/3p4/3n1K2/8/8 b - - 11 61,0.0,b
8/5pk1/1Rp4p/1p2b3/3p4/3n1K2/8/8 b - - 2 63,0.0,b
8/5pk1/2R2b1p/1p2n3/3pK3/8/8/8 b - - 2 65,0.0,b
8/5pk1/5b1p/1p6/1n1p4/8/4K3/8 b - - 3 67,0.0,b
8/5pk1/5b2/1p5p/1n6/3p1K2/8/8 b - - 1 69,0.0,b
8/5pk1/5b2/1p6/1n5p/8/3K4/8 b - - 0 71,0.0,b
8/5pk1/5b2/1p6/1n6/8/5K1p/8 b - - 1 73,0.0,b
8/5pk1/5b2/1p6/1n3K2/8/6q1/8 b - - 3 75,0.0,b
7k/1p1b1nrp/1q2p3/p1p2nbR/2PpBP2/3P4/P3PK2/2B4Q w - - 0 33,1.0,w
6k1/1B1b2rp/1q1np3/p1p2nPR/2Pp4/3P4/P3PK2/2B4Q w - - 1 35,1.0,w
4b1k1/6rp/3np3/p1p2nP1/2Pp4/3P1B2/P3PK1R/1qB4Q w - - 5 37,1.0,w
4b1k1/6rp/4p3/p1p2nP1/2np2B1/P2P4/q3PK1R/2B4Q w - - 0 39,1.0,w
6k1/5r1p/2Q1p3/p1p2nP1/2Pp2B1/P7/q3PK1R/2B5 w - - 1 41,1.0,w
2r3k1/7p/2Q1p3/p1p2nP1/2Pp2B1/P7/q3PK1R/2B5 w - - 5 43,1.0,w
6k1/1Q5p/4p3/p1p2nP1/2Pp2B1/P7/q3PK1R/2B5 w - - 3 45,1.0,w
5k2/pp3p2/3n1p1p/3P4/BP6/P7/4KPPP/8 b - - 3 30,1.0,b
2B2k2/pp3p2/5p1p/3P4/1P6/n7/4KPPP/8 b - - 1 32,1.0,b
8/p3kp2/1p3p1p/3P1B2/1P6/n2K4/5PPP/8 b - - 3 34,1.0,b
8/p4p2/1p1k1p2/3P3p/1P2B3/n2K2P1/5P1P/8 b - - 0 36,1.0,b
8/p4p2/1p1k4/3P1p2/1P5P/n2K1B2/5P1P/8 b - - 1 38,1.0,b
8/p4p2/3k4/1p1P4/1P1K1p1P/n4B2/5P1P/8 w - - 1 41,1.0,w
8/p4p2/3k4/1p1P4/1P1K3P/n4p2/4BP1P/8 b - - 1 43,1.0,b
8/p1k2p2/8/1p1P4/1P1K2BP/8/5P1P/1n6 b - - 2 45,1.0,b
8/p1k2p2/8/1p1P3B/1P1K3P/7P/5P2/5n2 b - - 0 47,1.0,b
8/2k5/p7/1p1P3B/1P1K3P/7P/5P1n/8 b - - 1 49,1.0,b
8/8/p2k4/1p1P3B/1P1K1P1P/7P/7n/8 b - - 0 51,1.0,b
2k5/8/p4P2/1p1P3B/1P1K3P/7P/7n/8 b - - 0 53,1.0,b
3k4/8/p2P1P2/1p5B/1P2K2P/7P/7n/8 b - - 0 55,1.0,b
3k4/5P2/p2P4/1p1K3B/1P5P/6nP/8/8 b - - 2 57,1.0,b
8/1k2Q3/p2P4/1p1K3B/1P5P/6nP/8/8 b - - 2 59,1.0,b
4rrk1/pp2b1np/2p1b1p1/P2p4/5pP1/2P4P/1P1N4/R1BB1R1K w - - 0 25,0.0,w
4r1k1/p3b1np/Ppp1brp1/3p4/5pP1/1PP4P/3N4/R1BB1R1K w - - 0 27,0.0,w
4r1k1/p3b1np/P1p1brp1/3p4/1p1N1pP1/1PP4P/8/R1BB1R1K w - - 0 29,0.0,w
4r1k1/N3b1np/P3brp1/8/3p1pP1/1Pp4P/8/R1BB1R1K w - - 0 31,0.0,w
4r1k1/N3b1np/P5p1/3b4/3p1rP1/1Pp4P/8/R1BB2K1 w - - 0 33,0.0,w
4r1k1/N6p/P3n1p1/3bB1b1/3p2P1/1Pp4P/8/R2B2K1 w - - 3 35,0.0,w
4r1k1/N6p/P3n1p1/R3B3/3pb1P1/1Pp1b2P/8/3B1K2 w - - 7 37,0.0,w
5rk1/N6p/P3n1p1/R7/1P2b1P1/2Bpb2P/8/3B1K2 w - - 1 39,0.0,w
5rk1/N6p/P3n3/8/1P2b1p1/2Bpb2P/8/3BK3 w - - 0 41,0.0,w
2N2rk1/7p/n7/8/1P2b1B1/2Bpb2P/8/4K3 w - - 0 43,0.0,w
2N5/5k1p/n7/8/1P2b3/2Bpb2P/8/4K3 w - - 0 45,0.0,w
8/7p/n7/5k2/1P2N3/2Bpb2P/8/4K3 w - - 1 47,0.0,w
8/7p/8/8/1n3k2/2Bpb2P/8/4KN2 w - - 0 49,0.0,w
8/7p/8/5k2/1B1b4/7P/3p4/4KN2 w - - 0 52,0.0,w
8/7p/8/8/1B1bk3/7P/6N1/4q3 w - - 2 54,0.0,w
5q2/7p/8/8/3bk3/7P/6N1/8 w - - 2 56,0.0,w
r1bqk2r/1p2ppbp/p1n3p1/8/2n4P/2P5/P1BPNPP1/R1BQ1RK1 w kq - 0 12,1.0,w
r2qk2r/1p2ppbp/p1nnb1p1/8/7P/2PP4/P1B1NPP1/R1BQR1K1 w kq - 3 14,1.0,w
r2q3r/1p1kppbp/p1nn2p1/8/7P/1QPP4/P3NPP1/R1B1R1K1 w - - 1 16,1.0,w
r2q3r/1p3pbp/p1nkp1p1/8/7P/1QPP4/P3NPP1/R3R1K1 w - - 0 18,1.0,w
1r1q3r/3k1pbp/Q1n1p1p1/8/7P/2PP4/P3NPP1/R3R1K1 w - - 1 20,1.0,w
1r5r/3k1pbp/Q1n1p1p1/5q2/5N1P/2PP2P1/P4P2/R3R1K1 w - - 1 22,1.0,w
3r4/3k1pbp/Q1n1p1p1/1r3q2/3P1N1P/2P3P1/P4P2/3RR1K1 w - - 3 24,1.0,w
3r4/2k2pbp/2n3p1/1Q1p1q2/5N1P/2P3P1/P4P2/3RR1K1 w - - 1 26,1.0,w
8/2k2pbp/2n2qp1/1Q1R4/7P/2P3P1/P4P2/4R1K1 w - - 1 28,1.0,w
r2qrnk1/pp2bppp/2p1bn2/3p4/3pP3/2P2P2/PPBNQ1PP/R1B2R1K w - - 0 13,0.0,w
r2qrnk1/pp2bppp/2p2n2/3b4/8/2p2P2/PPBNQ1PP/R1BR3K w - - 0 15,0.0,w
r2qr1k1/pp1n1ppp/2p2n2/3b4/1b6/2N2P2/PPB1Q1PP/R1BR3K w - - 1 17,0.0,w
r2qr1k1/pp1n1ppp/2p2n2/3b4/1b6/4BP2/PPB1Q1PP/R2R3K w - - 2 19,0.0,w
r2qr1k1/pp1n1ppp/2p2n2/3b4/3bB3/4BP2/PP2Q1PP/R6K w - - 0 21,0.0,w
r2q2k1/pp1n1ppp/2p2n2/8/3Br3/8/PP2Q1PP/R6K w - - 0 23,0.0,w
r3q1k1/pp1n1ppp/2p2n2/8/3Q4/8/PP4PP/R6K w - - 1 25,0.0,w
r5k1/pp1n1ppp/4qn2/2p5/8/3Q4/PP4PP/5R1K w - - 2 27,0.0,w
r5k1/pQ1n1ppp/5n2/2pq4/8/8/1P4PP/5R1K w - - 1 29,0.0,w
r5k1/p2n1ppp/5n2/2p5/8/8/1P4PP/3R3K w - - 2 31,0.0,w
r5k1/p4ppp/5n2/4n3/2p5/8/1P1R2PP/6K1 w - - 0 33,0.0,w
r5k1/5ppp/p4n2/8/2p5/3n2P1/1PR4P/6K1 w - - 0 35,0.0,w
1r4k1/5ppp/p4n2/8/3R4/6P1/1n5P/6K1 w - - 2 37,0.0,w
1r4k1/5ppp/3R4/p7/4n3/6PP/1n6/6K1 w - - 1 39,0.0,w
6k1/5ppp/2R5/p7/4n3/3n2PP/1r4K1/8 w - - 5 41,0.0,w
6k1/5ppp/2n5/p7/4K3/6PP/1r6/8 w - - 0 43,0.0,w
6k1/5ppp/2n5/8/p3K3/6PP/2r5/8 w - - 0 45,0.0,w
6k1/5ppp/8/8/1n1K4/p5PP/2r5/8 w - - 0 47,0.0,w
6k1/5ppp/8/8/1n2K2P/6P1/2r5/q7 w - - 0 49,0.0,w
6k1/5p1p/5qp1/7P/1n2K1P1/8/2r5/8 w - - 1 51,0.0,w
6k1/5p1p/5q2/6pP/1n2K1P1/8/4r3/8 w - - 2 53,0.0,w
r1b1r1k1/pp3ppp/1np2n2/3pp3/2P5/qP2P2P/P2PNPP1/1BRQ1RK1 w - - 1 13,1.0,w
r3r1k1/pp3ppp/2p1bn2/3np3/8/qP2P1NP/P2P1PP1/1BRQ1RK1 w - - 2 15,1.0,w
3rr1k1/pp3ppp/1np1bn2/4p3/8/qP2PQNP/P2P1PP1/1BRR2K1 w - - 6 17,1.0,w
3rr1k1/pp3ppp/1np5/4p3/6nP/qP2P1N1/P2P1PP1/1BRR2K1 w - - 0 19,1.0,w
3rr1k1/pp2qppp/1np4n/4p3/7P/1P2P1N1/P2P1PP1/1BRR2K1 w - - 4 21,1.0,w
3rr1k1/p4ppp/1np4n/4p3/7q/1P2P1N1/P2P1PP1/2RR2K1 w - - 0 23,1.0,w
3rr1k1/p4ppp/1nR5/4p3/7q/1P2n1N1/P2P1PP1/3R1K2 w - - 0 25,1.0,w
3r2k1/p3rppp/1n6/4p3/8/1P2P1q1/P1RP2P1/3R1K2 w - - 2 27,1.0,w
3r2k1/p4ppp/1n6/4p3/8/1P2P1q1/P1Rr2P1/3R1K2 w - - 0 29,1.0,w
6k1/p4ppp/1n6/4p3/7q/1P2P3/P2R2P1/5K2 w - - 1 31,1.0,w
6k1/p4ppp/1n6/4p3/4q3/1P2P3/P2R2P1/4K3 w - - 5 33,1.0,w
3n3k/7p/2b3r1/2p3PR/p1Pp4/3PP3/P4K2/2B5 w - - 0 41,0.0,w
7k/7p/2b1n1r1/6PR/p1Pp4/3P4/PB3K2/8 w - - 0 43,0.0,w
8/1b4kp/4n1r1/6PR/p1Pp4/3P4/PB3K2/8 w - - 4 45,0.0,w
4b3/6kp/4n1r1/6PR/p1Pp4/3P4/PB3K2/8 w - - 8 47,0.0,w
4b3/6kp/4n3/6r1/2Pp3R/p2P4/P4K2/B7 w - - 0 49,0.0,w
4b3/6kp/8/5r2/2PR4/p2P4/P4K2/8 w - - 1 51,0.0,w
4b3/6kp/8/8/2P3r1/p2P2K1/P7/8 w - - 0 53,0.0,w
8/6kp/8/2P5/6K1/p2b4/P7/8 w - - 0 55,0.0,w
8/5k1p/2P3b1/8/8/p4K2/P7/8 w - - 3 57,0.0,w
8/2P2k1p/4b3/8/8/p3K3/P7/8 w - - 3 59,0.0,w
8/2P2k2/7p/8/8/p7/b5K1/8 w - - 0 61,0.0,w
2b5/5k2/7p/8/8/p5K1/8/8 b - - 0 63,0.0,b
2b5/5k2/7p/8/4K3/8/8/q7 b - - 1 65,0.0,b
8/5k2/7p/5b2/2K5/8/8/4q3 b - - 5 67,0.0,b
8/5k2/7p/5b2/3q4/K7/8/8 b - - 9 70,0.0,b
r1b1r1k1/pp1n1ppp/2pq1n2/3P4/3p4/1P2P2P/P3NPP1/1BRQ1RK1 b - - 0 14,0.0,b
r1b1r1k1/pp1n1ppp/2P2n2/8/8/1P2p2P/P3NPP1/1B1R1RK1 b - - 0 16,0.0,b
r1b1r1k1/p2n1ppp/2p2n2/8/8/1P5P/P3NPP1/1B1R1RK1 b - - 0 18,0.0,b
r1b2k2/p2n1ppp/2R2n2/8/8/1P5P/P3rPP1/1B3RK1 b - - 0 20,0.0,b
1r3k2/pb1n1ppp/5n2/8/8/1P5P/P3rPP1/1B1R1RK1 b - - 4 22,0.0,b
1r2r1k1/pb1n1ppp/5n2/8/8/1P5P/P4PP1/1BRR2K1 b - - 8 24,0.0,b
1r4k1/pb2rppp/5n2/4n3/7P/1P6/P4PP1/1BR1R1K1 b - - 0 26,0.0,b
1r2r1k1/p4ppp/5n2/3bnB2/7P/1P6/P4PP1/3RR1K1 b - - 4 28,0.0,b
4r1k1/p4ppp/4Bn2/4n3/7P/1r6/5PP1/3RR1K1 b - - 1 30,0.0,b
4n1k1/p4ppp/4r3/4n3/7P/1r6/3R1PP1/4R1K1 b - - 3 32,0.0,b
4n1k1/p4ppp/8/8/7P/1r3P2/3R1PK1/4r3 b - - 1 34,0.0,b
4r1k1/p4ppp/5n2/8/7P/1r3P2/5PK1/3R4 b - - 5 36,0.0,b
6k1/p3rppp/5n2/8/5P1P/1r6/5PK1/R7 b - - 0 38,0.0,b
6k1/p3rppp/8/5P2/5n1P/1r6/5P2/R5K1 b - - 2 40,0.0,b
6k1/p3rp1p/5p2/8/5n1P/7r/5P2/1R4K1 b - - 1 42,0.0,b
8/p3rpkp/5p2/8/7P/2Rn3r/5P2/6K1 b - - 5 44,0.0,b
5rk1/1pb2pp1/p1p2r2/P1Pp1B1n/1P1R1P2/4P3/5KRP/8 w - - 1 32,0.0,w
5rk1/1pb2p2/p1p2rp1/P1Pp1BR1/1P1R1P2/8/5K1P/8 w - - 0 34,0.0,w
5rk1/2b2p2/p1p2rp1/1pPp1BR1/3R1P2/8/5K1P/8 w - - 0 36,0.0,w
5rk1/3B1p2/p1p3p1/1pPp2R1/5r2/8/5K1P/8 w - - 0 38,0.0,w
3r2k1/3B1p2/p1p2rp1/1pPp2R1/8/8/3K3P/8 w - - 4 40,0.0,w
3r2k1/5p2/p5p1/1prp2R1/8/4K3/7P/8 w - - 0 42,0.0,w
3r2k1/5p2/p5p1/1p1p4/8/2K5/6RP/8 b - - 0 44,0.0,b
3r1k2/5p2/p5p1/1p6/1K1p4/8/R6P/8 b - - 1 46,0.0,b
2r5/5pk1/R5p1/1K6/3p4/8/7P/8 b - - 0 48,0.0,b
8/5pk1/6p1/1K6/8/R2p3P/2r5/8 b - - 1 50,0.0,b
8/5pk1/6p1/1K6/8/7P/3r4/8 w - - 0 53,0.0,w
8/5pk1/6p1/K7/8/7r/8/8 w - - 0 55,0.0,w
8/5p2/6p1/2K1k3/8/7r/8/8 w - - 4 57,0.0,w
8/5p2/8/1K2k3/6p1/7r/8/8 b - - 0 59,0.0,b
8/5p2/8/1K2k3/6p1/7r/8/8 b - - 4 61,0.0,b
8/5p2/8/3k4/1K4p1/8/7r/8 w - - 8 64,0.0,w
8/5p2/1K6/3k4/8/8/6pr/8 b - - 1 66,0.0,b
8/3K1p2/8/3k4/8/8/8/6qr b - - 3 68,0.0,b
8/5K2/8/8/2k5/7r/8/6q1 w - - 1 71,0.0,w
8/8/7r/4K3/2k5/8/8/7q w - - 5 73,0.0,w
8/8/8/8/2k5/6K1/7r/6q1 w - - 9 75,0.0,w
8/8/8/8/2k5/6K1/8/5q1r w - - 13 77,0.0,w
8/8/8/8/2k5/6K1/8/5q1r w - - 17 79,0.0,w
8/5q2/8/8/2k4K/8/8/6r1 w - - 21 81,0.0,w
r1bq1rk1/ppn1bppp/1np1p3/8/2PP4/2N2Q2/PP3PPP/R1B1RBK1 w - - 5 11,1.0,w
r1bqr1k1/ppn2ppp/1np1p3/8/1bPP4/2NBBQ2/PP3PPP/R3R1K1 w - - 9 13,1.0,w
r1bqr1k1/ppn2ppp/2p1p3/8/2nP4/2PBBQ2/P3RPPP/R5K1 w - - 0 15,1.0,w
r1bqr1k1/pp3ppp/1np1p3/8/2BP4/2P2Q2/P2BRPPP/R5K1 w - - 3 17,1.0,w
r1b1r1k1/pp3ppp/2p1pq2/3n4/3P4/2PB2Q1/P2BRPPP/R5K1 w - - 7 19,1.0,w
r1b1r1k1/pp3pp1/2p1p2p/3n2Q1/3P4/2PB4/P3RPPP/R5K1 w - - 0 21,1.0,w
r1b1r1k1/pp3pp1/4p2p/2p5/3P4/2nB2Q1/P4PPP/R3R1K1 w - - 0 23,1.0,w
r1br2k1/pp3pp1/B3p2p/2P5/8/6Q1/n4PPP/R3R1K1 w - - 0 25,1.0,w
r1r3k1/pb3pp1/4p2p/2P5/8/6Q1/R4PPP/4R1K1 w - - 1 27,1.0,w
r5k1/pR3pp1/4p3/2r4p/8/6Q1/5PPP/4R1K1 w - - 0 29,1.0,w
r5k1/1R3pp1/4p3/p1r5/7Q/8/5PPP/R5K1 w - a6 0 31,1.0,w
5rk1/1R3pp1/4p3/p4r2/8/5Q2/5PPP/R5K1 w - - 4 33,1.0,w
3r2k1/R4pp1/4pr2/p7/6Q1/8/5PPP/R5K1 w - - 8 35,1.0,w
3r2k1/5pp1/8/5p2/6Q1/8/5PPP/R5K1 w - - 0 37,1.0,w
6k1/3r1p2/6p1/8/8/8/5PPP/RQ4K1 w - - 2 39,1.0,w
3r2k1/5p2/6p1/8/1Q6/8/5PPP/R5K1 w - - 6 41,1.0,w
3r2k1/5p2/6p1/8/8/2Q5/5PPP/4R1K1 w - - 10 43,1.0,w
1r6/4Qp1k/6p1/8/8/8/5PPP/4R1K1 w - - 14 45,1.0,w
2r4k/8/6Q1/8/8/8/5PPP/4R1K1 w - - 1 47,1.0,w
2r5/7k/4Q3/8/8/8/5PPP/4R1K1 w - - 5 49,1.0,w
8/7k/4Q3/8/8/8/5PPP/4R1K1 w - - 3 51,1.0,w
6k1/4Q3/8/8/8/8/5PPP/4RK2 w - - 7 53,1.0,w
8/p4pk1/1p1n1p1p/6PP/PP1K1P2/3B4/8/8 w - - 0 40,0.0,w
4n3/p4p2/1p3p1k/7P/PP1K1P2/8/4B3/8 w - - 2 42,0.0,w
4n3/p4p2/1p3p1k/7P/PP1K1P2/8/4B3/8 w - - 6 44,0.0,w
4n3/p4p2/5p1k/P6P/4KP2/8/4B3/8 b - - 0 46,0.0,b
8/p4p1k/3n1p2/P2K3P/2B2P2/8/8/8 b - - 4 48,0.0,b
8/p4p1k/5p2/3K1P1P/2n5/8/8/8 w - - 1 51,0.0,w
8/p4p2/5p2/1K3P1k/8/8/8/8 w - - 0 53,0.0,w
8/K4p2/5p2/5k2/8/8/8/8 w - - 0 55,0.0,w
8/5p2/8/1K3p2/4k3/8/8/8 w - - 0 57,0.0,w
8/5p2/8/2K5/4k3/5p2/8/8 w - - 0 59,0.0,w
8/5p2/8/2K5/4k3/8/8/5q2 w - - 0 61,0.0,w
8/5p2/3K4/3q4/4k3/8/8/8 w - - 4 63,0.0,w
3K4/5p2/4q3/8/3k4/8/8/8 w - - 8 65,0.0,w
8/2K2p2/4q3/8/2k5/8/8/8 b - - 12 67,0.0,b
8/5p2/1K6/8/1k6/8/8/4q3 b - - 16 69,0.0,b
8/2K2p2/8/1q6/1k6/8/8/8 b - - 20 71,0.0,b
K7/5p2/8/8/1k6/8/8/3q4 b - - 24 73,0.0,b
8/2K2p2/8/8/1k6/8/8/1q6 b - - 28 75,0.0,b
8/3K1q2/5p2/8/1k6/8/8/8 w - - 2 78,0.0,w
8/5q2/8/4K3/1k3p2/8/8/8 w - - 0 80,0.0,w
8/5q2/8/2k5/5p2/8/4K3/8 w - - 4 83,0.0,w
8/5q2/8/8/3k4/5p2/4K3/8 b - - 0 85,0.0,b
8/p3kp2/3n1p1p/1p1P4/1P1K1PP1/P2B4/7P/8 w - - 0 35,1.0,w
8/p1k2p2/3n1p1p/1p1P4/1P3PP1/P2B4/2K4P/8 b - - 4 37,1.0,b
8/pk3p2/3n3p/1p1P1P2/1P3P2/P7/2K4P/5B2 b - - 0 39,1.0,b
8/1k3p2/p6p/1p1P1n2/1P3P2/P6B/3K3P/8 b - - 1 41,1.0,b
8/1k3p2/p6p/1p1P4/1P3P2/n2K3B/7P/8 w - - 0 44,1.0,w
8/2kP1p2/p6p/1p6/1Pn2P2/3K3B/7P/8 w - - 1 46,1.0,w
3k4/5p2/p2n3p/1p6/1P3P2/3K4/7P/5B2 w - - 2 48,1.0,w
8/3k1p2/p2n3p/1p6/1P1K1P2/3B4/7P/8 w - - 6 50,1.0,w
8/3k1p2/p2n3p/1pK5/1P3P2/8/4B2P/8 w - - 10 52,1.0,w
8/3k1p2/pK1n3p/1p5B/1P3P2/8/7P/8 b - - 14 54,1.0,b
8/5p2/1K1nk2p/1p5B/1P3P2/8/7P/8 b - - 2 56,1.0,b
8/2K2p2/3n3p/1p6/1Pk2P2/5B2/7P/8 b - - 6 58,1.0,b
8/4Kp2/3n3p/1p6/1Pk2P2/5B2/7P/8 b - - 10 60,1.0,b
8/8/6Kp/1p3n2/1k3P2/5B2/7P/8 b - - 1 62,1.0,b
8/8/6K1/1p5B/1k1n1P2/8/7P/8 b - - 0 64,1.0,b
8/8/5PK1/2k4B/1p1n4/8/7P/8 b - - 0 66,1.0,b
8/4kP2/8/6KB/1p1n4/8/7P/8 b - - 2 68,1.0,b
5k2/5P2/8/4K2B/3n4/1p6/7P/8 w - - 3 71,1.0,w
5k2/5P2/6B1/8/3K4/8/7P/1b6 w - - 0 73,1.0,w
8/4k3/8/4K3/8/8/7P/1B6 w - - 2 75,1.0,w
8/4k3/8/4K3/8/7B/7P/8 w - - 6 77,1.0,w
8/4k3/4B3/8/4K3/8/7P/8 w - - 10 79,1.0,w
8/6k1/4B3/8/4K3/8/7P/8 w - - 14 81,1.0,w
8/4k3/8/5K2/2B5/8/7P/8 w - - 18 83,1.0,w
8/8/8/2k2K1P/2B5/8/8/8 w - - 1 85,1.0,w
8/2k5/4B2P/5K2/8/8/8/8 w - - 1 87,1.0,w
7Q/8/4B3/1k3K2/8/8/8/8 w - - 1 89,1.0,w
2Q5/8/4B3/1k3K2/8/8/8/8 w - - 5 91,1.0,w
2Q5/8/4B3/1k3K2/8/8/8/8 w - - 9 93,1.0,w
8/8/8/1k3K2/8/2Q5/B7/8 w - - 13 95,1.0,w
8/1Q6/8/5K2/8/k7/B7/8 w - - 17 97,1.0,w
8/1Q6/8/k4K2/2B5/8/8/8 w - - 21 99,1.0,w
r3r1k1/pp2b1np/2p1b1p1/3p1p2/6P1/2P5/PP1N2KP/R1BB1R2 b - - 1 22,1.0,b
r3r1k1/pp2b1np/2p1b1p1/3p4/8/1NP3P1/PP4K1/R1BB1R2 b - - 0 24,1.0,b
1r2r1k1/pp2b2p/2p1b1p1/3p1n2/8/PNP3P1/1P4K1/R1BBR3 b - - 2 26,1.0,b
1r2r1k1/pp5p/2pbb1p1/3p4/5B1P/PNP5/1P4K1/R2BR3 b - - 0 28,1.0,b
1r2r1k1/pp5p/2p1b1p1/8/3N1b1P/P1P5/1P2R1K1/R2B4 b - - 0 30,1.0,b
1r4k1/pp5p/2p3p1/3b4/3N1b1P/P1P5/1P2B3/R5K1 b - - 0 32,1.0,b
1r4k1/pp5p/2p3p1/3b4/3N1b1P/P1P4K/1P2B3/R7 b - - 4 34,1.0,b
1r6/pp4kp/2p3p1/3Bb3/3N3P/P1P4K/1P6/R7 b - - 0 36,1.0,b
1r6/pp5p/5kp1/3pb1N1/7P/P1P4K/1P6/R7 b - - 3 38,1.0,b
7r/pp5p/5kp1/3p2N1/7P/P1P4K/8/5R2 b - - 2 40,1.0,b
7r/pp2k3/6pp/3p2N1/7P/P1P4K/8/4R3 b - - 1 42,1.0,b
7r/ppk5/6pp/3pN3/7P/P1P4K/8/4R3 w - - 5 45,1.0,w
8/ppk1r3/7p/3pN3/7P/P1P4K/8/4R3 w - - 3 47,1.0,w
8/ppk5/4r2p/3pN3/P6P/2P3K1/8/4R3 w - - 3 49,1.0,w
8/ppk5/3r3p/4N3/P2p3P/2P5/6K1/4R3 w - - 0 51,1.0,w
8/pp6/3k3p/4N3/P2r3P/8/6K1/2R5 w - - 2 53,1.0,w
8/pp6/4k2N/8/P6r/8/6K1/2R5 w - - 0 55,1.0,w
7r/pp6/8/3k1N2/P7/8/6K1/4R3 w - - 4 57,1.0,w
8/pp6/8/5N1r/P1k5/6K1/8/3R4 w - - 8 59,1.0,w
8/pp4N1/7r/8/P7/1k4K1/8/2R5 w - - 12 61,1.0,w
8/pR4N1/7r/P7/8/6K1/2k5/8 w - - 0 64,1.0,w
8/3R2N1/6r1/P7/8/6K1/2k5/8 w - - 3 66,1.0,w
8/3R4/8/P4N2/5K2/2k5/8/6r1 w - - 7 68,1.0,w
8/2R5/P7/5N2/1k3K2/8/8/5r2 w - - 1 70,1.0,w
8/P1R5/8/1k3N2/6K1/8/8/6r1 w - - 1 72,1.0,w
6r1/PR6/k7/5N2/8/5K2/8/8 w - - 5 74,1.0,w
1Q6/8/8/k4N2/8/5K2/8/8 w - - 1 76,1.0,w
1Q6/8/8/k7/8/5K2/2N5/8 w - - 5 78,1.0,w
1Q6/8/8/k7/8/5K2/2N5/8 w - - 9 80,1.0,w
1Q6/8/8/8/8/kN3K2/8/8 w - - 13 82,1.0,w
1Q6/8/8/8/8/k4K2/N7/8 w - - 17 84,1.0,w
1Q6/8/8/8/8/k4K2/N7/8 w - - 21 86,1.0,w
8/8/8/1Q6/1N6/5K2/1k6/8 w - - 25 88,1.0,w
rnbqkb1r/pp1p1ppp/2p2n2/4p3/2B1P3/3P4/PPPN1PPP/R1BQK2R b KQkq - 1 4,1.0,b
rnbqk2r/pp1p1p1p/2pb1np1/4p1B1/2B1P3/3P1N2/PPP2PPP/R2QK2R b KQkq - 3 6,1.0,b
rnbq3r/pp1pkp2/2pb1npp/4p3/2B1P3/3PBN2/PPP1KPPP/R2Q3R b - - 3 8,1.0,b
rnb4r/pp1p1k2/2pb1npp/q3p3/4P3/3PBN2/PPP1KPPP/RQ5R b - - 1 10,1.0,b
rnb4r/pp1p1k2/2p2npp/4b3/1q2PP2/3PB3/PPP1K1PP/RQ5R b - f3 0 12,1.0,b
rnb4r/pp1p1k2/2p2npp/4P3/1q6/3PB3/PPP1K1PP/RQ5R b - - 0 14,1.0,b
rnb4r/pp1p1k2/2p1qPpp/8/8/3PB3/PPP3PP/RQ2K2R b - - 0 16,1.0,b
rnb4r/pp1p1k2/2p2Ppp/8/5q2/3P4/PPP3PP/RQ2K2R b - - 3 18,1.0,b
rnb1r3/pp1p1k2/2p2Ppp/8/6q1/3P4/PPPK2PP/RQ5R b - - 7 20,1.0,b
rnb1r3/pp1p1k2/2p2Ppp/3q4/8/2KP4/PPP4P/RQ3R2 b - - 3 22,1.0,b
rnb1r3/pp1p1k2/2p2Ppp/q7/3P4/3K4/PPP4P/RQ3R2 b - - 2 24,1.0,b
rnb1r3/pp1p1k2/1qp2Ppp/8/2PP4/3K4/PP5P/R1Q2R2 b - - 2 26,1.0,b
rnb1r3/pp1p1k1Q/2p2Pp1/8/2PP4/3K4/Pq5P/R4R2 b - - 1 28,1.0,b
3br3/1p4pk/p1p1r2P/P1Pp1p2/1P2nP2/3RPB2/6KR/8 b - - 0 41,0.0,b
3br3/1p5k/p1p4p/P1Pp1p2/1P2nP2/3RP3/6K1/3B4 b - - 1 43,0.0,b
3b2r1/1p4k1/p1p4p/P1Pp1p2/1P2nP2/3RP3/2B5/5K2 b - - 5 45,0.0,b
6r1/1pb2k2/p1p4p/P1Pp1p2/1P2BP2/4P3/8/3R1K2 b - - 0 47,0.0,b
8/1pb2k2/p1p4p/P1Pp4/1P1RpP2/4P3/8/4K1r1 w - - 3 50,0.0,w
8/1pb2k2/p1p4p/P1Pp4/1P1RpP2/4P3/4K1r1/8 w - - 7 52,0.0,w
8/1pb2k2/p1p4p/P1Pp4/1P2pP2/4P1r1/3R4/5K2 w - - 11 54,0.0,w
8/1pb2k2/p1p4p/P1Pp4/1P2pPr1/4P3/4RK2/8 w - - 15 56,0.0,w
8/1pb2k2/p1p2P1p/P1Pp2r1/1P2p3/4P3/3R1K2/8 b - - 0 58,0.0,b
8/1pb2k2/p1p2r1p/P1Pp4/1P2p3/4P3/4K3/3R4 b - - 1 60,0.0,b
8/1p3k2/p1p4R/P1Ppbr2/1P2p3/4P3/4K3/8 b - - 0 62,0.0,b
8/1p3kbR/p1p5/P1P2r2/1P1Pp3/8/4K3/8 b - - 0 64,0.0,b
8/1p3kb1/2p2r2/PpP5/3Pp2R/8/4K3/8 b - - 1 66,0.0,b
8/1p2k1b1/2p1r3/PpP5/3Pp2R/8/4K3/8 b - - 5 68,0.0,b
8/4k1b1/p1p1r3/2P5/1p1Pp2R/4K3/8/8 b - - 1 70,0.0,b
8/4k1b1/p1p1r3/2P1R3/3P4/4K3/1p6/8 b - - 1 72,0.0,b
8/4k1b1/p1p1r3/2P2K2/3P4/8/1p6/8 b - - 3 74,0.0,b
8/4k1b1/p1p1r3/2PP4/6K1/1q6/8/8 b - - 0 76,0.0,b
8/4k1b1/p1p2r2/2Pq4/6K1/8/8/8 b - - 3 78,0.0,b
8/4k1b1/p1p5/2Pq4/7K/8/4r3/8 b - - 7 80,0.0,b
8/4k1b1/p1p1r3/2P1q3/8/8/6K1/8 b - - 11 83,0.0,b
8/5kb1/p1p1r3/2P5/4q3/8/5K2/8 b - - 15 85,0.0,b
4k3/6b1/p1p2r2/2P5/4q3/7K/8/8 w - - 19 88,0.0,w
4k3/6b1/p1p5/2P5/8/5q1K/5r2/8 w - - 23 90,0.0,w
4qrk1/2p1r1bn/1p1p2pp/pPnPp3/P3p3/3P1PPB/4R2P/2BQ1R1K w - - 0 31,0.0,w
4q1k1/2p1r1b1/1p1p1rpp/pPnPp1n1/P3P3/4BPPB/4R2P/3Q1R1K w - - 3 33,0.0,w
4q1k1/2p1r1b1/1p1p1rpp/pPnPp1n1/P3P1B1/4BPP1/4R1KP/3Q1R2 w - - 7 35,0.0,w
4q1k1/2p1rnb1/1p3rpp/pPpPp3/P3P1B1/5PP1/4R2P/3Q1RK1 w - - 0 37,0.0,w
4q1k1/2p1rnb1/1p4pp/pPpP4/P3PrB1/6P1/4R2P/3Q2K1 w - - 0 39,0.0,w
4q1k1/2p2n2/1p4pp/pPpP4/P2brPB1/8/4R1KP/3Q4 w - - 0 41,0.0,w
6k1/2p2n2/1p4pp/pPpP4/P2b1PB1/4q1K1/7P/3Q4 w - - 2 43,0.0,w
6k1/2p2n2/1p3bpp/pPpP4/P4P2/5B1K/5q1P/3Q4 w - - 6 45,0.0,w
r1b2rk1/pp2ppbp/1qn2np1/2p5/3p1P2/Q1PP1NP1/PP1BP1BP/R4RK1 b - - 3 10,0.0,b
r4rk1/pp1bppbp/1qn2np1/2p5/3P1P2/Q2P1NPP/PP1BP1B1/R4RK1 b - - 0 12,0.0,b
r3r1k1/pp1bppbp/2n2np1/1qP5/5P2/Q2P1NPP/PP1BP1B1/R2R2K1 b - - 2 14,0.0,b
r3r1k1/pp1bppB1/2n3pp/1qP4n/5P2/Q2P1NPP/PP2P1B1/R2R2K1 b - - 0 16,0.0,b
r2r2k1/pp1bppn1/2n3pp/1qP5/5PP1/Q2P1N1P/PP2PKB1/R2R4 b - - 0 18,0.0,b
r5k1/pp1rppn1/2n1b1pp/1qP5/5PP1/Q2P1N1P/PP1RPKB1/3R4 b - - 4 20,0.0,b
3r2k1/pp1rppn1/2n1b1pp/1qP5/5PP1/Q2P1N1P/PP1RPKB1/3R4 b - - 8 22,0.0,b
3rn1k1/ppr1pp2/2n1b1pp/1qP5/5PP1/Q2P1N1P/PPRRPKB1/8 b - - 12 24,0.0,b
3r2k1/ppr1pp2/2n1bn1p/1qP2P2/8/Q2P1N1P/PPRRPKB1/8 b - - 0 26,0.0,b
3r2k1/ppr1pp2/5n1p/1qPB1P2/3n4/Q2P3P/PPRRPK2/8 b - - 0 28,0.0,b
6k1/ppr1pp2/5n1p/1qP2r2/3n4/Q2PK2P/PP1RP3/2R5 b - - 1 30,0.0,b
6k1/ppr1pp2/4nn1p/1qP3R1/8/Q2PK2P/PP1RP3/8 b - - 0 32,0.0,b
6k1/Qpr1pp2/4n3/1qPn2p1/8/3P3P/PP1RPK2/8 b - - 2 34,0.0,b
8/Qpr1ppk1/2q1n3/2Pn2p1/8/3P3P/PP1RPK2/8 b - - 6 36,0.0,b
8/1pr1ppk1/2q5/2nn4/6P1/Q2P4/PP1RPK2/8 b - - 1 38,0.0,b
8/1pr1ppk1/8/2nn2q1/6P1/Q2P4/PPR1P1K1/8 b - - 5 40,0.0,b
8/1pr1ppk1/8/2n5/6q1/Q2Pn3/PPR1PK2/8 b - - 1 42,0.0,b
8/1pr1ppk1/8/2n5/5q2/Q2P4/PPn1P3/3K4 b - - 1 44,0.0,b
8/1pr1ppk1/8/8/8/QP1P4/1PnKP3/5q2 b - - 2 46,0.0,b
r4rk1/1p2ppbp/1qn1bnp1/p1p5/2Pp1PP1/Q2P1N1P/PP1BPRB1/R6K w - - 1 16,0.0,w
r3r1k1/1p2ppbp/1qn1b1p1/p1p3Pn/2Pp1P2/Q2P1N1P/PP1BPRB1/4R2K w - - 3 18,0.0,w
r3r1k1/1p2ppbp/1qn1b1p1/p1p2nP1/2Pp1P1P/Q2P1N2/PP1BPRBK/4R3 w - - 3 20,0.0,w
r3r1k1/1pq1ppbp/2n1b1p1/p1Q3P1/2Pp1P1n/3P1N1B/PP1BPR1K/4R3 w - - 0 22,0.0,w
r3r1k1/1pq1p1bp/2n1p1p1/p1Q3P1/2Pp1P2/3P1P2/PP1B1R1K/4R3 w - - 0 24,0.0,w
r1r3k1/2q1p1bp/1pn1p1p1/pQ4P1/2Pp1P2/3P1PK1/PP1B1R2/4R3 w - - 2 26,0.0,w
r1r5/4pkbp/1pq3p1/pQ4P1/2Pp1P2/3P1PK1/PP1B1R2/8 w - - 0 28,0.0,w
2r5/4pkbp/1pr3p1/p5P1/2Pp1P2/3P1PK1/PP1BR3/8 w - - 2 30,0.0,w
2r5/4pkbp/1p4p1/p4rP1/2PpRP2/3P1PK1/PP1B4/8 w - - 6 32,0.0,w
2r5/4pkbp/1p4p1/5rP1/2PpRP2/P2P1PK1/1P6/8 w - - 1 34,0.0,w
5b2/4pk1p/1p4p1/2r2rP1/2PpRP2/P2P1P2/1P6/5K2 w - - 5 36,0.0,w
8/4pkbp/1pr3p1/5rP1/2PpRP2/P2P1P2/1P6/5K2 w - - 9 38,0.0,w
8/4pkbp/1p4p1/5rP1/2PprP2/P2P1P2/1P3K2/8 w - - 0 40,0.0,w
8/4pk1p/1p4p1/4b1P1/2PpPr2/P2P2K1/1P6/8 w - - 2 42,0.0,w
8/4pk1p/1P3rp1/4b1P1/3pP3/P2P4/1P4K1/8 b - - 2 44,0.0,b
8/4pk1p/r5p1/4b1P1/PP1pP3/3P4/6K1/8 b - - 0 46,0.0,b
8/4pk1p/1P4p1/4b1P1/1r1pP3/3P4/6K1/8 b - - 0 48,0.0,b
8/4pk1p/6p1/4b1P1/3pP3/1r1P4/4K3/8 b - - 3 50,0.0,b
8/4pk1p/6p1/4b1P1/3pP3/3P4/6r1/2K5 b - - 7 52,0.0,b
8/4pk1p/6p1/6b1/3pP3/3P4/6r1/K7 b - - 1 54,0.0,b
8/4pk2/6pp/4P3/3p1b2/3P4/6r1/1K6 b - - 0 56,0.0,b
8/4p3/6pp/4k3/3p1b2/3P4/6r1/1K6 b - - 1 58,0.0,b
8/4p3/6pp/4k3/3p1b2/3r4/2K5/8 b - - 1 60,0.0,b
8/4p3/6pp/4k3/5b2/3p3r/8/K7 b - - 1 62,0.0,b
8/4p3/6pp/4k3/5b2/7r/1K6/3r4 b - - 1 64,0.0,b
1r2r1k1/2pq2b1/1p1p1npp/pPnPpp2/P3P3/2RP1PP1/1B4BP/Q3R1K1 b - - 2 24,1.0,b
1r4k1/2pqr1b1/1p1p1npp/pPnPp3/P3P3/2R2PP1/1B3KBP/Q3R3 b - - 2 26,1.0,b
1r2q1k1/2p2rb1/1p1p1npp/pPnPp3/P3P3/2R2PP1/1B2K1BP/Q1R5 b - - 6 28,1.0,b
1r2q1k1/2p1br2/1p1p1npp/pPnPp3/P1R1P3/5PP1/1BR1K1BP/Q7 b - - 10 30,1.0,b
1r2q1k1/2p1br2/1p1p1npp/pP1Pp3/P1RBP3/Q4PP1/2R1K1BP/8 b - - 0 32,1.0,b
1r2q1k1/2R1br2/1p1p2pp/pP1P4/P2p4/Q4PP1/2R1K1BP/8 b - - 0 34,1.0,b
1r2q1k1/2b2r2/1p1p2pp/pP1P4/P2p4/3Q1PP1/2R3BP/3K4 b - - 1 36,1.0,b
2r1q1k1/2b5/1p1p2pp/pP1P4/P2p2B1/3Q2P1/2R4P/3K4 b - - 2 38,1.0,b
3rq2k/2R5/1p1p2pp/pP1P4/P2Q2B1/6P1/7P/3K4 b - - 0 40,1.0,b
3r3k/2R5/1Q1p2pp/pP1q4/P5B1/6P1/4K2P/8 b - - 1 42,1.0,b
3r2k1/2R5/3p2pp/pP2q3/P2Q2B1/3K2P1/7P/8 b - - 5 44,1.0,b
4r1k1/3R4/6pp/pP2p3/P5B1/3K2P1/7P/8 w - - 0 47,1.0,w
4r1k1/3R4/6pp/pP2K3/P5B1/6P1/7P/8 w - - 1 49,1.0,w
4r1k1/5R2/4B1pp/pP2K3/P7/6P1/7P/8 w - - 5 51,1.0,w
5R2/8/4B1pp/pP2K3/P7/6P1/7P/8 b - - 0 53,1.0,b
5rk1/2p1rqbn/1p1p2pp/pPnPp3/P3Pp2/3P1PPB/R6P/2BQ1R1K w - - 0 30,0.0,w
5rk1/2p1rqb1/1p3npp/pPnPp3/P3P3/3P1P1B/R6P/2BQ1R1K w - - 0 32,0.0,w
5rk1/2p1rqb1/1p3n1p/pPnP2p1/P2pP3/4BP1B/R6P/3Q1R1K w - - 0 34,0.0,w
6k1/2p1r1b1/1p3r1p/pPnP2pq/P3P3/5P1B/R6P/3Q1R1K w - - 0 36,0.0,w
4q1k1/2p1r1b1/1p4rp/pPnP2p1/P3P3/5P2/R5BP/3QR2K w - - 4 38,0.0,w
4q1k1/2p1r3/1p1r3p/pPnPb1p1/P3P3/5P2/R1Q3BP/4R1K1 w - - 8 40,0.0,w
4q3/2p1r3/1p1r2kp/pPnPb1p1/P3P3/5P2/R1Q2KBP/3R4 w - - 12 42,0.0,w
4q3/2p1r3/1p1r2kp/pPnP2p1/P3Pb2/5P2/2R2KB1/2QR4 w - - 2 44,0.0,w
4q3/2p1r3/1p1r2kp/pP1P4/n3PbP1/Q7/2R2KB1/3R4 w - - 0 46,0.0,w
4q3/2p5/1p1r3p/pP1P2k1/Q3rbP1/8/2R2KB1/7R w - - 0 48,0.0,w
4q3/8/2Pr3p/pp1P2k1/Q3BbP1/8/2R2K2/7R w - - 0 50,0.0,w
8/8/2Pr3p/pQ1P3R/4qbk1/8/2R2K2/8 w - - 0 52,0.0,w
8/8/2Pr3p/p2P3R/2Q1q1k1/8/5R2/8 b - - 0 55,0.0,b
2R5/8/3r3p/p2P3k/2q5/8/5R2/8 b - - 0 57,0.0,b
r4r1k/1p1b1nbp/4p1p1/p1p5/1qPpBP1P/3PnN2/P3PR2/2BQ2RK w - - 4 26,1.0,w
r4r1k/1p1b1n1p/4pbp1/p1p5/q1PpBP1P/3PnN2/P2QPR1K/2B3R1 w - - 8 28,1.0,w
3r1r1k/1B1b1n1p/4pbp1/p1p5/q1Pp1P1P/5N2/P2QPR1K/2B3R1 w - - 1 30,1.0,w
3r1r1k/3b3p/3npbp1/p1p5/1qPp1P1P/3B1N2/P2QPR1K/2B3R1 w - - 5 32,1.0,w
3r1r1k/3b3p/4pbp1/p1p5/2np1P1P/2qB1NK1/P3PR2/2BQ2R1 w - - 0 34,1.0,w
3r1r1k/3b3p/4pbp1/p1p5/3p1P1P/3B1NK1/Pq2P2R/3Q2R1 w - - 0 36,1.0,w
3r2rk/3b3p/4pb2/p1p4p/3p1P2/3BPNK1/Pq5R/3Q2R1 w - - 1 38,1.0,w
3r3k/3b3p/4pb2/p1p3Pp/3p4/q2BP1K1/P6R/3Q2R1 w - - 1 40,1.0,w
7k/3b3p/4pP2/p1p4p/3p4/q2BPK2/P6R/3Q2r1 w - - 0 42,1.0,w
7k/7p/2b1pP2/p1p4p/5K2/q2Bp3/P6R/6Q1 w - - 0 44,1.0,w
r1b2rk1/pp1n1ppp/2p2n2/3pp3/2P5/qPN1P3/P1BP1PPP/2RQ1RK1 b - - 3 11,0.0,b
r1b2rk1/pp1n1ppp/2p2n2/8/2Pp4/qP6/P1BPNPPP/2RQ1RK1 b - - 1 13,0.0,b
r1br2k1/pp1n1ppp/2p2n2/8/2Pp4/1P1P2N1/q1B2PPP/2RQ1RK1 b - - 0 15,0.0,b
r1br2k1/pp1n1ppp/2p2n2/8/2Pp4/qP1P2N1/2B2PPP/R2Q1RK1 b - - 4 17,0.0,b
r1br3k/pp1n1ppp/2p2n2/8/2PpN3/1P1P4/1qB2PPP/R2QR1K1 b - - 8 19,0.0,b
r1b1r2k/pp1n1ppp/2p5/8/2PpP3/1P6/1qB1RPPP/R2Q2K1 b - - 0 21,0.0,b
r1b1r2k/pp3ppp/2p5/4n3/2PpP3/1Pq5/2B1RPPP/R2Q2K1 b - - 4 23,0.0,b
r3r2k/pp1b1ppp/2p5/4n3/2PQP3/1Pq2P2/2B1R1PP/R5K1 b - - 0 25,0.0,b
r3r2k/pp1b1ppp/2p5/4n3/2P1P3/1P3P2/2B3PP/q4RK1 b - - 1 27,0.0,b
r3r2k/pp1b1ppp/1qp5/4n3/2P1P3/1P3P2/2B3PP/1R5K b - - 5 29,0.0,b
r3r2k/pp1b1ppp/2p5/8/2P1P3/1P3P2/2B2q1P/5R1K b - - 2 31,0.0,b
3r2k1/pb3ppp/1p3n2/8/1PBrP2n/6NP/5PP1/2R1R1K1 w - - 0 32,1.0,w
3r2k1/pb3ppp/1p3n2/4P3/1PBr1n2/6NP/4RP2/2R3K1 w - - 2 34,1.0,w
6k1/pb3ppp/1p3n2/4P3/1PR2n2/6NP/R4P2/3r2K1 w - - 1 36,1.0,w
2R1n1k1/p4ppp/1p6/3bP3/1P3n2/6NP/R4P1K/3r4 w - - 5 38,1.0,w
rnbqkb1r/pp1p1ppp/2p2n2/4p3/2P5/2N1P3/PPQP1PPP/R1B1KB1R b KQkq - 1 4,1.0,b
r1b1kb1r/pp1p1ppp/n1p2n2/q3pQ2/2P5/2NBP3/PP1P1PPP/R1B1K2R b KQkq - 5 6,1.0,b
r1b1kb1r/pp1p1ppp/2p2n2/q3pQ2/2P5/2N1P3/PPBP1PPP/R1B1K2R b KQkq - 0 8,1.0,b
r1bk1b1r/pp3ppp/2p2n2/q2pQ3/2P5/P1N1P3/1PBP1PPP/R1B1K2R b KQ - 0 10,1.0,b
r2k3r/pp3ppp/2p1bn2/q1bP2Q1/8/P1N1P3/1PBP1PPP/R1B1K2R b KQ - 0 12,1.0,b
r2kr3/pp3ppp/2pbbn2/q2P2Q1/1P6/P1NBP3/3P1PPP/R1B1K2R b KQ b3 0 14,1.0,b
r2k4/ppq2ppp/2pbrn2/6Q1/1P2N3/P2BP3/3P1PPP/R1B1K2R b KQ - 1 16,1.0,b
r7/ppq1kpQp/2pb1n2/8/1P2B3/P3P3/3P1PPP/R1B1K2R b KQ - 0 18,1.0,b
r7/ppq1kp2/2pb1n2/5Q2/1P2B3/P3P3/3P1PPP/R1B1K2R b KQ - 2 20,1.0,b
r7/ppq1kp2/2p5/4b3/1P2Q3/P3P3/3P1PPP/1RB1K2R b K - 2 22,1.0,b
3r4/ppq2p2/2p2k2/4b3/1P5Q/P3P3/1B1P1PPP/1R2K2R b K - 6 24,1.0,b
3Q4/pp3p2/2p3k1/4q3/1P6/P3P3/3P1PPP/1R2K2R b K - 0 26,1.0,b
8/pp3p2/2p3k1/8/1P6/P2QP3/5PPP/1R2K2R b K - 0 28,1.0,b
8/pp1Q1p2/5k2/2P5/8/P3P3/5PPP/1R2K2R b K - 0 30,1.0,b
8/R2Q1p2/6k1/2P5/8/P3P3/5PPP/4K2R b K - 0 32,1.0,b
8/R4Q2/6k1/2P5/8/P3PP2/6PP/4K2R b K - 0 34,1.0,b
8/5Q2/R6k/2P5/7P/P3PP2/6P1/4K2R b K - 2 36,1.0,b
4k3/p4p2/1p1n1p1p/3P4/1P1K2P1/P2B4/5P1P/8 w - - 1 34,1.0,w
8/p1k2p2/1p1n1p1p/3P4/1P4P1/P2B4/3K1P1P/8 w - - 5 36,1.0,w
3k4/p4p2/3n1p1p/1p1P4/1P4P1/P2B4/3K1P1P/8 b - - 1 38,1.0,b
8/p3kp2/3n3p/1p1P1P2/1P6/P2B4/2K2P1P/8 b - - 0 40,1.0,b
8/p4p2/3n3p/1p1P1k2/1P6/P7/2K2PBP/8 w - - 1 43,1.0,w
8/p4p2/7p/1p1P1k2/1P6/n1K2B2/5P1P/8 w - - 0 45,1.0,w
8/p4p2/3P3p/1p6/1P2k3/2K5/4BP1P/1n6 w - - 1 47,1.0,w
8/5p2/3P3p/pp6/1P2k3/2K5/4BP1P/8 w - a6 0 49,1.0,w
8/3P1p2/4k2p/Pp6/8/2K5/4BP1P/8 w - - 1 51,1.0,w
3Q4/5p2/6kp/PB6/8/2K5/5P1P/8 w - - 1 53,1.0,w
3Q4/P4p2/4k2p/1B6/8/2K5/5P1P/8 w - - 1 55,1.0,w
Q2Q4/5p2/8/4k2p/8/2KB4/5P1P/8 w - - 2 57,1.0,w
3rr1k1/p3qppp/1p2bnn1/2p5/8/PP2P1NP/4QPP1/1BR1R1K1 w - - 1 24,1.0,w
3rr1k1/p1q2ppp/1p3nn1/2p5/2Q5/PP2P1NP/5PP1/1B2R1K1 w - - 1 26,1.0,w
3rr1k1/p2q1pp1/1p3np1/2p5/2Q5/PP2P2P/4NPP1/4R1K1 w - - 0 28,1.0,w
2qr2k1/p4pp1/1p3nN1/2p5/2Q1r3/PP2P2P/5PP1/4R1K1 w - - 1 30,1.0,w
2qr4/p3Nppk/1p6/2p5/4n3/PP2P2P/5PP1/4R1K1 w - - 2 32,1.0,w
2r5/p4pp1/1p4k1/2p5/4n3/PP2P2P/5PP1/3R2K1 w - - 2 34,1.0,w
r7/p1R2pp1/1p3nk1/2p5/8/PP2P2P/5PP1/6K1 w - - 6 36,1.0,w
r7/p4pp1/1pR3k1/2p5/4n3/PP2P1PP/5PK1/8 b - - 3 38,1.0,b
r7/p4pp1/1pR5/2p1k3/4n1P1/PP2P2P/5P2/7K b - - 2 40,1.0,b
r7/p4pp1/1pR5/2p1k3/4n1P1/PP2PK1P/8/8 b - - 3 42,1.0,b
r7/p1R2pp1/1p6/2pk2n1/6P1/PP2P2P/5K2/8 b - - 7 44,1.0,b
r7/p2R1pp1/1p6/2pk2n1/6P1/PP2P1K1/8/8 b - - 3 46,1.0,b
r7/p4pp1/1p2k3/2p3n1/6P1/PP1RP3/5K2/8 b - - 7 48,1.0,b
4r3/p4pp1/1p2k3/2p5/P3n1P1/1P1RP3/8/5K2 b - - 0 50,1.0,b
4r3/p4pp1/1p2k3/2n5/P1PR2P1/4P3/8/5K2 b - - 2 52,1.0,b
4r3/p4pp1/1p4k1/2n5/P1P2RP1/4P3/4K3/8 b - - 6 54,1.0,b
7r/p4pp1/1p4k1/8/n1PR2P1/4PK2/8/8 b - - 3 56,1.0,b
8/p4pp1/1p4k1/8/n1PR2P1/4P1K1/7r/8 b - - 7 58,1.0,b
7r/p2R1pp1/1p6/6k1/n1P3P1/4P1K1/8/8 b - - 11 60,1.0,b
8/R4ppr/1p6/2P3k1/6P1/4P1K1/1n6/8 b - - 0 62,1.0,b
8/2R3pr/6k1/2p5/6P1/4P1K1/1n6/8 b - - 2 64,1.0,b
8/6pr/R7/2p3k1/6P1/3nP1K1/8/8 b - - 6 66,1.0,b
8/6pr/8/2R3k1/2n3P1/4P1K1/8/8 b - - 0 68,1.0,b
8/6pr/6k1/4R3/4P1P1/6K1/8/8 b - - 0 70,1.0,b
8/6pk/4R3/6P1/4P3/6K1/8/7r b - - 0 72,1.0,b
8/6p1/3R2Pk/8/4P3/6K1/8/3r4 w - - 2 75,1.0,w
8/3R2p1/5k2/8/4P3/6K1/8/8 w - - 2 77,1.0,w
8/6R1/8/8/4k3/6K1/8/8 w - - 1 79,1.0,w
8/8/8/6R1/2k5/5K2/8/8 w - - 5 81,1.0,w
8/8/8/6R1/3K4/k7/8/8 w - - 9 83,1.0,w
8/8/8/2R5/8/k1K5/8/8 w - - 13 85,1.0,w
8/8/8/8/6R1/2K5/8/1k6 w - - 17 87,1.0,w
8/8/8/8/8/2K5/3R4/1k6 w - - 21 89,1.0,w
8/8/8/8/8/k1K5/8/2R5 w - - 25 91,1.0,w
8/8/8/8/8/k1K5/8/2R5 w - - 29 93,1.0,w
r4rk1/pp2ppbp/1qn2np1/2pb4/2Pp1P2/Q2P1NP1/PP1BP1BP/R4R1K b - - 0 12,1.0,b
r3r1k1/pp2ppbp/1qn1bnp1/2p5/2Pp1P2/Q2P1NP1/PP1BP1BP/R3R1K1 b - - 4 14,1.0,b
3rr1k1/pp2pp1p/1qB1bnpb/2p3N1/2Pp1P2/Q2P2P1/PP1BP2P/R3R1K1 b - - 0 16,1.0,b
3rn1k1/pp2pp1p/1q2b1p1/2p3P1/2Pp4/Q2P2P1/PP1BP2P/R3R1K1 b - - 0 18,1.0,b
3r2k1/pp2pp1p/3nb1p1/Q1p3P1/2Pp4/3P2P1/PP2P2P/R3R1K1 b - - 0 20,1.0,b
2r5/1p2ppkp/3nb1p1/2p3P1/Q1Pp4/3P2P1/PP2P2P/R3R1K1 b - - 2 22,1.0,b
2r3k1/1p2pp1p/4b1p1/2p3P1/Q1Pp4/6P1/PP2PK1P/R3R3 b - - 2 24,1.0,b
2r3k1/1p2pp1p/4b1p1/2p3P1/2Pp4/PQ4P1/1P2PK1P/R3R3 b - - 2 26,1.0,b
1r4k1/1p2pp1p/6p1/2Q3P1/2bp4/P5P1/1P2PK1P/R3R3 b - - 0 28,1.0,b
1r4k1/1p2pp1p/6p1/6P1/2Q5/P5P1/1P2RK1P/R7 b - - 0 30,1.0,b
4r1k1/1p3p1p/4p1p1/6P1/7Q/P5P1/1P3K1P/R3R3 b - - 1 32,1.0,b
6k1/1p3p1p/4p1p1/3R2P1/7Q/P5P1/1P3K1P/4R3 b - - 0 34,1.0,b
6k1/1p5p/5pp1/3Q2P1/8/P5P1/1P3K1P/4R3 b - - 0 36,1.0,b
5k2/1p2RQ1p/5pp1/6P1/8/P5P1/1P3K1P/8 b - - 4 38,1.0,b
r1bqkb1r/pp2pp1p/1nn3p1/8/2p5/P1P5/1PBPNPPP/R1BQ1RK1 b kq - 0 9,0.0,b
r1bqk2r/pp3p1p/1nn1p1p1/2b5/2p5/P1P3N1/1PBP1PPP/R1BQR1K1 b kq - 3 11,0.0,b
r1b1k2r/ppq2p1p/2n1p1p1/2bQ4/2p5/P1P3N1/1PBP1PPP/R1B1R1K1 b kq - 0 13,0.0,b
r3k2r/ppqbnp1p/4p1p1/2b5/2p1B3/P1P2QN1/1P1P1PPP/R1B1R1K1 b kq - 4 15,0.0,b
r3k2r/pp1bnp1p/4p1p1/2b1q3/4BB2/P1Pp1QN1/1P3PPP/R3R1K1 b kq - 1 17,0.0,b
B3k2r/p2bnp1p/4p1p1/2b5/5B1q/P1Pp1QN1/1P3PPP/R3R1K1 b k - 0 19,0.0,b
B4rk1/p3np1p/4p1p1/2N5/b4B1q/P1Pp1Q2/1P3PPP/R3R1K1 b - - 0 21,0.0,b
3r2k1/p3np1p/4p1p1/1b6/4BB1q/P1PN1Q2/1P3PPP/R3R1K1 b - - 2 23,0.0,b
3r2k1/p3np1p/4p1p1/6q1/8/P1PB1Q2/1P3PPP/R3R1K1 b - - 0 25,0.0,b
3r2k1/pQ2np2/4p1p1/8/7q/P1P5/1P3PPP/R3R1K1 b - - 1 27,0.0,b
3r2k1/p4p2/2n1p1p1/8/4q3/PQP5/1P3PPP/R5K1 b - - 1 29,0.0,b
3r2k1/p4p2/4p1p1/Q7/8/P1Pq4/1P3PPP/R5K1 b - - 0 31,0.0,b
2r2rk1/ppnR1p1p/5p2/1N6/2P5/8/PP3PPP/5BK1 b - - 2 20,0.0,b
3r2k1/ppN2p1p/5p2/8/2P5/8/PP3PPP/5BK1 b - - 0 22,0.0,b
6k1/pp3p1p/5N2/8/2P5/8/Pr3PPP/5BK1 b - - 0 24,0.0,b
8/pp3p1k/8/8/2P5/7P/Pr3PP1/5BK1 b - - 0 26,0.0,b
8/pp3pk1/8/2P5/8/3B3P/r4PP1/6K1 w - - 2 29,0.0,w
8/pp3p2/5k2/2P5/8/3B3P/4KPP1/r7 b - - 6 31,0.0,b
8/pp3p2/5k2/2P5/8/r2B3P/3K1PP1/8 b - - 10 33,0.0,b
6B1/pp6/5p2/2P1k3/8/r6P/3K1PP1/8 b - - 1 35,0.0,b
8/p4B2/2p2p2/8/3k4/r6P/3K1PP1/8 b - - 1 37,0.0,b
8/p4B2/2p2p2/8/8/2kr3P/4KPP1/8 b - - 5 39,0.0,b
3r4/p7/5p2/2p4B/8/2k1K2P/5PP1/8 b - - 1 41,0.0,b
8/p7/3r1pB1/2p5/5K2/2k4P/5PP1/8 b - - 5 43,0.0,b
8/p4B2/3r1p2/5K2/2p5/7P/1k3PP1/8 b - - 1 45,0.0,b
8/p7/3rBp2/5K2/8/7P/1k3PP1/2q5 w - - 0 48,0.0,w
8/p3K3/3rB3/4q3/8/7P/1k3PP1/8 w - - 3 50,0.0,w
5K2/p2r4/4q3/8/8/5P1P/1k4P1/8 w - - 2 53,0.0,w
1r1qr1k1/2pn1pb1/1p1pbnpp/pP2p3/P1P1P3/RN1P2P1/1B3PBP/Q1R3K1 b - - 1 18,0.0,b
1r1q2k1/2p1rpb1/1p1pbnpp/pPN1p3/P1P1P3/R2P1BP1/1B3P1P/Q1R3K1 b - - 0 20,0.0,b
1r2q1k1/2p1rpb1/3pbnpp/pPp1p3/P1P1P3/R1BP1BP1/2R2P1P/Q5K1 b - - 3 22,0.0,b
r3q1k1/2p1rpb1/3pbn1p/pPp1p1p1/P1P1P3/R1BP2P1/2R1BP1P/4Q1K1 b - - 3 24,0.0,b
r3q3/4rpbk/1p1pbn1p/p1p1p1p1/P1P1P3/1RBP2P1/2R1BP1P/4Q1K1 b - - 1 26,0.0,b
r7/4rpbk/1R1pbn1p/p1p1p1p1/2P1P3/2BP2P1/2q1BP1P/4Q1K1 b - - 0 28,0.0,b
r5k1/3R1pb1/4bn1p/p1p1p1p1/2P1P3/2BP2P1/2q1BP1P/4Q1K1 b - - 0 30,0.0,b
r5k1/3n1pb1/4b2p/p1p1p1p1/q1P1P3/3PB1P1/4BP1P/4Q1K1 b - - 3 32,0.0,b
r5k1/5pb1/2q1b2p/p1n1p1p1/2P1P3/3P2P1/3QBP1P/6K1 b - - 1 34,0.0,b
r5k1/5pb1/2q1bn1p/p3p1p1/2P5/3PQBP1/5P1P/6K1 b - - 3 36,0.0,b
r5k1/5pb1/2q1b2p/p5p1/2P1Q3/3P2P1/5P1P/6K1 b - - 0 38,0.0,b
r5k1/5pb1/3q3p/p2P2p1/4Q3/3P2P1/5P1P/5K2 b - - 2 40,0.0,b
4r1k1/3q1pb1/7p/p2P2p1/8/3P1QP1/5P1P/5K2 b - - 6 42,0.0,b
6k1/5pb1/7p/p2P2p1/8/3P2Pq/5PQP/4K3 b - - 0 44,0.0,b
6k1/5p2/7p/p2P2p1/3b4/3P2PP/5Pq1/3K4 b - - 2 46,0.0,b
6k1/5p2/7p/p2P2p1/6P1/3Pb2P/3q4/3K4 w - - 1 49,0.0,w
5r1k/2p2rbn/1p1pB1pp/pPnPp3/P3PP1q/3P1P2/7P/2BQRR1K b - - 2 35,0.0,b
2B4k/2p1r1bn/1p1p2pp/pPnPp3/P3Pr1q/3PBP2/7P/3QRR1K b - - 1 37,0.0,b
4r2k/2p3bn/1p1p3p/pPnPpp2/P3PB1q/3P1P2/7P/3QRR1K b - - 0 39,0.0,b
4r2k/2p3b1/1p1p1n1p/pPnPpp2/P3PQ2/3P1P2/7P/4RR1K b - - 0 41,0.0,b
7k/2p3b1/1p1p1n1p/pPnP1P2/P4p2/3P1P2/7P/4R2K b - - 0 43,0.0,b
7k/2p3b1/1p1p3p/pPn2P2/P4p2/3PnP1K/7P/4R3 b - - 3 45,0.0,b
7k/2p3b1/1p1p1P1p/pP6/P7/3npP1K/7P/8 b - - 0 47,0.0,b
8/2p3k1/1p1p3p/pP6/P4P2/3n3K/4p2P/8 b - - 0 49,0.0,b
8/2p3k1/1p1p3p/pP3P2/P5K1/3n4/7P/5q2 b - - 2 51,0.0,b
8/2p3k1/1p1p3p/pP3P2/P5K1/3n4/7q/8 b - - 1 53,0.0,b
r1b2rk1/pp2ppbp/2nn2p1/7P/6q1/2P3N1/P2P1PP1/R1BBQRK1 b - - 4 15,1.0,b
r1b2rk1/pp2pp1p/2nB1bp1/7P/7q/2P3N1/P2P1PP1/R2BQRK1 b - - 0 17,1.0,b
r1b2rk1/pp3p1p/2np2p1/4b2P/4N2q/2P3P1/P2P1P2/R2BQRK1 b - - 0 19,1.0,b
r1b2rk1/pp3p1p/1qnp2p1/4b2P/5P2/2P3P1/P2P1N2/R2BQRK1 b - - 2 21,1.0,b
r1b2rk1/pp3P1p/1qnp4/8/5P2/2b3P1/P2P1N2/R2BQRK1 b - - 0 23,1.0,b
r1b3k1/pp2r2p/1qnp4/8/5P2/2P3P1/P2Q1N2/R2B1RK1 w - - 2 26,1.0,w
r1b3k1/pp2r2p/2np4/8/5P2/1qP3P1/P2Q1N2/5RK1 w - - 0 28,1.0,w
r1b3k1/pp5p/2np4/8/5P2/1PP3P1/3Q1N2/4r1K1 w - - 0 30,1.0,w
r7/pp3k1p/2np4/5b2/5P2/1PP3P1/5N2/3Q2K1 w - - 3 32,1.0,w
6r1/ppQ4p/2n1k3/5b2/5P2/1PP3P1/5N2/6K1 w - - 3 34,1.0,w
8/pQ5p/4k3/n4b2/5P2/1PP3r1/5N2/5K2 w - - 2 36,1.0,w
8/p4k1p/2Q5/5b2/5P2/1PP3r1/5N2/5K2 w - - 1 38,1.0,w
8/p5kp/2Q5/5b2/5P2/1PP3r1/5N2/5K2 w - - 5 40,1.0,w
8/Q6p/5k2/8/5P2/1PPb2r1/5N2/5K2 w - - 1 42,1.0,w
8/Q6p/5k2/8/5P2/1PPr4/4K3/8 w - - 0 44,1.0,w
8/4Q2p/8/5k2/5P2/1PPK4/8/8 w - - 3 46,1.0,w
8/4k2p/7Q/8/5P2/1PPK4/8/8 w - - 7 48,1.0,w
8/7Q/3k4/8/5P2/1PP5/4K3/8 w - - 3 50,1.0,w
8/8/4Q3/1k6/5P2/1PP5/4K3/8 w - - 7 52,1.0,w
1Q6/8/k7/8/5P2/1PP5/4K3/8 w - - 11 54,1.0,w
r4r1k/1p1b1n1p/3npbp1/p1p5/1qPpBP1P/3P1N2/P3P2R/2BQ2RK w - - 6 27,0.5,w
1r3r1k/1p1b1n1p/3npbp1/p1p5/2PpBP1P/q2P1N2/P2BP2R/1Q4RK w - - 10 29,0.5,w
1r4rk/1p3n1p/2bnpb2/p1p4B/2Pp1P1P/q2P1N2/P2BP2R/1Q4RK w - - 3 31,0.5,w
6rk/1p3n1p/2b1pb2/p1p5/2Pp1P1P/q2P1N2/P2BP2R/1Q5K w - - 0 33,0.5,w
6rk/1p5p/2bnpb2/p1p5/q1Pp1P1P/3P1N2/P3PB1R/1Q5K w - - 4 35,0.5,w
6rk/1p5p/2b1pb2/p1p4P/2qp1P2/5N2/P3PB1R/1Q5K w - - 0 37,0.5,w
6rk/1p5p/4pb2/p1p4P/3p1P2/5b2/P3R3/1Q4BK w - - 0 39,0.5,w
6rk/1Q5p/4pb2/p1p4b/3p1P2/8/P6K/6B1 w - - 0 41,0.5,w
6rk/7p/3bp3/p1p4b/3pQP2/8/P6K/6B1 w - - 4 43,0.5,w
6rk/7p/3b4/p3p2b/3Q1P2/8/P6K/8 w - - 0 45,0.5,w
7k/6rp/8/p3Q2b/5p2/8/P6K/8 w - - 2 47,0.5,w
4Q1rk/7p/8/p7/5p2/8/P6K/8 w - - 1 49,0.5,w
7k/7p/6r1/p7/5Q2/8/P6K/8 w - - 1 51,0.5,w
5Qrk/7p/8/8/p7/8/P6K/8 w - - 2 53,0.5,w
3Q2rk/7p/8/8/p7/8/P6K/8 w - - 6 55,0.5,w
3Q2rk/7p/8/8/p7/8/P6K/8 w - - 10 57,0.5,w
5k2/2r2ppp/1p2bn2/pP6/3rP2n/R4PNP/4B1P1/R5K1 w - a6 0 38,0.0,w
8/r3kppp/1p2bn2/8/3rP2n/R4PNP/4B1P1/R5K1 w - - 0 40,0.0,w
8/R2n1ppp/1p1kb3/8/3rP2n/5PNP/4B1P1/1R4K1 w - - 3 42,0.0,w
8/R2n1ppp/1p1k4/8/4PN1n/5P1b/3rB1P1/1R4K1 w - - 0 44,0.0,w
8/R2n1p1p/1p6/4k1p1/5N1n/5P1P/3rB3/1R4K1 w - - 0 46,0.0,w
8/R2n1p1p/1p2k3/5np1/8/3N1P1P/3rBK2/1R6 w - - 4 48,0.0,w
8/3k1p1p/1p6/5np1/8/1R1N1P1P/4rK2/8 w - - 0 50,0.0,w
8/2k2p1p/1p6/6p1/8/1R1N1PnP/4r3/6K1 w - - 4 52,0.0,w
8/5p1p/1pk5/1R6/6P1/3N2nP/4r3/6K1 w - - 1 54,0.0,w
8/1k3p1p/1p6/8/4rNP1/1R4nP/8/6K1 w - - 5 56,0.0,w
8/1k3p1p/8/1p1N4/3r2P1/6RP/8/6K1 w - - 1 58,0.0,w
8/1k3p1p/5N2/1p6/6P1/6RP/3r2K1/8 w - - 5 60,0.0,w
8/1k3p2/5N1p/1p6/6P1/6RP/5K2/3r4 w - - 0 62,0.0,w
8/1k6/7p/1p3P2/3rN3/6RP/5K2/8 w - - 1 64,0.0,w
8/8/6Rp/kp3P2/3rN3/7P/5K2/8 w - - 5 66,0.0,w
3r4/8/7R/1p3P2/1k2N3/4K2P/8/8 w - - 1 68,0.0,w
8/8/R4P2/1p6/1k2N3/4K2P/8/4r3 w - - 1 70,0.0,w
8/8/R4P2/1p3r2/1k2N3/7P/4K3/8 w - - 5 72,0.0,w
8/8/4RP2/1p6/5r2/1k4NP/4K3/8 w - - 9 74,0.0,w
8/8/4RP2/1pk5/5r2/7P/3NK3/8 b - - 13 76,0.0,b
8/8/5P2/1pk5/8/7P/3NR3/8 b - - 0 78,0.0,b
8/8/5P2/2k5/7P/1N6/4R3/8 b - - 0 80,0.0,b
8/8/5P2/7P/8/1k6/R7/8 b - - 1 82,0.0,b
8/5P2/7P/8/8/8/8/k7 b - - 0 84,0.0,b
8/8/7P/8/1Q6/8/1k6/8 b - - 2 86,0.0,b
7R/8/8/8/1Q6/3k4/8/8 b - - 0 88,0.0,b
8/8/8/8/1Q6/5k2/8/7R b - - 4 90,0.0,b
8/8/8/8/7R/Q7/5k2/8 b - - 8 92,0.0,b
8/8/8/8/8/Q7/8/3k3R b - - 12 94,0.0,b
8/8/8/8/Q7/8/5k2/4R3 b - - 16 96,0.0,b
8/8/8/8/4Q3/6k1/8/R7 b - - 20 98,0.0,b
8/8/8/8/4Q3/6k1/8/R7 b - - 24 100,0.0,b
8/8/8/8/4Q3/6k1/6R1/8 b - - 28 102,0.0,b
r4rk1/1pb1qppp/p1p2nb1/P1Pp1P2/1P1Bn3/3BP3/2Q3PP/RN3RK1 b - - 0 16,1.0,b
r4rk1/1pb2ppp/p1p2n2/P1Pp1P1b/1P1BQ3/4P3/6PP/RN3RK1 b - - 0 18,1.0,b
r3r1k1/1pb2ppp/p1p5/P1Pp1P1b/1P1Bn3/4P1P1/6KP/RN3R2 b - - 2 20,1.0,b
r5k1/1pb2ppp/p1p5/P1Pp1P1b/1P1Br3/4P1P1/3N2K1/R4R2 b - - 2 22,1.0,b
r3r1k1/1p3ppp/p1p2P2/P1Pp3b/1P1B4/4P1K1/3N4/R4R2 b - - 0 24,1.0,b
r3r1k1/1p3p1p/p1p2Pb1/P1Pp2p1/1P1B2K1/4P3/3N4/R6R b - - 3 26,1.0,b
1r4k1/1p3p1p/p1p1rPb1/P1Pp2K1/1P1B4/4P3/3N4/6RR b - - 2 28,1.0,b
1r2k3/1p3p1p/p1p1rPb1/P1Pp4/1P1B2K1/4P3/3N4/6RR b - - 6 30,1.0,b
4r3/1p1k1p1p/p1p1rPb1/P1Pp4/1P1B4/4PK2/3N4/6RR b - - 10 32,1.0,b
4r3/1pk2p1p/p1p1rP2/P1Pp4/1P1BNK2/4P3/8/6RR b - - 0 34,1.0,b
4r3/1pk2p1p/p1p2P2/P1Pp4/1P1P4/5K2/8/6RR b - - 0 36,1.0,b
3r4/1pk2p1R/p1p2P2/P1Pp4/1P1P4/5K2/8/4R3 b - - 0 38,1.0,b
5r2/2R2p1R/ppp2P2/P1Pp4/1P1P4/5K2/8/8 w - - 0 41,1.0,w
3r4/5p1R/pPR2P2/P2p4/1P1P4/5K2/8/8 w - - 1 43,1.0,w
8/5R2/1PRr1P2/Pp1p4/3P4/5K2/8/8 w - - 0 45,1.0,w
r4rk1/pb2ppbp/1pnn2p1/7P/3P2q1/2P3N1/P3BPP1/R1B1QRK1 b - - 3 17,0.5,b
r2r2k1/pb2ppbp/1pnn2p1/7P/3P3q/B1P2BN1/P4PP1/R3QRK1 b - - 7 19,0.5,b
r2r2k1/pB2ppb1/1p1n2p1/n7/3P3q/B1P3N1/P4PP1/R3QRK1 b - - 0 21,0.5,b
r5k1/pn1rppb1/1p1n2p1/8/3P3q/B1P5/P3NPP1/1R2QRK1 b - - 3 23,0.5,b
3r2k1/p2rppb1/1p1n2p1/8/3P3q/2P5/P4PP1/1RN1QRK1 b - - 1 25,0.5,b
3r2k1/p2rppbq/3n2p1/1p1P4/8/2P5/P3NPP1/1R2QRK1 b - - 0 27,0.5,b
3r2k1/p2rpp1q/3n1bp1/3P4/1R6/2P5/P3NPP1/1Q3RK1 b - - 2 29,0.5,b
3r2k1/p2rpp2/3n2p1/3Pb3/1R6/2P5/P3NPPq/1QR2K2 b - - 6 31,0.5,b
3r2k1/p2rpp2/6p1/3Pbn2/1R6/2P5/P3KPP1/1QR3Nq b - - 10 33,0.5,b
3r4/p2rppk1/6p1/3Pb3/1R6/2PK2n1/P4PP1/1QR3Nq w - - 14 36,0.5,w
3r4/p2rppk1/6p1/3qb3/1R6/P1PK2P1/8/1QR3N1 w - - 0 38,0.5,w
q2r4/p2rppk1/6p1/4b3/1R6/PKP3P1/8/1QR3N1 w - - 4 40,0.5,w
3r4/p2rppk1/6p1/4b3/1RP5/PK3qP1/4N3/1QR5 w - - 1 42,0.5,w
3r4/p2rppk1/6p1/4b3/1RP5/PKq3P1/8/1Q2R3 w - - 0 44,0.5,w
3r4/p2rppk1/6p1/8/KRP5/P2q2b1/8/1QR5 w - - 2 46,0.5,w
3r4/p2rp1k1/5pp1/4Q3/KRP5/P2q4/8/2R5 w - - 0 48,0.5,w
3r4/p2rp1k1/5pp1/8/K1P5/P7/8/QqR5 w - - 0 50,0.5,w
3r4/p3p1k1/5pp1/8/K1r5/PR6/8/Q7 w - - 0 52,0.5,w
1r6/p1r1p1k1/5pp1/1K6/8/P5R1/8/Q7 w - - 4 54,0.5,w
1r6/p3p1k1/5p2/2r3p1/K7/P5R1/8/Q7 w - - 0 56,0.5,w
1r6/p5k1/5p2/6r1/K7/P7/8/8 w - - 0 58,0.5,w
r4rk1/ppb1qppp/2p2nb1/2Pp1P2/PP1Bn3/3BP3/2Q3PP/RN3RK1 b - - 0 15,0.0,b
r4rk1/ppb1qppp/2p2n2/2Pp1P1b/PP1B4/3BP3/3Q2PP/R4RK1 b - - 0 17,0.0,b
r3r1k1/pp2qppp/2p2n2/2PpbP1b/PP1B4/3BP2P/3Q2P1/4RRK1 b - - 2 19,0.0,b
3rr1k1/pp3ppp/2p2n2/2PpqP1b/PP6/4P2P/3Q2P1/1B2RRK1 b - - 1 21,0.0,b
3rr2k/pp3ppp/2p2n2/2Pp1P1b/PP4P1/4P1qP/6Q1/1B2RRK1 b - - 2 23,0.0,b
3r3k/pp3ppp/2p2n2/2Pp1P1P/PP6/4r2Q/8/1B2RRK1 b - - 0 25,0.0,b
3r3k/pp3p1p/2p2n1p/2Pp1P2/PP6/7r/5K2/1B2RR2 b - - 1 27,0.0,b
6rk/pp3p1p/2p2n1p/P1Pp1P2/1P6/1r6/B4K2/4RR2 b - - 2 29,0.0,b
4r2k/pp3p1p/2p4p/P1Pp1P2/1P4n1/1r6/B2K4/4RR2 b - - 6 31,0.0,b
7k/pp3p1p/2p4p/P1Pp1P2/1P4n1/3K4/Br6/4R3 b - - 0 33,0.0,b
7k/pR3p1p/2p4p/P1Pp1P2/1P4n1/3K4/5r2/8 b - - 0 35,0.0,b
7k/R4p1p/2p4p/P1Pp1r2/1P4n1/8/4K3/8 b - - 0 37,0.0,b
8/2R2pkp/2p4p/P1Pp4/1P4n1/8/5r2/3K4 b - - 4 39,0.0,b
1R6/5pkp/2p4p/P1Pp4/1P6/3n4/5r2/3K4 b - - 8 41,0.0,b
8/5p1p/2R2k1p/P1Pp4/1P6/3n4/r7/3K4 b - - 0 43,0.0,b
8/5p1p/1RP5/P2p2kp/1P6/3n4/r7/3K4 b - - 0 45,0.0,b
8/2P2p1p/1R6/P2p3p/1P3k2/8/rn6/4K3 b - - 0 47,0.0,b
8/2P2p1p/1R6/P2p3p/1P3k2/3n4/5r2/6K1 b - - 4 49,0.0,b
8/2P2R1p/8/P2p3p/1P6/3n2k1/2r5/6K1 w - - 0 52,0.0,w
2r5/5R1p/8/P2p3p/1P3n2/6k1/8/5K2 w - - 2 54,0.0,w
1r3rk1/2p2qbn/1p1p2pp/pPnPpp2/P3P3/R2PBPPB/7P/3QR1K1 b - - 8 27,1.0,b
1r1r2k1/2p2qb1/1p1p1npp/pPnPpP2/P7/3PBPPB/7P/R2QR1K1 b - - 2 29,1.0,b
1r1r2k1/2p2qb1/3p1n1p/pPpPpB2/P7/3P1PP1/7P/R2QR1K1 b - - 0 31,1.0,b
1r1r4/2p2kb1/3p1n1p/pPpqp3/P7/3P1PPB/7P/2RQR1K1 b - - 3 33,1.0,b
1r1r4/2p3b1/3p1nkp/pPp1p3/P2q4/3P1PPB/3Q3P/2R1RK2 b - - 7 35,1.0,b
1r5r/2p3b1/3pBnkp/pPp1p3/P1Rq4/3P1PP1/3Q3P/4RK2 b - - 11 37,1.0,b
1r5r/2p3b1/3p1nkp/pPp5/P1B1p3/3P1PP1/3Q1K1P/4R3 b - - 1 39,1.0,b
1r5r/2p3b1/3p1nk1/QPp4p/P1B5/3PRPP1/5K1P/8 b - - 0 41,1.0,b
1r5r/2Q5/3pRnk1/1Pp4p/P1B5/3PbPP1/5K1P/8 w - - 1 44,1.0,w
1r5r/2Q5/6k1/1PpB3p/P5n1/3PRPP1/5K1P/8 w - - 1 46,1.0,w
1rr5/2Q5/4R3/1PpB2kp/P5P1/3P2P1/5K1P/8 w - - 3 48,1.0,w
r4rk1/pp2b1np/2p1b1p1/3p4/P4pP1/2P4P/1P1N4/R1BB1R1K w - - 0 24,0.5,w
r5k1/pp4np/2pbbrp1/3p4/P2N1pP1/2P4P/1P6/R1BB1R1K w - - 4 26,0.5,w
4r1k1/pp3bnp/2pb1rp1/3p4/P2N1pP1/2P4P/1P1B4/R2BR2K w - - 8 28,0.5,w
6k1/pp3bnp/2pb1rp1/3p2r1/P2N1p2/2P2B1P/1P1B4/R3R2K w - - 0 30,0.5,w
6k1/pp3bnp/3b1rp1/3p2r1/P1p2p2/2P2B1P/1P1BN3/3RR2K w - - 0 32,0.5,w
6k1/pp3b1p/3b1rp1/3p2r1/P1p2p1P/2P2Bn1/1P2N3/2BRR2K w - - 1 34,0.5,w
6k1/pp3b1p/5rp1/3p3r/P1p2b1P/2P2Bn1/1P4K1/2BRR3 w - - 0 36,0.5,w
6k1/pp3b1p/6p1/3p1r2/P1p2r1P/2P2BK1/1P6/3RR3 w - - 1 38,0.5,w
5k2/pp3b1p/6p1/3p1r2/P1p3KP/2P5/1P6/3RR3 w - - 1 40,0.5,w
5k2/pp5p/6p1/Pb1p1r2/2p3KP/2P5/1P1R4/4R3 w - - 1 42,0.5,w
8/pp3k1p/2b3p1/P2p1r2/2p3KP/2P5/1P1R4/4R3 w - - 5 44,0.5,w
8/pp5p/2b2kp1/P2pr3/2pR3P/2P3K1/1P6/4R3 w - - 9 46,0.5,w
8/pp3k1p/2b3p1/P2p1r2/2pR3P/2P3K1/1P6/3R4 w - - 13 48,0.5,w
8/pp3k1p/2b3p1/P2p1r2/2pR3P/2P3K1/1P6/4R3 w - - 17 50,0.5,w
8/pp3k1p/2b3p1/P2p1r2/2pR3P/2P3K1/1P6/4R3 w - - 21 52,0.5,w
8/p3kp2/1p1n1p1p/3P4/1P1K1PPP/P2B4/8/8 w - - 1 36,0.0,w
8/pn2kp2/1p3p2/3P2p1/1P3P1P/P2BK3/8/8 w - - 0 38,0.0,w
8/pn1k1p2/1p6/3P2P1/1P6/P2BK3/8/8 w - - 1 40,0.0,w
8/pn6/1p1k2B1/3P4/1P6/P3K3/8/8 w - - 1 42,0.0,w
8/p7/1p1n2B1/1P1Pk3/8/P4K2/8/8 w - - 3 44,0.0,w
8/p7/1p4B1/3Pk3/P7/2n5/6K1/8 w - - 1 46,0.0,w
8/p7/1p6/3k4/P7/2n5/2B3K1/8 w - - 2 48,0.0,w
8/p7/1p6/3nk3/P7/1B3K2/8/8 w - - 6 50,0.0,w
8/p7/1p6/4k3/P7/1B1n4/5K2/8 b - - 10 52,0.0,b
r3rnk1/ppq1bppp/2p1bn2/3Pp3/3P4/2P2P2/PPBNQ1PP/R1B2R1K b - - 0 13,1.0,b
r3r1k1/ppq1bppp/2p2nn1/3bp3/3P3P/1BP2P2/PP1NQ1P1/R1B2R1K b - h3 0 15,1.0,b
r3r1k1/ppq2pp1/2pb1nnp/3bp3/3P3P/1BP2P2/PP1N1QP1/R1BR3K b - - 1 17,1.0,b
rq2r1k1/pp3pp1/2pN1nnp/3bp3/3P3P/1BP2P2/PP3QP1/R1BR3K b - - 0 19,1.0,b
r3r1k1/pp3pp1/2p2nnp/3bq3/2P4P/1B3P2/PP3QP1/R1BR3K b - - 0 21,1.0,b
3Rr1k1/pp3pp1/2p2nnp/4q3/2B4P/5P2/PP3QP1/R1B4K b - - 0 23,1.0,b
3r2k1/Bp1n1pp1/2p3np/4q3/2B4P/5P2/PP3QP1/R6K b - - 0 25,1.0,b
3r2k1/Bp1n1pp1/2p3np/7P/2q5/5PP1/PP3Q2/R6K b - - 0 27,1.0,b
3r1nk1/1p1n1pp1/q1p4p/7P/8/4BPP1/PP3QK1/R7 b - - 4 29,1.0,b
q2r2k1/1p1n1pp1/2p1n2p/7P/6P1/4BP2/PP4K1/R3Q3 b - - 0 31,1.0,b
4r1k1/1p1n1pp1/2p1n2p/7P/q5P1/4BP2/PP1Q2K1/R7 b - - 4 33,1.0,b
4r1k1/1p1Q1pp1/2p1n2p/7P/6P1/4BPK1/PP2q3/R7 b - - 2 35,1.0,b
3r2k1/1p3pp1/2p1n2p/7P/6P1/Q3BPK1/PP2q3/R7 b - - 6 37,1.0,b
3r2k1/5pp1/p1p1n2p/7P/6P1/4BPK1/PP6/2R5 b - - 1 39,1.0,b
3r2k1/5pp1/p6p/2R4P/6P1/5PK1/PP6/8 b - - 0 41,1.0,b
1r3k2/5pp1/p1R4p/7P/6P1/1P3PK1/P7/8 b - - 2 43,1.0,b
r7/2R1kpp1/p6p/7P/6P1/1P3PK1/P7/8 b - - 6 45,1.0,b
r7/4kpp1/p1R4p/7P/6P1/1P3PK1/P7/8 b - - 10 47,1.0,b
1r6/3k1pp1/p6p/7P/6P1/1P3P2/P1R2K2/8 b - - 14 49,1.0,b
2r5/5pp1/p1k4p/7P/6P1/1P3P2/P2RK3/8 b - - 18 51,1.0,b
4r3/2k2pp1/p6p/7P/3R2P1/1P3P2/P4K2/8 b - - 22 53,1.0,b
4r3/5Rp1/pk5p/7P/6P1/1P3P2/P4K2/8 b - - 0 55,1.0,b
8/6R1/pk5p/7P/6P1/1P3PK1/P1r5/8 b - - 2 57,1.0,b
8/7R/p6p/2k4P/6P1/1P3PK1/P7/8 w - - 2 60,1.0,w
8/8/5R2/pk5P/6P1/1P3PK1/P7/8 w - - 2 62,1.0,w
8/8/5R1P/8/k5P1/5PK1/P7/8 w - - 0 64,1.0,w
7Q/8/5R2/8/2k3P1/5PK1/P7/8 w - - 1 66,1.0,w
8/8/3R4/k7/3Q2P1/5PK1/P7/8 w - - 5 68,1.0,w
r1bqkb1r/pp2pppp/1nn5/8/2p5/1BP5/PP1PNPPP/R1BQ1RK1 w kq - 0 8,1.0,w
r2qkb1r/pp2pppp/2n1b3/8/Q1p5/2P5/PP1PNPPP/R1B2RK1 w kq - 1 10,1.0,w
r2qkb1r/pp1bpppp/8/4n3/Q1p2N2/2P5/PP1P1PPP/R1B1R1K1 w kq - 5 12,1.0,w
r3kb1r/pp1bpppp/8/4q3/1Qp2N2/2P5/PP1P1PPP/R1B3K1 w kq - 0 14,1.0,w
r3kb1r/pp2pppp/8/3bq3/2Q2N2/2P3P1/PP1P1P1P/R1B3K1 w kq - 1 16,1.0,w
3rkb1r/pp2pppp/8/3Q4/5N2/2P3P1/PP1P1PKP/R1B1q3 w k - 3 18,1.0,w
4kb1r/pQ2pppp/8/8/5N2/2P3P1/PP1q1PKP/R7 w k - 0 20,1.0,w
4kb1r/pq2pppp/8/8/2Q2N2/2P3P1/PP3PKP/R7 w k - 4 22,1.0,w
5rk1/1pb1rpp1/p1p5/P1Pp1bNn/1P1BnP2/3BP3/6RP/3R2K1 w - - 1 29,1.0,w
5rk1/1pb1rpp1/p1p5/P1P4n/1P1BpP2/4P3/6RP/3R2K1 w - - 0 31,1.0,w
5rk1/1p2rp2/p1p3p1/P1P1b1Rn/1P2pP2/4P3/7P/3R2K1 w - - 0 33,1.0,w
2r3k1/1p2rpn1/p1p3p1/P1P1P1R1/1P2p3/4P3/5K1P/3R4 w - - 3 35,1.0,w
2r3k1/1p2rp2/p1p5/P1P1Pp2/1P2p3/4P2P/5K2/3R4 w - - 0 37,1.0,w
4r1k1/1p3p2/p1p5/P1P1rp2/1P2p3/4P1KP/3R4/8 b - - 2 39,1.0,b
4r3/1p1R1p1k/p1p5/P1P1rp2/1P2pK2/4P2P/8/8 b - - 6 41,1.0,b
4r3/1p5R/p1p5/P1r2p2/1P2pK2/4P2P/8/8 w - - 0 44,1.0,w
1r6/7R/pPp5/P4p2/4pK2/4P2P/8/8 w - - 1 46,1.0,w
8/1r6/p6R/P1p2p2/4pK2/4P2P/8/8 w - - 0 48,1.0,w
r1bq1rk1/ppnn1ppp/8/2b1p3/2P5/2N3Q1/PP3PPP/R1B1RBK1 w - - 0 13,0.0,w
r1bq1rk1/ppnn1ppp/8/4p3/2P4b/2NBB1Q1/PP3PPP/R3R1K1 w - - 4 15,0.0,w
r1br2k1/Bpnn1ppp/8/4p3/2P4q/2NB4/PP3PPP/R3R1K1 w - - 1 17,0.0,w
2br2k1/rpNn1p1p/6p1/4p3/2P4q/3B4/PP3PPP/R3R1K1 w - - 0 19,0.0,w
r1br2k1/1p1n1p1p/6p1/1N2p3/1PP4q/3B4/P4PPP/R3R1K1 w - - 1 21,0.0,w
2br2k1/1pN2p1p/1n4p1/4p3/1PP4q/r2BR3/P4PPP/R5K1 w - - 5 23,0.0,w
2br2k1/1pN1qp1p/1n4p1/4p3/1PP5/3B1R2/r4PPP/4R1K1 w - - 2 25,0.0,w
2br2k1/1p3p1p/6p1/3Pp3/1q6/3B1R2/r4PPP/4R1K1 w - - 0 27,0.0,w
2b3k1/1p3p1p/6p1/3rp3/1q6/3B1R2/4RPPP/r4K2 w - - 2 29,0.0,w
2b3k1/1p3p1p/6p1/3rp3/1q6/5R2/5PPP/4rK2 w - - 0 31,0.0,w
3rr1k1/pb2qppp/1p3n2/1Bp5/7n/PP2P1NP/4QPP1/2R1R1K1 b - - 4 25,0.5,b
3rq1k1/p4ppp/1p3n2/2pb4/7n/PPR1P1NP/4QPP1/4R1K1 b - - 1 27,0.5,b
3r2k1/p4ppp/1p3n2/2pbq3/8/PP1RP1NP/4QPn1/3R2K1 b - - 1 29,0.5,b
4r1k1/p4ppp/1p3n2/2pRq3/4P2n/PP4NP/4QP2/3R2K1 b - - 0 31,0.5,b
4r1k1/p4ppp/1p6/2p5/4P2n/PP4NP/4QP2/q2R2K1 b - - 2 33,0.5,b
4r1k1/p4ppp/1p6/2p5/4P2n/1P1R2NP/5P2/q2Q2K1 b - - 3 35,0.5,b
4r1k1/p4ppp/1p6/2p5/4P3/1P3nNP/5P2/3R1K2 b - - 0 37,0.5,b
4r1k1/p4ppp/1p6/6n1/2P1P3/6NP/5PK1/3R4 b - - 0 39,0.5,b
4rk2/p4ppp/1p6/6N1/2P5/7P/5PK1/3R4 b - - 2 41,0.5,b
2r3k1/p4pp1/1p6/6N1/2P5/7P/5PK1/3R4 b - - 2 43,0.5,b
6k1/p5p1/1p3p2/8/2r1N3/5K1P/5P2/3R4 b - - 1 45,0.5,b
8/p1r2kp1/1p3p2/8/4N3/5K1P/5P2/3R4 b - - 5 47,0.5,b
8/p3r1p1/1p1N1pk1/8/8/5K1P/5P2/R7 b - - 9 49,0.5,b
8/p5pk/1p2rp2/5N2/8/5K1P/5P2/6R1 b - - 13 51,0.5,b
8/p6k/1p3pp1/4r3/3N4/5K1P/5P2/R7 b - - 3 53,0.5,b
8/7k/1p3pp1/p2r4/8/5K1P/2N2P2/1R6 b - - 3 55,0.5,b
6k1/8/1p3pp1/p7/8/4rK1P/5P2/1R6 w - - 0 58,0.5,w
8/6k1/1R3pp1/p7/8/4K2P/5P2/8 w - - 1 60,0.5,w
8/4k3/5pp1/R7/8/4K2P/5P2/8 w - - 1 62,0.5,w
8/5k2/R5p1/5p2/5K2/7P/5P2/8 b - - 1 64,0.5,b
6k1/8/R4Kp1/5p2/8/7P/5P2/8 b - - 5 66,0.5,b
8/8/R4Kpk/5p2/5P1P/8/8/8 b - - 0 68,0.5,b
8/8/6R1/4Kp2/5PkP/8/8/8 b - - 0 70,0.5,b
8/8/6R1/8/4KP2/7k/8/8 b - - 2 72,0.5,b
8/8/6R1/8/4KP2/7k/8/8 b - - 6 74,0.5,b
8/8/8/5P1k/4K3/8/8/6R1 b - - 0 76,0.5,b
8/8/5P2/7k/8/5K2/8/6R1 b - - 0 78,0.5,b
5Q2/8/8/7k/8/5K2/8/6R1 b - - 0 80,0.5,b
5Q2/8/8/8/8/5K1k/8/1R6 b - - 4 82,0.5,b
5Q2/8/8/8/8/5K1k/8/1R6 b - - 8 84,0.5,b
2br1k2/p4ppp/1p3n2/1P2P3/2Br3n/5PNP/6P1/2R1R1K1 b - - 0 34,0.5,b
2brnk2/p4ppp/1p6/1P2P3/2R4n/5P1P/4N1P1/4R1K1 b - - 0 36,0.5,b
3rnk2/p4ppp/1p2b1n1/1P2P3/8/5P1P/4N1P1/R1R3K1 b - - 4 38,0.5,b
4nk2/p1r2ppp/1p2b1n1/1P2P3/5P2/2N4P/6P1/R1R3K1 b - - 0 40,0.5,b
4nk2/p4ppp/1p2b3/1P2P3/5n1P/2R5/6P1/R5K1 b - - 0 42,0.5,b
4nk2/R4ppp/1p2b3/1P2P3/7P/2n5/5KP1/8 b - - 0 44,0.5,b
4nk2/5ppp/1R6/1n1bP3/7P/8/5KP1/8 b - - 0 46,0.5,b
4n3/2n1kppp/8/3bP2P/8/8/5KP1/1R6 b - - 0 48,0.5,b
4n3/2n2pPp/4k3/4P3/8/8/5Kb1/1R6 b - - 0 50,0.5,b
4n3/2n2p1p/4k3/4P3/8/8/6K1/7R b - - 2 52,0.5,b
8/2n2p2/3n4/4k3/8/8/6K1/7R b - - 2 54,0.5,b
8/5p2/8/1n2k2R/2n5/5K2/8/8 b - - 6 56,0.5,b
8/8/8/4kp2/2nn4/8/5K2/7R b - - 3 58,0.5,b
8/8/4k3/8/2nn1p1R/8/5K2/8 b - - 3 60,0.5,b
8/8/4k3/8/3n1pn1/8/6K1/7R b - - 7 62,0.5,b
8/8/8/4nk2/3n1p2/8/6K1/3R4 b - - 11 64,0.5,b
8/8/8/4nk2/8/5p1K/4n3/3R4 b - - 3 66,0.5,b
8/8/R7/4n3/8/4kp1K/4n3/8 b - - 7 68,0.5,b
8/8/8/4n1k1/8/5p1K/4n3/R7 b - - 11 70,0.5,b
8/8/8/4n3/5k2/5p1K/8/6R1 b - - 1 73,0.5,b
8/8/8/4n3/4k3/5pK1/8/1R6 b - - 5 75,0.5,b
8/8/8/4n3/8/3k1pK1/8/4R3 b - - 9 77,0.5,b
8/8/8/4n3/4k3/5pK1/3R4/8 b - - 13 79,0.5,b
8/8/8/8/4k3/3R3K/5p2/8 b - - 0 81,0.5,b
8/8/8/8/8/3k2K1/8/5q2 b - - 1 83,0.5,b
8/5q2/8/8/4k3/6K1/8/8 b - - 5 85,0.5,b
8/8/8/8/8/3k2K1/q7/8 b - - 9 87,0.5,b
8/8/8/6K1/4k3/8/8/q7 b - - 13 89,0.5,b
8/8/7q/8/4k3/6K1/8/8 b - - 17 91,0.5,b
8/8/8/8/4k3/6K1/3q4/8 b - - 21 93,0.5,b
8/8/8/8/4k3/6K1/3q4/8 b - - 25 95,0.5,b
8/8/8/8/4kq2/7K/8/8 b - - 29 97,0.5,b
8/8/8/8/4k3/7K/8/6q1 b - - 33 99,0.5,b
8/8/8/8/4k3/6K1/8/5q2 b - - 37 101,0.5,b
8/8/8/8/4k1q1/8/8/7K b - - 41 103,0.5,b
8/8/8/8/4k3/8/5K2/3q4 b - - 45 105,0.5,b
8/8/8/8/4k3/8/5K2/1q6 b - - 49 107,0.5,b
8/8/8/8/4k3/8/7K/1q6 b - - 53 109,0.5,b
8/8/8/8/4k3/5q2/7K/8 b - - 57 111,0.5,b
8/8/8/8/4k3/8/4q3/6K1 b - - 61 113,0.5,b
1r2r1k1/2pq2bn/1p1p2pp/pPnPpp2/P3P3/2RP1PPB/1B5P/Q3R1K1 b - - 4 25,0.0,b
1r2r1k1/2pq2b1/1p1p1n1p/pPnPpp2/P7/2RP1PPB/1B3K1P/Q3R3 b - - 1 27,0.0,b
1r2r1k1/2pq2b1/1p3n1p/pPpP1p2/P3P3/5PPB/1B3K1P/Q3R3 b - - 0 29,0.0,b
1r2r1k1/2pq4/1p5p/pPpP1p2/P3P1P1/6PB/1Q3K1P/4R3 b - - 0 31,0.0,b
1r2r1k1/2p5/1p5Q/pPpq4/P3p1P1/6PB/5K1P/4R3 b - - 0 33,0.0,b
1r3rk1/2p5/1p5Q/pPp5/P2qp1P1/6PB/7P/4R2K b - - 4 35,0.0,b
1r2r1k1/2p3q1/1p6/pPp5/P3RQP1/6PB/7P/7K w - - 0 38,0.0,w
5rk1/2p3q1/1p6/pPp2Q2/P5P1/6PB/7P/7K w - - 2 40,0.0,w
5rk1/2p5/1p6/pPp4Q/P5P1/6P1/7P/5q1K b - - 0 42,0.0,b
r5rk/1p1b1n1p/3npbp1/p1p4P/1qPpBP2/3P1N2/P3P2R/2BQ2RK w - - 1 28,1.0,w
r6k/1p3Prp/3npb2/p1p5/bqPpBP2/3P1N2/P3P2R/2BQ2RK w - - 1 30,1.0,w
r4k2/1p3P1R/3npb2/p1p5/bqPpBP2/3P1N2/P3P3/2BQ3K w - - 1 32,1.0,w
r4k2/1p3P1R/4pb2/p1p5/b1qpPP2/5N2/P2QP3/2B4K w - - 0 34,1.0,w
r7/1p2kP1R/4p3/p1p1P3/b1qpP3/8/P2QP3/2B4K w - - 1 36,1.0,w
r4k2/1R1b4/4p3/p1p1P3/2qpP3/8/P2QP3/2B4K w - - 1 38,1.0,w
r4Q2/3R4/4p3/pqp1P3/3pP3/8/P3P3/2B4K b - - 0 40,1.0,b
2rr4/pp3pkp/5p2/3N4/1PP5/Pn6/2R2PPP/5BK1 w - - 1 25,0.0,w
2r5/pp3pkp/5p2/6r1/1PP5/PR6/5PPP/5BK1 w - - 1 27,0.0,w
4r3/pp3pkp/5p2/4r3/1PP5/PR1B1P2/6PP/6K1 w - - 1 29,0.0,w
8/pp3pkp/4rp2/1P6/2P5/PR1BrP2/5KPP/8 w - - 1 31,0.0,w
8/1p3pkp/1P2rp2/p7/2P5/PR1r1PP1/5K1P/8 w - - 0 33,0.0,w
8/1p1R1p1p/1r3pk1/p7/2P5/P4PP1/5K1P/8 w - - 0 35,0.0,w
8/1p1R1p1p/5pk1/p7/P1P5/5PPP/1r3K2/8 w - - 1 37,0.0,w
8/1p1R1p1p/6k1/p1P2p2/Pr6/5PPP/8/4K3 w - - 0 39,0.0,w
8/1p1R1p1p/6k1/p1P5/P4r2/5P1P/3K4/8 w - - 0 41,0.0,w
8/7p/1R3pk1/p1P5/P7/5r1P/3K4/8 w - - 0 43,0.0,w
8/7p/5pk1/pRP5/P6P/8/3K3r/8 w - - 3 45,0.0,w
8/5k1p/1R6/p1P2p2/P6P/2K5/7r/8 w - - 2 47,0.0,w
8/5k1p/1RP5/p6r/P4p2/2K5/8/8 w - - 0 49,0.0,w
8/7r/2P1k3/p7/P4p2/2K5/8/8 w - - 0 51,0.0,w
8/7r/2k5/p7/P2K1p2/8/8/8 w - - 0 53,0.0,w
8/7r/2k5/p4K2/P7/8/5p2/8 w - - 0 55,0.0,w
8/2r5/8/p1k3K1/P7/8/5p2/8 w - - 4 57,0.0,w
8/2r5/8/p7/Pk6/6K1/8/5q2 w - - 0 59,0.0,w
8/2r5/8/p4q1K/k7/8/8/8 w - - 2 61,0.0,w
8/8/8/p4q2/8/1k4K1/2r5/8 w - - 6 63,0.0,w
8/8/8/p4q2/8/1k4K1/2r5/8 b - - 10 65,0.0,b
8/8/8/5q2/p6K/1k6/2r5/8 w - - 1 68,0.0,w
8/8/8/5q2/p7/1k6/6K1/r7 w - - 5 72,0.0,w
8/8/8/5q2/7K/1k6/p7/r7 w - - 0 74,0.0,w
8/8/8/5q2/2k5/8/p6K/r7 b - - 4 76,0.0,b
8/8/8/5q2/2k5/8/p6K/3r4 b - - 8 78,0.0,b
8/8/8/5q2/2k5/8/7K/q5r1 b - - 3 80,0.0,b
r4rk1/ppn2ppp/5Q2/8/2P3b1/2N5/PP3PPP/3R1BK1 w - - 1 19,1.0,w
r4rk1/ppn2ppp/8/8/2P2Q2/2NB4/PPb2PPP/6K1 w - - 2 21,1.0,w
r1r5/ppn2ppk/8/8/2P2Q2/2N5/PP3PPP/6K1 w - - 0 23,1.0,w
r3r3/ppQ3pk/8/8/2P5/2N5/PP3PPP/6K1 w - - 1 25,1.0,w
7r/ppQ3pk/8/8/2P5/2N5/PP3PPP/4K3 w - - 1 27,1.0,w
4r3/pQ4p1/6k1/8/2P5/2N5/PP3PPP/5K2 w - - 3 29,1.0,w
8/4Q1p1/7k/8/2P5/2N5/PP3PPP/5K2 w - - 1 31,1.0,w
7k/6p1/4Q3/8/2P5/2N5/PP3PPP/5K2 w - - 5 33,1.0,w
7k/6p1/4Q3/6N1/2P5/8/PP3PPP/5K2 w - - 9 35,1.0,w
7k/5Q2/8/6p1/2P5/5N2/PP3PPP/5K2 w - - 0 37,1.0,w
r1bq1rk1/pp2pp1p/2n2npb/2pp4/Q4P2/2PP1NP1/PP2P1BP/R1B2RK1 w - - 6 9,1.0,w
1rb1qrk1/pp2pp1p/2n2npb/2Bp4/Q4P2/2PP1NP1/PP2P1BP/R4RK1 w - - 1 11,1.0,w
1r2qrk1/p3pp1p/1pn2npb/3p1b2/Q4P2/2PP1NP1/PP2PBBP/R2R2K1 w - - 2 13,1.0,w
3rqrk1/p3pp1p/1p3npb/3p1b2/3Q1P2/2PP2P1/PP2PBBP/R2R2K1 w - - 1 15,1.0,w
3rqr1k/p3pp1p/1p3npb/3p4/3Q1Pb1/2PP1B2/PP2PB1P/R2R2K1 w - - 0 17,1.0,w
3rqrk1/p3pp1p/5npb/1p1p4/3Q1P2/2PP3B/PP2PB1P/R2R2K1 w - - 0 19,1.0,w
4qr2/Q2rppkp/5npb/1p1p4/5P2/2PP3B/PP2PBKP/R2R4 w - - 1 21,1.0,w
4qrk1/3npp1p/6pb/1p1p4/3Q1P2/2PP4/PP2PBKP/R2R4 w - - 2 23,1.0,w
4qr1k/4pp1p/5npb/1p6/5P2/2PP1Q2/PP2PBKP/R2R4 w - - 3 25,1.0,w
4qr1k/3npp1p/6p1/1pB5/3P1b2/2P2Q2/PP2P1KP/R2R4 w - - 0 27,1.0,w
4qr1k/3npp1p/6p1/1pB5/3P4/2P2Q2/PP2P1KP/R2R4 w - - 3 29,1.0,w
4qr1k/4pp1p/5n2/1pB3p1/3P4/2P2Q2/PP2P1KP/R2R4 w - - 0 31,1.0,w
3r3k/4qp1p/5n2/1p4p1/3P4/2P2Q2/PP2P1KP/R3R3 w - - 2 33,1.0,w
7k/4qp1p/5n2/1p1r1Q2/3P2p1/2P1P3/PP4KP/R3R3 w - - 2 35,1.0,w
7k/4qp1p/5n2/1p1r4/3P2p1/2P1P3/PP3Q1P/R3R1K1 w - - 6 37,1.0,w
7k/4qp1p/8/1p1r4/3Pn3/2P1P1K1/PP3Q1P/R3R3 w - - 1 39,1.0,w
7k/5p1p/8/1p1r4/3P3q/2P1P3/PP3K1P/R3R3 w - - 1 41,1.0,w
7k/5p1p/8/1p4q1/3P4/2P5/PP4KP/R3R3 w - - 1 43,1.0,w
7k/5p1p/6q1/1p6/3P2K1/2P5/PP5P/R3R3 w - - 5 45,1.0,w
7k/5p1p/7q/1p6/3P4/2P1K3/PP5P/R3R3 w - - 9 47,1.0,w
7k/5p1p/8/1p6/3P4/2PK3q/PP2R3/R7 w - - 2 49,1.0,w
7k/5p1p/7q/1p6/3P4/2P5/PP1KR3/6R1 w - - 6 51,1.0,w
2q4k/5p1p/8/1p6/3P4/2P5/PPK5/4R1R1 w - - 10 53,1.0,w
2q4k/5p1p/8/8/3P4/2p3R1/PPK1R3/8 w - - 0 55,1.0,w
7k/5p1p/8/6q1/3P4/2R5/PP1KR3/8 w - - 3 57,1.0,w
7k/5p1p/8/5q2/3P4/4R3/PPK1R3/8 w - - 7 59,1.0,w
8/5pkp/8/1q6/3PR3/1K6/PP2R3/8 w - - 11 61,1.0,w
8/4qpkp/8/8/3P4/8/PPK1R3/8 w - - 0 63,1.0,w
8/5p1p/8/5k2/3P4/8/PPK5/4R3 w - - 3 65,1.0,w
8/5p1p/5k2/8/3P4/8/PP1K4/6R1 w - - 7 67,1.0,w
8/5p1p/6k1/8/3P4/8/PP1K4/7R w - - 11 69,1.0,w
8/5p1p/3P2k1/8/8/8/PP1K4/7R w - - 1 71,1.0,w
3Q4/5p2/6kp/8/8/8/PP1K4/5R2 b - - 1 73,1.0,b
5Q2/8/6kp/8/5R2/8/PP1K4/8 b - - 0 75,1.0,b
6Q1/8/5R1k/7p/8/8/PP1K4/8 b - - 3 77,1.0,b
3rr1k1/p3pp1p/1p1n2pP/8/P2b1B2/2Pq4/5PP1/1RQ1R1K1 w - - 0 28,0.0,w
3rr1k1/p3pp1p/1p4pP/P4n2/3q1B2/8/5PP1/1RQ1R1K1 w - - 1 30,0.0,w
3rr1k1/3qpp1p/1p4pP/5n2/8/4B3/5PP1/1RQ1R1K1 w - - 0 32,0.0,w
2r1r1k1/3qpp1p/1R4pP/8/8/4n3/5PP1/1Q2R1K1 w - - 0 34,0.0,w
2r1r1k1/q3pp1p/6pP/5n2/8/1R6/5PP1/1Q1R2K1 w - - 4 36,0.0,w
2r1r1k1/q3pp1p/6p1/6P1/6n1/1R6/5P2/1Q1R2K1 w - - 1 38,0.0,w
2r1r1k1/4pp1p/6p1/6P1/6n1/1R6/3R1P1q/4Q1K1 w - - 5 40,0.0,w
2r1r1k1/4pp1p/6p1/6P1/6n1/1R6/3RKP2/4q3 w - - 0 42,0.0,w
2rr2k1/4pp1p/6p1/4n1P1/8/1R6/1R3P2/4K3 w - - 3 44,0.0,w
3r4/4ppkp/6p1/2r1n1P1/8/7R/1R2KP2/8 w - - 7 46,0.0,w
8/3rppkp/2n3p1/2r3P1/5P2/7R/1R2K3/8 w - - 1 48,0.0,w
8/4ppkp/2n3p1/2r3P1/2r2P1R/8/1R3K2/8 w - - 5 50,0.0,w
8/4ppkp/2n3p1/6P1/5P1R/2r1K3/2r5/1R6 w - - 9 52,0.0,w
5k2/4pp1p/2n3p1/3K2P1/5P1R/2r5/2r5/3R4 b - - 13 54,0.0,b
5k2/4pp1p/2n3p1/2r3P1/2r2P1R/4K3/8/3R4 b - - 17 56,0.0,b
8/4ppkR/2n3p1/4r1P1/2r2P2/5K2/8/3R4 b - - 0 58,0.0,b
8/4pp1k/6p1/4n1P1/2r5/8/5K2/3R4 b - - 1 60,0.0,b
3R4/4pp1k/6p1/4nrP1/8/8/6K1/8 b - - 5 62,0.0,b
8/5p1k/4p1p1/4n1r1/8/8/3R1K2/8 b - - 1 64,0.0,b
8/5pk1/4p1p1/4nr2/8/8/2R5/6K1 b - - 5 66,0.0,b
8/5p2/4pkp1/4n2r/8/8/4R3/6K1 w - - 9 69,0.0,w
8/5p2/4pkp1/4n3/8/8/4r3/5K2 w - - 0 71,0.0,w
8/5p2/2n1p1p1/5k2/8/4K3/8/8 b - - 3 73,0.0,b
8/5p2/2n1p1p1/8/8/3K2k1/8/8 b - - 7 75,0.0,b
8/5p2/2n1p3/2K3p1/5k2/8/8/8 b - - 1 77,0.0,b
8/3K1p2/4p3/8/5k2/6p1/8/8 b - - 1 79,0.0,b
8/5p2/3Kp1k1/8/8/6p1/8/8 b - - 5 81,0.0,b
8/5p2/4p1k1/8/2K5/8/8/6q1 b - - 1 83,0.0,b
8/5p2/6k1/4p3/8/8/1K6/3q4 b - - 1 85,0.0,b
8/5p2/6k1/8/1K6/4p3/8/3q4 b - - 1 87,0.0,b
8/5p2/1K4k1/8/8/8/8/3qq3 b - - 1 89,0.0,b
8/3K1p2/6k1/4q3/8/8/8/1q6 b - - 5 92,0.0,b
8/1K3p2/6k1/4q3/8/8/8/4q3 b - - 9 94,0.0,b
8/1K3p2/6k1/4q3/8/8/8/3q4 b - - 13 96,0.0,b
r1bqkb1r/pppnpppp/8/1B1n4/8/8/PPPP1PPP/RNBQ1RK1 w kq - 0 5,1.0,w
r1bqkb1r/pppn1ppp/4p3/1B6/8/2n5/PPPP1PPP/R1BQR1K1 w kq - 0 7,1.0,w
r1bqk2r/pp1n1ppp/2pbp3/8/8/2PB4/PPP2PPP/R1BQR1K1 w kq - 2 9,1.0,w
r1bqk2r/pp3p1p/2pbpnp1/8/3Q4/2PB4/PPP2PPP/R1B1R1K1 w kq - 2 11,1.0,w
r1b1k2r/pp3p1p/2pb1qp1/4p3/3Q4/2PB4/PPP2PPP/R3R1K1 w kq - 0 13,1.0,w
r6r/pp2kp1p/2pb1qp1/4p3/3Q1Pb1/2PB4/PPP3PP/3RR1K1 w - - 1 15,1.0,w
r6r/pp2kp1p/2p1bqp1/4R3/3Q4/2PB4/PPP3PP/3R2K1 w - - 1 17,1.0,w
r4k1r/pQ3p1p/4bqp1/2p1R3/8/2PB4/PPP3PP/3R2K1 w - - 1 19,1.0,w
Q6r/p4pkp/4q1p1/2p5/8/2PB4/PPP3PP/3R2K1 w - - 0 21,1.0,w
2r5/Q4pkp/5qp1/2p5/8/2PB4/PPP2KPP/3R4 w - - 3 23,1.0,w
2r5/Q4pkp/6p1/2p2B2/8/2P1q3/PPP3PP/3R2K1 w - - 7 25,1.0,w
2r1q3/3Q1pkp/8/2p2p2/8/2P5/PPP3PP/3R3K w - - 2 27,1.0,w
4qk2/2r2p1p/8/2p3Q1/8/2P5/PPP3PP/3R3K w - - 3 29,1.0,w
4qk2/2r2p1p/8/2p3Q1/8/2P5/PPP3PP/3R3K w - - 7 31,1.0,w
3rr1k1/pn2pp1p/1p4pP/8/P2b4/2Pq4/3B1PP1/1RQ1R1K1 w - - 0 27,1.0,w
4r1k1/pn2pp1p/1p4pP/8/P1rP4/3q4/3B1PP1/1R1QR1K1 w - - 3 29,1.0,w
4r1k1/pn2pp1p/1p4pP/8/P1r5/1Q6/3B1qPK/1R2R3 w - - 0 31,1.0,w
4r1k1/p3pp1p/1p1n2pP/8/P7/1Q6/3q2PK/1R2R3 w - - 0 33,1.0,w
4r1k1/p3pp1p/1p1n2pP/8/P7/1Q4P1/5q1K/1R1R4 w - - 1 35,1.0,w
4r1k1/p3pp1p/1p1n2pP/8/P4qP1/1Q5K/8/1R1R4 w - - 1 37,1.0,w
4r2k/p3pp1p/1p1n2pq/8/P5P1/1Q4K1/8/1R2R3 w - - 2 39,1.0,w
4r2k/p3pp1p/1p4pq/8/P5Pn/1Q6/6K1/3RR3 w - - 6 41,1.0,w
4r2k/p3pp1p/1p5q/5p2/P7/1Q4K1/8/3RR3 w - - 0 43,1.0,w
4r2k/p3pQ1p/1p6/5p2/P4q2/8/5K2/3RR3 w - - 3 45,1.0,w
3r3k/p3pQ1p/1p6/4qp2/P7/8/3K4/3RR3 w - - 7 47,1.0,w
5r1k/p3pQ1p/1p6/5p2/P7/2q5/8/1K1RR3 w - - 11 49,1.0,w
4rrk1/1pb2pp1/p1p1q3/P1Pp1b1n/1P1BnP2/3BPN1p/RQ4PP/5RK1 b - - 1 23,0.0,b
4rrk1/1pb2pp1/p1p1q3/P1Pp3n/1P1BBP2/4PN1b/RQ4pP/4R1K1 b - - 0 25,0.0,b
4rrk1/1p3pp1/p1p5/P1Pp3n/1P1B1bq1/4PN1b/RQ4pP/3BR1K1 b - - 1 27,0.0,b
1b2rr1k/1p3pp1/p1p5/P1Pp3n/1P1B2q1/4PN1b/R3B1pP/1Q2R1K1 b - - 5 29,0.0,b
1bq1rr1k/1p3pp1/p1p5/P1Pp1b1n/1P1B4/3BPN2/3R2pP/1Q2R1K1 b - - 9 31,0.0,b
2q1rr1k/1p3pp1/p1p5/P1Pp3n/1P1B4/3QP3/3R2pN/4R1K1 b - - 0 33,0.0,b
2q2r1k/1p3pp1/p1p5/P1Pp3n/1P1B4/4Q3/6RN/4R1K1 b - - 0 35,0.0,b
2q2r2/1p3p1k/p1p3p1/P1Pp3n/1P1B4/3Q1N2/6R1/4R1K1 b - - 1 37,0.0,b
2q2r2/1p3p1k/p1p3p1/P1Pp4/1P1B4/3Q1N1R/8/4R1K1 b - - 0 39,0.0,b
5r2/1p3p2/p1p2Bpk/P1Pp2N1/1P6/3Q3q/8/4R1K1 b - - 3 41,0.0,b
5r2/1p3p2/p1p2Bpk/P1Pp2N1/1P6/8/3q4/4RK2 b - - 3 43,0.0,b
5r2/1p3p2/p1p2qpk/P1Pp2N1/1P6/8/6K1/5R2 b - - 1 45,0.0,b
5r2/1p3p2/p1p3pk/P1Pp1q2/1P6/8/6K1/5R2 b - - 3 47,0.0,b
5r2/1p3p2/p1p3pk/P1P3q1/1P1p4/8/5K2/R7 b - - 1 49,0.0,b
5r2/1p3pk1/p1p3p1/P1P3q1/1P6/3p4/5K2/3R4 b - - 3 51,0.0,b
r1b1r1k1/pp3ppp/1npq1n2/3pp3/2PP4/1P2P2P/P3NPP1/1BRQ1RK1 w - - 1 14,0.0,w
r1b1r1k1/pp3ppp/1qp2n2/3pp3/3P4/1P2P2P/P3NPP1/1BRQ1RK1 w - - 0 16,0.0,w
r1b2k2/pp3ppp/1qp2n2/3pr3/8/1P2P2P/P3NPP1/1BRQR1K1 w - - 0 18,0.0,w
r4k2/pp1b1ppp/1q3n2/2ppr3/3N4/1P2PQ1P/P4PP1/1BR1R1K1 w - - 0 20,0.0,w
4rk2/pp1brppp/1q3n2/2pp4/5Q2/1P2PN1P/P4PP1/1BR1R1K1 w - - 4 22,0.0,w
4r1k1/pp2rppp/1qb2n2/2pp4/5Q2/1P1BPN1P/P4PP1/2RR2K1 w - - 8 24,0.0,w
4r1k1/pp2rppp/1qb2n2/8/3p1Q2/1P1BP2P/P1R2PP1/3R2K1 w - - 0 26,0.0,w
4r1k1/pp1r1ppp/2b2n2/8/3P4/1P1B3P/P1R2PP1/3R2K1 w - - 1 28,0.0,w
3r2k1/pp3ppp/2b2n2/8/2BP4/1P5P/P1RR1PP1/4r1K1 w - - 5 30,0.0,w
3rr1k1/pp3ppp/5n2/3b4/2BP4/PP5P/2RR1PPK/8 w - - 1 32,0.0,w
4r1k1/ppR2ppp/8/3r4/3Pn3/PP5P/3R1PPK/8 w - - 2 34,0.0,w
4r1k1/R4ppp/8/3r4/3P4/Pn5P/5PPK/8 w - - 0 36,0.0,w
4r1k1/5ppp/8/3r1n2/8/P6P/1R3PPK/8 w - - 2 38,0.0,w
4r1k1/5ppp/3n4/1R6/8/P2r2PP/5P1K/8 w - - 3 40,0.0,w
6k1/5ppp/3n4/3r4/8/P5PP/4rPK1/8 w - - 2 42,0.0,w
6k1/5ppp/3n4/3r4/r6P/6P1/5PK1/8 w - - 0 44,0.0,w
6k1/5ppp/3n4/4r3/r7/5KP1/5P2/8 w - - 2 46,0.0,w
8/4kppp/3n4/4r3/r7/5KP1/5P2/8 w - - 6 48,0.0,w
8/3k1ppp/3n4/4r3/8/r5PK/5P2/8 w - - 10 50,0.0,w
8/3k1ppp/3n4/8/8/r5PK/5r2/8 w - - 0 52,0.0,w
8/3k1p1p/3n2p1/6K1/8/6r1/5r2/8 w - - 0 54,0.0,w
4n3/3k1pKp/6p1/8/8/7r/5r2/8 w - - 4 56,0.0,w
8/3k1pKp/4n1p1/8/8/7r/5r2/8 w - - 8 58,0.0,w
7K/5p1p/4n1p1/2k5/8/7r/5r2/8 b - - 13 65,0.0,b
6K1/5p1p/4n1pr/2k5/8/8/5r2/8 w - - 17 69,0.0,w
6K1/5p1p/3kn2r/6p1/8/8/5r2/8 w - - 0 72,0.0,w
6K1/5p1p/3k3r/8/5np1/8/5r2/8 w - - 2 74,0.0,w
8/6Kp/3k2n1/7r/6p1/8/5r2/8 w - - 3 76,0.0,w
8/6Kp/3k2n1/8/8/6p1/5r2/7r w - - 2 78,0.0,w
8/6Kp/3k2n1/8/8/8/5r2/6qr w - - 0 80,0.0,w
8/6K1/3k2n1/7p/8/8/5r2/6qr w - - 0 82,0.0,w
8/4n1K1/3k4/8/7p/8/5r2/6qr w - - 2 84,0.0,w
7K/4n3/3k4/8/7p/7r/5r2/6q1 b - - 6 86,0.0,b
7K/8/2n5/3k4/7p/7r/5r2/6q1 b - - 10 90,0.0,b
r7/7K/2n5/3k4/7p/7r/8/6q1 w - - 14 95,0.0,w
5r1k/2p3b1/1p1p1npp/pPnPp3/P3Pq2/3P1P2/2R3BP/3QR2K b - - 3 38,1.0,b
5r1k/2p3b1/1p1p1npp/pPnP2q1/P2QP3/5P2/2R3BP/4R2K b - - 0 40,1.0,b
5r1k/2p3b1/1p1p1npp/pPnP2q1/P3PP2/8/2R3BP/3QR2K b - - 0 42,1.0,b
4nr1k/2p3b1/1p1P2pp/pPnP4/P4P1q/8/2R3BP/3QR2K b - - 0 44,1.0,b
5r1k/2p5/1p1n2pp/pPnP4/P4P1q/8/1b4BP/1R1QR2K b - - 3 46,1.0,b
5r1k/2p3b1/1p1nR1pp/pP1P4/n4P1q/8/6BP/2RQ3K b - - 1 48,1.0,b
5r1k/2p3b1/1p1n2Rp/pP1P4/5q2/2n5/2Q3BP/2R4K b - - 0 50,1.0,b
5R1k/2p3b1/1p1n2Rp/pn1Pq3/8/8/2Q3BP/7K b - - 0 52,1.0,b
5b2/2p4k/1p1nR2p/pn1Pq3/8/8/6BP/2Q4K b - - 3 54,1.0,b
5bk1/2p3q1/1p1nR2p/pn1P4/8/8/6BP/5Q1K b - - 7 56,1.0,b
5bk1/2p4q/1p1nR2p/pn1P4/8/6Q1/6BP/7K b - - 11 58,1.0,b
6k1/2p3bq/1p2R2p/pn1P1n2/8/7Q/6BP/6K1 b - - 15 60,1.0,b
6k1/2p2q2/1p2R2p/pn1P1n2/3b2Q1/8/6BP/5K2 b - - 19 62,1.0,b
6k1/2p2qb1/1p5p/pn1P4/3n2Q1/4RB2/7P/5K2 b - - 23 64,1.0,b
6k1/2p3b1/1p5p/pn1q4/6Q1/4R3/7P/5K2 b - - 1 66,1.0,b
4R1k1/2p3b1/1p6/pn5p/6Q1/8/4K2P/7q b - - 1 68,1.0,b
5rk1/1pb2pp1/p1p1r1q1/P1Pp1b1n/1P1B1P2/2nBPN1p/R5PP/3Q1RK1 w - - 6 26,1.0,w
5rk1/1pb2pp1/p1p1r1q1/P1Pp3n/1P3P2/2BbPN2/R5pP/3QR1K1 w - - 0 28,1.0,w
4r1k1/1pb2pp1/p1p1r2q/P1Pp3n/1P3P2/2BQPN2/6RP/4R1K1 w - - 1 30,1.0,w
4r1k1/1p3pp1/p1p1r2q/P1Pp4/1P3n2/2BQ1N2/5KRP/4R3 w - - 0 32,1.0,w
4r1k1/1p3pp1/p1p4q/P1Pp4/1P6/2B2NKn/6RP/4rQ2 w - - 0 34,1.0,w
6k1/1p3pp1/p1p5/P1Pp4/1P3q2/5N1K/6RP/4rQ2 w - - 0 36,1.0,w
4Q1k1/1p3pp1/p1p5/P1Pp4/1P6/5qRK/7P/8 b - - 2 38,1.0,b
8/1p3ppk/p1p5/P1Pp4/1P5K/4Q1R1/7P/8 b - - 0 40,1.0,b
4Q1k1/1p3pp1/p1p5/P1P5/1P1p3K/6R1/7P/8 b - - 3 42,1.0,b
8/6Qk/ppp5/P1P5/1P1p3K/6R1/7P/8 b - - 0 44,1.0,b
2b2rk1/1p5p/2pb2p1/P2p2P1/2nB4/1NP5/4B3/R5K1 b - - 0 36,1.0,b
2b2rk1/1p5p/P1p3p1/3p2P1/2n5/1NP1B3/4B3/R5K1 b - - 0 38,1.0,b
Q4rk1/1p5p/2p3p1/3p1bP1/8/1NP1n3/4B3/R5K1 b - - 0 40,1.0,b
1R6/1p3k1p/2p3p1/3p1bP1/8/1NP1n3/4B3/6K1 b - - 2 42,1.0,b
4k3/1R6/2p3pP/3p1b2/8/1NP1n3/4B3/6K1 b - - 0 44,1.0,b
2k5/6RP/2p3p1/3p1b2/8/1NP1n3/4B3/6K1 b - - 2 46,1.0,b
r1bq1rk1/pp2ppbp/2n2np1/2p5/Q2p1P2/2PP1NP1/PP1BP1BP/R4RK1 b - - 1 9,1.0,b
r4rk1/pp2ppbp/1qn2np1/2p5/Q2p1Pb1/2PP1NP1/PP1BP1BP/1RR3K1 b - - 5 11,1.0,b
r1r3k1/pp2pp1p/1qn2npb/2p5/Q2P1Pb1/3P1NP1/PP1BPKBP/1RR5 b - - 0 13,1.0,b
r1rn2k1/pp2pp1p/1q3npb/8/Q2p1PP1/3P1NP1/PP1BPKB1/1RR5 b - - 0 15,1.0,b
r2n2k1/pp2pp1p/5npb/8/Q2p1PP1/3P1NPB/Pq1BPK2/2R5 b - - 1 17,1.0,b
r2n2k1/pp2pp1p/1q3np1/6P1/Q2p4/3P1NPB/P2BPK2/2R5 b - - 0 19,1.0,b
r2n2k1/pp1Qpp1p/1q3Pp1/8/3p4/3P1NPB/P2BPK2/2R5 b - - 0 21,1.0,b
r2n4/pp2ppkp/5qp1/8/Q2p4/3P1NPB/P2BPK2/2R5 b - - 3 23,1.0,b
4r3/pp2ppkp/4nqp1/8/3p4/3P1NPB/P2BPK2/2R4Q b - - 7 25,1.0,b
2R2k2/pp2pp1p/4nqp1/8/3p4/3P1NPB/P2BPK2/7Q b - - 0 27,1.0,b
2R5/pp2ppkp/5qp1/8/3p1B2/P2P1NPB/4PK2/7Q b - - 0 29,1.0,b
2R5/pp2ppkp/6p1/q3B3/3p4/P2P1NPB/4PK2/2Q5 b - - 4 31,1.0,b
2R5/pp1Bp1kp/q4pp1/8/3B4/P2P1NP1/4PK2/2Q5 b - - 2 33,1.0,b
2R5/pp2pk1p/3q1ppQ/8/3B4/P2P1NPB/4PK2/8 b - - 6 35,1.0,b
7k/1Q1b1nrp/3q4/p1p2pPR/2Pp4/3P4/P3PK2/2B5 b - - 0 35,1.0,b
Q6k/3b2rp/6q1/p1p2pn1/2Pp3R/3P4/P3PK2/2B5 b - - 1 37,1.0,b
Q3b2k/6rp/6q1/2p2pB1/p1PR4/3P4/P3PK2/8 b - - 0 39,1.0,b
3Qb2k/5qrp/8/2P2pB1/p2p4/3P4/P3PK2/8 b - - 2 41,1.0,b
4b1k1/5qr1/7p/2P2p2/p2Q1B2/3P4/P3PK2/8 b - - 0 43,1.0,b
4b1k1/8/2P3rB/5p2/p2Q4/3P4/q3PK2/8 b - - 0 45,1.0,b
8/2Q2k2/2b3rB/5p2/p7/3P4/q3PK2/8 b - - 3 47,1.0,b
8/8/2b3rB/5p2/p7/3P4/Q3PK2/8 b - - 0 50,1.0,b
8/8/4Q2B/5p2/p7/3P4/4PK2/8 b - - 0 52,1.0,b
8/p4pk1/1p1n1p1p/P2P3P/1P1K1PP1/3B4/8/8 b - - 0 38,1.0,b
8/pn3pk1/P4p1p/3P3P/3K1PP1/3B4/8/8 b - - 0 40,1.0,b
3n4/p3kp2/P4p1p/3P3P/4KPP1/3B4/8/8 b - - 4 43,1.0,b
8/p3kp2/P1P4p/5K1P/5PP1/3B4/8/8 b - - 0 45,1.0,b
2k5/p4p2/P1P2K1p/7P/4BPP1/8/8/8 b - - 4 47,1.0,b
8/p5K1/PkP4p/7P/4BPP1/8/8/8 b - - 2 49,1.0,b
2k5/p4K2/P1P4p/6PP/4BP2/8/8/8 b - - 0 51,1.0,b
8/p1k2K2/P1P4P/6P1/4B3/8/8/8 b - - 0 53,1.0,b
7Q/p4K2/P1P5/2k3P1/4B3/8/8/8 b - - 0 55,1.0,b
3Q4/p1P2K2/P7/1k4P1/4B3/8/8/8 b - - 0 57,1.0,b
1Q1Q4/p4K2/P7/1k4P1/4B3/8/8/8 b - - 2 59,1.0,b
8/k1Q2K2/8/6P1/4B3/8/8/8 b - - 1 61,1.0,b
3rr1kb/pn2pp1p/1p4pP/8/P2P4/2Pq4/3B1PP1/1RQ2RK1 w - - 0 26,0.0,w
3rrk1b/p3pp1p/1p1n2pP/8/P2P1B2/2Pq4/5PP1/1RQ1R1K1 w - - 4 28,0.0,w
4rk1b/p3pp1p/1p3rpP/8/P2P1Q2/2Pq4/5PP1/1R2R1K1 w - - 2 30,0.0,w
4rk1b/p3pp1p/1p3rpP/4Q3/P2P4/5qP1/5P2/1R2R1K1 w - - 1 32,0.0,w
4rk1b/p3pp1p/1p1r2pP/8/P2P4/6P1/4RP2/1R4K1 w - - 1 34,0.0,w
4rk2/p3pp1p/1p4pP/8/P2b4/6P1/4RP2/6K1 w - - 0 36,0.0,w
3r1k2/p3pp1p/1p3bpP/8/P7/6P1/4RPK1/8 w - - 4 38,0.0,w
3r1k2/p3pp1p/1p4pP/8/P3R3/2b3P1/5P2/6K1 b - - 8 40,0.0,b
5k2/p3pp1p/1p4pP/8/P2r4/6P1/3bRP2/6K1 b - - 12 42,0.0,b
8/p3ppkp/1p4pb/8/P2r4/6P1/5P2/R5K1 b - - 3 44,0.0,b
8/p3pp1p/1p4pb/4k3/P2r4/6P1/5PK1/7R b - - 7 46,0.0,b
8/p3pp1R/1p4p1/4k3/8/6P1/r4PK1/8 b - - 0 48,0.0,b
8/p3pp2/1p3kp1/8/r7/6P1/5PK1/4R3 b - - 4 50,0.0,b
8/p3pp2/1p3kp1/8/4K3/2r3P1/5P2/4R3 b - - 8 52,0.0,b
8/p3pp2/1pr2kp1/8/8/3K2P1/5P2/R7 b - - 12 54,0.0,b
8/4pp2/1p1r1kp1/p7/8/6P1/2K2P2/1R6 b - - 1 56,0.0,b
8/4pp2/1p1r1kp1/p7/8/6P1/2K2P2/1R6 b - - 5 58,0.0,b
8/4pp2/1p1r1kp1/8/1K6/p5P1/5P2/1R6 b - - 1 60,0.0,b
8/4pp2/1p3kp1/8/1K1r4/6P1/p4P2/R7 w - - 2 63,0.0,w
2r5/4pp2/1p3kp1/8/8/2K3P1/R4P2/8 b - - 1 65,0.0,b
8/4pp2/1p3kp1/8/8/5PP1/2r5/8 b - - 0 67,0.0,b
8/4pp2/1p4p1/5P2/4k3/6P1/2r5/8 b - - 0 69,0.0,b
r2qkb1r/pp2pppp/2n2n2/2pp4/5Pb1/2PP1NP1/PP2P2P/R1BQKB1R w KQkq - 1 6,1.0,w
r3kb1r/pp2pppp/2n2n2/2qp4/5Pb1/2PP1NP1/PP2P2P/R2QKB1R w KQkq - 0 8,1.0,w
r2k1b1r/pp2pppp/1qn2n2/3p4/3P1Pb1/2P2NP1/PP2P2P/R1Q1KB1R w KQ - 3 10,1.0,w
r2k1b1r/pp2pppp/2n2n2/3p4/3P1Pb1/2PqPNP1/PP4BP/R1Q1K2R w KQ - 1 12,1.0,w
r4b1r/pp1kpppp/2n2n2/3p4/3PqPb1/2P1PNP1/PP2B2P/R1Q1K2R w KQ - 5 14,1.0,w
r4b1r/pp1kpppp/2n2n2/3p4/3P1P2/2PqPBP1/PP3K1P/R1Q4R w - - 1 16,1.0,w
r4b1r/pp1kpppp/2n2n2/8/2PP1P2/3qP1P1/PP3K1P/R1Q4R w - - 1 18,1.0,w
r4b1r/pp1kpppp/2n2n2/8/2PP1Pq1/4P1P1/PP2RK1P/R1Q5 w - - 5 20,1.0,w
3r1b1r/pp1kpppp/2n1qn2/8/2PP1P2/4P1P1/PP2RK1P/3R3Q w - - 9 22,1.0,w
3r1b1r/pp1kpppp/2n2q2/3P4/2P2Pn1/4P1P1/PP2R2P/3RK2Q w - - 3 24,1.0,w
3R1b1r/pp2pppp/2P1k3/5q2/2P2Pn1/4P1P1/PP2R2P/4K2Q w - - 1 26,1.0,w
5b1r/pPq1pppp/4k3/8/2P2Pn1/4P1P1/PP1RR2P/4K2Q w - - 3 28,1.0,w
5b1r/pPq1pppp/4k3/6Q1/2P2Pn1/4P1P1/PP1RR2P/4K3 w - - 7 30,1.0,w
5b1r/pPq1pppp/8/3R1PQ1/2P1k1n1/4P1P1/PP2R2P/4K3 w - - 3 32,1.0,w
r1bq1rk1/ppnn1ppp/4p3/2b5/2P5/2NB1Q2/PP3PPP/R1B1R1K1 b - - 1 12,0.0,b
r1bqr1k1/ppn2ppp/1n2p3/2b5/2P5/2NB1Q2/PP1B1PPP/3RR1K1 b - - 5 14,0.0,b
r2qr1k1/pQnb1ppp/1n2p3/8/2P5/2NB4/PP1B1KPP/3RR3 b - - 0 16,0.0,b
r2qr1k1/pQnb1ppp/1n2p3/8/2P5/2NBB1K1/PP4PP/3RR3 b - - 4 18,0.0,b
r2qr1k1/p1nb1ppp/1n2p3/8/2P5/2NBBQK1/PP4PP/3R1R2 b - - 8 20,0.0,b
2rqr2k/p1nb1ppp/1P2p3/8/8/2NBBQK1/PP4PP/3R1R2 b - - 0 22,0.0,b
2rqQ2k/p4ppp/1P2p3/3n4/8/2NBB1K1/PP4PP/3R1R2 b - - 0 24,0.0,b
2r1q2k/p4ppp/1P6/3p4/8/3BBK2/PP4PP/3R1R2 b - - 1 26,0.0,b
r3q2k/5ppp/1B6/3p4/8/P2B1K2/1P4PP/3R1R2 b - - 0 28,0.0,b
r5k1/5ppp/8/3p4/q2B4/P4K2/1PB3PP/3R1R2 b - - 4 30,0.0,b
r5k1/5ppp/8/3p4/3B4/P4q2/1P4PP/2R2R2 w - - 0 33,0.0,w
7k/5n1p/2b3r1/2p3PR/p1Pp4/3P4/P3PK2/2B5 w - - 0 40,0.0,w
8/6kp/2b3r1/2p3nR/p1Pp4/3P4/PB2PK2/8 w - - 2 42,0.0,w
8/6kp/6r1/2p4R/p1Ppb3/8/PB3K2/8 w - - 0 44,0.0,w
8/6kp/8/2p4R/p1Ppb3/8/Pr6/4K3 w - - 0 46,0.0,w
8/7p/5k2/2p5/p1Pp2R1/3b4/Pr6/4K3 w - - 4 48,0.0,w
8/7p/8/2p3k1/p1Pp4/3b4/P4r2/4K3 w - - 0 50,0.0,w
8/7p/8/2p3k1/2bp4/p4K2/P7/8 w - - 0 52,0.0,w
8/7p/8/2p2k2/2bp4/p7/P4K2/8 w - - 4 55,0.0,w
8/7p/5k2/2p5/3p4/p7/b7/3K4 w - - 0 57,0.0,w
8/7p/5k2/2p5/2bp4/8/p1K5/8 w - - 0 59,0.0,w
8/7p/5k2/2p5/2b5/K2p4/8/q7 w - - 0 61,0.0,w
7k/1B1b1nrp/3qp3/p1p2nPR/2Pp4/3P4/P3PK2/2B4Q b - - 0 34,0.0,b
7k/1B1b1nrp/4p3/p1p3PR/2Pp4/3PB1q1/P3P3/5K1Q b - - 0 36,0.0,b
7k/3b1nrp/4p3/p1p3PR/2P5/3PpB2/P3P3/5K2 b - - 0 38,0.0,b
7k/3b3p/4p3/p1p3n1/2P5/3PpB2/P3P1K1/8 b - - 1 40,0.0,b
8/6kp/2b1p3/p1p3n1/2P3B1/3Pp1K1/P3P3/8 b - - 5 42,0.0,b
8/7p/2b1pk2/2p3n1/p1P3B1/3PK3/P3P3/8 b - - 0 44,0.0,b
8/7p/2b2k2/2p1p1n1/2P3B1/p2PK3/P3P3/8 b - - 1 46,0.0,b
8/7p/2b2k2/6n1/2PKp1B1/p7/P3P3/8 b - - 0 48,0.0,b
8/3b3p/5k2/6nB/2P1p3/p1K5/P3P3/8 b - - 4 50,0.0,b
8/7p/2b1nk2/7B/2P1p3/K7/P3P3/8 b - - 0 52,0.0,b
8/7p/2b2k2/8/2P2nB1/4p3/PK2P3/8 b - - 3 54,0.0,b
8/7p/5k2/8/P1P2nB1/2K1p3/4P1b1/8 b - - 2 56,0.0,b
8/7p/2b2k2/8/P1P5/2K1p3/8/3B4 b - - 2 58,0.0,b
8/7p/5k2/8/bKP5/8/4B3/8 b - - 1 60,0.0,b
4b3/7p/8/2P1k3/8/2K5/4B3/8 b - - 2 62,0.0,b
8/7p/8/1bPk4/8/2K5/8/8 w - - 1 65,0.0,w
8/7p/b7/2k5/8/4K3/8/8 w - - 2 67,0.0,w
8/7p/b7/4k3/8/8/2K5/8 w - - 6 69,0.0,w
8/8/b7/4k3/K6p/8/8/8 w - - 0 71,0.0,w
8/8/bK6/4k3/8/8/7p/8 w - - 0 73,0.0,w
8/8/8/4k3/K7/8/8/5b1q w - - 0 75,0.0,w
8/8/8/4k3/8/3q4/2K5/5b2 w - - 4 77,0.0,w
8/8/8/4k3/8/3q4/K7/3b4 w - - 8 79,0.0,w
8/8/8/4k3/8/3q4/8/2Kb4 w - - 12 81,0.0,w
8/8/8/4k3/2b5/K2q4/8/8 w - - 16 83,0.0,w
8/8/3q4/2K1k3/8/8/b7/8 w - - 20 85,0.0,w
8/8/1q6/3bk3/K7/8/8/8 w - - 24 87,0.0,w
r3r1k1/1p1b1ppp/p1pq1n2/4n3/3N4/1P2P2P/P1Q2PP1/1BR2RK1 w - - 0 18,0.0,w
r3r1k1/1p2qppp/p1p2n2/4nb2/8/1P2P2P/P1Q2PP1/1BRR2K1 w - - 0 20,0.0,w
2r1r1k1/1p2qppp/p1p2n2/6Q1/8/1P2Pn1P/P4PP1/1BRR2K1 w - - 3 22,0.0,w
r3r1k1/1p3ppp/p1p2n2/5BQ1/8/qP2PP1P/P4P2/2RR2K1 w - - 3 24,0.0,w
r3r2k/5ppp/p1p2n2/5BQ1/8/qP2PP1P/P4PK1/3R4 w - - 2 26,0.0,w
4r2k/r4ppp/p1p2nB1/2q5/7Q/1P2PP1P/P4PK1/3R4 w - - 6 28,0.0,w
4r2k/5rpp/p1p2n2/6q1/Q7/1P2PP1P/P4PK1/3R4 w - - 2 30,0.0,w
4r2k/5rpp/2p2n2/p3q3/Q7/1P2PP1P/P4P2/3R2K1 w - - 0 32,0.0,w
4r2k/5rpp/2p2n2/p7/Q4P2/1P2P2P/P2R1P2/2q3K1 w - - 3 34,0.0,w
7k/5rpp/2Q2n2/p7/5P2/1P2r2P/P2q1PK1/8 w - - 0 36,0.0,w
7k/5rpp/1Q3n2/p2q4/5P2/1P5P/P3rP1K/8 w - - 4 38,0.0,w
1Q2n2k/5rpp/8/p2q4/5P2/PP5P/5r1K/8 w - - 0 40,0.0,w
1Q2n2k/6pp/8/p7/5r1K/PP3q1P/5r2/8 w - - 0 42,0.0,w
7k/6pp/5n2/p6K/5q2/PP5P/5r2/8 w - - 2 44,0.0,w
5r1k/2p3b1/1p1p2pp/pPnPp2n/P3Pq2/3P1P2/2R3BP/3QR2K b - - 5 39,0.0,b
5r1k/2p3b1/1p1p1npp/pPnPp3/P3P2q/3P1P2/2R1R1BP/3Q2K1 b - - 9 41,0.0,b
5r1k/2p3b1/1p1p3p/pPnPp1pn/P3P2q/3P1P1P/2RQR1B1/6K1 b - - 0 43,0.0,b
5r1k/2p3b1/1p1p3p/pPnPp1p1/P3P2q/3PRP1B/2RQ4/6K1 b - - 0 45,0.0,b
5r1k/2p3b1/1p1p3p/pPnPp1p1/P3P3/3PRPq1/6R1/2Q3K1 b - - 3 47,0.0,b
5r1k/2p2qb1/1p1p3p/pPnPp1p1/P3P3/3PRP2/6R1/2Q3K1 b - - 7 49,0.0,b
2r4k/2p2qb1/1p1p3p/pP1Pp1p1/n3P3/3PRP2/2RQ4/6K1 b - - 3 51,0.0,b
6k1/2r2qb1/1p1p3p/pP1Pp1p1/n3P3/3PRP2/5Q2/6K1 b - - 1 53,0.0,b
6k1/5qb1/1p1p3p/pP1Pp1p1/n3P3/3P1P2/8/4Q1K1 b - - 0 55,0.0,b
6k1/6b1/1p1p3p/pP1Pp1p1/n3P1q1/3P4/7K/Q7 b - - 3 57,0.0,b
6k1/6b1/1p1p3p/pP1Pp1p1/n3P1q1/3P4/5K2/Q7 b - - 7 59,0.0,b
8/5kb1/1p1p3p/pPnPp1p1/4P1q1/3P4/3Q1K2/8 b - - 11 61,0.0,b
8/5kb1/1p1p3p/pP1Pp1p1/4P2q/1n1P1K2/5Q2/8 b - - 15 63,0.0,b
8/5kb1/1p1p3p/pP1Pp1p1/3nP3/3P4/5K2/8 b - - 0 65,0.0,b
8/5kb1/1p1p3p/pn1Pp3/4P1p1/3P4/4K3/8 b - - 1 67,0.0,b
8/5kb1/1p1p3p/1n1Pp3/p3P3/3P2K1/8/8 b - - 0 69,0.0,b
8/5kb1/1p1p3p/1n1Pp3/4P3/3P4/p7/4K3 b - - 1 71,0.0,b
8/q4kb1/1p1p3p/1n1Pp3/4P3/3PK3/8/8 b - - 3 73,0.0,b
8/5kb1/1p1p3p/1n1Pp3/3PP3/5K2/3q4/8 b - - 0 75,0.0,b
8/5k2/1p1p3p/1n1Pb3/3p2K1/8/3q4/8 b - - 1 77,0.0,b
8/5k2/1p1p3p/1n1Pb3/3p2K1/8/8/5q2 b - - 5 79,0.0,b
8/5k2/1p1p4/1n1Pb1Kp/3p4/8/8/4q3 b - - 1 81,0.0,b
8/5k2/1p1p4/1n1Pb3/3p2Kp/4q3/8/8 b - - 1 83,0.0,b
8/2n2k2/1p1p4/3Pb3/6K1/3pq3/8/8 b - - 1 85,0.0,b
r1b1k2r/pp1q1pbp/2nnp1p1/7P/8/2P3N1/P1BP1PP1/R1BQ1RK1 w kq - 0 14,0.0,w
r1bk3r/pp1q1pbp/2n1p1p1/7P/2n5/2P3N1/P1BP1PP1/R1BQ1RK1 w - - 4 16,0.0,w
r1bk3r/pp1q1p1p/4p1p1/7P/1Pn5/6N1/P1BP1PP1/b1B1QRK1 w - - 0 18,0.0,w
r1bk3r/pp3q1p/4p3/8/1Pn5/6N1/P1BP1PP1/b1B1QRK1 w - - 0 20,0.0,w
r1b4r/pp2kq1p/4p3/8/1P6/1B4N1/P2Q1PP1/b1B2RK1 w - - 1 22,0.0,w
r1b1k2r/pp3q1p/4pb2/2Q5/1P6/1B4N1/P4PP1/2B2RK1 w - - 5 24,0.0,w
r1b1k2r/pp3q1p/4p3/8/1P2Q3/1B4b1/P4PP1/2B2RK1 w - - 0 26,0.0,w
r1b1k2r/pp6/4p1p1/8/1P6/1B4P1/P5P1/2B2RK1 w - - 0 28,0.0,w
r1b5/pp2k2r/4pRp1/8/1P6/1B4P1/PB4P1/6K1 w - - 4 30,0.0,w
r7/pp1bk1r1/4p3/8/1P6/1B4P1/PB4P1/6K1 w - - 0 32,0.0,w
r7/pp3k2/2b1p3/8/1P1B4/1B4P1/P5P1/6K1 w - - 3 34,0.0,w
r7/pp3k2/8/3p4/1P1B4/6P1/P4KP1/8 w - - 0 36,0.0,w
r7/Bp6/8/3pk3/1P6/5KP1/P5P1/8 w - - 2 39,0.0,w
8/1p6/8/3pk3/1P4P1/4K3/r5P1/8 w - - 0 41,0.0,w
8/1p6/8/4k1P1/1P6/3p1K2/r5P1/8 w - - 0 43,0.0,w
8/1p4P1/8/4k3/1P6/5K2/r5P1/3q4 w - - 0 45,0.0,w
8/1p4P1/8/8/1P3k2/7K/r5P1/4q3 w - - 4 47,0.0,w
r1bq1rk1/ppb2ppp/n1p2n2/2Pp4/1P2p3/3PP3/PBQ1BPPP/RN3RK1 w - - 2 10,0.0,w
r1bqr1k1/p1b2ppp/p1p2n2/2Pp4/1P2P3/4P3/PBQ2PPP/RN3RK1 w - - 0 12,0.0,w
r1bqr1k1/p1b2p1p/p1p2p2/2P5/1P2p3/2N1P3/P1Q2PPP/R4RK1 w - - 0 14,0.0,w
r1b1r1k1/p1b2p1p/p1p1qp2/2P5/QP2p3/2N1P3/P4PPP/R2R2K1 w - - 4 16,0.0,w
r1bb2k1/p4p1p/p1p1qp2/2P5/QP2p3/2N1P3/P4PPP/2R3K1 w - - 0 18,0.0,w
r2b2k1/pb3p1p/p1p2p2/2P5/QP2q3/4P3/P4PPP/3R2K1 w - - 0 20,0.0,w
r2bq3/pb3pkp/p1p2p2/2P5/QP6/4P1PP/P4P2/3R2K1 w - - 1 22,0.0,w
3rq3/pb3pkp/p1p2p2/2P5/QP4P1/4P2P/P4P2/6K1 w - - 0 24,0.0,w
3r4/pb3pkp/p1p2p2/2P1q3/1P4P1/P3P2P/2Q2P2/6K1 w - - 1 26,0.0,w
8/pb3pkp/p1p2p2/2P5/1P3PP1/P3q2P/5Q2/3r2K1 w - - 2 28,0.0,w
8/pb3pkp/p1p2p2/2P5/1P3PP1/P6P/3q2K1/8 w - - 0 30,0.0,w
8/pb3p1p/p1p2pk1/2P5/1P3qP1/P6P/6K1/8 w - - 2 32,0.0,w
8/pb3p1p/p1p2pk1/2P5/1P4P1/P6q/8/5K2 w - - 0 34,0.0,w
8/pb3p1p/p4pk1/1pP5/6P1/q7/8/4K3 w - - 0 36,0.0,w
8/pb3p1p/p4pk1/1p6/3q2P1/8/8/4K3 w - - 2 38,0.0,w
8/p4p1p/p4p2/1p1b2k1/3q2P1/8/4K3/8 b - - 7 40,0.0,b
8/p4p1p/p4p2/3b2k1/1p4P1/2q5/4K3/8 b - - 1 42,0.0,b
8/p4p1p/p4p2/3b4/1p4k1/5q2/8/4K3 b - - 3 44,0.0,b
8/p4p1p/p4p2/8/1pb3k1/4K3/8/7q b - - 7 46,0.0,b
8/p4p1p/p4p2/3b4/1p4k1/4K3/8/3q4 b - - 11 48,0.0,b
8/p4p1p/p4p2/8/1pb3k1/4K3/8/5q2 b - - 15 50,0.0,b
5rk1/Bp1b3p/2pb2p1/P2p4/2n3P1/1NP5/4B3/R5K1 w - - 2 35,0.0,w
r5k1/B2b3p/R1pb2p1/3p4/2n3P1/1NP5/4B3/6K1 w - - 1 37,0.0,w
r7/B2b1k1p/R1Nb2p1/3p4/2n3P1/2P5/4B3/6K1 w - - 1 39,0.0,w
r7/B4k1p/R1Nb2p1/8/2p3b1/2P5/6K1/8 w - - 0 41,0.0,w
r7/B4k1p/8/4b1p1/R1pN2b1/2P5/6K1/8 w - - 0 43,0.0,w
8/5k1p/2N5/4b1p1/2R3b1/2P5/r5K1/8 w - - 2 45,0.0,w
4rrk1/1pb2ppp/p1p1qnb1/P1Pp4/1P1BnP2/3BPR2/1Q1N2PP/R5K1 b - - 5 18,0.0,b
4rrk1/1pbn1ppp/p1p1q3/P1Pp1R2/1P1Bn3/3BP3/1Q1N2PP/R5K1 b - - 0 20,0.0,b
4rrk1/1pbn1ppp/p1p5/P1P2q2/1PBBp3/4P3/1Q4PP/R5K1 b - - 1 22,0.0,b
4rrk1/1pb2p1p/B1p3p1/P1P1nq2/1P1Bp3/4P1P1/1Q5P/R5K1 b - - 0 24,0.0,b
4rrk1/2b2p1p/p1p3p1/P1P2q2/1P1Bp3/4PnP1/5Q1P/R4K2 b - - 3 26,0.0,b
4rrk1/2b2p1p/p1p3p1/P1P5/1P1Pp3/6P1/5K1P/R7 b - - 0 28,0.0,b
1r3rk1/2b2p1p/p5p1/P1Pp4/1P2p3/6P1/5K1P/3R4 b - - 1 30,0.0,b
5rk1/2b2p1p/p5p1/P1PR4/4p3/6P1/1r5P/6K1 b - - 2 32,0.0,b
6k1/2b2p1p/p1P3p1/P7/4p3/6P1/1r1r3P/6K1 b - - 0 34,0.0,b
r3r1k1/pb2pp1p/1pnn2pP/8/P2b2q1/2PB2N1/5PP1/1RB1QRK1 w - - 0 20,0.5,w
r3r1k1/pb2pp2/1pnn2pP/8/P2q4/6N1/5PP1/1RB1QRK1 w - - 0 22,0.5,w
r3r1k1/pb2pp2/1pnn2pq/8/P7/2Q3N1/1B3PP1/1R3RK1 w - - 0 24,0.5,w
2r1r1k1/pb2pp2/1p1n2pq/n7/P7/2Q3N1/1B3PP1/3RR1K1 w - - 4 26,0.5,w
4r1k1/pb2pp2/1p1n2p1/n7/P1r4q/Q5N1/1B3PP1/3RR1K1 w - - 8 28,0.5,w
4r1k1/pb2pp2/1p1n2p1/n7/P3q3/Q7/1B3PP1/3R2K1 w - - 0 30,0.5,w
4r1k1/p3pp2/1p1n2p1/n7/P7/8/1B3Pb1/3R2K1 w - - 0 32,0.5,w
2r3k1/p3pp2/1p1n2p1/8/P7/1n6/5PK1/B2R4 w - - 3 34,0.5,w
2r3k1/p2Rpp2/1p4p1/8/P1n2B2/1n6/5PK1/8 w - - 7 37,0.5,w
2r3k1/R4p2/1p4p1/8/P1n2B2/3n4/5PK1/8 w - - 1 39,0.5,w
4r1k1/2R2p2/1p4pB/8/P1n5/8/5PK1/4n3 w - - 5 41,0.5,w
4r1k1/2R2p2/1p1n2p1/8/P7/3nB3/5P2/5K2 w - - 9 43,0.5,w
6k1/2R2p2/1B1n2p1/8/P4n2/8/5PK1/4r3 w - - 3 45,0.5,w
6k1/5p2/1B1nn3/2R3p1/P7/5K2/5P2/4r3 w - - 2 47,0.5,w
2R5/5p1k/1B2n3/5np1/P7/5K2/5P2/4r3 w - - 6 49,0.5,w
2R5/5p1k/4n3/4rn2/P5p1/2B2K2/5P2/8 w - - 0 51,0.5,w
2R5/5p1k/4n2n/4r3/P7/2B3K1/5P2/8 b - - 3 53,0.5,b
8/5p2/4n1kn/2R5/P7/2B2K2/5P2/8 b - - 0 55,0.5,b
8/5p2/6k1/P1n2n2/5K2/2B5/5P2/8 b - - 2 57,0.5,b
8/8/n4pk1/P4n2/8/5K2/5P2/B7 b - - 3 59,0.5,b
8/4n3/5pk1/P7/1n3K2/8/5P2/B7 b - - 7 61,0.5,b
8/8/6k1/P2n1p2/1n6/5K2/1B3P2/8 b - - 1 63,0.5,b
8/2n5/P1n3k1/5p2/8/8/1B2KP2/8 b - - 2 65,0.5,b
8/8/n5k1/3n1p2/8/8/1B1K1P2/8 w - - 2 68,0.5,w
8/8/n7/3K1pk1/8/8/1B3P2/8 b - - 0 70,0.5,b
8/5k2/n7/3K1p2/5B2/8/5P2/8 b - - 4 73,0.5,b
8/5k2/8/5p2/5B2/2K5/2n2P2/8 w - - 8 76,0.5,w
8/4k3/8/5p2/5B2/3K4/5P2/8 w - - 3 78,0.5,w
8/8/7B/3k1p2/8/3K4/5P2/8 w - - 7 80,0.5,w
8/8/8/4k3/5B2/4K3/5P2/8 b - - 0 82,0.5,b
8/8/4k3/8/4KB2/8/5P2/8 b - - 4 84,0.5,b
8/3k4/8/4K3/5B2/8/5P2/8 w - - 8 87,0.5,w
8/8/8/1k2K3/8/B7/5P2/8 w - - 12 89,0.5,w
8/8/1k6/8/1B1K4/8/5P2/8 w - - 16 91,0.5,w
8/k7/8/4K3/1B6/8/5P2/8 w - - 20 93,0.5,w
8/2k5/8/4K3/1B6/8/5P2/8 w - - 24 95,0.5,w
8/4B3/1k6/4K3/8/8/5P2/8 w - - 28 97,0.5,w
8/8/8/1k6/1B1K4/8/5P2/8 w - - 32 99,0.5,w
8/2k5/8/4K3/1B3P2/8/8/8 b - - 3 101,0.5,b
4k3/8/4K3/5P2/1B6/8/8/8 b - - 2 103,0.5,b
r3r1k1/pp3ppp/2pqbn2/4n3/3N4/1P2P2P/P4PP1/1BRQ1RK1 w - - 3 17,0.0,w
r3r1k1/pp3ppp/2p1qnn1/8/5P2/1P2P2P/P5P1/1BRQ1RK1 w - - 1 19,0.0,w
r3rk2/pp3pp1/2p1qnp1/8/5P2/1PR1P2P/P5P1/3Q1RK1 w - - 0 21,0.0,w
3rrk2/pp3pp1/2p1qn2/5p2/8/1PR1P2P/P5P1/3QR1K1 w - - 2 23,0.0,w
3rrk2/pp3pp1/2p1qn2/2R2p2/8/1P2P2P/P5P1/2Q1R1K1 w - - 6 25,0.0,w
3rr3/pp2kpp1/2p2n2/4qp2/8/1PR1P2P/P5P1/2Q2RK1 w - - 10 27,0.0,w
3r3r/ppq1kpp1/2p2n2/5R2/8/1PR1P2P/P1Q3P1/6K1 w - - 1 29,0.0,w
3r3r/ppq2pp1/2p3k1/8/8/1PR1P2P/P4QP1/6K1 w - - 2 31,0.0,w
3r3r/pp3pp1/2p5/4q1k1/8/1P2P2P/P1Q3P1/2R3K1 w - - 6 33,0.0,w
7r/pp3pp1/2p5/6k1/8/1PR1P2P/P5P1/3r2K1 w - - 1 35,0.0,w
7r/pp3pp1/2p5/6k1/8/1PR1PK1P/r5P1/8 w - - 0 37,0.0,w
8/pp3pp1/2p3k1/2R5/8/1P2PKPr/r7/8 w - - 0 39,0.0,w
8/pp3ppr/2p2k2/6R1/6K1/1P2P1P1/r7/8 w - - 4 41,0.0,w
8/pp3kpr/2p5/8/6K1/1P2P1P1/r7/8 w - - 0 43,0.0,w
8/pp3kpr/2p5/4r3/6K1/1P4P1/8/8 w - - 0 45,0.0,w
8/p5pr/1pp1k3/4r3/1P3K2/6P1/8/8 w - - 0 47,0.0,w
8/p5pr/1pp1k3/6P1/1r3K2/8/8/8 w - - 0 49,0.0,w
8/p5p1/1pp1k1P1/8/8/4K2r/1r6/8 w - - 1 51,0.0,w
8/p5p1/1p2k1P1/2p5/1rK5/7r/8/8 w - - 2 53,0.0,w
r2qkb1r/pp1n1ppp/2p1bn2/3pp3/4P3/1B1P1P2/PPP1Q1PP/RNB2RK1 w kq - 3 8,1.0,w
r2qkb1r/pp1n1ppp/2p2n2/4p3/8/1b1PBP2/PPP1Q1PP/RN3RK1 w kq - 0 10,1.0,w
r2qkb1r/Bp1n1ppp/2p2n2/4p3/8/1P1P1P2/1PP1Q1PP/RN3RK1 w - - 1 12,1.0,w
3qk2r/Rp1n1ppp/2p2n2/2b1p3/8/1P1P1P2/1PPNQ1PP/5RK1 w - - 1 14,1.0,w
3q1k1r/bp1n1ppp/2p2n2/4p3/8/1P1P1P2/1PPNQ1PP/4R2K w - - 2 16,1.0,w
1q5r/bp1nkppp/2p2n2/4p3/8/1PPP1P2/1P1NQ1PP/R6K w - - 3 18,1.0,w
1q1r4/bp1nkppp/2p2n2/4p3/2N5/1PPP1PP1/1P2Q2P/R6K w - - 1 20,1.0,w
1q1r4/bp2kppp/2p2n2/2n5/2N1P3/1PPP2P1/1P2Q1KP/R7 w - - 1 22,1.0,w
1q1r2n1/bp2k1pp/2p1p3/2n5/2N5/1PPP2P1/1P2Q1KP/R7 w - - 0 24,1.0,w
1q1rk1n1/bp4pp/2p1p3/2n5/2N3Q1/1PPP2P1/1P4KP/2R5 w - - 4 26,1.0,w
1q1r2Q1/bp1k3p/2p1p3/8/2N5/1PPn2P1/1P4KP/2R5 w - - 1 28,1.0,w
1qkr4/bp6/2p1p3/8/2N5/1PP3PQ/1P4KP/2n5 w - - 0 30,1.0,w
2k5/bp1r4/2pqQ3/8/2N5/1PP3PK/1P5P/2n5 w - - 3 32,1.0,w
8/bNk5/2prQ3/8/8/1PP3PK/1P5P/2n5 w - - 1 34,1.0,w
3kN3/b7/2p1Q3/8/8/1nP3PK/1P5P/8 w - - 2 36,1.0,w
8/b3k3/2Q2N2/2n5/8/2P3PK/1P5P/8 w - - 1 38,1.0,w
6k1/b7/5Q2/2nN4/8/2P3PK/1P5P/8 w - - 5 40,1.0,w
7k/b3N3/6Q1/2n5/8/2P3PK/1P5P/8 w - - 9 42,1.0,w
1r1q1rk1/1pp2pb1/3p1npp/pPn1p3/P5b1/R2P2P1/1BPNPPBP/3QR1K1 w - - 4 13,0.0,w
1r1q1rk1/1ppb1pb1/3p1npp/pPn5/P2p4/R5PP/1BPNPPB1/3QR1K1 w - - 1 15,0.0,w
1r1qr1k1/1ppb1pb1/3pnnpp/pP6/P2B4/R3P1PP/2PN1PB1/3QR1K1 w - - 1 17,0.0,w
1r2r1k1/1ppbqpb1/4nnpp/pP1p4/P7/R1B1PNPP/2P2PB1/3QR1K1 w - - 2 19,0.0,w
1r2r1k1/1ppb1pb1/4nnpp/pP1pB3/Pq6/4PNPP/2P2PB1/R2QR1K1 w - - 6 21,0.0,w
3rr1k1/1ppb1p2/4nbpp/pP1Q4/Pq6/4PNPP/2P2PB1/R3R1K1 w - - 1 23,0.0,w
3rr1k1/1pp2p2/4nbpp/pP6/Pq6/4PbPP/Q1P2PB1/3RR1K1 w - - 0 25,0.0,w
4r1k1/1ppr1p2/4nbpp/pP6/P3q3/4PbPP/Q1P2P2/1R2R1KB w - - 4 27,0.0,w
4r1k1/1pp2p2/1P1rnbpp/p7/P7/4PqPP/Q1P2P2/1R2R1K1 w - - 1 29,0.0,w
4r1k1/1pP2p2/4nbpp/p7/P1Q5/4PqPP/2Pr1P2/1R2R1K1 w - - 3 31,0.0,w
2r3k1/1p3p2/3rnbpp/p7/P1Q5/4PqPP/2P1RP2/1R4K1 w - - 0 33,0.0,w
3r2k1/1q3p2/4nbpp/p7/P7/4P1PP/2P1RP2/1R4K1 w - - 0 35,0.0,w
6k1/1R3p2/4nbpp/p7/P7/4P1PP/2P1RPK1/r7 w - - 3 37,0.0,w
8/5pk1/4nbpp/p7/r7/1R2P1PP/2P1RPK1/8 w - - 0 39,0.0,w
8/5pk1/5bpp/p7/4rnP1/1RP1P2P/4RPK1/8 w - - 1 41,0.0,w
8/5pk1/5bpp/8/p3K1P1/1RP1P2P/4nP2/8 w - - 0 43,0.0,w
8/5pk1/5bpp/8/1R4P1/2PKP2P/p3nP2/8 w - - 0 45,0.0,w
8/5pk1/5bpp/8/1RP3P1/2q1P2P/4KP2/8 w - - 1 47,0.0,w
8/1R3pk1/5bpp/8/6P1/4P2P/5P2/2q1K3 w - - 2 49,0.0,w
8/1R3pk1/5bpp/8/6P1/4P2P/5P2/2q1K3 w - - 6 51,0.0,w
8/1R3pk1/5bpp/8/4q1P1/4P2P/5P2/4K3 w - - 10 53,0.0,w
8/5pk1/5bpp/8/6P1/3qP2P/5P2/1R2K3 w - - 14 55,0.0,w
8/5pk1/6pp/8/6P1/3RP2P/5P2/4b3 b - - 0 57,0.0,b
rnbqkb1r/ppp1pppp/8/3n4/2B5/5N2/PPPP1PPP/R1BQK2R b KQkq - 1 4,1.0,b
r1bqkb1r/ppp1pppp/2n5/8/2B1Qn2/5N2/PPPP1PPP/R1B1K2R b KQkq - 5 6,1.0,b
r1bqkb1r/ppp1pppp/8/4Q2n/2B5/8/PPPP1PPP/R1B1K2R b KQkq - 0 8,1.0,b
r1bqkb1r/ppp1pppp/8/8/2B3n1/3P4/PPP1QPPP/R1B1K2R b KQkq - 2 10,1.0,b
r3kb1r/pppqpppp/8/5bB1/2B3n1/3P3P/PPP1QPP1/R3K2R b KQkq - 0 12,1.0,b
r3kb1r/pppqpppp/8/4Q1B1/2B5/3P3P/PP3PP1/R3K2R b KQkq - 0 14,1.0,b
r3kb1r/pppqp2p/5p2/8/2B1Q3/3P3P/PP3PP1/R3K2R b KQkq - 1 16,1.0,b
2kr1b1Q/pppqp2p/8/5p2/2B5/3P3P/PP3PP1/R3K2R b KQ - 0 18,1.0,b
2k4Q/pppqp3/7b/5p2/2B5/3P3P/PP3PP1/R3K2R b KQ - 0 20,1.0,b
2kq1Q2/ppp1p3/4B3/5p2/8/3P3P/PP3PP1/R3K2R b KQ - 2 22,1.0,b
r1b2rk1/p3ppbp/1pnn4/7p/3P2q1/2PB2N1/P4PP1/R1B1QRK1 w - - 0 17,0.0,w
r1b2rk1/p3ppbp/1p1n4/3Pn3/6qp/2P3N1/P1B2PP1/R1B1QRK1 w - - 0 19,0.0,w
r1b1r1k1/p4pbp/1p1p4/3Pn3/6qp/2P3N1/P1B2PP1/R3QRK1 w - - 0 21,0.0,w
r1b1r1k1/p4pbp/1p1p4/3Pn1q1/8/2P3P1/P1B3P1/1R2QRK1 w - - 1 23,0.0,w
r1b1r3/p4pbk/1p1p4/3P2q1/2n5/6P1/P5P1/1R2QRK1 w - - 0 25,0.0,w
r1b1r3/p4p1k/1p1p4/3q4/2nb4/6P1/P4RP1/1RQ3K1 w - - 0 27,0.0,w
r3r3/p4p1k/1p1p4/3q1b2/2n5/6P1/P4bP1/1R1Q2K1 w - - 0 29,0.0,w
r3r3/p4p1k/1p1p4/2q2b2/8/4n1P1/P5P1/1R1Q1K2 w - - 3 31,0.0,w
r3r3/p4p1k/1p1p4/2q5/8/6P1/P5PK/1b1n4 w - - 0 33,0.0,w
r3r3/p4p1k/1p1p4/6q1/6P1/6K1/b5P1/3n4 w - - 2 35,0.0,w
r3r3/p4p2/1p1p2k1/6q1/6P1/2n3K1/b5P1/8 w - - 6 37,0.0,w
r6r/p4p2/1p1p2k1/8/6P1/2n3K1/b5P1/2q5 w - - 10 39,0.0,w
4r2r/p4p2/1p1p2k1/8/6P1/2n1qK2/b5P1/8 w - - 15 42,0.0,w
r4r1k/1p1bp2p/2nn1bp1/p1pB1pN1/1qPp1PP1/3P3P/P3PR2/2BQ2RK w - - 4 22,0.0,w
r3r2k/1p1b4/2nn1pp1/p1pB1p2/1qPp1PP1/3P3P/P3PR2/2BQ2RK w - - 0 24,0.0,w
r3r3/1p1b4/2nn1kp1/p1pB1p2/1qPp1P2/3P3P/P3PR2/2BQ2RK w - - 0 26,0.0,w
r3r3/1p1bk3/2nn2R1/p1pB1p2/2Pp1P2/2qP3P/P3P3/2BQ2RK w - - 1 28,0.0,w
r2kr3/1p1b2R1/2nn4/p1pB1p2/2Pp1P2/q2P3P/P2BP3/3Q2RK w - - 5 30,0.0,w
r2kb1R1/1p6/2nn4/p1pB1p2/2Pp1P2/q2P3P/P2Br3/1Q4RK w - - 2 32,0.0,w
r1k1b3/1p6/2nn4/p1pB1p2/2Pp1P2/q2P3P/P2B2K1/1Q4R1 w - - 1 34,0.0,w
r3b3/1pk5/2nn4/p1pB1p2/1qPp1P2/3P3P/P5K1/1QB1R3 w - - 5 36,0.0,w
r3b3/1pk5/2nn4/p1pB1p2/2Pp1q2/3P3P/PB6/1Q2R2K w - - 0 38,0.0,w
r3b3/1pk5/3n4/p1pBnp2/2Pp4/3P2qP/P7/1QB1R2K w - - 4 40,0.0,w
r7/1Bk5/2bn4/p1p1np2/2Pp1q2/3P3P/P7/1Q2R2K w - - 1 42,0.0,w
r7/2k5/2nn4/p1p2p2/2Pp4/3P1q1P/PQ6/4R2K w - - 2 44,0.0,w
6r1/2k5/2nn4/p1p2p2/2Pp4/3P3P/P5K1/4R3 w - - 1 46,0.0,w
7r/2k5/3n4/p1p2p2/1nPp4/3P2KP/P7/4R3 w - - 5 48,0.0,w
7r/8/2kn4/p1p5/1nPp1p2/3P2KP/P7/4R3 w - - 0 50,0.0,w
7r/8/2kn4/p1p5/2Pp1n2/P6P/8/4R3 b - - 0 52,0.0,b
3r4/8/2k5/p1p5/P1np1n1P/8/8/4R3 b - - 0 54,0.0,b
5r1k/2p3b1/1p1p1npp/pPnPp3/P3Pq2/3P1P2/R5BP/3Q2RK w - - 6 40,0.0,w
5r1k/2p3b1/1p1p1n1p/pPnPp1p1/P3P2q/3P1P2/R3B2P/3Q2RK w - - 2 42,0.0,w
7k/2p2rb1/1p1p1n1p/pPnPp1p1/P3P3/3P1P1q/2R1B1RP/3Q3K w - - 6 44,0.0,w
7k/2p2rb1/1p3n1p/pPpPp3/P3Pp2/3P3q/4B1RP/3Q3K w - - 0 46,0.0,w
5b1k/2p2r2/1p3n1p/pPpPp3/P3Pp1q/3P4/2R4P/3Q1B1K w - - 4 48,0.0,w
5b2/2pr3k/1p3n1p/pPpPp3/P3Pp1q/3P4/6RP/3Q1BK1 w - - 8 50,0.0,w
8/2pr3k/1p1b1n1p/pPpPp3/P3Pp1q/3P1B2/6RP/2Q3K1 b - - 12 52,0.0,b
8/2pr3k/1p1b1n1p/pP1Pp3/P1pPPp2/7q/4B1RP/2Q3K1 b - - 2 54,0.0,b
8/2pr3k/1p1b1n1p/pP1PP3/P1p1P3/5q2/6RP/2Q3K1 b - - 0 56,0.0,b
8/2pr3k/1p3n1p/pP1Pb3/P3P3/8/6RP/3q1QK1 b - - 2 58,0.0,b
8/2pr3k/1p3n1p/pP1P4/P3P3/8/7P/3q1Qb1 w - - 0 61,0.0,w
r4r1k/1p1b1nbp/4p1p1/p1p2nN1/1qPpBP1P/3P4/P3PR2/2BQ2RK w - - 2 25,0.0,w
r4r1k/1p3nbp/2bnp1p1/p1p5/1qPp1P1P/3P1N2/P3PR2/2BQ2RK w - - 0 27,0.0,w
r4r1k/1p3nbp/2bnp1p1/p1p5/2Pp1P1P/3P1N2/q3PR2/3QB1RK w - - 0 29,0.0,w
r4r1k/1p3nbp/3np1p1/p1p2P2/b1Pp3P/3P1N2/2q1PR2/2Q1B1RK w - - 3 31,0.0,w
r3r2k/1p3nbp/2bnP1p1/p1p5/2Pp3P/Q2P1N2/2q1PR2/4B1RK w - - 1 33,0.0,w
4r2k/1p5p/2bn1bp1/p1p5/2Pp3P/Q2P1N2/2q1PR2/4B1RK w - - 0 35,0.0,w
7k/1p5p/2bn1bp1/B1p5/2Pp3P/Q2P1N2/4q3/6RK w - - 0 37,0.0,w
7k/1p5p/3n1bp1/B1p5/2Pp3P/Q2P1q2/8/7K w - - 0 39,0.0,w
7k/1p5p/3n1bp1/B1p5/2Pp3P/Q2P1q2/8/5K2 w - - 4 41,0.0,w
7k/1p5p/5bp1/B1p5/2Pp3P/q7/8/4K3 w - - 0 43,0.0,w
7k/1pB4p/6p1/2p5/2Pp4/q5b1/8/3K4 b - - 2 45,0.0,b
7k/1pb4p/6p1/2p5/2Pp4/3q4/1K6/8 b - - 1 47,0.0,b
7k/1pb4p/8/2p3p1/2qp4/8/1K6/8 b - - 1 49,0.0,b
7k/1p5p/8/2p3p1/1q1p4/3K2b1/8/8 b - - 5 51,0.0,b
7k/1p5p/8/2p5/3p2p1/6b1/3K4/1q6 b - - 3 53,0.0,b
7k/1p5p/8/2p5/4K1p1/3p2b1/2q5/8 b - - 3 57,0.0,b
6k1/1p6/8/2p3Kp/6p1/3p2b1/2q5/8 b - - 1 59,0.0,b
6k1/1p6/8/2p3Kp/6p1/6b1/2q5/3q4 b - - 1 61,0.0,b
4rrk1/1pb2ppp/p1p1qn2/P1Pp1b2/1P1BnP2/3BPR2/1QN3PP/R5K1 b - - 7 19,1.0,b
4rrk1/1pb2ppp/p1p1qn2/P1Pp1B2/1P1B1P2/4PP2/1QN4P/R5K1 b - - 0 21,1.0,b
4rrk1/1pb2ppp/p1p2Q2/P1Pp4/1P3P2/4PP2/2N4P/R5K1 b - - 0 23,1.0,b
4rr2/1pb2pkp/p1p2p2/P1Pp4/1P3P2/4PP2/2N2K1P/6R1 b - - 3 25,1.0,b
4rr2/1pb2pRp/p1p2p2/P1Pp3k/1P1N1P2/4PP2/5K1P/8 b - - 7 27,1.0,b
4r3/1pb2pRp/p1p2p2/P1Pp3k/1P1N1P2/3K1P2/7P/8 b - - 2 29,1.0,b
4r3/1R5p/p1p2pk1/P1Pp4/1P1N1b2/3K1P2/7P/8 b - - 0 31,1.0,b
4r3/1R2N2p/p5k1/P1Pp1p2/1P6/3K1P2/7b/8 b - - 1 33,1.0,b
4r3/1R5p/p3k3/P1PN1p2/1PK5/5P2/7b/8 b - - 2 35,1.0,b
1b6/4R3/p3k3/P1PN1p2/1PK5/5P2/8/8 b - - 0 37,1.0,b
4r1k1/1p5p/2p3p1/P1B5/2p3b1/2P5/6K1/R7 w - - 0 40,1.0,w
4r1k1/Pp5p/2p3p1/2B2b2/2p5/2P5/6K1/R7 w - - 1 42,1.0,w
R7/1p3k1p/2p3p1/2B2b2/2p5/2P5/6K1/8 w - - 1 44,1.0,w
8/1R5p/2p1k3/2B2bp1/2p5/2P5/6K1/8 w - - 1 46,1.0,w
8/BR5p/2p5/5bp1/2p1k3/2P3K1/8/8 w - - 5 48,1.0,w
8/B3R2p/2p3b1/3k2p1/2p5/2P3K1/8/8 b - - 9 50,1.0,b
8/B3k2p/2p3b1/6K1/2p5/2P5/8/8 b - - 0 52,1.0,b
8/B4k1p/2p5/4K3/2p5/2Pb4/8/8 w - - 4 55,1.0,w
5k2/B6p/2K5/8/2p5/2Pb4/8/8 w - - 1 57,1.0,w
8/7p/2K2k2/8/2p5/2Pb4/5B2/8 w - - 5 59,1.0,w
8/7p/5k2/3K4/2p5/2Pb2B1/8/8 w - - 9 62,1.0,w
8/7p/6k1/8/2p5/2PbK1B1/8/8 b - - 13 64,1.0,b
8/7p/4k3/8/2p5/2Pb4/5K1B/8 b - - 17 66,1.0,b
8/6kp/8/8/2p5/2Pb1K2/7B/8 w - - 21 69,1.0,w
rn1q1rk1/ppb3pp/2p2p2/2Pp1b2/1P2n3/3BP3/PBQ2PPP/RN3RK1 w - - 0 12,0.0,w
r2q1rk1/ppb3pp/B1p2p2/2Pp1b2/1P6/4P3/PBQn1PPP/R4RK1 w - - 0 14,0.0,w
r2q2k1/pp3rpp/B1p2p2/2Pp1Q2/1P6/4P3/PB1n1PPb/R4R1K w - - 2 16,0.0,w
r2q2k1/pr4pp/2p2p2/2Pp1Q2/1P2n3/4P3/PB3PPb/R2R3K w - - 0 18,0.0,w
r2q4/pr3kpQ/2p2p2/2Pp2n1/1P6/4P3/PB3PPK/R2R4 w - - 1 20,0.0,w
r2q4/p3k1p1/2p2p2/2Pp2nQ/1r6/4P3/PB3PP1/R2R2K1 w - - 0 22,0.0,w
r3q3/p5p1/2p2k2/2Pp2nQ/1r6/4PP2/P5P1/R2R2K1 w - - 1 24,0.0,w
4r3/p5p1/2p2k2/2Pp2n1/8/4PP2/P5P1/Rr4K1 w - - 0 26,0.0,w
4r3/p5p1/2p2k2/2Pp2n1/8/5P2/P4KP1/1R6 w - - 2 28,0.0,w
8/p3k1p1/2p5/2Pp2n1/8/5P2/P4KP1/8 w - - 0 30,0.0,w
8/p3k1p1/2p5/2Pp4/5n2/3K1P2/P5P1/8 w - - 4 32,0.0,w
3k4/p5p1/2p5/2Pp4/5n2/5PP1/P7/2K5 b - - 0 34,0.0,b
3k4/p5p1/2p5/2np4/8/2K2PP1/P7/8 b - - 1 36,0.0,b
8/p2nk1p1/2p5/3p2P1/8/2K2P2/P7/8 b - - 0 38,0.0,b
8/p2n2p1/2p3k1/3p2P1/8/5P2/P3K3/8 b - - 4 40,0.0,b
8/p2n2p1/2p5/3p1k2/5P2/4K3/P7/8 b - - 0 42,0.0,b
8/p5p1/2p1n3/3p1k2/5P2/2K5/P7/8 b - - 4 44,0.0,b
8/p5p1/2p1n3/3p4/5k2/2K5/P7/8 b - - 1 46,0.0,b
8/p5p1/2p1n3/5k2/2Kp4/8/P7/8 b - - 3 48,0.0,b
8/p5p1/2p1n3/6k1/8/2Kp4/P7/8 b - - 1 50,0.0,b
8/p5p1/2p5/6k1/4n3/3p4/P7/1K6 b - - 5 52,0.0,b
8/p5p1/2p5/8/4nk2/8/P2p4/1K6 b - - 3 54,0.0,b
8/p5p1/8/2p5/4nk2/K7/P7/3q4 b - - 1 56,0.0,b
rnbqkb1r/ppp1pppp/1n6/8/2B5/1P6/P1PPNPPP/R1BQK2R b KQkq - 0 5,0.0,b
r1bqkb1r/ppp1pppp/2n5/8/2P5/8/PBPPNPPP/R2QK2R b KQkq - 0 7,0.0,b
r3kb1r/ppp1pppp/2n1b3/8/Q1P5/2Pq4/PB1PNPPP/R3K2R b KQkq - 2 9,0.0,b
2kr1b1r/ppp1pppp/2n1b3/8/Q1P1q3/B1P5/P2PNPPP/R3K2R b KQ - 6 11,0.0,b
2kr1b1r/ppp1pppp/2n5/5b2/Q1P3q1/B1P5/P2PNPPP/2K1R2R b - - 10 13,0.0,b
1k1r1b1r/ppp1Bppp/2n5/1Q6/2P3q1/2Pb4/P2PNPPP/2K1R2R b - - 0 15,0.0,b
1k1r3r/ppp1bppp/2n5/8/2Q3q1/2P5/P2PNPPP/2K1R2R b - - 0 17,0.0,b
1k5r/ppp1bppp/2n5/8/2q5/2P5/P2rNPPP/2K1R2R b - - 1 19,0.0,b
1k5r/ppp1Rppp/8/8/3n4/2P5/q2r1PPP/2K4R b - - 0 21,0.0,b
1r1q1rk1/1pp2pb1/3pbnpp/pPn1p3/P7/R1PP2P1/1B1NPPBP/3QR1K1 b - - 0 13,0.0,b
r3qrk1/1Bp2pb1/3pbnpp/pPn1p3/P7/R1PP2P1/1B1NPP1P/3QR1K1 b - - 0 15,0.0,b
1r2qrk1/1np2pb1/3pbnpp/pP2p3/P7/R1PPPNP1/1B3P1P/3QR1K1 b - - 0 17,0.0,b
1r2qrk1/2p2pb1/3p1npp/pPP1p3/P5b1/R1P1PNP1/1B3P1P/3QR1K1 b - - 0 19,0.0,b
1r2qrk1/2p2pb1/5npp/pPp5/P1P1p1b1/4PNP1/1B3P1P/R2QR1K1 b - - 0 21,0.0,b
1r2qrk1/2p2pB1/6pp/pPp5/P1P1p1n1/4PbP1/2Q2P1P/R3R1K1 b - - 0 23,0.0,b
1r3r2/2p2pk1/6pp/QPp1q3/P1P1p1n1/4PbP1/5P1P/R3R1K1 b - - 0 25,0.0,b
1r3r2/2p2pk1/1P4pp/Q1p1q3/P1P1p1n1/4PbP1/R4P2/4R1K1 b - - 0 27,0.0,b
5r2/2p2p2/1r3kpp/Q1p1q3/P1P1p1n1/4PbP1/3R1P2/R5K1 b - - 3 29,0.0,b
5r2/2p2p2/1r3kpp/2p5/P1P1p1n1/4PbP1/5P2/3qQ1K1 b - - 1 32,0.0,b
r1bq1rk1/ppn1bppp/4pn2/2P5/2P5/2N2Q2/PP3PPP/R1B1RBK1 w - - 1 12,1.0,w
r2q1rk1/p1n1bppp/bpP1pn2/8/2P5/P1N2Q2/1P3PPP/R1B1RBK1 w - - 1 14,1.0,w
r2q1rk1/p1n1bp2/bpP1pp1p/8/2P5/P1N2Q2/1P3PPP/R3RBK1 w - - 0 16,1.0,w
r1q1r1k1/p1n1bp2/bpP1pp1p/8/2P5/P1N2Q2/1P3PPP/3RRB1K w - - 4 18,1.0,w
r3r1k1/p1n1bp2/bpP1qp1p/4p2Q/2P5/P1N5/1P2BPPP/3RR2K w - - 2 20,1.0,w
r3r1k1/pqnBbp2/bp3p1p/4p2Q/2P5/P1N5/1P3PPP/3RR2K w - - 2 22,1.0,w
4r1k1/pqn1bp2/1p3p1Q/4p3/2b5/P1N5/1P3PPP/3RR2K w - - 0 24,1.0,w
4r1k1/pqnR1pb1/1p3p2/4p3/2b4Q/P1N5/1P3PPP/4R2K w - - 4 26,1.0,w
6k1/p1qR1pb1/1p2rp2/4p3/8/P1N5/1P3PPP/4R2K w - - 0 28,1.0,w
6k1/2R2pb1/pp2r3/4pp2/4N3/P7/1P3PPP/4R2K w - - 0 30,1.0,w
6k1/2R2Nb1/pp6/4pp1r/8/P7/1P3PPP/4R2K w - - 1 32,1.0,w
5k2/2R5/pp6/4Rp1r/8/P7/1P3PPP/7K w - - 1 34,1.0,w
r4rk1/1p2p1bp/1qnn2p1/p1p2pN1/2bp1PP1/Q2P3P/PP1BPRB1/6RK w - - 0 18,0.0,w
r4r1k/1p2p2p/1qnn2pb/p1pB1pN1/2Pp1PP1/Q6P/PP1BPR2/6RK w - - 3 20,0.0,w
r4r1k/1p2p2p/1qn3pb/p1pB1p2/2Pp1PP1/Q4N1P/PP1BPn2/5R1K w - - 0 22,0.0,w
3r1r1k/1p2p2p/1q4pb/p1pB1pP1/1nPp1P2/Q4N1P/PP1BPR2/7K w - - 1 24,0.0,w
5r1k/1p2p2p/3q2pP/p1pP1p2/1n1p1P2/Q4N1P/PP1BPR2/7K w - - 1 26,0.0,w
5r1k/1p2p2p/6pP/p1pqNp2/3p1P2/Q6P/nP1BP1R1/7K w - - 0 28,0.0,w
5r1k/1p2p2p/6pP/p1pq1p2/Qn3P2/3p1N1P/1P1BP1R1/7K w - - 0 30,0.0,w
5rk1/1p2p2p/6pP/p1pq1p2/1n3P2/2B2N1P/1P2p1R1/3Q3K w - - 0 32,0.0,w
5rk1/1p2p2p/6pP/p1p2p2/1B3P2/7P/1P2p1R1/4Qq1K w - - 1 34,0.0,w
5rk1/1p2p2p/6pP/p1p2p2/1B1q4/7P/1P2p1R1/4Q1K1 w - - 2 36,0.0,w
5r2/1p2pk1p/6pP/p1p2p2/1q6/7P/1P2Q1R1/7K w - - 1 38,0.0,w
5r2/1p2pk1p/6pP/p1p2p2/8/7q/1P2QR2/6K1 w - - 0 40,0.0,w
5r2/1p2pk1p/6pP/p1p5/6p1/8/1P5R/6K1 w - - 0 42,0.0,w
5r2/1p1kp2p/6pP/p1p5/6R1/8/1P6/6K1 w - - 1 44,0.0,w
8/1p1kp2p/6pP/p1p3r1/R7/8/1P4K1/8 w - - 5 46,0.0,w
8/1p1kp2p/6pr/p1p5/R7/6K1/1P6/8 w - - 0 48,0.0,w
8/Rp2p2p/2k3pr/2p5/8/6K1/1P6/8 w - - 3 50,0.0,w
8/1p2p2p/2k3p1/2p2r2/6K1/8/1P6/R7 w - - 7 52,0.0,w
8/1p2pr1p/6p1/2pk4/6K1/8/1P6/4R3 w - - 11 54,0.0,w
8/1p2pr1p/6p1/2p1k3/8/6K1/1P6/7R w - - 15 56,0.0,w
8/1p2pr1p/4k1p1/2p5/8/6K1/1P6/2R5 w - - 19 58,0.0,w
8/1p1kpr1p/6p1/8/8/6K1/1P6/2R5 w - - 3 60,0.0,w
5r2/1p2p2p/2k3p1/8/8/6K1/1P6/4R3 w - - 7 62,0.0,w
7r/1p3R1p/2k5/6p1/8/6K1/1P6/8 w - - 0 64,0.0,w
7r/1p3R1p/k7/6K1/8/8/1P6/8 w - - 1 66,0.0,w
2r5/1p3RK1/k7/7p/8/8/1P6/8 w - - 2 68,0.0,w
2r5/1p3R2/k7/6K1/8/7p/1P6/8 w - - 0 70,0.0,w
8/1p5R/k7/6K1/8/1Pr4p/8/8 w - - 1 72,0.0,w
8/1p5R/2k5/6K1/8/1Pr4p/8/8 w - - 5 74,0.0,w
8/1p6/8/2k3KR/8/1r5p/8/8 w - - 0 76,0.0,w
8/1p6/7R/1k6/6K1/1r5p/8/8 w - - 4 78,0.0,w
8/1p6/8/1k6/6K1/7r/8/8 w - - 0 80,0.0,w
8/1p6/8/8/3k4/8/6K1/8 w - - 3 82,0.0,w
8/8/8/8/1p1k4/8/4K3/8 w - - 0 84,0.0,w
8/8/8/8/8/1pk5/8/2K5 w - - 2 86,0.0,w
8/8/8/8/8/2k5/8/1q2K3 w - - 0 88,0.0,w
8/8/8/8/6q1/2k5/5K2/8 w - - 4 90,0.0,w
8/8/8/8/8/2k5/8/3K1q2 w - - 8 92,0.0,w
3r2k1/pb3ppp/1p2rn2/1B2q3/1P2P2n/6NP/4QPP1/2R1R1K1 b - - 0 28,0.0,b
3r2k1/pb3Bpp/3r1n2/1p2q3/1P2P2n/6NP/4QPP1/2R1R1K1 b - - 0 30,0.0,b
8/pb1R1kpp/3r1n2/1p2q3/1P2P2n/6NP/4QPP1/4R1K1 b - - 0 32,0.0,b
5k2/pb1r2pp/5n2/1p2q3/1P2P2n/6NP/5PP1/Q3R1K1 b - - 3 34,0.0,b
5k2/p2r2pp/5n2/1p6/1P2N2n/7P/5PP1/R5K1 b - - 0 36,0.0,b
5k2/p5pp/8/1p6/1P1rn2n/7P/5PP1/R5K1 b - - 3 38,0.0,b
5k2/R5pp/8/1p6/4n2n/7P/5PPK/1r6 b - - 2 40,0.0,b
5k2/6pp/8/1p6/4n2n/5P1P/r5PK/8 b - - 0 42,0.0,b
4rrk1/1pb2ppp/p1p2nb1/P1Pp4/1P1BnPq1/N2BPR2/1Q4PP/R5K1 w - - 6 19,0.0,w
4rrk1/1pb2ppp/p1p1qnb1/P1P5/1P1BpP2/N3P1R1/1Q4PP/R5K1 w - - 2 21,0.0,w
4rrk1/1pb2ppp/p1p1qnb1/P1P3R1/1P1BpP2/4P3/1QN3PP/R5K1 w - - 6 23,0.0,w
4rrk1/1pb2p1p/p1p2pb1/P1P3R1/1P2pP2/4P1Pq/1QN4P/R5K1 w - - 0 25,0.0,w
3r1rk1/1pb2p2/p1p2pp1/P1P5/1P2pP2/4P1Pq/1QN4P/3R2K1 w - - 2 27,0.0,w
6k1/1pb2p2/p1p2Qp1/P1P5/1P2pP2/4P1Pq/2N4P/3r2K1 w - - 1 29,0.0,w
3q1r1k/2p1r1bn/1p1p2pp/pPnPpP2/P7/3P1PPB/7P/2BQRR1K b - - 0 32,1.0,b
3q1r1k/1np1r1bn/1p1p3p/pP1PPp2/P7/5PPB/7P/2BQRR1K b - - 0 34,1.0,b
3q3k/1np1rrbn/1p5p/pP1PPp2/P7/6PB/7P/2BQRR1K b - - 0 36,1.0,b
7k/1np1rr1n/1p1q3B/pP1Pbp2/P7/6PB/3Q3P/4RR1K b - - 2 38,1.0,b
7k/2p1rr1n/1p1q4/pP1PbR2/n7/4B1PB/3Q3P/4R2K b - - 0 40,1.0,b
6k1/2p1rr1n/1p1q4/pP1P1R2/n7/2B3PB/3Q3P/4R2K b - - 0 42,1.0,b
6k1/2p1R2n/1p1q4/pP1P1r2/8/2Q3PB/7P/7K b - - 0 44,1.0,b
6k1/2p1q2n/1p6/pP1P4/8/2Q3PB/7P/5K2 b - - 0 46,1.0,b
6k1/2p4n/1p6/pPQP4/8/6PB/6KP/8 b - - 0 48,1.0,b
6k1/7n/1P1p4/p1p5/8/6PB/6KP/8 w - - 0 51,1.0,w
1Q6/6k1/3p4/p1p3n1/8/6PB/6KP/8 w - - 1 53,1.0,w
8/6k1/8/2Q5/p7/6Pn/6KP/8 w - - 0 55,1.0,w
8/8/2Q5/6k1/p7/6PK/7P/8 w - - 3 57,1.0,w
8/6k1/8/8/5Q2/6PK/7P/8 w - - 3 59,1.0,w
8/6k1/8/5Q2/6K1/6P1/7P/8 w - - 7 61,1.0,w
8/6k1/8/8/6KP/6P1/2Q5/8 w - - 3 63,1.0,w
8/7k/8/6Q1/6KP/6P1/8/8 w - - 7 65,1.0,w
8/7k/7P/6Q1/6K1/6P1/8/8 w - - 1 67,1.0,w
r1bq1rk1/ppn2ppp/5B2/4p3/2Pb4/2N3Q1/PP3PPP/3RRBK1 b - - 0 15,1.0,b
r1b2rk1/ppn2ppp/5q2/3N4/2Pp4/6Q1/PP3PPP/4RBK1 b - - 1 17,1.0,b
r1b2r1k/pp3ppp/5q2/3P4/3p4/3B2Q1/PP3PPP/4R1K1 b - - 2 19,1.0,b
r1b2r1k/pp3ppB/8/3P4/3p4/5PQ1/PP1q2PP/4R1K1 b - - 0 21,1.0,b
r1b2Q1k/pp3ppB/8/3P4/8/3p1P2/Pq4PP/4R1K1 b - - 0 23,1.0,b
r1b5/pp3Qpk/1q6/3P4/8/3p1P2/P5PP/4RK2 b - - 2 25,1.0,b
r1bqR1k1/pp4p1/8/3P3Q/8/3p1P2/P5PP/5K2 b - - 6 27,1.0,b
r1b5/pp4pk/8/3P3Q/8/3p1P2/P5PP/5K2 b - - 2 29,1.0,b
r5k1/pp1b2p1/8/3P3Q/8/3p1P2/P2K2PP/8 b - - 6 31,1.0,b
4r1k1/pp1b2p1/8/3P4/7Q/3K1P2/P5PP/8 b - - 0 33,1.0,b
4r3/pp3kp1/8/3P1bQ1/2K5/5P2/P5PP/8 b - - 4 35,1.0,b
2r5/pp3kp1/8/3P4/1K4Q1/5P2/P5PP/1b6 b - - 8 37,1.0,b
3r4/pp2k1p1/8/3P2Q1/1K6/5P2/P5PP/1b6 b - - 12 39,1.0,b
8/pp4p1/8/3Pk1Q1/1K6/5P2/P5PP/1b6 b - - 2 41,1.0,b
8/pp2Q1p1/8/3Pk3/1K6/5P2/P5PP/1b6 b - - 6 43,1.0,b
8/Q5p1/3k4/8/1K6/5P2/P5PP/1b6 b - - 0 45,1.0,b
8/8/4k3/8/1K6/5P2/PQ4PP/1b6 b - - 2 47,1.0,b
8/5k2/6b1/8/1KQ5/5P2/P5PP/8 b - - 6 49,1.0,b
8/8/2Q1k1b1/8/1K6/5P2/P5PP/8 b - - 10 51,1.0,b
8/8/5kb1/8/1K4Q1/5P2/P5PP/8 b - - 14 53,1.0,b
8/8/6k1/5b2/1K6/5PQ1/P5PP/8 b - - 18 55,1.0,b
8/7k/8/6Q1/8/1K3P2/P5PP/1b6 b - - 22 57,1.0,b
8/6k1/6b1/6Q1/1K6/5P2/P5PP/8 b - - 26 59,1.0,b
8/5k2/8/7Q/1K6/5P2/P5PP/8 b - - 0 61,1.0,b
8/3k4/8/2Q5/2K5/5P2/P5PP/8 b - - 4 63,1.0,b
8/8/3k4/1Q6/2K5/5P2/P5PP/8 b - - 8 65,1.0,b
8/8/3k4/5Q2/2K5/5P2/P5PP/8 b - - 12 67,1.0,b
8/6Q1/3k4/8/2K5/5P2/P5PP/8 b - - 16 69,1.0,b
8/3k4/8/4Q3/2K5/5P2/P5PP/8 b - - 20 71,1.0,b
4k3/8/5Q2/8/2K5/5P2/P5PP/8 b - - 24 73,1.0,b
8/2k1Q3/8/1K6/8/5P2/P5PP/8 b - - 28 75,1.0,b
1k6/4Q3/1K6/8/8/P4P2/6PP/8 b - - 2 77,1.0,b
1k6/8/1K3Q2/8/8/P4PP1/7P/8 b - - 0 79,1.0,b
5rk1/2p1rqbn/1p1p2pp/pPnPpp2/P3P3/R2PBPPB/7P/3Q1R1K b - - 12 29,0.0,b
5rk1/2p1rqb1/1p1p2pp/pPnPp1n1/P3Pp2/R2P1PP1/3B2BP/3Q1R1K b - - 1 31,0.0,b
4qrk1/2p1r1b1/1p1p2pp/pPnPp1n1/P3P3/R2P1PP1/3B2B1/3QR2K b - - 0 33,0.0,b
4qrk1/2p2rb1/1p1p2pp/pPnPp3/P3P3/2RP1BP1/3B4/3QR2K b - - 0 35,0.0,b
4qrk1/2p3b1/1p1p2pp/pP1Pp3/P3P1P1/3R1r2/3B4/3QR2K b - - 0 37,0.0,b
4qrk1/2p3b1/1p1p2pp/pP1Pp3/P2rP1P1/8/2QB2K1/4R3 b - - 3 39,0.0,b
5rk1/2p3b1/1p1p2pp/pP1Pp3/P2rP1P1/2B2q2/2Q4K/4R3 b - - 7 41,0.0,b
5rk1/2p3b1/1p1p2pp/BP1Pp3/P3P1P1/3q4/7K/4R3 w - - 0 44,0.0,w
5rk1/2p3b1/1p1p2pp/1P1Pp3/qB2P1P1/8/8/4R1K1 w - - 0 46,0.0,w
5rk1/6b1/1p1p2pp/1P1Pp3/4P1P1/8/2q3K1/4R3 w - - 2 48,0.0,w
6k1/6b1/1p1p2pp/1P1Pp3/4P1P1/5r2/5q2/4R2K b - - 7 50,0.0,b
6k1/6b1/1p1p2pp/1P1Pp3/4P1P1/6r1/7K/4q3 b - - 3 52,0.0,b
3r1k2/p4ppp/1p2bn2/1P2P3/3r3n/5PNP/4B1P1/2R1R1K1 b - - 0 35,1.0,b
3r1k2/R2n1ppp/1p2b3/1P2P3/7n/5PNP/3rB1P1/4R1K1 b - - 0 37,1.0,b
3r1k2/R2n1ppp/1p2b3/1P1rP3/8/5PNP/4B1K1/4R3 b - - 0 39,1.0,b
3r1k2/5ppp/Rp2b3/1P1r4/8/3B1PNP/6K1/4R3 b - - 0 41,1.0,b
3r1k2/5ppp/1R2b3/1P6/8/5P1P/3rN1K1/4R3 b - - 2 43,1.0,b
3r4/4kppp/1R6/1P6/8/2N2PKb/3r4/4R3 b - - 1 45,1.0,b
3r4/3Rkppp/4b3/1P6/8/2N2PK1/8/4R3 b - - 0 47,1.0,b
3r4/5ppp/4k3/1P6/8/2N2P2/6K1/8 b - - 1 49,1.0,b
1r6/3k1ppp/8/1P6/5P2/2N2K2/8/8 b - - 2 51,1.0,b
1r6/3k1ppp/8/1P3P2/4K3/2N5/8/8 b - - 0 53,1.0,b
1r6/5p1p/3k1Pp1/1P6/5K2/2N5/8/8 b - - 1 55,1.0,b
1r6/5p1p/5kp1/1P6/8/2N2K2/8/8 b - - 1 57,1.0,b
r7/5p1p/6p1/1P2k3/8/4K3/4N3/8 b - - 5 59,1.0,b
8/5p1p/6p1/1P2k3/8/3K4/r3N3/8 b - - 9 61,1.0,b
r7/5p1p/3k2p1/1P6/3K4/2N5/8/8 b - - 13 63,1.0,b
1r6/3k1p1p/5Kp1/1P6/8/2N5/8/8 b - - 17 65,1.0,b
1r6/7p/5Kp1/1Pk5/8/2N5/8/8 b - - 2 67,1.0,b
8/7p/5Kp1/1r6/3k4/8/3N4/8 b - - 1 69,1.0,b
8/7p/5K2/1r4p1/8/4N3/8/8 w - - 0 72,1.0,w
8/8/4K2p/1r6/6p1/8/8/3N4 w - - 0 74,1.0,w
8/8/8/3K3p/6p1/8/1r6/8 w - - 0 76,1.0,w
8/8/8/7p/8/2K5/1r4p1/8 w - - 0 78,1.0,w
8/8/8/8/7p/8/8/K5q1 w - - 0 80,1.0,w
8/8/8/8/8/4q2p/8/K7 w - - 0 82,1.0,w
8/8/8/8/8/6qp/1K6/8 w - - 4 84,1.0,w
8/8/8/8/8/7p/2K5/q7 w - - 8 86,1.0,w
8/8/8/8/3q4/8/4K2p/8 w - - 0 88,1.0,w
8/8/5q2/8/8/6K1/8/7r w - - 2 90,1.0,w
8/8/8/8/8/6K1/8/5qr1 w - - 6 92,1.0,w
r4rk1/pb2ppbp/1pnn4/7p/P2P2q1/2PB2N1/5PP1/R1B1QRK1 w - - 0 18,0.0,w
r4rk1/pb2ppbp/1pnn4/6qp/P2P4/2PB1PN1/6P1/R3QRK1 w - - 0 20,0.0,w
r5r1/pb2ppbk/1pnn4/6qp/P2P4/2P2PN1/6P1/1R2QRK1 w - - 2 22,0.0,w
r5r1/pb2pp1k/1pnn3b/3q3p/P2P1P2/2P3N1/4Q1P1/1R3RK1 w - - 3 24,0.0,w
r6k/pb2pp2/1pnn3b/3q3p/P2P1P2/2PQ2r1/6P1/1R2R1K1 w - - 0 26,0.0,w
r6k/pb2pp2/1pn4b/7p/P2PqP2/2P3Q1/6P1/1R4K1 w - - 0 28,0.0,w
r6k/pb2pp2/1pn5/7p/P2P1b2/2P5/6P1/4R1K1 w - - 0 30,0.0,w
r6k/pb2np2/1p6/7p/P2P4/2P5/3b1KP1/8 w - - 0 32,0.0,w
6rk/pb2np2/1p6/3P3p/P7/2b3K1/6P1/8 w - - 1 34,0.0,w
6rk/p3np2/1p6/3b3p/P2b4/6P1/5K2/8 w - - 1 36,0.0,w
8/p3npk1/1p6/3b3p/P2b4/6r1/3K4/8 w - - 2 38,0.0,w
8/p3npk1/1p6/7p/b2b4/6r1/3K4/8 w - - 0 40,0.0,w
8/p3npk1/1p6/1b5p/3b4/8/3K2r1/8 w - - 4 42,0.0,w
8/p3np2/1p3k2/1b5p/3b4/8/6r1/2K5 b - - 8 44,0.0,b
8/p3np2/1p3k2/1b6/3b4/8/6rp/3K4 w - - 0 47,0.0,w
8/4np2/1p3k2/pb6/3b4/8/6rp/3K4 w - - 0 49,0.0,w
8/4np2/1p3k2/1b6/p2b4/8/6r1/3K3q w - - 0 51,0.0,w
3br3/1p3ppk/p1p1r3/P1Pp3P/1P2nP2/3RPB2/7R/4K3 b - - 4 40,0.0,b
4r3/1p3ppk/p1p1r3/P1np3P/5P2/R3PB2/7R/4K3 b - - 1 42,0.0,b
8/1p3ppk/p1p5/P1np3P/5P2/4rB2/5K1R/8 b - - 1 44,0.0,b
8/1p3pp1/p1p4k/P1n4P/3p1P2/4r3/4BK2/7R b - - 3 46,0.0,b
8/1p3ppk/p1p5/P6P/3pnP2/4r3/4B3/3K3R w - - 7 49,0.0,w
8/1p3ppk/p1p5/P6P/3p1P1R/4r3/3Kn3/8 w - - 0 51,0.0,w
8/1p3pp1/p1p4k/P3rP1P/3p2R1/8/3Kn3/8 w - - 3 53,0.0,w
8/1p3pp1/p6k/P1p2P1P/3p2R1/4r3/2K1n3/8 w - - 0 55,0.0,w
8/1p3p2/p4p2/P1p4k/3p2R1/4r3/3Kn3/8 b - - 0 57,0.0,b
8/1p3p2/p4p2/P7/2pp2k1/4r3/2K1n3/8 b - - 1 59,0.0,b
8/1p3p2/p4p2/P7/6k1/2ppr3/K3n3/8 b - - 1 61,0.0,b
8/1p3p2/p4p2/P7/4r1k1/2p5/2Kpn3/8 w - - 3 64,0.0,w
8/1p3p2/p4p2/P7/4r1k1/2p5/2Kpn3/8 w - - 7 67,0.0,w
8/1p3p2/p4p2/P7/r5k1/K1p5/4n3/3q4 w - - 2 69,0.0,w
4r3/1pb2ppk/p1p1rn2/P1Pp3P/1P3P2/3RPB2/5K1R/8 w - - 3 40,1.0,w
6r1/1pb2p1k/p1p1rn1p/P1Pp4/1P3P2/3RPB2/5K2/7R w - - 2 42,1.0,w
8/1pb2prk/p1p1r2p/P1Pp4/1P3Pn1/4P3/4BK2/3R3R w - - 6 44,1.0,w
8/1pb2prk/p1p1r2p/P1Pp4/1P3P2/4PK2/8/3R3R w - - 2 46,1.0,w
8/1pb1rprk/p6p/PpPR4/5P2/4PK2/8/7R w - - 1 48,1.0,w
6r1/1p2rp1k/p6p/bpPRP3/5P2/5K2/8/7R w - - 1 50,1.0,w
6r1/1p2rpk1/p6R/1pP1P3/1b3P2/5K2/8/7R w - - 1 52,1.0,w
5kr1/4rp1R/ppP5/1p2P3/1b3P2/5K2/8/7R w - - 2 54,1.0,w
5kr1/5p2/ppP1r3/1pb1P3/5P2/5K2/7R/1R6 w - - 6 56,1.0,w
5kr1/2r2p2/pp6/1pb1P3/5P2/5K2/R7/1R6 w - - 0 58,1.0,w
R5r1/2r2pk1/1p6/2b1P3/1p3P2/5K2/8/1R6 w - - 2 60,1.0,w
6r1/2r2p2/1p4k1/2b1P1R1/1p3P2/5K2/8/1R6 b - - 6 62,1.0,b
r1bqkb1r/pppnpppp/5n2/1B1P4/8/2N5/PPPP1PPP/R1BQK2R b KQkq - 4 4,0.0,b
r1bqkb1r/pppn2pp/4pn2/1B6/8/2N5/PPPP1PPP/R1BQ1RK1 b kq - 1 6,0.0,b
r1bq3r/pppn1kpp/3bpn2/1B6/8/2N2Q2/PPPP1PPP/R1B1R1K1 b - - 5 8,0.0,b
r1bq3r/pp3kpp/2pbpn2/4n3/8/2N3Q1/PPPPBPPP/R1B1R1K1 b - - 3 10,0.0,b
1rbq3r/pp3kpp/2pbpnn1/8/4N3/3Q4/PPPPBPPP/R1B1R1K1 b - - 7 12,0.0,b
1rbr4/pp3kpp/2p1pnn1/4b1N1/8/8/PPPPBPPP/R1B1R1K1 b - - 1 14,0.0,b
1rbr4/pp2k1pn/2p1p1n1/4b2B/8/8/PPPP1PPP/R1B1R1K1 b - - 1 16,0.0,b
1rbr1n2/pp4p1/2p1pkn1/4b3/8/5B2/PPPP1PPP/1RB1R1K1 b - - 5 18,0.0,b
1r1r1n2/pp1b1kp1/2p1p1n1/4b3/4B3/6P1/PPPP1P1P/1RB1R1K1 b - - 0 20,0.0,b
1r1r4/pp1b1kpn/2pbp1n1/8/4B3/2P3P1/PP1P1P1P/R1B1R1K1 b - - 0 22,0.0,b
1r1r4/pp1bnkp1/2pbpn2/8/8/2P3P1/PP1P1PKP/RBB1R3 b - - 4 24,0.0,b
1r1r4/pp1b1kp1/2pb1n2/3np3/2B5/2P3P1/PP1P1PKP/R1B1R3 b - - 1 26,0.0,b
3r3r/pp1b1kp1/2pb1n2/3np3/2P5/1B4P1/PP1P1PKP/R1B1R3 b - - 0 28,0.0,b
3r3r/pp3kp1/2pb1n2/3Ppb2/8/1B4P1/PP1P1P1P/R1B1R1K1 b - - 0 30,0.0,b
2r4r/pp3kp1/3b1n2/3ppb2/8/1B4P1/PP1P1PKP/R1B1R3 b - - 3 32,0.0,b
2r4r/pp4p1/3b1nk1/4pb2/3p4/1B4P1/PP1P1PKP/R1B1R3 b - - 1 34,0.0,b
2r4r/pp4p1/3b1nk1/8/3pR3/1B3KPb/PP1P1P1P/R1B5 b - - 0 36,0.0,b
2r4r/pp4p1/3b2k1/8/3K4/1B4P1/PP1P1PbP/R1B5 b - - 0 38,0.0,b
2r5/pp4p1/6k1/2b1K3/8/1B1P2P1/PP3Pbr/R1B5 b - - 2 40,0.0,b
5r2/pp3Bp1/6k1/2b4r/5K2/3P2P1/PP3Pb1/R1B5 b - - 6 42,0.0,b
r5rk/1p1b1n1p/4pbp1/p1p2n2/1qPpBP1P/3P1N2/P2BP2R/3Q2RK b - - 7 27,0.0,b
r5Rk/1p1b1n1p/4pb2/p1p2p2/2Pp1P1P/3P1N2/Pq1BP2R/3Q3K b - - 0 29,0.0,b
6rk/1p3n1p/2b1pb2/B1p2p2/2Pp1P1P/3PPN2/Pq5R/3Q3K b - - 0 31,0.0,b
6rk/1p3n1p/2b1pb2/q1p2P2/2Pp1P1P/3P1N2/P6R/3Q3K b - - 0 33,0.0,b
6rk/1p3n1p/4pb2/2p2P2/2Pp1P1P/3P4/P6R/4qQ1K b - - 2 35,0.0,b
3rr1kb/pb2pp1p/1pnn2pP/8/P2P3q/2P1B1N1/4BPP1/1R2QRK1 b - - 6 21,0.0,b
4r1kb/pb1rpp1p/1Rnn2pP/8/P2P2q1/2P1B1N1/5PP1/4QRK1 b - - 0 23,0.0,b
2n1r1kb/1b1rpp1p/1Pn3pP/8/3P2q1/2P1B1N1/5PP1/4QRK1 b - - 0 25,0.0,b
r5kb/1b1rpp1p/1Qn3pP/8/3P2q1/2P1B1N1/5PP1/5RK1 b - - 0 27,0.0,b
Q5kb/3rpp1p/6pP/8/3P2q1/2P1B1N1/5PP1/5bK1 b - - 0 29,0.0,b
r5k1/4pp1p/5bpP/8/3P2q1/2P1B3/5PP1/5NK1 w - - 1 32,0.0,w
r5k1/4pp1p/5bpP/8/3P4/2PqBPN1/6P1/6K1 w - - 3 34,0.0,w
r5k1/4pp1p/5bpP/8/3PN3/5P2/5BP1/2q3K1 b - - 2 36,0.0,b
3rr1kb/pb2pp1p/1p4pP/n7/P2P4/2Pq1B2/3B1PP1/1RQ2RK1 w - - 2 25,1.0,w
3rr1k1/pb2pp1p/1p3bpP/n4q2/P2P4/2P5/3BBPP1/1RQ1R1K1 w - - 6 27,1.0,w
3rr1k1/pb2pp1p/1p4pP/n2q4/P2P2Pb/2P2P2/3BB3/1RQ1R1K1 w - - 1 29,1.0,w
3rr1k1/pb2pp1p/1p4pP/n7/P1P3Pb/4qP2/4B3/1RQ1R1K1 w - - 0 31,1.0,w
2r1r1k1/pb2pp1p/1p4pP/8/P1n3Pb/4QP2/4B3/1R1R2K1 w - - 0 33,1.0,w
2r1r1k1/p2Q1p1p/1p4pP/4p3/P1n3Pb/5b2/4B3/1R1R2K1 w - - 0 35,1.0,w
2r1r1k1/Q4p1p/1p4pP/4p3/P5P1/4nB2/5b2/1R1R2K1 w - - 1 37,1.0,w
B3r1k1/Q4p1p/1p4pP/4p3/P5P1/8/5K2/1R1n4 w - - 0 39,1.0,w
4rk2/Q4p1p/1p4pP/8/P3B1P1/8/5K2/3R4 w - - 1 41,1.0,w
4k3/4rp1p/1Q4pP/3B4/P5P1/8/5K2/3R4 w - - 1 43,1.0,w
3Qrk2/5p1p/2B3pP/8/P5P1/8/5K2/3R4 w - - 5 45,1.0,w
rnbqkb1r/ppp1pppp/8/8/1nB5/8/PPPPNPPP/R1BQK2R w KQkq - 2 5,1.0,w
r2qkb1r/ppp1pppp/2n5/8/1PB3b1/8/PP1PNPPP/R1BQK2R w KQkq - 1 7,1.0,w
r2q1b1r/pppk1Bpp/2n1p3/8/1P4b1/1Q6/PP1PNPPP/R1B1K2R w KQ - 0 9,1.0,w
r4b1r/pppk1qpp/2n1p3/8/1P4Q1/8/PP1PNPPP/R1B1K2R w KQ - 0 11,1.0,w
r1k2b1r/ppp1nqpp/4p3/1P6/3Q4/8/PP1PNPPP/R1B1K2R w KQ - 3 13,1.0,w
r1k2b1r/ppp3pp/4p3/1P1n4/8/5q2/PP1PNPPP/R1B1K2R w KQ - 0 15,1.0,w
r4br1/pppk2pp/4p3/1P1n4/8/5P2/PP1PNP1P/R1B1K1R1 w Q - 3 17,1.0,w
r5r1/pppkb1pp/4p3/1P6/8/P1n2P2/1P1P1P1P/R1B1K1R1 w Q - 0 19,1.0,w
r5r1/pppk2pp/4p3/1Pb5/8/P1P2P2/1P3PRP/R1B1K3 w Q - 3 21,1.0,w
r4r2/pppk2pp/4p3/1P4B1/8/R1P2P2/1P3PRP/4K3 w - - 1 23,1.0,w
r7/pppk2pp/4p3/1r6/8/R1P1BP2/1P2KPRP/8 w - - 0 25,1.0,w
r7/ppp3Rp/2k1p3/7r/8/2P1BP2/RP2KP1P/8 w - - 3 27,1.0,w
r7/ppp3Rp/3k4/4p2r/8/2P2PB1/RP2KP1P/8 w - - 2 29,1.0,w
3r4/Rpp3Rp/2k5/4p2r/8/2P2PB1/1P2KP1P/8 w - - 1 31,1.0,w
3r4/1pp3Rp/1k6/4r3/8/2P2PB1/1P2KP1P/8 w - - 0 33,1.0,w
4r3/1pp3R1/1k6/4B2p/5P2/2P5/1P2KP1P/8 w - h6 0 35,1.0,w
8/1pp3R1/2k5/4P2p/8/2P5/1P1K1P1P/8 w - - 1 37,1.0,w
8/1pp3R1/2k5/4P3/2K5/2P4p/1P3P1P/8 w - - 0 39,1.0,w
8/1p6/1kp3R1/4P3/1K6/2P4p/1P3P1P/8 w - - 0 41,1.0,w
8/kp4R1/2p5/2K1P3/8/2P4p/1P3P1P/8 w - - 4 43,1.0,w
6R1/8/kpK5/4P3/8/2P4p/1P3P1P/8 w - - 1 45,1.0,w
6R1/8/k1K5/4P3/1p6/2P4p/1P3P1P/8 w - - 0 47,1.0,w
6R1/8/k1K5/4P3/1P6/1P5p/5P1P/8 w - - 1 49,1.0,w
6R1/8/k1K5/4P3/1P3P2/1P5p/7P/8 w - - 1 51,1.0,w
6R1/8/k1K5/4P3/1P3P2/1P5p/7P/8 w - - 5 53,1.0,w
1k6/8/2K5/1P2P3/5P2/1P5p/7P/6R1 w - - 1 55,1.0,w
1k6/8/2K5/1P2PP2/1P6/7p/7P/6R1 w - - 1 57,1.0,w
4rrk1/1pb2pp1/p1p1qn2/P1Pp1b2/1P1BnP1p/3BPR1P/RQN3P1/6K1 b - - 0 21,1.0,b
4rrk1/1pb2pp1/p1p1qn2/P1Pp1b2/1P1B1P1p/3BPR1P/RQN3P1/6K1 b - - 0 23,1.0,b
4rrk1/1pb2p2/p1p1qp2/P1Pp1P2/1P5p/3bPR1P/RQN3P1/6K1 b - - 0 25,1.0,b
4rrk1/1p3p2/p1p2p2/PPPpbP2/4q2p/3bPR1P/R1N3P1/1Q4K1 b - - 2 27,1.0,b
4rrk1/5p2/p1p2p2/1pPpbP2/4q2p/3bPR1P/R1N3P1/3Q2K1 b - - 1 29,1.0,b
4rrk1/5p2/p1p2p2/1pPpqP2/7p/3bPR1P/R1N3P1/3Q2K1 b - - 2 31,1.0,b
5rk1/4rp2/R1p2p2/1pPpqP2/7p/4PR1P/2Q3P1/6K1 b - - 0 33,1.0,b
5r2/2q1rpk1/2p2p2/1pPp1P2/7p/2Q1PR1P/R5P1/6K1 b - - 4 35,1.0,b
2q3r1/4rpk1/2p2p2/1pPp1P2/7Q/4PR1P/R5P1/6K1 b - - 0 37,1.0,b
6r1/4rpk1/2p2p2/1pPp1P2/8/4P1QP/R5P1/6K1 b - - 0 39,1.0,b
8/4rp1Q/2p2p2/1pPp1P2/8/4P2P/R5r1/6K1 w - - 0 42,1.0,w
8/p4pk1/1p1n1p2/3P2pP/PP1K1P2/3B4/8/8 w - - 0 39,1.0,w
8/p4pk1/1p1K4/3P2pP/PP6/3B4/8/8 b - - 0 41,1.0,b
5k2/pK3p2/1p6/3P3P/PP4p1/3B4/8/8 b - - 1 43,1.0,b
8/K3kp2/1p6/3P3P/PP6/6p1/8/5B2 b - - 0 45,1.0,b
8/K3kp2/8/1P1P3P/1P6/8/6B1/8 b - - 0 47,1.0,b
8/KP3p2/8/3P2kP/1P6/8/6B1/8 b - - 0 49,1.0,b
1Q6/K4p2/3P2k1/8/1P6/8/6B1/8 b - - 0 51,1.0,b
1Q1Q4/K4p2/5k2/8/1P6/8/6B1/8 b - - 0 53,1.0,b
8/K7/5p2/3Q1k2/1P6/6Q1/6B1/8 b - - 1 55,1.0,b
7k/5nrp/2bq4/p1p3PR/2Pp1p2/3P1Q2/P3PK2/2B5 w - - 2 37,0.0,w
1Q2b2k/4qnrp/8/p1p3PR/2Pp4/3P4/P3PK2/2B5 w - - 3 39,0.0,w
1Q2b2k/4q1rp/6P1/p1p4R/2PpP3/3n4/P4K2/2B5 w - - 0 41,0.0,w
1Q2b2k/4q2r/6P1/p1p5/2PpP3/5K2/P7/2n5 w - - 0 43,0.0,w
5q1k/7P/8/p1p4b/2PpPQ2/5K2/P7/2n5 w - - 3 45,0.0,w
5q1k/7P/8/p1p4b/2PpPn2/8/P4K2/8 b - - 0 47,0.0,b
5q1k/7P/4n3/p1p1P2b/2P5/3p4/P7/6K1 b - - 0 49,0.0,b
5q1k/7P/4n3/p1p1P2b/2P5/8/P5K1/3q4 b - - 1 51,0.0,b
5q2/6kP/4n3/p1p1P2b/2P5/6K1/P7/5q2 w - - 5 54,0.0,w
5rk1/1pb2pp1/p1p1r3/P1Pp1bNn/1P1BnPq1/3BP3/6RP/3Q1RK1 b - - 0 27,0.0,b
5rk1/1pb2pp1/p1p3r1/P1Pp1b1n/1P1BNP2/3BP3/6RP/3R2K1 b - - 0 29,0.0,b
5rk1/1pb2pp1/p1p5/P1P2b1n/1PBBpP2/4P3/6KP/3R4 b - - 1 31,0.0,b
5r2/1pb3pk/p1p2p2/P1P2b1n/1PBBpP2/4P3/6KP/3R4 b - - 1 33,0.0,b
3r4/1pb3pk/p1p2p2/P1P4n/1PBBpPb1/4P3/5K1P/6R1 b - - 5 35,0.0,b
8/1pb3pk/B1p2p2/P1P2b1n/1P1PpP2/8/5K1P/6R1 b - - 0 37,0.0,b
8/2b3pk/p4p2/PPPp1b1n/4pP2/8/5K1P/6R1 b - - 0 39,0.0,b
8/2b3pk/P4p2/P1Pp1b2/4p3/7n/6KP/6R1 b - - 2 41,0.0,b
Q7/2b3pk/5p2/P1Pp1b2/4p3/5n2/6KP/8 b - - 0 43,0.0,b
4Q3/2b3pk/5p2/P1P2b2/3pp2n/8/7P/6K1 b - - 1 45,0.0,b
4Q3/2b3pk/5p2/P1P2b2/3pp3/8/7P/4nK2 b - - 5 47,0.0,b
6k1/6p1/5p2/b1P2Q2/3pp3/8/7P/4nK2 b - - 0 49,0.0,b
6k1/6p1/5p2/b1P5/3pQ3/8/7n/6K1 b - - 1 51,0.0,b
5k2/2b3p1/5p2/2P5/3Q4/8/7n/6K1 b - - 0 53,0.0,b
1b3k2/6p1/2P2p2/8/3Q4/8/8/6n1 w - - 1 56,0.0,w
2rr4/pp3pkp/5p2/2nN4/2P5/P4P2/1PR3PP/5BK1 b - - 0 24,0.0,b
3r4/pp3pkp/4np2/2rN4/2P5/P4P2/1P1R1KPP/5B2 b - - 4 26,0.0,b
2rr4/pp2Npkp/5p2/8/2P2n2/P4P2/1P3KPP/3R1B2 b - - 8 28,0.0,b
2N5/pp3pkp/5p2/8/2P5/P4P2/1P3KBP/3r4 b - - 0 30,0.0,b
2N5/1p3pkp/p4p2/8/1PP5/P4P2/3r2BP/5K2 b - b3 0 32,0.0,b
2N5/1B3pkp/p4p2/8/1PPr1P2/P7/7P/5K2 b - - 0 34,0.0,b
2N5/5pkp/B4p2/8/1Pr5/P7/7P/4K3 b - - 0 36,0.0,b
2N5/5pkp/B4p2/8/1P5r/P1K5/7P/8 b - - 4 38,0.0,b
5k2/5p1p/3N1p2/8/1PB5/P1K5/7r/8 b - - 3 40,0.0,b
5k2/5N1p/5p2/8/1PB5/P4r2/1K6/8 b - - 2 42,0.0,b
5k2/5N1p/8/5p2/1PB5/P7/2r5/K7 w - - 1 45,0.0,w
5k2/7p/3N4/8/1P3p2/P2B4/3r4/K7 w - - 2 47,0.0,w
5k2/7p/8/8/1PN5/P2r1p2/1K6/8 w - - 0 49,0.0,w
5k2/7p/8/8/1PN5/P2r4/2K2p2/8 b - - 2 51,0.0,b
8/6kp/8/8/1PNK4/P7/8/5q2 b - - 1 53,0.0,b
8/6kp/5q2/8/1PN5/P2K4/8/8 b - - 5 55,0.0,b
8/5k1p/3N4/8/1P2K3/P1q5/8/8 b - - 9 57,0.0,b
8/7p/6k1/1N1K4/1P6/P7/8/4q3 b - - 13 59,0.0,b
8/7p/2KN1k2/4q3/1P6/P7/8/8 b - - 17 61,0.0,b
8/7p/2q1k3/8/1PN5/P7/8/8 w - - 0 64,0.0,w
1r1q1rk1/1pp2pb1/3p1npp/pPn1p3/P5b1/R2PP1P1/1BPN1PBP/3QR1K1 w - - 1 14,0.5,w
1r1qr1k1/1pp2pb1/3p1npp/pPn1pb2/P7/R1BPPBP1/2PN1P1P/3QR1K1 w - - 5 16,0.5,w
1rq3k1/1pp1rpb1/3p1npp/pPn1pb2/P7/2BPPBP1/2PNRP1P/R2Q2K1 w - - 9 18,0.5,w
1rq1n1k1/1pp1rpb1/3p2pp/pPn2b2/P2B4/4PBP1/2PNRP1P/R2Q2K1 w - - 1 20,0.5,w
1rq3k1/1pp1rpn1/3p2pp/pPn5/P7/2PbPBP1/3NRP1P/R2Q2K1 w - - 1 22,0.5,w
1r4k1/1pp1rpn1/3p2pp/pPn2q2/P7/2PbP1P1/3N1P1P/R2QR1K1 w - - 2 24,0.5,w
1r4k1/1pp1rpn1/3p1qpp/pP6/P3n1P1/2PbP3/5P1P/R2QR1K1 w - - 0 26,0.5,w
1r4k1/1pp1rpn1/3p2pp/pP6/P3n1P1/2PQPq2/7P/R3R2K w - - 2 28,0.5,w
1r4k1/1pp1rpn1/3p2pp/pP6/P3n1P1/2PQPq2/7P/R3R2K w - - 6 30,0.5,w
r1bqk2r/pp2ppbp/2n2np1/2pp4/5P2/2PPBNP1/PP2P1BP/R2QK2R b KQkq - 3 7,1.0,b
r1bqk2r/pp2ppbp/2n2np1/8/3p1P2/3P1NP1/PP2P1BP/R2QK1BR b KQkq - 1 9,1.0,b
r2qk2r/pB2ppbp/5np1/4n3/3p1Pb1/3P2P1/PP2P2P/R2QK1BR b KQkq - 0 11,1.0,b
1r2k2r/pB2ppbp/5np1/q3P3/3p2b1/3P2P1/PP2PK1P/R2Q2BR b k - 0 13,1.0,b
4k2r/p3ppbp/5np1/4q3/3p2B1/3P2P1/Pr2PK1P/R2Q2BR b k - 0 15,1.0,b
4k2r/p3ppbp/5qp1/8/3p2n1/3P2P1/Pr2P2P/R2QK1BR b k - 3 17,1.0,b
4k2r/p3ppbp/1r2q1p1/8/Q2p2n1/3P2P1/P3P2P/2R1K1BR b k - 7 19,1.0,b
5k1r/p3ppbp/1r4p1/8/2Rp2n1/3P2P1/P3P2P/4K1BR b - - 0 21,1.0,b
4k2r/p3ppbp/6p1/8/2Rp2n1/3P2P1/P1K1P2P/1r4BR w - - 4 24,1.0,w
1r6/p2kppbp/6p1/8/2RB2n1/3P2P1/P3P2P/1K5R w - - 1 26,1.0,w
8/p2kppbp/6p1/8/2R5/3PB1P1/PrK1P2P/7R w - - 1 28,1.0,w
8/B2kppbp/6p1/8/2R5/3P2P1/r6P/2K4R w - - 0 30,1.0,w
8/4pp1p/2k3p1/8/3R4/3P2P1/r6P/2K4R w - - 1 32,1.0,w
8/4pp1p/6p1/2k5/3R4/3P2P1/7R/1K6 w - - 1 34,1.0,w
8/5p1R/3kp1p1/8/4R3/3P2P1/8/1K6 w - - 0 36,1.0,w
8/5R2/4R1p1/3k4/8/3P2P1/8/1K6 w - - 1 38,1.0,w
8/5R2/6R1/3k4/8/3P2P1/2K5/8 w - - 3 40,1.0,w
8/1R6/6R1/3k4/8/2KP2P1/8/8 w - - 7 42,1.0,w
3rr1k1/p2bqppp/1pp2nn1/5N2/8/1P2P2P/P1Q2PP1/1BRR2K1 b - - 7 21,0.0,b
3r2k1/p2brppp/1pp2nn1/4q3/2N5/1P2P2P/P1Q2PP1/1BRR2K1 b - - 11 23,0.0,b
3r2k1/p2brppp/2p2nn1/Np5q/1P6/4P2P/P1Q2PP1/1BRR2K1 b - - 1 25,0.0,b
3Rr1k1/p4ppp/2p1bnn1/Np5q/1P6/1Q2P2P/P4PP1/1BR3K1 b - - 0 27,0.0,b
6k1/p4ppp/2p1bnn1/Np5q/1P6/4P2P/PQ3PPK/1BRr4 b - - 3 29,0.0,b
6k1/p4ppp/2p1b1n1/Np6/1P4nq/4PK1P/PQ3PP1/1BRr4 b - - 7 31,0.0,b
6k1/p4ppp/2p1bn2/Np2K3/1P5q/4P2P/PQ3PP1/1BRr4 b - - 0 33,0.0,b
2rr4/pp3pkp/8/3N1p2/1PP1n3/P2B4/2R2PPP/6K1 w - - 0 26,0.0,w
3r4/pp3pkp/2rn4/3N1p2/1PP5/P2B1P2/2R2KPP/8 w - - 3 28,0.0,w
3r4/pp3pkp/r7/5n2/1PP5/P2B1P2/2R2KPP/8 w - - 0 30,0.0,w
3r4/pp3pkp/8/2P2B2/1P6/1r3P2/2R2KPP/8 w - - 1 32,0.0,w
8/Rp3pkp/8/2P2B2/1r6/5P2/3r1KPP/8 w - - 1 34,0.0,w
8/Rp3pkB/8/2r5/8/5P2/3r2PP/5K2 w - - 0 36,0.0,w
8/1p3pk1/8/8/8/5P2/2r3rP/R4K2 w - - 0 38,0.0,w
8/1p3pk1/8/8/7P/5r2/6r1/R3K3 w - - 0 40,0.0,w
8/1p3pk1/8/8/1R5P/7r/r7/4K3 w - - 4 42,0.0,w
8/1p3p2/8/7k/6RP/7r/r7/5K2 b - - 8 44,0.0,b
8/1p3p2/8/8/6kr/8/r7/5K2 b - - 1 46,0.0,b
r3r1k1/p2bqppp/1pp2n2/4nN2/8/1P2P2P/P1Q2PP1/1BRR2K1 b - - 3 19,0.0,b
r2r1qk1/p2b1ppp/1pp2n2/4n3/4N3/1P2P2P/P1Q2PP1/1BRR2K1 b - - 7 21,0.0,b
r2r1qk1/p2b1ppp/1pp3n1/8/4Q3/1P1BP2P/P4PP1/2RR2K1 b - - 2 23,0.0,b
r2r2qk/p2b1ppp/1pp3n1/8/4Q3/1P1BPP1P/P1R3P1/3R2K1 b - - 0 25,0.0,b
r5qk/p4ppp/1pQ1b1n1/8/8/1P1RPP1P/P1R3P1/6K1 b - - 0 27,0.0,b
q6k/p4ppp/1p2b3/4n3/8/1PR1PP1P/P1R3P1/6K1 b - - 1 29,0.0,b
q6k/p4ppp/1p6/8/4P3/1PR2P1b/P1R5/6K1 b - - 0 31,0.0,b
q6k/p4ppp/4b3/1p6/4P3/1P1R1P2/P6R/6K1 b - - 3 33,0.0,b
1q4k1/p4ppp/4b3/1p2P3/8/1P1R1P2/P5R1/6K1 b - - 0 35,0.0,b
1q3k2/p4ppp/3R4/1p2P3/8/1P3P2/6R1/6K1 b - - 0 37,0.0,b
5k2/p4ppp/1q6/4P3/1p6/1P3P2/6RK/3R4 b - - 3 39,0.0,b
5k2/p4ppp/6q1/4P3/1p6/1P3P2/5KR1/3R4 b - - 7 41,0.0,b
5k2/p4ppp/8/4P3/1p1R4/1P3P2/6q1/4K3 b - - 1 43,0.0,b
5k2/p4ppp/4P3/8/1p1q4/1P3P2/4K3/8 b - - 0 45,0.0,b
5k2/p5pp/4p3/8/1p6/1P1q1P2/8/4K3 b - - 3 47,0.0,b
5k2/p5pp/4p3/8/1p6/1q6/8/4K3 b - - 1 49,0.0,b
5k2/p5pp/4p3/8/8/1p6/1q6/4K3 b - - 1 51,0.0,b
5k2/p5pp/4p3/8/8/8/1p4q1/4K3 b - - 1 53,0.0,b
r3r1k1/1p2ppbp/1qnnb1p1/p1p5/2Pp1PP1/Q2P1N1P/PP1BPRB1/6RK w - - 3 17,1.0,w
r3r2k/1p2pp1p/1qnnb1pb/p1p5/2Pp1PP1/Q2P1N1P/PP1BPRB1/4R1K1 w - - 7 19,1.0,w
r3r2k/1p2ppbp/1qnnb1p1/p1p3P1/2Pp1P2/Q2PPN1P/PP1B1RB1/4R1K1 w - - 1 21,1.0,w
r3r2k/1pq1ppbp/2nnb1p1/p1Q3P1/2P2P2/3PpN1P/PP1BR1B1/4R1K1 w - - 0 23,1.0,w
3rr2k/1pq1pp1p/2nnb1p1/p5P1/2P2P2/3P1N1P/Pb1BRQB1/4R1K1 w - - 0 25,1.0,w
3rr2k/1pq1ppbp/3nb1p1/p5P1/2Pn1P2/3P1N1P/P2BR1B1/1R2Q1K1 w - - 4 27,1.0,w
4r2k/1pqrpp1p/3nb1p1/p5P1/2Pb1P2/3P3P/P2BR1B1/1R2Q2K w - - 2 29,1.0,w
2q1r2k/1p1rpp1p/3nb1p1/6P1/2P2P2/2bP3P/P3R1B1/1R2Q2K w - - 0 31,1.0,w
2q1r1k1/1p1rpp1p/3n2p1/6P1/2b2P2/2QP3P/P3R1B1/1R4K1 w - - 0 33,1.0,w
4r1k1/1p1rpp1p/3n2p1/6P1/2q2P2/2Q4P/P3R1B1/1R5K w - - 0 35,1.0,w
4r1k1/1pqrpp1p/6p1/5nP1/5P2/5Q1P/P3R1B1/3R3K w - - 4 37,1.0,w
3r2k1/1p1qpp1p/6p1/5nP1/5P2/7P/P3RQB1/7K w - - 2 39,1.0,w
3r2k1/1p2pp1p/6p1/4qnP1/5P2/7P/P4QB1/6K1 w - - 0 41,1.0,w
6k1/4pp1p/1p4p1/4PnP1/8/7P/P4QBK/3r4 w - - 0 43,1.0,w
1Q6/4ppkp/6p1/4PnP1/3r4/7P/P5BK/8 w - - 3 45,1.0,w
3r4/4ppkp/6p1/4PnP1/8/7P/P5B1/1Q4K1 w - - 7 47,1.0,w
3r4/4ppkp/6p1/4P1P1/4B2P/8/P3n3/1Q4K1 w - - 1 49,1.0,w
3r4/4ppkp/6p1/4P1P1/4n2P/8/P4K2/4Q3 w - - 0 51,1.0,w
8/4ppkp/6p1/4P1P1/4Q2P/8/r7/4K3 w - - 0 53,1.0,w
8/4p1kp/4Ppp1/r5P1/3Q3P/8/8/4K3 w - - 0 55,1.0,w
8/3Q3p/4Pppk/r7/7P/8/8/4K3 w - - 2 57,1.0,w
8/7p/4Ppk1/Q5p1/7P/8/8/4K3 w - - 1 59,1.0,w
3Q4/4Pk1p/5p2/8/7p/8/8/4K3 w - - 0 61,1.0,w
4Q3/4Q2p/5p1k/8/7p/8/8/4K3 w - - 3 63,1.0,w
r2qkb1r/pp2pp1p/1nn3p1/8/2p3b1/1PP5/P1BPNPPP/R1BQ1RK1 w kq - 1 10,0.0,w
r2q1b1r/pp2pp1p/1nnk2p1/8/2p1B1b1/1PP5/P2PNPPP/R1BQR1K1 w - - 5 12,0.0,w
r2q1b1r/pp2pp1p/1nnk4/5p2/2p5/1PP2P2/P2PN1PP/R1BQR1K1 w - - 0 14,0.0,w
r2q1b1r/pp1kpp1p/1nn5/2B2p2/8/1pP2P2/P2PN1PP/R2QR1K1 w - - 0 16,0.0,w
r2q1b1r/pp1kpp1p/1nn5/1QB2p2/8/2P2P2/P2PN1PP/R3R1K1 w - - 3 18,0.0,w
r2q1b1r/1pk1pp1p/1pn5/5p2/8/2PQ1P2/P2PN1PP/R3R1K1 w - - 0 20,0.0,w
r4b1r/1p2pp1p/1pk5/5p2/8/2P2P2/P2qN1PP/R3R1K1 w - - 0 22,0.0,w
r4b1r/1p1kpp1p/1p6/5N2/8/2P2P2/P5PP/R3q1K1 w - - 0 24,0.0,w
5b1r/1p1kpp1p/1p6/5N2/4R3/2P2P2/r5PP/6K1 w - - 0 26,0.0,w
7r/1p2ppbp/1p2k3/8/3R4/2P1NP2/r5PP/6K1 w - - 4 28,0.0,w
7r/1p2ppbp/1p1k4/3N4/4R3/2P2P2/r5PP/6K1 w - - 8 30,0.0,w
7r/1p2pp1p/8/2k5/2N1R3/2b2P2/r5PP/6K1 w - - 2 32,0.0,w
7r/1p2Rp1p/8/2k5/2Nb4/5P2/5KPP/r7 w - - 3 34,0.0,w
7r/1p2Rp1p/8/2k5/8/4bPK1/r5PP/8 w - - 0 36,0.0,w
7r/1R3p1p/8/2k5/r4K2/5P2/5bPP/8 w - - 3 38,0.0,w
6r1/1R3p1p/8/2k2K2/r2b4/5P2/6PP/8 w - - 7 40,0.0,w
8/7R/8/2k2K2/r2b4/5P2/7r/8 w - - 0 42,0.0,w
8/8/8/3k1K2/3b4/r4P2/2R5/8 w - - 3 44,0.0,w
8/8/3b4/3k4/5PK1/r7/2R5/8 w - - 1 46,0.0,w
8/8/3b4/1k6/5PK1/r7/2R5/8 w - - 5 48,0.0,w
8/8/8/2k1bP2/6K1/r7/1R6/8 w - - 1 50,0.0,w
8/8/3b4/2k2P2/7K/6r1/4R3/8 w - - 5 52,0.0,w
8/8/8/1k3P2/1b5K/6r1/3R4/8 w - - 9 54,0.0,w
6r1/8/8/1k3P2/1b5K/8/8/1R6 w - - 13 56,0.0,w
8/5P2/5r2/1k6/1b5K/8/8/1R6 w - - 1 58,0.0,w
8/5r2/8/8/1bk3K1/8/8/1R6 w - - 2 60,0.0,w
8/8/6K1/8/2k5/5r2/3b4/1R6 w - - 6 62,0.0,w
8/8/6K1/3k4/8/4br2/8/R7 w - - 10 64,0.0,w
8/8/8/5k1K/8/4br2/8/4R3 w - - 14 66,0.0,w
8/8/8/5k2/7K/5r2/8/8 w - - 2 68,0.0,w
8/8/8/5k2/7K/1r6/8/8 w - - 6 70,0.0,w
8/8/8/5k2/7K/1r6/8/8 w - - 10 72,0.0,w
8/8/8/5k2/7K/3r4/8/8 w - - 14 74,0.0,w
5rk1/pp1b3p/2pb2p1/P2p4/6P1/1NP1B2n/1P6/R2B3K b - - 7 31,1.0,b
5rk1/pp1b3p/2pb2p1/P2p4/6P1/1NP1B3/1P4K1/3R4 b - - 0 33,1.0,b
5rk1/pp5p/2pb2p1/P2p4/8/1NP1Bb2/1P1R4/6K1 b - - 3 35,1.0,b
5rk1/pp5p/2p3p1/P1b5/1P1N4/2P1Bb2/3R4/6K1 b - b3 0 37,1.0,b
5rk1/Bp5p/2p5/P5p1/1P6/2P2b2/3R4/6K1 b - - 0 39,1.0,b
5k2/1p5p/2p5/P1B2rp1/1P6/2P2b2/3R4/6K1 b - - 4 41,1.0,b
8/1p1R1rkp/2p5/P5p1/1P1B4/2P2b2/8/6K1 w - - 8 44,1.0,w
8/1p4Rp/2p5/P7/1P4p1/2P2b2/8/6K1 w - - 0 46,1.0,w
8/7R/2p5/P7/1P6/2P2b2/6p1/6K1 w - - 0 48,1.0,w
8/8/2R5/P7/1P6/2P2b2/6p1/6K1 w - - 1 50,1.0,w
r2qk2r/pp2ppbp/2n2np1/2pp4/5Pb1/2PP1NP1/PP2P1BP/R1BQ1RK1 w kq - 4 8,0.0,w
r3k2r/pp2ppbp/2n2np1/2qp4/5Pb1/2PP1NP1/PP2P1BP/R2Q1RK1 w kq - 0 10,0.0,w
2kr1r2/pp2ppbp/2n2np1/2qpN3/5Pb1/2PP2P1/PP2PRBP/R2Q2K1 w - - 4 12,0.0,w
2kr1r2/pp2ppbp/2n3p1/2qp4/3P1P2/2P3P1/PP2PnBP/R2Q2K1 w - - 0 14,0.0,w
2kr1r2/pp2ppbp/2n3p1/2P5/3p1P2/2P3P1/PP2P1BP/3R2K1 w - - 0 16,0.0,w
3r1r2/pk2ppbp/6p1/2P5/5P2/2p3P1/PP2P2P/3R2K1 w - - 0 18,0.0,w
3r4/pk2pp1p/6p1/2P5/5P2/2b3P1/P3P2P/6K1 w - - 0 20,0.0,w
3r4/pk2pp1p/6p1/2b5/5P2/4P1P1/P4K1P/8 w - - 0 22,0.0,w
3r4/p3pp1p/2k3p1/8/4PP2/6P1/P3K2P/6b1 w - - 1 24,0.0,w
3r4/p1k1pp1p/8/5p2/4P3/6PP/P3K3/6b1 w - - 0 26,0.0,w
8/p1k1pp1p/3r4/2b2P2/8/6PP/P7/5K2 w - - 3 28,0.0,w
8/p1k2p1p/3r1p2/8/1b6/6PP/P3K3/8 w - - 0 30,0.0,w
8/p1k2p1p/5p2/8/1b3K2/6PP/r7/8 w - - 0 32,0.0,w
8/p1k2p1p/3b1p2/8/6P1/r4K1P/8/8 w - - 1 34,0.0,w
8/p1k2p1p/3b1p2/8/6P1/6r1/6K1/8 w - - 2 36,0.0,w
8/2k2p1p/p2b1p2/8/6r1/8/7K/8 w - - 0 38,0.0,w
6r1/2k2p1p/p4p2/4b3/7K/8/8/8 w - - 4 40,0.0,w
8/2k2pKp/p4p2/4b3/8/8/8/8 b - - 0 43,0.0,b
6K1/5p2/p1k5/4bp2/8/8/8/8 b - - 1 45,0.0,b
8/5K2/p1k5/4b3/8/8/5p2/8 w - - 0 48,0.0,w
8/8/p1k5/5K2/3b4/8/8/5q2 w - - 0 50,0.0,w
8/8/p1k5/8/3b1K2/3q4/8/8 w - - 4 52,0.0,w
8/8/p1k5/4b1K1/8/8/3q4/8 w - - 8 54,0.0,w
8/8/p1k5/6K1/3q4/2b5/8/8 b - - 12 57,0.0,b
8/5K2/pk6/8/3q4/8/8/4b3 w - - 16 60,0.0,w
6K1/8/p7/1k6/3q4/8/8/4b3 b - - 20 62,0.0,b
8/8/p1k1K3/8/7q/8/8/4b3 b - - 24 64,0.0,b
4K3/8/p1k5/8/2q5/2b5/8/8 b - - 28 66,0.0,b
4K3/8/2k5/p7/8/2b5/8/5q2 b - - 3 70,0.0,b
8/4K3/2k5/5q2/p7/8/8/4b3 w - - 2 74,0.0,w
3b4/4K3/2k5/5q2/p7/8/8/8 w - - 6 76,0.0,w
4K3/2k5/8/5q2/p7/8/8/8 b - - 3 78,0.0,b
4K3/2k5/8/5q2/p7/8/8/8 w - - 7 82,0.0,w
4K3/8/2k5/5q2/8/p7/8/8 w - - 0 84,0.0,w
3K4/3q4/2k5/8/8/8/p7/8 w - - 2 86,0.0,w
rnb2rk1/pp2qppp/2p2n2/3pp3/2P5/bP2P3/PBBPNPPP/1R1QK2R b K - 9 9,1.0,b
rn2qrk1/pp3ppp/2p1bB2/3p4/2P5/bP2P3/P1BPNPPP/1R1QK2R b K - 0 11,1.0,b
r3qrk1/pp1n1p1p/2p1bp2/3p3Q/2PN4/bP2P3/P1BP1PPP/1R2K2R b K - 3 13,1.0,b
r3Qrk1/pp1n3p/2p1p3/3p1p2/2P5/bP2P3/P1BP1PPP/1R2K2R b K - 0 15,1.0,b
4rr2/pp1n2kp/2p1p3/3p1p2/2P5/bP2PK2/P1BP1PPP/1R5R b - - 3 17,1.0,b
4rr2/pp4kp/2p1p3/4np2/2P2K2/b3P3/P1BP1PPP/1R5R b - - 2 19,1.0,b
4r3/p4Rkp/2p1p3/5p2/2n2K2/b3P3/P1BP1PPP/7R b - - 0 21,1.0,b
4r3/p4k1p/2pbp3/5B2/2n1K3/4P3/P2P1PPP/7R b - - 2 23,1.0,b
4r3/p4k1p/2pb4/4np2/3K4/4P3/P2P1PPP/7R b - - 3 25,1.0,b
6r1/p4k1p/2pb4/5p2/3K2n1/4P1P1/P2P1P1P/2R5 b - - 2 27,1.0,b
6r1/p4k1p/2p5/2K1bp2/8/4P1P1/P2P1P1n/1R6 b - - 1 29,1.0,b
8/p2R1k1p/2p5/2K1bp2/8/4P1P1/P2P1P1n/8 b - - 0 31,1.0,b
8/R6p/2p3k1/2K1bp2/8/3PPnP1/P4P2/8 b - - 0 33,1.0,b
8/7p/2p3k1/2K2p2/8/R2PP1P1/P7/4n3 b - - 0 35,1.0,b
8/7p/2K3k1/5p2/8/2RPn1P1/P7/8 b - - 0 37,1.0,b
8/7p/2K5/6k1/5p2/3Pn1P1/P7/4R3 b - - 1 39,1.0,b
8/4R2p/2K5/8/7k/3P2p1/P7/8 b - - 2 41,1.0,b
8/8/2K2k2/8/8/3P2pR/P7/8 b - - 2 43,1.0,b
8/8/8/2K1k3/8/3P2R1/P7/8 b - - 2 45,1.0,b
8/8/8/3K1k2/8/3P1R2/P7/8 b - - 6 47,1.0,b
8/5R2/8/4K1k1/8/3P4/P7/8 b - - 10 49,1.0,b
8/5R2/8/4K1k1/8/3P4/P7/8 b - - 14 51,1.0,b
8/2R5/8/4K1k1/3P4/8/P7/8 b - - 0 53,1.0,b
8/2R5/3P4/4K3/8/5k2/P7/8 b - - 0 55,1.0,b
8/2RP4/8/4K3/8/P7/4k3/8 b - - 0 57,1.0,b
3Q4/8/8/4K3/8/P7/5k2/2R5 b - - 2 59,1.0,b
3Q4/8/8/4K3/8/P5k1/8/3R4 b - - 6 61,1.0,b
3Q4/8/8/4K3/8/P5k1/8/R7 b - - 10 63,1.0,b
8/8/8/4K3/8/P7/3Q1k2/4R3 b - - 14 65,1.0,b
8/8/8/4K3/7k/P7/6Q1/4R3 b - - 18 67,1.0,b
8/8/8/4K3/P6k/8/6Q1/7R b - - 2 69,1.0,b
1r1qr1k1/1ppn1pb1/3pbn1p/pP2p1p1/P7/R2PP1P1/1BPN1PBP/Q1R3K1 w - - 0 16,0.0,w
1r2q1k1/1ppnrpb1/3pbn1p/pP2p1p1/P7/R1BPP1P1/2PN1PBP/Q3R1K1 w - - 4 18,0.0,w
1r2q1k1/1pp1rpb1/1n1pbn1p/pP2p3/P5p1/R1BPP1P1/2PN1PBP/Q3R1K1 w - - 2 20,0.0,w
1r2q1k1/1pp1rpb1/3pb2p/BP1np2n/P3N1p1/R2PP1P1/2P2PBP/Q3R1K1 w - - 1 22,0.0,w
1r4k1/1pr1qpb1/3Nb2p/1P1np2n/P5p1/R2PP1P1/2P2PBP/Q3R1K1 w - - 1 24,0.0,w
1r4k1/1pr2pb1/4b2p/1P1n3n/PqN1p1p1/R2PP1P1/2P2PBP/2Q1R1K1 w - - 2 26,0.0,w
1r4k1/1pr1qpb1/4bn1p/1P5n/P1N1B1p1/1R1PP1P1/2P2P1P/2Q1R1K1 w - - 3 28,0.0,w
2r3k1/1r2qpb1/1P2bn1p/7n/P1N3p1/1R1PP1P1/2P2P1P/2Q1R1K1 w - - 0 30,0.0,w
2r1q1k1/1r3pb1/1P2bn1p/7n/P5p1/3PP1P1/2PN1P1P/1RQ1R1K1 w - - 4 32,0.0,w
r3q1k1/1r3pb1/1P2b2p/P6n/4n1p1/3PP1P1/2P2P1P/1RQ1R1K1 w - - 0 34,0.0,w
r3q1k1/1r3pb1/1P2b2p/7n/4P1p1/4P1P1/2P1RP1P/1RQ3K1 w - - 2 36,0.0,w
r3q1k1/1r3p2/1P2bn1p/4b3/4P1p1/4P1P1/2PR1P1P/1R2Q1K1 w - - 6 38,0.0,w
r3q1k1/1r3p2/1P2b2p/4b3/6p1/2nRP1P1/2P2P1P/1RQ3K1 w - - 2 40,0.0,w
r3q1k1/5p2/1r2b2p/4Q3/6p1/3RP1P1/2P2P1P/1n4K1 w - - 0 42,0.0,w
1r2q1k1/5p2/2r1b2p/8/6p1/3RP1P1/1QP2P1P/1n4K1 w - - 4 44,0.0,w
1r2q1k1/5p2/4b2p/8/6p1/2r1P1P1/2P2P1P/2Q3K1 w - - 0 46,0.0,w
1r2q3/5p1k/4b2p/8/4P1p1/6P1/2r2PKP/2Q5 w - - 0 48,0.0,w
1r2q3/5p2/4b1k1/7p/4P1p1/6P1/5PKP/2Q5 w - - 2 50,0.0,w
1r6/5p2/6k1/3bq2p/6p1/6P1/5P1P/2Q2K2 w - - 0 52,0.0,w
8/5p2/6k1/4q2p/4b1p1/6P1/5P1P/1rQ2K2 w - - 4 54,0.0,w
8/5p2/6k1/7p/6p1/6P1/5PKP/1b2q3 w - - 2 56,0.0,w
8/5p2/6k1/8/7P/7p/5PK1/1b2q3 w - - 0 58,0.0,w
8/5p2/6k1/8/7P/5K2/5P1p/1b4q1 w - - 0 60,0.0,w
8/5p2/8/7k/8/4K3/5P2/1b4qq w - - 0 62,0.0,w
8/5p2/8/4K2k/8/3b4/5P2/2q4q w - - 4 64,0.0,w
4rrk1/pp2b1np/2p1b1p1/P2p4/6P1/2P5/1P1N4/R1BB1R1K b - - 0 25,1.0,b
4r1k1/pp2b1np/2p1b1p1/P7/3P2P1/8/1P6/R1BB1N1K b - - 0 27,1.0,b
4r1k1/pp4np/2pb2p1/P2b4/3P2P1/8/1P6/R1BB1NK1 b - - 4 29,1.0,b
6k1/pp4np/P1pbr1p1/3b4/3P2P1/8/1P1B4/R2B1NK1 b - - 0 31,1.0,b
6k1/R5np/3br1p1/2pb4/3P2P1/8/1P1B4/3B1NK1 b - - 0 33,1.0,b
6k1/6np/3br1p1/3b4/R5P1/3pN3/1P1B4/3B2K1 b - - 1 35,1.0,b
6k1/6np/4r1p1/R2b4/6P1/3pB3/1P6/3B2K1 b - - 0 37,1.0,b
6k1/6np/6p1/3Rr3/6P1/3p4/1P3K2/3B4 b - - 0 39,1.0,b
5k2/6np/6p1/3B4/6P1/3p4/1P3K2/8 w - - 1 42,1.0,w
5k2/7p/3n2p1/3B4/6P1/3K4/1P6/8 w - - 1 44,1.0,w
8/6kp/6p1/1n1B4/6P1/4K3/1P6/8 w - - 5 46,1.0,w
2n5/6kp/6p1/8/6P1/1B6/1P3K2/8 w - - 9 48,1.0,w
8/4n1k1/6pp/8/6P1/1B6/1P3K2/8 b - - 2 50,1.0,b
8/6k1/6pp/8/6P1/1n6/1P6/4K3 b - - 1 53,1.0,b
8/4k3/6pp/8/6P1/1n1K4/1P6/8 w - - 5 56,1.0,w
8/4k3/6pp/8/2K3P1/1n6/1P6/8 b - - 9 59,1.0,b
8/8/6pp/6k1/1K4P1/8/1P6/8 b - - 2 61,1.0,b
8/8/6p1/7p/3K2k1/8/1P6/8 b - - 1 63,1.0,b
8/8/6p1/1P5p/3K4/5k2/8/8 b - - 0 65,1.0,b
8/1P6/6p1/5k1p/3K4/8/8/8 b - - 0 67,1.0,b
8/8/5kp1/8/3K1Q1p/8/8/8 b - - 2 69,1.0,b
8/8/3k2p1/6Q1/3K4/8/8/8 b - - 2 71,1.0,b
8/1k6/6Q1/2K5/8/8/8/8 b - - 2 73,1.0,b
2k5/8/8/2K5/8/8/8/5Q2 b - - 6 75,1.0,b
2k5/8/4Q3/2K5/8/8/8/8 b - - 10 77,1.0,b
8/2k5/8/2K5/8/8/8/1Q6 b - - 14 79,1.0,b
8/3k4/8/2K5/8/8/8/4Q3 b - - 18 81,1.0,b
2k5/8/3K4/8/8/8/8/1Q6 b - - 22 83,1.0,b
4rrk1/1pb2pp1/p1p3q1/P1Pp1b1n/1P1BnP2/3BPQ1p/R5PP/4NRK1 b - - 3 24,1.0,b
4rrk1/1pb2pp1/p1p3q1/P1Pp1b1n/1P1BnP2/3BP2p/R1Q3PP/4NRK1 b - - 7 26,1.0,b
5rk1/1pb1rpp1/p1p5/P1Pp1b1n/1P1BnPq1/3BP2p/R1Q3PP/4NRK1 b - - 11 28,1.0,b
4r1k1/1pb1rpp1/p1p5/P1Pp1b1n/1P1BnPq1/3BP3/6RP/1Q2NRK1 b - - 0 30,1.0,b
4r1k1/1pb1rpp1/p1p5/P1Pp1B1n/1P1B1P2/4P2q/5nRP/1Q2N1K1 b - - 0 32,1.0,b
4r1k1/1pb1rpp1/p1p2B2/P1Pp1B2/1P3P2/4P3/5nNP/1Q4K1 b - - 0 34,1.0,b
4r1k1/1pb1rp2/p1p2p2/P1Pp4/1P3P2/4P2B/6NP/3Q2K1 b - - 1 36,1.0,b
6k1/1pb2p2/p1p2p2/P1Pp4/1P3PQ1/4r2B/7P/6K1 b - - 1 38,1.0,b
4rk2/1pQ2p2/p1p2p2/P1Pp4/1P3P2/7B/7P/6K1 b - - 0 40,1.0,b
4r1k1/5p2/Q1p2p2/P1P5/1P1p1P2/7B/7P/6K1 b - - 0 42,1.0,b
1r4k1/5p2/5Q2/P1P5/1P3P2/3p3B/7P/6K1 b - - 0 44,1.0,b
6k1/5p2/1P3Q2/P7/1P3PB1/8/3p3P/6K1 b - - 1 46,1.0,b
5k2/5p2/1P3Q2/P7/BP3P2/8/7P/6K1 b - - 2 48,1.0,b
8/1P3Q1k/8/P7/BP3P2/8/7P/6K1 b - - 0 50,1.0,b
8/1P6/8/P5Qk/BP3P2/8/7P/6K1 b - - 4 52,1.0,b
5rk1/1p1b3p/2pb4/P2p2p1/2nB2P1/1NP5/4B3/R5K1 w - - 0 36,1.0,w
6k1/Pp1b3p/2pb4/3p2p1/2nB2P1/1NP5/4r3/R5K1 w - - 0 38,1.0,w
6k1/1Q1br2p/2pb4/3p2p1/2nB2P1/1NP5/8/R5K1 w - - 1 40,1.0,w
2Q1b1k1/4r2p/2p5/3p2p1/2nB2P1/1NP5/7b/R5K1 w - - 5 42,1.0,w
2Q1b1k1/4r2p/2p5/3pn1p1/6P1/1NP5/8/R6K w - - 0 44,1.0,w
8/4r1kp/2p3b1/3pnQp1/6P1/1NP5/8/1R5K w - - 4 46,1.0,w
4r2k/7p/2p3b1/3pn1Q1/6P1/1NP5/8/5R1K w - - 3 48,1.0,w
7k/7p/2p3b1/3p2Q1/6P1/1NP2R2/8/4r1K1 w - - 1 50,1.0,w
6k1/8/2p3bQ/3p4/6P1/1NP2R2/6K1/4r3 w - - 1 52,1.0,w
2br1k2/p4p1p/1p3np1/1P6/3rP2n/5PNP/4B1P1/2R1R1K1 w - - 0 35,1.0,w
2br1k2/p4p1p/1p4p1/1P2P3/3r1n1n/5PNP/4B1P1/R3R1K1 w - - 3 37,1.0,w
5k2/p4p1p/1p2P1p1/1P1r4/3r1n1n/5PNb/6P1/R3RBK1 w - - 1 39,1.0,w
8/p3kp1p/1p4p1/1P1r4/3rNn1n/5P1b/6P1/R3RBK1 w - - 0 41,1.0,w
8/R2rkp1p/1p2b1p1/1PN5/3r1n1n/5P2/6P1/4RBK1 w - - 3 43,1.0,w
8/3rkp1p/1p2b1p1/1P6/R6n/5P1n/6P1/4RBK1 w - - 2 45,1.0,w
8/3r1p1p/1p2k3/1P4p1/R6n/5P1n/6PK/5B2 w - - 0 47,1.0,w
8/5p1p/1p2k3/1P1r2p1/R7/5P2/6K1/5B2 w - - 1 49,1.0,w
8/4kp1p/1p6/1P1B2p1/R7/5P2/6K1/8 w - - 1 51,1.0,w
8/R4B2/1p1k3p/1P4p1/8/5P2/6K1/8 w - - 0 53,1.0,w
8/7R/1p5p/1P4p1/1k6/5P2/B5K1/8 w - - 4 55,1.0,w
8/8/1p6/6pR/1k6/5P2/B5K1/8 w - - 2 57,1.0,w
8/8/1p2B3/6R1/1k6/5P2/6K1/8 w - - 3 59,1.0,w
8/8/1p2B3/1R6/k7/5PK1/8/8 w - - 7 61,1.0,w
8/1R6/4B3/8/k7/5PK1/8/8 w - - 3 63,1.0,w
8/1R6/k3B3/5P2/8/6K1/8/8 w - - 1 65,1.0,w
8/3B4/k7/5P2/8/6K1/8/1R6 w - - 5 67,1.0,w
8/3B4/k7/5P2/8/6K1/8/1R6 w - - 9 69,1.0,w
8/8/4BP2/8/k7/6K1/8/1R6 w - - 1 71,1.0,w
8/8/5P2/3B4/k7/6K1/8/1R6 w - - 5 73,1.0,w
5R2/8/k7/3B4/8/6K1/8/1R6 w - - 1 75,1.0,w
r1bqkb1r/pp1n1ppp/2p1p3/3n4/8/2P5/PP1P1PPP/RNBQRBK1 b kq - 0 7,1.0,b
r1b1kb1r/pp3ppp/2p1pq2/3nR3/8/2P2Q2/PP1P1PPP/RNB2BK1 b kq - 0 9,1.0,b
r1b1kb1r/pp3ppp/2p1pQ2/3n4/3P4/2P5/PP3PPP/RNB2BK1 b kq - 0 11,1.0,b
r1b1k2r/pp3ppp/2pbpn2/8/2BP4/2P5/PP1N1PPP/R1B3K1 b kq - 3 13,1.0,b
r1b1k2r/pp3p1p/3bpnp1/2P5/2B5/2P2N2/PP3PPP/R1B3K1 b kq - 0 15,1.0,b
r1b4r/pp2kp1p/4pnp1/2b5/2B2B2/2P2N2/PP3PPP/4R1K1 b - - 3 17,1.0,b
r6r/pp2kp1p/2b1pnp1/2b1N1B1/2B5/2P5/PP3PPP/4R1K1 b - - 7 19,1.0,b
r1r5/pp2kp1p/4pBp1/2b5/2B3N1/2P5/PP3PbP/4R1K1 b - - 0 21,1.0,b
r1r5/pp1k1p1p/4p1p1/2b1B3/2B3N1/2P5/PP3PKP/4R3 b - - 0 23,1.0,b
r1rk4/pp3p1p/4p1p1/1B2B3/6N1/2P5/PP3K1P/4R3 b - - 0 25,1.0,b
r2k4/pp3p1p/4p1p1/1B1RB3/6N1/2P5/PP3K1P/8 b - - 0 27,1.0,b
r2k4/1p3p1p/p2B2p1/3p4/B5N1/2P5/PP3K1P/8 b - - 1 29,1.0,b
2rk4/1p3N1p/p2B1pp1/3p4/B7/2P5/PP3K1P/8 b - - 1 31,1.0,b
2rr2k1/pp3p1p/5p2/3N4/2P1n3/P7/1PR2PPP/5BK1 w - - 3 24,1.0,w
2r5/pp3pkp/5p2/8/2P1n3/P7/1PR2PPP/5BK1 w - - 0 26,1.0,w
4r3/pp3pkp/5p2/6n1/2P5/P4P2/1PR1B1PP/6K1 w - - 3 28,1.0,w
4r3/pp3pkp/4n3/5p2/2P5/P4P2/1P1RBKPP/8 w - - 0 30,1.0,w
4r3/pp1R1pkp/8/5p2/2P2n2/P4P2/1P3KPP/5B2 b - - 4 32,1.0,b
1r6/pp3p1p/3R1k2/5p2/2P2n2/P4P2/1P3KPP/5B2 b - - 8 34,1.0,b
6r1/pp3p1p/3Rnk2/5p2/2P5/P4P2/1P3KPP/5B2 b - - 12 36,1.0,b
6r1/pp2kp1B/3Rn3/8/2P2p2/P4P2/1P3KPP/8 b - - 0 38,1.0,b
7r/pp3p2/4k3/8/2P1Bp2/P4P2/1P3KPP/8 b - - 1 40,1.0,b
7r/p4p2/1p6/4k3/2P1Bp2/P4P1P/1P2K1P1/8 b - - 2 42,1.0,b
8/p4p1r/1p6/8/2PkBp2/P4P1P/1P2K1P1/8 b - - 6 44,1.0,b
8/p4p1r/1p6/8/2PkBp2/P4P1P/1P2K1P1/8 b - - 10 46,1.0,b
8/p4p2/1p6/3B4/2Pk1p2/P4P1P/1P4r1/4K3 b - - 1 48,1.0,b
8/p4B2/1p6/2P5/3k1p2/P4P1P/r7/4K3 b - - 0 50,1.0,b
8/8/1p2B3/8/3k1p2/P4P1P/6r1/4K3 b - - 1 52,1.0,b
8/8/1p6/5B2/3k1p2/P4P1P/5K2/6r1 b - - 5 54,1.0,b
8/8/1p2B3/8/P2k1p2/5P1P/5K2/2r5 b - - 0 56,1.0,b
6B1/8/1p6/8/P2k1p2/5P1P/2r5/5K2 b - - 4 58,1.0,b
6B1/8/1p6/4k2P/P4p2/5P2/1r6/5K2 b - - 0 60,1.0,b
6B1/8/1p5P/8/P2k1p2/5P2/4K3/1r6 b - - 2 62,1.0,b
6B1/7P/1p6/8/P2k1p2/5P2/7r/4K3 b - - 2 64,1.0,b
6B1/7P/8/1P6/3k1p2/5P2/5K2/7r b - - 2 66,1.0,b
6B1/7P/1P6/8/3k1p2/5P2/7r/6K1 b - - 2 68,1.0,b
1Q4B1/7P/8/8/5p2/3k1P1r/8/6K1 b - - 0 70,1.0,b
6B1/7P/8/7r/4Q3/5P2/2k5/6K1 b - - 2 72,1.0,b
8/7B/8/8/6Q1/2k2P2/8/6K1 b - - 0 74,1.0,b
8/7B/8/8/2Q5/k4P2/8/6K1 b - - 4 76,1.0,b
8/7B/8/2Q5/8/1k3P2/8/6K1 b - - 8 78,1.0,b
8/8/8/8/3Q4/k4P2/2B5/6K1 b - - 12 80,1.0,b
8/8/8/8/8/5P2/2B5/kQ4K1 b - - 16 82,1.0,b
5r1k/2p3b1/1p1p2pp/pPnPp3/P3PnRq/3P1P2/R6P/3Q1B1K b - - 9 41,1.0,b
5r1k/2R3b1/1p1p2pp/pP1Pp2q/n3PnR1/3P1P2/7P/3Q1B1K b - - 0 43,1.0,b
5r1k/2R5/1p1p1bpp/pP1Pp2q/Q5R1/3P1P2/7P/5B1K b - - 0 45,1.0,b
3b3k/8/1p1R2pp/pP1Pp2q/Q5R1/3P1r2/7P/5B1K b - - 0 47,1.0,b
7k/2b5/1p4Rp/pP1Pp2q/Q5R1/3P4/6KP/5r2 b - - 0 49,1.0,b
7k/2b5/1p4Rp/pP1Pp3/Q7/3P4/5KRq/8 b - - 1 51,1.0,b
3b3k/8/1p4Rp/pP1Pp3/6Q1/3P4/6K1/8 b - - 2 53,1.0,b
r2q1rk1/pp1nbppp/2p1bn2/3pp3/4P3/1BPPBP2/PP2Q1PP/RN3R1K b - - 2 10,0.0,b
r2q1rk1/pp2bppp/2p1bn2/2B1p3/4P3/1BPP4/PP2Q1PP/RN3R1K b - - 0 12,0.0,b
r2q1rk1/pp4pp/2p1pn2/2b1p3/4P3/2PP4/PP1NQ1PP/R4R1K b - - 1 14,0.0,b
r2q1r2/1p3kpp/p1p1pn2/2b1p3/2N1P3/2PP2P1/PP2Q2P/R4R1K b - - 2 16,0.0,b
r2q1r2/1p4pp/p1pNpk2/4p3/4P3/2PP2P1/PP2Q2P/R6K b - - 0 18,0.0,b
r4r2/1p2k1pp/p1pqp3/4p3/2P1P3/3P2P1/PP1Q3P/R6K b - - 2 20,0.0,b
r4r2/1p1k2pp/p1p1p3/4p3/2PqP3/1Q1P2P1/PP5P/R6K b - - 6 22,0.0,b
1r3r2/1p1k2pp/p3p3/2p1p3/Q1PqP3/P2P2P1/1P5P/R6K b - - 1 24,0.0,b
1r3r2/Q2k2pp/4p3/2p1p3/2pqP3/P2P2P1/1P5P/R6K b - - 1 26,0.0,b
1rk1r3/7Q/4p3/2p1p3/2pqP3/P2P2P1/1P5P/R6K b - - 0 28,0.0,b
1rk1r3/8/4p3/2p1p3/2p1P3/P2P2PQ/4q2P/3R3K b - - 3 30,0.0,b
5rk1/pp1b3p/2pb2p1/P2p4/5nP1/1NP1B3/1P6/R2B1K2 b - - 9 32,0.0,b
5rk1/pp1b3p/2pb2p1/P2p4/6P1/1NP1B3/1n2B1K1/R7 b - - 1 34,0.0,b
6k1/Bp1b3p/2pb2p1/P2p4/6P1/1NP2K2/1n2r3/R7 b - - 1 36,0.0,b
6k1/Bp1br2p/P1p3p1/3pb1P1/8/1NP2K2/1n6/R7 b - - 0 38,0.0,b
6k1/BP3r1p/2p3p1/3pbbP1/8/1NP5/1n4K1/R7 b - - 0 40,0.0,b
6k1/Br5p/2p3p1/2Npb1P1/4b3/2P5/1n6/R5K1 b - - 1 42,0.0,b
6k1/R6p/2p3p1/3p2P1/4N3/2b5/1n6/6K1 b - - 0 44,0.0,b
6k1/7p/2p3p1/6P1/4R3/8/1n1b4/6K1 w - - 0 47,0.0,w
6k1/7p/2p3p1/8/8/4b3/1R6/6K1 w - - 1 49,0.0,w
1R6/5k1p/6p1/2p5/8/4b3/6K1/8 w - - 2 51,0.0,w
8/7R/4k1p1/2p5/3b4/8/6K1/8 w - - 1 53,0.0,w
8/8/4k3/6p1/3p4/8/6K1/8 w - - 0 55,0.0,w
8/8/8/5kp1/8/3p1K2/8/8 w - - 2 57,0.0,w
8/8/8/5k2/3K2p1/8/3p4/8 w - - 0 59,0.0,w
8/8/8/2K2k2/6p1/8/8/3q4 b - - 2 61,0.0,b
8/8/2K2k2/8/8/6p1/8/3q4 b - - 1 63,0.0,b
8/8/5k2/8/1K6/8/8/3q2q1 b - - 1 65,0.0,b
r1bq1rk1/1ppn1pbp/3p1np1/pP2p3/P7/3P1NP1/1BP1PPBP/R2QK2R w KQ - 1 9,0.0,w
r1b1qrk1/1ppn1p1p/3p1npb/pP2p3/P7/3P1NP1/1BPKPPBP/R4Q1R w - - 5 11,0.0,w
r1b1qrk1/1pp2p1p/3p1np1/pPn1p3/P7/2KP1NP1/2P1PPBP/R1b2Q1R w - - 0 13,0.0,w
r1b2rk1/1pp2p1p/3p1np1/pq2p3/R7/2KP1NP1/2P1PPBP/2Q4R w - - 0 15,0.0,w
r1b2r1k/1pp2p1p/3p2p1/pq1np3/2R5/3P1NP1/2PKPPBP/2Q4R w - - 4 17,0.0,w
r4r1k/1pp2p1p/3p2p1/pq1bp3/2R5/3P1NP1/2PK1PBP/2Q4R w - - 0 19,0.0,w
r4r1k/1pp2p1p/3p2p1/p2bp3/2R5/3P1NP1/2PK1qBP/2Q4R w - - 0 21,0.0,w
r4r1k/2p2p1p/3p2p1/pp2p3/2K5/3P1NP1/2P2qBP/2Q4R w - b6 0 23,0.0,w
r4r1k/2p2p1p/3p2p1/p3p3/1p5N/2KP2P1/2P3qP/2Q4R w - - 0 25,0.0,w
r4r1k/2p2p1p/2qp2p1/p3p3/1p5N/3P2P1/1KP4P/2Q1R3 w - - 4 27,0.0,w
r3r2k/2p2p1p/2qp2p1/p7/1p2p2N/3P2P1/1KPQR2P/8 w - - 0 29,0.0,w
r6k/2p2p2/2qp2p1/p7/1p2r3/6P1/1KPQR2P/8 w - - 0 31,0.0,w
r5k1/2p2p2/3p2pQ/p7/1p2q3/6P1/1KP4P/8 w - - 2 33,0.0,w
r5k1/2p2p2/3p2p1/4q3/pp6/1K4P1/2PQ3P/8 w - - 0 35,0.0,w
4r1k1/2p2p2/3p2p1/2q5/pp6/3K2P1/2PQ3P/8 w - - 4 37,0.0,w
4r1k1/2p2p2/3p2p1/8/pp6/1qP3P1/2KQ3P/8 w - - 3 39,0.0,w
4r1k1/2p2p2/3p2p1/8/p7/1q4P1/2p2Q1P/2K5 w - - 0 41,0.0,w
4r1k1/2p2p2/3p2p1/8/p4Q2/6P1/3K3P/1qq5 w - - 0 43,0.0,w
4rrk1/1pb1qpp1/p1p2nbp/P1Pp4/1P1BnP2/3BPR2/1Q4PP/RN4K1 w - - 0 18,0.0,w
4rrk1/1pb2pp1/p1p2nbp/P1Pp4/1P1BnPq1/2NBPR2/6PP/R1Q3K1 w - - 4 20,0.0,w
4rr1k/1pb2pp1/p1p3bp/P1Pp4/1P1BNPq1/4PR2/6PP/R1Q3K1 w - - 1 22,0.0,w
4r2k/1pbq1pp1/p1p3bp/P1Pp4/1P1B1P2/4PR2/6PP/R1Q3K1 w - - 0 24,0.0,w
2q1r3/1pb2ppk/p1p3bp/P1Pp4/1P1B1P2/4P1R1/5KPP/R1Q5 w - - 4 26,0.0,w
4r3/1p3ppk/p1p3bp/P1PpPq2/1P6/4P1R1/5KPP/R1Q5 w - - 1 28,0.0,w
4r3/1p3bpk/p1p1q2p/P1PpP3/1P6/4P3/5KPP/R1Q5 w - - 0 30,0.0,w
4r3/1p3bpk/p1p4p/P1Ppq3/1P6/4P3/1Q4PP/R5K1 w - - 0 32,0.0,w
4r3/1p3bpk/p1p4p/P1Pp4/1P6/4P3/5KPP/R7 w - - 2 34,0.0,w
4r3/1p4p1/p1p3kp/P1Pp3b/1P6/4P3/3R1KPP/8 w - - 6 36,0.0,w
4r3/1p4p1/p1p4p/P1Pp1k2/1P6/3RP1K1/4b1PP/8 w - - 10 38,0.0,w
4r3/1p4p1/p1p4p/P1Pp1k2/1P1R4/8/4bKPP/8 w - - 2 40,0.0,w
8/1p4p1/p1p4p/P1Pp1k1b/1P6/4r1K1/3R2PP/8 w - - 6 42,0.0,w
8/1p4p1/p1p4p/P1Pp1k2/1P4bK/4r3/3R3P/8 w - - 0 44,0.0,w
8/1p4p1/p1p4p/P1Pp1k2/1P5K/5b2/7P/8 w - - 0 46,0.0,w
8/1p4p1/p1p4p/P1P2k1b/1P1p3K/8/7P/8 w - - 0 48,0.0,w
8/6p1/p1p4p/P1P2k1b/7K/3p4/7P/8 w - - 0 50,0.0,w
8/6p1/p1p4p/P1P2k2/7K/8/7P/3q4 w - - 0 52,0.0,w
8/8/p1p4p/P1P2kp1/8/6KP/8/5q2 w - g6 0 54,0.0,w
8/8/p1p4p/P1P2k2/7K/8/8/6q1 w - - 1 56,0.0,w
8/8/p1p4p/P1P2kq1/8/8/7K/8 w - - 6 62,0.0,w
8/8/p1p4p/P1q2k2/8/8/6K1/8 w - - 0 64,0.0,w
8/8/p1p4p/P4k2/7K/8/7q/8 b - - 4 66,0.0,b
r2qk2r/pp1nbppp/2p1bn2/3pp3/4P3/1B1P1P2/PPPNQ1PP/R1B2R1K b kq - 6 9,0.0,b
r2qk2r/pp2bppp/2p1bn2/3pp3/4P3/1N1P1P2/PPP3PP/R1B1QR1K b kq - 0 11,0.0,b
r2q3r/pp1kbppp/2p1bn2/4p3/4P3/1NQP4/PPP3PP/R1B2R1K b - - 2 13,0.0,b
r4q1r/pp1k1ppp/2p1bn2/4p3/1Q2P3/1N1P2P1/PPP4P/R1B2R1K b - - 0 15,0.0,b
r6r/pp1k1ppp/2p1b3/4p3/4P3/1N1P2P1/PPP4P/R1B1qR1K b - - 2 17,0.0,b
2b3k1/1p5p/2p3p1/P3r3/2pB2P1/2P5/6K1/R7 b - - 2 40,1.0,b
2b3k1/1p5p/2p3p1/P7/2pBr1P1/2P2K2/8/R7 w - - 6 43,1.0,w
2b3k1/1p5p/2p3p1/P7/2pBK1P1/2P5/8/7R w - - 3 45,1.0,w
6k1/1p1b3p/6p1/P1B3P1/2p1K3/2P5/8/7R w - - 1 47,1.0,w
8/1p4kp/2b3p1/P1B3P1/2pK4/2P5/8/3R4 w - - 5 49,1.0,w
8/1p4kp/6p1/P5P1/2pK4/B1P5/8/5b2 b - - 1 51,1.0,b
8/1p3k1p/1K4p1/P5P1/2p5/B1Pb4/8/8 w - - 5 54,1.0,w
8/7p/1K4p1/P4kP1/2p5/B1Pb4/8/8 b - - 3 56,1.0,b
8/P6p/1K3kp1/8/2p5/B1Pb4/8/8 b - - 0 58,1.0,b
8/P6p/5k2/2K3p1/2p1b3/2P5/1B6/8 b - - 1 60,1.0,b
6Q1/7p/5k2/2K5/2p3p1/2Pb4/1B6/8 b - - 1 62,1.0,b
8/6kp/8/2K2b2/5Qp1/2P5/1B6/8 b - - 2 64,1.0,b
1Q6/7p/4k3/2K2b2/2P3p1/8/1B6/8 b - - 2 66,1.0,b
8/5k1p/5Q2/2K5/2P3p1/3b4/1B6/8 b - - 6 68,1.0,b
4k3/4Q2p/3K4/8/2b3p1/8/1B6/8 b - - 1 70,1.0,b
4rrk1/pp1bb1np/2p3p1/P2p4/6P1/2P5/1P1N4/R1BBR2K b - - 2 26,0.5,b
5rk1/pp1b2np/P1p2bp1/3p4/6P1/2P1r3/1P1N4/R1BB2RK b - - 0 28,0.5,b
5rk1/pp1b2np/P1p2bp1/3p4/6P1/2P5/3N2K1/R1BB2R1 b - - 0 30,0.5,b
5rk1/pp1b2np/P1p3p1/3p4/6P1/R7/3B2K1/3B2R1 b - - 0 32,0.5,b
4r1k1/p2b2np/Ppp3p1/3p4/6P1/RB6/3B2K1/4R3 b - - 3 34,0.5,b
6k1/p5np/Ppp3p1/3p4/6b1/RB4K1/8/4B3 b - - 1 36,0.5,b
2b3k1/p6p/Ppp3p1/3p1n2/8/RBB5/5K2/8 b - - 5 38,0.5,b
2b5/p3k2p/Ppp3p1/3p1n2/8/2B5/R1B2K2/8 b - - 9 40,0.5,b
8/p3k2p/Pppnb1p1/8/1B1p4/8/R1B2K2/8 w - - 3 43,0.5,w
8/p3k2p/Pp2b1p1/2p5/2np4/8/1RBB1K2/8 w - - 2 45,0.5,w
8/p4k1p/Pp2b1p1/2p3B1/3p4/1R2n3/2B2K2/8 w - - 6 47,0.5,w
8/p4k1p/Pp4p1/2p3B1/2b5/4K3/2B5/8 w - - 1 49,0.5,w
1B6/pb3k1p/1p4p1/2p5/8/4K3/2B5/8 w - - 2 51,0.5,w
2b5/5k1p/1B4p1/8/2p5/4K3/2B5/8 w - - 1 53,0.5,w
8/5k1p/1B6/5p2/2pK4/8/8/8 w - - 0 55,0.5,w
8/7p/1B3k2/8/5p2/3K4/8/8 w - - 2 57,0.5,w
8/7p/1B6/4k3/8/5K2/8/8 w - - 1 59,0.5,w
8/7p/8/4k3/1B6/5K2/8/8 w - - 5 61,0.5,w
8/7p/8/2k5/8/5K2/1B6/8 w - - 9 63,0.5,w
8/7p/8/2k5/5K2/8/8/B7 w - - 13 65,0.5,w
8/7p/7K/8/4k3/8/8/B7 w - - 17 67,0.5,w
8/8/4k2K/8/8/8/8/B7 w - - 3 69,0.5,w
8/2k5/8/8/6K1/8/8/B7 w - - 7 71,0.5,w
8/8/8/3kB3/8/5K2/8/8 w - - 11 73,0.5,w
8/8/8/3k4/5K2/8/8/B7 w - - 15 75,0.5,w
8/3k4/8/8/3B1K2/8/8/8 w - - 19 77,0.5,w
8/3k4/8/8/3B4/6K1/8/8 w - - 23 79,0.5,w
8/8/3k4/8/3BK3/8/8/8 w - - 27 81,0.5,w
8/8/8/2k1BK2/8/8/8/8 w - - 31 83,0.5,w
8/8/5B2/8/1k2K3/8/8/8 w - - 35 85,0.5,w
8/4B3/1k6/8/3K4/8/8/8 w - - 39 87,0.5,w
8/8/1k6/3K4/1B6/8/8/8 w - - 43 89,0.5,w
8/4B3/1k6/3K4/8/8/8/8 w - - 47 91,0.5,w
8/4B3/1k6/3K4/8/8/8/8 w - - 51 93,0.5,w
8/8/1k6/3K4/1B6/8/8/8 w - - 55 95,0.5,w
8/8/1k6/3K4/5B2/8/8/8 w - - 59 97,0.5,w
8/8/1k6/3K4/8/8/8/4B3 w - - 63 99,0.5,w
8/8/1k6/3K4/8/8/8/4B3 w - - 67 101,0.5,w
8/8/1k6/3K4/8/8/8/2B5 w - - 71 103,0.5,w
8/8/1k6/3K4/8/2B5/8/8 w - - 75 105,0.5,w
r3r1k1/pp4np/2p1b1p1/3p1pb1/6P1/2P4P/PP1N4/R1BB1R1K w - - 1 23,1.0,w
r3r1k1/pp4np/2p1b1p1/6b1/3p2P1/2P5/PP1N2K1/R1BB1R2 w - - 0 25,1.0,w
r5k1/pp4np/2p3p1/3b2b1/3P2P1/5B2/PP1Nr1K1/R1B2R2 w - - 3 27,1.0,w
r5k1/pp4np/2p3p1/8/3P2P1/5NK1/PP2r3/R1b2R2 w - - 0 29,1.0,w
r5k1/pp4np/2p3p1/8/3P2P1/5NK1/P7/1rR5 w - - 0 31,1.0,w
1r4k1/pp5p/2p3p1/4N2n/3P2P1/6K1/P7/1R6 w - - 3 33,1.0,w
1r4k1/pp5p/2N5/8/3P3p/6K1/P7/1R6 w - - 0 35,1.0,w
1R6/p4k1p/2p5/8/3P3K/8/P7/8 w - - 1 37,1.0,w
8/R6p/2p5/3k4/3P3K/8/P7/8 w - - 1 39,1.0,w
8/7R/2p5/8/8/4k1K1/P7/8 w - - 2 41,1.0,w
8/8/2R5/3k4/8/6K1/P7/8 w - - 1 43,1.0,w
8/8/8/8/P3k3/6K1/8/2R5 w - - 1 45,1.0,w
8/8/P7/8/8/6K1/3k4/2R5 w - - 1 47,1.0,w
8/P7/8/8/4k3/6K1/8/R7 w - - 1 49,1.0,w
8/8/8/3Q4/8/2k3K1/8/R7 w - - 3 51,1.0,w
8/8/8/8/2Q5/6K1/1k6/R7 w - - 7 53,1.0,w
2b2rk1/1p5p/2pb4/P2p2p1/2nB2P1/1NP5/4B1K1/R7 w - - 0 37,1.0,w
5rk1/1P1b3p/2pb4/3pn1p1/3B2P1/1NP5/4B1K1/R7 w - - 1 39,1.0,w
5rk1/1P5p/2pb4/3p2p1/3B2n1/2P5/3N2K1/R7 w - - 0 41,1.0,w
8/1P3k1p/R1pb4/3p1rp1/3B2n1/2P2N2/6K1/8 w - - 4 43,1.0,w
8/1P3k1p/2R2n2/3p1rp1/3B1b2/2P2N1K/8/8 w - - 3 45,1.0,w
8/1P1k3p/4Rn2/3p1rN1/3B1b2/2P4K/8/8 w - - 3 47,1.0,w
8/1P1k3p/5R2/3p2b1/8/2P4K/8/8 w - - 0 49,1.0,w
8/1P5p/8/3pk1b1/8/2P2R1K/8/8 w - - 4 51,1.0,w
6Q1/7p/3k4/3p2b1/8/2P2R1K/8/8 w - - 3 53,1.0,w
8/7p/2k5/3p2Q1/8/2PR3K/8/8 w - - 3 55,1.0,w
8/k6p/8/3Q4/8/2PR4/6K1/8 w - - 3 57,1.0,w
8/3R4/k6p/2Q5/8/2P5/6K1/8 w - - 0 59,1.0,w
8/3R4/1k6/7Q/2P5/8/6K1/8 w - - 1 61,1.0,w
r1bq1rk1/ppb2ppp/n1p2n2/2Ppp3/1P6/3PP3/P1Q1BPPP/RNB2RK1 w - - 1 9,1.0,w
r2qr1k1/ppb2ppp/n1p2n2/2Pppb2/1P6/B2PP3/P1QNBPPP/R4RK1 w - - 5 11,1.0,w
rbq1r1k1/pp3ppp/n1p2n2/2Pppb2/1P6/B2PP3/P2NBPPP/R1Q1R1K1 w - - 9 13,1.0,w
rbq1r1k1/ppn2ppp/2p2n2/2P1pb2/1P1p4/3PPN2/PB2BPPP/R1Q1R1K1 w - - 0 15,1.0,w
rbq1r1k1/ppn2ppp/2p2n2/2P1p3/1P1pP3/3P1b1P/PB2BPP1/R1Q1R1K1 w - - 0 17,1.0,w
rbq1r1k1/pp3ppp/2p1n3/2P1p3/1P1pP1n1/3P3P/PB3PP1/R1Q1R1K1 w - - 0 19,1.0,w
rbq3k1/pp1r1ppp/2p1n3/2P1p3/1P1pP1P1/3P2P1/PB3P2/R1Q1R1K1 w - - 1 21,1.0,w
rbq5/pp1rkppp/2p1n3/2P1p3/1P1pP1P1/3P2P1/PB3PK1/R1Q4R w - - 5 23,1.0,w
rb3q2/pp1r1pp1/2p1nk2/2P1p3/1P1pP1P1/3P2P1/PB3PKR/R1Q5 w - - 3 25,1.0,w
rb4q1/pp1r1pp1/2p1n1k1/2P1p3/1P1pP1P1/3P2P1/PB2KP1R/R1Q5 w - - 7 27,1.0,w
rb3q2/pp1r1ppR/2p1n1k1/2P1p3/1P1pP1P1/3P2P1/PB2KP2/R6Q w - - 11 29,1.0,w
rb3q2/pp1r1ppR/2p2k2/2P1p1nQ/1P1pP3/3P2P1/PB2KP2/R7 w - - 0 31,1.0,w
rb6/pp1rqp2/2p2kpR/2P1p1nQ/1P1pP3/3P2P1/PB2KP2/R7 w - - 0 33,1.0,w
rb1r1q2/pp3p2/2p2kp1/2P1p1n1/1P1pP3/3P2P1/PB2KP1R/R6Q w - - 4 35,1.0,w
rb1r1q2/pp3p2/2p1k1p1/2P1p1n1/1P1pP3/3P2P1/PB1K1PQR/R7 w - - 8 37,1.0,w
rb1r4/pp3p2/2p1kqp1/2P1p1n1/1P1pP1P1/3P4/PB1K1PQR/7R w - - 1 39,1.0,w
rb1r4/pp3pq1/2p2kp1/2P1p1n1/1P1pP1P1/3P4/P3KPQR/2B4R w - - 5 41,1.0,w
rb1r4/pp3pq1/2p2kp1/2P1p3/1P1pP1P1/3P2Q1/P3KP1R/7R w - - 2 43,1.0,w
rb1r4/pp3pq1/2p3k1/2P1p1p1/1P1pP1P1/3P2Q1/P3KP1R/7R w - - 2 45,1.0,w
rb1r4/pp3kq1/2p2p2/2P1pQp1/1P1pP1P1/3P4/P3KP1R/7R w - - 2 47,1.0,w
rb1r1k2/pp5R/2p2p2/2P1pQp1/1P1pP1P1/3P4/P3KP2/8 w - - 1 49,1.0,w
5k2/pp3p2/3n1p1p/3P4/1P3K2/P2B4/5PPP/8 b - - 7 32,0.0,b
2n5/pp2kp2/5p1p/3P4/1P2B1K1/P7/5PPP/8 b - - 11 34,0.0,b
2n5/pp2kp2/7p/3P4/1P2B3/P4p2/6PP/8 w - - 0 37,0.0,w
2n5/pp2kp2/8/3P4/1P2B2p/P4P1P/8/8 w - - 0 39,0.0,w
2n5/4kp2/pp6/1P1P4/P3B2p/5P1P/8/8 w - - 0 41,0.0,w
8/4kp2/P2n4/1P1P4/4B2p/5P1P/8/8 w - - 1 43,0.0,w
8/4k3/P4p2/1P1P1P2/4n2p/7P/8/8 w - - 0 45,0.0,w
8/8/PP1k1p2/5P2/7p/7P/3n4/8 w - - 0 47,0.0,w
8/PP6/3k1p2/5P2/7p/7P/3n4/8 w - - 1 49,0.0,w
QQ6/8/5p2/2k2P2/7p/7P/8/1n6 w - - 1 51,0.0,w
1Q6/8/5p2/5P2/2k4p/4Q2P/3n4/8 w - - 5 53,0.0,w
1Q6/8/5p2/5P2/2k4p/7P/8/3Q4 w - - 3 55,0.0,w
1Q6/8/5p2/3k1P2/7p/7P/8/Q7 w - - 7 57,0.0,w
1Q6/8/5p2/2k2P2/7p/7P/8/3Q4 w - - 11 59,0.0,w
r1bq1rk1/ppn2ppp/4pn2/2b5/2P2B2/2N3Q1/PP3PPP/R3RBK1 b - - 3 13,0.0,b
r1bq1rk1/pp3ppp/4p3/2bP3n/5B2/2N2Q2/PP3PPP/R3RBK1 b - - 2 15,0.0,b
r1bq1rk1/pp3ppp/8/2bp4/5Q2/2NB4/PP3PPP/R3R1K1 b - - 1 17,0.0,b
r1b2rk1/pp3ppB/8/2bN4/5Q2/8/Pq3PPP/R3R1K1 b - - 0 19,0.0,b
r1b2rk1/pp3pp1/8/2bN4/7Q/8/Pq3PPP/3RR1K1 b - - 3 21,0.0,b
r1b2rk1/pp3pp1/8/3N4/8/8/P4KPP/3RR3 b - - 0 23,0.0,b
r1b4r/pp3ppk/8/8/5N2/8/P2R1KPP/4R3 b - - 4 25,0.0,b
1rb2r2/pp3ppk/8/8/5N2/8/P2R1KPP/4R3 b - - 8 27,0.0,b
1rb2r2/pp3ppk/8/8/5N2/6K1/P2RR1PP/8 b - - 12 29,0.0,b
1rr5/pp3ppk/8/5b2/5N2/6K1/P2RR1PP/8 b - - 16 31,0.0,b
1r6/pp3ppk/8/5b2/2r2N2/8/P1R1RKPP/8 b - - 20 33,0.0,b
1r6/pp3ppk/8/8/5N2/5K2/P1r3PP/8 b - - 1 35,0.0,b
1r6/pp3pp1/6k1/8/5N2/5K2/r5PP/8 b - - 3 37,0.0,b
7r/pp3pp1/8/3N2k1/8/6K1/r5PP/8 b - - 7 39,0.0,b
7r/pp3pp1/8/6k1/8/2r5/5KPP/8 b - - 1 41,0.0,b
8/pp3pp1/8/6k1/7r/2r5/5KP1/8 b - - 3 43,0.0,b
8/pp3pp1/8/6k1/r7/2r3P1/6K1/8 b - - 2 45,0.0,b
8/pp3pp1/8/6k1/8/2r1r3/5K2/8 w - - 1 48,0.0,w
8/p4pp1/1p6/6k1/8/4r3/2r5/5K2 b - - 0 50,0.0,b
5k2/p2r1p1p/1p2bnp1/1P6/3rP2n/R4PNP/4B1P1/4R1K1 w - - 0 37,1.0,w
5k2/r4p1p/1p2bnp1/1P6/3rP2n/5PNP/4B1P1/R5K1 w - - 0 39,1.0,w
5k2/2r2p1p/Rp2bnp1/1P6/4P2n/5PNP/4B1P1/6K1 w - - 3 41,1.0,w
8/2rnkp1p/1R2b1p1/1P6/4PP1n/6NP/4B1P1/6K1 w - - 1 43,1.0,w
8/4kp1p/2P1b1p1/2n5/4PP1n/6NP/4B1P1/6K1 w - - 1 45,1.0,w
8/5p1p/2Pkb3/2n2p2/4P2n/6NP/4BKP1/8 w - - 0 47,1.0,w
8/5p1p/2Pk4/2n2b2/8/7P/4BKP1/8 w - - 0 49,1.0,w
8/5p1p/2Pk4/1Bn5/4b3/7P/5KP1/8 w - - 4 51,1.0,w
8/2k4p/5p2/2n5/2B1b3/7P/5KP1/8 w - - 0 53,1.0,w
6B1/2k5/5p1p/2n5/8/7P/6K1/8 w - - 0 55,1.0,w
8/2k5/5p1p/3B4/8/2n4P/6K1/8 w - - 4 57,1.0,w
8/8/2k1Bp1p/8/8/2n2K1P/8/8 w - - 8 59,1.0,w
8/8/1k3p1p/8/8/2n2K1P/8/5B2 w - - 12 61,1.0,w
8/8/2k2K1p/8/8/2n4P/8/5B2 b - - 0 63,1.0,b
8/8/2k3Kp/8/8/7P/3n2B1/8 b - - 4 65,1.0,b
8/8/4k3/6K1/8/7P/3n2B1/8 b - - 2 67,1.0,b
8/8/2B5/4k1K1/2n5/7P/8/8 b - - 6 69,1.0,b
8/8/8/4k1K1/8/1n5P/8/5B2 b - - 10 71,1.0,b
8/8/8/8/3k1K2/7P/3nB3/8 b - - 14 73,1.0,b
8/8/8/8/3k1K2/7P/3nB3/8 b - - 18 75,1.0,b
8/8/8/8/2k1K3/1n5P/8/8 b - - 1 77,1.0,b
8/8/8/5K2/2k5/3n3P/8/8 b - - 5 79,1.0,b
8/8/8/1k3K1P/8/8/8/4n3 b - - 0 81,1.0,b
8/8/5K1P/1k6/3n4/8/8/8 b - - 2 83,1.0,b
8/7P/2k5/6K1/8/1n6/8/8 b - - 2 85,1.0,b
7Q/8/2k1n3/8/6K1/8/8/8 b - - 2 87,1.0,b
4Q3/8/3k4/2n2K2/8/8/8/8 b - - 6 89,1.0,b
8/8/2k5/2n1QK2/8/8/8/8 b - - 10 91,1.0,b
8/1nk5/8/5K2/2Q5/8/8/8 b - - 14 93,1.0,b
8/8/1k6/n2QK3/8/8/8/8 b - - 18 95,1.0,b
8/n7/1k1K4/8/8/1Q6/8/8 b - - 22 97,1.0,b
8/8/k7/1nK5/8/1Q6/8/8 b - - 26 99,1.0,b
5k2/p2r1ppp/1p2bn2/1P2P3/3r3n/5PNP/4B1P1/R3R1K1 b - - 0 36,0.0,b
5k2/p2r1ppp/1p2b3/1P2P3/3r1n1n/R4PNP/4B1P1/R5K1 b - - 4 38,0.0,b
5k2/R2r1ppp/1p2b3/1P2r3/5n1n/5PNP/6P1/R4BK1 b - - 0 40,0.0,b
5k2/3r1ppp/1p2b3/1P2r3/5R2/5PnP/6P1/R4BK1 b - - 0 42,0.0,b
5k2/5ppp/1p2b3/1P1rr3/5R2/5P1P/5KP1/R7 b - - 2 44,0.0,b
R4k2/5ppp/1p2b3/1r6/5R2/5P1P/3r2P1/5K2 b - - 1 46,0.0,b
R7/4kppp/1p2b3/8/8/5P1P/3r2P1/1r2RK2 b - - 5 48,0.0,b
8/R3kppp/1p2b3/8/8/5P1P/6r1/4K3 b - - 1 50,0.0,b
8/5ppp/1R3k2/8/8/5P1b/6r1/4K3 b - - 0 52,0.0,b
8/5ppp/8/3R2k1/8/5P1b/1r6/4K3 b - - 4 54,0.0,b
8/5ppp/4b3/8/5k2/2R2P2/1r6/4K3 b - - 8 56,0.0,b
8/5ppp/8/8/5k2/1b3P2/4K3/8 b - - 1 58,0.0,b
8/5ppp/8/3b4/8/3K1k2/8/8 b - - 1 60,0.0,b
8/5ppp/8/8/5k2/5b2/3K4/8 b - - 5 62,0.0,b
8/5ppp/8/8/5k2/5b2/1K6/8 b - - 9 64,0.0,b
8/5ppp/8/8/2K1k3/5b2/8/8 b - - 13 66,0.0,b
8/5ppp/8/4k3/8/1K6/4b3/8 b - - 17 68,0.0,b
8/5ppp/8/7b/2k5/8/1K6/8 w - - 21 71,0.0,w
8/5ppp/8/3k4/8/8/1K2b3/8 w - - 25 73,0.0,w
8/5ppp/8/8/3k4/8/1K2b3/8 b - - 29 75,0.0,b
8/5ppp/8/8/3k4/8/1K2b3/8 w - - 33 78,0.0,w
8/5ppp/b7/4k3/8/2K5/8/8 w - - 37 80,0.0,w
8/5ppp/b7/3k4/8/1K6/8/8 b - - 41 82,0.0,b
8/5p1p/b5p1/8/3k4/8/2K5/8 b - - 1 84,0.0,b
8/5p1p/b7/8/3k2p1/8/8/3K4 b - - 1 86,0.0,b
8/5p1p/b7/8/3k4/8/6p1/1K6 b - - 1 88,0.0,b
8/5p1p/b7/8/3k4/8/5q2/1K6 w - - 3 91,0.0,w
8/5p1p/b7/8/8/2k5/1q6/1K6 w - - 7 93,0.0,w
8/pp3pkp/5p2/3P4/1P6/P1n5/2B2PPP/6K1 w - - 1 28,0.5,w
8/pp3pkp/3P1p2/8/1P3n2/P7/2B2PPP/5K2 w - - 3 30,0.5,w
8/p2P1pkp/1p2np2/8/1P2B3/P7/5PPP/5K2 w - - 1 32,0.5,w
8/p2P1pkp/1p2np2/8/1P2B3/P3K3/5PPP/8 w - - 5 34,0.5,w
8/p2P1pkp/1p2np2/8/1P2B3/P3K3/5PPP/8 w - - 9 36,0.5,w
r5rk/1p1b1n1p/4pb2/p1p2n1R/1qPpBP2/3P1N2/P3P3/2BQ2RK b - - 0 28,0.0,b
r5rk/1B3n1p/4pb2/p1p2n1R/b1Pp1P2/3P1N2/P3P3/2B3RK b - - 0 30,0.0,b
1r4rk/5n1p/4pb2/p1p4R/b1PpBP2/3P1NR1/P3P3/2B4K b - - 0 32,0.0,b
7k/5n2/4pb2/p1p4R/b1PpBP2/3P1Nr1/P3P3/1rB4K b - - 2 34,0.0,b
6k1/5n2/4pb2/p1p4R/b1Pp1P2/3P1B2/P3P2K/1rB5 b - - 0 36,0.0,b
3b2k1/5n2/4p3/p1R5/b1Pp1P2/P2P1B2/4P2K/2r5 b - - 0 38,0.0,b
3b4/5nk1/8/p4R2/b1Pp4/P2P1B2/4P2K/2r5 b - - 0 40,0.0,b
3b4/5nk1/8/p7/b1PR4/r2P1B2/4P2K/8 b - - 0 42,0.0,b
3b4/5nk1/8/p7/2P3R1/2rP1B2/2b1P1K1/8 b - - 4 44,0.0,b
3b4/6k1/8/p2B2n1/2P3R1/2rP4/4PK2/3b4 b - - 8 46,0.0,b
8/6k1/1b6/p5n1/2PP2R1/5B2/2r1PK2/3b4 b - - 0 48,0.0,b
8/8/1b3k2/p7/2rP2R1/5B2/4PK2/3b4 b - - 2 50,0.0,b
8/8/5k2/p7/3b4/5B2/4P3/3bK3 b - - 1 52,0.0,b
8/8/5k2/p7/2bbB3/8/3KP3/8 b - - 5 54,0.0,b
8/8/5k2/p1bb4/8/2KB4/4P3/8 b - - 9 56,0.0,b
6B1/8/5k2/2b5/p7/2K5/4P3/7b b - - 3 58,0.0,b
8/8/5k2/2bb4/4P3/p1K5/8/8 b - e3 0 60,0.0,b
8/8/4bk2/2b5/4P3/8/p1K5/8 b - - 3 62,0.0,b
8/8/4bk2/8/4P3/3K4/8/q5b1 b - - 3 64,0.0,b
8/8/5k2/4q3/8/1b6/3K4/6b1 b - - 1 66,0.0,b
r1bq1rk1/pp3ppp/4nn2/4R1B1/2Pb4/2N3Q1/PP3PPP/3R1BK1 w - - 1 16,1.0,w
r1b2rk1/pp3ppp/4nn2/4Q3/2P5/2N1B3/PP3PPP/3q1BK1 w - - 0 18,1.0,w
r1br2k1/1p3ppp/p3nn2/4Q3/2P5/2N1B3/PP3PPP/5BK1 w - - 0 20,1.0,w
1rbr2k1/1p3ppp/4nn2/p3Q3/2P5/2N1BB2/PP3PPP/6K1 w - - 2 22,1.0,w
1Qb3k1/1p3ppp/4nn2/8/p1P5/4BB2/PP3PPP/3N2K1 w - - 0 24,1.0,w
3Qn1k1/1p3ppp/8/8/p1P5/4BB2/PP3PPP/3N2K1 w - - 1 26,1.0,w
3rr1k1/pb3ppp/1p3n2/2p1q3/4P2n/PP1B2NP/4QPP1/2R1R1K1 w - - 1 26,1.0,w
3rr1k1/p4ppp/1pb2n2/2p5/2B1P2n/PPq3NP/4QPP1/3RR1K1 w - - 5 28,1.0,w
3r1k2/p4ppp/1pb2n2/2p5/2B1P2n/PPq3NP/4QPP1/1R4K1 w - - 2 30,1.0,w
3r1k2/p4ppp/1p3q2/2p5/2B4n/PP4NP/4QPb1/1R4K1 w - - 0 32,1.0,w
3r4/p3kppp/1p6/2p4N/2B4n/PP5P/5Pb1/1R4K1 w - - 0 34,1.0,w
3r1k2/p4pNp/1p6/2p5/2B5/PP3n1P/5Pb1/4R1K1 w - - 1 36,1.0,w
3r1k2/p4pNp/1p6/2p5/2B5/PP5P/2n2P2/5K2 w - - 2 38,1.0,w
5k2/p4p1p/Bp6/2p2N2/8/nP5P/5P2/3r1K2 w - - 2 40,1.0,w
5k2/p4p1p/Bp6/2p5/8/nP2N2P/1r3PK1/8 w - - 6 42,1.0,w
5k2/p4p1p/Bp6/5N2/1p6/n6P/3r1PK1/8 w - - 2 44,1.0,w
4k3/p4p1p/Bp6/5N2/1p6/n6P/3K1P2/8 b - - 0 46,1.0,b
5k2/pB3p1p/1p6/5N2/8/npK4P/5P2/8 b - - 1 48,1.0,b
5k2/pB3p1p/1p6/1n3N2/7P/8/1K3P2/8 b - - 0 50,1.0,b
6k1/p1n2p1p/1p6/5N2/4B2P/8/2K2P2/8 w - - 4 53,1.0,w
8/p4pkp/1p6/1n6/4B1NP/8/2K2P2/8 w - - 8 55,1.0,w
7k/p4p1p/1p6/1K6/4B1NP/8/5P2/8 b - - 0 57,1.0,b
8/K4pkp/8/1p6/4B1NP/8/5P2/8 b - - 0 59,1.0,b
8/1K3pkp/8/7P/4B1N1/1p6/5P2/8 b - - 0 61,1.0,b
8/1K3pkp/8/7P/4B1N1/1p6/5P2/8 b - - 4 63,1.0,b
6k1/1K3p1p/5N1P/8/4B3/8/1p3P2/8 b - - 1 65,1.0,b
8/1K2kp2/7P/6N1/4B3/8/1p3P2/8 b - - 2 67,1.0,b
6k1/1K3p1P/8/8/4B3/7N/1p3P2/8 b - - 0 69,1.0,b
7k/1K5P/5p2/8/4BN2/5P2/1p6/8 b - - 1 71,1.0,b
7k/1K5P/5p2/8/3NB3/5P2/1p6/8 b - - 5 73,1.0,b
7k/1K5P/5p2/8/3NB3/5P2/1p6/8 b - - 9 75,1.0,b
8/1K4kP/8/5B2/8/5P2/1p2N3/8 b - - 2 77,1.0,b
8/1K4kP/8/8/8/5P2/4N3/1B6 w - - 1 80,1.0,w
8/6kP/2K5/8/5P2/8/4N3/1B6 w - - 1 82,1.0,w
8/6kP/2K5/8/5P2/8/N7/1B6 w - - 5 84,1.0,w
8/6kP/2K5/8/5P2/8/N7/1B6 w - - 9 86,1.0,w
8/6kP/2K5/8/4BP2/2N5/8/8 w - - 13 88,1.0,w
8/6kP/2K5/8/4BP2/2N5/8/8 w - - 17 90,1.0,w
7Q/8/2K1k3/3N4/4BP2/8/8/8 w - - 1 92,1.0,w
r4r1k/1p1b1nbp/4p1p1/p1p2nN1/1qPpBP1P/3P4/P2BPR2/3Q2RK b - - 3 25,0.0,b
r6k/1p1b1rbp/4p1p1/p1p2n1P/2PpBP2/3P4/Pq1BPR2/3Q2RK b - - 0 27,0.0,b
r4r1k/1p1b2bp/4p1P1/p1p5/2PpBP2/3Pn3/Pq1BPR2/4Q1RK b - - 0 29,0.0,b
r5Rk/1p1b1r1P/4pb2/p1p5/2PpBP2/3Pn3/Pq1BPR2/4Q2K b - - 2 31,0.0,b
6k1/1p1b1r2/4pb2/p1p5/2PpBP2/3PB3/Pq2PR2/4Q2K b - - 0 33,0.0,b
6k1/1p1b1r2/4pb2/p1p5/2P1BP2/3Pp3/P2qP1R1/7K b - - 1 35,0.0,b
6k1/1B1b4/4pb2/p1p5/2P2P2/3Pp3/P2qP1K1/8 b - - 0 37,0.0,b
6k1/3b4/4pb2/p1p5/2P1BP2/3Pp1K1/q7/8 b - - 1 39,0.0,b
6k1/3b4/4pb2/p1p5/2P2PK1/3P1B2/q7/4q3 b - - 1 41,0.0,b
rnbqkb1r/pp2pppp/5n2/2pp4/5P2/2PPB3/PP2P1PP/R2QKBNR b KQkq - 1 4,0.0,b
r1bq1b1r/pp1kpppp/2n2n2/2pp4/5P2/2PPBN2/PP1KP1PP/R2Q1B1R b - - 5 6,0.0,b
r1b2b1r/pp1kpppp/2n2n2/2Bp4/5P2/2PP1N2/Pq2P1PP/R2QKB1R b - - 1 8,0.0,b
r1b2b1r/pp1kpppp/2n2n2/2Bp4/5P2/3P1N2/P2QPKPP/q4B1R b - - 1 10,0.0,b
r1b2b1r/pp1k1ppp/2n1pn2/2Bp4/5PP1/3P1N2/P2QPKBP/1q5R b - - 1 12,0.0,b
r1b4r/pp1k1ppp/2n1pn2/1qbp2P1/5P2/3PPN2/P2Q1KBP/7R b - - 0 14,0.0,b
r1b4r/pp1k1ppp/2n1p3/1q1p2P1/5Pn1/3PbNK1/P3Q1BP/7R b - - 1 16,0.0,b
r1b4r/pp1k1ppp/1bn1p3/1q1p2P1/5P2/3P1N2/P3Q1BK/2R5 b - - 0 18,0.0,b
r1b4r/pp1k1ppp/1bn1p3/3p2P1/q4P2/3P1N1K/P1R1Q1B1/8 b - - 4 20,0.0,b
r1b4r/pp1k1ppp/1b2p3/3p2P1/3n1q1N/3P3K/P1R3B1/5Q2 b - - 3 22,0.0,b
r1b4r/pp1k1ppp/1b2p3/3p2P1/7N/3P2K1/P1n5/5B2 b - - 1 24,0.0,b
r1b4r/pp1k1ppp/1bn1p3/3p2P1/7N/P2P2KB/8/8 b - - 2 26,0.0,b
r1b4r/ppbk1ppp/4p3/3p2P1/8/P2n1NKB/8/8 w - - 1 29,0.0,w
5rk1/1pb2pp1/p1p1r3/P1Pp1bNn/1P1BnP2/3BP3/6RP/3R2K1 b - - 0 28,0.0,b
5rk1/1pb2pp1/p1p5/P1Pp1b1n/1P1BNP2/3BP3/6KP/3R4 b - - 0 30,0.0,b
3r2k1/1pb2pp1/p1p5/P1P2b1n/1P1BpP2/4P3/B5KP/3R4 b - - 3 32,0.0,b
3r4/1pb1kpp1/p1p5/P1P2b1n/1P1BpP2/4P3/B4K1P/4R3 b - - 7 34,0.0,b
3r4/1pb1kpp1/p1p5/P1P2b2/1P1Bp3/3BP3/5K1P/4R3 b - - 0 36,0.0,b
3r4/1p2kpB1/p1p5/P1P2b2/1P6/3pP3/5K1b/7R b - - 1 38,0.0,b
3r4/1pb1kp2/p1p5/P1P2b2/1P2P3/2B5/3p1K2/7R b - - 0 40,0.0,b
3r4/1pb1kp2/p1p5/P1P2b2/1P6/8/3B1K2/3R4 b - - 0 42,0.0,b
3r4/1pb2p2/p1p5/P1P2kB1/1P6/8/2b2K2/3R4 w - - 4 45,0.0,w
8/1pb2p2/p1p5/P1P2k2/1P2b3/4B3/6K1/3r4 w - - 2 47,0.0,w
8/1pb2p2/p1p5/P1Pr1k2/1P6/8/5K2/1bB5 w - - 6 49,0.0,w
8/1pb2p2/p1p5/P1P2k2/1P6/8/1r6/1b2K3 w - - 0 51,0.0,w
8/1p3p2/p1p5/b1P2k2/1r6/8/4K3/1b6 w - - 0 53,0.0,w
8/1p3p2/p1p5/2P2k2/1b6/1r6/4K3/1b6 w - - 4 55,0.0,w
8/1p3p2/p1p5/2b2k2/8/1r1b4/4K3/8 w - - 2 57,0.0,w
8/1p3p2/p1p5/5k2/1b6/3b4/8/1rK5 w - - 6 59,0.0,w
r3r1k1/p2b1ppp/1p1q1n2/2p1n3/3N4/1P2P2P/P1Q2PP1/1BRR2K1 w - - 0 19,0.0,w
r3r1k1/p4ppp/1pq2n2/2p1n3/8/1P2P1Nb/P1Q2PP1/1BRR2K1 w - - 0 21,0.0,w
2r1r1k1/p4ppp/1pq2n2/2p5/8/1P2PnNP/P1Q2P2/1BRR1K2 w - - 3 23,0.0,w
2r1r1k1/p4ppp/1p3n2/2p3Q1/7n/1P2P1NP/P4Pq1/1BRR1K2 w - - 7 25,0.0,w
3rr1k1/p4ppp/1p3n2/2p3Q1/7n/1P1KPqNP/P4P2/1BRR4 w - - 11 27,0.0,w
4r1k1/p4ppp/1p3n2/2p3Q1/7n/1PK1P1NP/P4P2/1B1q4 w - - 0 29,0.0,w
4r1k1/p4ppp/1p3n2/2p3Q1/7n/1P2P1NP/PKB2q2/8 w - - 0 31,0.0,w
4r1k1/p4ppn/1p6/2p5/7Q/1P2q1NP/PK6/8 w - - 0 33,0.0,w
4r1k1/p4ppn/1p6/2p2q2/7Q/1P5P/P7/2K5 w - - 0 35,0.0,w
4r1k1/p4ppn/1p6/2p5/8/1P2q3/P1Q5/2K5 w - - 2 37,0.0,w
4r1k1/p4ppn/1p6/2p5/3q4/1P6/PK1Q4/8 w - - 6 39,0.0,w
4r1k1/p4ppn/1p6/2p5/8/1P1Q4/P1K3q1/8 w - - 10 41,0.0,w
4r1k1/p4ppn/1p6/2p5/8/1PK5/3q4/8 w - - 0 43,0.0,w
4r1k1/p4p1n/1p4p1/8/1p6/8/3K4/8 w - - 0 45,0.0,w
4r3/5pkn/1p4p1/p7/1pK5/8/8/8 w - a6 0 47,0.0,w
4r3/5pkn/1p4p1/8/1pK5/p7/8/8 w - - 0 49,0.0,w
4r3/5pkn/6p1/1p6/1K6/8/p7/8 w - - 0 51,0.0,w
2r5/5pkn/6p1/1p6/8/1K6/8/q7 w - - 2 53,0.0,w
5rk1/1pb2pp1/p1p1r3/P1Pp1bNn/1P1BnP2/3BP3/6RP/3q1RK1 w - - 0 28,0.0,w
5rk1/1pb2pp1/p1p5/P1Pp1b1n/1P1BNP2/3BP3/6rP/3R2K1 w - - 0 30,0.0,w
5rk1/1pb2pp1/p1p5/P1Pp4/1P1BbP2/3B4/6KP/3R4 w - - 0 32,0.0,w
3r2k1/1pb2pp1/p1p5/P1P2P2/1P1Bp3/8/6KP/3R4 w - - 1 34,0.0,w
6k1/1p3pp1/p1p5/P1P1bP2/1P2p3/2B5/3r2KP/8 w - - 0 36,0.0,w
4k3/1p3pp1/p1p5/P1P1bP2/1P2p3/7P/3B2K1/8 w - - 1 38,0.0,w
8/1p1k1pp1/p1p5/P1P2P2/1P1bp3/7P/3B4/5K2 w - - 5 40,0.0,w
8/1p1k1pp1/p1p5/P1P1bP2/1P6/4p2P/8/2B1K3 w - - 2 42,0.0,w
8/1pbk2p1/p1p2p2/P1P2P2/1P6/4B2P/4K3/8 w - - 2 44,0.0,w
8/1pbk2p1/p1p2p2/P1P2P2/1P6/4B2P/4K3/8 w - - 6 46,0.0,w
4k3/1p4p1/p1p2p2/P1P1bP1P/1P6/4B3/4K3/8 w - - 1 48,0.0,w
4k3/1p6/2p2p1p/PpP1bP2/8/4B3/4K3/8 w - - 0 50,0.0,w
4k3/1p6/2p2p2/P1P1bP2/8/1p6/3BK3/8 w - - 0 52,0.0,w
4k3/1p6/2p2p2/P1P1bP2/8/8/3BK3/1q6 b - - 1 54,0.0,b
4k3/1p6/2p2p2/P1P1b3/6q1/4B3/3K4/8 b - - 3 56,0.0,b
4k3/1p6/2p2p2/P1P1b3/8/2q1B3/4K3/8 b - - 7 58,0.0,b
5k2/1p6/2p2p2/q1P1b3/8/4B3/4K3/8 w - - 3 61,0.0,w
5k2/1p6/2p2p2/4b3/8/4B3/2q1K3/8 w - - 2 63,0.0,w
8/1p3k2/2p2p2/4b3/8/4B3/5K2/3q4 w - - 6 65,0.0,w
8/Bp3k2/2p2p2/4b3/8/3q4/8/5K2 w - - 10 67,0.0,w
8/Bp3k2/2p2p2/4b3/8/5q2/8/5K2 w - - 14 69,0.0,w
1b6/Bp3k2/2p2p2/8/8/6q1/8/5K2 w - - 18 71,0.0,w
q7/1p3k2/2p2p2/8/8/8/4K3/8 w - - 2 73,0.0,w
8/1p6/2p2pk1/8/q7/4K3/8/8 w - - 6 75,0.0,w
8/1p6/2p3k1/8/q4p2/4K3/8/8 w - - 0 77,0.0,w
8/1p6/2p3k1/8/5p2/8/5K2/3q4 b - - 4 79,0.0,b
8/1p6/2p5/5k2/5p2/5K2/8/2q5 b - - 8 81,0.0,b
r1bq1rk1/ppp2pbp/2np1np1/4p3/PP6/3P1NP1/1BP1PPBP/R2QK2R w KQ - 1 8,0.0,w
r2q1rk1/ppp1npbp/3pbnp1/1P2p3/P7/3P1NP1/1BPKPPBP/R2Q3R w - - 3 10,0.0,w
r2q1rk1/ppp2pbp/3pbnp1/1P2p3/P4nP1/3P1N2/1BPKPPBP/1R1Q3R w - - 1 12,0.0,w
r3qrk1/ppp2pbp/3pb1p1/1P2p1P1/P4nn1/3P1N2/1BPKPPBP/1R1Q2R1 w - - 1 14,0.0,w
r3qrk1/ppp2pbp/3p2p1/1P2pbP1/P4n2/3P1N2/1BPKPQBP/1R4R1 w - - 1 16,0.0,w
r3qrk1/1ppb1pbp/1p1p2p1/4p1P1/P3Pn2/3P1N2/1BPK1QBP/1R4R1 w - - 0 18,0.0,w
r3qrk1/1ppb1pbp/1p1p2p1/4p1P1/P3P3/3P1N2/1BPK3P/1R2Q1nB w - - 0 20,0.0,w
3q1rk1/1ppb1pbp/1p1p2p1/r3p1P1/4P3/3P1N2/1BPK3P/1R4QB w - - 0 22,0.0,w
r2q1rk1/1ppb1pbp/1p4p1/4p1P1/4P3/2BP4/2PK3P/1R4QB w - - 0 24,0.0,w
r2qr1k1/1pp2pbp/1p4p1/4p1P1/b3P3/2BP4/2P2K1P/1R4QB w - - 4 26,0.0,w
q3r1k1/1pp2pbp/1p4p1/4p1P1/4P3/2BP4/2b2K1P/6QB w - - 0 28,0.0,w
q5k1/1pp2pbp/1p4p1/4p1P1/4P3/2BrQ3/2b1K2P/7B w - - 0 30,0.0,w
3q2k1/1pp2pbp/1p4p1/4p1P1/4P3/2BK4/7P/7B w - - 1 32,0.0,w
6k1/1pp2p1p/1p4pb/4p1q1/4P3/2B2B2/4K2P/8 w - - 2 34,0.0,w
6k1/1pp2p1p/1p4pb/4p3/4P3/2q2B2/6KP/8 w - - 0 36,0.0,w
6k1/1pp2p1p/1p4pb/4p3/4P3/8/5qBP/8 w - - 0 39,0.0,w
5rk1/pp1b3p/2pb2p1/P2p4/5nP1/1NP1B3/1P4K1/R2B4 w - - 8 32,1.0,w
5rk1/pp1b3p/2pb2p1/P2p4/5nP1/1NP1B3/1P4K1/R2B4 w - - 12 34,1.0,w
5rk1/pp1b3p/2pb2p1/P2p4/6P1/1NP1B3/1n4K1/R2B4 w - - 0 36,1.0,w
5rk1/Bp5p/2pb2p1/P2p4/6b1/1NP5/6K1/3R4 w - - 0 38,1.0,w
5rk1/B6p/1pp3p1/P1Np4/6b1/2P5/6K1/4R3 w - - 0 40,1.0,w
5r2/BP4kp/2p3p1/2Np4/8/2P4b/6K1/4R3 w - - 1 42,1.0,w
8/BP5p/2p1N1pk/3p4/8/2P2r1K/8/4R3 w - - 3 44,1.0,w
r3rnk1/pp1bbpnp/2p2Pp1/3pP3/6P1/2P5/PPBN3P/R1B2R1K b - - 0 19,0.0,b
r2brn2/pp1b1pkp/2p3p1/3pP3/6P1/1BP5/PP1N3P/R1B2R1K b - - 1 21,0.0,b
r3rn2/pp3pkp/2p1b1p1/3pP1b1/6P1/1BP3K1/PP1N3P/R1B2R2 b - - 5 23,0.0,b
r3r3/pp3pkp/2p1b1p1/2npP1b1/6P1/1BP2NK1/PP5P/R1B1R3 b - - 9 25,0.0,b
r2br3/pp3pkp/2p1b1p1/3pP3/3N2P1/1PP3K1/1P5P/R1B1R3 b - - 2 27,0.0,b
r1bbr3/pp3pkp/2p3p1/3pP3/3N2P1/1PP3K1/1P1B3P/R2R4 b - - 6 29,0.0,b
r2b4/pp1b1pkp/2p3p1/3pr1P1/3N1B2/1PP3K1/1P5P/R2R4 b - - 2 31,0.0,b
r2br3/pp3pkp/2p3p1/3p1bP1/3N1B2/1PP3K1/1P5P/R2R4 b - - 6 33,0.0,b
r1bb4/pp3pkp/2N3p1/3p2P1/4rB2/1PP3K1/1P1R3P/R7 b - - 0 35,0.0,b
r1b5/p3bpkp/2p3p1/3p2P1/4rB2/1PP2K2/1P1R3P/1R6 b - - 3 37,0.0,b
r1b5/p3bpkp/2p3p1/3p2P1/4rB2/1PP2K2/1P1R3P/1R6 b - - 7 39,0.0,b
r7/p3bpkp/2p3p1/5bP1/3RrB2/1PP2K2/1P5P/R7 b - - 0 41,0.0,b
r4k2/p3bp1p/2p3p1/5bP1/3B4/1PP2K2/1P5P/R7 b - - 0 43,0.0,b
r4k2/p4p1p/6p1/R1b2bP1/8/1PP2K2/1P5P/8 b - - 1 45,0.0,b
r4k2/p4p1p/6p1/5bP1/8/1PP2K2/1P5b/2R5 b - - 1 47,0.0,b
1r3k2/p4p1p/6p1/4bbP1/1P6/2P2K2/1P6/7R b - - 0 49,0.0,b
8/pr3pkp/6p1/4bbP1/1P6/2P2K2/1P6/4R3 b - - 4 51,0.0,b
8/prb2pkp/6p1/5bP1/1P6/2P2K2/1P6/7R b - - 8 53,0.0,b
8/Rrb2pkp/6p1/5bP1/1P6/2P2K2/1P6/8 b - - 0 55,0.0,b
8/2b2pkp/6p1/1P3bP1/8/1PP2K2/r7/8 b - - 0 57,0.0,b
8/2b2pkp/6p1/1P3bP1/8/1rP5/8/4K3 b - - 1 59,0.0,b
8/2b2pkp/6p1/1P4P1/8/2rb4/5K2/8 b - - 3 61,0.0,b
8/5pkp/6p1/1b4P1/5b2/2r5/5K2/8 b - - 3 63,0.0,b
8/5pkp/6p1/1b6/7b/2r5/7K/8 b - - 3 65,0.0,b
8/5p1p/5kp1/1br5/7b/7K/8/8 b - - 7 67,0.0,b
8/4kp1p/6p1/1b6/2r4b/5K2/8/8 b - - 11 69,0.0,b
8/4kp1p/5bp1/1b6/5K2/2r5/8/8 b - - 15 71,0.0,b
8/4kp2/2b2bp1/7p/5K2/2r5/8/8 b - - 1 73,0.0,b
r1b2rk1/pp1nqppp/2pb1n2/3pp3/2P5/1P2P3/PBBPNPPP/2RQK2R w K - 8 9,0.0,w
r1b2rk1/pp1n1ppp/2p2n2/3Pp3/8/qP2P3/P1BPNPPP/2RQK2R w K - 0 11,0.0,w
r1b2rk1/p2n1ppn/2p5/4p3/8/qP2P3/P2PNPPP/2RQK2R w K - 0 13,0.0,w
r1b2rk1/p2n1pp1/2R5/4p1n1/8/1P2P3/q2PNPPP/2Q1K2R w K - 0 15,0.0,w
r1b2rk1/p2n1ppq/2R5/4p1n1/8/1PQ1P3/3P1PPP/2N1K2R w K - 4 17,0.0,w
r4r2/pb1n1ppk/2R5/4p1n1/8/1P2P3/3P1PPP/2N1K2R w K - 0 19,0.0,w
r4r2/p2R1ppk/8/4p1n1/8/1P2P3/3P1P1P/2N1K2b w - - 0 21,0.0,w
r4r2/p3Rppk/8/4p3/8/1P2P3/3PKP1n/2N4b w - - 0 23,0.0,w
2r2r2/p4ppk/8/4R3/8/1P1KPb2/3P1P1n/2N5 w - - 3 25,0.0,w
5r2/p4ppk/8/R7/4P3/1P1K1b2/3P1P2/2r2n2 w - - 2 27,0.0,w
8/3r1ppk/8/8/4P3/1P1K1b2/3P1P2/2r2n2 w - - 0 29,0.0,w
r2q1rk1/ppnb1ppp/5n2/4Q1B1/2P5/2N5/PP3PPP/3R1BK1 w - - 1 17,1.0,w
r2qnr1k/pp1b1ppp/5n2/6B1/2P1N3/6Q1/PP3PPP/3R1BK1 w - - 5 19,1.0,w
r1q2r1k/pp1b1ppp/5n2/6B1/2P5/5Q2/PP3PPP/3R1BK1 w - - 0 21,1.0,w
r1q2r1k/pp3ppp/5B2/8/2P5/2Q5/PP3PPP/3b1BK1 w - - 0 23,1.0,w
r1qr2k1/pp3p1p/7B/8/2P5/2Q5/PP3PPP/3b1BK1 w - - 3 25,1.0,w
r1bq1rk1/1pp2pb1/3pnnpp/pP2p3/P7/R2P2P1/1BPNPPBP/3Q1RK1 w - - 2 12,1.0,w
r1bq2k1/1pp1rpb1/3pnnpp/pP2p3/P7/R1BP2P1/2PNPPBP/3QR1K1 w - - 6 14,1.0,w
r1bq2k1/1pp1rpb1/4nnpp/pP2p3/P2p4/R1BP1BP1/2PNPP1P/3QR1K1 w - - 0 16,1.0,w
r1b1q1k1/1pp1rpb1/5npp/pPn1p3/P2p4/R2P2P1/1BPNPPBP/3QR1K1 w - - 4 18,1.0,w
r3q1k1/1pp1rpb1/4b1pp/pPn1p3/P2pP3/R5P1/1BP1PPBP/3QR1K1 w - - 1 20,1.0,w
r3q1k1/1pp1rp2/1P3bpp/p1n1p3/P1bpP3/R4BP1/1BP1PP1P/3QR1K1 w - - 1 22,1.0,w
r3q1k1/1pr2p2/5bpp/p1n1p3/P1b1P3/R2p1BP1/1BP1PP1P/2Q1R1K1 w - - 0 24,1.0,w
r3q1k1/1pr2p2/6pp/p3p1b1/P1Q1P3/R2n1BP1/1B2PP1P/4R1K1 w - - 0 26,1.0,w
r2bq1k1/1Q3p2/6pp/p3p3/P3P3/R4BP1/1B2PP1P/4n1K1 w - - 0 28,1.0,w
Q2bq1k1/5p2/7p/p3p1p1/P3P3/5RP1/1B2PP1P/6K1 w - - 0 30,1.0,w
Q2bq3/5k2/7p/p3B3/P3P1p1/6P1/4PP1P/6K1 w - - 0 32,1.0,w
3Q4/5k2/7p/p3q3/P3P1p1/6P1/4PP1P/6K1 w - - 0 34,1.0,w
8/8/5k1p/p7/P3P1Q1/6P1/4PP1P/q5K1 w - - 1 36,1.0,w
8/8/7p/p3q1k1/P3P3/5QP1/4PPKP/8 w - - 5 38,1.0,w
8/8/5k1p/p6q/P3PP2/3Q2P1/4P1KP/8 w - - 1 40,1.0,w
8/3Q4/5k1p/p6q/P3PP2/6P1/4P1KP/8 w - - 5 42,1.0,w
8/3Q4/7p/p3k3/P7/6P1/4P1KP/8 w - - 0 44,1.0,w
8/8/7Q/p4k2/P7/6P1/4P1KP/8 w - - 1 46,1.0,w
8/8/3k4/Q7/P7/6P1/4P1KP/8 w - - 1 48,1.0,w
8/5k2/8/P7/8/6P1/3QP1KP/8 w - - 1 50,1.0,w
8/P3k3/8/8/8/6P1/3QP1KP/8 w - - 1 52,1.0,w
Q7/8/5k2/8/8/6P1/4P1KP/2Q5 w - - 1 54,1.0,w
5k2/8/8/3Q2Q1/8/6P1/4P1KP/8 w - - 5 56,1.0,w
rn1qkb1r/pp3ppp/2p1bn2/3Pp3/8/1B1P1P2/PPP1Q1PP/RNB1K2R b KQkq - 0 7,1.0,b
r2qkb1r/pp3ppp/2n1bn2/3pP3/8/1B3P2/PPP1Q1PP/RNB1K2R b KQkq - 0 9,1.0,b
r2qk2r/pp3ppp/4bn2/3pQ3/1b6/1BN2P2/PPP3PP/R1B1K2R b KQkq - 2 11,1.0,b
r4k1r/pp3ppp/4bn2/q2pQ3/1b3B2/1BN2P2/PPP3PP/2KR3R b - - 6 13,1.0,b
2r2k1r/pp2bppp/4bN2/q3Q3/5B2/1B3P2/PPP3PP/2KR3R b - - 0 15,1.0,b
2r2k1r/pp3ppp/4Bb2/4B3/8/5P2/PPP3PP/2KR3R b - - 0 17,1.0,b
2r2k1r/pp1R3p/4pp2/8/8/5P2/PPP3PP/2K4R b - - 1 19,1.0,b
2r2k2/p6R/4pp2/8/8/5P2/PPP3rP/2K4R b - - 0 21,1.0,b
5k1R/p7/4pp2/8/8/5P2/Pr4rP/3K3R b - - 1 23,1.0,b
8/p1R5/4ppk1/8/8/5P2/Pr4rP/3K3R b - - 5 25,1.0,b
8/p7/4ppk1/8/8/5P1P/6r1/r1RK3R b - - 2 27,1.0,b
8/p7/4ppk1/8/5P2/6rP/8/2K4R b - - 0 29,1.0,b
8/p7/4pp2/8/5k2/6rP/8/1K3R2 b - - 1 31,1.0,b
8/p7/4pR2/8/7k/6r1/8/1K6 b - - 0 33,1.0,b
8/p5R1/8/4p3/7k/8/8/1K6 w - - 0 36,1.0,w
8/R7/5k2/4p3/8/8/2K5/8 w - - 3 38,1.0,w
8/8/4k3/4p3/R7/3K4/8/8 w - - 7 40,1.0,w
8/5k2/R7/4p3/4K3/8/8/8 w - - 11 42,1.0,w
5k2/8/R7/5K2/8/8/8/8 w - - 3 44,1.0,w
8/6k1/8/5K2/8/8/8/2R5 w - - 7 46,1.0,w
8/6k1/8/5K2/8/8/8/4R3 w - - 11 48,1.0,w
6k1/8/5K2/8/8/8/4R3/8 w - - 15 50,1.0,w
6k1/8/6K1/8/8/8/8/4R3 w - - 19 52,1.0,w
6k1/8/6K1/8/8/8/8/3R4 w - - 23 54,1.0,w
rnbqk1nr/ppp2ppp/3b4/3pp3/8/1P2PQ2/PBPP1PPP/R3KBNR b KQkq - 3 4,0.0,b
rnbqk2r/ppp2ppp/3b1n2/1B1p4/4p3/1P2P3/PBPP1PPP/R2QK1NR b KQkq - 3 6,0.0,b
rn1q3r/pppk1ppp/3b1n2/3p4/4p3/1P2P2N/PBPP1PPP/R2QK2R b KQ - 1 8,0.0,b
r2q3r/pppk1ppp/2nb1n2/3p4/8/1P1QP2N/PBP2PPP/R3K2R b KQ - 0 10,0.0,b
r3q2r/pppk1ppp/2n2n2/1Q1p4/1b6/1P2P2N/PBP1KPPP/R6R b - - 4 12,0.0,b
r3q2r/pppk1p1p/2nb1p2/3Q4/8/1P2P2N/P1P1KPPP/R6R b - - 0 14,0.0,b
r3q1r1/pQpk1p1p/3b1p2/8/1n6/1P2P2N/P1P1KPPP/3R3R b - - 0 16,0.0,b
r3q1r1/1Qpk1p1p/3b1p2/8/1n6/1P2P2N/P1P1KPPP/3R3R b - - 2 18,0.0,b
4q1r1/2pk1p1p/3b1p2/8/1Q6/1P2P2N/2r2PPP/3RK2R b - - 1 20,0.0,b
4q3/2pk1p1p/3b1p2/8/Q7/1P2P2N/1r3PrP/3RK2R b - - 3 22,0.0,b
4q3/5p1p/2pk1p2/8/3Q4/1P2P2N/1r3PrP/4K2R b - - 1 24,0.0,b
8/2k2p1p/2p2p2/8/8/1P2q2N/4QPrP/4K2R b - - 1 26,0.0,b
8/2k2p1p/2p2p2/8/5Q2/1P5q/5PrP/4K2R b - - 1 28,0.0,b
2k4Q/3q1p1p/2p5/8/8/1P6/5PrP/4K2R b - - 2 30,0.0,b
4q3/1k3p2/2p5/8/4Q3/1P6/5PrP/4K2R b - - 2 32,0.0,b
8/1k3p2/2p5/6r1/8/1P6/5P1P/4R3 w - - 1 35,0.0,w
8/pp3pkp/5p2/3P4/1P2n3/P7/2B2PPP/6K1 b - - 0 27,0.0,b
8/pp3pkp/3P1p2/8/1P6/P7/2B1nPPP/5K2 b - - 2 29,0.0,b
8/pp1P1pkp/4np2/8/1P2B3/P7/5PPP/5K2 b - - 2 31,0.0,b
3n4/p2P1pkp/1p3p2/8/1P2B3/P7/5PPP/5K2 b - - 3 33,0.0,b
3n4/p2P1pk1/1p5p/5B2/1P6/P7/4KPPP/8 b - - 1 35,0.0,b
3n4/p2P1p2/1p2k2p/8/1P6/P7/3K1PPP/1B6 b - - 5 37,0.0,b
8/p2k1p2/1pn4p/8/1P6/P7/3K1PPP/1B6 b - - 3 39,0.0,b
8/p4p2/1p1k3p/4n3/1P6/P7/B4PPP/2K5 b - - 7 41,0.0,b
8/p4B2/1p1k3p/8/1P6/P7/1K3nPP/8 b - - 1 43,0.0,b
8/p7/1p1k3p/7B/1P6/P7/2K3Pn/8 b - - 1 45,0.0,b
8/p7/1p1k3p/8/1P4B1/P5n1/2K3P1/8 b - - 5 47,0.0,b
8/p7/1p5p/4k3/1P1n4/P4B2/2K3P1/8 b - - 9 50,0.0,b
8/p7/1p5p/4k3/1P6/n5P1/8/3B4 b - - 1 52,0.0,b
8/p7/8/1p2k2P/1P6/n7/8/3B4 b - - 0 54,0.0,b
8/8/7P/Pp2k3/8/n7/8/3B4 b - - 0 56,0.0,b
8/8/P6P/4k3/8/nB6/8/8 b - - 0 58,0.0,b
8/P6P/8/4k3/8/1B6/3n4/8 b - - 0 60,0.0,b
Q6Q/8/8/8/5k2/1n6/8/8 b - - 0 62,0.0,b
8/8/8/8/3Q4/6k1/8/n6Q b - - 4 64,0.0,b
8/pp3pk1/5p1p/1n1P4/1P6/P7/2B1KPPP/8 w - - 2 30,1.0,w
8/p4pk1/1p5p/1n1P1B2/1P6/P7/4KPPP/8 w - - 0 32,1.0,w
8/p4p2/1p1n1k1p/8/1P6/P2B4/4KPPP/8 w - - 2 34,1.0,w
2n5/p4p2/1p5p/4k3/1P6/P4K2/5PPP/1B6 w - - 6 36,1.0,w
8/p4p2/1p1n1k1p/8/1P6/P4K2/5PPP/1B6 w - - 10 38,1.0,w
8/p4p2/1p1n3p/4k3/1P6/P4K2/5PPP/1B6 w - - 14 40,1.0,w
8/p7/1p5p/1n2kp1K/1P6/P7/5PPP/1B6 w - - 2 42,1.0,w
8/p7/1p6/4kpK1/1P6/8/5PPP/1n6 b - - 1 44,1.0,b
8/p7/1p6/4kp2/1P2n2K/5P2/6PP/8 b - - 0 46,1.0,b
8/p7/1p4K1/4k3/1P3p2/2n2P2/6PP/8 b - - 1 48,1.0,b
8/p7/6K1/1p1nk3/1P3p1P/5P2/6P1/8 b - - 0 50,1.0,b
8/p7/6KP/1p6/1P1k1p2/4nP2/6P1/8 b - - 0 52,1.0,b
7Q/p7/6K1/1p6/1P3p2/2k2P2/6n1/8 b - - 0 54,1.0,b
8/p7/6K1/kp6/5p2/5P2/6Q1/8 b - - 0 56,1.0,b
8/p7/1k4K1/1p1Q4/5p2/5P2/8/8 b - - 4 58,1.0,b
8/k7/p7/1pQ4K/5p2/5P2/8/8 b - - 3 60,1.0,b
8/1k6/p7/8/1Q3pK1/5P2/8/8 b - - 0 62,1.0,b
8/3k4/Q7/8/5pK1/5P2/8/8 b - - 0 64,1.0,b
8/Q4k2/8/8/5K2/5P2/8/8 b - - 2 66,1.0,b
8/8/8/6Qk/5K2/5P2/8/8 b - - 6 68,1.0,b
rnbqk2r/ppb2ppp/2p2n2/2P1p3/1P1p4/4P3/P1QPBPPP/RNB2RK1 w kq - 0 8,0.0,w
r1bqk2r/ppb2ppp/B1p2n2/2P1p3/1P6/N3p3/P1QP1PPP/R1B2RK1 w kq - 0 10,0.0,w
1rbqk2r/p1b2ppp/p1p2n2/2P1p3/1P6/N2PP3/P1Q3PP/R1B2RK1 w k - 1 12,0.0,w
1r1qk2r/p1b2ppp/p1p1b3/2Pnp3/1PN5/3PP3/PBQ3PP/R4RK1 w k - 5 14,0.0,w
1r1qk2r/p4ppp/p1p1b3/2P1b3/1n6/3PP3/PB3QPP/R4RK1 w k - 0 16,0.0,w
1r1qk2r/p4ppp/p1p1b3/2P1n3/8/4P1Q1/P5PP/R4RK1 w k - 0 18,0.0,w
1r3rk1/p4ppp/p1p1b3/2P1Q3/7q/4P3/P5PP/R2R2K1 w - - 3 20,0.0,w
1r2r1k1/p2b1ppp/p1R5/2P1Q3/7q/4P3/P5PP/R5K1 w - - 1 22,0.0,w
1r2r1k1/p4ppp/p1b5/2P5/3P4/8/P5PP/R5K1 w - - 0 24,0.0,w
4r1k1/p4ppp/p1b5/2P5/3P4/8/P5rP/5RK1 w - - 0 26,0.0,w
1r2r3/2pq1kb1/1p1p1npp/pPnPpp2/P3P3/R2P1PPB/1B5P/Q3R1K1 w - - 3 25,0.0,w
1r2r1k1/2pq2b1/1p1p1n1p/pPnPpp2/P7/R2P1PPB/1B5P/2Q1R1K1 w - - 0 27,0.0,w
1r2r1k1/2p3b1/1p1p1n1p/pPnPpp1q/P7/R2P1PPB/1B4KP/2Q1R3 w - - 4 29,0.0,w
1r2rbk1/2Qn4/1p1p1n1p/pP1Ppp1q/P2P4/R4PPB/1B4KP/4R3 w - - 1 31,0.0,w
1r3bk1/3n4/1p1p1n1p/pP1Ppp1q/P2P4/2r2PPB/1B4KP/2Q1R3 w - - 0 33,0.0,w
2r2bk1/3n4/1p1p3p/pP1nPp1q/P7/2B2PPB/6KP/2Q1R3 w - - 1 35,0.0,w
5bk1/3n4/1p1P3p/pP1n1q2/P7/2r2PP1/6KP/2Q1R3 w - - 0 37,0.0,w
6k1/3n4/1p1b3p/pP1n1q2/P7/5PP1/2r4P/3QR1K1 w - - 0 39,0.0,w
6k1/3n4/1p1bR2p/pP1n4/P7/5PP1/7P/3q2K1 w - - 2 41,0.0,w
6k1/3n4/1p1b3p/pP1n4/P7/5PP1/4q1KP/8 b - - 0 43,0.0,b
5rk1/pp1b2np/2pb2p1/P2p4/6P1/2P5/1P1N2K1/R1BB4 w - - 0 28,0.0,w
5rk1/p2b2np/P1pb2p1/3p4/1p4P1/1NP5/1P4K1/R1BB4 w - - 0 30,0.0,w
5rk1/p2b3p/P1pbn1p1/3p4/6P1/1NB5/1P4K1/R2B4 w - - 1 32,0.0,w
1r4k1/p2b3p/P1pb2p1/3p4/5nP1/1NB5/1PB3K1/5R2 w - - 5 34,0.0,w
5rk1/p2b3p/P1pb2p1/3p4/3N2P1/2B2K1n/1PB5/5R2 w - - 9 36,0.0,w
6k1/p2b3p/P1pb2p1/3p2n1/3N2P1/8/1PBB2K1/5r2 w - - 0 38,0.0,w
6k1/p6p/P1pbb1p1/3p4/6P1/8/1PBB4/5K2 w - - 0 40,0.0,w
2b3k1/B6p/P1pb2p1/3p4/8/8/1PB5/5K2 w - - 1 42,0.0,w
6k1/B6p/2pb2p1/1b1p4/B7/8/1P4K1/8 w - - 2 44,0.0,w
5k2/7p/3b2p1/1p1p4/3B4/8/1P4K1/8 w - - 2 46,0.0,w
8/2b1k2p/6p1/1p1p4/3B4/8/1P4K1/8 w - - 6 48,0.0,w
8/3k3p/3b2p1/1p1p4/3B4/4K3/1P6/8 w - - 10 50,0.0,w
8/2bk2Bp/6p1/1p1p4/8/5K2/1P6/8 w - - 14 52,0.0,w
8/2b3Bp/4k1p1/1p1p4/3K4/8/1P6/8 w - - 18 54,0.0,w
8/6bp/4k1p1/1pKp4/8/1P6/8/8 b - - 0 56,0.0,b
8/6bp/4k1p1/8/2K5/1P1p4/8/8 b - - 1 58,0.0,b
8/6bp/4k1p1/2K5/8/1P6/8/3q4 b - - 1 60,0.0,b
8/2K4p/4k1p1/8/3b4/1q6/8/8 w - - 3 63,0.0,w
1q1K4/7p/3k2p1/8/3b4/8/8/8 w - - 7 65,0.0,w
r1b2rk1/pp2ppbp/2nn4/7p/3P2q1/2P3N1/P1B2PP1/R1B1QRK1 w - - 0 16,0.0,w
r1b2rk1/pp2ppbp/2Pn4/8/6q1/2P3p1/P1B2PP1/R1B1QRK1 w - - 0 18,0.0,w
r1b2rk1/pp2ppbp/2Pn4/8/7q/B1P2Pp1/P1B3P1/R3QRK1 w - - 3 20,0.0,w
r4r2/pp2ppbk/2Pn4/5b2/7q/B1P2Pp1/P5P1/RQ3RK1 w - - 2 22,0.0,w
r4r2/pp2ppbk/2P5/5n2/8/B1P2Pp1/P5Pq/R3R1K1 w - - 2 24,0.0,w
r4r2/pp2Rp1k/2P5/5n2/8/B1b2Pp1/P5P1/R4K1q w - - 1 26,0.0,w
r4r2/pp2Rp1k/2P5/5n2/8/B1bK1Pp1/P2q4/R7 w - - 2 28,0.0,w
r4r2/pR3p1k/2P5/5n2/2K5/B4Pp1/q7/b7 w - - 0 30,0.0,w
r4r2/1R3p1k/2P5/p1K2n2/8/B4Pp1/2q5/b7 w - - 2 32,0.0,w
rR6/5p1k/1KP5/p4n2/8/Bq3Pp1/8/b7 w - - 1 34,0.0,w
R7/2K2p1k/2P5/p4n2/1q6/5Pp1/8/b7 b - - 1 36,0.0,b
1K6/5p1k/2P5/q4n2/8/5P2/6p1/b7 b - - 1 38,0.0,b
2K5/2P2p1k/1q6/q4n2/8/5P2/8/b7 b - - 2 40,0.0,b
r4rk1/1p2ppbp/1qnnb1p1/p1p5/2Pp1PP1/Q2P1N1P/PP1BPRB1/4R2K b - - 2 16,0.0,b
r1b1r1k1/1p2ppbp/1qnn2p1/p1pB2N1/2Pp1PP1/Q2P3P/PP1BPR2/4R2K b - - 6 18,0.0,b
r1br2k1/1p2pp1p/1qnn2Pb/p1pB2N1/2Pp2P1/Q2P3P/PP1BPR2/4R2K b - - 0 20,0.0,b
r1bN2k1/1p2p3/1qnn2p1/p1pB4/2Pp2P1/Q2P3P/PP1bPR2/4R2K b - - 0 22,0.0,b
r1b5/1p2p1k1/1qNn2p1/p1pB4/1bPp2P1/Q2P3P/PP2PR2/3R3K b - - 0 24,0.0,b
r1N5/1p4k1/3n2p1/p1pB4/2Pp2P1/b2P3P/Pq2PR2/3R3K b - - 0 26,0.0,b
2r5/1p3Rk1/6p1/p1pB4/2np2P1/b2P3P/Pq2P3/3R3K b - - 1 28,0.0,b
2r4k/1R6/6p1/p1pB4/2np2P1/b2P3P/P3q3/R6K b - - 1 30,0.0,b
2r4k/8/6p1/p1p5/2Bp2P1/bR2q2P/P7/R6K b - - 0 32,0.0,b
2r4k/8/6p1/p1p5/4q1P1/bR1B3P/P7/R5K1 b - - 0 34,0.0,b
2r1q2k/8/6p1/p7/2B3P1/bR5P/P5K1/R7 b - - 0 36,0.0,b
7k/8/6p1/p7/2r1q1P1/b4R1P/P5K1/5R2 b - - 1 38,0.0,b
7k/8/3b2p1/p7/2rq2P1/5R1P/P4R2/6K1 b - - 5 40,0.0,b
6k1/8/3b2p1/p7/3q2P1/5R1P/P5K1/2r2R2 b - - 9 42,0.0,b
6k1/8/3b2p1/p7/2q3P1/5R1P/P7/6K1 b - - 2 44,0.0,b
6k1/8/3b2p1/p2q2P1/8/4R2P/8/6K1 b - - 2 46,0.0,b
6k1/8/6p1/p5q1/8/6bP/5K2/8 b - - 0 49,0.0,b
r3rnk1/pp2bppp/2p1bn2/3pq3/4P3/2P2P2/PPBNQ1PP/R1B2R1K w - - 0 14,0.0,w
rq2rnk1/pp2bppp/2p2n2/3pP3/5Pb1/2P5/PPBNQ1PP/R1B2R1K w - - 1 16,0.0,w
rq2r1k1/pp1nbppp/2p2n2/3pP3/5P2/2P2b2/PPB3PP/R1B1QR1K w - - 0 18,0.0,w
rq2r2k/pp2bppp/2p2n2/3p4/5P2/2P2P2/PPB4P/R1B1QR1K w - - 0 20,0.0,w
rq2r2k/pp3ppp/2p2n2/3p4/5b2/2P2P2/PPB4P/R1BQ2RK w - - 0 22,0.0,w
r3r2k/pp3ppp/2p2n1q/3p4/8/1BP2P2/PP5P/R2Q2RK w - - 2 24,0.0,w
r3r2k/pp3ppp/2p2n2/3p4/8/1BP2P1q/PP5P/R2Q3K w - - 0 26,0.0,w
r3r1k1/pp3ppp/5n2/3p4/8/2P2P1q/PP5P/R2Q2K1 w - - 0 28,0.0,w
r3r1k1/pp3ppp/5n2/8/3p4/2P2P2/PP5P/5RK1 w - - 0 30,0.0,w
2r1rk2/pp3ppp/5n2/8/3P4/5P2/PP3K1P/5R2 w - - 3 32,0.0,w
4rk2/pp3ppp/5n2/8/3P4/5P2/PP1r1K1P/8 w - - 0 34,0.0,w
4rk2/pp3ppp/5n2/8/3P4/P4PK1/3r3P/8 w - - 1 36,0.0,w
4rk2/pp3ppp/5n2/8/r7/P4PK1/7P/8 w - - 2 38,0.0,w
4rk2/pp3ppp/5n2/8/8/5r2/7P/6K1 w - - 0 40,0.0,w
5k2/pp3ppp/5n2/8/8/4r1rP/6K1/8 w - - 1 42,0.0,w
5k2/pp3ppp/8/8/7P/4r1r1/5n2/8 b - - 0 45,0.0,b
5k2/pp3pp1/6Pp/8/8/4r3/5n2/8 b - - 0 47,0.0,b
rnbq1rk1/ppppppbp/5np1/8/1P6/5NP1/PBPPPPBP/R2QK2R b KQ - 4 5,1.0,b
r1bq1rk1/ppppppBp/2n3p1/8/1P2n3/5NP1/P1PPPPBP/R2QK2R b KQ - 0 7,1.0,b
r1b1qr2/ppppppkp/2n3p1/1P6/4n3/5NP1/P1PPPPBP/1R1QK2R b K - 0 9,1.0,b
r1bnqr2/pppppp1p/5kp1/1P6/1R2n3/5NP1/P1PPPPBP/3QK2R b K - 4 11,1.0,b
r1bnqr2/pppp1p1p/3n1kp1/1P2p3/1R6/2Q2NP1/P1PPPPBP/4K2R b K - 1 13,1.0,b
r1bnq2r/ppQp1p1p/3n1k2/1P2p1p1/1R6/4PNP1/P1PP1PBP/4K2R b K - 0 15,1.0,b
r1b2Q1r/pp1p1p1p/4nk2/1P2p1p1/1R6/4PNP1/P1PP1PBP/4K2R b K - 0 17,1.0,b
r1b2r2/pp1p1p1p/4nk2/1P4p1/4R3/4PNP1/P1PPKPBP/7R b - - 0 19,1.0,b
r1br4/pp1p1p1p/5k2/1Pn3p1/3KR3/4PNP1/P1PP1PBP/7R w - - 4 22,1.0,w
r1br4/pp1p1p1p/3K2k1/1P6/4R1p1/4PNP1/P1PP1PBP/7R w - - 0 24,1.0,w
r1br4/pp1p1pkp/3K4/1P6/5R2/4PNP1/P1PP1PBP/7R w - - 3 26,1.0,w
r1br4/pp1p1p1p/3K1R2/1P6/8/4PNP1/P1PP1PBP/7R b - - 0 28,1.0,b
r1br4/1p1p1R1p/3K4/1p6/8/4PNP1/P1PP1P1P/5B1R b - - 1 30,1.0,b
3r2k1/pb3ppp/1p3n2/8/1PBqPQ1n/6NP/3r1PP1/2R1R1K1 b - - 4 31,1.0,b
3r1k2/pb3ppp/1p3nn1/8/1P1qP3/5QNP/3rBPP1/2R1R1K1 b - - 8 33,1.0,b
3r1k2/pb3ppp/1p3nn1/8/2B1P3/5QNP/3r1PP1/4R1K1 b - - 0 35,1.0,b
3r2k1/Qb3ppp/1p3n2/4n3/2B1P3/6NP/3r1PP1/4R1K1 b - - 0 37,1.0,b
r5k1/1b3ppp/3Q1n2/4n3/2B1P3/6NP/5PP1/4R1K1 b - - 0 39,1.0,b
r5k1/1b3ppp/5n2/4n3/4P3/6NP/4RPP1/3Q2K1 b - - 3 41,1.0,b
r5k1/5ppp/b4nn1/8/3QP3/6NP/5PP1/4R1K1 b - - 7 43,1.0,b
3Q1nk1/5ppp/b4n2/8/4P3/6NP/5PP1/1R4K1 b - - 2 45,1.0,b
3Q1nk1/5ppp/8/8/4N3/5P1P/4b1P1/1R4K1 b - - 0 47,1.0,b
3Q1nk1/6pp/3N1p2/8/8/5P1P/8/1R4K1 b - - 1 49,1.0,b
3Q1nk1/6p1/3N1p2/8/5P1p/7P/5K2/1R6 b - - 1 51,1.0,b
3Q1n1k/1R4p1/3N4/5p2/5P1p/7P/5K2/8 b - - 3 53,1.0,b
3Q1n2/6Rk/8/5N2/5P1p/7P/5K2/8 b - - 0 55,1.0,b
2rR2k1/ppn2p1p/5p2/8/2P5/2N5/PP3PPP/5BK1 b - - 0 21,0.0,b
3r2k1/pp3p1p/5p2/1P6/8/8/PP3PPP/5BK1 b - - 0 23,0.0,b
6k1/pp3p1p/5p2/1P6/2B5/1P6/r4PPP/6K1 b - - 1 25,0.0,b
6k1/pp3p1p/5p2/1P6/8/1P4P1/5P1P/1r3BK1 b - - 0 27,0.0,b
6k1/pp3p1p/5p2/1P6/8/2r3P1/4BPKP/8 b - - 3 29,0.0,b
8/ppr2pkp/5p2/1P6/4B3/6P1/5PKP/8 b - - 7 31,0.0,b
8/pp2rpkp/8/1P1B1p2/8/5KP1/5P1P/8 b - - 1 33,0.0,b
8/pp2rp1p/6k1/1P3p2/5K2/5BP1/5P1P/8 b - - 5 35,0.0,b
8/pr3p1p/1P3k2/5p2/5K2/6P1/5P1P/8 b - - 0 37,0.0,b
8/p4p1p/5k2/5p2/8/1r4P1/4KP1P/8 b - - 3 39,0.0,b
8/p4p1p/8/4kp2/8/5KP1/1r3P1P/8 b - - 7 41,0.0,b
8/p4p1p/8/5p2/3k4/6P1/3r1P1P/5K2 b - - 11 43,0.0,b
8/p4p1p/8/8/3k1P2/3r4/5PKP/8 b - - 2 45,0.0,b
8/p4p1p/8/8/5k2/3r4/5PKP/8 b - - 1 47,0.0,b
8/p4p1p/8/8/8/1r3k2/5P1P/4K3 w - - 5 50,0.0,w
8/p4p1p/8/8/4k3/3r3P/5P2/5K2 w - - 3 52,0.0,w
8/p4p1p/8/7P/8/5k2/5P2/3r1K2 w - - 1 54,0.0,w
rn1q1rk1/ppb2ppp/2p3b1/2Pp4/1P2n3/3BP3/PBQN1PPP/R4RK1 b - - 3 12,1.0,b
r2q1rk1/ppb2ppp/n1p5/2Pp4/1P2B3/4P3/PBQ2PPP/R4RK1 b - - 0 14,1.0,b
r4rk1/ppb2ppp/n1p2Q2/2P5/1P2p3/4P3/PB3PPP/R4RK1 b - - 0 16,1.0,b
r3r1k1/ppb2p1p/n1p2B2/2P5/1P2p3/4P3/P4PPP/R4RK1 b - - 0 18,1.0,b
r3r1k1/pp3p1p/2p5/b1P5/1n2p3/2B1P3/P4PPP/1R3RK1 b - - 3 20,1.0,b
r3r1k1/p4p1p/1Pp5/B7/4p3/4P3/n4PPP/1R3RK1 b - - 0 22,1.0,b
r3r1k1/5p1p/1Bp5/8/4p3/2n1P3/1R3PPP/5RK1 b - - 2 24,1.0,b
r5k1/5p1p/1Rp5/8/4p3/2n1P3/5PPP/2R3K1 b - - 0 26,1.0,b
r5k1/5p1p/2R5/8/4p3/4P3/5PPP/2n2K2 b - - 0 28,1.0,b
8/5pkp/8/8/4p3/4P3/5PPP/2R2K2 b - - 0 30,1.0,b
8/5pkp/8/8/2R1p3/4P3/5PPP/5K2 b - - 4 32,1.0,b
8/5p1p/8/6k1/4R3/4P3/4KPPP/8 b - - 2 34,1.0,b
8/4kp1p/8/8/7R/4P3/4KPPP/8 b - - 6 36,1.0,b
8/5p2/4k2R/8/8/4P3/4KPPP/8 b - - 2 38,1.0,b
8/5p2/5k2/8/5R2/4P3/4KPPP/8 b - - 6 40,1.0,b
6k1/5p2/8/8/8/4PR2/5PPP/3K4 b - - 10 42,1.0,b
5k2/5p2/8/8/8/4PR2/3K1PPP/8 b - - 14 44,1.0,b
5k2/5p2/8/8/5R2/2K1P3/5PPP/8 b - - 18 46,1.0,b
5k2/5p2/8/8/8/4PR2/3K1PPP/8 b - - 22 48,1.0,b
8/5p2/6k1/8/5R2/2K1P3/5PPP/8 b - - 26 50,1.0,b
8/5p2/6k1/8/5R2/2K1P3/5PPP/8 b - - 30 52,1.0,b
8/1R6/6k1/8/8/2K1P3/5PPP/8 b - - 2 54,1.0,b
8/8/2R5/8/4k3/2K1P3/5PPP/8 b - - 6 56,1.0,b
8/8/R7/2k5/8/4P3/1K3PPP/8 b - - 10 58,1.0,b
8/8/8/3R4/1k6/4P3/1K3PPP/8 b - - 14 60,1.0,b
8/8/8/4R3/1k6/4P3/1K3PPP/8 b - - 18 62,1.0,b
8/8/8/4R3/1k6/3KP3/5PPP/8 b - - 22 64,1.0,b
8/8/8/3R4/8/3KP1P1/1k3P1P/8 b - - 2 66,1.0,b
8/8/8/8/k7/3KP1P1/5P1P/1R6 b - - 6 68,1.0,b
8/8/k7/8/3K2P1/4P3/5P1P/1R6 b - - 0 70,1.0,b
8/8/k5P1/8/3K4/4P3/5P1P/1R6 b - - 0 72,1.0,b
8/6P1/k7/8/3KP3/8/5P1P/1R6 b - - 0 74,1.0,b
6Q1/8/k7/4K3/4P3/8/5P1P/1R6 b - - 0 76,1.0,b
r1r3k1/ppnR1p1p/5p2/8/2P5/2N5/PP3PPP/5BK1 w - - 1 20,0.0,w
1rr1n1k1/pp1R1p1p/5p2/8/2P1N3/3B4/PP3PPP/6K1 w - - 5 22,0.0,w
1rr1n1k1/pp1R1p1p/5p2/8/2P1N3/3B4/PP3PPP/6K1 w - - 9 24,0.0,w
1rr3k1/pp2Rp1p/5n2/5p2/2P5/3B2N1/PP3PPP/6K1 w - - 2 26,0.0,w
2r2k2/pr3p1p/5n2/5N2/2P5/3B4/PP3PPP/6K1 w - - 0 28,0.0,w
2N2k2/p4p1p/5n2/8/2P5/3B4/r4PPP/6K1 w - - 0 30,0.0,w
2N2k2/p4p2/5n2/8/2P5/8/5PPP/1r4K1 w - - 0 32,0.0,w
7k/1p1b2rp/3npb2/p1p2n1R/1qPpBP2/3P1N2/P3PK2/2B4Q w - - 5 32,0.5,w
7k/1p1b2rp/5b2/p1p2p2/1qPp1P2/3P1N2/P3PK2/2B4Q w - - 0 34,0.5,w
3q3k/1p1b2rp/5b1Q/p1p2p2/2Pp1P2/3P1N2/P2BPK2/8 w - - 4 36,0.5,w
6k1/1p1b2rp/5Q2/q1p2p2/2Pp1P2/3P1N2/P3PK2/8 w - - 1 38,0.5,w
3Q4/1p1b1krp/8/2p2p2/2Pp1P2/q2P1N2/4PK2/8 w - - 2 40,0.5,w
5k2/1p1r3p/8/2pQ1p2/2Pp1P2/q2P1N2/4PK2/8 w - - 3 42,0.5,w
5k2/1p5p/4Q3/2p2p2/2Pp1P2/3PqN2/4PK2/8 w - - 3 44,0.5,w
8/1p2k2p/8/2p2p2/2P2P2/3PKN2/4P3/8 w - - 1 46,0.5,w
8/1p1k4/7p/2p2p2/2P2P2/3PKN2/4P3/8 w - - 2 48,0.5,w
8/1p6/5k1p/2p2p2/2P2P1N/3P4/4PK2/8 w - - 6 50,0.5,w
8/1p6/4k3/2p2p1p/2P2P1N/3P4/4PK2/8 w - - 0 52,0.5,w
8/1p6/4k3/2p2p1p/2P2P1N/3P2K1/4P3/8 w - - 4 54,0.5,w
8/1p6/4k3/2p2p1p/2P2P1N/3P2K1/4P3/8 w - - 8 56,0.5,w
8/1p6/4k3/2p2p1p/2P2P1N/3P4/4P1K1/8 w - - 12 58,0.5,w
8/1p6/4k3/2p2p1p/2P2P1N/3P4/4P3/7K w - - 16 60,0.5,w
8/1p6/4k3/2p2p1p/2P2P1N/3P4/4P3/7K w - - 20 62,0.5,w
8/1p6/4k3/2p2p1p/2P2P1N/3P4/4P1K1/8 w - - 24 64,0.5,w
8/1p6/4k3/2p2p1p/2P2P1N/3P3K/4P3/8 w - - 28 66,0.5,w
8/1p6/4k3/2p2p1p/2P2P1N/3P3K/4P3/8 w - - 32 68,0.5,w
rnbqk1nr/pp3ppp/2pb4/3pp3/2P5/1P2P3/PB1P1PPP/R2QKBNR w KQkq - 0 5,0.0,w
rn1qk1nr/pp3ppp/2pb4/3pp3/2P5/1P2Pb1P/PB1P1PP1/R2QKB1R w KQkq - 0 7,0.0,w
rn1k2nr/pp2qppp/2pb4/3pp3/2P5/1P2PQ1P/PB1P1PP1/2KR1B1R w - - 3 9,0.0,w
rn1k3r/pp2qppp/3b1n2/3Qp3/8/1P2P2P/PB1P1PP1/2KR1B1R w - - 1 11,0.0,w
r2k1q1r/pp1n1ppp/3b1n2/4p3/8/1PBQP2P/P2P1PP1/2KR1B1R w - - 5 13,0.0,w
r2k3r/ppbn1ppp/5n2/4p3/8/qPBQP2P/P2P1PP1/2KR1B1R w - - 9 15,0.0,w
r2k3r/ppbn1ppp/5n2/4p3/8/qPBQP2P/P2P1PP1/2KR1B1R w - - 13 17,0.0,w
r2k3r/pp1n1ppp/3b1n2/4p3/8/1P1QP1PP/qB1P1P2/2KR1B1R w - - 1 19,0.0,w
r2k3r/pp1n1p1p/3b1n2/q3p1p1/2B5/1P2P1PP/1BQP1P2/2KR3R w - - 2 21,0.0,w
r6r/pp2k2p/1n1b1n2/q3p1p1/2B5/1P2P1PP/1BQP1P2/2KR3R w - - 3 23,0.0,w
r6r/ppq1k2p/3b1n2/4pQp1/2P5/4P1PP/1B1P1P2/2KR3R w - - 1 25,0.0,w
r2r4/pp2k2p/2qb1n2/4pQp1/2P5/4P1PP/1B1P1P2/1K2R2R w - - 5 27,0.0,w
rb1r4/pp2k2p/5q2/5Qp1/2P5/4P1PP/3P1P2/1K2R2R w - - 0 29,0.0,w
r7/pQ1rk2p/5q2/4b1p1/2P5/4P1PP/3P1P2/1K2R2R w - - 1 31,0.0,w
Q7/p2rk2p/8/4b1p1/2P5/4P1PP/1q1P1P2/2K1R2R w - - 3 33,0.0,w
r2qkb1r/pp2pppp/1nn5/8/2p3b1/2P5/PPBPNPPP/R1BQ1RK1 w kq - 2 9,0.0,w
r2q1b1r/pp1kpppp/1nn1b3/8/2p2N2/2P2P2/PPBP2PP/R1BQ1RK1 w - - 3 11,0.0,w
r4b1r/pp2pppp/1nnqk3/8/2p1B3/2P2P2/PP1P2PP/R1BQ1RK1 w - - 2 13,0.0,w
r4b1r/pp1kpppp/1nnq4/8/4B3/2Pp1P2/PP4PP/R1BQR1K1 w - - 0 15,0.0,w
r1k2b1r/pp3ppp/1nnqp3/5B2/8/2P2P2/PP4PP/R1BQR1K1 w - - 0 17,0.0,w
r1k4r/pp3ppp/1nn1p3/2b5/4B3/2P2P2/PP4PP/R1B1R1K1 w - - 2 19,0.0,w
r1k4r/pp3ppp/1nn1p3/8/4B3/2P2P2/PP4PP/R5R1 b - - 0 21,0.0,b
r1k4r/p4ppp/1np5/4p3/8/2P2P2/PP4PP/R4R2 b - - 1 23,0.0,b
r6r/p1k2Rpp/1np5/8/4P3/2P5/PP4PP/R7 b - - 0 25,0.0,b
r6r/p1kR3p/8/2p5/4P3/2P5/PP4PP/R7 b - - 0 27,0.0,b
r6r/p2k3p/8/8/2p1P3/PPP5/6PP/R7 b - - 0 29,0.0,b
r6r/p6p/2k5/8/4P3/PpP3PP/8/R7 b - - 0 31,0.0,b
r6r/p7/2k4p/8/P1P1P3/6PP/1p6/R7 b - - 0 33,0.0,b
rnbqk2r/pp3ppp/2pb1n2/2P1p3/3p4/4P3/PPQPBPPP/RNB2RK1 w kq - 0 7,1.0,w
rnb4r/pp2kppp/2pq1n2/4p3/3p4/N3P3/PPQPBPPP/R1B2RK1 w - - 2 9,1.0,w
rnb4r/pp2kppp/2pq1n2/4N3/3p4/4P3/PPQPBPPP/R1B2RK1 w - - 1 11,1.0,w
rnb2r2/pp2kNpp/2p2n2/8/3q4/8/PPQPBPPP/R1B2RK1 w - - 1 13,1.0,w
rnb2r2/pp2k1p1/1qp2n1p/8/8/5N2/PPQPBPPP/R1B2RK1 w - - 2 15,1.0,w
r4r2/pp1nk1p1/1qp2n1p/5Q2/8/5N2/PP1PBPPP/R1B2RK1 w - - 1 17,1.0,w
r5r1/pp1nk3/1qp2nQp/8/8/5N2/PP1PBPPP/R1B1R1K1 w - - 1 19,1.0,w
r7/pp1n4/Bqpk1n1Q/8/6r1/5N2/PP1P1PPP/R1B1R1K1 w - - 3 21,1.0,w
r7/ppkn4/q1p1Qn2/8/6r1/5N2/PP1P1PPP/R1B1R1K1 w - - 2 23,1.0,w
6r1/ppkn4/2p2n2/8/6r1/5N2/PP1PRPPP/R1B3K1 w - - 1 25,1.0,w
6r1/ppk5/2p1Rnr1/2n5/8/5NP1/PP1P1P1P/R1B3K1 w - - 3 27,1.0,w
5r2/ppk5/2p2r2/2n5/8/5NP1/PP1P1PKP/R1B5 w - - 2 29,1.0,w
5r2/ppk5/2p5/2n5/3P1r2/6P1/PP3PKP/R7 w - - 0 31,1.0,w
6r1/ppk5/2p5/8/3P1P2/3n2K1/PP3P1P/R7 w - - 3 33,1.0,w
7r/ppk5/2p5/8/3P1P2/3n1K2/PP3P1P/1R6 w - - 7 35,1.0,w
8/ppk5/2p5/8/3P1P2/8/PP3K1r/1R6 w - - 0 37,1.0,w
8/ppk5/2p5/8/3P1P2/8/PP2K2r/1R6 w - - 4 39,1.0,w
8/ppk5/2p5/8/3P1P2/4r3/PP4K1/1R6 w - - 8 41,1.0,w
8/ppk5/2p5/8/3r1P2/8/PP2K3/1R6 w - - 0 43,1.0,w
8/ppk5/2p5/8/5P2/P7/1r2K3/5R2 w - - 0 45,1.0,w
8/ppk5/2p5/8/5P2/r4K2/8/3R4 w - - 0 47,1.0,w
8/ppk5/2p5/8/5P2/8/4K1r1/R7 w - - 4 49,1.0,w
2k5/Rp6/2p5/8/5P2/4K3/6r1/8 w - - 1 51,1.0,w
8/Rp1k4/2p5/8/5P2/4K1r1/8/8 w - - 5 53,1.0,w
8/1p2k3/2p5/8/5P2/1r6/5K2/R7 w - - 9 55,1.0,w
8/1p6/2p5/5k2/5P2/1r6/5K2/3R4 w - - 13 57,1.0,w
8/8/1p6/2p2k2/2R2P2/1r6/5K2/8 w - - 0 59,1.0,w
8/8/8/1pp2k2/2R2P2/3r4/5K2/8 w - - 0 61,1.0,w
8/8/8/1R6/5k2/8/3r1K2/8 w - - 1 63,1.0,w
8/8/8/3R4/4k3/8/8/4K3 w - - 1 65,1.0,w
8/8/8/2R5/8/4k3/8/4K3 w - - 5 67,1.0,w
8/8/8/7R/5k2/8/3K4/8 w - - 9 69,1.0,w
8/8/8/5R2/6k1/3K4/8/8 w - - 13 71,1.0,w
8/8/5R2/8/4K3/8/6k1/8 w - - 17 73,1.0,w
8/8/8/8/8/4KR2/6k1/8 w - - 21 75,1.0,w
8/8/8/8/5R2/4K2k/8/8 w - - 25 77,1.0,w
8/8/8/8/8/5R2/5K2/7k w - - 29 79,1.0,w
8/8/8/8/8/7k/5K2/R7 w - - 33 81,1.0,w
8/8/8/8/8/7k/5K2/R7 w - - 37 83,1.0,w
5r1k/2p3b1/1p1p2pp/pPnPp2n/P3P2q/3P1P2/2R3BP/3Q2RK b - - 7 40,0.0,b
7k/1p1b1nrp/1q2pb2/p1p2n1R/2PpBP2/B2P1N2/P3PK2/7Q b - - 6 32,1.0,b
6k1/1p1b2rp/1q2pb2/p1p2nPR/2PpB3/B2P4/P3PK2/7Q b - - 0 34,1.0,b
6k1/1B1b3p/1q2p3/p1p2nr1/2Pp4/B2P4/P3PK2/7Q b - - 0 36,1.0,b
8/3b1k1Q/1q2p3/2p2nr1/p1PpB3/B2P4/P3PK2/8 w - - 0 39,1.0,w
3rr1k1/p3pp1p/1p1n1bpP/8/P2P1B2/2Pq4/5PP1/1RQR2K1 b - - 5 28,1.0,b
3rr1k1/p3pp1p/1p1B1bpP/5q2/P2P4/2P5/5PP1/1RQ1R1K1 b - - 0 30,1.0,b
4r1k1/p3pp1p/1p1r1bpP/7q/P2P4/2P5/5PP1/1RQ1R1K1 b - - 3 32,1.0,b
3r2k1/p3pp1p/1p1r1bpP/8/P2P3q/2P5/3QRPP1/1R4K1 b - - 7 34,1.0,b
3r2k1/p3pp1p/1p1r2pP/P5b1/3P4/2P5/4RPP1/1R4K1 b - - 0 36,1.0,b
3r2k1/pR2pp1p/6pP/p2r2b1/3P4/2P5/4RPP1/6K1 b - - 3 38,1.0,b
6k1/p2rpp1p/6pP/p5b1/3P4/2P5/R4PP1/6K1 b - - 1 40,1.0,b
6k1/p2rpp1p/6p1/8/3P4/R1P5/3b1PP1/6K1 b - - 2 42,1.0,b
8/p2rppkp/6p1/8/3P4/2R5/5PP1/5K2 b - - 0 44,1.0,b
8/p3ppkp/6p1/8/2R5/8/5PP1/5K2 b - - 0 46,1.0,b
8/R3pp1p/6p1/4k3/8/8/5PP1/5K2 b - - 0 48,1.0,b
8/5R1p/6p1/3k4/8/8/5PP1/5K2 b - - 0 50,1.0,b
8/8/6R1/7p/3k4/8/5PP1/5K2 b - - 0 52,1.0,b
8/8/8/6kp/8/8/5PP1/5K2 w - - 0 55,1.0,w
8/8/8/7p/5k2/8/3K1PP1/8 w - - 4 57,1.0,w
8/8/8/8/5k2/7p/5PP1/2K5 w - - 0 59,1.0,w
8/8/8/8/7k/7P/3K1P2/8 w - - 3 61,1.0,w
8/8/6k1/8/5P2/7P/2K5/8 w - - 3 63,1.0,w
8/4k3/8/8/5P2/4K2P/8/8 w - - 7 65,1.0,w
8/8/5k2/5P2/3K4/7P/8/8 w - - 3 67,1.0,w
4k3/8/8/4KP2/8/7P/8/8 w - - 7 69,1.0,w
4k3/8/4K3/5P2/8/7P/8/8 w - - 11 71,1.0,w
8/2k2P2/4K3/8/8/7P/8/8 w - - 1 73,1.0,w
5Q2/2k5/4K3/8/7P/8/8/8 w - - 1 75,1.0,w
8/1k2K3/3Q4/8/7P/8/8/8 w - - 5 77,1.0,w
8/1k6/3QK3/8/7P/8/8/8 w - - 9 79,1.0,w
8/1k1K4/3Q4/7P/8/8/8/8 w - - 3 81,1.0,w
k7/3K4/3Q4/7P/8/8/8/8 w - - 7 83,1.0,w
8/k2K4/3Q4/7P/8/8/8/8 w - - 11 85,1.0,w
8/3K4/k6P/8/3Q4/8/8/8 w - - 3 87,1.0,w
8/3K4/k6P/8/3Q4/8/8/8 w - - 7 89,1.0,w
8/3K3P/1k6/8/8/8/3Q4/8 w - - 1 91,1.0,w
7Q/3K4/k7/8/8/8/8/2Q5 w - - 3 93,1.0,w
7Q/3K4/8/2k5/8/8/8/Q7 w - - 7 95,1.0,w
rnbqkb1r/pp2pppp/1n6/8/2p5/1BP5/PP1PNPPP/R1BQK2R w KQkq - 0 7,0.0,w
rnb1kb1r/pp2pppp/1n6/3q4/8/1pP3P1/PP1PNP1P/R1BQ1RK1 w kq - 0 9,0.0,w
rnbqkb1r/pp3ppp/1n2p3/8/5N2/1QP3P1/PP1P1P1P/R1B2RK1 w kq - 0 11,0.0,w
r1bqk2r/pp3ppp/1nnbp3/8/5N2/PQP3P1/1P1P1P1P/R1B1R1K1 w kq - 1 13,0.0,w
r1b1k2r/pp3ppp/1nn1p3/8/5P1q/PQP5/1P1P1P2/R1B1R1K1 w kq - 0 15,0.0,w
r1b1k2r/pp3ppp/2n1p2q/8/2n2P2/P5Q1/1P1P1P2/R1B1R1K1 w kq - 0 17,0.0,w
r2k3r/pp3ppp/2n1b2q/8/2n2P2/P4PQ1/1P1P4/R1B3K1 w - - 0 19,0.0,w
r2k3r/pp3ppp/2n1b3/6q1/2n2P2/P4P2/1P1P1K2/R1B5 w - - 0 21,0.0,w
r6r/pp1k1ppp/1nn1b3/6P1/8/P2P1P2/1P3K2/R1B5 w - - 1 23,0.0,w
r6r/pp1k1ppp/2n5/3b2P1/n7/P2PBP2/1P3K2/1R6 w - - 5 25,0.0,w
r6r/pp1k1ppp/2n5/1n1b2P1/8/PP1PBP2/5K2/2R5 w - - 3 27,0.0,w
r6r/ppnk1ppp/2n5/6P1/P7/1b1PBP2/4K3/2R5 w - - 0 29,0.0,w
r6r/pRnk1ppp/2n5/6P1/8/3PBP2/2b1K3/8 b - - 0 31,0.0,b
1r6/p1nk1ppp/2n5/6P1/8/3PBP2/2bK4/8 b - - 1 33,0.0,b
1r6/B2k1ppp/2n5/3n2P1/5P2/3P4/3K4/1b6 b - - 0 35,0.0,b
8/n2k1ppp/8/3n1PP1/8/3P4/1r6/1bK5 b - - 2 37,0.0,b
8/1r1k1ppp/2n3P1/3n1P2/8/3P4/3K4/1b6 b - - 0 39,0.0,b
8/1r1k2p1/2n3p1/3n4/8/3P4/8/1b1K4 b - - 1 41,0.0,b
8/3k2p1/6p1/3nn3/8/3b4/1r6/4K3 w - - 3 44,0.0,w
8/3k2p1/6p1/3n4/8/3b1n2/8/1rK5 w - - 7 47,0.0,w
r3rnk1/pp1bbp1p/2p2Pp1/3pP2n/8/2P5/PPBN2PP/R1B2R1K b - - 0 18,1.0,b
r4nk1/pp1b1p1p/2p2Pp1/2bpr2n/8/1NP5/PP4PP/R1BB1R1K b - - 1 20,1.0,b
r4nk1/pp1b1p1p/2p2Pp1/3p3B/8/1NP1r3/PP4PP/R4R1K b - - 0 22,1.0,b
r4nk1/pN1b1p1p/2p2P2/3p3p/8/2P5/PP2r1PP/R4R1K b - - 0 24,1.0,b
r4nk1/p2b1p1p/2p2P2/1r1p3p/8/2PN4/P5PP/R4R1K b - - 3 26,1.0,b
r5k1/p2b1p1p/2p2Pn1/3p3p/8/2PN4/P5PP/1R5K b - - 0 28,1.0,b
r5k1/p4p1p/2p2Pn1/5b1p/3P4/3N4/P5PP/3R3K b - - 0 30,1.0,b
2r3k1/p4p1p/2p2Pn1/7p/3P4/2R5/P5PP/7K b - - 2 32,1.0,b
4r1k1/p4p1p/2p2P2/7p/3P1n2/2R5/P4KPP/8 w - - 6 35,1.0,w
5k2/p4p1p/2p2P2/7p/3P1n2/4K3/P5PP/8 w - - 1 37,1.0,w
4k3/p4p1p/2pK1P2/7p/3P4/8/P5PP/8 b - - 3 39,1.0,b
4k3/p1K2p1p/5P2/2P5/7p/8/P5PP/8 b - - 1 41,1.0,b
4k3/p1K2p2/2P2P1p/8/8/7P/P6P/8 b - - 0 43,1.0,b
6k1/p3Kp2/2P2P1p/8/8/7P/P6P/8 b - - 4 45,1.0,b
8/p1P2K1k/5P2/7p/8/7P/P6P/8 b - - 0 47,1.0,b
8/p1P2K2/5P1k/8/P6p/7P/7P/8 b - - 0 49,1.0,b
2R5/p7/4KP2/6k1/P6p/7P/7P/8 b - - 2 51,1.0,b
2R2Q2/p7/4K3/8/P3k2p/7P/7P/8 b - - 0 53,1.0,b
8/8/p3K3/8/PQ1k3p/2R4P/7P/8 b - - 3 55,1.0,b
r4r1k/1p1bp1bp/1qnn2p1/p1pB1pN1/2Pp1PP1/Q2P3P/PP1BPR2/6RK w - - 4 19,1.0,w
r4r1k/1p1bp2p/1q1n1bp1/p1pB1P2/1nPp1P2/Q2P1N1P/PP1BPR2/6RK w - - 1 21,1.0,w
r4r2/1p1bp2k/1q1n1bR1/p1pB4/1nPp1P2/Q2P1N1P/PP1BPR2/7K w - - 1 23,1.0,w
r4r2/qp1bp2k/3n1b2/p1pP4/3p1P2/Q2P1NRP/PP1BPR2/7K w - - 1 25,1.0,w
r7/qp1bpr1k/3n4/p1pPb3/3p1P2/Q2P2RP/PP1BP1R1/7K w - - 0 27,1.0,w
r7/qp1bp2k/8/p1pPP3/2np4/Q2P2RP/PP1BP3/5rRK w - - 3 29,1.0,w
6r1/qp1bp2k/8/p1pPP3/2Pp4/Q5RP/PP1BP3/6K1 w - - 1 31,1.0,w
6k1/qp1bp3/8/B1pPP3/2P5/Q2p3P/PP2P3/6K1 w - - 0 33,1.0,w
5k2/1p1bp3/6Q1/q1pPP3/2P5/7P/PP2P3/6K1 w - - 2 35,1.0,w
8/1p1bpk2/8/q1pPP1Q1/2P5/7P/PP2P3/6K1 w - - 6 37,1.0,w
8/1p2p3/4k3/q1p3Q1/2P5/7P/PP2P3/6K1 w - - 0 39,1.0,w
q7/1Q2p3/5k2/2p5/2P5/7P/PP2P3/6K1 w - - 1 41,1.0,w
5Q2/8/4p1k1/2p5/2P5/7P/PP2P3/6K1 w - - 0 43,1.0,w
5Q2/8/4p1k1/2p5/2P5/6KP/PP2P3/8 w - - 4 45,1.0,w
8/7k/4Q3/2p5/2P5/6KP/PP2P3/8 w - - 1 47,1.0,w
7k/4Q3/8/2p5/2P5/6KP/PP2P3/8 w - - 5 49,1.0,w
6k1/8/8/5Q2/2P5/6KP/PP2P3/8 w - - 3 51,1.0,w
8/6k1/2P5/5Q2/8/6KP/PP2P3/8 w - - 1 53,1.0,w
8/2P3k1/8/8/8/6KP/PP2P3/1Q6 w - - 3 55,1.0,w
8/2P3k1/4Q3/8/8/6KP/PP2P3/8 w - - 7 57,1.0,w
7k/1p3nrp/2bqp3/p1p2BPR/2Pp4/3P4/P3PK2/2B4Q w - - 1 35,1.0,w
7k/1p3nrp/q3p3/p1p3PR/2PpQ3/3P4/P3PK2/2B5 w - - 1 37,1.0,w
6k1/1p4rp/q2np3/p1p3P1/2PpQB2/3P4/P3PK2/7R w - - 5 39,1.0,w
6k1/1p3r1p/q3Q2R/p1p3P1/2np1B2/3P4/P3PK2/8 w - - 0 41,1.0,w
5r2/1p4kp/q6R/p1Q3P1/2np1B2/3P4/P3PK2/8 b - - 0 43,1.0,b
q4rk1/1p5p/7R/p5P1/2Qp1B2/3P2K1/P3P3/8 w - - 0 46,1.0,w
3r1k2/pb3ppp/1p3n2/5N2/1PBrP2n/5P1P/6P1/2R1R1K1 b - - 2 33,0.0,b
4rk2/pb3ppp/1p3n2/5P2/1PBr4/5P1P/6P1/2RR2K1 b - - 2 35,0.0,b
5k2/pb3ppp/1p3n2/4rP2/1PB5/5P1P/6P1/R5K1 b - - 2 37,0.0,b
5k2/1b3ppp/1p3n2/R4P2/2B5/5P1P/6P1/6K1 b - - 0 39,0.0,b
5k2/5ppp/5n2/p2B1P2/8/5P1P/5KP1/8 b - - 0 41,0.0,b
5k2/5ppp/5n2/p7/8/5P1P/4K1P1/8 b - - 1 43,0.0,b
8/4kppp/5n2/8/p7/5PPP/3K4/8 b - - 0 45,0.0,b
8/4kppp/8/8/p4nP1/5P1P/2K5/8 b - - 2 47,0.0,b
8/3k1ppp/8/8/pK4P1/5P1n/8/8 b - - 3 49,0.0,b
8/3k1ppp/8/5P2/pK4P1/7n/8/8 b - - 0 51,0.0,b
8/3k1ppp/6P1/5P2/pK2n3/8/8/8 b - - 0 53,0.0,b
7Q/3k1pp1/3n4/5P2/1K6/p7/8/8 b - - 0 55,0.0,b
8/5pp1/4k3/5n2/1K6/Q7/8/8 b - - 0 57,0.0,b
8/5pp1/2n5/3k4/1K6/8/1Q6/8 w - - 4 60,0.0,w
8/4npp1/2k5/8/8/1K6/3Q4/8 b - - 9 62,0.0,b
8/3knpp1/8/8/8/1K6/8/2Q5 w - - 14 65,0.0,w
8/5pp1/2k3n1/8/2K5/8/8/3Q4 w - - 18 67,0.0,w
3k4/5pQ1/6n1/8/2K5/8/8/8 w - - 1 69,0.0,w
4k3/4np2/3Q4/8/2K5/8/8/8 w - - 5 71,0.0,w
4kn2/5p2/3Q4/8/2K5/8/8/8 w - - 9 73,0.0,w
4k3/5pn1/3Q4/8/2K5/8/8/8 b - - 13 75,0.0,b
4k3/4np2/3Q4/8/2K5/8/8/8 b - - 17 77,0.0,b
8/4kp2/3n4/8/1K6/8/8/8 w - - 2 80,0.0,w
8/5p2/4k3/5n2/1K6/8/8/8 w - - 6 82,0.0,w
8/5p2/8/5n2/2k5/8/1K6/8 w - - 10 84,0.0,w
8/5p2/8/3k1n2/8/8/2K5/8 b - - 14 86,0.0,b
8/5p2/8/3n4/4k3/2K5/8/8 w - - 18 89,0.0,w
8/5p2/1n6/4k3/8/3K4/8/8 b - - 22 91,0.0,b
8/5p2/1n6/4k3/8/3K4/8/8 b - - 26 93,0.0,b
8/5p2/8/2Kn4/4k3/8/8/8 b - - 30 95,0.0,b
8/8/4K3/3n4/4kp2/8/8/8 b - - 1 97,0.0,b
8/8/8/2Kn4/4k3/8/5p2/8 b - - 1 99,0.0,b
8/2K5/8/8/4k3/2n5/8/5q2 b - - 3 101,0.0,b
8/8/3K4/8/4k3/8/5q2/1n6 b - - 7 103,0.0,b
8/8/3K4/8/4k3/8/5q2/3n4 b - - 11 105,0.0,b
8/2K5/8/3q4/4k3/8/8/3n4 b - - 15 107,0.0,b
8/8/2K5/8/4k3/1qn5/8/8 b - - 19 109,0.0,b
8/3K4/8/3n4/4k3/2q5/8/8 b - - 23 111,0.0,b
8/8/8/2Kn4/4k3/8/8/q7 b - - 27 113,0.0,b
8/3K4/1q6/3n4/4k3/8/8/8 b - - 31 115,0.0,b
rn1qk2r/pp3ppp/2pb1n2/3pp3/2P3b1/1P1BP3/PB1PNPPP/R2QK2R w KQkq - 4 7,0.0,w
rn1qk2r/pp3ppp/2pb1n2/4p2b/2Pp4/1PNBPP2/PB1P2PP/R2QK2R w KQkq - 0 9,0.0,w
rn2k2r/pp3ppp/2pq1n2/4p2b/2P5/1P1BpP2/PB1P2PP/R2QK2R w KQkq - 0 11,0.0,w
rn5r/pp2kppp/2p1qn2/4p2b/2P5/1P1BPP2/PB4PP/1R1QK2R w K - 3 13,0.0,w
rn2k2r/pp3ppp/2p1qnb1/4p3/2P3P1/BP1BPP2/P6P/1R1QK2R w K - 1 15,0.0,w
rn2k2r/pp3ppn/2p1q1p1/4p1P1/2P5/BP2PP2/P6P/1R1QK2R w K - 1 17,0.0,w
rn2k2r/pp3pp1/2p1q1p1/4p3/2P5/1P2PP1n/PB3K1P/1R1Q3R w - - 2 19,0.0,w
rn2k2r/pp3pp1/2p3p1/5q2/2P2p2/1P2P1Kn/PB5P/1R1Q3R w - - 0 21,0.0,w
rn2k2r/pp3pp1/2p3p1/8/2P2q2/1P2K2n/PB5P/1R1Q3R w - - 1 23,0.0,w
rn2k2r/pp3pp1/2p3p1/6q1/2P5/1P5n/PB1K3P/1R1Q3R w - - 5 25,0.0,w
rn2k2r/pp3pp1/2p3p1/4q3/1PP5/2K4n/PB5P/1R1Q3R w - - 1 27,0.0,w
rn2k2r/pp3pp1/2p3p1/8/1PP5/7n/PBq4P/1R1QR3 b - - 1 29,0.0,b
rn1Q1k1r/pp3pp1/2p3p1/8/1PP5/7n/PB2R2P/1R6 b - - 2 31,0.0,b
5k2/p4p2/1p1n1p1p/1P1P4/3K4/P2B4/5PPP/8 b - - 0 33,1.0,b
8/p2k1p2/1p3p1p/1P1P1n2/3K4/P7/4BPPP/8 w - - 4 36,1.0,w
8/p4p2/1p1k1p1p/1P1P1n2/8/P1K5/4BPPP/8 w - - 8 38,1.0,w
8/p3np2/1p1k3p/1P1P1p2/2B5/P1K5/5PPP/8 w - - 0 40,1.0,w
8/p4p2/1p1k3p/1P1n4/3K1p2/P2B4/5PPP/8 w - - 0 42,1.0,w
8/p4p2/1p1k1n1p/1P3B2/3K4/P4p2/5PPP/8 w - - 0 44,1.0,w
8/p2n1p2/1p2k2p/1P6/3KB3/P4P2/5P1P/8 w - - 3 46,1.0,w
8/p3kp2/1p3n1p/1P1B4/4K3/P4P2/5P1P/8 w - - 7 48,1.0,w
8/p3kB2/1p3n1p/1P6/3K4/P4P2/5P1P/8 b - - 1 50,1.0,b
8/p2n4/1p1k3p/1P1B4/2K5/P4P2/5P1P/8 b - - 5 52,1.0,b
8/p7/1p5p/1PkBn3/4K3/P4P2/5P1P/8 w - - 9 55,1.0,w
8/p7/1pk4p/4K3/8/PB3P2/5P1P/8 w - - 2 57,1.0,w
8/p7/1p1k3p/5K2/2B5/P4P2/5P1P/8 w - - 6 59,1.0,w
8/p7/6Kp/1pk5/8/P4P2/5P1P/5B2 w - - 0 61,1.0,w
8/p7/7K/8/1k6/5P2/5P1P/5B2 w - - 0 63,1.0,w
8/p7/B7/6K1/8/5P2/1k3P1P/8 b - - 4 65,1.0,b
8/p7/B7/8/4K3/5P2/5P1P/3k4 b - - 8 67,1.0,b
8/p7/8/1B6/3K4/1k3P2/5P1P/8 b - - 12 69,1.0,b
8/8/8/p7/1k1K4/5P2/B4P1P/8 b - - 1 71,1.0,b
8/8/2k1B3/p7/2K5/5P2/5P1P/8 b - - 5 73,1.0,b
8/8/2k5/p4B2/2K5/5P2/5P1P/8 b - - 9 75,1.0,b
8/8/8/pK2k3/4B3/5P2/5P1P/8 b - - 13 77,1.0,b
8/8/8/K7/2k1BP2/8/5P1P/8 b - - 0 79,1.0,b
8/8/3k4/5P2/1K2B3/8/5P1P/8 b - - 2 81,1.0,b
8/8/5k2/2K2P2/8/3B4/5P1P/8 b - - 6 83,1.0,b
8/5k2/8/5P2/3K4/3B4/5P1P/8 w - - 10 86,1.0,w
5k2/8/4K3/5P2/8/3B4/5P1P/8 w - - 14 88,1.0,w
5k2/5P2/4K3/8/8/3B4/5P1P/8 w - - 1 90,1.0,w
8/4KP2/7k/8/4B3/8/5P1P/8 w - - 5 92,1.0,w
8/4K3/8/5Q2/4B2k/8/5P1P/8 w - - 3 94,1.0,w
8/4K3/6Q1/8/4BP2/8/7k/8 w - - 0 96,1.0,w
8/4K3/6Q1/5P2/7k/5B2/8/8 w - - 3 98,1.0,w
5rk1/1pb2pp1/p1p1r3/P1Pp1B1n/1P1n1P2/4P3/5KRP/3R4 w - - 0 31,0.0,w
4r1k1/1pb1rpp1/p1p5/P1Pp1B1n/1P1R1P2/4P2P/5KR1/8 w - - 1 33,0.0,w
4r1k1/1pb2pp1/p1p5/P1Pp1B1R/1P1R1P2/7P/4rK2/8 w - - 1 35,0.0,w
4rk2/1pb1rppB/p1p5/P1Pp3R/1P1R1P2/7P/8/5K2 w - - 5 37,0.0,w
4rk2/1p2rppB/p7/P1PR4/1P3b2/7P/8/5K2 w - - 0 39,0.0,w
1b2rk2/4rppB/p1p5/P4R2/1P6/7P/8/5K2 w - - 0 41,0.0,w
1b2rk2/5ppB/p1p5/P4R2/1P6/4rK1P/8/8 w - - 4 43,0.0,w
1b2rk2/5ppB/p1p5/P4R2/1P6/1r5P/5K2/8 w - - 8 45,0.0,w
1b2rk2/5pp1/p1p5/P7/8/3B1R1P/1r3K2/8 w - - 2 47,0.0,w
1b2rk2/5pp1/p1p5/r7/8/3B3P/5R2/5K2 w - - 0 49,0.0,w
1b3k2/4rpp1/p1p5/8/2B5/7P/5RK1/r7 w - - 4 51,0.0,w
1b3k2/5rp1/2p5/p4R2/8/7P/6K1/r7 w - - 0 53,0.0,w
2r5/pp3pkp/5p2/3P4/1P6/P1nB4/2R2PPP/6K1 w - - 1 27,1.0,w
8/pp3p1p/2rP1p1k/8/1P6/P1nB1P2/2R3PP/6K1 w - - 1 29,1.0,w
8/pp1P1pkp/3r1p2/8/1P6/P1nB1PP1/2R4P/6K1 b - - 1 31,1.0,b
3r4/pp3pkp/5p2/8/1P6/P1R2PP1/7P/6K1 b - - 0 33,1.0,b
8/pp3pkp/5p2/8/1P6/P1R2PP1/3r3P/4K3 b - - 4 35,1.0,b
8/ppR2pkp/5p2/8/1P6/r4PP1/8/4K3 w - - 0 38,1.0,w
8/R4pkp/5p2/8/1P6/6r1/8/4K3 w - - 0 40,1.0,w
8/5pkp/8/R7/1P3p2/6r1/4K3/8 w - - 0 42,1.0,w
8/5p1p/R7/4k3/1P3p2/6r1/5K2/8 w - - 4 44,1.0,w
8/5p1p/5k2/8/1P3p2/1r6/5K2/R7 w - - 8 46,1.0,w
8/5p1R/4k3/8/1r3p2/8/5K2/8 w - - 1 48,1.0,w
8/5p2/8/3k4/1r3p1R/5K2/8/8 b - - 5 50,1.0,b
8/5p2/4k3/8/4KR2/1r6/8/8 b - - 2 52,1.0,b
8/8/4k3/5p2/1r3R2/4K3/8/8 w - - 3 55,1.0,w
8/8/8/3k1K2/1R6/8/8/8 b - - 0 57,1.0,b
8/8/8/5K2/3k4/8/8/3R4 b - - 4 59,1.0,b
8/8/8/8/4K3/2k5/8/3R4 b - - 8 61,1.0,b
8/8/8/8/1k6/3K4/8/2R5 b - - 12 63,1.0,b
8/8/1k6/3K4/8/8/8/2R5 b - - 16 65,1.0,b
8/8/k7/2K5/8/8/8/1R6 b - - 20 67,1.0,b
r1bq1rk1/ppnnbppp/4p3/2p5/2PP4/2N1BQ2/PP3PPP/R3RBK1 b - - 1 11,0.0,b
r1bq1rk1/ppn1bppp/4pn2/8/2PB4/2N2Q2/PP3PPP/3RRBK1 b - - 2 13,0.0,b
r1b2rk1/ppn1bppp/2q1pn2/8/2PBN3/6Q1/PP3PPP/3RRBK1 b - - 6 15,0.0,b
r1b2r1k/ppn1bp1p/2q1pp2/8/2PB4/5Q2/PP3PPP/3RRBK1 b - - 1 17,0.0,b
r1b2r1k/ppn1bp1p/5p2/4B3/2P5/5P2/PP3P1P/3RRBK1 b - - 0 19,0.0,b
r1b3rk/ppn1bp1p/8/4R3/2P5/5P2/PP3PBP/3R2K1 b - - 2 21,0.0,b
r1b1r1k1/ppn1Rp1p/8/8/2P5/5P2/PP3PBP/3R1K2 b - - 0 23,0.0,b
r1b3k1/ppn2p1p/8/8/2P5/5P2/PP3PBP/4K3 b - - 0 25,0.0,b
r7/ppn2pkp/4b3/8/2P5/5P2/PP1K1P1P/5B2 b - - 4 27,0.0,b
3r4/ppn2p1p/4b1k1/8/2P5/2KB1P2/PP3P1P/8 b - - 8 29,0.0,b
3r4/ppn2p1p/8/5k2/2P2P2/2K5/PP3P1P/8 b - - 0 31,0.0,b
3r4/ppn2p1p/8/2P5/2K5/5k2/PP3P1P/8 b - - 2 33,0.0,b
3r4/p4p1p/2p1n3/8/8/1K3k2/PP3P1P/8 b - - 1 35,0.0,b
3r4/p4p1p/2p1n3/8/2K5/P7/1P4kP/8 b - - 0 37,0.0,b
3r4/p4p1p/2p1n3/8/8/PK6/1P4k1/8 b - - 3 39,0.0,b
3r4/p4p1p/2p1n3/8/8/PK6/1P4k1/8 b - - 7 41,0.0,b
3r4/p4p1p/2p1n3/8/1K6/P7/1P3k2/8 b - - 11 43,0.0,b
1r6/p4p1p/2p5/8/5n2/P7/1PK2k2/8 b - - 15 45,0.0,b
1r6/p4p1p/2p5/3n4/1P6/P3k3/2K5/8 b - - 0 47,0.0,b
1r6/p4p1p/2p5/3n4/1P6/P3k3/2K5/8 b - - 4 49,0.0,b
6r1/p4p1p/2p5/3n4/1P6/P2k4/1K6/8 b - - 8 51,0.0,b
6r1/p4p1p/2p5/3n4/1P6/P2k4/1K6/8 b - - 12 53,0.0,b
8/p4p1p/2p5/8/PP6/1Knk4/8/6r1 b - - 0 55,0.0,b
8/p4p1p/2p5/8/1P6/K2k4/8/1r6 b - - 2 57,0.0,b
8/p4p1p/2p5/8/1r6/8/3k4/K7 b - - 1 59,0.0,b
8/p4p1p/8/2p5/1r6/K7/2k5/8 b - - 3 61,0.0,b
r4r1k/1p1bp1bp/1qnn2p1/p1pB1p2/2Pp1PP1/Q2P1N1P/PP1BPR2/6RK b - - 5 19,0.0,b
r3br1k/1p2p1bp/1q1n2p1/p1pB1p2/1nPp1PP1/Q2P1N1P/PP1BPR2/6RK b - - 9 21,0.0,b
r3b2k/1p4bp/1q1n1rp1/p1pB1p2/1nPp1PP1/Q2P1N1P/PP1BPR2/6RK b - - 2 23,0.0,b
r3b2k/1p4bp/1q1n1rp1/p1pP4/3p1PP1/Q2P1N2/PP1BPR2/6RK b - - 0 25,0.0,b
r6k/1p3bbp/1q3rp1/pnpP2P1/3p1P2/1Q1P1N2/PP1BPR2/6RK b - - 0 27,0.0,b
r6k/1p4bp/1q4p1/pnpb1rP1/3p1P2/3P1N2/PPQBPR2/2R4K b - - 1 29,0.0,b
r6k/1p4bp/1q4p1/p1p2rP1/Q2p1P2/2BP1N2/bP2PR2/2R4K b - - 0 31,0.0,b
r6k/1p4bp/2Q3p1/p1pb1rP1/3p1P2/3P1N2/1P2PR2/2R1B2K b - - 0 33,0.0,b
r6k/6bp/2p3p1/p1R2rP1/3p1P2/3P1R2/1P2P3/4B2K b - - 0 35,0.0,b
1r5k/6bp/2p3p1/p1r3P1/3p1P2/3P3R/1P2P1K1/4B3 b - - 3 37,0.0,b
7k/6bp/2p3p1/p4rP1/3p1P2/3P2KR/1r2P3/4B3 b - - 3 39,0.0,b
7k/6bp/2p3p1/p4rP1/3p1P2/3P3R/3r1BK1/8 b - - 3 41,0.0,b
7k/6bp/2p3p1/p5P1/3p4/3P1K2/3r1B2/8 b - - 0 43,0.0,b
7k/6bp/2p3p1/p5P1/3p4/5K2/5B2/3r4 b - - 3 45,0.0,b
7k/2B3bp/2p3p1/p5P1/8/3p1K2/8/1r6 b - - 1 47,0.0,b
7k/2B3bp/2p3p1/p5P1/8/3q2K1/8/1r6 w - - 2 50,0.0,w
6k1/6bp/2p3p1/p5P1/6K1/3q4/7B/1r6 b - - 6 52,0.0,b
6k1/7p/2p3p1/p3b1P1/7K/3q4/1r6/8 b - - 1 54,0.0,b
1r2r1k1/2p2qbn/1p1p2pp/pPnPp3/P3Pp2/R2P1PPB/7P/2BQR1K1 w - - 0 27,0.0,w
1r2r1k1/2p2qb1/1p1p2p1/pPnPp1np/P3PpB1/R2P1PP1/1B5P/3QR1K1 w - - 0 29,0.0,w
1r2r1k1/2p3b1/1p1pq1p1/pP2p1np/P3Pp2/R2P1PP1/1B5P/3QR1K1 w - - 0 31,0.0,w
1r2r1k1/2p2qb1/1p1p2p1/pP2p1np/P3P3/2RP1PP1/1B6/3QR1K1 w - - 1 33,0.0,w
1r4k1/2p1rqb1/1pRpn1p1/pP2p2p/P3P3/3P1PP1/1B4K1/3QR3 w - - 5 35,0.0,w
1r2q1k1/2p1r1b1/1pRpn1p1/pP2p3/P3P2R/3P1PP1/1B4K1/3Q4 w - - 1 37,0.0,w
1r2q1k1/2p2rb1/1p1p2p1/pPn1p3/P3P3/3P1PP1/1BR3K1/3Q3R w - - 5 39,0.0,w
3rq1k1/2p2rb1/1p1pn1p1/pP2p3/P3P3/B1RP1PP1/6K1/3Q3R w - - 9 41,0.0,w
4q1k1/2p2rb1/1p1r2p1/pP2p1n1/P3P3/2RP1PP1/6K1/4Q2R w - - 0 43,0.0,w
4q1k1/2p2rb1/1p1rn1p1/pP6/P3Pp2/2RP2P1/6K1/2Q4R w - - 0 45,0.0,w
4q1k1/2p2rb1/1p2n1p1/pP6/P3P3/3r2K1/2R5/2Q4R w - - 0 47,0.0,w
3q2k1/2p2rb1/1p4p1/pP6/P1RnP3/3r4/6K1/2Q4R w - - 4 49,0.0,w
6k1/2pq1rb1/1p4p1/pP6/P3P3/3r4/6K1/4Q2R w - - 2 51,0.0,w
3r2k1/2p2rb1/1p2q1p1/pP6/P3P2R/8/4Q1K1/8 w - - 6 53,0.0,w
3r2k1/2p2rb1/1p4p1/pP6/P3P2R/8/4q1K1/8 b - - 0 55,0.0,b
1r3rk1/2p2qbn/1p1p2pp/pPnPp3/P3Pp2/R2P1PPB/7P/2BQR2K w - - 0 28,0.0,w
1r3rk1/2p2qbn/1p1p2pp/pPnPp3/P3P3/R2P1P2/3B2Bp/3QR2K w - - 0 30,0.0,w
1r3rk1/1np2qb1/1p1p1npp/pP1Pp3/P3P3/2RPBP2/6Bp/3QR2K w - - 4 32,0.0,w
1r3rk1/2p2qb1/1p1p2pp/pPnnp3/P2PP3/2R1BP2/6BK/3QR3 w - - 0 34,0.0,w
1r3rk1/2p3b1/1p1p2pp/pPnP4/P2B1q2/2R2P2/6BK/3QR3 w - - 1 36,0.0,w
1r3rk1/2p3b1/1p1p2pp/pPnP4/P7/5P1K/2R3B1/3qR3 w - - 0 38,0.0,w
1r3rk1/2R3b1/1p1p2pp/pP1P4/8/2n2P1K/6B1/3R4 w - - 1 40,0.0,w
1r3rk1/R5b1/1p1p2pp/pP6/5n2/5P1K/6B1/4R3 w - - 2 42,0.0,w
4rrk1/R5b1/1p1p2pp/pP6/8/5P2/6K1/4R3 w - - 1 44,0.0,w
4r1k1/8/Rp1p2pp/pP6/3b4/5P2/6K1/8 w - - 2 46,0.0,w
6k1/R7/1p1p2pp/pr6/3b4/5PK1/8/8 w - - 0 48,0.0,w
6k1/3R4/1p4pp/p2p2r1/3b4/5P1K/8/8 w - - 0 50,0.0,w
6k1/3R4/1p4pp/p2p2r1/3b4/5P1K/8/8 w - - 4 52,0.0,w
3R4/5k2/1p4pp/p2p3r/3b1P2/7K/8/8 w - - 1 54,0.0,w
3R4/8/1p2k1pp/p2p4/3b1P1r/5K2/8/8 w - - 5 56,0.0,w
4R3/8/1p1k3p/p2p1p2/3b3r/5K2/8/8 w - - 2 58,0.0,w
8/6b1/1p1k3p/p2p1p2/4r3/5K2/8/7R w - - 6 60,0.0,w
8/6b1/1p1k3p/p2p1p2/4r3/5K2/8/7R w - - 10 62,0.0,w
8/6b1/1p1k3p/p2p4/6p1/5K2/8/8 w - - 0 64,0.0,w
8/6b1/1p1k3p/3p3K/8/p7/8/8 w - - 0 66,0.0,w
8/8/1p1k3K/3p4/8/2b5/p7/8 w - - 0 68,0.0,w
8/8/1p1k4/6K1/3p4/2b5/8/q7 b - - 0 70,0.0,b
8/8/1p1k4/8/8/2b3K1/3p4/q7 b - - 1 72,0.0,b
8/8/1p1k4/6K1/8/8/8/q2qb3 b - - 3 74,0.0,b
8/5K2/1p1k4/8/8/2b5/8/q2q4 w - - 7 77,0.0,w
8/8/1p2K3/2k5/8/2b5/8/q2q4 b - - 11 79,0.0,b
8/8/1p4K1/8/2k5/q1b5/8/3q4 b - - 15 81,0.0,b
3rr1k1/p2bqppp/1pp2n2/4n3/8/1P2P1NP/P1Q2PP1/1BRR2K1 b - - 5 20,1.0,b
3rr2k/p2b1ppp/1pp2n2/4n3/8/qPQ1P1NP/P1R2PP1/1B1R2K1 b - - 9 22,1.0,b
3rrqk1/p2b1ppp/1pp2n2/4n3/4N3/1PQ1P2P/P2R1PP1/1B1R2K1 b - - 13 24,1.0,b
3rrqk1/p4ppp/1pp1b3/3nQ3/4N3/1P2P2P/P2R1PP1/1B1R2K1 b - - 0 26,1.0,b
3R1qk1/p4ppp/1pp1b3/4Q3/4N3/1P2n2P/P4PP1/1B4K1 b - - 0 28,1.0,b
6k1/p4ppp/1pp1b3/4Q3/4N3/1P2P2P/P4KP1/1B1q4 b - - 2 30,1.0,b
3q2k1/p4ppp/1pp5/8/4N3/1P2P1QP/5KP1/1B6 b - - 0 32,1.0,b
6k1/p4ppp/1p6/2p1Q3/4N2q/1P2PK1P/6P1/1B6 b - - 3 34,1.0,b
rn1qkb1r/pp3ppp/2p2n2/3pp2b/4P3/1B1P1P2/PPP1Q1PP/RNB1K2R w KQkq - 1 7,1.0,w
rn1qkb1r/pp3ppp/2p2nb1/4p3/3pP1P1/1B1P1P2/PPPNQ2P/R1B1K2R w KQkq - 1 9,1.0,w
rn1qnb1r/pp2kppp/2p3b1/4p1P1/2NpP3/1B1P1P2/PPP1Q2P/R1B1K2R w KQ - 1 11,1.0,w
r2qnb1r/pp1nkppp/6b1/2p1p1P1/1BNpP3/1B1P1P2/PPP1Q2P/R3K2R w KQ - 0 13,1.0,w
r1q1nb1r/pp1nkpp1/6bp/B1p1p1P1/2NpP3/1B1P1P2/PPP2Q1P/R3K2R w KQ - 0 15,1.0,w
r1q1nb2/pp1nkppr/6b1/2p1p3/2NpP3/1B1P1P2/PPPB1Q1P/R3K2R w KQ - 2 17,1.0,w
1rq1nb2/pp1nk1pr/5pb1/2p1p1B1/2NpP3/1B1P1P2/PPP2Q1P/R3K1R1 w Q - 0 19,1.0,w
1rq1nb2/pp2k1pr/5p2/2p1n2b/3pPB2/1B1P1P2/PPP2Q1P/R3K1R1 w Q - 2 21,1.0,w
1rqknb2/pp4pr/8/2p1p2b/3pP3/1B1P1PQ1/PPP4P/R3K1R1 w Q - 2 23,1.0,w
1rqkn3/pp2b1pr/8/2p3Qb/3pP3/1B1P1P2/PPP4P/R3K1R1 w Q - 3 25,1.0,w
1rqkb1Q1/pp2b1pr/3n4/2p5/3pP3/1B1P1P2/PPP4P/R3K1R1 w Q - 7 27,1.0,w
1rqkb3/pp2b1RQ/3n4/8/3pP3/1B1p1P2/PPP4P/R3K3 w Q - 0 29,1.0,w
1r1kb3/pp2R2Q/3n4/2q5/3pP3/1B3P2/PPPK3P/R7 w - - 1 31,1.0,w
1r2n3/pp1k4/8/2q5/3pP2Q/1B3P2/PPPK3P/R7 w - - 2 33,1.0,w
1r2n3/p7/3k4/1pq5/B2pP3/5P1Q/PPPK3P/R7 w - - 2 35,1.0,w
1Q2n3/p7/4k3/1p4q1/B2pP3/5P2/PPPK3P/R7 w - - 1 37,1.0,w
1Q2n3/p7/4k2q/1p6/3pPP2/1B6/PPP1K2P/R7 b - - 2 39,1.0,b
1Q2nk2/p7/8/1p6/3pPP2/1B1K4/PPP4q/R7 w - - 2 43,1.0,w
5k2/p7/3n4/1Q6/3KPP2/1B5q/PPP5/R7 w - - 1 45,1.0,w
4n3/p5k1/8/8/1Q1KPP2/1B5q/PPP5/R7 w - - 5 47,1.0,w
6B1/p5R1/5n2/8/1Q1KPP2/7q/PPP5/8 b - - 2 49,1.0,b
3rr1kb/pb3p1p/1p1np1pP/n7/P2P3q/2P3N1/3BBPP1/1RQ2RK1 w - - 0 23,1.0,w
3rr1k1/pb3p1p/1p1np1pP/n7/P2P3b/2P3N1/4BPP1/1RQ2RK1 w - - 0 25,1.0,w
3rr1k1/pb3p1p/1p4pP/n4p2/P2P1Q1b/2P5/4BPP1/1R3RK1 w - - 0 27,1.0,w
3r2k1/pb3p1p/1p3bpP/nB3p2/P2Pr3/2P5/5PPQ/1R3RK1 w - - 4 29,1.0,w
3r2k1/pb2rp1p/1p4pP/n4p2/P2b4/2PB2P1/5P1Q/1R3RK1 w - - 0 31,1.0,w
3r2k1/pb2rp1p/1pn3pP/8/PR1P1p2/3B2P1/5P1Q/5RK1 w - - 2 33,1.0,w
6k1/pb2rp1p/1pn3pP/8/P1Rr4/3B2P1/7Q/5RK1 w - - 0 35,1.0,w
6k1/pb2r2p/1p4pP/8/P2n4/6P1/7Q/5RK1 w - - 0 37,1.0,w
6k1/p6p/1p2r1pP/3b4/P2n4/6P1/Q4R2/6K1 w - - 4 39,1.0,w
5k2/p6p/1p2Q1pP/5n2/P7/6P1/5R2/6K1 w - - 1 41,1.0,w
r1bqkb1r/pp2pppp/1nn5/8/2p5/1BP3P1/PP1PNP1P/R1BQ1RK1 b kq - 0 8,0.0,b
r1bqkb1r/pp2pppp/1nn5/8/5N2/2P3P1/pP1P1P1P/R1BQR1K1 b kq - 1 10,0.0,b
r1bq1b1r/1p1kpppp/pnn5/8/5N2/2P2QP1/RP1P1P1P/2B1R1K1 b - - 1 12,0.0,b
r1bQ1b1r/1pk1pppp/pnn5/8/5N2/2P3P1/RP1P1P1P/2B1R1K1 b - - 0 14,0.0,b
r1b2b1r/1pk1pppp/pnn5/8/5N2/2P2KP1/RP1P1P1P/2B1R3 b - - 3 16,0.0,b
3r1b1r/1pkbRppp/pnn5/8/5N2/2P2KP1/1P1P1P1P/R1B5 b - - 0 18,0.0,b
3r3r/1pkb1ppp/pnnb4/8/8/2PN1KPP/1P1P1P2/R1B5 b - - 2 20,0.0,b
3rr3/1pk2ppp/pnnb4/5b2/8/2PN1KPP/1P1P1P2/R1B5 b - - 6 22,0.0,b
3rr3/1pk2ppp/pnn5/4b1K1/8/2Pb2PP/1P1P1P2/R1B5 b - - 3 24,0.0,b
3rr3/1p3ppp/pnn1k3/4b3/8/2Pb1KPP/1P1P1P2/R1B5 b - - 7 26,0.0,b
3rr3/1p3ppp/pnnb1k2/8/6KP/2Pb2P1/1P1P1P2/R1B5 b - - 2 28,0.0,b
3r4/1p3ppp/pnnb1k2/7P/8/2P3PK/1P1PbP2/R1B1r3 b - - 2 30,0.0,b
3r4/5ppp/pnnb1k2/7P/8/2P2bP1/1P1P1P1K/2B1r3 b - - 1 32,0.0,b
7k/1p1b1nrp/4pb2/p1p2n1R/1qPpBP2/3P1N2/P2BPK2/3Q4 b - - 4 31,1.0,b
7k/1p1b1nrp/1q3b2/p1p2p1R/2Pp1P2/3P1N2/P2BPK2/7Q b - - 1 33,1.0,b
7k/1p1bbnrp/8/p1p2p2/2Pp1P2/3P1N2/Pq1BPK1R/7Q b - - 5 35,1.0,b
7k/1p2bnrp/8/p1p2p2/2Pp1P2/P2P1K2/1q1BP2R/7Q b - - 0 37,1.0,b
7k/1p2bnrp/8/2p2p2/p1Pp1P2/q2P4/3BPK1R/1Q6 b - - 1 39,1.0,b
7k/1p2bnrp/8/2p2p2/2Pp1P2/1p1P4/3BPK2/7R b - - 1 41,1.0,b
6k1/1p2bn1p/6r1/B1p2p2/2Pp1P2/1p1P4/4PK2/1R6 b - - 5 43,1.0,b
6k1/1p5p/3n2r1/B1p2p2/2Pp1P1b/1R1P4/4P3/5K2 b - - 0 45,1.0,b
8/1p3k1p/1B4r1/2p2p2/2Pp1P1b/1R6/4P3/5K2 b - - 0 47,1.0,b
6k1/1R5p/6r1/2B2p2/2Pp1P1b/8/4P3/5K2 b - - 0 49,1.0,b
6k1/1R6/2r4p/2P2p2/3B1P1b/8/4P3/5K2 b - - 0 51,1.0,b
1R4k1/8/6r1/2P2p1p/3B1P1b/4P3/8/5K2 b - - 1 53,1.0,b
8/5k1R/8/2P2p1p/3B1Prb/4P3/8/5K2 b - - 5 55,1.0,b
8/R7/6k1/2P2p1p/3B1P1b/4P1r1/5K2/8 b - - 9 57,1.0,b
rnbqkb1r/pp3ppp/2p2n2/4p3/2Pp4/4P3/PPQPBPPP/RNB2RK1 w kq - 0 6,0.5,w
rn1qk2r/pp3ppp/2p1bn2/2b1p3/2Pp4/3PP3/PPQNBPPP/R1B2RK1 w kq - 3 8,0.5,w
rn2k2r/pp3ppp/2pqbn2/2b1p3/2P5/3P1N2/PPQ1BPPP/R1B2RK1 w kq - 2 10,0.5,w
r3k2r/pp1n1ppp/2pqbn2/4p3/2P5/3PbNP1/PPQ1BP1P/R4RK1 w kq - 0 12,0.5,w
1k1r3r/pp1n1ppp/2pqbn2/4p1N1/2P5/3PP1P1/PPQ1B2P/R4RK1 w - - 3 14,0.5,w
1k1r3r/pp1n2pp/2pq1n2/4p3/2b5/1Q1PP1P1/PP2B2P/R4RK1 w - - 0 16,0.5,w
1k1r3r/pp1n2pp/2p2n2/4p3/2P5/1Q2P1P1/PP2q2P/3R1RK1 w - - 0 18,0.5,w
1k5r/pp1r2pp/2p2n2/4p3/2P5/1Q2P1P1/PP3R1P/4q1K1 w - - 2 20,0.5,w
1k5r/pp1r2pp/2p2n2/4p3/2P5/1Q2P1P1/PP3R1P/4q1K1 w - - 6 22,0.5,w
3r2k1/pb3ppp/1p3n2/8/1PBrP2n/5PNP/6P1/2R1R1K1 b - - 0 32,0.0,b
3r2k1/p4p1p/1p3np1/3BP3/1P1r3n/5PNP/6P1/2R1R1K1 b - - 0 34,0.0,b
3r2k1/p4p1p/1p4p1/1P1nP3/7n/5PNP/3rR1P1/2R3K1 b - - 2 36,0.0,b
3r4/p4pkp/1p4p1/1P1nP3/7n/5P1P/4N1P1/3R2K1 b - - 2 38,0.0,b
3r4/p4pkp/1p4p1/1P1nP3/3R4/4nPNP/8/6K1 b - - 3 40,0.0,b
8/p4pkp/1p2P1p1/1P1r4/8/5PNP/2n5/6K1 b - - 0 42,0.0,b
8/p5kp/1p2p1p1/1r6/4N3/5P1P/2n2K2/8 b - - 1 44,0.0,b
8/p5kp/1p2p1p1/8/4NP2/n4K1P/1r6/8 b - - 2 46,0.0,b
8/p5kp/1p2p1p1/8/5P2/n6P/1r3NK1/8 b - - 6 48,0.0,b
8/p5kp/1p2p1p1/8/2n1KP2/1r5P/5N2/8 b - - 10 50,0.0,b
8/p5kp/1p2p1p1/8/4KP2/6rP/1n3N2/8 b - - 14 52,0.0,b
8/p5kp/1p2p1p1/4K3/5P1P/6r1/3n1N2/8 b - - 2 54,0.0,b
8/p4k1p/1p2p3/7p/3K1P2/6r1/3n1N2/8 b - - 1 56,0.0,b
8/p6p/1p2p1k1/4N3/3K1P1p/6r1/3n4/8 b - - 1 58,0.0,b
8/p6p/1p2p1k1/8/5P1p/2KN2r1/3n4/8 b - - 5 60,0.0,b
8/p6p/1p2p1k1/8/4nP1p/1K1N4/6r1/8 b - - 9 62,0.0,b
8/p6p/1p2pk2/4N3/1K2nP2/7p/6r1/8 b - - 1 64,0.0,b
8/p6p/1p2pk2/4N3/4nP2/8/1K5p/8 b - - 0 66,0.0,b
8/p6p/1p2pk2/2n1N3/2K2P2/8/8/7q b - - 3 68,0.0,b
8/p6p/1p2pk2/2n1N3/5P2/4q3/1K6/8 b - - 7 70,0.0,b
8/p6p/1p2pk2/2n5/5P2/K4N2/8/4q3 b - - 11 72,0.0,b
8/p6p/1p2pk2/4N3/5P2/2qn4/K7/8 b - - 15 74,0.0,b
r1b1r1k1/pp3ppp/2pq1n2/4n3/3N4/1P2P2P/P4PP1/1BRQ1RK1 b - - 2 16,0.5,b
1rbqr1k1/pp3ppp/2p2n2/4n3/1P1N4/4P2P/P4PP1/1BRQR1K1 b - - 0 18,0.5,b
1r2r1k1/pp3ppp/2p1Nn2/4n3/1P6/4P2P/P4PP1/1BRR2K1 b - - 0 20,0.5,b
1r1r2k1/pp4pp/2p1pn2/4n3/1P6/4P2P/P4PPK/1BR4R b - - 3 22,0.5,b
1r1r4/pp3kpp/2p1p3/4n2n/1P5K/4P2P/P4PP1/1BR4R b - - 7 24,0.5,b
1r1r4/pp3kpp/2p1p3/4n2n/1P5K/4P2P/P4PP1/1BR4R b - - 11 26,0.5,b
3rr1k1/pb3ppp/1p3n2/4q3/1P2P2n/3B2NP/4QPP1/2R1R1K1 b - - 0 27,0.5,b
3r2k1/pb2rppp/1p1q1n2/1B6/1P2P2n/6NP/4QPP1/2RR2K1 b - - 4 29,0.5,b
3q2k1/pb2rppp/1p3n2/1B6/1P2P2n/6NP/4QPP1/3R2K1 b - - 1 31,0.5,b
6k1/p1q1rppp/1p3n2/1B6/1P2N2n/7P/Q4PP1/3R2K1 b - - 0 33,0.5,b
4r1k1/p1q2ppp/1p3n2/8/1P5n/7P/Q4PP1/1B1R2K1 b - - 3 35,0.5,b
2q1r1k1/Q4ppp/1p3n2/8/1P6/5P1P/5P2/1B1R2K1 b - - 0 37,0.5,b
4r1k1/5ppp/5n2/1p6/1P6/3B1P1q/Q4P2/3R2K1 b - - 1 39,0.5,b
4r1k1/5p1p/5np1/1B6/1P6/5q2/Q4P2/R5K1 b - - 1 41,0.5,b
4r1k1/5p1p/5np1/1B5q/1P6/8/Q4PK1/R7 b - - 5 43,0.5,b
4r1k1/5p1p/2q2np1/8/1P6/8/5P2/RQ4K1 b - - 3 45,0.5,b
1r3k2/5p1p/2q2np1/1P6/8/3Q4/5P2/R5K1 b - - 0 47,0.5,b
3Qnk2/5p1p/2q3p1/1r6/8/8/5P2/4R1K1 b - - 3 49,0.5,b
5k2/5p1p/2qn4/1r4p1/8/8/5P2/Q3R1K1 b - - 3 51,0.5,b
6k1/5p1p/3n4/1r4p1/4q3/8/5P2/Q2R2K1 b - - 7 53,0.5,b
6k1/5p1p/3n4/1r4p1/8/7q/5P2/Q2RK3 b - - 11 55,0.5,b
6k1/5p1p/3n4/3r2p1/8/8/2K2P2/Q2R3q b - - 15 57,0.5,b
5k2/5p1p/3n4/3r2p1/4q3/1K6/5P2/Q2R4 w - - 19 60,0.5,w
8/4kp1p/3n4/3q2p1/8/1K6/5P2/3R4 w - - 0 62,0.5,w
8/7p/3nkp2/6R1/8/1K6/5P2/8 w - - 0 64,0.5,w
8/7R/4kp2/6n1/8/1K6/5P2/8 w - - 1 66,0.5,w
8/3k4/5p2/8/4n3/1K6/5PR1/8 w - - 5 68,0.5,w
8/4k3/3n1p2/8/1K6/8/5PR1/8 w - - 9 70,0.5,w
8/6R1/3n1p2/4k3/8/2K5/5P2/8 w - - 13 72,0.5,w
8/4R3/3n1p2/8/5k2/2K2P2/8/8 w - - 1 74,0.5,w
2n5/8/5R2/4k3/8/2K2P2/8/8 w - - 1 76,0.5,w
5R2/8/3n4/3k4/1K6/5P2/8/8 w - - 5 78,0.5,w
R7/8/4k3/5n2/8/1K3P2/8/8 w - - 9 80,0.5,w
8/4k3/R7/8/7n/5P2/1K6/8 w - - 13 82,0.5,w
8/5k2/R5n1/8/5P2/1K6/8/8 w - - 3 84,0.5,w
8/5k2/1R6/8/8/3n4/1K6/8 w - - 2 86,0.5,w
8/5k2/1R2n3/8/3K4/8/8/8 w - - 6 88,0.5,w
8/4k3/8/2n5/8/2K5/8/1R6 w - - 10 90,0.5,w
8/4k3/8/8/2K2n2/8/8/R7 w - - 14 92,0.5,w
8/8/5k2/8/2K5/8/4n3/4R3 w - - 18 94,0.5,w
8/8/8/3K4/5k2/8/4R3/8 w - - 3 96,0.5,w
8/8/8/4K3/8/6k1/8/4R3 w - - 7 98,0.5,w
8/8/8/8/4K3/7k/8/6R1 w - - 11 100,0.5,w
8/8/8/6k1/8/4K3/8/1R6 w - - 15 102,0.5,w
8/6k1/8/8/8/4K3/5R2/8 w - - 19 104,0.5,w
8/5k2/8/5K2/8/8/5R2/8 w - - 23 106,0.5,w
r2q1rk1/ppnb1p1p/5p2/4Q3/2P5/2N5/PP3PPP/3R1BK1 w - - 0 18,0.5,w
r2qr2k/ppnb1p1p/5p2/8/2P5/2N3Q1/PP3PPP/3R1BK1 w - - 4 20,0.5,w
r2q2rk/p1nb1p1p/1p3p2/8/2P5/2N2Q2/PP2BPPP/3R2K1 w - - 0 22,0.5,w
r5rk/p1nq1p1p/5p2/2p5/8/2N2Q2/PP2BPPP/6K1 w - - 0 24,0.5,w
r3q2k/p1n2prp/7Q/2p5/8/2N5/PP2BPPP/6K1 w - - 3 26,0.5,w
1r5k/p1n2prp/8/2p5/8/2N1P3/PP2B1PP/6K1 w - - 1 28,0.5,w
7k/p1n2prp/8/2p5/8/2N1P3/P1r1B1PP/5K2 w - - 2 30,0.5,w
7k/p1n2prp/8/2N5/8/4P3/4r1PP/5K2 w - - 0 32,0.5,w
7k/p1n2p1p/8/2N5/8/4P3/7r/5K2 w - - 0 34,0.5,w
8/p1n2pkp/8/8/8/1N2P3/2r5/6K1 w - - 4 36,0.5,w
8/p1n2pkp/8/8/3N4/4P3/7r/5K2 w - - 8 38,0.5,w
8/p4pkp/2N5/3n4/8/4P3/r7/6K1 w - - 12 40,0.5,w
8/5pkp/p1N5/8/4Pn2/8/r7/5K2 w - - 0 42,0.5,w
8/5p1p/p4k2/8/4Pn2/8/N4K2/8 b - - 2 44,0.5,b
8/5p1p/8/p3k3/4Pn2/6K1/8/2N5 b - - 3 46,0.5,b
8/5p1p/8/2N5/p3kn2/6K1/8/8 b - - 1 48,0.5,b
8/5p1p/8/3k4/N7/8/4n1K1/8 b - - 2 50,0.5,b
8/5p1p/3k4/8/3nN3/8/6K1/8 b - - 6 52,0.5,b
8/5p1N/8/8/3n1k2/8/6K1/8 b - - 0 54,0.5,b
8/5N2/8/5k2/3n4/8/6K1/8 b - - 0 56,0.5,b
8/8/3N1k2/8/8/1n4K1/8/8 b - - 4 58,0.5,b
8/2N5/8/4k3/3n4/6K1/8/8 b - - 8 60,0.5,b
8/8/N2k4/8/8/8/2n2K2/8 b - - 12 62,0.5,b
8/8/N7/4k3/3n4/8/5K2/8 b - - 16 64,0.5,b
8/8/2n1k3/8/1N6/6K1/8/8 b - - 20 66,0.5,b
8/8/5k2/8/1n2K3/8/8/8 b - - 3 68,0.5,b
8/8/5k2/8/3nK3/8/8/8 b - - 7 70,0.5,b
8/8/4n3/4k3/8/6K1/8/8 b - - 11 72,0.5,b
8/8/8/8/3nk3/6K1/8/8 b - - 15 74,0.5,b
8/8/8/8/3n1k2/8/8/4K3 b - - 19 76,0.5,b
8/8/8/8/3n4/5k2/3K4/8 b - - 23 78,0.5,b
8/8/8/8/3nk3/8/3K4/8 b - - 27 80,0.5,b
8/8/4n3/5k2/8/8/1K6/8 b - - 31 82,0.5,b
8/8/8/5k2/2K5/3n4/8/8 b - - 35 84,0.5,b
8/8/8/8/4kn2/2K5/8/8 b - - 39 86,0.5,b
8/8/8/8/3k1n2/8/2K5/8 b - - 43 88,0.5,b
8/8/8/8/3k4/6n1/2K5/8 b - - 47 90,0.5,b
8/8/8/8/2K1k3/8/8/7n b - - 51 92,0.5,b
8/8/8/1K6/3k4/8/5n2/8 b - - 55 94,0.5,b
8/3K4/8/4k3/8/3n4/8/8 b - - 59 96,0.5,b
2rr2k1/pp3p1p/4np2/8/2P5/2N5/PPR2PPP/5BK1 w - - 5 22,0.0,w
2rr2k1/pp3p1p/5p2/8/2P5/2N2n2/PP1RBPPP/6K1 w - - 9 24,0.0,w
6k1/pB3p1p/5p2/8/2r5/2N5/PP1r1PPP/6K1 w - - 0 26,0.0,w
6k1/p4p1p/5p2/8/4B3/2r3P1/Pr3P1P/6K1 w - - 0 28,0.0,w
8/p4pkp/5p2/3B4/8/6P1/Prr2PKP/8 w - - 4 30,0.0,w
8/p4Bkp/5p2/8/8/6P1/Pr2r2P/6K1 w - - 1 32,0.0,w
5k2/p1rr1ppp/1p3n2/1P6/2B1PP1n/R5NP/6P1/R5K1 b - - 0 39,0.5,b
5k2/R2r1ppp/1p6/1P1nP3/2r2P1n/6NP/6P1/R5K1 b - - 0 41,0.5,b
5k2/R4ppp/1p6/1P1nP3/5P1n/6NP/5KP1/2r5 b - - 2 43,0.5,b
5k2/R4ppp/1p6/1P2P3/5n1n/6KP/2r1N1P1/8 b - - 3 45,0.5,b
5k2/R4ppp/1p6/1P2P3/2r3PK/7P/4n3/8 b - g3 0 47,0.5,b
5k2/1R3ppp/1p2r3/1P6/6PK/7P/4n3/8 b - - 1 49,0.5,b
1R6/4kppp/1p4r1/1P4P1/7K/7P/4n3/8 b - - 0 51,0.5,b
8/1R2kppp/1p2r3/1P4P1/6K1/2n4P/8/8 b - - 4 53,0.5,b
8/4kppp/1R2r3/1P4P1/6K1/2n4P/8/8 b - - 0 55,0.5,b
8/4kppp/8/1r4P1/6K1/2n4P/8/8 b - - 1 57,0.5,b
8/4kppp/8/6r1/8/2n1K2P/8/8 b - - 1 59,0.5,b
8/4kppp/8/4K3/8/2n4r/8/8 b - - 1 61,0.5,b
3k4/5ppp/8/4K3/8/2nr4/8/8 b - - 5 63,0.5,b
8/4kppp/8/8/6K1/2nr4/8/8 b - - 9 65,0.5,b
8/4kppp/8/3n1K2/8/4r3/8/8 b - - 13 67,0.5,b
8/5ppp/4k3/3n4/6K1/4r3/8/8 w - - 17 72,0.5,w
8/5ppp/8/3nk1K1/8/4r3/8/8 b - - 21 74,0.5,b
8/5ppp/5n2/6K1/3k4/4r3/8/8 b - - 25 76,0.5,b
8/5ppp/8/6K1/3k1n2/4r3/8/8 b - - 29 79,0.5,b
8/5ppp/4r3/5K2/1n1k4/8/8/8 w - - 34 82,0.5,w
8/5ppp/6r1/8/1n6/4k1K1/8/8 w - - 38 84,0.5,w
8/5ppp/6r1/8/1n5K/8/5k2/8 b - - 42 86,0.5,b
8/5ppp/6r1/8/1n5K/8/5k2/8 w - - 46 89,0.5,w
8/5ppp/6r1/8/1n5K/8/8/6k1 w - - 50 92,0.5,w
8/5ppp/6r1/8/1n5K/8/8/6k1 w - - 54 96,0.5,w
r1bq1rk1/pp2ppbp/2n2np1/2p5/5P2/Q1pP1NP1/PP2P1BP/R1B2RK1 w - - 0 10,1.0,w
r3qrk1/pp1bppbp/2n2np1/2p5/5P2/2QP1NP1/PP2P1BP/R1B1R1K1 w - - 3 12,1.0,w
3rqrk1/pQ2ppbp/2n1bnp1/2p5/5P2/3P1NP1/PP2P1BP/R1B1R1K1 w - - 1 14,1.0,w
3rqrk1/pQ2pp1p/2n1bbp1/2B5/5Pn1/3P1NP1/PP2P1BP/R3R1K1 w - - 1 16,1.0,w
3rqrk1/pQ2pp1p/2n1bbp1/2B5/5PP1/3P1NP1/PP2P1B1/R3R1K1 w - - 1 18,1.0,w
4qr1k/pQ2pp1p/2n1Pbp1/2Br4/6P1/3P1NP1/PP2P1B1/R3R1K1 w - - 1 20,1.0,w
4qr1k/n3p2p/4pbp1/3Q4/6P1/3P1NP1/PP2P1B1/R3R1K1 w - - 0 22,1.0,w
4qr1k/n3p1bp/4Q1p1/8/6P1/3P1NP1/P3P1B1/1R2R1K1 w - - 2 24,1.0,w
4q2k/n3p2p/6p1/8/5QP1/2bP1NP1/P3P1B1/1R2R1K1 w - - 1 26,1.0,w
2q4k/4p2p/6p1/8/5QP1/2bP1NP1/P3P1B1/4R1K1 w - - 0 28,1.0,w
6qk/4pQ1p/8/6p1/6P1/2bP1NP1/P3P1B1/2R3K1 w - - 2 30,1.0,w
7k/4Q2p/8/6p1/6P1/2RP1NP1/4P1B1/q5K1 w - - 1 32,1.0,w
6qk/4Q2p/8/6N1/6P1/2RP2P1/4PKB1/8 w - - 1 34,1.0,w
6rk/1p1b1n1p/4pb2/p1p2n1R/1qPpBP2/3P1N2/P3P3/2BQ3K b - - 2 30,0.0,b
6rk/1p1b1n1p/4pb2/p1p4n/1qPpBP2/3P1N2/P3P3/2BQ3K b - - 1 32,0.0,b
6rk/1p1b1n1p/4pb2/p1p5/1qPpPP2/5N2/P3P2K/2BQ4 b - - 0 34,0.0,b
6rk/1p1bbn1p/4p3/p1p5/2qpPP2/P4N2/4P2K/2B1Q3 b - - 2 36,0.0,b
6rk/1p1bbn1p/4p3/p1p1N3/3pPP2/P7/1q2P2K/4Q3 b - - 1 38,0.0,b
6rk/1p1bb2p/4p3/p1p1P3/P3P3/3p4/1q2P2K/4Q3 b - - 0 40,0.0,b
7k/1p1bb2p/4p3/p1p1q3/P3P3/3P2r1/7K/8 b - - 0 42,0.0,b
7k/1p1b3p/3bp3/p1p1P3/P2q4/6r1/7K/8 b - - 0 44,0.0,b
4qr1k/2p1r1bn/1p1p2pp/pPnPpp2/P3P3/3PBPPB/4R2P/3Q1R1K b - - 16 31,0.0,b
4qr1k/2p1r1b1/1p1p2pp/pPnPp1n1/P3P3/3PB1P1/4R1BP/3Q1R1K b - - 0 33,0.0,b
4q2k/2p2rb1/1p1p2pp/pPnPp1n1/P3P2P/3PB1P1/4R1B1/3Q3K b - h3 0 35,0.0,b
4q2k/2p3b1/1p1p1rPp/pPnPp3/P3P3/3PBnP1/4R1B1/3Q3K b - - 0 37,0.0,b
7k/2p3b1/1p1p2qp/pPnPp3/P3P3/3PBrP1/4R1K1/3Q4 b - - 1 39,0.0,b
7k/2p3b1/1p1p3p/pPnPp3/P3P3/3PR1q1/8/3Q3K b - - 0 41,0.0,b
7k/2p3b1/1p1p3p/pP1Pp3/P3P3/3nq3/7K/3Q4 b - - 1 43,0.0,b
7k/2p3b1/1p1p3p/pP1Pp3/P3P3/6K1/1n6/2q5 b - - 1 45,0.0,b
7k/2p3b1/1p1p4/pP1Pp2p/n3P3/8/4K3/2q5 b - - 1 47,0.0,b
7k/2p3b1/1p1p4/pP1Pp2p/n3q3/8/5K2/8 b - - 1 49,0.0,b
7k/2p3b1/1p1p4/pq2p2p/n6K/8/8/8 b - - 1 51,0.0,b
7k/2p3b1/1p1p4/pq5p/4p3/2n5/6K1/8 b - - 3 53,0.0,b
7k/2p5/1p1p4/p1q1b2p/4p2K/2n5/8/8 w - - 7 56,0.0,w
8/2p3k1/1p1p4/2q1b3/p3p1K1/2n5/8/8 w - - 0 58,0.0,w
8/2p3k1/1p1p4/8/p3pb1K/2n5/8/6q1 w - - 4 60,0.0,w
8/pn3pk1/1p3p1p/3K2PP/PP3P2/3B4/8/8 w - - 2 41,1.0,w
5k2/pK3p2/1p3p1P/7P/PP3P2/3B4/8/8 b - - 0 43,1.0,b
6k1/K4p2/5p1P/1P5P/1P3P2/3B4/8/8 b - - 0 45,1.0,b
5k2/K4p2/1P5P/5B1P/1P3P2/8/8/8 b - - 0 47,1.0,b
8/KP3p2/5k1P/7P/1P3P2/8/8/1B6 b - - 2 49,1.0,b
7Q/KP3p2/8/3k3P/1P3P2/8/8/1B6 b - - 0 51,1.0,b
1Q6/K7/4k3/5p1P/1P3P2/2Q5/8/1B6 b - - 0 53,1.0,b
5r1k/2p3b1/1p1p1npp/pPnPp3/P3P2q/3P1P2/R5BP/3QR2K w - - 4 39,0.0,w
5r1k/2p3b1/1p1p1npp/pPnPp3/P3P2q/5P2/R2QR1BP/7K w - - 2 41,0.0,w
2r3k1/2p3b1/1p1p1npp/pPnPp3/P3P2q/4QP2/R3R1BP/6K1 w - - 6 43,0.0,w
5rk1/2p3b1/1p1p1npp/pPnPp2q/P3P3/4QP2/2R3BP/R5K1 w - - 10 45,0.0,w
5r2/2p2kb1/1p1p1npp/pPnPp1q1/P3P3/4QP2/2R3BP/R5K1 w - - 14 47,0.0,w
5r2/2p1k1b1/1p1p1npp/pPnPp3/P3Pq2/5P2/2R3BP/R3Q1K1 w - - 18 49,0.0,w
3k1r2/2R3b1/1p1p1npp/pP1Pp3/P3Pq2/3n1P1P/6B1/R3Q1K1 w - - 1 51,0.0,w
3k1r2/2R3b1/1p1p2pp/pP1np3/P3P3/2QnqP1P/6BK/R7 w - - 0 53,0.0,w
3k1r2/2R3b1/1p1p2pp/pP1Pp3/P7/2QnqP1P/6B1/R5K1 w - - 3 55,0.0,w
3k1r2/2R3b1/1p1p2pp/pP1Pp3/P7/2Q1qP1n/6B1/R5K1 b - - 0 57,0.0,b
3k1r2/6R1/1p1p2pp/pP1Pp3/P7/2q2P2/6B1/6R1 b - - 0 59,0.0,b
2n5/p4pk1/1p3p1P/3K3P/PP3P2/3B4/8/8 b - - 0 41,0.5,b
8/p3np2/1p3p1k/7P/PP1K1P2/8/4B3/8 b - - 3 43,0.5,b
8/p3npk1/1p3p2/7P/PPBK1P2/8/8/8 b - - 7 45,0.5,b
8/p3np2/1p4kP/1P3p2/P1BK1P2/8/8/8 b - - 0 47,0.5,b
8/p3n2k/1p2Bp2/1P3p2/P2K1P2/8/8/8 w - - 1 50,0.5,w
8/p3n3/1p2Bp1k/1P3p2/P1K2P2/8/8/8 w - - 5 52,0.5,w
8/4n3/1p2Bp1k/p4p2/2K2P2/8/8/8 w - - 0 54,0.5,w
8/3B4/1p3p1k/p4p2/3K1n2/8/8/8 w - - 0 56,0.5,w
8/5k2/1p3p2/p4p2/B1K2n2/8/8/8 w - - 4 58,0.5,w
8/5k2/1K3p2/p1n2p2/B7/8/8/8 w - - 1 60,0.5,w
8/5k2/8/p4p2/B2K1p2/8/8/8 w - - 0 62,0.5,w
8/8/6k1/p4p2/B2K1p2/8/8/8 w - - 4 64,0.5,w
8/8/8/p3kp2/2K2p2/8/8/3B4 w - - 8 66,0.5,w
8/8/8/K4p2/4k3/5p2/8/3B4 w - - 0 68,0.5,w
8/8/8/K3k3/5p2/3B1p2/8/8 w - - 0 70,0.5,w
8/8/4k3/2K5/5p2/3B4/5p2/8 w - - 0 72,0.5,w
8/8/8/2k5/4Kp2/3B4/5p2/8 w - - 4 74,0.5,w
8/8/8/2k5/8/3B1K2/5p2/8 w - - 3 76,0.5,w
8/8/8/2k5/8/8/5K2/1B6 w - - 3 78,0.5,w
8/8/2k5/8/8/1B6/5K2/8 w - - 7 80,0.5,w
8/8/3kB3/8/8/6K1/8/8 w - - 11 82,0.5,w
8/8/5k2/8/8/6K1/8/1B6 w - - 15 84,0.5,w
8/8/8/3k4/5K2/8/2B5/8 w - - 19 86,0.5,w
8/8/8/8/5K2/3k4/8/7B w - - 23 88,0.5,w
8/8/4B3/2k5/5K2/8/8/8 w - - 27 90,0.5,w
8/8/1k6/4K3/8/1B6/8/8 w - - 31 92,0.5,w
8/8/8/3K4/1kB5/8/8/8 w - - 35 94,0.5,w
8/8/8/3B4/1k1K4/8/8/8 w - - 39 96,0.5,w
8/8/8/3B4/1k1K4/8/8/8 w - - 43 98,0.5,w
8/8/8/8/1k1KB3/8/8/8 w - - 47 100,0.5,w
8/8/8/8/3K4/8/2k3B1/8 w - - 51 102,0.5,w
8/8/8/8/2BK4/8/8/2k5 w - - 55 104,0.5,w
8/8/8/8/2B5/3K4/8/4k3 w - - 59 106,0.5,w
8/8/8/8/2B5/3K4/8/4k3 w - - 63 108,0.5,w
8/8/8/8/8/3BK3/8/2k5 w - - 67 110,0.5,w
8/8/8/8/2K5/3B4/8/2k5 w - - 71 112,0.5,w
8/8/8/8/3K4/3B4/8/3k4 w - - 75 114,0.5,w
8/8/8/8/3K4/3B4/8/3k4 w - - 79 116,0.5,w
8/8/8/8/4K3/2kB4/8/8 w - - 83 118,0.5,w
8/8/8/8/4K3/2k5/8/5B2 w - - 87 120,0.5,w
5rk1/1pb1rp2/p1p2np1/P1Pp4/1P1R1P2/4PB2/5KRP/8 w - - 0 34,0.0,w
4r3/1pb1rpk1/p1p2np1/P1Pp4/1P3P2/3RPB2/5KRP/8 w - - 4 36,0.0,w
4r3/1p2rpk1/p1p3p1/P1Pp1P2/4n3/3RPB2/5KRP/8 w - - 1 38,0.0,w
8/1p2rpk1/p1p3p1/P1Pp1P2/4r3/1R2P3/5KRP/8 b - - 2 40,0.0,b
8/1p2r3/p1p3pk/P1Pp4/4r3/1R2PK2/6RP/8 b - - 1 42,0.0,b
8/1p3rk1/p1p3p1/P1Pp4/4r3/1R2P3/4K2P/6R1 b - - 5 44,0.0,b
8/1p3rk1/p1p3p1/r1Pp4/3K4/1R2P3/7P/6R1 b - - 1 46,0.0,b
8/1p3rk1/p1p3p1/2Pp4/r7/1RK1P2P/8/6R1 b - - 2 48,0.0,b
8/1R3rk1/p1p3p1/2rp4/8/4P2P/1K6/6R1 b - - 0 50,0.0,b
8/pp3pk1/3n1p1p/3P4/1P6/P7/2B1KPPP/8 b - - 1 29,1.0,b
8/pp3pk1/3P1p1p/8/1P6/n2B4/4KPPP/8 b - - 0 31,1.0,b
5k2/pB3p2/3P1p1p/1n6/1P6/8/4KPPP/8 b - - 0 33,1.0,b
8/p4pk1/3n1p1p/3B4/1P6/4K3/5PPP/8 b - - 3 35,1.0,b
8/p3npk1/5p1p/8/1PB2K2/8/5PPP/8 b - - 7 37,1.0,b
5k2/p4p2/5pnp/8/1PB3K1/8/5PPP/8 w - - 11 40,1.0,w
8/p3kp2/5p1p/1B2nK2/1P6/8/5PPP/8 w - - 15 42,1.0,w
8/p3kp2/5p1p/8/BP2K3/8/3n1PPP/8 w - - 19 44,1.0,w
8/p4p2/3k1p1p/8/BP6/8/3K1PPP/8 b - - 0 46,1.0,b
3k4/p4p2/5p1p/1P6/8/1B6/3K1PPP/8 b - - 2 48,1.0,b
8/pk3B2/5p1p/1P6/8/2K5/5PPP/8 b - - 2 50,1.0,b
8/p7/5p1p/1Pk5/8/2K5/5PPP/5B2 b - - 6 52,1.0,b
8/p7/5p1p/1Pk5/2B5/2K5/5PPP/8 b - - 10 54,1.0,b
8/p7/5p1p/1P2k3/2B5/2K5/5PPP/8 b - - 14 56,1.0,b
8/p7/5p1p/1P2k3/2B5/2K5/5PPP/8 b - - 18 58,1.0,b
8/p7/5p1p/1P6/1K1k4/8/4BPPP/8 b - - 22 60,1.0,b
8/p7/K6p/1Pk2p2/8/8/4BPPP/8 b - - 3 62,1.0,b
8/K7/1P1k3p/8/5p2/8/4BPPP/8 b - - 0 64,1.0,b
8/KP6/7p/2k5/8/5B2/5PPP/8 b - - 0 66,1.0,b
1Q6/8/1K5p/4k3/8/5B2/5PPP/8 b - - 0 68,1.0,b
8/8/6kp/2K1Q3/8/5B2/5PPP/8 b - - 4 70,1.0,b
8/7k/8/2K4p/8/6Q1/4BPPP/8 b - - 1 72,1.0,b
8/8/6k1/3K4/7Q/8/4BPPP/8 b - - 2 74,1.0,b
8/8/4k3/2K5/6BQ/8/5PPP/8 b - - 6 76,1.0,b
8/8/4B1k1/2K5/7Q/7P/5PP1/8 b - - 2 78,1.0,b
8/7k/4B3/2K3Q1/8/5P1P/6P1/8 b - - 0 80,1.0,b
r1b2rk1/p3ppbp/1pnn2p1/7P/3P2q1/2P2PN1/P1B3P1/R1B1QRK1 b - - 0 16,0.0,b
r1b2rk1/p3ppb1/1pnn2p1/3P4/7q/2P2PN1/P1B3P1/R1B1QRK1 b - - 0 18,0.0,b
r4rk1/p3ppb1/1pbn2p1/8/7q/2P2PN1/P1B3P1/1RB1QRK1 b - - 1 20,0.0,b
r3r1k1/p3ppb1/1pbn2p1/8/q7/2PB1PN1/PR4P1/2B1QRK1 b - - 5 22,0.0,b
r3r1k1/p3pp2/1p1n2p1/8/q3P3/2QB2N1/PR4P1/2B2RK1 b - - 0 24,0.0,b
2r3k1/p3pp2/1p1n2p1/8/q3PB2/3B2N1/PR4P1/5RK1 b - - 1 26,0.0,b
2r3k1/p3pp2/1p1n2p1/4P3/5B2/3q2N1/PR3RP1/6K1 b - - 0 28,0.0,b
2r3k1/p3pp2/1p4p1/4P3/2n2B2/8/P1R2RP1/3q1NK1 b - - 4 30,0.0,b
2r3k1/p3pp2/1p4p1/4P3/2n2B2/6N1/P1R2RPK/3q4 b - - 8 32,0.0,b
2rq2k1/p3pp2/1p4p1/4B3/4N3/8/P1R2RPK/8 b - - 0 34,0.0,b
3q1k2/p3pp2/1p4p1/4B3/4N3/8/P2R2PK/8 b - - 2 36,0.0,b
2q3k1/p3pp2/1p4p1/8/3BN3/6K1/P2R2P1/8 b - - 6 38,0.0,b
2q3k1/p3pp2/1p4p1/8/3BN3/6K1/P2R2P1/8 b - - 10 40,0.0,b
6k1/pq2pp2/1p4p1/8/3BN3/5K2/PR4P1/8 b - - 14 42,0.0,b
8/1q2pp1k/1p4p1/8/4N3/4K3/PR4P1/8 b - - 1 44,0.0,b
6k1/1q2pp2/1p4p1/8/4N3/4K1P1/P7/1R6 b - - 2 46,0.0,b
1q4k1/4pp2/6p1/1p6/4N3/P3K1P1/8/3R4 b - - 1 48,0.0,b
6k1/4pp2/6p1/1p6/4N3/q5P1/3RK3/8 b - - 1 50,0.0,b
7k/4pp2/6p1/1p6/4N1P1/3R4/1q2K3/8 w - - 2 53,0.0,w
7k/4ppq1/6p1/6P1/1p2N3/8/3RK3/8 w - - 0 55,0.0,w
3R4/4pp1k/6p1/2N1q1P1/1p6/8/4K3/8 w - - 4 57,0.0,w
8/4pp1k/6p1/5qP1/1p6/8/3R4/5K2 w - - 2 59,0.0,w
8/4pp1k/6p1/6P1/1p6/8/8/5R2 b - - 0 61,0.0,b
6k1/4R3/6p1/6P1/8/1p6/8/8 b - - 0 63,0.0,b
6k1/8/6R1/6P1/8/8/8/1q6 b - - 0 65,0.0,b
5rk1/1pb2pp1/p1p1r3/P1Pp1B1n/1P1B1P2/4Pn2/6RP/3R2K1 w - - 1 30,0.0,w
5rk1/1pb1rpp1/p1p5/P1Pp1B1n/1P1R1P2/4P3/5KRP/8 w - - 1 32,0.0,w
4r1k1/1pb1rpp1/2p5/PpPp3n/3R1P2/3BP3/5KRP/8 w - - 0 34,0.0,w
4r1k1/2b2pp1/p1p5/1pPp2Rn/3R1P2/3Br3/5K1P/8 w - - 0 36,0.0,w
4r1k1/2b2pp1/p1p1r3/1pPp4/3R1P2/3B3R/5K1P/8 w - - 3 38,0.0,w
4r3/2b2pk1/p1p1r1p1/1pPp4/3R1P2/3B4/5K1P/6R1 w - - 2 40,0.0,w
r7/2b2pk1/p3r1p1/1pPp4/3R1P2/8/5K1P/R7 w - - 0 42,0.0,w
4r3/2b2pk1/p5p1/1pPp4/3R1P2/4rK2/7P/6R1 w - - 4 44,0.0,w
8/2b2pk1/p5p1/1pPp4/3R1P2/4r1K1/4r2P/6R1 w - - 8 46,0.0,w
8/2b3k1/p5p1/1pPp1pK1/3R1P2/4r3/7r/6R1 b - - 1 48,0.0,b
3rr1kb/pb2pp1p/1p4pP/n7/P2P4/2Pq1B2/3B1PP1/1RQ1R1K1 b - - 3 25,0.0,b
3rr1kb/p3pp1p/1p4pP/n4q2/P2P4/2P2R2/3B1PP1/1RQ3K1 b - - 0 27,0.0,b
3rr1k1/p3pp1p/1p3bpP/n2q4/P2P1B2/2P3R1/5PP1/1RQ3K1 b - - 4 29,0.0,b
3rr1k1/p3pp1p/1pq3pP/n7/P2P1B1b/2P1R3/5PP1/1R2Q1K1 b - - 8 31,0.0,b
4r1k1/p2rpp1p/1pq2bpP/n7/P2P1B2/2P3P1/4RP2/1R2Q1K1 b - - 2 33,0.0,b
4r1k1/p2rpp1p/1p4pP/n3B1b1/P2PR3/2P2qP1/5P2/1R2Q1K1 b - - 6 35,0.0,b
4r1k1/p2rpp1p/1p4pP/n3B3/P2Pq3/2P3P1/5P2/1R2Q1K1 b - - 1 37,0.0,b
3r2k1/p2rpp1p/1p4pP/n7/P2P1B2/2P3P1/5P2/4R1K1 b - - 2 39,0.0,b
2r3k1/p2rpp1p/1p4pP/8/P1nP1B2/2P3P1/4RP2/6K1 b - - 6 41,0.0,b
2r2k2/p2rpp1p/6pP/1P4B1/2nP4/2P3P1/4RP2/6K1 b - - 0 43,0.0,b
2r2k2/p2r3p/5ppP/1P6/2nP4/2P3P1/4RPK1/8 b - - 1 45,0.0,b
2r5/p2r1k1p/1n3ppP/1P6/3P4/2PR2P1/5PK1/8 b - - 5 47,0.0,b
2r5/p4k1p/1n3ppP/1r6/2PP4/5RP1/5PK1/8 b - - 0 49,0.0,b
2r5/p4k1p/5p1P/1r4p1/2nP4/2R2PP1/6K1/8 b - - 0 51,0.0,b
2r5/p6p/5pkP/6p1/2nP4/5PPK/1r6/2R5 b - - 4 53,0.0,b
2r5/p6p/5pkP/8/2RP2P1/1r4PK/8/8 b - - 0 55,0.0,b
8/p6p/6kP/6p1/2rP4/1r4P1/6K1/8 b - - 1 57,0.0,b
8/p6p/6kP/3P4/6p1/1r4P1/2r5/5K2 b - - 0 59,0.0,b
8/p6p/3P3k/8/6p1/1r4P1/r7/4K3 b - - 0 61,0.0,b
8/p2P3p/7k/8/6p1/1r6/r7/5K2 b - - 0 63,0.0,b
7k/5nrp/2bq4/p1p3PR/2Pp1Q2/3P4/P3PK2/2B5 b - - 0 37,1.0,b
5qk1/5nrp/2b5/p1p3P1/2Pp1Q2/3P4/P2BPK1R/8 b - - 4 39,1.0,b
6k1/4qnrp/2b5/2p3P1/p1Pp2Q1/P2P4/3BPK1R/8 b - - 2 41,1.0,b
6k1/5qrp/2bn4/2p3P1/p1Pp1BQR/P2P4/4PK2/8 b - - 6 43,1.0,b
6k1/5q2/2bn2rp/2p3P1/p1Pp1B1R/P2P4/4PK1Q/8 b - - 1 45,1.0,b
3R4/5qk1/2bn2r1/2p3p1/p1Pp1B2/P2P4/4PK1Q/8 b - - 3 47,1.0,b
8/4q1k1/2b3R1/2p5/p1Pp1p2/P2P4/4PK1Q/8 b - - 0 49,1.0,b
8/8/2b1q1k1/2p5/p1Pp4/P2P2Q1/4PK2/8 b - - 2 51,1.0,b
8/3b1k2/4q3/2Q5/p1Pp4/P2P4/4PK2/8 b - - 0 53,1.0,b
8/3b1k2/8/2Q5/p1Pp3q/P2P4/3KP3/8 b - - 4 55,1.0,b
7q/Q2b1k2/8/8/p1Pp4/P2P4/2K1P3/8 b - - 8 57,1.0,b
8/3b1k2/8/8/p1PQ4/P1KP4/4q3/8 b - - 1 59,1.0,b
8/5k2/2b5/8/p1P2Q2/P2P4/2K5/4q3 b - - 5 61,1.0,b
5k2/8/2Q5/8/p1P5/P2P4/2K5/4q3 b - - 0 63,1.0,b
8/2Q3k1/8/8/p1P5/P1KP4/4q3/8 b - - 4 65,1.0,b
8/8/3Q4/5k2/p1P5/P1KP4/4q3/8 b - - 8 67,1.0,b
1Q6/8/8/6k1/p1P5/P2P4/2K5/4q3 b - - 12 69,1.0,b
1Q6/8/8/6k1/p1P5/P2P4/2K5/6q1 b - - 16 71,1.0,b
8/8/8/8/p1P2k2/P2P4/2K3Q1/4q3 b - - 20 73,1.0,b
4q3/8/8/2P5/p5k1/P2P4/2K2Q2/8 b - - 0 75,1.0,b
4q3/8/8/2P2k2/p7/P2P1Q2/2K5/8 b - - 4 77,1.0,b
4q3/8/7k/2P5/p5Q1/P1KP4/8/8 w - - 8 80,1.0,w
8/6k1/8/2P5/p4Q2/P2P4/2K5/4q3 b - - 15 83,1.0,b
8/6k1/8/2P5/p4Q2/P2P4/2K5/4q3 b - - 19 85,1.0,b
8/2Q3k1/8/2P5/p7/P2q4/8/2K5 b - - 1 87,1.0,b
8/1Q3k2/8/2P5/p7/P2q4/8/2K5 b - - 5 89,1.0,b
8/5k2/8/2P5/Q7/P2q4/8/2K5 b - - 0 91,1.0,b
8/3Q4/2P2k2/8/8/P7/8/2K5 b - - 0 93,1.0,b
2Q5/3Q4/8/8/5k2/P7/8/2K5 b - - 0 95,1.0,b
2Q5/8/8/8/4k3/P7/8/2K2Q2 b - - 4 97,1.0,b
2Q5/8/8/4k3/8/P7/3K1Q2/8 b - - 8 99,1.0,b
5k2/p1rr1ppp/1p6/1P2P3/4nP1n/R6P/4N1P1/R5K1 w - - 1 41,0.0,w
5k2/p1r1rppp/1p6/1P2Pn2/4nP2/R5PP/4N1K1/R7 w - - 3 43,0.0,w
5k2/p1r1rppp/1p6/1P2Pn2/4nP2/R5PP/4N1K1/R7 w - - 7 45,0.0,w
6k1/p1r1rppp/1p6/1P2P3/4nP2/R4KnP/R3N3/8 w - - 0 47,0.0,w
5k2/p1r1rppp/1p6/1P2P3/5P2/R5KP/R7/8 w - - 1 49,0.0,w
4k3/p1rr1ppp/1p6/1P2P3/5P2/R6P/3R1K2/8 w - - 5 51,0.0,w
8/p1r2ppp/1p2k3/1P2P3/5P2/7P/R4K2/8 b - - 2 53,0.0,b
8/p4ppp/1p2k3/1P2P3/5PK1/7P/r7/8 b - - 1 55,0.0,b
8/p4ppp/1p2k3/1P2P2P/5PK1/1r6/8/8 b - - 0 57,0.0,b
8/p4p1p/1p2k1pP/1r2P3/5P2/5K2/8/8 b - - 1 59,0.0,b
8/p4p1p/1p2k1pP/4PP2/4K3/2r5/8/8 b - - 0 61,0.0,b
8/p4p1p/1p2k2P/4Pp2/2K5/7r/8/8 b - - 3 63,0.0,b
8/p4p1p/1p6/4kp2/8/1K5r/8/8 w - - 2 66,0.0,w
8/p4p1p/1p6/1K2k3/8/5p1r/8/8 w - - 0 68,0.0,w
8/K4p1p/8/1p2k3/8/7r/5p2/8 w - - 0 70,0.0,w
8/K4p1p/8/4k3/1p6/7r/8/5q2 w - - 0 72,0.0,w
1K6/5p1p/3k4/8/8/1p5r/8/5q2 w - - 2 74,0.0,w
8/5p1p/3k4/1K6/8/1p3q1r/8/8 b - - 6 78,0.0,b
8/5p1p/8/3k4/1K6/5q1r/1p6/8 b - - 1 80,0.0,b
8/7p/K4p2/3k4/8/5q1r/8/1q6 b - - 1 82,0.0,b
r1bqk2r/ppnn1ppp/2p1p3/8/1bPP4/8/PP3PPP/RNBQRBK1 w kq - 1 9,1.0,w
r1b1k2r/ppnn1ppp/2pbpq2/8/2PP4/3B4/PP1B1PPP/RN1QR1K1 w kq - 5 11,1.0,w
r1b2k1r/ppnn1ppp/2pbp2q/8/2PP4/2BB3P/PP3PP1/RN1QR1K1 w - - 1 13,1.0,w
r1b2k1r/ppn2p1p/2pbpn1q/6p1/2PP4/3B1Q1P/PP1B1PP1/RN2R1K1 w - g6 0 15,1.0,w
r1b2k1r/pp1n1p1p/2pbn2q/6p1/2PP4/3B1Q1P/PP1B1PP1/RN4K1 w - - 0 17,1.0,w
r1b2k1r/pp3p1p/2p1nn1q/6p1/1bPP4/2NB1Q1P/PP1B1PP1/4R1K1 w - - 4 19,1.0,w
r1b3kr/ppn2p1p/2p2n1q/3P2p1/1bP5/2NB1Q1P/PP1BRPP1/6K1 w - - 1 21,1.0,w
r5kr/ppQ2p1p/2p2n2/3P1bpq/1bP5/2NB3P/PP1BRPP1/6K1 w - - 1 23,1.0,w
r5kr/ppQ2p1p/2p2n2/3P1Bp1/2P5/2B4P/PP2qPP1/6K1 w - - 0 25,1.0,w
r5kr/pp3p1p/5n2/3pQBp1/2P5/2B4P/PP3PPK/3q4 w - - 0 27,1.0,w
r4k1r/pp3p1p/8/5BQ1/2Pp4/2B4P/PP3PPK/3q4 w - - 1 29,1.0,w
r3rnk1/pp1bbpnp/2p3p1/3pPP2/6P1/2P5/PPBN3P/R1B2R1K w - - 1 19,1.0,w
r2brn2/pp1b1pkp/2p3p1/3pP3/6P1/2P5/PPBN3P/R1B2R1K w - - 0 21,1.0,w
r3rn2/pp2bpkp/2p3p1/3pP3/6b1/2P2N2/PPB3KP/R1B2R2 w - - 0 23,1.0,w
r3rnk1/pp2bR1p/2p3p1/4P1N1/3p2b1/2P5/PPB3KP/R1B5 w - - 1 25,1.0,w
r3rnk1/pR5p/2p3p1/4P3/3P2bb/8/PPB3KP/R1B5 w - - 1 27,1.0,w
r3r1k1/pR5p/2p1n2B/4P1p1/3P2bb/1B6/PP4KP/R7 w - - 0 29,1.0,w
r3r2k/pR5p/2p1n2B/4P1p1/3P3b/1B6/PP2b1KP/5R2 w - - 4 31,1.0,w
r6k/pR5p/2p1r2B/4P3/3P2pb/1B6/PP2b1KP/8 w - - 0 33,1.0,w
4qrk1/2p1r1bn/1p1p2pp/pPnPpp2/P3P3/3PBPPB/R6P/3Q1R1K b - - 14 30,1.0,b
4qrk1/2p1r1b1/1p1p2pp/pPnPp1n1/P3Pp2/3P1PP1/R4BBP/3Q1R1K b - - 1 32,1.0,b
4qrk1/2p1r3/1p1p1bpp/pPnPp1n1/P3P3/3P1PP1/R2Q1BB1/5R1K b - - 2 34,1.0,b
4qrk1/2p1rn2/1p1p1bpp/pP1Pp3/R3P3/3P1PP1/3Q1BB1/1R5K b - - 0 36,1.0,b
4qrk1/2p1r3/1p1p1bpp/pP1Pp3/R3P3/3PBBP1/3Q4/1R5K b - - 0 38,1.0,b
4qrk1/2p1r3/1p1p2p1/pP1Pp1p1/R3P3/3P1BP1/3Q2K1/1R6 b - - 1 40,1.0,b
3q1rk1/2p2r2/1p1p2p1/pP1Pp1p1/R3P1B1/3P2P1/3Q2K1/1R6 b - - 5 42,1.0,b
3q1r2/2p3kr/1p1p2p1/pP1Pp1p1/R3P1B1/3PQ1P1/6K1/2R5 b - - 9 44,1.0,b
5q2/2p2rkr/1p1p2p1/pP1Pp1Q1/R3P1B1/3P2P1/8/2R3K1 b - - 0 46,1.0,b
4q3/2p3kr/1p1p2p1/pP1PpPQ1/R7/3P2P1/8/2R3K1 b - - 0 48,1.0,b
4qk2/2R5/1p1p2Q1/pP1PpP1r/R7/3P2P1/8/6K1 w - - 1 51,1.0,w
r4rk1/ppnR1p1p/5p2/8/2P5/2N5/PP3PPP/5BK1 b - - 0 19,1.0,b
1rr3k1/ppnR1p1p/3N1p2/8/2P5/8/PP3PPP/5BK1 b - - 4 21,1.0,b
3r2k1/ppn2p1p/3N1p2/2P5/8/8/PP3PPP/5BK1 b - - 0 23,1.0,b
1r4k1/pp3p1p/3Nnp2/2P4B/8/8/PP3PPP/6K1 b - - 4 25,1.0,b
1r6/pp4kp/3N1p2/2n5/2B5/8/PP3PPP/6K1 b - - 2 27,1.0,b
3r4/pp4Np/5p2/8/2B5/1n6/PP3PPP/6K1 w - - 1 30,1.0,w
3r4/1p4Np/5p2/8/p7/PB6/1P3PPP/6K1 w - - 0 32,1.0,w
r3r1k1/pp2bpnp/4b1p1/2pp4/6P1/2P5/PP1N3P/R1BB1R1K w - - 0 22,0.0,w
3rr1k1/pp2bpnp/4b1p1/2p5/3p2P1/2P2B2/PP1N3P/R1B1R2K w - - 0 24,0.0,w
3rr1k1/pp3pnp/4b1p1/8/3p2Pb/5B2/PP1NR2P/R1B4K w - - 0 26,0.0,w
4r1k1/pB3pnp/6p1/8/3p2bb/8/PP1N3P/R1B4K w - - 0 28,0.0,w
6k1/pB3pnp/6p1/8/3p2bb/P7/1P1Nr1KP/R1B5 w - - 3 30,0.0,w
6k1/pB3pnp/6p1/8/3p2b1/P3b3/1P1Nr2P/R1B2K2 w - - 7 32,0.0,w
6k1/pB3pnp/6p1/8/3p4/P3bb2/1P3r1P/R1B1K3 w - - 0 34,0.0,w
6k1/p4pnp/6p1/8/8/P3pB2/1P5r/R3K3 w - - 0 36,0.0,w
6k1/p4pnp/6p1/8/8/PP2pB2/r7/4K3 w - - 0 38,0.0,w
6k1/p4p1p/3n2p1/8/P3B3/1P2p3/r7/4K3 w - - 3 40,0.0,w
6k1/p4p1p/3n2p1/3B4/P7/1P2p3/5r2/5K2 w - - 7 42,0.0,w
8/p4pkp/3n2p1/8/P7/1P2p3/1r6/4K2B w - - 11 44,0.0,w
8/p4p1p/3n2p1/P2Bk3/8/1P2p3/1r6/4K3 w - - 1 46,0.0,w
8/p6p/6p1/P3k1n1/8/1P2p3/1r6/5K2 w - - 2 48,0.0,w
8/p6p/P5p1/4k3/8/1P3n2/1r2p3/4K3 w - - 1 50,0.0,w
8/p6p/P5p1/8/1P3k2/5n2/1r3K2/4q3 w - - 0 52,0.0,w
rn1qkb1r/pp2pppp/5n2/2pp4/5Pb1/2PP1N2/PP2P1PP/R1BQKB1R w KQkq - 2 5,0.0,w
rn3b1r/pp1kpppp/1q3n2/2pp4/5Pb1/1QPPBN2/PP2P1PP/R3KB1R w KQ - 6 7,0.0,w
rn3b1r/pp2pppp/1q2k3/2pp4/5Pn1/1QPPB3/PP2P1PP/R3KB1R w KQ - 0 9,0.0,w
r4b1r/pp2pppp/2n1k3/2Bp4/5Pn1/1PPP4/1P2P1PP/R3KB1R w KQ - 1 11,0.0,w
2r2b1r/pp2pppp/2n2k2/2Bp4/5Pn1/1PPP2P1/1P2P1BP/R3K2R w KQ - 3 13,0.0,w
2r4r/pp3ppp/2B1pk2/2b5/5Pn1/1PPP2P1/1P2P2P/R3K2R w KQ - 0 15,0.0,w
7r/p4ppp/4pk2/2b5/5Pn1/1rPP1BP1/1P2P2P/R3K2R w KQ - 0 17,0.0,w
1r6/p4ppp/4pk2/2b5/5PB1/2PP2P1/1r2P2P/2KR3R w - - 2 19,0.0,w
1r6/p4ppp/4Bk2/8/3P1P2/b1P3P1/4r2P/2KR3R w - - 0 21,0.0,w
r2qkb1r/pp2pp1p/2n2np1/2pp4/5Pb1/2PP1NP1/PP2P1BP/R1BQK2R w KQkq - 2 7,0.0,w
2kr1b1r/pp2pp1p/2nq1np1/2pp4/5Pb1/2PPBNP1/PP1KP1BP/R2Q3R w - - 6 9,0.0,w
2kr1b1r/pp2pp1p/2n1bnp1/2qpN3/5P2/2PP2P1/PP1KP1BP/R2Q3R w - - 2 11,0.0,w
3r1b1r/ppk1pb1p/2n2np1/2qp4/5P2/2PP2PB/PP1KP2P/R2Q3R w - - 2 13,0.0,w
3r1b1r/ppk1p2p/2n1bnp1/3p4/Q4P2/2PP2P1/PP1KPq1P/R6R w - - 2 15,0.0,w
3r3r/pp2p2p/2nkbnpb/3P4/Q4P2/3P2P1/PP1KPq1P/R6R w - - 1 17,0.0,w
1k1r3r/pP2p2p/4bnpb/8/Q4P2/3P2P1/PP1KPq1P/R6R w - - 1 19,0.0,w
1k1r3r/pP2Q2p/4b1pb/8/4nP2/3P2P1/PP1KP1qP/R6R w - - 1 21,0.0,w
1kr4r/pP2Q2p/4b1pb/8/4nP2/3P2P1/PPK1P2P/R6q w - - 2 23,0.0,w
1k6/p6p/4b1pb/2r5/4nP2/3P2P1/PPK1P2P/R6q w - - 0 25,0.0,w
2b1r1k1/1p5p/2pb2p1/P7/2pB2P1/1NP5/6K1/R7 w - - 0 38,0.0,w
4r1k1/1p5p/2p3p1/P1B5/2p3b1/2P5/6K1/R7 w - - 0 40,0.0,w
4r1k1/Pp5p/2p3p1/2B2b2/2p5/2P5/6K1/R7 w - - 1 42,0.0,w
R7/1p3k1p/2p3p1/2B2b2/2p5/2P5/6K1/8 w - - 1 44,0.0,w
8/1R1b1k1p/2p3p1/1pB5/2p5/2P5/6K1/8 b - - 2 46,0.0,b
8/3R3p/4k1p1/1pp5/1Bp5/2P5/6K1/8 b - - 0 48,0.0,b
8/7p/4k1p1/1pB5/2p5/2P2K2/8/8 b - - 2 50,0.0,b
8/4k2p/6p1/1p6/2p1K3/2P5/5B2/8 b - - 6 52,0.0,b
8/7p/2k3p1/1p6/2pK4/2P1B3/8/8 b - - 10 54,0.0,b
8/2B4p/4k1p1/1p6/2pK4/2P5/8/8 b - - 14 56,0.0,b
8/2k4p/6p1/1p2K3/2p5/2P5/8/8 b - - 0 59,0.0,b
8/7p/2k3p1/1p6/2p1K3/2P5/8/8 b - - 4 61,0.0,b
8/7p/2k3p1/8/2K5/1pP5/8/8 b - - 0 63,0.0,b
8/7p/2k3p1/8/8/2P1K3/8/1q6 b - - 1 65,0.0,b
8/7p/2k3p1/8/8/2q5/4K3/8 b - - 1 67,0.0,b
8/7p/2k5/8/6p1/2q5/5K2/8 w - - 1 70,0.0,w
8/8/7p/3k4/6p1/2q5/8/6K1 w - - 0 72,0.0,w
8/8/8/3k3p/8/2q3p1/5K2/8 w - - 0 74,0.0,w
8/8/8/3k4/7p/5qpK/8/8 w - - 2 76,0.0,w
8/8/6K1/3k4/8/5q2/6p1/8 b - - 2 79,0.0,b
8/8/7K/2k5/8/5q2/8/6r1 b - - 1 81,0.0,b
8/p2k1p2/1p1n1p1p/3P3P/1P1K1PP1/P2B4/8/8 w - - 1 37,0.5,w
8/pn3p2/1p1k1p1p/1B1P3P/1P3PP1/P3K3/8/8 w - - 5 39,0.5,w
8/pB3p2/1p1k3p/3P1p1P/1P3PP1/P3K3/8/8 w - - 0 42,0.5,w
8/p1k5/1pB2p1p/3P1P1P/1P3P2/P3K3/8/8 w - - 0 44,0.5,w
8/2k5/1p3p1p/1p1P1P1P/1P2KP2/P7/8/8 b - - 1 46,0.5,b
8/8/1p1k1p1p/1p1P1P1P/1P2KP2/P7/8/8 b - - 5 48,0.5,b
8/8/1p1k1p1p/1p1P1P1P/1P2KP2/P7/8/8 b - - 9 50,0.5,b
4rrk1/1pb2pp1/p1p1qn2/P1Pp1b1p/1P1B1P2/3BPR2/RQNn2PP/6K1 w - - 2 21,1.0,w
4rrk1/1pb2pp1/p1p1qnb1/P1Pp3p/1P1B1P2/4P3/RQNR2PP/6K1 w - - 1 23,1.0,w
4rrk1/1pb2pp1/p1p3b1/P1Pp1q1p/1P1BnP2/R3P3/1QN3PP/3R2K1 w - - 5 25,1.0,w
5Bk1/1pb2p2/p1p1rqb1/P1Pp3p/1P2nP2/R3P3/1QN3PP/3R2K1 w - - 1 27,1.0,w
5k2/1pb2p2/p1p1rnb1/P1Pp3p/1P1N1P2/R3P3/6PP/3R2K1 w - - 0 29,1.0,w
5k2/1pb5/p1p1p1b1/P1Pp3p/1P3Pn1/R3P3/5KPP/3R4 w - - 2 31,1.0,w
8/1pb2k2/p1p1p1b1/P1Pp3p/1P3P2/2R1n1K1/6PP/3R4 w - - 0 33,1.0,w
8/1p3k2/p1p1p1b1/P1Pp4/1P3b1K/4R3/6PP/3R4 w - - 0 35,1.0,w
8/1p6/p1p2kb1/P1PpR3/1P3b1K/8/6PP/5R2 w - - 1 37,1.0,w
8/1p6/p1p1k3/P1Pp2R1/1P3R1K/3b4/6PP/8 w - - 1 39,1.0,w
8/1p4R1/p1p1k3/P1Pp4/1P3R2/6K1/4b1PP/8 w - - 5 41,1.0,w
8/1R6/p1p5/P1Ppk3/1P3R2/3b4/5KPP/8 w - - 3 43,1.0,w
8/1R6/p1p1k3/P1Pp4/1P3R2/3b1K1P/6P1/8 b - - 0 45,1.0,b
8/1R6/p1p1k3/P1P5/1P2K3/7P/6P1/8 b - - 0 47,1.0,b
8/1R6/p1p1k3/P1P5/1P2K3/7P/6P1/8 b - - 4 49,1.0,b
8/8/R1p5/P1P3k1/1P2K3/7P/6P1/8 b - - 0 51,1.0,b
8/6k1/2R5/P1P5/1P2K3/7P/6P1/8 b - - 0 53,1.0,b
8/5k2/PR6/2P5/1P2K3/7P/6P1/8 b - - 2 55,1.0,b
Q7/3k4/1R6/2P5/1P2K3/7P/6P1/8 b - - 0 57,1.0,b
Q7/8/1Rk5/2P5/1P2K3/7P/6P1/8 b - - 4 59,1.0,b
8/1R6/Q1k5/2P5/1P2K3/7P/6P1/8 b - - 8 61,1.0,b
3rr1k1/p3qppp/1pp1bn2/4n3/8/1P2P1NP/P1Q2PP1/1BRR2K1 w - - 6 21,1.0,w
4r1k1/p1q2ppp/1pp1bn2/4n3/8/1PQ1P1NP/P4PP1/1BRr2K1 w - - 0 23,1.0,w
4r1k1/p1q1nppp/1pp1bn2/8/8/1PQ1P1NP/P1B2PP1/3R2K1 w - - 3 25,1.0,w
4r1k1/p1q1nppp/1pp1bn2/8/3Q4/1P2P1NP/P1BR1PP1/6K1 w - - 7 27,1.0,w
1q2r2k/p3nppp/1pp1bn2/8/4B2Q/1P2P1NP/P2R1PP1/6K1 w - - 11 29,1.0,w
1q2r2k/p3n1pp/1pp1b3/5p1Q/4B3/1P2P2P/P2R1PP1/6K1 w - f6 0 31,1.0,w
1q2r2k/p5pp/1pn1b3/8/5p2/1P2P2P/P2R1PP1/3Q2K1 w - - 0 33,1.0,w
1q2r1k1/p5pp/1p1Rb3/8/1n3P2/1P5P/P4PP1/3Q2K1 w - - 3 35,1.0,w
1q2r1k1/p5pp/1p6/5b2/5P2/1P1R3P/n2Q1PP1/6K1 w - - 2 37,1.0,w
1q3k2/p5pp/1p6/5b2/5P2/1P2P2P/n2Q2P1/6K1 w - - 1 39,1.0,w
1q3k2/p6p/1p4p1/8/5P2/1P2P2P/6P1/1Q4K1 w - - 0 41,1.0,w
1q3k2/p6p/1p4p1/8/5P2/1P2P2P/Q4KP1/8 w - - 4 43,1.0,w
1q6/p4k1p/6p1/1p6/1Q3P2/1P2P2P/5KP1/8 w - - 0 45,1.0,w
8/p4k1p/3q2p1/1Q6/5P2/1P2P1PP/5K2/8 w - - 1 47,1.0,w
2Q5/p3k2p/3q2p1/8/5P2/1P2P1PP/5K2/8 w - - 5 49,1.0,w
2Q5/p3k2p/3q2p1/8/4PP2/1P4PP/4K3/8 w - - 1 51,1.0,w
8/p1Q4p/5kp1/8/4PP2/1P4PP/4K3/8 w - - 1 53,1.0,w
8/7Q/5k1p/6p1/4PP2/1P4PP/4K3/8 w - - 0 55,1.0,w
8/3k4/7Q/6P1/4P3/1P4PP/4K3/8 w - - 1 57,1.0,w
8/7Q/6P1/2k5/4P3/1P4PP/4K3/8 w - - 1 59,1.0,w
6Q1/7Q/8/8/4P3/1Pk3PP/4K3/8 w - - 1 61,1.0,w
6Q1/8/8/8/4P3/1P4PP/3QK3/k7 w - - 5 63,1.0,w
4r1k1/1pb2pp1/p1p1rn2/P1Pp1P2/1P6/3RPB2/5KRP/8 b - - 0 35,0.0,b
4r3/1pb2ppk/p1p2n2/P1PprP2/1P6/3RPB2/5KRP/8 b - - 4 37,0.0,b
4r3/1pb2ppk/p1p2n2/P1PprP2/1P6/3RPB2/5KRP/8 b - - 8 39,0.0,b
4r3/1pbn1ppk/p1p5/P1Pp1r2/1P4B1/3RP3/4K1RP/8 b - - 3 41,0.0,b
4r3/1pbB1ppk/p1p5/P1Pp4/1P6/3RP3/6rP/5K2 b - - 1 43,0.0,b
8/1pb2p1k/p1p3p1/P1Pp1B2/1P6/3Rr3/6KP/8 b - - 0 45,0.0,b
2B5/1pb2p1k/p1p3p1/P1Pp4/1P6/3R4/7r/5K2 b - - 1 47,0.0,b
6k1/2b2p2/p1B3p1/P1Pp4/1P5r/3R4/8/5K2 b - - 0 49,0.0,b
6k1/2b2p2/p5p1/P1PB4/1r6/3R4/6K1/8 b - - 0 51,0.0,b
6k1/2b2p2/p5p1/P1PB4/8/6r1/8/5K2 b - - 1 53,0.0,b
6k1/5p2/B5p1/b1P5/8/2r5/8/5K2 b - - 0 55,0.0,b
6k1/5p2/2r3p1/bB6/8/8/5K2/8 b - - 3 57,0.0,b
2r3k1/5p2/1b4p1/8/8/6K1/8/5B2 b - - 7 59,0.0,b
8/5pk1/1b4p1/1B6/6K1/2r5/8/8 b - - 11 61,0.0,b
8/2b3k1/6p1/1B3pK1/8/2r5/8/8 b - - 3 63,0.0,b
4qr1k/2p1r1bn/1p1p2pp/pPnPp3/P3Pp2/3P1PPB/7P/2BQRR1K w - - 0 32,1.0,w
4qr1k/2p1r1b1/1p1p1npp/pP1Pp3/P3PpP1/3n1P1B/3B3P/3QRR1K w - - 0 34,1.0,w
4q2k/2p1rrb1/1p1p1npp/pPnPp3/P3PpP1/2B2P1B/4R2P/3Q1R1K w - - 4 36,1.0,w
4q3/2p1rrbk/1p1p1n1p/pPnPp1p1/P3PpP1/5P1B/1B2R2P/3Q1R1K w - - 2 38,1.0,w
4q3/2p1rrb1/1p1p1nk1/pPnPp1pp/P3PpP1/5P1B/1B2RRKP/3Q4 w - - 0 40,1.0,w
4q3/2p1rrb1/1p1p1n1k/pPnPpBp1/P3Pp2/5P2/1B2RRKP/3Q4 w - - 2 42,1.0,w
4q2b/2p1rr2/1p1p1n2/pPnPpBpk/P3Pp2/B4P2/5RKP/3QR3 w - - 6 44,1.0,w
4q2b/2p1rr2/1p1p1n2/pPnPpBpk/P3Pp2/B4P2/6RP/3QR1K1 w - - 10 46,1.0,w
4q2b/2p1rr2/1p1p1n2/pPnPpBpk/P3Pp2/B4P2/2Q2KRP/4R3 w - - 14 48,1.0,w
4q2b/2p1rr2/1p1p1n2/pP1PpB1k/Q3Ppp1/B4P2/5KRP/2R5 w - - 0 50,1.0,w
4q3/2p1rrb1/1p1p4/pP1Pp2k/Q3PpR1/B4P2/5K1P/2R5 w - - 1 52,1.0,w
3q4/4rrb1/1pRp4/pP1Pp2k/Q3PpR1/5P2/5K1P/8 w - - 2 54,1.0,w
3q4/5rb1/1pPp4/pP2p2k/4PpR1/5P2/5K1P/Q7 b - - 0 56,1.0,b
3q4/5r2/1pPp4/pP2p2k/4PpRb/5P1P/8/Q5K1 b - - 2 58,1.0,b
4q3/2r5/1pPp4/pP2p2k/4PpRb/5P1P/Q6K/8 b - - 6 60,1.0,b
4q3/2r5/1pPp4/pP2p2k/4PpRb/5P1P/3Q2K1/8 b - - 10 62,1.0,b
3q4/2r5/1pPp4/1P2p2k/p3PpRb/5P1P/6K1/6Q1 b - - 1 64,1.0,b
3q4/2r5/2Pp4/QP2p2k/4PpRb/5P1P/p5K1/8 b - - 1 66,1.0,b
3q4/8/2r5/QP1Pp2k/5p1R/5P1P/p5K1/8 b - - 0 68,1.0,b
3Q4/8/2P5/1P2p2k/5p2/5P1P/p5K1/8 b - - 0 70,1.0,b
8/8/2P4k/1P2p1Q1/5p1P/5P2/6K1/q7 b - - 2 72,1.0,b
2Q4k/8/2P5/1P2p3/5p1P/5P2/6K1/q7 b - - 6 74,1.0,b
8/8/2P3k1/1P2p3/5p1P/3Q1P2/6K1/q7 b - - 10 76,1.0,b
8/8/2PQ3k/1P2p3/5p1P/5P1K/8/6q1 b - - 14 78,1.0,b
8/8/2PQ3k/1P2p3/5p1P/5P1K/8/6q1 b - - 18 80,1.0,b
8/2P5/6k1/1P2p3/5p1P/5P1K/8/8 b - - 0 82,1.0,b
2Q5/6k1/8/1P6/4Pp1P/7K/8/8 b - - 0 84,1.0,b
8/4k2Q/8/1P6/4Pp1P/7K/8/8 b - - 4 86,1.0,b
8/1P5Q/8/4k3/4Pp1P/7K/8/8 b - - 0 88,1.0,b
1Q6/8/8/5Q2/4Pp1P/2k4K/8/8 b - - 0 90,1.0,b
1Q6/8/8/7P/4P3/5Q1K/3k4/8 b - - 0 92,1.0,b
8/8/8/7P/4P3/1Q5K/3k4/3Q4 b - - 4 94,1.0,b
r1bq1rk1/1ppn1pbp/3p1np1/pP6/P3p3/3P1NP1/1BP1PPBP/R2Q1RK1 w - - 0 10,0.0,w
r1b2rk1/1ppn1pbp/3p1np1/pP6/P3q3/5NP1/1BP1PPBP/R1Q2RK1 w - - 0 12,0.0,w
r1b2rk1/1ppn1pbp/3p1np1/pP5q/P2N4/4P1P1/1BP2PBP/R1Q2RK1 w - - 3 14,0.0,w
r1b1r1k1/1ppn1pbp/5np1/pP1p3q/P7/1N2P1P1/1BP2PBP/R1QR2K1 w - - 2 16,0.0,w
r1b1r1k1/1ppn1pbp/5np1/pP1p4/P2B2q1/1N2P1P1/2P2P1P/R1QR1BK1 w - - 6 18,0.0,w
r1b1r1k1/1pp2pbp/5np1/pP1pn3/P2B4/1N1BPqPP/2P2P2/R1QR2K1 w - - 3 20,0.0,w
r3r1k1/1pp2pbp/5np1/pP1pB3/P7/1N2PqP1/2P2P2/R1QR1bK1 w - - 0 22,0.0,w
r5k1/1pp2pbp/5np1/pP1pr3/P2R4/1N2P1P1/2P2P2/R1Q2K1q w - - 2 24,0.0,w
r3r1k1/1pp2pbp/5np1/pP1p4/P2R4/1N2P1P1/2P1KP2/2R5 w - - 1 26,0.0,w
r3rbk1/1pp2p1p/6p1/pP1p4/P3n3/1N1RP1P1/2P1KP2/7R w - - 5 28,0.0,w
r3rbk1/1p3p1p/1p4p1/p2R4/P7/1Nn1P1P1/2P1KP2/7R w - - 1 30,0.0,w
r3rbk1/1p3p1p/1p4p1/p7/Pn2P3/1N1K2P1/2P2P2/7R w - - 1 32,0.0,w
2r2bk1/1p3p1p/1p4p1/p7/PnKNr3/6P1/2P2P2/7R w - - 2 34,0.0,w
2r2bk1/1p3p1p/1p2N1p1/pK1n4/Pr6/6P1/2P2P2/7R w - - 6 36,0.0,w
3rr1kb/pb2pp1p/1pnn2pP/8/P2P2q1/2P3N1/4BPP1/1RB1QRK1 b - - 4 20,1.0,b
3rr1k1/pb2pp1p/1pnn1bpP/7N/P2P3q/2P1B3/4BPP1/1R2QRK1 b - - 8 22,1.0,b
3rr1k1/pb2pp1p/1pnn1b1P/7p/P2P4/2P1BBPq/5P2/1R2QRK1 b - - 2 24,1.0,b
3rr1k1/pB2pp1p/1p3b1P/n6p/P1nP1B2/2P3Pq/5P2/1R2QRK1 b - - 0 26,1.0,b
3rr1k1/p3pp1p/1p3b1P/2P4p/P1n1QB2/2P3Pq/5P2/1R3RK1 b - - 0 28,1.0,b
3rr1k1/p3pp1p/1pP2b1P/7p/P1n1QB2/2P3Pq/5P2/1R2R1K1 b - - 2 30,1.0,b
3rr1k1/p1P1pp1p/1p3b1P/7p/P1n1QB2/6Pq/5P2/1RR3K1 b - - 0 32,1.0,b
3r2k1/p3pp1p/1p3b1P/7p/P3Q3/6Pq/3B1P2/1RR3K1 b - - 0 34,1.0,b
3Q2k1/p3pp1p/1p3b1P/7p/P7/6Pq/5P2/1RR3K1 w - - 0 37,1.0,w
5rk1/1pb2pp1/p1p1r1q1/P1Pp1b1n/1P1BnP2/3BPQ1p/R5PP/4NRK1 b - - 5 25,1.0,b
4r1k1/1pB1rpp1/p1p3q1/P1Pp1b1n/1P2nP2/3BPQ1p/R5PP/4NRK1 b - - 0 27,1.0,b
4r2k/1p2rpp1/pBp2nq1/P1Pp1b2/1P2nP2/3BPQ1p/1R4PP/4NRK1 b - - 4 29,1.0,b
4r2k/1p2rpp1/pBp2nB1/P1Pp4/1P3Pb1/4P2p/1R3nPP/4NRK1 b - - 0 31,1.0,b
4r2k/1p4p1/pBp2np1/P1Pp4/1P3Pb1/4r2P/1R3K1P/4NR2 b - - 0 33,1.0,b
4r2k/1p4p1/pBp2npr/P1Pp4/1P3Pb1/8/1R4KP/4N1R1 b - - 3 35,1.0,b
7k/1p4p1/pBp2npr/P1Pp4/1P3P2/5K1b/1R5P/4R3 b - - 2 37,1.0,b
7k/1p4p1/pBp2np1/P1Pp4/1P3Pb1/7r/1R4KP/4R3 b - - 6 39,1.0,b
8/1p3kp1/pBp2np1/PPPp4/5Pb1/7r/3R2KP/4R3 b - - 0 41,1.0,b
3B4/1p3kp1/2p3p1/PpPp4/4nPb1/7r/2R3KP/4R3 b - - 3 43,1.0,b
3B4/1p2Rkpr/2p3p1/Ppnp4/5Pb1/8/1R4KP/8 b - - 1 45,1.0,b
3B1k2/1p2R1pr/2p3p1/Ppnp4/5Pb1/8/2R4P/5K2 b - - 5 47,1.0,b
3B1k2/1p1nR1pr/2p3p1/Pp1p4/5P2/7b/3R3P/6K1 b - - 9 49,1.0,b
3B1k2/1R1n2pr/2p3p1/Pp1p1b2/5P2/8/3R3P/6K1 w - - 1 52,1.0,w
1n2k3/2R3pr/2p3p1/Pp1p1bB1/5P2/8/3R3P/6K1 w - - 5 54,1.0,w
1n1B1k2/2R3pr/2p3p1/Pp3b2/3p1P2/8/4R2P/6K1 w - - 0 56,1.0,w
6k1/2R3pr/n1p3p1/Pp3b2/1B1p1P2/8/4R2P/6K1 w - - 4 58,1.0,w
r3r1k1/p2b1ppp/1ppq1n2/4n3/3N3P/1P2P3/P1Q2PP1/1BR2RK1 b - - 0 18,0.0,b
r3r1k1/p4ppp/1ppq1nn1/8/3N2bP/1P2PP2/P1Q3P1/1BRR2K1 b - - 0 20,0.0,b
r3r1k1/p3qppp/1p3nn1/2p5/4P1bP/1P3P2/P1Q1N1P1/1BRR2K1 b - - 0 22,0.0,b
r3r1k1/p3qppp/1p3nn1/2pbP3/7P/1PN2P2/P1Q3P1/1BRR2K1 b - - 2 24,0.0,b
r3r1k1/p4ppp/1p3nn1/2p1q3/7P/1PN2P2/P5Q1/1BRR2K1 b - - 1 26,0.0,b
r3r1k1/p4ppp/1p3n2/2p3q1/7n/1PN2P2/P4Q2/1BRR3K b - - 3 28,0.0,b
r3r1k1/p4ppp/1p3n1q/2p5/8/1PN2Q2/P7/1BRR2K1 b - - 0 30,0.0,b
2r1r1k1/p4ppp/1p3nq1/2p5/8/1PN2Q2/P5R1/1B1R2K1 b - - 4 32,0.0,b
2r1r3/p4ppk/1p3n1q/2p5/8/1PN5/P4QR1/3R2K1 b - - 1 34,0.0,b
2r3k1/p4pp1/1p3n1q/2p5/8/1PN1Q3/P5R1/3R2K1 b - - 0 36,0.0,b
2r3k1/p4pp1/1p3n2/2p5/8/1Pq5/P4R1K/3R4 b - - 1 38,0.0,b
2r3k1/p4pp1/1p6/2p5/8/1PqRn3/P4R2/6K1 b - - 5 40,0.0,b
2r3k1/p4pp1/1p6/2p5/8/1P1Rn3/P7/5q2 w - - 0 43,0.0,w
1rbq1rk1/1pp2pb1/3p1npp/pPn1p3/P7/R1PP2P1/1B1NPPBP/3Q1RK1 b - - 0 12,1.0,b
1r1qr1k1/1pp2pb1/3pbnpp/pPn1p3/P7/2PP2P1/1B1NPPBP/R3QRK1 b - - 4 14,1.0,b
1r1qr1k1/1pp2pb1/3p1npp/pP2p3/P1P5/1b1P2P1/1B2PPBP/R3QRK1 b - - 0 16,1.0,b
1r2r1k1/1ppq1pb1/3p1npp/pP2p3/P1P5/R2P2P1/1Bb1PPBP/2Q2RK1 b - - 4 18,1.0,b
1r2r1k1/1ppq1pb1/3p1npp/pP6/R1P1p3/3P2P1/1B2PPBP/2Q1R1K1 b - - 1 20,1.0,b
1r2r1k1/1ppq1p2/3p1bpp/pP1B4/R1P5/3p2P1/4PP1P/2Q1R1K1 b - - 1 22,1.0,b
1r2r1k1/1ppq1p2/3p2Qp/pP1B2b1/R1P5/6P1/4pP1P/4R1K1 b - - 0 24,1.0,b
1r2r2k/1ppq1Q2/3p3p/pP1B4/R1P2b2/6P1/4pP1P/4R1K1 b - - 0 26,1.0,b
1r2B2k/1pp5/3p3p/pP6/R1P5/6P1/3bpP1P/4R1K1 b - - 0 28,1.0,b
7k/1pp5/1P1p3p/p7/R1P5/6P1/3brP1P/6K1 b - - 0 30,1.0,b
7k/1p6/1p1p3p/p7/2P5/6P1/R2b1PKP/4r3 b - - 3 32,1.0,b
7k/1p6/1p1p3p/p7/1bP3P1/8/2R2PKP/4r3 b - - 0 34,1.0,b
4r3/1p4k1/1p1p3p/p7/1bP3P1/5K2/4RP1P/8 b - - 4 36,1.0,b
5r2/1p3k2/1p1p3p/p7/1bP1R1P1/6K1/5P1P/8 b - - 8 38,1.0,b
6r1/1p2k3/1p1p3p/p7/1bP2RP1/8/5PKP/8 b - - 12 40,1.0,b
6r1/1p1k4/1p1p1R1p/p7/1bP3P1/5K2/5P1P/8 b - - 16 42,1.0,b
8/1p1k3R/1p1p4/p7/1br3P1/5K2/5P1P/8 b - - 1 44,1.0,b
8/1p5R/1pkp4/p1r3P1/1b4K1/8/5P1P/8 b - - 2 46,1.0,b
8/1p5R/1pkp2P1/p7/2r5/6K1/3b1P1P/8 b - - 0 48,1.0,b
8/1p5R/1pkp2P1/p7/2r5/8/5P1K/8 b - - 0 50,1.0,b
8/1p6/1pkp2PR/8/p5r1/5P2/7K/8 b - - 0 52,1.0,b
8/1p6/1pkp2PR/5P2/p5r1/8/7K/8 b - - 0 54,1.0,b
8/1p6/1pkp1PP1/2r5/p6R/8/7K/8 b - - 2 56,1.0,b
8/1p3P2/1pkp2PR/5r2/8/p7/7K/8 b - - 2 58,1.0,b
6Q1/1p3r2/1p1p3R/3k4/8/p7/7K/8 b - - 0 60,1.0,b
8/1p6/1p1p3R/2k5/8/8/Q6K/8 b - - 0 62,1.0,b
8/1p6/3Q3R/2k5/1p6/8/7K/8 b - - 0 64,1.0,b
8/1p6/8/k1Q5/1p5R/8/7K/8 b - - 4 66,1.0,b
5rk1/pp1b3p/P1pbn1p1/3p4/6P1/1NP5/1P4K1/R1BB4 b - - 0 29,1.0,b
6k1/p2b3p/Pppbnrp1/3p4/6P1/1NP1B3/1P4K1/R2B4 b - - 3 31,1.0,b
8/p2b2kp/Pppb1rp1/3p4/3B1nP1/1NP5/1P6/R2B2K1 b - - 7 33,1.0,b
8/p2b1k1p/Pppbn1p1/3p4/3B2P1/1NP5/1P6/R2B2K1 w - - 2 36,1.0,w
8/P2b1k1p/1ppbn1p1/8/3p2P1/1NP5/1P6/R2B2K1 w - - 0 38,1.0,w
8/Q2b1k1p/1ppbn1p1/8/6P1/1N6/1p6/R2B2K1 w - - 0 40,1.0,w
8/3Q3p/1ppbn1p1/6k1/8/1N6/1p6/R2B2K1 w - - 0 42,1.0,w
8/7p/1ppQn1p1/5k2/8/8/8/N2B2K1 w - - 1 44,1.0,w
8/7p/1p1Qnkp1/2p5/8/1B6/8/N5K1 w - - 0 46,1.0,w
8/7p/1Q4p1/2p5/5k2/1B6/8/N5K1 w - - 1 48,1.0,w
8/7B/1Q6/2p3p1/8/6k1/8/N5K1 w - - 0 50,1.0,w
8/7B/8/2Q3pk/8/8/6K1/N7 w - - 3 52,1.0,w
r1bqk2r/1p2ppbp/p1nn2p1/8/7P/2P3N1/P1BP1PP1/R1BQ1RK1 w kq - 0 13,0.0,w
r2q1rk1/1p2ppbp/p1nnb1p1/8/7P/2P3N1/PBBP1PP1/R2QR1K1 w - - 4 15,0.0,w
r4rk1/1p2ppbp/p1nnb1p1/8/7P/2PB2N1/Pq1P1PP1/R2QR1K1 w - - 0 17,0.0,w
r4rk1/1p2ppbp/p1nnb1p1/3q3P/8/2PB2N1/3P1PP1/1R1QR1K1 w - - 1 19,0.0,w
r4rk1/1p2pbbp/p1nn4/8/8/2Pq2N1/3P1PP1/1R1QR1K1 w - - 0 21,0.0,w
2r2rk1/3Rpbbp/p1nn2q1/8/8/2P3N1/3P1PP1/3QR1K1 w - - 3 23,0.0,w
2r1bk2/3Rp1bp/p1nn2q1/8/8/2P3N1/3P1PP1/4R1K1 w - - 0 25,0.0,w
2r1bk2/4p1bp/p1n5/8/8/2P3N1/3q1PP1/R5K1 w - - 0 27,0.0,w
2r1bk2/4p1bp/R1n5/8/8/2q3N1/5PPK/8 w - - 0 29,0.0,w
2r2k2/4p2p/2b5/4bN2/8/2q5/5PPK/8 w - - 2 31,0.0,w
2r2k2/4p2p/2b4N/4b3/8/6P1/5P1K/7q w - - 3 33,0.0,w
8/p3kp2/1p1n1p1p/1P1P4/3K2P1/P2B4/5P1P/8 b - - 0 34,0.5,b
8/p1k2p2/1p1n1p1p/1P1P4/6P1/P1K5/5P1P/5B2 w - - 4 37,0.5,w
2k5/p4p2/1p1n1p1p/1P1P4/6P1/P2B4/2K2P1P/8 w - - 8 39,0.5,w
8/p1k2p2/1p1n1p1p/1P1P4/6P1/P2B4/1K3P1P/8 w - - 12 41,0.5,w
8/p1k2p2/1p1n1p1p/1P1P4/6P1/P2B4/2K2P1P/8 w - - 16 43,0.5,w
5rk1/pp1b3p/2pb2p1/P2p4/5nP1/1NP1B3/1P6/R2B1K2 b - - 5 30,0.5,b
5rk1/pp1b3p/2pb2p1/P2p4/6P1/1NP1B3/1n2B1K1/R7 b - - 1 32,0.5,b
r5k1/pp1b3p/2pb2p1/P2p4/n2B2P1/1NP5/4B1K1/1R6 b - - 5 34,0.5,b
r7/pp1bk2p/2pb2p1/P2p4/n2B2P1/1NP5/4B1K1/4R3 b - - 9 36,0.5,b
r4k2/pp1b3p/2pb2p1/P2p4/6P1/1NB5/4B1K1/5R2 b - - 2 38,0.5,b
4r1k1/pp1b3p/P1pb2p1/3p4/6P1/1NB5/6K1/3B1R2 b - - 2 40,0.5,b
1r4k1/p2b3p/p1pb2p1/3p4/6P1/8/3B2K1/2NB1R2 b - - 3 42,0.5,b
5k2/p2b3p/p1pb2p1/3p4/6P1/4B3/6K1/2NB4 b - - 1 44,0.5,b
1b6/p3k2p/p1p3p1/3p4/6B1/4B3/6K1/2N5 w - - 1 47,0.5,w
1b6/p4k1p/p1p3p1/2Bp4/6B1/3N4/6K1/8 w - - 5 49,0.5,w
1b6/p6p/p1B1k3/2Bp2p1/8/3N4/6K1/8 w - - 1 51,0.5,w
8/p2k3p/p2b4/2BB2p1/1N6/8/6K1/8 w - - 1 53,0.5,w
8/B6p/p2k4/6p1/1b2B3/8/6K1/8 w - - 2 55,0.5,w
8/2k5/p6p/6p1/1b6/3BB3/6K1/8 w - - 2 57,0.5,w
8/2k5/B2b4/6p1/8/8/6K1/8 w - - 0 59,0.5,w
8/8/B1kb4/8/6K1/8/8/8 b - - 0 61,0.5,b
8/8/1k6/4b3/4B1K1/8/8/8 b - - 4 63,0.5,b
8/8/5b2/2k5/8/5K2/2B5/8 b - - 8 65,0.5,b
8/8/4B3/4b3/3k4/5K2/8/8 b - - 12 67,0.5,b
8/8/5b2/2k5/8/5K2/8/3B4 b - - 16 69,0.5,b
8/8/2k5/8/4B3/2b2K2/8/8 b - - 20 71,0.5,b
8/8/8/4k3/8/1Bb2K2/8/8 b - - 24 73,0.5,b
8/8/8/4k3/B2b4/6K1/8/8 b - - 28 75,0.5,b
8/8/8/4k3/3b4/3B2K1/8/8 b - - 32 77,0.5,b
8/8/8/4k3/8/1Bb3K1/8/8 b - - 36 79,0.5,b
8/8/8/4k3/8/1B4K1/1b6/8 b - - 40 81,0.5,b
8/8/5k2/8/8/6K1/B7/b7 b - - 44 83,0.5,b
8/8/5k2/8/8/bB3K2/8/8 b - - 48 85,0.5,b
8/8/5k2/2b5/8/1B3K2/8/8 b - - 52 87,0.5,b
8/8/5k2/2b5/8/1B3K2/8/8 b - - 56 89,0.5,b
8/8/6k1/8/2Bb4/5K2/8/8 b - - 60 91,0.5,b
8/8/6k1/8/2Bb4/5K2/8/8 b - - 64 93,0.5,b
8/8/6k1/8/2Bb4/5K2/8/8 b - - 68 95,0.5,b
3rr1k1/p3pp1p/1p1n1bpP/5q2/P2P1B2/2P1R3/5PP1/1RQ3K1 w - - 6 29,1.0,w
2r1r1k1/p3pp1p/1p1B1bpP/6q1/P2P4/2P1R3/5PP1/1R2Q1K1 w - - 3 31,1.0,w
2r3k1/p3bp1p/1p4pP/6q1/P2P4/2P5/5PP1/1R2Q1K1 w - - 0 33,1.0,w
2r3k1/p3bp1p/6pq/Pp6/3P1P2/2P5/6P1/1R2Q1K1 w - - 0 35,1.0,w
6k1/p4p1p/6pq/P7/1p1P1P2/2r5/4Q1P1/1R4K1 w - - 0 37,1.0,w
6k1/p4p1p/6pq/P7/1R1P1P2/5K2/4Q1P1/2r5 b - - 3 39,1.0,b
5k2/p4p1p/6pq/P2Q4/1R1P1P2/5K2/2r3P1/8 b - - 7 41,1.0,b
2r2k2/p4p1p/3Q2p1/P5P1/1R1P4/5K2/6P1/8 b - - 2 43,1.0,b
2r3k1/p4p1p/5Qp1/P2P2P1/1R6/5K2/6P1/8 w - - 2 46,1.0,w
1Rr3k1/p4p1p/5Qp1/P2P2P1/8/5KP1/8/8 b - - 3 48,1.0,b
4r1k1/p4p1p/5Qp1/P2P2P1/6P1/8/5K2/8 b - - 0 50,1.0,b
6k1/p6p/4Q1p1/P5P1/6P1/8/5K2/8 b - - 0 52,1.0,b
6k1/p3Q2p/P5p1/6P1/6P1/8/5K2/8 b - - 0 54,1.0,b
7k/p5Q1/P5pP/8/6P1/8/5K2/8 b - - 2 56,1.0,b
4r1k1/1pb2p2/p1p1rnp1/P1Pp4/1P3P1P/3RPB2/5KR1/8 w - - 0 36,0.0,w
6k1/1pb2p2/p1p2np1/P1Pp1P2/1P2r2P/3RP3/5KR1/8 w - - 0 38,0.0,w
8/1pb2k2/p1p2nR1/P1Pp4/1P2r2P/3RP3/5K2/8 w - - 1 40,0.0,w
8/1pb2k2/p1p2n2/P1Pp1R2/1r6/3RP3/5K2/8 w - - 0 42,0.0,w
8/1p3k2/p1p2n2/b1Pp1R2/8/4P3/1r6/3R2K1 w - - 0 44,0.0,w
3b4/1p3k2/p1p2n2/2P2R2/4p3/8/1r6/5RK1 w - - 0 46,0.0,w
8/1p2bk2/p1p2n2/1rP2R2/4p3/8/8/R5K1 w - - 4 48,0.0,w
8/1p2bk2/p1p2n2/1r6/4p3/8/8/1R3RK1 w - - 2 50,0.0,w
8/1p2bk2/2p2n2/8/1p2p3/8/8/4R1K1 w - - 0 52,0.0,w
8/1p1nb3/2p3k1/8/1p2p3/8/6K1/2R5 w - - 4 54,0.0,w
8/1p1nb3/2p3k1/8/1p2p3/8/6K1/1R6 w - - 8 56,0.0,w
8/1p1n4/2p3k1/8/1p2p3/2b5/6K1/1R6 w - - 12 58,0.0,w
8/1p6/2pR4/4n1k1/1p2p3/2b5/6K1/8 w - - 16 60,0.0,w
8/1p6/2pR4/6k1/1p2pn2/2b5/6K1/8 w - - 20 62,0.0,w
8/1p6/2pR4/4b1k1/1p2p3/3n4/4K3/8 w - - 24 64,0.0,w
8/1p6/2p5/4b1k1/8/1p1K4/8/8 w - - 0 66,0.0,w
8/1p6/2p5/4b1k1/8/1p1K4/8/8 w - - 4 69,0.0,w
8/1p6/2p3k1/4K3/8/8/1p6/8 w - - 1 71,0.0,w
8/1p6/2p3k1/1q6/8/2K5/8/8 w - - 2 73,0.0,w
8/1p6/2p3k1/8/1q6/3K4/8/8 w - - 6 75,0.0,w
8/1p6/2p3k1/8/8/3q4/5K2/8 w - - 10 77,0.0,w
8/1p6/6k1/8/2p5/3q4/5K2/8 w - - 0 79,0.0,w
8/8/1p4k1/8/8/2pq4/6K1/8 w - - 0 81,0.0,w
8/8/6k1/1p6/8/2p5/6K1/1q6 w - - 2 83,0.0,w
8/8/8/1p4k1/8/8/2p2K2/1q6 w - - 0 85,0.0,w
8/8/8/1p6/5k2/8/3K4/1qr5 w - - 2 87,0.0,w
r1bqk2r/pp2ppbp/2n3p1/8/2n5/2P5/P1BPNPPP/R1BQ1RK1 w kq - 0 11,0.0,w
r1bqk2r/pp3p1p/2n1p1p1/4b3/2n5/2P3N1/P1BP1PPP/1RBQ1RK1 w kq - 0 13,0.0,w
r1b4r/pp2kp1p/2n1p1p1/4b3/B1n5/2Pq2N1/P2P1PPP/1RBQR1K1 w - - 4 15,0.0,w
r1b4r/pp2kp1p/1qB1p1p1/4R3/2n5/2P3N1/P2P1PPP/2BQ2K1 w - - 1 17,0.0,w
r6r/pb2kp1p/2q1p1p1/8/2n5/2P3N1/P2PRPPP/2BQ2K1 w - - 2 19,0.0,w
r6r/p3kp1p/1q2p1p1/8/2nP4/2P2bN1/P3R1PP/2BQ2K1 w - - 0 21,0.0,w
1r5r/p3kp2/1q2p1pp/8/2nP4/2PQ1PN1/P3R2P/2B3K1 w - - 0 23,0.0,w
1rr5/p4p2/1q2pkpp/8/2QP4/B1P2PN1/P3R2P/6K1 w - - 3 25,0.0,w
1r6/p4pk1/1q2p1pp/8/3PN3/B1rQ1P2/P3R2P/6K1 w - - 0 27,0.0,w
1r6/p4pk1/4p1pp/8/1q1P4/2NQ1P2/P3R2P/6K1 w - - 0 29,0.0,w
1r3qk1/p4p2/4p1pp/8/3P4/2N1QP2/P3RK1P/8 w - - 4 31,0.0,w
1r4k1/p4p2/4p1pQ/8/3q4/2N2P2/P3RK1P/8 w - - 0 33,0.0,w
1r4k1/p1q2p2/4p1p1/8/8/4QPK1/P3R2P/8 w - - 2 35,0.0,w
1r4k1/p4p2/6p1/4q3/8/5PK1/P3R2P/8 w - - 0 37,0.0,w
2r2k2/p4p2/6p1/8/8/5PK1/P6P/4R3 w - - 3 39,0.0,w
5k2/p4p2/6p1/8/5K2/5P2/r6P/1R6 w - - 0 41,0.0,w
5k2/p4p2/8/6p1/8/5PK1/1r5P/8 w - - 0 43,0.0,w
5k2/p4p2/8/8/8/5p1K/1r5P/8 w - - 0 45,0.0,w
5k2/p4p2/8/8/7P/6K1/1r6/5q2 w - - 0 47,0.0,w
5k2/p7/8/5p2/7P/6K1/1r6/5q2 w - - 0 49,0.0,w
5k2/p7/8/5p1P/7K/1r6/8/3q4 w - - 3 52,0.0,w
8/p3k3/7P/5K2/8/1r6/8/3q4 b - - 0 54,0.0,b
8/p7/4k2P/7q/3K4/1r6/8/8 b - - 4 56,0.0,b
r1bqk2r/ppn1bppp/2p1pn2/8/2PP4/2N5/PP3PPP/R1BQRBK1 w kq - 3 10,1.0,w
r1bqnk1r/pp2bppp/2p1pn2/8/2PP1B2/2NB4/PP3PPP/R2QR1K1 w - - 7 12,1.0,w
r2qnk1r/pp1bbppp/4pn2/2p5/2PP4/2NBBQ2/PP3PPP/R3R1K1 w - - 0 14,1.0,w
1r1q1k1r/Q1nbbppp/4pn2/2p5/2PP4/2NBB3/PP3PPP/R3R1K1 w - - 1 16,1.0,w
2rq1k1r/Q1nb1ppp/4pn2/2b5/2P5/2NBB3/PP3PPP/3RR1K1 w - - 0 18,1.0,w
2rq2kr/2n2ppp/2b1pn2/6Q1/2P5/2NBB3/PP3PPP/3RR1K1 w - - 3 20,1.0,w
3r2k1/2n2ppr/2b1pn2/6Q1/2P5/2N1B3/PP3PPP/4R1K1 w - - 0 22,1.0,w
3rnk2/5ppr/2b1pn2/4B1Q1/2P5/2N5/PP3PPP/4R1K1 w - - 4 24,1.0,w
3r2k1/5ppr/2b1pn2/2Q5/2P5/2N5/PP3PPP/4R1K1 w - - 2 26,1.0,w
Q3n1k1/5ppr/4p3/8/2P5/2N5/PP1r1PPP/4R1K1 w - - 3 28,1.0,w
r4r1k/1p1bp1bp/2nn2p1/p1pB1pN1/1qPp1PP1/3P3P/P3PR2/2BQ2RK b - - 3 21,0.0,b
r4r1k/1p1bp1bp/2nn2p1/p1pB1p2/2Pp1PP1/3P1N1P/P3PRK1/1qBQ2R1 b - - 7 23,0.0,b
r4r1k/1p1bp1bp/2nn2p1/p1pB4/2Pp1PP1/3P1N2/P2QPRK1/q1B3R1 b - - 0 25,0.0,b
r4r1k/1p2p1bp/2nn2p1/p1BB4/2Pp1Pb1/2qP1N2/P2QPRK1/6R1 b - - 0 27,0.0,b
r4r1k/1B2p1bp/3n2p1/p1B5/1nPp1Pb1/3P4/P2NPRK1/6R1 b - - 0 29,0.0,b
r6k/1n2Brbp/6p1/p7/1nPp1Pb1/3P2K1/P2NPR2/6R1 b - - 2 31,0.0,b
r6k/1n2r1bp/6p1/p7/2Pp1PK1/3P1N2/n3PR2/6R1 b - - 1 33,0.0,b
r5k1/1n2r1bp/6p1/p4P2/2Pp2K1/2nP1N2/4P2R/6R1 b - - 0 35,0.0,b
5rk1/1n2r1bp/8/p7/2Pp2K1/2nP1N2/4P2R/6R1 b - - 2 37,0.0,b
6k1/1n2r1bp/8/p7/2Pp1r2/3P1N1K/4n2R/5R2 b - - 3 39,0.0,b
6k1/4r1bp/8/p7/2Pp1r2/3n1N2/4n1RK/5R2 b - - 1 41,0.0,b
6k1/6bp/8/8/p1Pp1r2/3n1NK1/4r3/5R2 b - - 1 43,0.0,b
6k1/6bp/5r2/2P5/p2p4/3nrNK1/8/R7 b - - 2 45,0.0,b
6k1/6bp/6r1/2P5/R2p4/3n1r2/7K/8 b - - 0 47,0.0,b
3rr1kb/pn2pp1p/1p4pP/8/P2P4/2Pq4/3B1PP1/1RQ1R1K1 b - - 1 26,1.0,b
3rr1k1/pn2pp1p/1p3bpP/5q2/P2P4/2P1B3/5PP1/1R1QR1K1 b - - 5 28,1.0,b
3rr1k1/pn2pp1p/1p3b1P/7p/P2P4/2P1B3/5PPK/1R2R3 b - - 1 30,1.0,b
3rr1k1/p3pp1p/1p3b1P/1R3n1p/P2P1B2/2P5/5PPK/4R3 b - - 5 32,1.0,b
4r1k1/p3pp1p/1p3b1P/1R4Bp/P2r4/8/5PPK/4R3 b - - 1 34,1.0,b
4r1k1/p3pp1p/1p3B1P/R6p/8/8/5PPK/4R3 b - - 0 36,1.0,b
6k1/p3Bp1p/7P/p6p/8/8/5PPK/8 b - - 0 38,1.0,b
6k1/7p/p6P/p1B2p1p/8/6K1/5PP1/8 b - - 1 40,1.0,b
4k3/7p/p6P/p1B2K1p/8/8/5PP1/8 w - - 1 43,1.0,w
8/3k2Kp/p6P/2B4p/p7/8/5PP1/8 w - - 2 45,1.0,w
5B2/3k3K/p6P/8/p7/7p/5PP1/8 w - - 0 47,1.0,w
5B2/3k2K1/p6P/8/p7/7P/5P2/8 w - - 3 49,1.0,w
5B1Q/6K1/p7/1k6/p7/7P/5P2/8 w - - 1 51,1.0,w
5B2/6K1/p1k5/8/3Q4/p6P/5P2/8 w - - 2 53,1.0,w
1k6/6K1/p7/2Q5/8/B6P/5P2/8 w - - 3 55,1.0,w
8/1k4K1/p7/6Q1/8/B6P/5P2/8 w - - 7 57,1.0,w
8/1k4K1/p7/Q7/8/B6P/5P2/8 w - - 11 59,1.0,w
8/6K1/2k5/Q7/8/B6P/5P2/8 w - - 1 61,1.0,w
8/6K1/k7/2Q5/8/7P/1B3P2/8 w - - 5 63,1.0,w
1k6/6K1/2Q5/8/8/7P/5P2/B7 w - - 9 65,1.0,w
k7/6K1/8/1Q6/8/7P/1B3P2/8 w - - 13 67,1.0,w
k7/6K1/8/1Q6/8/5P1P/8/B7 w - - 1 69,1.0,w
3n3k/1Q1b2rp/3q4/p1p2pPR/2Pp4/3P4/P3PK2/2B5 w - - 1 36,0.0,w
Q2n1qk1/3b2rp/8/p1p2pPR/2Pp4/3P4/PB2PK2/8 w - - 5 38,0.0,w
5qk1/3b2rp/4n3/p2Q1pPR/2Pp4/3P4/P3PK2/8 w - - 0 40,0.0,w
4q1k1/3b3p/4n3/Q4pr1/2Pp4/3P4/P3PK2/7R w - - 0 42,0.0,w
4q1k1/3b3p/8/5pr1/2Pp4/3P3n/P2QPK2/1R6 w - - 4 44,0.0,w
4q3/3b1k1p/8/5pr1/2Pp4/3P3n/P1KQP3/1R6 b - - 8 46,0.0,b
4q3/3b1k1p/8/6r1/2Pp1Q2/3P4/P1K1P3/2R3n1 b - - 0 48,0.0,b
8/3b1k1p/8/5r2/2PpP3/8/P1K1P3/2R3n1 b - - 0 50,0.0,b
8/3b1k1R/8/5r2/2PpP3/6n1/P1K5/8 b - - 0 52,0.0,b
4k3/7R/8/5b2/2Pp4/6n1/P2K4/8 b - - 1 54,0.0,b
8/5k1b/8/2P5/3p4/6n1/P7/2K5 b - - 0 56,0.0,b
8/2P1k2b/8/8/3pn3/8/P7/2K5 b - - 0 58,0.0,b
8/2k4b/8/8/3pn3/1K6/P7/8 b - - 1 60,0.0,b
8/2k4b/8/8/4n3/1K6/P2p4/8 b - - 1 62,0.0,b
8/2k4b/8/8/3qn3/1K6/P7/8 b - - 3 64,0.0,b
8/2k4b/8/8/3q4/1K1n4/P7/8 b - - 7 66,0.0,b
8/2k4b/8/8/3q4/1K1n4/P7/8 b - - 11 68,0.0,b
8/2k4b/8/8/3q4/8/K7/8 b - - 0 70,0.0,b
8/2k5/8/8/1q6/8/K1b5/8 b - - 4 72,0.0,b
8/2k5/8/8/1q6/8/K7/5b2 b - - 8 74,0.0,b
8/2k5/8/8/1q6/8/K7/5b2 b - - 12 76,0.0,b
8/2k5/8/8/1q6/5b2/K7/8 b - - 16 78,0.0,b
8/2k5/8/8/1q6/8/K1b5/8 b - - 20 80,0.0,b
8/2k5/8/8/1q2b3/8/K7/8 b - - 24 82,0.0,b
8/2k5/8/8/1q6/8/K7/7b b - - 28 84,0.0,b
8/2k5/8/8/1q6/5b2/K7/8 b - - 32 86,0.0,b
8/2k5/8/8/8/q7/8/1K5b b - - 36 88,0.0,b
8/pp3pkp/3n1p2/3P4/1P6/P2B4/5PPP/6K1 b - - 2 28,0.0,b
8/pp3pkp/3n4/3P4/1P3p2/P2B1P2/5KPP/8 b - - 1 30,0.0,b
8/pp3p2/1P1n1k1p/3P4/5p2/P2B1P2/5KPP/8 b - - 0 32,0.0,b
8/1p3p2/1p1n3p/3Pk3/5p2/P4P2/4BKPP/8 b - - 3 34,0.0,b
8/1p3p2/1p1n3p/8/3k1p2/P2B1P2/4K1PP/8 b - - 3 36,0.0,b
8/1p3p2/1p1n3p/8/P2k1p2/3B1P2/3K2PP/8 b - - 2 38,0.0,b
8/1p3p2/3n3p/1P1k4/5p2/2KB1P2/6PP/8 b - - 2 40,0.0,b
8/1p3p2/7p/1Bk5/5p2/5P2/1K4PP/8 b - - 0 42,0.0,b
8/1p3p2/7p/3k4/5p2/5P2/2K3PP/8 w - - 3 45,0.0,w
8/5p2/1p5p/2k5/5p2/2K2P2/6PP/8 w - - 2 47,0.0,w
8/5p2/7p/2k5/1p3p2/2K2P2/6PP/8 w - - 0 49,0.0,w
8/5p2/7p/8/1p3p2/4kP2/2K3PP/8 w - - 4 51,0.0,w
8/5p2/7p/8/1K3p2/5P2/6kP/8 w - - 0 53,0.0,w
8/5p2/7p/3K4/5p2/8/6kP/8 w - - 2 55,0.0,w
8/5p2/7p/8/4K3/8/5pkP/8 w - - 0 57,0.0,w
8/5p2/8/3K3p/7P/8/6k1/5q2 w - - 0 59,0.0,w
8/5p2/8/7p/3K3P/8/6k1/4q3 w - - 4 61,0.0,w
8/5p2/8/1K4qp/8/8/6k1/8 w - - 2 63,0.0,w
8/5p2/8/6q1/8/1K5p/6k1/8 w - - 0 65,0.0,w
8/5p2/8/8/8/2K1q3/6kp/8 w - - 2 67,0.0,w
8/5p2/8/2K5/8/3q4/6k1/7q w - - 0 69,0.0,w
8/5p2/8/1q6/K7/3q4/6k1/8 w - - 4 71,0.0,w
rn1q1rk1/ppb2ppp/2p2n2/2Pp1b2/1P2p3/P2PP3/1BQ1BPPP/RN3RK1 b - - 0 10,0.5,b
r3qrk1/ppb2ppp/n1p2n2/2Pp1b2/1P1Pp3/P1N1P3/1BQ1BPPP/R4RK1 b - - 2 12,0.5,b
rb2qrk1/p4ppp/p1p2n2/2Pp1b2/1P1Pp3/P1N1P3/1B2QPPP/R4RK1 b - - 1 14,0.5,b
rbq1r1k1/p4ppp/p1p2n2/2Pp1b2/1P1Pp3/P1N1P3/1B2QPPP/4RRK1 b - - 5 16,0.5,b
rbq1r1k1/p4ppp/2p2n2/pPPp4/3Pp1b1/P1N1P3/1B1Q1PPP/4RRK1 b - - 0 18,0.5,b
rb1qr1k1/p4ppp/5n2/pNPp4/3Pp1b1/P3P3/1B1Q1PPP/1R3RK1 b - - 2 20,0.5,b
rb1q2k1/p3rppp/3Nbn2/p1Pp4/3Pp3/P3P3/1B1Q1PPP/1R2R1K1 b - - 6 22,0.5,b
r5k1/p3rppp/3qbn2/p2p4/3Pp3/P3P3/1B1Q1PPP/1RR3K1 b - - 1 24,0.5,b
6k1/p3rppp/3qbn2/p2p4/3Pp3/P1B1P3/3Q1PPP/1R4K1 b - - 0 26,0.5,b
6k1/p3rppp/4bn2/p2p4/3Pp3/3QP3/1B3PPP/1R4K1 b - - 0 28,0.5,b
6k1/pr3ppp/4bn2/p2p4/3P4/2BpP3/5PPP/R5K1 b - - 3 30,0.5,b
5k2/pr3ppp/4b3/R2p4/3Pn3/3pP3/5PPP/4B1K1 b - - 0 32,0.5,b
5k2/pr3ppp/4b3/3p4/3Pn3/4P3/5PPP/4R1K1 b - - 0 34,0.5,b
8/pr1bkppp/8/3p4/3Pn3/4PP2/6PP/R5K1 b - - 0 36,0.5,b
8/pr1bkppp/8/3p1n2/3P4/4PP2/R4KPP/8 b - - 4 38,0.5,b
8/pr2kppp/8/1b1p1n2/3P2P1/4PP2/R4K1P/8 b - - 0 40,0.5,b
8/pr2kppp/2b5/R2p4/3P2Pn/4PP1P/5K2/8 b - - 0 42,0.5,b
8/1R2kppp/2b5/3p4/3P2Pn/4PP1P/5K2/8 b - - 0 44,0.5,b
8/1b2kppp/6n1/3p4/3P2P1/4PP1P/6K1/8 b - - 3 46,0.5,b
8/3k1ppp/b5n1/3p4/3P2P1/4PP1P/5K2/8 b - - 7 48,0.5,b
8/3k1ppp/6n1/3p1P2/3Pb1P1/4P2P/5K2/8 b - - 0 50,0.5,b
5n2/2k2ppp/8/3p1P2/3Pb1P1/4P2P/5K2/8 b - - 4 52,0.5,b
8/1k1n1ppp/8/3p1P2/3PbKP1/4P2P/8/8 b - - 8 54,0.5,b
8/1k3p1p/1n3p2/3p2P1/3PbK2/4P2P/8/8 b - - 0 56,0.5,b
8/1k3p1p/8/3p4/2nPbK2/4P2P/8/8 b - - 2 58,0.5,b
8/1k3p1p/8/3p3P/2nPbK2/4P3/8/8 b - - 0 60,0.5,b
8/1k3p1p/5K2/3p1n1P/3Pb3/4P3/8/8 b - - 4 62,0.5,b
8/1k5p/4K3/3p1n1P/3Pb3/8/8/8 b - - 2 64,0.5,b
8/1k5p/4K3/3p3P/4b3/8/4n3/8 b - - 3 66,0.5,b
8/1k5p/7P/4K3/4b3/3p4/4n3/8 b - - 0 68,0.5,b
8/1k5p/7P/4K3/8/8/4n3/3q4 b - - 1 70,0.5,b
8/1k5p/7q/5K2/8/8/4n3/8 w - - 0 73,0.5,w
8/7p/1k5q/8/8/3K2n1/8/8 w - - 4 75,0.5,w
8/7p/1k6/3K4/8/4q1n1/8/8 b - - 8 77,0.5,b
8/7p/2k5/8/1K6/4q1n1/8/8 w - - 12 80,0.5,w
8/7p/3k4/1K6/8/1q4n1/8/8 w - - 16 82,0.5,w
8/7p/1K1k4/8/8/2q3n1/8/8 b - - 20 84,0.5,b
8/4k2p/2K5/8/8/6n1/8/4q3 b - - 24 86,0.5,b
8/1K1k3p/8/4q3/8/6n1/8/8 b - - 28 88,0.5,b
8/1K5p/4k3/4q3/4n3/8/8/8 w - - 32 91,0.5,w
r2n1r1k/1p1bp1bp/3n2p1/p1pB1pN1/1qPp1PP1/3P3P/P2BPR2/3Q2RK b - - 5 22,0.0,b
r2n3k/1p1bp1bN/3n1rp1/p1pB1p2/2Pp1PP1/q2P3P/P2BPR2/Q5RK b - - 0 24,0.0,b
r2n1r1k/1B1bp1b1/3n2p1/p1p2pN1/2Pp1PP1/q2P3P/P2BPR2/Q5RK b - - 0 26,0.0,b
r4r1k/1n1bp1b1/3n2p1/2p2pN1/p1Pp1PP1/q2P3P/P3PR1K/Q1B3R1 b - - 1 28,0.0,b
r4r1k/1n2p1b1/2bn2p1/2p2p2/pqPp1PP1/3P1N1P/P2BPR1K/Q5R1 b - - 5 30,0.0,b
r4r1k/1n2p1b1/1q1n2p1/2p2P2/p1Pp1P2/3P1P1P/P2B1R1K/Q5R1 b - - 0 32,0.0,b
r4r1k/1n2p1b1/6q1/2p2n2/p1Pp1P2/3P1P1P/P2B2RK/Q7 b - - 1 34,0.0,b
rr5k/1n2p1b1/2q5/2p2n2/p1Pp1P2/3P1P1P/P2B1QRK/8 b - - 5 36,0.0,b
rr5k/4p3/3n2qb/2p2n2/p1Pp1P2/3P1P1P/P2B1Q1K/8 w - - 1 39,0.0,w
r6k/4p3/3n3b/2p2n2/p1Pp1P2/3P1P1P/Pr1B4/6K1 w - - 1 41,0.0,w
6rk/4p3/3n3b/2p2n2/p1Pp1P2/3P1P1P/r7/2B2K2 w - - 2 43,0.0,w
6rk/4p3/7b/2p2n2/p1np1P1P/3P1P2/3r4/5K2 w - - 0 45,0.0,w
6rk/4p3/7b/2p2P2/p1Pp4/5n2/3r4/5K2 w - - 0 47,0.0,w
r2qk2r/pp2bppp/2p1bn2/2npp3/4P3/1BPP1P2/PP2Q1PP/RNB2R1K w kq - 1 10,0.0,w
r2qk2r/pp3pp1/2p1bb1p/2npp3/4P3/1BPP1P2/PP2Q1PP/RN3R1K w kq - 0 12,0.0,w
r2q3r/pp1k1pp1/4bb1p/2npp3/8/1BPP1P2/PP1NQ1PP/R4R1K w - - 0 14,0.0,w
r2q3r/pp1k1pp1/4bb1p/3p4/3p4/1NP2P2/PP2Q1PP/R4R1K w - - 0 16,0.0,w
r2q4/pp1k1pp1/4rb1p/3p4/8/2P2P2/PP2Q1PP/R4R1K w - - 0 18,0.0,w
rq6/ppk2pp1/4rb1p/3p4/Q7/2P2P2/PP4PP/R4R1K w - - 4 20,0.0,w
r4q2/ppk2pp1/2r2b1p/1Q1p4/8/2P2P2/PP4PP/3R1R1K w - - 8 22,0.0,w
r4q2/pp3pp1/1k2rb1p/8/2Q5/2P2P2/PP4PP/3R1R1K w - - 3 24,0.0,w
rk3q2/pp3pp1/4rb1p/8/2Q5/2P2P2/PP4PP/3R1R1K w - - 7 26,0.0,w
rk3q2/pp3pp1/4r3/4b2p/5Q2/2P2P2/PP4PP/3R1RK1 w - - 2 28,0.0,w
r7/ppk2pp1/4r3/2q1b2p/7Q/2P2P2/PP3RPP/3R2K1 w - - 6 30,0.0,w
r7/ppk2pp1/2q1r3/4b2p/8/2P2P1Q/PP3RPP/6K1 w - - 2 32,0.0,w
r7/ppk1rpp1/8/2q1b2Q/8/2P2P2/PP1R2PP/6K1 w - - 3 34,0.0,w
r7/ppk1rpp1/1q6/4b2Q/8/2P2P2/PP1R2PP/6K1 w - - 7 36,0.0,w
r7/ppk1rpp1/5q2/4b2Q/8/2P2P2/PP1R1KPP/8 w - - 11 38,0.0,w
r7/ppk1rpp1/5q2/7Q/8/5P2/PP1b2PP/3K4 w - - 0 40,0.0,w
r7/pp2rpp1/3k1q2/1Q6/8/5P2/PP1b2PP/3K4 w - - 4 42,0.0,w
2r5/pp2rpp1/3k3q/1Q6/8/5P2/PP4PP/3K4 w - - 3 44,0.0,w
8/pp2rpp1/3k4/2r5/1Q6/5P2/PP4PP/3q4 w - - 0 47,0.0,w
3rr1k1/p2bqppp/1p3nn1/2p2N2/8/1P2P2P/P1Q2PP1/1BR1R1K1 b - - 1 22,0.0,b
3rr1k1/p4ppp/1pb1qnn1/2p2N2/8/1P2P1PP/P1Q1RP2/1BR3K1 b - - 0 24,0.0,b
3rr1k1/p4pp1/1p2qnn1/2p2N1p/4B3/1P2P1PP/PQ2RP2/2R3K1 b - - 0 26,0.0,b
3rr1k1/p4pN1/1p3n2/2p4p/4q2P/1P2P2P/PQ2RP2/2R3K1 b - - 0 28,0.0,b
3rr3/p4pk1/1p3nq1/2p4p/7P/1P2P2P/PQR2P1K/2R5 b - - 3 30,0.0,b
3rr2k/p4p2/1p3n2/2p2qRp/7P/1P2P2P/PQR2P1K/8 b - - 7 32,0.0,b
3rr3/p4pk1/1p2qn2/2p3R1/7P/1P2P2P/PQR2P1K/8 b - - 2 34,0.0,b
3rr3/p4p2/1p2qn1k/2p3R1/7P/1P2P2P/PQR2PK1/8 w - - 6 37,0.0,w
3rr3/p4p2/1pq2n2/2p4k/7P/1P2P1RP/PQR2P1K/8 w - - 10 39,0.0,w
3rr3/p4p2/1p1q1n2/2p5/7k/1P2P2P/PQR2P1K/6R1 w - - 2 41,0.0,w
3rr3/p4p2/1p1q4/2p5/6n1/1P2PP1k/PQR5/6RK w - - 1 43,0.0,w
r3rnk1/pp1bb1np/2p1p1p1/3p1P2/6P1/2P5/PPBN3P/R1B2R1K w - - 0 20,0.0,w
r3rnk1/pp1b3p/2pbpPp1/3p1n2/6P1/2P5/PPBN2KP/R1B2R2 w - - 3 22,0.0,w
r3rn2/pp1b1k1p/2pb1Pp1/3p1p2/8/P1P5/1PBN2KP/R1B2R2 w - - 1 24,0.0,w
r4n2/pp1b1k1p/2pb1Pp1/3p1p2/8/P1P2N2/1PB2rKP/R1B5 w - - 0 26,0.0,w
r7/pp1b3p/2pbnkp1/3p1pN1/8/P1P5/1PB2K1P/R1B5 w - - 0 28,0.0,w
r7/pp1b3k/2pbn1p1/3p1p2/8/P1P4P/1PB2K2/R1B5 w - - 0 30,0.0,w
8/rp1b3k/2pbn1p1/3p4/5p2/P1P4P/1PB2K2/R7 w - - 0 32,0.0,w
8/rp1b2k1/2p1n1p1/3p4/5p2/b1P4P/1PB2K2/4R3 w - - 0 34,0.0,w
8/1p1b2k1/2p1n1p1/3pR3/5p2/2r4P/2B2K2/8 w - - 0 36,0.0,w
8/1p4k1/2p1b1p1/3p4/5p2/7r/2B2K2/8 w - - 0 38,0.0,w
8/1p6/2p1bkp1/3p4/B4p2/r7/6K1/8 w - - 4 40,0.0,w
8/1p6/2p1bkp1/8/3p1p2/5B2/r5K1/8 w - - 2 42,0.0,w
8/1p6/2p2kp1/8/3pBp2/7b/r7/6K1 w - - 6 44,0.0,w
8/8/2p2kp1/8/5p2/3p3b/r7/7K w - - 0 46,0.0,w
8/8/2p2kp1/8/5p2/8/r2p2b1/7K w - - 2 48,0.0,w
8/8/2p2kp1/7q/5p2/7K/r7/8 w - - 2 50,0.0,w
5rk1/pp1b2np/3b2p1/P1pp4/6P1/1NP5/1P4K1/R1BB4 w - - 0 29,0.0,w
5rk1/p2b2np/Pp1b2pB/3p4/2p3P1/1NP5/1P4K1/R2B4 w - - 0 31,0.0,w
4r3/p2b1knp/Pp1b2p1/3p4/2p3P1/2P1B3/1P4K1/R1NB4 w - - 4 33,0.0,w
4r3/p2b1k1p/Pp1b2p1/3p4/2p2nP1/2P5/1P4K1/R1NB2B1 w - - 8 35,0.0,w
4r3/p4k2/Pp1b2p1/3p3p/2p2nK1/2P5/1P6/R1NB2B1 w - h6 0 37,0.0,w
4r3/p4k2/Pp1b2p1/3p3p/2p5/2P5/1P4K1/R1NB2n1 w - - 0 39,0.0,w
8/p4k2/Pp1b2p1/3p3p/B1p5/2P5/1P3K2/R1r3n1 w - - 0 41,0.0,w
8/p4k2/Pp4p1/2b4p/B1pp4/2P5/1P6/2R2Kn1 w - - 0 43,0.0,w
8/p4k2/Pp4p1/7p/B1p5/8/8/2b2Kn1 w - - 0 46,0.0,w
8/p4k2/Pp4p1/7p/B7/2p1b3/6K1/8 w - - 0 48,0.0,w
5k2/p4B2/Pp4p1/7p/8/2p1b3/6K1/8 b - - 4 50,0.0,b
8/p4k2/Pp4p1/7p/8/4K3/2p5/8 b - - 0 52,0.0,b
8/p4k2/Pp4p1/8/7p/5K2/8/2q5 b - - 1 54,0.0,b
8/p4k2/Pp4p1/8/8/q6p/5K2/8 b - - 3 56,0.0,b
8/p4k2/Pp6/6p1/8/q7/3K3p/8 b - - 1 58,0.0,b
8/p4k2/qp6/6p1/8/4K3/8/7q b - - 1 60,0.0,b
8/p4k2/qp6/4q1p1/8/8/6K1/8 w - - 6 64,0.0,w
8/p7/qp4k1/4q3/6p1/8/6K1/8 w - - 0 67,0.0,w
8/p7/qp4k1/8/8/2q3p1/6K1/8 w - - 2 69,0.0,w
2q5/p7/6k1/1p6/8/2q3p1/6K1/8 w - - 2 71,0.0,w
8/p7/q5k1/1p6/8/6p1/1q4K1/8 w - - 6 73,0.0,w
8/p7/q7/1p3k2/7K/8/1q6/8 w - - 3 76,0.0,w
8/p7/q7/1p3k1K/8/8/8/q7 b - - 7 78,0.0,b
8/p7/q7/1p3k1K/8/8/8/q7 w - - 11 82,0.0,w
8/p7/q7/1p3k1K/8/8/8/7q b - - 15 86,0.0,b
r1b1k2r/pp2ppbp/2nn2P1/8/6q1/2P3N1/P1BP1PP1/R1BQ1RK1 b kq - 0 14,0.0,b
r1b1k2r/pp2ppb1/2nn2p1/8/8/2P3N1/P2P1PP1/R1BBR1K1 b kq - 0 16,0.0,b
2kr3r/pp2ppb1/2nnb1p1/8/8/2P2B2/P2P1PP1/R1B1RNK1 b - - 4 18,0.0,b
3r3r/pp1kppb1/3nb1p1/4n3/8/2P3N1/P2PBPP1/R1B1R1K1 b - - 8 20,0.0,b
3r3r/p2kpp2/p2nb1pb/4R3/8/2P3N1/P2P1PP1/R1B3K1 b - - 0 22,0.0,b
3r3r/p3pp2/p2nk1p1/8/5b2/2P5/P2PNPP1/R1B3K1 b - - 1 24,0.0,b
3r3r/p3pp2/p3k1p1/1n6/P7/2P5/3PNPPb/R1B2K2 b - a3 0 26,0.0,b
3r3r/p3pp2/p4kp1/8/P3N3/8/3P1PPb/R1B2K2 b - - 2 28,0.0,b
3r3r/p3pp2/p5p1/4bk2/P7/6N1/1B1P1PP1/R4K2 b - - 6 30,0.0,b
7r/p3pp2/p5p1/5k2/P7/6P1/3P2P1/R4K2 b - - 0 32,0.0,b
8/p3pp2/p5p1/5k2/P7/3P2P1/4K1P1/r7 b - - 0 34,0.0,b
8/p3pp2/p5p1/5k2/8/3P2P1/r5P1/2K5 b - - 3 36,0.0,b
8/p3pp2/p5p1/8/6k1/3P2P1/6r1/2K5 b - - 3 38,0.0,b
8/p3pp2/p5p1/3P4/5k2/8/6r1/2K5 b - - 0 40,0.0,b
8/p4p2/p2p2p1/8/4k3/8/6r1/1K6 b - - 1 42,0.0,b
8/p4p2/p2p2p1/8/8/3k4/6r1/1K6 b - - 5 44,0.0,b
8/p4p2/p2p2p1/8/8/2k5/4r3/3K4 w - - 9 47,0.0,w
8/p4p2/3p2p1/p7/8/8/1k6/3K4 w - - 2 49,0.0,w
8/p4p2/3p2p1/8/p7/1k1K4/8/8 w - - 2 51,0.0,w
8/p4p2/3p2p1/8/3K4/1k6/p7/8 w - - 0 53,0.0,w
8/p4p2/3K1qp1/8/8/1k6/8/8 w - - 1 55,0.0,w
8/p4p2/2K3p1/8/3q4/1k6/8/8 w - - 5 57,0.0,w
4r1k1/1pb1rp2/p1p2np1/P1Pp4/1P3P2/3RPB2/5KRP/8 w - - 0 35,0.0,w
4r2k/1pb1rp2/p1p3p1/P1Pp2R1/1P2nP2/3RPB2/5K1P/8 w - - 4 37,0.0,w
4r2k/1pb2p2/p1p3p1/P1Pp1PR1/1r6/3RP3/5K1P/8 w - - 0 39,0.0,w
4r2k/1pb5/p1p3R1/P1Pp4/8/3RP3/1r3K1P/8 w - - 1 41,0.0,w
5r1k/1pb5/p1p3R1/P1Pp4/6K1/3RP3/6rP/8 w - - 5 43,0.0,w
7k/1pb5/p1p5/P1Pp2rK/8/3RP3/6rP/8 w - - 0 45,0.0,w
6k1/1pb5/p1p5/P1Pp2r1/8/4P2K/3R2rP/8 b - - 4 47,0.0,b
6k1/1pb5/p1p5/P1Pp4/5R2/4P2K/6rP/6r1 b - - 8 49,0.0,b
4r1k1/pp2b1np/2p1b1p1/P2p4/6P1/2P5/1P1N4/R1BB1r1K w - - 0 26,0.5,w
4r1k1/p3b1np/p1p1b1p1/8/3p2P1/2P5/1P6/R1BB1N1K w - - 0 28,0.5,w
4r1k1/p5np/p1p2bp1/3b4/3P2P1/8/1P6/R1BB1NK1 w - - 3 30,0.5,w
5rk1/p5np/p1p3p1/3b4/3b2P1/4N3/1P3K2/R1BB4 w - - 2 32,0.5,w
6k1/p5np/p1p3p1/3b4/3b2P1/3Kr3/1P6/R1BB4 w - - 0 34,0.5,w
8/p4knp/R1p3p1/3b4/6P1/3KB3/1b6/3B4 w - - 1 36,0.5,w
8/R5np/2p1k1p1/3b4/6P1/3KB3/1bB5/8 w - - 3 38,0.5,w
8/6np/R1p1k1p1/4b3/6P1/3K1b2/2B2B2/8 w - - 7 40,0.5,w
8/6np/R1pk2p1/3bb1P1/8/1B1K4/5B2/8 w - - 1 42,0.5,w
8/7p/2p1n1p1/3kb1P1/R7/3K4/5B2/8 w - - 2 44,0.5,w
8/7p/2p3p1/3kb1P1/R2n4/8/3K4/6B1 b - - 6 46,0.5,b
8/7p/2p3p1/3k2P1/R2b4/8/4K3/8 b - - 1 48,0.5,b
8/7p/6p1/2p3P1/3bk3/1R6/4K3/8 b - - 1 50,0.5,b
8/7R/6p1/2p3k1/3b4/8/4K3/8 b - - 0 52,0.5,b
8/2R5/6p1/6k1/3b4/2p2K2/8/8 b - - 1 54,0.5,b
8/8/5bpk/2R5/4K3/2p5/8/8 b - - 5 56,0.5,b
8/5k2/5bp1/2R5/4K3/2p5/8/8 b - - 9 58,0.5,b
8/5k2/5bp1/8/4K3/2p5/8/1R6 b - - 13 60,0.5,b
4k3/8/1R3bp1/8/4K3/2p5/8/8 w - - 17 63,0.5,w
8/4k3/1R4p1/8/3bK3/2p5/8/8 w - - 21 65,0.5,w
8/4k3/2R3p1/8/3K4/8/8/2r5 w - - 0 67,0.5,w
8/8/6p1/5k2/3K4/8/8/6R1 w - - 3 69,0.5,w
8/8/4k3/6p1/3K4/8/5R2/8 w - - 0 71,0.5,w
8/5k2/8/8/5Kp1/8/5R2/8 w - - 2 73,0.5,w
8/8/4k3/8/6K1/8/8/5R2 w - - 3 75,0.5,w
8/8/8/8/3k4/6K1/8/4R3 w - - 7 77,0.5,w
8/8/8/5k2/8/6K1/8/3R4 w - - 11 79,0.5,w
8/8/6k1/8/8/8/5K2/4R3 w - - 15 81,0.5,w
8/8/6k1/8/5K2/8/8/4R3 w - - 19 83,0.5,w
8/5k2/3R4/8/5K2/8/8/8 w - - 23 85,0.5,w
8/7k/8/5K2/8/8/8/3R4 w - - 27 87,0.5,w
8/7k/8/5K2/8/8/8/3R4 w - - 31 89,0.5,w
8/8/5k2/8/6K1/8/8/2R5 w - - 35 91,0.5,w
8/8/5k2/8/6K1/8/8/R7 w - - 39 93,0.5,w
8/8/7k/8/6K1/8/8/5R2 w - - 43 95,0.5,w
8/8/5k2/8/5K2/8/8/1R6 w - - 47 97,0.5,w
8/8/5k2/8/5K2/8/8/1R6 w - - 51 99,0.5,w
4rrk1/1pb2pp1/p1p1qn2/P1Pp1b1p/1P1BnP2/N2BPR2/R5PP/1Q4K1 b - - 1 20,1.0,b
5rk1/1pb1rp2/p1p1qp2/P1Pp1b1p/1P2nP2/N2BPR2/4R1PP/1Q4K1 b - - 1 22,1.0,b
2q1r1k1/1pb1rp2/p1p2p2/P1Pp1b1p/1P2BP2/N3PR2/4R1PP/4Q1K1 b - - 0 24,1.0,b
2q1r3/1pb1rp1k/p1p2p2/P1Pp3p/1P2bP2/N3P1RP/4R1P1/4Q1K1 b - - 0 26,1.0,b
4r3/1pb1rp2/p1p1qp1k/P1Pp3p/1P2bP2/N1Q1P1RP/4RKP1/8 b - - 4 28,1.0,b
4r3/1pb1rp2/p1p1qp1k/P1Pp1b2/1P3P1R/N1Q1P2P/4RKP1/8 b - - 0 30,1.0,b
7R/1pb1rpk1/p1p1qp2/P1Pp1b2/1P3P2/N1Q1P2P/4R1P1/5K2 b - - 0 32,1.0,b
6k1/1pb1rp2/p1p1qp2/P1Pp1b2/1P3P2/4P2P/2N1R1P1/4QK2 b - - 3 34,1.0,b
6k1/1p2rp2/p1p1qp2/P1Pp4/1P3b2/4P2P/4R1P1/4QK2 b - - 1 36,1.0,b
5k2/1p2rp2/p1p1qp2/P1Pp4/1P5Q/4b2P/4R1P1/5K2 w - - 3 39,1.0,w
1r1qr1k1/2p2pb1/1p1pbn1p/pPn1p1p1/P1P1P3/R2PN1P1/1B3PBP/Q1R3K1 w - - 0 20,0.0,w
1rq1r1k1/2p2pb1/3pbn1p/pPp1p1p1/P1P1P3/R3N1P1/1B3PBP/Q1R3K1 w - - 0 22,0.0,w
1r2q1k1/2p1rpb1/3pbn1p/pPp1p1p1/P1P1P3/2BRN1P1/5PBP/Q1R3K1 w - - 4 24,0.0,w
r3q2k/2p1rpb1/3pbn1p/BPp1p1p1/P1P1P3/3RN1P1/5PBP/Q2R2K1 w - - 1 26,0.0,w
4q3/2p1rpbk/1P1pbn1p/2p1p1p1/r1P1P3/2BRN1P1/5PBP/Q2R2K1 w - - 0 28,0.0,w
8/2r2pbk/3pbn1p/2p1p1p1/q1P1P3/2BRN1P1/5PBP/3R2K1 w - - 0 30,0.0,w
8/3r1pbk/3Rbn1p/2p1B1p1/2P1P3/1q2N1P1/5PBP/3R2K1 w - - 1 32,0.0,w
8/5pbk/4bn1p/2p1B1p1/2P1P3/3rN1P1/5PBP/6K1 w - - 0 34,0.0,w
8/5p1k/4bb1p/2p1P1p1/2P5/4r1P1/5PBP/6K1 w - - 0 36,0.0,w
8/5p2/4b1kp/2pBb1p1/2P5/4P1P1/7P/6K1 w - - 2 38,0.0,w
8/8/4p1k1/2p1b1pp/2P5/4P1P1/7P/5K2 w - - 0 40,0.0,w
8/8/4p1k1/2p1b3/2P4p/4P3/7P/6K1 w - - 0 42,0.0,w
8/8/4p3/2p3k1/2P4p/4P3/7K/8 w - - 1 44,0.0,w
8/8/4p3/2p5/2P1k2p/7K/8/8 w - - 0 46,0.0,w
8/8/8/2p1p1K1/2P5/5k2/8/8 w - - 0 48,0.0,w
8/8/5K2/2p5/2P5/4pk2/8/8 w - - 0 50,0.0,w
8/8/3K4/2p5/2P5/5k2/8/4q3 w - - 0 52,0.0,w
8/8/8/1K6/2Pk4/8/8/4q3 w - - 3 54,0.0,w
4q3/8/1K6/2Pk4/8/8/8/8 w - - 3 56,0.0,w
8/2K1q3/8/2k5/8/8/8/8 w - - 2 58,0.0,w
2K1q3/8/8/2k5/8/8/8/8 w - - 6 60,0.0,w
K7/4q3/2k5/8/8/8/8/8 w - - 10 62,0.0,w
2K1q3/8/2k5/8/8/8/8/8 w - - 14 64,0.0,w
1r2r1k1/2pq2b1/1p1p1npp/pPnPpp2/P3P3/R2P1PP1/1B4BP/Q3R1K1 w - - 1 24,0.0,w
1r4k1/2pqr1b1/1p1p1npp/pPnPp3/P3P3/R4PP1/1B4BP/2Q1R1K1 w - - 1 26,0.0,w
1r2q1k1/2p2rb1/1p1p1npp/pPnPp3/P3P3/R4PP1/1B2K1BP/2Q1R3 w - - 5 28,0.0,w
3rq1k1/2p2rb1/1p1p1np1/pPnPp2p/P3P3/R1B2PP1/4K1BP/2Q4R w - - 2 30,0.0,w
3rq1k1/2p1r1b1/1p1p1np1/pP1Pp1Qp/P3P3/1nB2PP1/4K1BP/R6R w - - 6 32,0.0,w
3rq1k1/2p1r1b1/1p1p1np1/pP1Pp1Qp/P3P3/1nB2PP1/2R1K1BP/7R w - - 10 34,0.0,w
3rq1k1/2p1r1b1/1p1p1np1/pP1P2Qp/P2pP3/5PP1/2R1K1BP/7R w - - 0 36,0.0,w
3rq1k1/2p1r1b1/1p1p1np1/pP1P3p/P2pP3/5PP1/2RQ1KBP/7R w - - 4 38,0.0,w
3r2k1/2p1rq2/1p1p1npQ/pP1P3p/P2pP3/5PP1/2R2KBP/2R5 w - - 1 40,0.0,w
3r2k1/2p1rq2/1p1p2pQ/pP1P4/P2pP1p1/5PP1/2R2K1P/2R5 w - - 0 42,0.0,w
3r2k1/2p1r3/1p1p2p1/pP1P4/P3PPp1/3p1P2/2R2K1P/2R5 w - - 0 44,0.0,w
3r2k1/2r5/1p1p2p1/pP1P4/P3PPP1/8/3p1K1P/2R5 w - - 0 46,0.0,w
4r1k1/2r5/1p1p2p1/pP1P4/P3PPP1/4K3/3p3P/3R4 w - - 4 48,0.0,w
4r1k1/8/1p1p2p1/pPrP4/P3PPP1/3RK3/7P/8 w - - 3 50,0.0,w
6k1/8/1p4p1/pPrPr3/P5P1/3RK3/7P/8 w - - 0 52,0.0,w
6k1/8/1p4p1/pP1r4/P4KP1/8/7P/8 w - - 0 54,0.0,w
3r4/6k1/1p4p1/pP4P1/P4K2/7P/8/8 w - - 1 56,0.0,w
8/3r2k1/1p4p1/pP2K1P1/P7/7P/8/8 b - - 5 58,0.0,b
3r4/5k2/1p4p1/pP2K1P1/P7/7P/8/8 b - - 9 60,0.0,b
4r3/6k1/1p4p1/pP4P1/P7/3K3P/8/8 b - - 13 62,0.0,b
8/6k1/1p4p1/pP4r1/P7/3K3P/8/8 b - - 1 64,0.0,b
8/6k1/1p4p1/pP1K4/P7/7r/8/8 b - - 1 66,0.0,b
8/6k1/1K6/pP6/P5p1/7r/8/8 b - - 0 68,0.0,b
8/6k1/K7/1P6/P7/7r/6p1/8 b - - 1 70,0.0,b
8/6k1/KP6/P1q5/8/7r/8/8 b - - 0 72,0.0,b
8/3r2k1/KP6/P1q5/8/8/8/8 b - - 4 74,0.0,b
rnbq1rk1/ppb2ppp/2p2n2/2Ppp3/1P6/2N1P3/P1QPBPPP/R1B2RK1 b - - 2 8,0.0,b
r1bq1rk1/ppbn1ppp/2p2n2/2P1p3/1P1p4/4P3/PBQPBPPP/R2N1RK1 b - - 1 10,0.0,b
r1bqr1k1/ppbn1ppp/2p5/2Pnp3/1P1p4/4P3/PB1PBPPP/R1QNR1K1 b - - 5 12,0.0,b
r1bqr1k1/ppb2ppp/2p2n2/2Pnp3/1P2P3/3B4/PB1P1PPP/R1QNR1K1 b - - 0 14,0.0,b
r2qr1k1/ppb2ppp/2p1bn2/2P1p3/1n2P3/2N5/PB1PBPPP/R1Q1R1K1 b - - 3 16,0.0,b
r2qr1k1/pp3ppp/2p1bn2/b1P1p3/4P3/P1NB4/1B1P1PPP/R1Q1R1K1 b - - 0 18,0.0,b
r3r1k1/pp3ppp/2p1bN2/b1P1p3/4P3/P2q4/1B1P1PPP/R1Q1R1K1 b - - 0 20,0.0,b
r3r1k1/pp3p1p/2p1bp2/2P1p3/4P3/P1Pq4/5PPP/R1Q1R1K1 b - - 0 22,0.0,b
r2qr2k/pp3p1p/2p1bp2/2P1p3/4P3/P1P1Q3/5PPP/1R2R1K1 b - - 4 24,0.0,b
r5qk/pp2rp1p/2p1bp2/2P1p3/4P3/P1P3Q1/5PPP/1R1R2K1 b - - 8 26,0.0,b
r6k/pp2rp1p/2p1b3/2P1pP2/8/P1P3P1/5PP1/1R1R2K1 b - - 0 28,0.0,b
r7/pp2rpkp/2p5/2P1pb2/8/P1P3P1/1R3PP1/4R1K1 b - - 3 30,0.0,b
r7/pp2rpkp/2p5/2P2b2/8/P1P1P1P1/3R2P1/4R1K1 b - - 0 32,0.0,b
r7/pp2rp1p/2pR4/2P1kb2/4P3/P1P3P1/6P1/4R1K1 b - - 0 34,0.0,b
r7/pp2rp1p/2p5/2P1k3/4P1b1/P1P3P1/6P1/1R2R1K1 b - - 4 36,0.0,b
3r4/pr3p1p/2p5/2P1k3/P3P1b1/2P3P1/6P1/4R1K1 b - - 0 38,0.0,b
8/pr3p1p/2p5/2P1k3/P1P1P1b1/6r1/5KP1/4R3 b - - 1 40,0.0,b
8/p4p1p/2p5/P1P1k3/2P1P1b1/3r4/1r2RKP1/8 b - - 2 42,0.0,b
8/p4p1p/2p5/P1P1k3/2P1P3/3r1b2/1r4PK/8 b - - 3 45,0.0,b
1r1qr1k1/2p3b1/1p1p2pp/pPnPpP2/P5n1/R2P2P1/1B3PBP/Q1R3K1 b - - 0 22,0.5,b
1r1qr3/2p3b1/1p1p2kp/pPnPp3/P5n1/R2P2P1/1B3PBP/1QR3K1 b - - 1 24,0.5,b
1r1qr3/2p3b1/1p1p1nk1/pPnPp2p/P2P4/R5PP/1B3PB1/1QR3K1 b - - 0 26,0.5,b
1r1qr3/2p2kb1/3p1n2/pPpPp2p/P7/5RPP/1B3PB1/1QR3K1 b - - 1 28,0.5,b
1r1qrk2/2p5/3p1n1Q/pPpPp2p/P7/5RPP/1B3PB1/2R3K1 b - - 0 30,0.5,b
1r1qrk1Q/2p5/3p1n2/pPpPp2p/P7/5RPP/1B3PB1/2R3K1 b - - 4 32,0.5,b
1r1qrk1Q/2p5/3p1n2/pPpPp2p/P7/5RPP/1B3PB1/2R3K1 b - - 8 34,0.5,b
r3rnk1/pp1bbppp/2p5/3p1P1n/4P3/2P5/PPBN2PP/R1B2R1K w - - 1 17,1.0,w
3rrnk1/pp1bbppp/2p5/5P1n/4B3/2P5/PP1N2PP/R1BR3K w - - 1 19,1.0,w
3rrnk1/pp1bbppp/2p5/3n1P2/8/2P5/PP1N2PP/RBBR3K w - - 5 21,1.0,w
3rrn1k/pp1b1ppp/2p2b2/3n1P2/8/2P2NP1/PP5P/RBBR3K w - - 1 23,1.0,w
3rrn1k/pp1b1ppp/2p5/5PB1/8/2n2NP1/P6P/RB1R3K w - - 0 25,1.0,w
3rrn1k/pp1b2pp/2p5/5Pp1/8/2R2NP1/P6P/RB5K w - - 0 27,1.0,w
3r3k/pp1b2pp/2p1n3/5PN1/8/2R3P1/P5KP/RB2r3 w - - 3 29,1.0,w
3r2k1/pp3Npp/2p1b3/8/8/2R3P1/P5KP/RB2r3 w - - 0 31,1.0,w
3N2k1/pp2r1pp/2p5/3b4/8/2R3P1/P4K1P/RB6 w - - 3 33,1.0,w
6k1/pN3rpp/2p5/3b4/8/2RB2P1/P4K1P/R7 w - - 1 35,1.0,w
6k1/p5pp/2p5/3b4/8/2RB2P1/Pr1K3P/R7 w - - 2 37,1.0,w
6k1/p5pp/2p5/8/8/2R3P1/b1BK3P/8 w - - 0 39,1.0,w
2R5/5kpp/8/p7/8/6P1/b1BK3P/8 w - - 2 41,1.0,w
R7/5kpB/8/p7/6b1/6P1/3K3P/8 w - - 3 43,1.0,w
8/5kp1/8/R7/2b1B3/6P1/3K3P/8 w - - 3 45,1.0,w
8/5R2/8/6p1/2b5/6P1/2BK3P/8 b - - 1 47,1.0,b
r1bqkb1r/pp1n1ppp/2p5/3np3/2P5/8/PP1P1PPP/RNBQRBK1 w kq - 0 8,0.0,w
r1b1kb1r/pp3ppp/2P2n2/4p3/3q4/8/PP1P1PPP/RNBQRBK1 w kq - 1 10,0.0,w
2kr1b1r/pb3ppp/5n2/4p3/3q4/2N5/PP1P1PPP/R1BQRBK1 w - - 2 12,0.0,w
2kr1b1r/pb3ppp/2q2n2/4p3/8/2N1R1P1/PP1P1P1P/R1BQ1BK1 w - - 1 14,0.0,w
3r3r/pbk2ppp/2q2n2/4p3/1b6/2N1RPPB/PP1P3P/R1BQ2K1 w - - 1 16,0.0,w
3r3r/pbk2ppp/1q6/4p3/1b2R3/5PPB/PP1P3P/R1BQ2K1 w - - 1 18,0.0,w
7r/p1k2ppp/1q6/4p3/1b1rP3/6PB/PP5P/R1BQ2K1 w - - 0 20,0.0,w
7r/p1k2ppp/1q6/2b1p3/2r1P3/6PB/PP3Q1P/R1B3K1 w - - 4 22,0.0,w
7r/p1k2ppp/8/2q1p3/4P3/6PB/PP5P/R1r2K2 b - - 0 24,0.0,b
rnbqkb1r/pp2pppp/1n6/2p5/8/PB6/1PPPNPPP/R1BQK2R b KQkq - 0 6,0.5,b
r1bqkb1r/pp1n1ppp/1n2p3/2p5/8/PBN2Q2/1PPP1PPP/R1B1K2R b KQkq - 1 8,0.5,b
r1bqk2r/pp3ppp/1n1bp3/2p1n3/4N3/PB4Q1/1PPP1PPP/R1B1K2R b KQkq - 5 10,0.5,b
r1bqkb1r/pp3ppp/1n2p3/4Q3/2p1N3/P7/BPPP1PPP/R1B1K2R b KQkq - 1 12,0.5,b
r1bqkbr1/pp4pp/1n2pp2/7Q/2p1N3/P7/BPPPKPPP/R1B4R b q - 1 14,0.5,b
r1bq1br1/pp2k1pQ/1n2pp2/8/2p1N3/P4K2/BPPP1PPP/R1B4R b - - 0 16,0.5,b
r2q1b2/pp2k1pQ/1n2bp2/4p3/2p1N3/P4K2/BPPP1PPP/R1B4R b - - 2 18,0.5,b
r4b2/pp3kpQ/1n2bp2/3qp3/2p1N3/P5K1/BPPP1PPP/R1B1R3 b - - 6 20,0.5,b
3r4/pp2bkp1/1n2bp2/3qp2Q/2p1N3/P5K1/BPPPRPPP/R1B5 b - - 10 22,0.5,b
3r2k1/pp1qb1p1/1n2bp2/4p3/2p5/P1N2QK1/BPPPRPPP/R1B5 b - - 14 24,0.5,b
3r2k1/pp1qb1p1/1n3p2/3b4/2p1NQ2/P5K1/BPPPRPPP/R1B5 b - - 2 26,0.5,b
3r2k1/pp4p1/1nqb1p2/3N4/2p2Q2/P5K1/BPPPRPPP/R1B5 b - - 0 28,0.5,b
3r2k1/pp4p1/1n1q1p2/8/2p5/P4K2/BPPPRPPP/R1B5 b - - 1 30,0.5,b
3r2k1/pp2R1p1/1n3p2/7q/2p3P1/P4K2/BPPP1P2/R1B5 b - g3 0 32,0.5,b
3r2k1/pp2R1p1/1n3p2/2q5/2pP2P1/P7/BPP1KP2/R1B5 b - d3 0 34,0.5,b
6k1/pp2q1p1/1n3p2/6P1/2pr4/P3B3/BPP1KP2/R7 b - - 0 36,0.5,b
6k1/pp4p1/1n3q2/6p1/2pr4/P3B1K1/BPP2P2/R7 b - - 3 38,0.5,b
6k1/pp4p1/1n6/5qp1/2pr4/P3B3/BPP1KP2/R7 b - - 7 40,0.5,b
6k1/pp4p1/1n6/6p1/2pB4/P7/Bq3P2/R3K3 b - - 0 42,0.5,b
6k1/pp4p1/1n6/6p1/P1p5/3q4/B4P2/1R2K3 b - - 0 44,0.5,b
6k1/pp4p1/1n6/6p1/P1p5/7q/B4P2/1R4K1 b - - 4 46,0.5,b
6k1/pp4p1/1n6/6p1/P1p4q/8/B4P2/1R4K1 b - - 8 48,0.5,b
6k1/pp4p1/8/6p1/n1p3q1/5P2/B7/1R3K2 b - - 0 50,0.5,b
8/pp4pk/8/6p1/n1p5/5q2/B7/5RK1 b - - 3 52,0.5,b
8/pp4pk/8/6p1/n1p5/7q/B7/5RK1 b - - 7 54,0.5,b
8/pp4pk/8/6p1/n1p5/7q/B7/5RK1 b - - 11 56,0.5,b
3n3k/7p/2b3r1/p1p3PR/2Pp4/P2P4/4PK2/2B5 b - - 0 40,1.0,b
7k/7p/2b1n1r1/2p3PR/p1Pp4/P2P2K1/3BP3/8 b - - 1 42,1.0,b
8/6kp/2b3r1/2p3PR/p1Pp1K2/P2P4/4P3/8 b - - 0 44,1.0,b
8/1b4kp/4r3/2p3P1/p1Pp1K2/P2P4/4P2R/8 b - - 4 46,1.0,b
b7/6kp/6r1/2p2KP1/p1Pp4/P2P4/4PR2/8 b - - 8 48,1.0,b
b7/6kp/8/2p1K1P1/p1Pp4/r2P4/4PR2/8 w - - 0 51,1.0,w
b7/7p/6k1/2K3P1/p1Pp4/1r1P4/4PR2/8 w - - 1 53,1.0,w
b7/2r4p/6k1/6P1/p1PK4/3P4/4P2R/8 w - - 1 55,1.0,w
b7/2r5/6p1/6P1/p1PK4/3PP3/8/8 b - - 0 57,1.0,b
8/8/6p1/3P2P1/p2K4/4P3/8/8 b - - 0 59,1.0,b
8/8/6p1/3P2P1/4P3/4K3/p7/8 b - - 1 61,1.0,b
8/8/6p1/3PP1P1/8/8/5K2/1q6 b - - 2 63,1.0,b
8/3P4/6p1/4P1P1/8/8/5K2/q7 b - - 0 65,1.0,b
3r2k1/pb3p1p/1p1r1np1/4q3/1PB1P2n/6NP/4QPP1/2R1R1K1 w - - 0 30,1.0,w
3r2k1/Q2r1p1p/1pb2np1/4q3/1PB1P2n/6NP/5PP1/2R1R1K1 w - - 1 32,1.0,w
3r4/2qr1k1p/1Qb2np1/8/1P2P2n/6NP/5PP1/2R1R1K1 w - - 0 34,1.0,w
3rn3/3r1k1p/2R3p1/8/1P2P2n/6NP/5PP1/4R1K1 w - - 1 36,1.0,w
3rn3/3r2kp/8/4P1p1/1PR4n/6NP/5PP1/4R1K1 w - - 0 38,1.0,w
3r4/3r3p/2Rn2k1/4P1pN/1P5n/7P/5PP1/4R1K1 w - - 4 40,1.0,w
3r4/3r3p/2Rn4/4Pkp1/1P6/7P/5PP1/4R1K1 w - - 0 42,1.0,w
3r4/3r2kp/2Rn4/4P1p1/1P4P1/5P1P/8/4R1K1 w - - 1 44,1.0,w
8/6kp/3r4/6p1/1P4P1/5P1P/8/4R1K1 w - - 0 46,1.0,w
6k1/4R2p/8/6p1/1P4P1/5P1P/3r1K2/8 w - - 4 48,1.0,w
6k1/2R4p/8/6p1/rP4P1/5P1P/8/4K3 w - - 8 50,1.0,w
6k1/1R5p/8/1P4p1/6P1/r4P1P/8/4K3 w - - 3 52,1.0,w
6k1/1R5p/8/1P4p1/5rP1/5P1P/3K4/8 w - - 7 54,1.0,w
8/5k1p/8/1P4p1/6P1/4KP1P/8/8 w - - 0 56,1.0,w
8/1P5p/8/4k1p1/6P1/4KP1P/8/8 w - - 1 58,1.0,w
8/4k2p/8/6p1/6P1/4KP1P/8/1Q6 w - - 3 60,1.0,w
8/8/2k5/5Qp1/6P1/4KP1P/8/8 w - - 3 62,1.0,w
8/8/6Q1/3k4/6P1/4KP1P/8/8 w - - 3 64,1.0,w
8/4k3/8/5Q2/3K2P1/5P1P/8/8 w - - 7 66,1.0,w
8/4k3/1K6/5Q2/6P1/5P1P/8/8 w - - 11 68,1.0,w
2k5/5Q2/8/2K5/6P1/5P1P/8/8 w - - 15 70,1.0,w
r3r1k1/pb2ppbp/1pnn2p1/7P/P2P2q1/2P3N1/4BPP1/R1B1QRK1 b - - 2 18,0.0,b
r3r1k1/pb2ppbp/1p1n2p1/7P/P2P3q/4B1N1/4BPP1/R3QRK1 b - - 0 20,0.0,b
r3r1k1/pb2pp1p/1p1n2P1/8/P2q4/6N1/4BPP1/R3QRK1 b - - 0 22,0.0,b
r3r1k1/pb2pn1p/1p6/8/P6q/6N1/4BPP1/R2Q1RK1 b - - 1 24,0.0,b
r2r2k1/pb2pn1p/1p6/5N2/P5Bq/8/5PP1/R2Q1RK1 b - - 5 26,0.0,b
r5k1/pb2pn1p/1p6/8/P5BN/8/5PP1/R5K1 b - - 0 28,0.0,b
r7/pb2p1kp/1p5n/8/P6N/1B6/5PP1/R5K1 b - - 4 30,0.0,b
2r5/pb2p2p/1p3k1n/8/P6N/1B6/5PP1/4R1K1 b - - 8 32,0.0,b
8/pbr1p2p/1p2R2n/6k1/P4P1N/1B6/6P1/6K1 b - f3 0 34,0.0,b
8/pbr1p2p/1p6/8/P4P2/1B4kR/6P1/6K1 b - - 2 36,0.0,b
8/pbr1p2R/8/1P6/5k2/1B6/6P1/6K1 b - - 0 38,0.0,b
8/pbr1p2R/1P1k4/8/8/1B6/5KP1/8 b - - 0 40,0.0,b
8/1br1p3/1p5R/3k4/B7/8/5KP1/8 b - - 3 42,0.0,b
2r5/1b2p3/1p6/2k4R/B7/8/5KP1/8 b - - 7 44,0.0,b
2r5/4p3/1p6/7R/1k6/5B2/5KP1/8 b - - 0 46,0.0,b
4r3/4p3/1p6/8/1k5R/5B2/5KP1/8 b - - 4 48,0.0,b
5r2/4p3/1p6/3B4/7R/2k3K1/6P1/8 b - - 8 50,0.0,b
3r4/4p3/1p6/3B4/4R3/3k2K1/6P1/8 b - - 12 52,0.0,b
8/4R3/1p6/6r1/8/3k4/5KP1/8 b - - 2 54,0.0,b
8/3R4/1p3r2/8/8/3k2K1/6P1/8 b - - 6 56,0.0,b
8/8/5r2/1p6/2k3K1/8/6P1/3R4 b - - 1 58,0.0,b
8/8/8/1p6/2k2K2/8/6r1/R7 b - - 1 60,0.0,b
8/8/8/4K3/1p6/3k4/6r1/2R5 b - - 4 63,0.0,b
8/8/5K2/6r1/1pR5/8/3k4/8 b - - 8 65,0.0,b
8/8/8/4K3/1r6/8/3k4/8 b - - 1 67,0.0,b
8/8/8/2K5/1r3k2/8/8/8 b - - 5 69,0.0,b
8/8/2K5/8/5k2/8/8/4r3 b - - 9 71,0.0,b
8/8/8/3k4/1K6/8/8/4r3 b - - 13 73,0.0,b
8/8/8/3k4/K7/1r6/8/8 b - - 17 75,0.0,b
8/8/K7/8/2k5/8/1r6/8 b - - 21 77,0.0,b
7k/5nrp/2b5/2p3PR/p1Pp1B2/3P4/P3PK2/8 w - - 0 39,1.0,w
8/5nkp/2b3r1/2R5/p1Pp1B2/3P4/P3PK2/8 w - - 1 41,1.0,w
8/2B2nkp/2b3r1/2R5/p1Pp4/3P2K1/P3P3/8 w - - 5 43,1.0,w
8/5nkp/2b5/2R5/2Pp1B2/p2P4/P3PKr1/8 w - - 2 45,1.0,w
8/5n1p/2R3k1/8/2Pp1B2/p2P4/P3P1r1/4K3 b - - 0 47,1.0,b
6r1/2B2n1p/R7/5k2/2Pp4/p2P4/P3P3/4K3 b - - 4 49,1.0,b
6r1/2B2n1p/8/5k2/2Pp4/R2P4/P3PK2/8 b - - 0 51,1.0,b
4r3/2B4p/8/R3nk2/2Pp4/P2P4/4PK2/8 b - - 0 53,1.0,b
8/2B1r3/7p/2R1nk2/2Pp4/P2P4/4PK2/8 b - - 3 55,1.0,b
8/4B3/4k2p/2R1n3/2Pp4/P2P4/4PK2/8 w - - 1 58,1.0,w
8/2R1B3/4k2p/8/2Pp2K1/P2P4/4P3/8 b - - 0 60,1.0,b
8/8/2R3kp/2B5/2Pp2K1/P2P4/4P3/8 b - - 4 62,1.0,b
6k1/8/5R2/2B5/2Pp2K1/P2P4/4P3/8 b - - 2 64,1.0,b
8/5R1k/8/8/2PB2K1/P2P4/4P3/8 b - - 2 66,1.0,b
5k2/4R3/8/2B5/2P3K1/P2P4/4P3/8 b - - 6 68,1.0,b
5k2/4R3/8/2B5/2P3K1/P2P4/4P3/8 b - - 10 70,1.0,b
7k/3R4/8/8/2P3K1/P2P4/4P3/6B1 b - - 14 72,1.0,b
7k/3R4/8/8/2P3K1/P2P4/4P3/6B1 b - - 18 74,1.0,b
5k2/1R6/8/8/2P5/P2P2K1/4P3/6B1 b - - 22 76,1.0,b
5k2/1R6/2P5/8/8/P2P2K1/4P3/6B1 b - - 0 78,1.0,b
5k2/2PR4/8/8/8/P2P2K1/4P3/6B1 b - - 0 80,1.0,b
3br3/1p3ppk/p1p1rn2/P1Pp3P/1P3P2/3RPB2/6KR/8 w - - 5 41,0.0,w
3br3/1p4pk/p1p1rp2/P1Pp3P/1P2nP2/3RPB2/4K2R/8 w - - 0 43,0.0,w
3br3/1p2r2k/p1p2p1p/P1Pp4/1P2nPB1/3RP3/4K2R/8 w - - 2 45,0.0,w
4r3/1pb1r2k/p1p2p1p/P1np4/1P3P2/3RPB2/7R/5K2 w - - 0 47,0.0,w
8/1pb4k/p1p2p1p/P1np4/1P3P2/4rB2/7R/5K2 w - - 0 49,0.0,w
8/1p5k/p1p2p1p/P2p3R/1P3b2/3nrB2/5K2/8 w - - 2 51,0.0,w
8/1p5k/p1p2p1p/P2p3R/1P3b2/4rn2/8/5K2 w - - 0 53,0.0,w
8/1p5k/p1p2p1p/P2p1R2/1P3b2/6r1/3n4/6K1 w - - 4 55,0.0,w
8/1p5k/p1p2p1p/P2p1R2/1P2nb2/4r3/4K3/8 w - - 8 57,0.0,w
8/1p5k/p1pb1p1p/P2p4/1P2n3/4r3/8/3K1R2 w - - 12 59,0.0,w
8/1p5k/p1pb1p1p/P2p4/1P2n3/2r5/1K6/3R4 b - - 16 61,0.0,b
8/1p6/p1pb1pkp/P2p4/1P6/2K5/3n4/8 b - - 0 63,0.0,b
8/1p3k2/p1pb1p1p/PP1p4/4n3/1K6/8/8 b - - 0 65,0.0,b
8/1p3k2/P1p2p1p/1p1p4/1b2n3/8/1K6/8 b - - 0 67,0.0,b
8/5k2/p1p2p1p/1pnp4/1b6/8/8/3K4 b - - 3 69,0.0,b
8/5k2/p1p2p1p/1pn5/1b6/3p4/8/1K6 b - - 1 71,0.0,b
8/5k2/p1p2p1p/2n5/1p6/b7/K2p4/8 w - - 0 74,0.0,w
8/5k2/p1p2p1p/2n5/8/bp6/8/K2q4 w - - 0 76,0.0,w
r4rk1/1p2ppbp/1qn1bnp1/p1p5/2Pp1P2/Q2P1NPP/PP1BP1B1/3R1R1K b - - 1 14,0.0,b
r3r1k1/1p2ppbp/1q2bnp1/p1p2P2/1nPp4/Q2P1NPP/PP1BP1B1/3R1RK1 b - - 0 16,0.0,b
r3r1k1/1p2ppbp/1q2bn2/p4pB1/1nPp4/Q2P2PP/PP2P1B1/3R1RK1 b - - 1 18,0.0,b
r3r1k1/1pq1ppb1/4bn1p/p4p2/1nPp4/Q2P1RPP/PP1BP1B1/3R2K1 b - - 1 20,0.0,b
r3r1k1/1p2ppb1/4bn1p/p4p2/1nPp1B2/Q2P1RPP/PP2q1B1/2R3K1 b - - 1 22,0.0,b
r3r1k1/1p2ppb1/4bn1p/p4p2/2Pp1B2/2QP1RPP/PPq3B1/6K1 b - - 1 24,0.0,b
r3r1k1/1p2ppb1/4bn1p/p4p2/2P2B2/2pP2PP/PP3RBK/1q6 b - - 3 26,0.0,b
r3r1k1/1B2ppb1/4bn1p/p3Bp2/2P5/3P2PP/Pp3R1K/q7 b - - 2 28,0.0,b
B3r1k1/4pp2/4b2p/p3bp2/2P3P1/3P2P1/Pp3R1K/q7 b - - 0 30,0.0,b
r5k1/4pp2/4b2p/p3bP2/2P5/3P2PK/P4R2/qq6 b - - 1 32,0.0,b
r5k1/4pp2/7p/p3bb2/2P3P1/3P3K/P6R/q6q b - - 0 34,0.0,b
4rrk1/1pb2pp1/p1p2nq1/P1Pp1b2/1P1BnP2/3BP2p/R5PP/3QNRK1 w - - 4 25,1.0,w
4rrk1/1pb2pp1/p1p2nq1/P1Pp4/1P1B1P2/3bPNPp/R5P1/3Q1RK1 w - - 0 27,1.0,w
4rrk1/1pb2pp1/p1p2n2/P1Pp4/1P1BqP1N/3bP1P1/R5Pp/3QR1K1 w - - 0 29,1.0,w
5rk1/1pb1rpp1/p1p2n2/PbPp4/1P1BqP1N/4P1P1/3R2PK/3QR3 w - - 3 31,1.0,w
5r1k/1pb1rp2/p1p2p2/PbPp4/1P2qPQN/4P1P1/3R2PK/4R3 w - - 2 33,1.0,w
6rk/1pb1rp2/p1p2p2/PbP2P1R/1P2q1QN/4P1P1/6PK/4R3 b - - 0 35,1.0,b
r4rk1/pp2b1np/2p1b1p1/3p1p2/6P1/1NP4P/PP6/R1BB1R1K b - - 2 23,1.0,b
5rk1/pp2b1np/2p1b1p1/3p4/6B1/1NP4P/PP6/R1B4K b - - 0 25,1.0,b
4r1k1/pp2b1np/2p3p1/3p4/6P1/1NP5/PP4K1/R1B5 b - - 2 27,1.0,b
4r1k1/pp4np/2p3p1/3pb3/6P1/1NP5/PP1B2K1/7R b - - 6 29,1.0,b
4r1k1/1N4np/p1p3p1/4b3/3p2P1/2P5/PP1B2K1/7R b - - 0 31,1.0,b
6k1/6np/p1p1r1p1/2N1b3/6P1/2P5/P2B2K1/7R b - - 2 33,1.0,b
3r2k1/6np/p1p3p1/4b3/6P1/1NP5/P2B2K1/4R3 b - - 6 35,1.0,b
6k1/6np/p1p3p1/8/6P1/2b5/P2NR1K1/8 b - - 1 37,1.0,b
5k2/6np/p1p3p1/8/3bR1P1/8/P5K1/1N6 b - - 5 39,1.0,b
8/b4knp/p1p3p1/8/2R3P1/2N5/P5K1/8 b - - 9 41,1.0,b
1b6/5knp/R5p1/2p5/6P1/2N5/P5K1/8 b - - 0 43,1.0,b
8/R4k1p/4n1p1/2p1b3/4N1P1/8/P5K1/8 b - - 4 45,1.0,b
8/R1n2k1p/N2b2p1/8/6P1/8/P5K1/8 b - - 2 47,1.0,b
8/R3k2p/6p1/1N2b3/6P1/8/P5K1/8 b - - 2 49,1.0,b
8/3R4/5kp1/1N2b3/6P1/8/P5K1/8 b - - 2 51,1.0,b
8/7R/5kpb/8/3N2P1/8/P5K1/8 b - - 6 53,1.0,b
8/8/5kp1/8/6P1/8/P1N3K1/2b4R b - - 10 55,1.0,b
8/5k2/6p1/6b1/6P1/8/P1N3K1/5R2 b - - 14 57,1.0,b
8/8/4k1p1/8/3N2Pb/8/P5K1/1R6 b - - 18 59,1.0,b
8/4b3/6p1/3k4/6P1/5N2/P5K1/3R4 b - - 22 61,1.0,b
8/4bk2/6p1/4N3/6P1/8/P5K1/4R3 b - - 26 63,1.0,b
8/4bk2/6p1/4N3/6P1/8/P5K1/4R3 b - - 30 65,1.0,b
8/3kN3/8/8/6P1/8/P5K1/4R3 b - - 0 67,1.0,b
8/4Nk2/8/8/6P1/8/P5K1/4R3 b - - 4 69,1.0,b
8/4N1k1/8/6P1/8/8/P5K1/5R2 b - - 2 71,1.0,b
7k/5R2/8/5NP1/8/8/P5K1/8 b - - 6 73,1.0,b
5R1k/8/6P1/5N2/8/8/P5K1/8 b - - 2 75,1.0,b
r1b1r1k1/pp3ppp/1npq1n2/8/2RN4/1P2P2P/P4PP1/1B1Q1RK1 w - - 1 16,1.0,w
r1b1r2k/pp1q1ppp/1nN2n2/8/8/1P2P2P/P4PP1/1BRQ1RK1 w - - 1 18,1.0,w
r1b4k/pp2rppp/1n1q1n2/8/3N4/1P2PQ1P/P4PP1/1BR2RK1 w - - 5 20,1.0,w
r6k/p3rppp/1npq1n2/8/6P1/1P2PQ2/P4PP1/1BR2RK1 w - - 0 22,1.0,w
rq5k/p3rppp/1nR5/8/6n1/1P2PQ2/P4PP1/1B1R2K1 w - - 0 24,1.0,w
r6k/p3rppp/1n6/4n3/8/1P2PQ2/P4PPq/1BRR1K2 w - - 4 26,1.0,w
n1R1r2k/p4ppp/8/4n3/8/1P2P3/P4PPq/1B1R1K2 w - - 2 28,1.0,w
3rr1k1/p2bqpp1/1pp2nnp/8/8/1P2P1NP/P1Q2PP1/1BR1R1K1 w - - 0 22,1.0,w
3rr3/p2bqpp1/1pp2nkp/8/8/1PQ1P1NP/P4PP1/2R1R1K1 w - - 0 24,1.0,w
3rrq2/p2b1pp1/1pp3kp/3n4/7P/1PQ1P1N1/P4PP1/2RR2K1 w - - 1 26,1.0,w
3rrq2/p2b1pp1/1pp4p/3nk2N/7P/1P2P3/P1Q2PP1/2RR2K1 w - - 5 28,1.0,w
3rrq2/p2b1pp1/1pp2k1p/8/4Q2P/1P2n1N1/P4PP1/2RR2K1 w - - 2 30,1.0,w
5rk1/Bp1b3p/2pb2p1/P2p4/6P1/1NP5/1n2B3/R5K1 b - - 1 34,1.0,b
6k1/Bp1b3p/2pb2p1/P2p4/6P1/1NP5/1n2K3/R7 b - - 0 36,1.0,b
6k1/Bp5p/2pb2p1/P2p4/8/1NP4b/1n6/R5K1 b - - 3 38,1.0,b
1b4k1/1p5p/P5p1/2Bp4/8/1NP4b/1n6/R5K1 b - - 0 40,1.0,b
Rb4k1/7p/6p1/2Bp4/8/1NPn3b/8/6K1 b - - 2 42,1.0,b
1R6/5k1p/6p1/2Np4/8/2P4b/8/6K1 b - - 0 44,1.0,b
8/5k1p/3Rb3/2Np2p1/8/2P5/8/6K1 w - - 3 47,1.0,w
5k2/7p/3R4/2Np4/6p1/2P5/8/6K1 w - - 2 49,1.0,w
6k1/7p/8/2NR4/6p1/2P5/5K2/8 w - - 3 51,1.0,w
7k/3R4/7p/8/4N1p1/2P5/5K2/8 w - - 0 53,1.0,w
7k/3R4/5N2/7p/8/2P3K1/8/8 w - - 0 55,1.0,w
r4rk1/ppb1qpp1/2p2nbp/P1Pp4/1P1BnP2/3BP3/2Q3PP/RN3RK1 w - - 0 16,0.0,w
rr4k1/ppb1qpp1/P1p2n1p/2Pp1P1b/1P1Bn3/3BP3/2Q3PP/RN3RK1 w - - 1 18,0.0,w
r5k1/prb1qpp1/5n1p/1pPp1P1b/3Bn3/3BP3/2Q3PP/RN3RK1 w - - 0 20,0.0,w
r5k1/p1b2pp1/1rPq1n1p/1p1p1P1b/3Bn3/3BP3/2Q3PP/RN2R1K1 w - - 3 22,0.0,w
r5k1/p1bq1pp1/2r2n1p/1p1p1P1b/3Bn3/3BP1P1/1Q5P/RN2R1K1 w - - 2 24,0.0,w
1r4k1/p1b2pp1/2q2n1p/3p1P1b/3Bn3/4P1P1/1Q5P/RN2R1K1 w - - 0 26,0.0,w
1r4k1/p4pp1/1b3n1p/3p1P1b/3Bn3/4P1P1/7P/RNR3K1 w - - 1 28,0.0,w
1r4k1/5pp1/1pR4p/3p1P1b/4n1n1/4P1P1/7P/RN4K1 w - - 2 30,0.0,w
1r4k1/5pp1/1pR4p/5P1b/4p3/4n1P1/7P/R5K1 w - - 0 32,0.0,w
1r4k1/5p2/2R2Ppp/1p5b/4p3/4n1P1/7P/1R4K1 w - - 0 34,0.0,w
1r4k1/5p2/5Ppp/5n1b/1p2p3/6P1/2R4P/4R1K1 w - - 0 36,0.0,w
1r4k1/5p2/5Ppp/7b/4R3/1p4P1/2R5/6K1 w - - 0 38,0.0,w
1r4k1/5p2/5Ppp/7b/7R/2R3P1/8/1q4K1 w - - 0 40,0.0,w
1r4k1/5p2/5Ppp/7b/7R/2q3P1/8/6K1 w - - 0 42,0.0,w
6k1/5p2/5Ppp/8/6bR/2q3PK/1r6/8 w - - 4 44,0.0,w
2q3k1/5p2/5Ppp/8/6R1/6PK/1r6/8 w - - 4 47,0.0,w
2q3k1/5p2/5Ppp/8/6R1/6PK/1r6/8 b - - 8 49,0.0,b
4n3/p4pk1/1p3p1P/3P3P/PP1K1P2/3B4/8/8 b - - 0 39,1.0,b
8/p4pn1/1p3p1k/3P3P/PPBK1P2/8/8/8 w - - 3 42,1.0,w
8/p4p2/3P1p1k/1p5n/PPB2P2/2K5/8/8 w - - 0 44,1.0,w
3Q4/p4p2/5p1k/1P6/1PB2n2/2K5/8/8 b - - 0 46,1.0,b
2Q5/p4p2/5p2/1P6/1PB2n1k/2K5/8/8 b - - 4 48,1.0,b
8/Q4p2/5p2/1P6/1PB2n2/2K2k2/8/8 b - - 0 50,1.0,b
8/Q4p2/1P3p2/8/1P6/2K5/4k3/8 b - - 0 52,1.0,b
8/8/1P6/5Q2/1P6/2K2k2/8/8 b - - 0 54,1.0,b
8/1P6/8/1P3Q2/7k/2K5/8/8 b - - 0 56,1.0,b
6Q1/8/8/1P3Q2/8/2K5/6k1/8 b - - 2 58,1.0,b
6Q1/1P6/8/5Q2/8/2K5/8/7k b - - 0 60,1.0,b
1r1qr1k1/2p2pb1/1p1p3p/pPnPp1p1/P3P1n1/R2P2P1/1B3PBP/Q1R3K1 w - - 0 22,0.0,w
1r2r1k1/2pq1pb1/1p1p1n1p/pPnPp1p1/P3P3/R2P1PP1/1BR3BP/Q5K1 w - - 3 24,0.0,w
1r1qr1k1/2p2pb1/3p1n1p/pPpPp1p1/P3P3/R4PP1/1BR3BP/Q5K1 w - - 0 26,0.0,w
1r1q2k1/2p1rpb1/3p3p/QPpnp1p1/P3P3/R4PP1/1BR3BP/6K1 w - - 0 28,0.0,w
1r1q2k1/2p1rpB1/3p3p/QPpP2p1/P7/R4pP1/2R3BP/6K1 w - - 0 30,0.0,w
1r1q2k1/2p1rp2/3p3p/1PpP2p1/P7/2Q2RP1/2R3BP/6K1 w - - 2 32,0.0,w
r2q2k1/2p2p2/3p3p/1PpP2p1/P7/2Q3P1/4rRBP/6K1 w - - 0 34,0.0,w
3q2k1/2p2p2/3p3p/1PpP2p1/8/2Q3P1/r5BP/6K1 w - - 0 36,0.0,w
3q2k1/2p2p2/3p3p/1PpP2p1/8/6P1/4Q1BP/r5K1 w - - 4 38,0.0,w
6k1/2p2p2/3p3p/1PpP2p1/3q4/5BP1/4QK1P/r7 w - - 8 40,0.0,w
6k1/2p2p2/3p3p/1PpP4/3q2p1/5BPK/4Q2P/6r1 w - - 0 42,0.0,w
6k1/5p2/1p1p3p/2pq4/6B1/6PK/4Q2P/6r1 w - - 0 44,0.0,w
8/5pk1/1p1p3p/2p3q1/6B1/6PK/4Q2P/6r1 w - - 4 46,0.0,w
8/5pk1/1Q1p3p/2p5/6B1/6PK/7P/5qr1 w - - 1 48,0.0,w
8/5pk1/1Q1p3p/2p5/6B1/6PK/7P/5qr1 w - - 5 50,0.0,w
r2qrnk1/pp2bppp/2p1bn2/3Pp3/8/2PP1P2/PPBNQ1PP/R1B2R1K b - - 0 12,1.0,b
r2qr1k1/pp2bppp/4bnn1/3pp3/8/2PP1P2/PPBN1QPP/R1B1R2K b - - 3 14,1.0,b
r2qB1k1/pp2bppp/4bnn1/4p3/8/2pP1P2/PP1N1QPP/R1B1R2K b - - 0 16,1.0,b
r2qn1k1/pp3ppp/4b1n1/4p3/1b6/2PP1P2/P2N2PP/R1B1RQ1K b - - 0 18,1.0,b
r2qn1k1/pp3ppp/6n1/4p3/8/2bP1P2/bR1N2PP/2B1RQ1K b - - 1 20,1.0,b
r2qn1k1/pp3ppp/2b3n1/2R1p3/8/2bP1P2/3N2PP/2B1RQ1K b - - 5 22,1.0,b
r2qn1k1/pp3ppp/6n1/3bp3/1b6/3P1P2/1BRN2PP/4RQ1K b - - 9 24,1.0,b
r3n1k1/pp3ppp/6n1/3bB1q1/8/3P1P2/3R2PP/4RQ1K b - - 0 26,1.0,b
2r1n1k1/pp3ppp/6n1/3b4/3B4/3P1P2/3q2PP/4RQK1 b - - 1 28,1.0,b
3rn1k1/1p3ppp/1p4n1/3b4/8/3P1PP1/3q3P/4RQK1 b - - 0 30,1.0,b
3rR1k1/1p3ppp/1p4n1/8/8/3q1bPP/8/5QK1 b - - 0 32,1.0,b
4r1k1/1p3ppp/1p4n1/8/4b3/6PP/8/5QK1 b - - 2 34,1.0,b
4r1k1/1p3ppp/1pb5/4n3/8/6PP/8/1Q4K1 b - - 6 36,1.0,b
4r1k1/1p3ppp/1Qb5/8/8/6PP/3n1K2/8 b - - 0 38,1.0,b
4r1k1/1p3ppp/1Qb5/8/8/2n3PP/5K2/8 b - - 4 40,1.0,b
6k1/1p3ppp/1Q6/8/8/2n3PP/4r1b1/6K1 b - - 8 42,1.0,b
r3rnk1/pp2bppp/2p1bn2/3p3q/4PP2/2P5/PPBNQ1PP/R1B2R1K w - - 1 15,0.5,w
r3rnk1/pp1bbppp/2p5/3p1P1n/4P3/2P5/PPBN2PP/R1B2R1K w - - 1 17,0.5,w
3rrnk1/pp1bb1pp/2p1p3/3p1P1n/8/2P5/PPBN2PP/R1B2R1K w - - 0 19,0.5,w
3rrnk1/pp1bb1pp/2p2n2/3p1pP1/8/2P5/PPBN3P/R1B2R1K w - - 0 21,0.5,w
3rrnk1/pp1b2pp/2p5/3p1B2/8/2b5/PP1N3P/R1B2R1K w - - 0 23,0.5,w
3rrnk1/pp4pp/2p5/5R2/3p4/2P5/P2N3P/R1B4K w - - 0 25,0.5,w
5nk1/pp4pp/2p5/5R2/3r4/P7/3N3P/R1B1r2K w - - 1 27,0.5,w
4rnk1/pp1r2pp/2p5/5R2/8/P7/6KP/R1B2N2 w - - 5 29,0.5,w
4r1k1/pp1r2pp/2p5/5R2/3n4/P3B1K1/7P/R4N2 w - - 9 31,0.5,w
6k1/pp2r1pp/2p5/8/3r4/P4RK1/7P/R4N2 w - - 2 33,0.5,w
6k1/pp2r1pp/2p3r1/8/8/P3NRK1/7P/2R5 w - - 6 35,0.5,w
8/pp3kpp/2p3r1/8/8/P3N3/5K1P/2R5 w - - 0 37,0.5,w
8/pp3kpp/2pr4/8/8/P1R1N3/7P/4K3 w - - 4 39,0.5,w
3r4/pp3kpp/2p5/8/8/P1R1N1K1/7P/8 w - - 8 41,0.5,w
8/pp3kpp/8/2R5/8/P2r2K1/2N4P/8 w - - 1 43,0.5,w
8/pp4pp/5k2/2R5/8/P2K4/2N4P/8 w - - 0 46,0.5,w
8/pp4pp/5k2/8/3K4/P7/2N4P/8 w - - 2 48,0.5,w
8/pp1k2pp/8/8/3NK3/P7/7P/8 w - - 6 50,0.5,w
8/pp1k2pp/4N3/4K3/8/P7/7P/8 w - - 10 52,0.5,w
8/ppk4p/8/4K2N/8/P7/7P/8 w - - 3 54,0.5,w
8/pp5N/8/1k2K3/8/P7/7P/8 w - - 1 56,0.5,w
8/ppK4N/8/8/8/k7/7P/8 w - - 0 58,0.5,w
8/7N/2K5/p7/8/1k6/7P/8 w - - 2 60,0.5,w
8/8/2K5/8/4N3/pk6/7P/8 w - - 0 62,0.5,w
8/8/3K4/2N5/8/8/p1k4P/8 w - - 2 64,0.5,w
8/8/3K4/8/3qN3/7P/2k5/8 w - - 1 66,0.5,w
8/3K3q/8/8/8/7P/2k5/8 w - - 2 68,0.5,w
8/8/8/4K3/8/3k3q/8/8 w - - 2 70,0.5,w
8/3q4/8/4K3/8/4k3/8/8 w - - 6 72,0.5,w
8/3q1K2/8/8/8/4k3/8/8 w - - 10 74,0.5,w
6K1/3q4/8/4k3/8/8/8/8 w - - 14 76,0.5,w
8/4K3/8/3qk3/8/8/8/8 w - - 18 78,0.5,w
8/6K1/8/4k3/8/8/8/1q6 w - - 22 80,0.5,w
8/8/8/5k1K/8/8/8/6q1 w - - 26 82,0.5,w
8/8/8/5k2/8/7K/8/6q1 w - - 30 84,0.5,w
8/8/8/5k2/8/4q2K/8/8 w - - 34 86,0.5,w
8/8/8/8/5k2/8/3q3K/8 w - - 38 88,0.5,w
8/8/8/8/5k2/8/8/3q3K w - - 42 90,0.5,w
8/8/8/8/8/5k2/7K/q7 w - - 46 92,0.5,w
8/8/8/8/7K/5k2/8/q7 w - - 50 94,0.5,w
r5rk/1p1b1n1p/4pb2/p1p4R/1qPpBP2/3P1Nn1/P3P3/2BQ2RK w - - 1 29,0.0,w
r5k1/1p1b1n1R/4pb2/p1p5/1qPpBP2/3P1Nr1/P3P3/2BQ3K w - - 1 31,0.0,w
r7/1p3k2/4pb2/p1p5/bqPpBP2/3P1Nr1/P3P2K/2BQ4 w - - 2 33,0.0,w
r6r/1p3k2/4pb2/p1p2P2/bqPpB3/3P1N2/P2QP2K/2B5 w - - 1 35,0.0,w
r6r/1p6/5bk1/p1pB1p2/bqPp4/3P1N2/P2QP3/2B3K1 w - - 2 37,0.0,w
7r/rB6/5bk1/2p2p2/bpPp4/3P1N2/P3P3/2B3K1 w - - 1 39,0.0,w
7r/8/5bk1/2pB1p2/1pPp4/3P1N2/r3P3/2Bb1K2 w - - 0 41,0.0,w
4r3/8/5bk1/2pB1p2/1pPp4/3P1N2/r2Bb3/6K1 w - - 0 43,0.0,w
4r3/8/5bk1/3B1p2/2Pp4/1p1P4/r3b3/4N1K1 w - - 0 45,0.0,w
4r3/8/5bk1/2PB1p2/3p2b1/1p1P4/1r4N1/6K1 w - - 3 47,0.0,w
8/8/2P2b1k/3B1p2/3p1Nb1/1p1P4/1r6/4r1K1 w - - 1 49,0.0,w
rnbqk2r/ppppppbp/5np1/8/1P6/5NP1/PBPPPP1P/R2QKB1R b KQkq - 2 4,0.0,b
rnb1qrk1/ppppppbp/5np1/8/1P6/5NPB/PBPPPP1P/R2Q1RK1 b - - 6 6,0.0,b
rnb1qrk1/ppppppb1/5n1p/1P4p1/8/5NPB/PBPPPP1P/R2QR1K1 b - - 1 8,0.0,b
rnb1qrk1/ppppppb1/5n2/1P5p/6p1/5NP1/PBPPPPBP/R1Q1R1K1 b - - 1 10,0.0,b
rnb1qrk1/pppppp2/5B1b/1P5p/8/5BP1/P1PPPP1P/R1Q1R1K1 b - - 0 12,0.0,b
rnb1qr1k/pppp1p2/5p1b/1P5B/8/6P1/P1PPPP1P/1RQ1R1K1 b - - 0 14,0.0,b
rnb3rk/pppp1p2/5p1b/1P2q3/3P4/5BP1/P1P1PP1P/1RQ1R1K1 b - d3 0 16,0.0,b
rnb3rk/pppp1p2/5p2/1P2P3/8/5BP1/P1PbPP1P/1R1R2K1 b - - 2 18,0.0,b
rnb3rk/pppp1p2/5b2/1P6/8/5BP1/P1P1PPKP/1R1R4 b - - 1 20,0.0,b
rnb3r1/pppp1p2/5b1k/1P1B4/8/6P1/P1P1PPKP/1R1R4 b - - 5 22,0.0,b
rnb3r1/1ppp1pk1/1p3b2/3B4/8/6P1/P1PRPPKP/1R6 b - - 1 24,0.0,b
rnb4r/1ppp1pk1/1p6/6b1/5P2/1B4P1/P1PRP1KP/1R6 b - f3 0 26,0.0,b
rnb4r/1ppp1k2/1p3b2/5P2/8/6P1/P1PRP1KP/1R6 b - - 0 28,0.0,b
1nb5/1ppp1k2/1p3b2/5P2/8/6P1/r1PRP2r/1R4K1 b - - 1 30,0.0,b
1nb4r/1ppp1k2/1p6/3R1P2/8/2b3P1/r1P1PK2/1R6 b - - 5 32,0.0,b
1nb1r3/1ppp1k2/1p6/3R1P2/8/2bK2P1/2r1P3/1R6 b - - 3 34,0.0,b
1nb1r3/1ppp1k2/1p6/3r1P2/2K5/6P1/4P3/1R6 b - - 1 36,0.0,b
2b1r3/1ppp1k2/1pn5/5r2/8/1R1K2P1/4P3/8 b - - 3 38,0.0,b
2b1r3/1ppp1k2/1p6/3r4/3n4/1R4P1/4P3/2K5 b - - 7 40,0.0,b
2b1r3/1ppp1k2/1p6/3r4/3n4/2K3P1/4P3/8 b - - 3 42,0.0,b
2b5/1ppp1k2/1p6/3K4/4r3/6P1/4n3/8 b - - 0 44,0.0,b
8/pp2kp2/3n1p1p/3P4/1P1K4/P2B4/5PPP/8 w - - 8 33,1.0,w
3kn3/pp3p2/5p1p/3P4/1P6/P2B1K2/5PPP/8 w - - 12 35,1.0,w
3k4/pp3p2/3n1p1p/1B1P4/1P6/P2K4/5PPP/8 b - - 16 37,1.0,b
3k4/pp3p2/3n1p1p/3P4/PP6/4K3/5PPP/8 b - - 2 39,1.0,b
8/pp3p2/1k1n1p1p/3P4/PP6/4K3/5PPP/8 b - - 6 41,1.0,b
8/ppk2p2/3n3p/1P1P1p2/P4K2/8/5PPP/8 w - - 0 44,1.0,w
8/pp3p2/1k5p/3PKp2/P3n3/8/5PPP/8 w - - 0 46,1.0,w
8/pp3p2/7p/2kP1Kn1/P7/5P2/6PP/8 w - - 1 48,1.0,w
8/pp3p2/3P3p/2k1K1n1/P7/5P2/6PP/8 w - - 1 50,1.0,w
3Q4/1p3p2/p6p/4K1n1/Pk6/5P2/6PP/8 w - - 0 52,1.0,w
8/5p2/pp5p/k3K1n1/P2Q4/5P2/6PP/8 w - - 2 54,1.0,w
8/5p2/7p/kp2K1n1/7Q/5P2/6PP/8 w - - 0 56,1.0,w
8/5p2/7Q/1p2K3/1k6/5P2/7P/8 w - - 1 58,1.0,w
8/5Q2/8/k3K3/1p6/5P2/7P/8 w - - 0 60,1.0,w
8/8/1k6/3K4/8/1p3P2/Q6P/8 w - - 0 62,1.0,w
3k4/8/8/1Q1K4/8/5P2/7P/8 w - - 3 64,1.0,w
3k4/8/3K4/1Q6/8/5P2/7P/8 w - - 7 66,1.0,w
2brr1k1/p3qppp/1p3n2/2p5/2Q4n/PP2P1NP/5PP1/1BR1R1K1 b - - 2 24,0.0,b
3rr1k1/p3qppp/1p2bn2/2p5/7Q/PP2PPNP/5P2/1BR1R1K1 b - - 2 26,0.0,b
3rr1k1/p3Qp1p/1p2b1p1/2p4n/8/PP2PPNP/2B2P2/2R1R1K1 b - - 0 28,0.0,b
3r2k1/p3rp1p/1p2b3/2p4p/8/PP2PP1P/2B2P1K/2R1R3 b - - 1 30,0.0,b
3r3k/p3rp1p/1p2b3/2p5/7p/PP2PP1P/2B2P1K/1R4R1 b - - 1 32,0.0,b
7k/p3rp1p/1p2b3/2p5/7p/PP2Pr1P/2B3RK/1R6 w - - 0 35,0.0,w
7k/p3rp1p/1p6/2pb4/7p/PP2P2r/2B2KR1/1R6 w - - 2 37,0.0,w
7k/p4p1p/1p6/2p5/4b2p/PP5r/5KR1/1R6 w - - 0 39,0.0,w
7k/p4p1p/1p6/2p5/7p/Pr6/6K1/1b4R1 w - - 0 41,0.0,w
7k/p4p1p/1p6/2p2b2/P7/1r5p/5K2/6R1 w - - 0 43,0.0,w
7k/p4p1p/8/p1p2b2/8/1r6/5K1p/R7 w - - 0 45,0.0,w
7k/p4p1p/8/2R2b2/8/5r2/5K2/7q w - - 1 47,0.0,w
7k/5p1p/p7/2R2b2/8/5r2/6q1/3K4 w - - 0 49,0.0,w
7k/5p1p/8/p4r2/8/8/6q1/2K5 w - - 0 51,0.0,w
7k/5p1p/8/5r2/8/p7/6q1/2K5 w - - 0 53,0.0,w
7k/7p/5p2/5r2/8/8/p5q1/2K5 w - - 0 55,0.0,w
1r2r1k1/2pq2b1/1p1p2pp/pPnPppn1/P3P3/R2P1PPB/1B5P/3QR1K1 w - - 5 26,0.0,w
1r1rq1k1/2p3b1/1p1p2pp/pPnPpPn1/P7/R2P1PP1/1B4BP/3QR1K1 w - - 1 28,0.0,w
1r1r2k1/2p5/1p1p1bqp/pPnPp1n1/P7/R2P1PP1/1B1Q2BP/4R1K1 w - - 2 30,0.0,w
1r1r2k1/2p2n2/1p3bqp/pPpPp3/P7/R4PP1/1B1Q2BP/4R1K1 w - - 0 32,0.0,w
1r4k1/2p2n2/1p3bqp/pPpr4/P3pP2/R5P1/1B1Q3P/4R1KB w - - 0 34,0.0,w
1r4k1/2p2nq1/1p5p/pPpQ4/P3BP2/R5P1/1b5P/4R1K1 w - - 1 36,0.0,w
1r4k1/2p2nq1/1p5p/pP1Q4/P2pBP2/6P1/7P/4R1K1 w - - 0 38,0.0,w
1r3qk1/5n2/1p5p/pPp5/P2QBP2/6P1/7P/4R1K1 w - c6 0 40,0.0,w
2rq2k1/5n2/1pP4p/p7/P3BP2/2Q3P1/7P/4R1K1 w - - 3 42,0.0,w
3q2k1/3r1n2/1p5p/p7/P3BP2/3Q2P1/7P/4R1K1 w - - 2 44,0.0,w
6k1/2r2n2/1p5p/p7/P3BP2/6P1/7P/4R1K1 w - - 0 46,0.0,w
8/2r3k1/1p1n3p/p2B4/P4P2/6P1/7P/1R4K1 w - - 4 48,0.0,w
8/6k1/1R1n3p/p7/P4P2/6P1/r6P/6K1 w - - 0 50,0.0,w
8/6k1/R6p/p7/5P2/6P1/r6P/6K1 w - - 2 52,0.0,w
8/6k1/R6p/8/5P2/p5P1/r6P/6K1 w - - 0 54,0.0,w
8/8/5k1p/8/5PP1/r7/7P/6K1 w - - 1 56,0.0,w
8/8/5k1p/8/5PP1/8/1r3K1P/8 w - - 5 58,0.0,w
8/8/5k1p/8/5PP1/r5KP/8/8 w - - 1 60,0.0,w
8/8/5k1p/5P2/6PK/r6P/8/8 w - - 1 62,0.0,w
8/8/5k2/5Pp1/6K1/2r4P/8/8 w - - 2 64,0.0,w
8/8/5k2/5P2/5K2/2r4p/8/8 w - - 0 66,0.0,w
8/8/5k2/5P2/5K2/2r5/8/7q w - - 0 68,0.0,w
8/8/5k2/5P2/2r4K/5q2/8/8 w - - 4 70,0.0,w
3r1k2/p2r1ppp/1p2bn2/1P6/4P2n/5PNP/4B1P1/R3R1K1 w - - 5 36,0.0,w
3r1k2/p2r1ppp/1p2b3/1P1nP3/8/3B1PNP/6n1/R3R1K1 w - - 0 38,0.0,w
3r1k2/p2r1ppp/1p2b3/1P2P3/8/3n1PNP/7K/R3R3 w - - 0 40,0.0,w
3r1k2/p2r1ppp/1p2b3/1P2P3/8/R4PNn/7K/R7 w - - 0 42,0.0,w
3r1k2/R4ppp/1p2b3/1P2P3/8/5PNn/8/R2r3K w - - 3 44,0.0,w
5k2/R4ppp/1p2b3/1P2P3/8/5P1n/3rN1K1/r7 w - - 0 46,0.0,w
5k2/5ppp/1p2b3/1P2r3/8/5PKn/8/R7 w - - 0 48,0.0,w
8/4kppp/1p2b3/1P4r1/8/5PKn/8/7R w - - 4 50,0.0,w
8/4kppp/1p2b3/1r6/7K/5P1n/8/4R3 w - - 0 52,0.0,w
8/4kppp/1p2b3/1r6/5P2/6Kn/8/4R3 w - - 1 54,0.0,w
8/4kppp/1p2R3/8/5P2/6rn/8/8 b - - 0 56,0.0,b
8/4k1pp/1p2P3/8/8/2r4n/8/8 b - - 0 58,0.0,b
8/pp3pkp/5p2/3P4/1Pn5/P7/2B2PPP/5K2 w - - 3 29,1.0,w
8/pp3pkp/5p2/3P4/PPn5/8/2B1KPPP/8 w - - 3 31,1.0,w
8/pp3p1p/3P1p1k/P3n3/1P6/8/2B1KPPP/8 w - - 1 33,1.0,w
8/pB3p1p/3P1p2/P3nk2/1P6/8/4KPPP/8 w - - 1 35,1.0,w
8/p4p2/3P1p1p/PP1B1k2/6n1/8/4KPPP/8 w - - 1 37,1.0,w
3Q4/p4B2/5p1p/PP2k3/6n1/8/4KPPP/8 b - - 0 39,1.0,b
8/p7/4Bp1p/PP1Q4/5k2/8/4KPPn/8 b - - 3 41,1.0,b
r1bqk2r/ppnnbppp/2p1p3/8/2PP4/2N5/PP3PPP/R1BQRBK1 b kq - 2 9,1.0,b
r1bq1k1r/ppnn1ppp/2pbp3/8/2PP4/2NBB3/PP3PPP/R2QR1K1 b - - 6 11,1.0,b
r1bq1k1r/ppn2ppp/3bpn2/2p5/2PP4/2NBBQ1P/PP3PP1/R3R1K1 b - - 0 13,1.0,b
r1bq1k1r/ppn2ppp/4pn2/8/2PB4/2NB1Q1P/PP3PPK/R3R3 b - - 0 15,1.0,b
r4k1r/ppnb1ppp/4pn2/8/2PqN3/3B1Q1P/PP3PPK/3RR3 b - - 3 17,1.0,b
3r1k1r/ppn2ppN/2b1p3/8/2Pq4/3B1Q1P/PP3PPK/3RR3 b - - 0 19,1.0,b
3r3r/ppn1kpQN/1qb1p3/8/2P5/3B3P/PP3PPK/3RR3 b - - 0 21,1.0,b
3rnQ2/pp2kp1N/2b1p3/8/2P5/3B3P/PP3qPK/3RR3 b - - 1 23,1.0,b
3rn1Q1/pp1k1p1N/2b1p3/8/2P5/7P/PqB3PK/3RR3 b - - 1 25,1.0,b
2krn3/pp5N/4p3/3b4/2P5/7P/PqB2QPK/3RR3 b - - 2 27,1.0,b
2k1n3/pp5N/4p3/8/2P5/7P/Pq4QK/3BR3 b - - 0 29,1.0,b
2k1n3/pp5N/4R3/8/BqP5/7P/P5QK/8 b - - 0 31,1.0,b
2k5/ppn5/8/6N1/q1P1R3/7P/P5QK/8 b - - 3 33,1.0,b
2k5/ppnQ4/8/6N1/2P1R3/7P/P6K/8 b - - 0 35,1.0,b
8/ppn5/3k4/6N1/2P1R3/7P/P4K2/8 b - - 3 37,1.0,b
8/pp1k4/n7/6N1/2PR4/5K1P/P7/8 b - - 7 39,1.0,b
8/pp2k3/8/2N5/1nPR4/5K1P/P7/8 b - - 11 41,1.0,b
8/p3R3/8/2p5/1nP5/5K1P/P7/8 w - - 0 44,1.0,w
8/p7/8/3PR3/2p5/5K1P/P7/8 w - - 0 46,1.0,w
8/p7/8/3PR3/P7/5K1P/2p5/8 w - - 0 48,1.0,w
2b3k1/1p5p/2p3p1/P2r4/2pB2P1/2P5/6K1/R7 w - - 3 41,0.0,w
2b5/5k1p/p1p3p1/3r4/2pB2P1/2P2K2/8/R7 w - - 2 43,0.0,w
8/5k1p/p1p1b1p1/8/R1pP2P1/5K2/8/8 w - - 1 45,0.0,w
8/5k1p/2p3p1/8/2pP2P1/5b2/8/R7 b - - 1 47,0.0,b
8/5k1p/6p1/3p4/2p3b1/8/8/5R2 b - - 1 49,0.0,b
r1b1r1k1/pp1n1ppp/2pq1n2/8/2PN4/4P2P/P4PP1/1BRQ1RK1 b - - 0 15,0.0,b
r1b1r1k1/pp1n1ppp/5n2/2p5/1qP5/4PQ1P/P1N2PP1/1BR2RK1 b - - 1 17,0.0,b
r1b1r2k/pp1n1ppp/5n2/2p5/2P5/4PQ1P/PqNR1PP1/1BR3K1 b - - 5 19,0.0,b
r1b1r2k/pp1n1ppp/5n2/2p5/2P5/4PQPP/PqN2P2/1B1R2K1 b - - 0 21,0.0,b
r1b1r2k/pQ3ppp/5n2/2p5/2n5/4P1PP/PqN2P2/1B1R2K1 b - - 0 23,0.0,b
r1b1r2k/pq3ppp/5n2/2p5/8/4P1PP/P7/1B1RN1K1 b - - 0 25,0.0,b
r6k/pq3ppp/4bn2/2p5/8/4r1PP/P1B2K2/3RN3 b - - 3 27,0.0,b
r6k/pq3ppp/4bn2/2p5/8/6PP/P1N2K2/1R6 b - - 0 29,0.0,b
r6k/p4ppp/5n2/2p5/8/P5Pb/5K2/1q2N3 b - - 0 31,0.0,b
r6k/p4ppp/5n2/2p5/8/P2N1KPb/3q4/8 b - - 4 33,0.0,b
r2n1r1k/1p1bp1bp/6p1/p1pB1nN1/1qPp1P2/3P3P/P2BPR2/3Q2RK b - - 1 23,0.0,b
r2n1r1k/1p1bp1bp/1q4p1/p1pB2N1/2Pp1P1P/3PB3/P3PR2/3Q2RK b - - 0 25,0.0,b
r2n1r1k/1p1bp1bp/6p1/p1pB2N1/2P2P1P/3PR3/Pq2P3/3Q2RK b - - 0 27,0.0,b
r2n1r1k/1q1b2bp/4p1p1/p1p3N1/2P2P1P/3PR3/P3P1R1/3Q3K b - - 1 29,0.0,b
r2n3k/1q1b2bp/4p1p1/p1p5/2P1N2r/3PR3/P3P2R/3Q3K b - - 1 31,0.0,b
rq1n3k/3b2bp/4p1p1/p1p5/2P5/3PR1N1/P3P2K/3Q4 b - - 2 33,0.0,b
rq1n3k/7p/2b1p1p1/p1p5/2Pb4/3PR1N1/P2QP3/6K1 b - - 6 35,0.0,b
4r1k1/1pb1rpp1/p1p2n2/P1Pp4/1P3P2/3RPB2/5KRP/8 b - - 6 34,0.0,b
4r2k/1pb2pp1/p1p2n2/P1PprP2/1P4B1/3RP3/5KRP/8 b - - 2 36,0.0,b
4r3/1pb2ppk/p1p5/P1PprP2/1P2n1B1/3RPK2/R6P/8 b - - 6 38,0.0,b
4r3/1pb2ppk/p1p5/P1Pp1Pn1/1P2r3/3RPB2/R5KP/8 b - - 10 40,0.0,b
8/1pb2ppk/p1p5/P1Pp1Pn1/1P4B1/4r3/R5KP/8 b - - 1 42,0.0,b
8/1pb2ppk/p1p5/P1Pp1Pn1/1r6/8/R1B3KP/8 b - - 1 44,0.0,b
8/1p3ppk/p1p5/P1Pp1Pn1/6r1/8/R6b/3B1K2 b - - 1 46,0.0,b
8/1p3ppk/p1p5/P1Pp1Pn1/8/8/R3K2b/3r4 b - - 1 48,0.0,b
8/1p3ppk/p1p5/P1Pp1P2/4n3/8/2R1K2b/7r b - - 5 50,0.0,b
8/1pb2ppk/p1p5/P1Pp1P2/4n3/8/2R1K3/5r2 b - - 9 52,0.0,b
8/1pb2ppk/p1p5/P1Pp1P2/4n3/8/2K5/8 b - - 0 54,0.0,b
8/1p3ppk/p1p5/b1np1P2/8/4K3/8/8 b - - 1 56,0.0,b
8/5pp1/ppp5/b1np1Pk1/8/5K2/8/8 w - - 3 59,0.0,w
8/5pp1/ppp5/b1np1k2/8/4K3/8/8 b - - 1 61,0.0,b
8/5pp1/ppp5/2np2k1/8/2b3K1/8/8 w - - 5 64,0.0,w
8/5pp1/1pp5/2np2k1/p7/2b5/4K3/8 w - - 0 66,0.0,w
8/5pp1/1pp5/2n3k1/3p4/p1b5/2K5/8 w - - 0 68,0.0,w
8/5pp1/1pp5/2n3k1/8/p1b5/K2p4/8 w - - 0 70,0.0,w
8/5pp1/2p5/2n3k1/1p6/2b5/K2p4/8 w - - 0 72,0.0,w
8/8/2p2pp1/2n3k1/1p6/2b5/2Kp4/8 w - - 0 74,0.0,w
8/8/2p2pp1/2n3k1/8/2b5/1p1pK3/8 w - - 0 76,0.0,w
8/8/2p2pp1/2n3k1/8/2b5/5K2/1q1q4 w - - 0 78,0.0,w
8/8/2p2pp1/2n3k1/8/2bq3K/4q3/8 w - - 4 80,0.0,w
r2qkb1r/pp3ppp/2p1bn2/2npp3/4P3/1B1P1P2/PPP1Q1PP/RNB2R1K w kq - 5 9,0.0,w
r2qkb1r/pp3ppp/2p1bn2/4p1B1/4p3/1P1P1P2/PP2Q1PP/RN3R1K w kq - 0 11,0.0,w
r2q3r/pp1kbppp/2p1bn2/4p1B1/4P3/1P1P4/PP1NQ1PP/R4R1K w - - 3 13,0.0,w
r6r/pp1kqppp/2p1b3/4p3/4P1n1/1P1P1N2/PP2Q1PP/R4R1K w - - 0 15,0.0,w
r6r/pp1k1ppp/2p1b2q/4p3/3NP1n1/1P1P4/PP2Q1PP/2R2R1K w - - 4 17,0.0,w
1r1qr1k1/1ppn1pb1/3pbnpp/pP2p3/P3P3/R1PP2P1/1B1N1PBP/Q1R3K1 b - - 0 17,0.0,b
1rq1r1k1/1pp2pb1/3pbnpp/pPn1p3/P3P3/R1PP1PP1/1B1N2BP/1QR3K1 b - - 0 19,0.0,b
r1q3k1/1pp1rpb1/3pbnpp/pPn1p3/P1P1P3/RN1P1PP1/1B4BP/1QR3K1 b - - 2 21,0.0,b
r4qk1/1pp1rpb1/3pbnpp/pP2p3/P1P1P3/1RBP1PP1/6BP/1QR3K1 b - - 2 23,0.0,b
r3q1k1/1pp1rpb1/3pbnp1/pP2p2p/P1P1P3/1RBP1PP1/2R2KBP/1Q6 b - - 1 25,0.0,b
r3q1k1/1pp1rp2/3pbnpb/pP2p3/P1P1P2P/1RBP1P2/2R2KBP/7Q b - - 2 27,0.0,b
r5k1/1pP1rp2/3pbnp1/p3p3/q1P1Pb1P/1RBP1P2/2R2KBP/7Q b - - 0 29,0.0,b
2r3k1/1p2rp2/3pbnp1/p3p3/2P1Pb1P/1qBP1P2/2R2KBP/3Q4 b - - 1 31,0.0,b
2rq2k1/1p2rp2/3pbnp1/p3p3/2P1Pb1P/2BP1P2/2R1K1BP/3Q4 b - - 5 33,0.0,b
2rq2k1/1p2rp2/3pbnp1/p3p3/2P1P2P/2BP1Pb1/1R2K1B1/7Q b - - 3 35,0.0,b
3q2k1/1p2rp2/3pb1p1/p3p2n/2P1P2P/1RB2Pb1/4K1B1/7Q b - - 0 37,0.0,b
3q2k1/1p2rp2/3p2p1/B3p2n/4P2P/1b3Pb1/3K2B1/7Q b - - 0 39,0.0,b
6k1/1p2rp2/3p2p1/q3p3/4Pn1P/1b3Pb1/6B1/5K1Q b - - 3 41,0.0,b
6k1/1p2rp2/3p2p1/q3p3/2b1P2P/5Pb1/4n1B1/5K1Q b - - 7 43,0.0,b
6k1/1p2rp2/3p2p1/q3p3/2b1P2P/5Pb1/4n1B1/5K1Q b - - 11 45,0.0,b
7k/1p1b1nrp/1q2p3/p1p2nPR/2PpB3/3P4/P3PK2/2B4Q b - - 0 33,0.0,b
6k1/3b1nrp/B3p3/p1p2nPR/2Pp4/3P4/P3PK2/1qB4Q b - - 2 35,0.0,b
Q5k1/3b2rp/Bq2p3/p1p2nnR/2Pp1B2/3P4/P3PK2/8 b - - 3 37,0.0,b
8/1B1b1krp/4p3/p1p2nnR/2Pp1B2/3P4/P3PK2/8 b - - 0 39,0.0,b
6r1/1B1b1k2/4p2p/p1p1Bnn1/2Pp4/3P4/P3PK2/7R b - - 3 41,0.0,b
6r1/1B1bkn2/4p2p/p1p2n2/2Pp1B2/3P4/P3PK2/2R5 b - - 7 43,0.0,b
4b1r1/4k3/3np2p/p1p2n2/2Pp1B2/3P1B2/P3PK2/6R1 b - - 11 45,0.0,b
4b3/4k3/3np2p/p1p5/2Pp1BBn/3P4/P3P3/6K1 b - - 2 47,0.0,b
4b3/2B1kn2/4p1np/p1p5/2Pp2B1/3P4/P3PK2/8 b - - 6 49,0.0,b
4b3/4k3/1B2p1np/2p3nB/p1Pp4/3P4/P3PK2/8 b - - 3 51,0.0,b
8/B4b2/3kp1np/2p3nB/p1Pp4/3P2K1/P3P3/8 b - - 7 53,0.0,b
8/1k3b2/3Bp1np/2p3nB/p1Pp4/3P2K1/P3P3/8 b - - 11 55,0.0,b
8/5B2/3kp2p/2p3n1/p1Pp4/3P2K1/P3P3/8 b - - 0 57,0.0,b
8/8/3kp2p/2p1n2K/p1Pp4/3P4/P3P3/8 b - - 3 59,0.0,b
8/8/2n1p2p/2p1k3/p1Pp2K1/P2P4/4P3/8 b - - 2 61,0.0,b
8/8/2n1p2p/2p2k2/p1Pp4/P2P2K1/4P3/8 b - - 6 63,0.0,b
8/8/2n1p3/2p3kp/p1Pp4/P2P4/4P1K1/8 w - - 1 66,0.0,w
8/8/2n1p1k1/2p4p/p1P5/P2PpK2/8/8 w - - 2 68,0.0,w
8/8/2n1p1k1/2p5/p1P5/P2P1K1p/8/8 w - - 0 70,0.0,w
8/8/4p1k1/2p1n3/p1P5/P2PK3/7p/8 w - - 0 72,0.0,w
8/8/4p1k1/2p5/p2P4/n2K4/7p/8 w - - 0 74,0.0,w
8/8/4p1k1/2Pq4/p7/n7/3K4/8 w - - 2 76,0.0,w
8/8/4p1k1/4q3/p7/n4K2/8/8 w - - 2 78,0.0,w
8/8/4p1k1/4q3/2n5/p7/8/6K1 w - - 0 80,0.0,w
8/8/4p1k1/8/2n5/8/p6q/4K3 w - - 0 82,0.0,w
1r2r1k1/2pq1pb1/1p1pb1pp/pPnNp3/P1P1P1n1/R2P2P1/1B3PBP/Q1R3K1 w - - 6 21,1.0,w
1rq1r1k1/2p2pb1/1p1pbnpp/pPnNp3/P1P1P3/R2P1BP1/1B3P1P/Q2R2K1 w - - 10 23,1.0,w
1rq3k1/2p1rp2/1p1pbbpp/pPn1p3/P1P1P3/R2P1BP1/1B1R1P1P/Q5K1 w - - 2 25,1.0,w
1r2q1k1/2p1rp2/1p1pb1pp/pPn1p1b1/P1P1P3/R2P1BP1/1BR2P1P/4Q1K1 w - - 6 27,1.0,w
3rq1k1/2p1rp2/1p1pb1pp/pPn3b1/P1PBP3/R4BP1/2R2P1P/4Q1K1 w - - 1 29,1.0,w
3rq1k1/2p1rp2/1p1p2pp/pPn3P1/P1PBb3/R4BP1/2R2P2/4Q1K1 w - - 0 31,1.0,w
3rqk2/2p1Rp2/1p1p2pp/pPn3P1/P1PB4/R4bP1/5P2/4Q1K1 w - - 1 33,1.0,w
5k2/2p2p2/1p1p2pp/pPn3P1/P1PB4/4rbP1/5P2/4Q1K1 w - - 0 35,1.0,w
5k2/2p5/1p3ppP/pPnp4/P1PB4/4QbP1/5P2/6K1 w - - 0 37,1.0,w
8/2p1Q2P/1p3ppk/pPnp4/P1PB4/5bP1/5P2/6K1 w - - 3 39,1.0,w
3r2k1/pb3ppp/1p2rn2/4q3/2B1P2n/p5NP/4QPP1/2R1R1K1 w - - 0 29,1.0,w
3r2k1/pb3ppp/1p2qn2/8/4P2n/4Q1NP/p4PP1/2R1R1K1 w - - 0 31,1.0,w
3r2k1/pb3ppp/1p1q1n2/8/4PQ2/6NP/p4PK1/2R1R3 w - - 1 33,1.0,w
3r2k1/pb3ppp/1q3n2/1p6/4P3/5QNP/p4PK1/3RR3 w - - 2 35,1.0,w
1q4k1/pb3ppp/5n2/1p6/4P3/5QNP/p4PK1/3R4 w - - 2 37,1.0,w
1q4k1/p4ppp/8/1p6/4n3/7P/p3QPK1/3R4 w - - 0 39,1.0,w
3q2k1/p4ppp/8/1p6/4Q3/7P/5PK1/R7 w - - 1 41,1.0,w
q5k1/5ppp/8/1p6/4Q3/7P/5PK1/8 w - - 0 43,1.0,w
1r2r1k1/2p2qbn/1p1p2pp/pPnPpp2/P3P3/2RP1PPB/1B5P/3QR1K1 b - - 6 26,0.0,b
1r2r1k1/2p2qb1/1p1p1n1p/pPnPpp2/P1R5/3P1PPB/1B5P/3QR1K1 b - - 1 28,0.0,b
1r2r3/2p2kb1/1p1p1n1p/pPnPpp1q/P1R5/3P1PPP/1B6/3QRBK1 b - - 0 30,0.0,b
1r2r3/2p2kb1/1p1p1n1p/pPnPpP2/P1R4q/3P1P1P/1B6/3QRBK1 b - - 0 32,0.0,b
1r2r3/2p2kb1/1p1p1n1p/pPnPpq2/P1R5/3P1P1P/1B2B3/2Q1R1K1 b - - 1 34,0.0,b
1r6/4Rkb1/1p1p1n1p/pP1Ppq2/P7/3n1P1P/1B2B3/2Q1R1K1 b - - 0 36,0.0,b
1r6/4k1b1/1p1p1n1p/pP1PB3/P7/3B1P1q/8/2Q1R1K1 b - - 0 38,0.0,b
1r6/2Qnk1b1/1p1P3p/pP2p3/P7/3B1P1q/8/4R1K1 b - - 0 40,0.0,b
1r6/3n2b1/1p1P1k1p/pP2p3/P7/3B1Pq1/2Q5/4RK2 b - - 4 42,0.0,b
1r6/3n2b1/1p1P1k1p/pP2p3/P7/3B4/5K2/4R3 b - - 0 44,0.0,b
1r6/3n4/1p1b1k1p/pP2p3/P7/3B1K2/8/3R4 b - - 1 46,0.0,b
3r4/8/1p1b1k1p/pPn1p3/P7/5K2/2B5/3R4 b - - 5 48,0.0,b
3r4/8/1p1b1k1p/pP6/n3B3/5K2/8/2R5 b - - 1 50,0.0,b
3r4/8/1pB2k1p/pP6/8/b1n2K2/8/4R3 b - - 5 52,0.0,b
8/8/1pB2k1p/1P6/p7/b1nr4/6K1/5R2 b - - 1 54,0.0,b
8/8/1pB3kp/1P6/p7/b1nr4/6K1/4R3 w - - 5 57,0.0,w
8/8/1pB1R2p/1Pb3k1/p7/2nr4/8/5K2 w - - 9 59,0.0,w
8/8/1pB4p/1Pb3k1/p7/2n5/3r2K1/4R3 w - - 13 61,0.0,w
8/8/1pB4p/1Pb3k1/8/2n5/p2r4/R6K w - - 0 63,0.0,w
8/8/1pB4p/1Pb3k1/8/2n5/p7/R2r3K w - - 4 65,0.0,w
8/8/1pB4p/1Pb3k1/8/8/6K1/q2n4 w - - 0 67,0.0,w
8/8/1p5p/1qb3k1/8/5B1K/8/3n4 w - - 0 69,0.0,w
8/8/1p1b3p/6k1/8/8/7K/3B1q2 w - - 3 71,0.0,w
r3r1kb/pb2pp1p/1pnn2pP/8/P2P2q1/2PB1PN1/6P1/R1B1QRK1 b - - 0 19,1.0,b
3rr1kb/pb2pp1p/1pnn2pP/8/P2P3q/2PB1PN1/3B1KP1/R3QR2 b - - 4 21,1.0,b
3rr1kb/pb2pp1p/1p4BP/8/P2n3q/2P2PN1/3B1KP1/R3QR2 b - - 0 23,1.0,b
4r1kb/pb2pp1p/1p4BP/8/P6q/2P2PN1/3Q1K2/R4R2 b - - 0 25,1.0,b
4r1kb/pb2pp1p/1p4Bq/8/P4P2/2P1K1N1/3Q4/R4R2 b - - 0 27,1.0,b
3r2kb/pb2pp1p/1p4q1/5P2/P7/2P1K1N1/7Q/R4R2 b - - 0 29,1.0,b
3r2k1/pb2pp1p/1p6/4bPq1/P4R2/2P1K3/4N2Q/R7 b - - 4 31,1.0,b
6k1/pb2pp1p/1p6/5Pq1/P4Q2/2PK4/4N3/R7 b - - 0 33,1.0,b
6k1/p3pp1p/1p6/5PQ1/P7/2P5/2K1b3/R7 b - - 0 35,1.0,b
5k2/p3p2p/1p3p1Q/5P2/P7/2P5/1K2b3/R7 b - - 1 37,1.0,b
4k3/p3p2Q/1p3p2/5P2/P1b5/2P5/1K6/4R3 b - - 2 39,1.0,b
4k3/p3Q3/1p3p2/5P2/P1b5/2P5/1K2R3/8 b - - 0 41,1.0,b
3rr1kb/pb2pp1p/1p4pP/n7/P2Pq3/2P2B2/3B1PP1/1RQ2RK1 b - - 1 24,1.0,b
3rr1k1/pB2pp1p/1p3bpP/n7/P2P4/2Pq4/3B1PP1/1RQ1R1K1 b - - 0 26,1.0,b
2r1r1k1/pn2pp1p/1p3bpP/8/P2P4/2PqB3/5PP1/1RQ1R2K b - - 3 28,1.0,b
2rr2k1/p3pp1p/1p1n1bpP/8/P2P4/2Pq1P2/5BP1/1RQ1R2K b - - 2 30,1.0,b
2rr2k1/p3pp1p/1p1n2pP/4Q3/P2P4/2P2P2/2q2BP1/1R2R2K b - - 2 32,1.0,b
2rr2k1/p4n1p/1p3QpP/8/P2P4/2P2P2/2q2BP1/1R2R2K b - - 0 34,1.0,b
2rr2k1/p4n1p/1p2Q1p1/1R6/P2P4/2P2P2/2q2BP1/4R2K b - - 3 36,1.0,b
2r1Q1k1/p4n1p/1p4p1/8/P2P4/2P2P2/5qP1/1R2R2K b - - 0 38,1.0,b
8/p4nkp/1p4p1/8/P2PR3/2P2P2/5qP1/1R5K b - - 2 40,1.0,b
1q6/p3Rnkp/1p4p1/8/P2P4/2P2P2/6P1/1R4K1 b - - 6 42,1.0,b
1q6/p4n1p/1p3k2/P5p1/3P4/2P2P2/6P1/1R2R1K1 b - - 0 44,1.0,b
3n4/P6p/5k2/6p1/3P4/2P2Pq1/6P1/1R2R1K1 b - - 0 46,1.0,b
Q7/7p/4nk2/6p1/3P4/2P2P2/6P1/4R1K1 b - - 0 48,1.0,b
Q7/7p/5k2/8/3P2P1/8/6P1/4R1K1 b - - 0 50,1.0,b
8/4Q2p/5k2/8/3P2P1/8/6P1/4R1K1 b - - 4 52,1.0,b
8/4Q3/4R1kp/8/3P2P1/6P1/8/6K1 b - - 1 54,1.0,b
1r1qr1k1/1ppn1pb1/3pbnpp/pP2p3/P7/R1BPP1P1/2PN1PBP/Q3R1K1 b - - 4 15,1.0,b
1rq1r1k1/1ppn1pb1/4bnpp/pP1pp3/P7/2BPP1P1/2PN1PBP/R1Q1R1K1 b - - 1 17,1.0,b
1rq1r1k1/1ppn1p2/3bbnpp/BP1pp3/P7/3PPNP1/2P2PBP/R1Q1R1K1 b - - 2 19,1.0,b
r1q3k1/1ppnrp2/3bbnpp/1P1pp3/P3P3/2BP1NP1/2P2PBP/R1Q1R1K1 b - - 0 21,1.0,b
r1q3k1/1ppnrp2/3b1npQ/1P2p3/P2pP1b1/3P1NP1/1BP2PBP/R3R1K1 b - - 1 23,1.0,b
r3q1k1/1ppnrp2/3b1npQ/1P2p2b/P2pP1P1/3P1N1P/1BP2PB1/R3R1K1 b - - 0 25,1.0,b
r3q1k1/1ppnrp2/5nPQ/1P2p3/P2pP3/3P1N1P/1BP2PB1/R3b1K1 b - - 0 27,1.0,b
r3q1k1/1ppnr3/5npQ/1P2p3/P2NP3/3P3P/1BP2KB1/R7 b - - 0 29,1.0,b
r3q3/1ppnrk2/6pQ/1P2p3/P3P3/5N1P/1BP2KB1/R7 b - - 0 31,1.0,b
r3q3/1pp2k2/5np1/1P2r3/P3PQ2/7P/1BP2KB1/R7 b - - 1 33,1.0,b
r3q3/1p2rk2/5np1/1P6/P3P3/2Q4P/1BP2KB1/R7 b - - 2 35,1.0,b
r3q3/1p3k2/5Qp1/1P6/P3r3/7P/1BP2K2/R7 b - - 1 37,1.0,b
r4rk1/pp2ppbp/1qn2np1/2pb4/3p1P2/Q1PP1NP1/PP1BP1BP/R4R1K w - - 6 12,0.0,w
r3r1k1/pp2ppbp/1qn1bnp1/2p5/2Pp1P2/Q2P1NP1/PP1BP1BP/R3R2K w - - 3 14,0.0,w
3rr1k1/pp2ppbp/1qn1b1p1/2p4n/2Pp1P1P/Q2P1NP1/PP1BP1B1/R3R1K1 w - - 1 16,0.0,w
3rr1k1/pp3pbp/1qn1p1p1/2pB1bNn/2Pp1P1P/Q2P2P1/PP1BP3/R3R1K1 w - - 0 18,0.0,w
3rr1k1/pp3pb1/1qn1p2p/2p2bNp/2Pp1P1P/Q2P2P1/PP1BP3/R3R1K1 w - - 0 20,0.0,w
3rr1k1/pp3p2/1qn1p2p/2p4p/2Pb1PbP/Q2P2P1/PP1BP3/R3R1K1 w - - 0 22,0.0,w
3rr1k1/pp3p2/1qn1p2p/2p4p/2P2PbP/Q1BP2b1/PP2P3/R3R2K w - - 0 24,0.0,w
3rr1k1/ppq2p2/2n1p2p/2p4p/2P2Pbb/Q1BP4/PP2P1R1/R6K w - - 2 26,0.0,w
3rr3/pp3p1k/2nqp2p/2p4p/2P2Pbb/Q1BP4/PP2P1R1/3R2K1 w - - 6 28,0.0,w
4rq2/ppBr1p1k/2n1p2p/2p4p/2P2Pbb/Q2P4/PP2P1R1/3R2K1 w - - 10 30,0.0,w
4rq2/pQBr1p1k/2n1p2p/2p4p/2P2P1b/3P4/PP2P1b1/3R2K1 w - - 0 32,0.0,w
4r3/pQB2pqk/2n1p2p/2p4p/2P2P1b/3r4/PP2P3/3R3K w - - 0 34,0.0,w
4r3/p1B2p1k/2Q1p2p/2p4p/2P2P1b/3P3q/PP6/3R3K w - - 1 36,0.0,w
4rrk1/1pb2pp1/p1p1qn2/P1Pp4/1P1BnPbp/3BPR2/RQ4PP/4N1K1 w - - 2 22,1.0,w
2q1rrk1/1pb2pp1/p1p2n2/P1Pp4/1P1BnP1p/3BPb1P/R5P1/2Q1N1K1 w - - 0 24,1.0,w
2q2rk1/1pb1rpp1/p1p2n2/P1Pp4/1P1B1P1p/3BPNnP/4R1P1/2Q3K1 w - - 3 26,1.0,w
4qrk1/1pb1rpp1/p1p2n2/P1Pp3n/1P1B1P1N/3BP2P/2R3P1/2Q3K1 w - - 1 28,1.0,w
4qrk1/1pb2pp1/p1p2n2/P1Pp1N1n/1P1BrP2/3BP2P/3R2P1/2Q3K1 w - - 5 30,1.0,w
3q1rk1/1pb2pp1/p1p5/P1Pp1N1n/1P1BnP2/4P2P/6P1/2QR2K1 w - - 2 32,1.0,w
3qr1k1/1pb2pp1/p1p5/P1Pp1N2/1P1BnnP1/4P2P/8/1Q1R2K1 w - - 0 34,1.0,w
3qr1k1/1p3pp1/p1p2n2/P1Pp1N2/1P1B1bP1/3Q3P/8/3R2K1 b - - 0 36,1.0,b
3q2k1/1p3pp1/p1p2n2/P1Pp4/1P4P1/3QN2P/8/3R2K1 b - - 0 38,1.0,b
3q1k2/1p3pp1/p1p5/P1Pp4/1P4Q1/4N2P/8/3R2K1 b - - 0 40,1.0,b
4q1k1/1p3pp1/p1p5/P1Pp4/1P4Q1/7P/2N2K2/3R4 b - - 4 42,1.0,b
2Q5/1p3ppk/p1p5/P1Pp4/1P1Rq3/7P/2N2K2/8 b - - 8 44,1.0,b
2Q5/1p3ppk/p1p5/P1Pp4/1P1R4/7P/4K3/1q6 b - - 3 46,1.0,b
2Q5/1p3ppk/p1p5/P1Ppq3/1P6/7P/3R4/3K4 b - - 7 48,1.0,b
2Q5/1p3ppk/p1p5/P1P4q/1P1R4/7P/8/2K5 b - - 0 50,1.0,b
2Q5/1p3ppk/p1p5/P1P5/1P6/7P/1K1R4/6q1 b - - 4 52,1.0,b
2QR4/1p3ppk/p1p5/P1P5/1P6/7P/2K5/8 b - - 0 54,1.0,b
3R4/5pp1/p1Q5/P1P2k2/1P6/7P/2K5/8 b - - 0 56,1.0,b
3R4/5pp1/3Q4/P1P1k3/1P6/7P/2K5/8 b - - 2 58,1.0,b
8/5R2/3Q4/P1P2kp1/1P6/7P/2K5/8 b - - 0 60,1.0,b
8/8/3Q4/P1P5/1P2kRpP/8/2K5/8 b - - 1 62,1.0,b
rnbqk2r/pp3ppp/2pb1n2/3pp3/2P5/2N1P3/PPQPBPPP/R1B2RK1 b kq - 3 6,0.0,b
rnbqk2r/pp3ppp/2pb4/4p3/2PpQ3/4P3/PP1PBPPP/R1B2RK1 b kq - 0 8,0.0,b
rn2k2r/pp3ppp/2pbbq2/3Pp3/2P1Q3/8/PP1PBPPP/R1B2RK1 b kq - 0 10,0.0,b
rn2k2r/pp3ppp/3b1q2/3Ppb2/Q7/8/PP1PBPPP/R1B2RK1 b kq - 2 12,0.0,b
rn5r/pp2kppp/3b1q2/3Pp3/8/8/PPQPBPPP/R1B1R1K1 b - - 0 14,0.0,b
r6r/p3kppp/p2b1q2/3Pp3/8/3Q4/PP1P1PPP/R1B1R1K1 b - - 1 16,0.0,b
1rr5/p3kppp/p2b1q2/3Pp3/6P1/3Q4/PP1P1PKP/R1B1R3 b - - 2 18,0.0,b
1rrk4/p4ppp/Q2b3q/3Pp3/6P1/8/PP1PRPKP/R1B5 b - - 2 20,0.0,b
1r6/p1rk1ppp/3b3q/3PpQ2/6P1/8/PP1PRPKP/R1B5 b - - 6 22,0.0,b
1r1k4/p1r2ppp/3b3q/3Pp3/4Q1P1/8/PP1PRPKP/1RB5 b - - 10 24,0.0,b
1r1k4/p1r3pp/3b4/3PpQq1/6P1/6K1/PP1PRP1P/1RB5 b - - 0 26,0.0,b
1r1k4/p1r3pp/3b4/3P1P2/4p1K1/8/PP1PRP1P/1RB5 b - - 1 28,0.0,b
1r1k4/p1r4p/5p2/3P4/4R1K1/8/PP1P1P1b/1RB5 b - - 0 30,0.0,b
3k4/p1r4p/3b1p2/1r1P4/8/7K/PP1PRP2/1RB5 b - - 4 32,0.0,b
3k4/p1r4p/3b1p2/8/3r4/4B2K/PP2RP2/1R6 b - - 1 34,0.0,b
3k4/p1r4p/r2b1p2/8/8/1P2B2K/P3RP2/4R3 b - - 2 36,0.0,b
3k4/Br5p/2rb1p2/8/8/1P5K/P2R1P2/4R3 b - - 0 38,0.0,b
8/r1k4p/2rb1p2/8/6K1/1P6/P2R1P2/3R4 b - - 3 40,0.0,b
8/7p/1kr2p2/8/6K1/1P6/r2R1P2/3R4 b - - 1 42,0.0,b
8/2k4p/2r2p2/8/6K1/1P1R4/5P2/8 b - - 2 44,0.0,b
8/2k4p/5p2/3r4/1P4K1/8/5P2/8 w - - 1 47,0.0,w
8/7p/1k3p2/1P6/3r4/5K2/5P2/8 w - - 1 49,0.0,w
8/7p/3r1p2/1k6/8/4KP2/8/8 w - - 0 51,0.0,w
8/7p/3r1p2/2k2P2/8/8/5K2/8 b - - 0 53,0.0,b
8/7p/5p2/2kr1P2/8/5K2/8/8 b - - 4 55,0.0,b
r1bqk2r/pp2ppbp/2n3p1/8/2n5/2PP4/P1B1NPPP/R1BQ1RK1 b kq - 0 11,1.0,b
r2qk2r/pp2ppbp/1nn3p1/8/6b1/2PP4/PBB1NPPP/R2QR1K1 b kq - 4 13,1.0,b
r2q3r/pp1kppbp/1nn1b1p1/8/5N2/2PP3P/PBB2PP1/R2QR1K1 b - - 2 15,1.0,b
r2q3r/pp1kp1bp/1n2p1p1/4n3/8/2PP3P/PBB2PP1/1R1QR1K1 b - - 1 17,1.0,b
r2q3r/pp1kp1bp/2n1p1p1/8/2nP4/2P4P/PBB1QPP1/1R2R1K1 b - - 2 19,1.0,b
r2q3r/ppk1p1bp/2n1Q1p1/8/3P4/2P4P/PRB2PP1/4R1K1 b - - 0 21,1.0,b
r4q1r/ppk1p2p/2n1Q1p1/4P3/4B3/2P4P/PR3PP1/4R1K1 b - - 2 23,1.0,b
r1q4r/ppk1p2p/2n3p1/4P3/4B3/1QP4P/PR3PP1/3R2K1 b - - 6 25,1.0,b
1rB4r/p1k1p2p/6p1/4n3/8/1QP4P/PR3PP1/3R2K1 b - - 0 27,1.0,b
2r5/p1k1p2p/6p1/4n3/8/1RP4P/P4PP1/3R1K2 b - - 1 29,1.0,b
8/p1r1p2p/2k3p1/4n3/5P2/2P4P/P5P1/1R1R1K2 b - f3 0 31,1.0,b
8/pR2pn1p/2k3p1/8/5P2/2P4P/P4KP1/3R4 b - - 0 33,1.0,b
1k6/p3Rn1p/6p1/8/5P2/2P4P/P4KP1/8 b - - 0 35,1.0,b
1k6/p6R/6p1/8/4nP2/2P2K1P/P5P1/8 b - - 2 37,1.0,b
1k6/p5R1/6p1/8/5P2/2n2K1P/6P1/8 w - - 1 40,1.0,w
8/p1k5/8/6R1/n4P2/5K1P/6P1/8 w - - 3 42,1.0,w
8/p1k5/8/2R5/2n2P2/5K1P/6P1/8 b - - 7 44,1.0,b
8/p2k4/8/8/R4P2/5K1P/6P1/8 b - - 2 46,1.0,b
8/8/R2k4/8/5P2/5K1P/6P1/8 b - - 2 48,1.0,b
8/8/R4P2/2k5/8/5K1P/6P1/8 b - - 0 50,1.0,b
8/5P2/8/8/2k5/5K1P/6P1/R7 b - - 0 52,1.0,b
5Q2/8/8/8/8/2k2K1P/6P1/1R6 b - - 2 54,1.0,b
8/8/8/8/8/Q4K1P/1k4P1/R7 b - - 6 56,1.0,b
8/8/8/8/8/Q4K1P/3k2P1/3R4 b - - 10 58,1.0,b
8/8/8/8/8/5KPP/1Q6/4k3 b - - 0 60,1.0,b
8/8/8/8/6P1/5K1P/8/2Q1k3 b - - 2 62,1.0,b
1r1qr1k1/1ppn1pb1/3p1npp/pP1Bp3/P7/R2PP1P1/1BPN1P1P/Q1R3K1 b - - 0 16,0.0,b
1r1qr1k1/1pp2pb1/1n1p2pp/pP1np3/P7/R1BPP1P1/Q1PN1P1P/2R3K1 b - - 3 18,0.0,b
1r2r1k1/1ppq1pb1/1n1p2pp/pP2p3/P7/1QRPP1P1/2PN1P1P/2R3K1 b - - 2 20,0.0,b
1r2r1k1/1ppq1p2/1n3bpp/pP1pp3/P7/1QRPP1P1/2PNRP1P/6K1 b - - 3 22,0.0,b
1r2r1k1/1ppqbp2/1n4pp/pP2p3/P2PN3/1QRP2P1/2P1RP1P/6K1 b - - 0 24,0.0,b
1r2r1k1/1pq1bp2/1n4pp/pP6/P2p4/1Q1P2P1/2PNRP1P/6K1 b - - 1 26,0.0,b
1r1qr1k1/1p2bp2/1n4pp/pP6/P2p4/1Q1P2PP/2PN1P2/4R1K1 b - - 0 28,0.0,b
1r1qR1k1/1p1n1p2/5bpp/pP6/P2p4/1Q1P1NPP/2P2P2/6K1 b - - 0 30,0.0,b
1r2q1k1/1p3p2/5bpp/pPn5/P1QN4/3P2PP/2P2P2/6K1 b - - 2 32,0.0,b
1r4k1/1p3p2/6pp/pPn5/P2Q4/3P2PP/2P2PK1/4q3 b - - 0 34,0.0,b
1r3qk1/1p3p2/6pp/pPn5/P2P1Q2/6PP/2P2PK1/8 b - - 0 36,0.0,b
r4qk1/1p3p2/6pp/pP6/n2P4/5KPP/2PQ1P2/8 b - - 3 38,0.0,b
r5k1/1p3p2/6pp/pP6/n2P4/3P1KPP/5P2/8 b - - 0 40,0.0,b
4r1k1/1p3p2/6pp/pP1P4/7P/3P1KP1/1n3P2/8 b - - 0 42,0.0,b
3r2k1/1p3p2/3P2pp/pP6/6PP/3n1K2/5P2/8 b - - 0 44,0.0,b
6k1/1p3p2/3r2p1/pP4P1/8/3n1K2/5P2/8 b - - 0 46,0.0,b
6k1/1p3p2/1r4p1/p5P1/8/3n4/4KP2/8 b - - 1 48,0.0,b
6k1/1p3p2/1r4p1/6P1/3K4/p7/5P2/8 b - - 1 50,0.0,b
6k1/1p3p2/4r1p1/6P1/1K6/8/p4P2/8 b - - 3 52,0.0,b
6k1/1p3p2/4r1p1/6P1/1K6/8/5P2/5q2 b - - 3 54,0.0,b
6k1/1p3p2/6p1/K5P1/4r3/8/5q2/8 b - - 3 56,0.0,b
6k1/1p6/5qp1/1K6/4r3/8/8/8 b - - 1 58,0.0,b
6k1/1p6/5q2/1K4p1/2r5/8/8/8 b - - 3 60,0.0,b
3rr1kb/pb2pp1p/1pnn2pP/8/P2P3q/2P3N1/4BPP1/1RB1QRK1 w - - 5 21,0.0,w
4r1kb/pb1rpp1p/1pnn2pP/8/P2P2q1/2P1B1N1/5PP1/1R2QRK1 w - - 0 23,0.0,w
4r1kb/1b1rpp1p/2nn2pP/Pp6/3P2q1/2P1B1N1/5PP1/4QRK1 w - - 0 25,0.0,w
4r1kb/3rpp1p/b2n2pP/1p1Pn3/6q1/2P1B1N1/5PP1/4QRK1 w - - 1 27,0.0,w
4r1k1/3rpp1p/b2n2pP/1p1Pb3/7q/2P3N1/5PP1/4QRK1 w - - 0 29,0.0,w
4r1k1/3rpp1p/b2n2pq/3PQ3/1pP5/6N1/5PP1/5RK1 w - - 0 31,0.0,w
4r1k1/3rpp1p/3n2pq/3b4/1p6/6N1/5PP1/4QRK1 w - - 0 33,0.0,w
4r1k1/3rpp1p/7q/3b2p1/1Q2N3/8/5PP1/5RK1 w - - 0 35,0.0,w
4r1k1/3Qpp1p/2q5/6p1/4b3/8/5PP1/5RK1 w - - 1 37,0.0,w
b3r1k1/4pp1p/8/6p1/8/8/5PP1/4R1K1 w - - 2 39,0.0,w
b5k1/4r2p/5p2/6p1/8/8/5PP1/6K1 w - - 0 41,0.0,w
8/4r1kp/5p2/3b2p1/8/6K1/5PP1/8 w - - 4 43,0.0,w
8/6kp/5p2/3b4/6p1/5P1K/4r1P1/8 w - - 0 45,0.0,w
8/6kp/5p2/3b4/8/4rPK1/8/8 w - - 1 47,0.0,w
8/5k1p/5p2/3b4/8/5r2/8/4K3 w - - 2 49,0.0,w
8/5k1p/8/3b4/5p2/5r2/3K4/8 w - - 0 51,0.0,w
b7/5k1p/8/8/5p2/5r2/1K6/8 w - - 4 53,0.0,w
8/1b3k1p/8/8/5p2/4r3/3K4/8 w - - 8 55,0.0,w
8/1b3k1p/8/8/5p2/4r3/3K4/8 w - - 12 58,0.0,w
8/1b3k1p/8/8/8/4r3/3K1p2/8 b - - 1 60,0.0,b
8/1b3k1p/8/8/3K4/5q2/8/8 b - - 2 62,0.0,b
8/1b3k1p/8/8/8/4q3/1K6/8 b - - 6 64,0.0,b
8/7p/5k2/3b4/8/4q3/8/1K6 w - - 10 68,0.0,w
8/7p/8/3b1k2/8/4q3/1K6/8 b - - 14 70,0.0,b
8/8/8/5k1p/4b3/4q3/1K6/8 b - - 3 72,0.0,b
8/8/8/3b1k2/7p/4q3/1K6/8 b - - 1 74,0.0,b
8/8/8/3b1k2/8/4q3/7p/1K6 b - - 1 76,0.0,b
5rk1/1p1b3p/p1pb2p1/P2p4/5nP1/1NP1B3/1P6/R2B2K1 w - - 0 33,0.5,w
4r1k1/1p1b3p/p1pb2p1/P2p4/3N2P1/2PnB3/1P6/1R1B2K1 w - - 4 35,0.5,w
8/1p1b1k1p/p1pb2pB/P2p4/3N2P1/2Pn4/1P4K1/1R1Br3 w - - 8 37,0.5,w
8/1p1bk2p/p1pb2pB/P2p2N1/6P1/2Pn4/1P4K1/1R1r4 w - - 2 39,0.5,w
3k4/1p1b3p/p1pb2pB/P2p2N1/6P1/2P5/1n4K1/4R3 w - - 2 41,0.5,w
3k4/1p5N/p1pb2pB/P2p4/2n3b1/2P5/4R1K1/8 w - - 0 43,0.5,w
8/1pkb4/p1pb1NpB/P2p4/2n5/2P5/6K1/4R3 w - - 4 45,0.5,w
8/1p1k4/p1pb2pB/n2p4/8/2P5/6K1/1R6 w - - 0 47,0.5,w
8/1p1k4/pRp3p1/n2p2B1/8/2b5/6K1/8 w - - 0 49,0.5,w
8/1p6/p1p1k1p1/n5B1/3p4/2b5/6K1/2R5 w - - 0 51,0.5,w
8/1p6/pR4p1/n1p2kB1/3p4/2b5/6K1/8 w - - 2 53,0.5,w
8/1p6/p5p1/n4k2/2p4B/2bp4/6K1/1R6 w - - 0 55,0.5,w
8/1p6/p5p1/n4k2/2pb3B/8/3p2K1/1R6 w - - 2 57,0.5,w
8/1p6/p7/n3bkp1/2p4B/5K2/3p4/1R6 w - - 0 59,0.5,w
8/1p6/p4k2/n3b3/2p5/5K2/3p4/6R1 w - - 2 61,0.5,w
8/1pb2k2/p7/n7/2p1K3/8/3p4/1R6 w - - 6 63,0.5,w
8/1pb5/p4k2/n7/2p1K3/8/3p4/6R1 w - - 10 65,0.5,w
8/1pb5/p5k1/n7/4K3/2p5/3p4/5R2 w - - 2 67,0.5,w
8/1pb5/p1n5/7k/4K3/2p5/3p4/R7 w - - 6 69,0.5,w
8/1pb1n3/p7/5K1k/8/2p5/8/3R4 w - - 1 71,0.5,w
3R4/1p6/p1n5/7k/4K3/2p3b1/8/8 w - - 5 73,0.5,w
8/1p6/p1n5/8/4K1k1/6b1/2p5/7R w - - 0 75,0.5,w
8/1p6/p1n5/8/5bk1/3K4/8/2R5 w - - 1 77,0.5,w
8/1p6/p3n3/8/4Kbk1/8/8/1R6 w - - 5 79,0.5,w
8/1p6/p7/2n5/4K1k1/6b1/8/1R6 w - - 9 81,0.5,w
8/1pb5/p7/2n5/6k1/4K3/8/3R4 w - - 13 83,0.5,w
8/1pb5/8/p1n5/3R4/6k1/4K3/8 w - - 0 85,0.5,w
8/1p6/1b6/p1n5/6k1/2R5/4K3/8 w - - 4 87,0.5,w
8/1p6/1b6/2n5/p1R5/6k1/4K3/8 w - - 2 89,0.5,w
8/1p6/1b6/2n5/p7/2R5/3K1k2/8 w - - 6 91,0.5,w
8/1p6/1b6/8/p7/1nK5/2R5/6k1 w - - 10 93,0.5,w
8/1p6/8/2n5/pK1b4/8/R7/6k1 w - - 14 95,0.5,w
8/1p6/8/2n5/p1K5/8/5k2/8 w - - 0 97,0.5,w
8/1p6/1K6/8/8/8/p4k2/8 w - - 0 99,0.5,w
8/8/1K6/4q3/8/8/5k2/8 w - - 2 101,0.5,w
8/3K4/5q2/8/8/8/8/5k2 w - - 6 103,0.5,w
8/1K6/3q4/8/8/8/8/5k2 w - - 10 105,0.5,w
1K6/4q3/8/8/8/8/4k3/8 w - - 14 107,0.5,w
1K6/3q4/8/8/8/3k4/8/8 w - - 18 109,0.5,w
1K6/3q4/8/8/8/3k4/8/8 w - - 22 111,0.5,w
rnbqk2r/ppb2ppp/2p2n2/2Ppp3/8/2N1P3/PPQPBPPP/R1B2RK1 b kq - 2 7,1.0,b
r2qk2r/ppbn1ppp/2p1bn2/2Ppp3/8/2N1PB2/PPQP1PPP/R1B1R1K1 b kq - 6 9,1.0,b
r2q3r/ppbnkppp/2p1bn2/2Pp4/4p2P/2N1P3/PPQPBPP1/R1B1R1K1 b - h3 0 11,1.0,b
r5qr/ppb1kppp/2p1bn2/2np4/4p2P/2N1PP2/PPQPB1P1/1RB1R1K1 b - - 0 13,1.0,b
r5qr/ppb1kppp/2p1bn2/3p4/7P/2NpPP2/PP1P2P1/1RBQR1K1 b - - 1 15,1.0,b
1r4qr/pp2kppp/2p1bn2/3pb3/7P/Q1NpPP2/PP1P2P1/1RB1R1K1 b - - 5 17,1.0,b
1r4qr/Qp1k1ppp/2p1bn2/3p4/7P/2NpPPb1/PP1P2P1/1RBR2K1 b - - 2 19,1.0,b
1r4qr/Qp1k1ppp/2p1b3/3p4/6PP/2NpP3/PP1P2PK/1RBR4 b - - 0 21,1.0,b
1r5r/1pqk1ppp/2p1b3/3p4/3Q2PP/2NpP1P1/PP1P3K/1RBR4 b - - 0 23,1.0,b
1r5r/1p1k1ppp/2pq4/3p4/N5QP/3pP1P1/PP1P3K/1RBR4 b - - 0 25,1.0,b
1r5r/1p2kppp/2p5/3pq3/6QP/2NpP1P1/PP1P3K/1RB2R2 b - - 4 27,1.0,b
3rr3/1p2kppp/2p5/3pq2P/6Q1/2NpP1P1/PP1P2K1/1RB2R2 b - - 0 29,1.0,b
3r3r/1p2kpPp/2p5/4q3/3p2Q1/2NpP1P1/PP1P2K1/1RB2R2 b - - 0 31,1.0,b
3r2r1/1p2k1Pp/2p2p2/4q3/3p4/2NpP1PQ/PP1P2K1/1RB2R2 b - - 1 33,1.0,b
3r2r1/1p2k1Pp/2p2p2/8/4q3/2PpP1PQ/P2P4/1RB2RK1 b - - 2 35,1.0,b
6r1/1R1rk1Pp/2p1qp2/8/8/B1PpP1PQ/P2P4/5RK1 b - - 2 37,1.0,b
3k2r1/1R1r2Pp/4Qp2/2B5/8/2PpP1P1/P2P4/5RK1 b - - 0 39,1.0,b
r2n3k/1p1bp1bp/3n2p1/p1pB1rN1/1qPp1P2/3P3P/P3PR2/2BQ2RK w - - 0 23,1.0,w
r2n3k/1p1bp1bp/6p1/p1pB1r2/2PpnP2/P1qP3P/4PR2/2BQ2RK w - - 0 25,1.0,w
r2n3k/1p1bp2p/5bp1/p1pP4/3pPP2/P1q4P/4PR2/2BQ2RK w - - 1 27,1.0,w
r2n3k/1p2p2p/5bp1/p1pP1P2/b3P3/P1qP3P/5R2/2BQ2RK w - - 1 29,1.0,w
r2n3k/1p2p2p/6P1/p1pP4/Q3P2b/P2q3P/5R2/2B3RK w - - 1 31,1.0,w
r4rk1/pp2ppbp/1qn2np1/2p5/3p1Pb1/Q1PP1NP1/PP2P1BP/R1B2R1K w - - 4 11,1.0,w
r2r2k1/pp2ppbp/1q3np1/2p5/3n1Pb1/Q2P1NP1/PP1BP1BP/R4R1K w - - 0 13,1.0,w
r5k1/ppq1ppbp/5np1/2p5/3r1Pb1/Q2P2P1/PP1BP1BP/R3R2K w - - 2 15,1.0,w
r2r2k1/ppq1ppbp/4bnp1/2p5/5P2/Q1BP2PP/PP2P1B1/R3R2K w - - 1 17,1.0,w
r2rn1k1/pp2ppbp/4b1p1/Q1p5/5P2/3P2PP/PP2P1B1/R3R2K w - - 1 19,1.0,w
r3n1k1/p3pp1p/4b1p1/Q1p5/5P2/3P2PP/Pb2P3/R3R2K w - - 0 21,1.0,w
3rn1k1/p3pp1p/4b1p1/2p5/5P2/3P2PP/P2QP3/R6K w - - 1 23,1.0,w
3rn3/p3ppkp/6p1/2R5/5P2/3P2Pb/P2QP3/7K w - - 1 25,1.0,w
r7/p3ppkp/5np1/2R5/5P2/2QP2Pb/P3P3/7K w - - 5 27,1.0,w
8/p3ppkp/5np1/R7/1Q3P2/3P2Pb/P3P3/2r4K w - - 9 29,1.0,w
8/p3ppkp/6p1/R7/1Q3P2/3P2PK/P3Pn2/2r5 w - - 1 31,1.0,w
8/p3ppkp/6p1/R7/1Q3P2/3P2P1/P1r3K1/8 w - - 1 33,1.0,w
5k2/p1r1pp1p/6p1/R7/3Q1P2/3P1KP1/P7/8 w - - 5 35,1.0,w
r1bqk1nr/pp1n1ppp/2pb4/3pp3/2P5/1P1BP3/PB1P1PPP/R2QK1NR w KQkq - 2 6,0.0,w
r1bqk1nr/pp3ppp/3b4/2npp3/8/1P2P3/PB1P1PPP/RB1QK1NR w KQkq - 0 8,0.0,w
r1b1k1nr/pp3ppp/3b1q2/2np4/4p3/BP2PN2/P2P1PPP/RB1QK2R w KQkq - 0 10,0.0,w
r1b1k1nr/pp3ppp/5q2/3p4/3bp3/1P2P3/P2P1PPP/RB1QK2R w KQkq - 0 12,0.0,w
r3k1nr/pp3ppp/4b3/3p4/3qp3/1P6/P1BP1PPP/R2QK2R w KQkq - 2 14,0.0,w
r3k1nr/pp3ppp/8/3p4/3q2b1/1P3p2/P1BPK1PP/R2Q3R w kq - 0 16,0.0,w
r5nr/pp1k1ppp/8/3p4/6q1/1P6/P1BPK2P/R2Q3R w - - 0 18,0.0,w
2r3nr/pp1k1ppp/8/3p4/4q3/1PK5/P1BP3P/R2Q3R w - - 4 20,0.0,w
2r3nr/pp1k1ppp/8/2qp4/8/KP6/P1BP3P/R2Q3R w - - 8 22,0.0,w
2r3nr/pp1k2pp/8/3p1p2/1P4Q1/K7/P1qP3P/R6R w - f6 0 24,0.0,w
7r/pp1kn2p/8/3p1p2/1P6/K7/P1qP3P/R6R w - - 0 26,0.0,w
7r/pp1kn2p/8/3p1p2/1P6/K1q5/P6P/3R3R w - - 2 28,0.0,w
7r/p2kn2p/8/Kp1p1p2/1P6/q7/P6P/3R3R w - - 2 30,0.0,w
1r6/p2kn2p/8/1K1p1p2/1P6/8/q6P/R6R w - - 2 32,0.0,w
7k/5n1p/2b3r1/p1p3PR/2Pp1B2/P2P4/4PK2/8 b - - 0 39,1.0,b
8/2B3kp/2b3r1/p1p3n1/2Pp3R/P2P4/4PK2/8 b - - 1 41,1.0,b
8/5k1p/2b3r1/2p3B1/p1Pp3R/P2P4/4PK2/8 b - - 0 43,1.0,b
8/5kr1/2b4R/2p5/p1Pp4/P2P4/4PK2/8 b - - 2 45,1.0,b
8/5k2/2b3r1/2p4R/p1Pp4/P2P4/4P3/4K3 b - - 6 47,1.0,b
8/5k2/2b5/2R5/p1Pp4/P2P4/3KP3/6r1 b - - 2 49,1.0,b
8/8/8/5R2/p1Pp4/P2P4/3KP3/6rb b - - 1 52,1.0,b
r2n1r1k/1p1bp1b1/6pp/p1pB1nN1/1qPp1P1P/3P4/P3PR2/2BQ2RK w - - 0 24,1.0,w
r2n1r2/1p1bp1bk/1q4pp/p1pB1n2/2Pp1P1P/3P1N2/P3P1R1/2BQ2RK w - - 4 26,1.0,w
r2n1r2/1p1bp1bk/1q4pp/p1pB4/2P2P1P/3PpN2/P3P1R1/4Q1RK w - - 0 28,1.0,w
r2n1r1k/1p1bp1b1/6qp/p1p5/2P1BP1P/3PpN2/P3P3/4Q1RK w - - 0 30,1.0,w
r2n3k/1p1bprb1/6Rp/p1p5/2P1B2P/3PpN2/P3P3/6QK w - - 2 32,1.0,w
4r1k1/1pb2p2/p1p1rnp1/P1Pp4/1P3P1P/3RPB2/5KR1/8 w - - 0 38,1.0,w
6k1/1pb2p2/p1p2np1/P1Pp1P2/1P2r2P/3RP3/5KR1/8 w - - 0 40,1.0,w
8/1pb2k2/p1p2n2/P1Pp4/1r5P/3RP3/5KR1/8 w - - 0 42,1.0,w
8/1pb2k2/p1p2n2/P1Pp4/7P/3RP3/6r1/5K2 w - - 0 44,1.0,w
8/1p3k2/p1p5/b1Pp4/4n2P/4P3/6K1/3R4 w - - 0 46,1.0,w
8/1p6/p1p1k3/b1np3P/8/4P3/6K1/5R2 w - - 2 48,1.0,w
8/8/ppp1k2P/b2p4/4n3/4P3/6K1/1R6 w - - 0 50,1.0,w
7Q/5k2/ppp5/b2p4/8/4P3/3n2K1/1R6 w - - 1 52,1.0,w
8/7Q/ppp2k2/b2p4/2n5/4P3/6K1/2R5 w - - 5 54,1.0,w
8/4k3/ppp5/b2p4/2n3Q1/4P3/6K1/2R5 w - - 9 56,1.0,w
8/3k4/ppp3Q1/b2p4/2n5/4P3/6K1/2R5 w - - 13 58,1.0,w
8/5Q2/pppk4/b7/2p5/4P3/6K1/8 w - - 2 60,1.0,w
8/8/p1p1k3/bp6/3Q4/4P3/6K1/8 w - - 2 62,1.0,w
8/8/p1p5/bp3k2/8/4P3/6K1/Q7 w - - 6 64,1.0,w
8/8/Q1pk4/1p6/8/4P3/6K1/8 w - - 1 66,1.0,w
8/8/2p5/1pQ5/4k3/4P3/6K1/8 w - - 5 68,1.0,w
8/8/8/1Q6/4k3/8/6K1/8 w - - 1 70,1.0,w
8/8/8/1Q6/8/2k2K2/8/8 w - - 5 72,1.0,w
8/8/8/8/4K3/1Q6/4k3/8 w - - 9 74,1.0,w
8/8/8/8/8/5K2/2Q5/4k3 w - - 13 76,1.0,w
rnbqk2r/pp1p1ppp/2p2n2/4p3/1bB1P3/3P4/PPP1QPPP/RNB1K2R w KQkq - 2 5,0.5,w
rnbqk2r/pp3ppp/2pp1n2/2b1p3/2B1P3/2BP4/PPP1QPPP/RN2K2R w KQkq - 0 7,0.5,w
r2qk2r/pp1n1ppp/2pp1n2/2b1p3/2B1P1b1/2BP1N2/PPP1QPPP/R3K2R w KQkq - 4 9,0.5,w
r2qk2r/pp1n2pp/2pppn2/2b1p3/4P3/2BP1N1P/PPP1QPP1/R3K2R w KQkq - 0 11,0.5,w
r2qnrk1/pp1n2pp/2ppp3/2b1p3/4P3/2BP1N1P/PPPK1PP1/R4Q1R w - - 4 13,0.5,w
r3nrk1/pp1n2pp/2ppp3/2b3q1/3NP3/2B4P/PPPK1PP1/R4Q1R w - - 1 15,0.5,w
r3nrk1/pp1n2pp/3pp3/2p3q1/3BP3/7P/PPP1KPP1/R4Q1R w - - 0 17,0.5,w
r3nrk1/pp1n2pp/3pp3/8/3pP1qP/5P2/PPP1K1P1/R4Q1R w - - 0 19,0.5,w
2r1n1k1/pp1n2pp/3pp3/8/3pP1PP/8/PPP1K1P1/R4R2 w - - 1 21,0.5,w
2r3k1/pp1n2pp/3pp3/8/3pP1nP/8/PPPK2P1/4RR2 w - - 0 23,0.5,w
6k1/pp1n2pp/3pp3/8/3pP2P/4n3/PPrK2P1/2R2R2 w - - 0 25,0.5,w
6k1/pp4pp/3pp3/2n5/3pP2P/3K4/PPR3P1/5n2 w - - 2 27,0.5,w
6k1/pp4pp/3p4/2n1p3/4P2P/2K3n1/PPR3P1/8 w - - 2 29,0.5,w
6k1/pp4pp/3p4/4p3/1K2n2P/3n4/PPR3P1/8 w - - 2 31,0.5,w
8/ppR3pp/3p2k1/4p3/4n2P/K2n4/PP4P1/8 w - - 6 33,0.5,w
8/1R4pp/3p4/p3p2k/4n3/K2n4/PP4P1/8 w - - 0 35,0.5,w
8/7p/3p3k/p3p3/6R1/K2n4/PP1n2P1/8 w - - 3 37,0.5,w
8/7p/3p3k/p7/K3p3/6R1/Pn1n2P1/8 w - - 0 39,0.5,w
6R1/7p/3p3k/K7/4p3/4n3/Pn4P1/8 w - - 3 41,0.5,w
6R1/7p/3p3k/1K1n4/4p3/3n4/P5P1/8 w - - 7 43,0.5,w
8/7p/3p1n1k/1K6/4pn2/P5R1/6P1/8 w - - 3 45,0.5,w
8/7p/3K1n1k/3p3n/4p3/P5R1/6P1/8 w - - 2 47,0.5,w
8/7p/3K1nk1/3p3n/P3p3/1R6/6P1/8 w - - 1 49,0.5,w
8/3n3p/6k1/3pK2n/P7/4p3/6P1/1R6 w - - 2 51,0.5,w
8/3n3p/6k1/8/P2K4/4p3/6n1/1R6 w - - 0 53,0.5,w
8/3n3p/8/8/P2K1k2/4p3/6R1/8 w - - 1 55,0.5,w
8/3n3p/8/8/P2K4/5k2/4p3/4R3 w - - 2 57,0.5,w
8/3n3p/8/8/P4k2/3K4/8/4q2R w - - 0 59,0.5,w
8/7p/8/8/n2K1k2/8/8/4R3 w - - 0 61,0.5,w
8/8/7p/8/n2K2k1/8/8/1R6 w - - 0 63,0.5,w
8/8/6kp/8/R2K4/8/8/8 w - - 1 66,0.5,w
8/8/R6p/3K3k/8/8/8/8 w - - 5 68,0.5,w
8/8/5R2/4K1kp/8/8/8/8 w - - 0 70,0.5,w
8/8/8/7p/4K3/6k1/8/5R2 w - - 4 72,0.5,w
8/8/8/7p/4K3/8/4k3/7R w - - 8 74,0.5,w
8/8/8/8/4K2R/2k5/8/8 w - - 3 76,0.5,w
8/8/8/8/2R5/4K3/1k6/8 w - - 7 78,0.5,w
8/8/8/8/8/4K3/1k6/R7 w - - 11 80,0.5,w
8/8/8/8/2R5/1k2K3/8/8 w - - 15 82,0.5,w
8/8/8/8/8/4K3/2k5/3R4 w - - 19 84,0.5,w
r1bqkb1r/pp1npppp/2p5/1B1n4/8/5Q2/PPPP1PPP/RNB1R1K1 b kq - 1 6,1.0,b
r1b1kb1r/ppqnpppp/8/1Q6/8/8/PPPP1PPP/RNB1R1K1 b kq - 0 8,1.0,b
1rbk1b1r/ppqnpppp/8/8/Q7/2N5/PPPP1PPP/R1B1R1K1 b - - 4 10,1.0,b
1rbk1b1r/1p1n1ppp/2q1p3/Q7/8/2N5/PPPP1PPP/R1B1R1K1 b - - 2 12,1.0,b
1rb1kb1r/1pNn1ppp/4p3/Q2q4/8/8/PPPP1PPP/R1B1R1K1 b - - 6 14,1.0,b
1rb2b1r/1p1nkppp/4N3/3Q4/8/8/PPPP1PPP/R1B1R1K1 b - - 0 16,1.0,b
1rbkQb1r/1p1n2pp/8/8/8/8/PPPP1PPP/R1B1R1K1 b - - 2 18,1.0,b
1rb4r/1pkn2Qp/8/2b5/8/8/PPPP1PPP/R1B1R1K1 b - - 0 20,1.0,b
1rb1R3/1p1n2Qp/2k5/2b5/8/8/PPPP1PPP/R1B2K2 b - - 2 22,1.0,b
r1b5/1p1n3p/2k1R3/8/3Q4/8/PPPP1PPP/R1B2K2 b - - 2 24,1.0,b
rkb5/1p1n3p/3QR3/8/8/8/PPPP1PPP/R1B2K2 b - - 6 26,1.0,b
rkb5/1p1n3p/4R3/8/8/6Q1/PPPP1PPP/R1B2K2 b - - 10 28,1.0,b
4rrk1/1pb2pp1/p1p1qn2/P1Pp1b1n/1P1B1P1p/3BP3/RQ4PP/4NRK1 w - - 4 23,0.5,w
4rr2/1pb2ppk/p1p1qn2/P1Pp3n/1P1B1P1p/3NP3/R4QPP/5RK1 w - - 1 25,0.5,w
5r2/1pb2ppk/p1p2B2/P1Pp1q1n/1P3P1Q/3Nr3/R5PP/5RK1 w - - 0 27,0.5,w
4r3/1pb2pk1/p1p5/P1PpNq1n/1P3P1Q/4r3/R5PP/5RK1 w - - 2 29,0.5,w
4r3/1pb2pk1/p1p5/P1Pp1q1n/1P3r1Q/8/R4NPP/5RK1 w - - 0 31,0.5,w
4r3/1pb2p2/p1p3k1/P1Pp3n/1P3r2/7P/R4N1P/5RK1 w - - 1 33,0.5,w
4r3/1p3p2/p1p3k1/b1Pp3n/1r6/7P/5N1P/3R1RK1 w - - 0 35,0.5,w
4r3/1pb2p2/p1p3k1/1rPp3n/8/3N3P/5K1P/3R1R2 w - - 4 37,0.5,w
4r3/1pb2p2/p1p5/1rPp1k1n/8/3N3P/5KRP/3R4 w - - 8 39,0.5,w
8/1pb2p2/p1p5/1rP2k1n/3p4/3NrK1P/5R1P/3R4 w - - 2 41,0.5,w
8/1pb2p2/p1p2nk1/1rP5/3p3P/3Nr3/5RKP/3R4 w - - 1 43,0.5,w
8/1p3p2/p1p2nk1/2r5/3p1R1P/4r3/6KP/3R4 w - - 0 45,0.5,w
8/1p3p2/p1p2nk1/3rr3/3R1R1P/8/5K1P/8 w - - 3 47,0.5,w
8/1p3p1k/p1p2R2/4r2P/3r4/8/5K1P/8 w - - 0 49,0.5,w
6k1/1R6/p1p5/4r2P/8/8/3r1K1P/8 w - - 1 51,0.5,w
6k1/8/pRp5/5r1P/8/5K2/7r/8 w - - 2 53,0.5,w
6k1/8/R1p5/7r/4K2r/8/8/8 w - - 1 55,0.5,w
6k1/8/R1p5/5r2/8/4K2r/8/8 w - - 5 57,0.5,w
6k1/8/R1pr4/5r2/8/2K5/8/8 w - - 9 59,0.5,w
6k1/8/2pr4/8/1K3r2/8/R7/8 w - - 13 61,0.5,w
6k1/3r4/2p2r2/2K5/8/8/4R3/8 w - - 17 63,0.5,w
8/3r1k2/2p2r2/8/2K5/8/8/4R3 w - - 21 65,0.5,w
8/1r3k2/2p5/5r2/2K5/8/8/1R6 w - - 25 67,0.5,w
8/5k2/2p5/5r2/2K5/8/8/1R6 w - - 3 69,0.5,w
8/5k2/2R5/2p5/2K5/5r2/8/8 w - - 2 71,0.5,w
8/5k2/2R5/1K6/8/1r6/8/8 w - - 3 73,0.5,w
8/1r3k2/2R5/8/3K4/8/8/8 w - - 7 75,0.5,w
8/4rk2/8/2R5/4K3/8/8/8 w - - 11 77,0.5,w
8/2R5/5k2/8/8/5K2/8/4r3 w - - 15 79,0.5,w
8/2R5/5k2/8/8/4r1K1/8/8 w - - 19 81,0.5,w
8/4k3/8/8/5K2/8/8/8 w - - 0 83,0.5,w
8/6k1/8/5K2/8/8/8/8 w - - 4 85,0.5,w
8/8/6k1/8/5K2/8/8/8 w - - 8 87,0.5,w
8/8/6k1/8/8/6K1/8/8 w - - 12 89,0.5,w
8/8/6k1/8/8/6K1/8/8 w - - 16 91,0.5,w
5r1k/2p3bn/1p1p2pp/pPnPp3/P3Pr1q/3PBP2/6BP/3QRR1K b - - 1 36,0.0,b
5r1k/2p2rbn/1p1p2pp/pPBPp2q/P3P3/3P1P2/6BP/3QRRK1 b - - 0 38,0.0,b
5r1k/2p2rbn/1p4pp/pPpPp3/P3PP2/3P4/6BP/3R1RK1 b - - 0 40,0.0,b
5r1k/2p3bn/1p4pp/pPpPp3/P3P3/3P4/6BP/5RK1 b - - 0 42,0.0,b
7k/2p3b1/1p1P2pp/pPp1p1n1/P3P3/3P4/6BP/5K2 b - - 0 44,0.0,b
6k1/6b1/1p1p2pp/pPp1p1n1/P3P3/3P4/5K1P/7B b - - 3 46,0.0,b
6kb/8/1p1p2pp/pPp1p3/P3P3/3P1K2/7P/8 b - - 0 48,0.0,b
8/5k2/1p1p1bpp/pPp1p3/P3P3/3P3P/5K2/8 b - - 0 50,0.0,b
8/5k2/1p1p1bpp/pPp1p3/P3P3/3P3P/6K1/8 b - - 4 52,0.0,b
8/5k2/1p1p2pp/pPp1p3/P3P3/3Pb2P/4K3/8 b - - 8 54,0.0,b
8/5k2/1p1p2pp/pPp1p3/P3P3/2bP3P/5K2/8 b - - 12 56,0.0,b
8/5k2/1p1p2pp/pPp1p3/P2bP3/3P1K1P/8/8 b - - 16 58,0.0,b
8/5k2/1p1p2pp/pPp1p3/P2bP3/3P1K1P/8/8 b - - 20 60,0.0,b
8/3k4/1p1p2pp/pPp1p3/P2bP3/3P3P/6K1/8 b - - 24 62,0.0,b
8/4k3/1p1p2pp/pPp1p3/P3P3/2bP3P/5K2/8 b - - 28 64,0.0,b
8/8/1p1p1kpp/pPp1p3/P3P3/2bP3P/6K1/8 b - - 32 66,0.0,b
8/8/1p1pk1pp/pPp1p3/P2bP3/3P3P/6K1/8 b - - 36 68,0.0,b
8/8/1p2k1pp/pP1pp3/P1PbP3/5K1P/8/8 b - - 0 70,0.0,b
8/8/1p2k2p/pP2p1p1/P1pbP3/7P/8/4K3 b - - 1 72,0.0,b
8/5k2/1p6/pP2p1pp/P1pbP2P/8/8/5K2 w - - 1 75,0.0,w
8/5k2/1p6/pP2p1P1/P2bP2p/2p5/4K3/8 w - - 0 77,0.0,w
8/5k2/1p6/pP2p1P1/P2bP3/2p5/7p/2K5 w - - 0 79,0.0,w
8/5k2/1p6/pP2p1P1/P2bP3/8/K1p5/7q w - - 0 81,0.0,w
8/8/1p4k1/pP2p3/P2bP3/K7/8/2q4q w - - 0 83,0.0,w
8/8/1p4k1/pP2p3/P3P3/8/Kq6/b6q b - - 4 85,0.0,b
3rr1kb/pb2pp1p/1p1n2pP/n4N2/P2P3q/2P5/3BBPP1/1R2QRK1 b - - 8 22,0.0,b
3rr1k1/pb2pp1p/1p3bpP/n4B2/P2P3q/2P5/3B1PP1/1R2QRK1 b - - 0 24,0.0,b
3rr1k1/pb3p1B/1p3b1P/n7/P2p3q/2P5/3B1PP1/1R2QRK1 b - - 0 26,0.0,b
3rr3/pb3p1k/1p3b1P/n7/P6q/2p1B3/5PP1/1RQ2RK1 b - - 1 28,0.0,b
3rr3/p4p1k/1p3b1P/n7/P3Q1q1/2p1B3/5PP1/1R3RK1 b - - 0 30,0.0,b
3rr3/p4p1k/1p3b1P/n5B1/q7/2p5/5PP1/1R2R1K1 b - - 1 32,0.0,b
3r4/p4p1k/1p5P/n5b1/q4P2/2p5/6P1/4R1K1 b - f3 0 34,0.0,b
3r4/p4p1k/1p5P/n5b1/8/2p3q1/8/4RK2 b - - 1 36,0.0,b
3r4/p4p1k/1p6/n7/8/2p1R1q1/8/5K2 b - - 0 38,0.0,b
3r4/p4p1k/1p6/n7/8/2p5/4R3/5q2 w - - 0 41,0.0,w
5rk1/Bp1b3p/2pb2p1/P2p4/6P1/1NP5/1n6/R2B2K1 w - - 0 34,0.0,w
4r1k1/Bp1b3p/2pb2p1/P2p4/6P1/1NPn1B2/8/R5K1 w - - 4 36,0.0,w
4r1k1/B2b3p/p1pb2p1/3pn3/6P1/1NP5/8/R2B2K1 w - - 0 38,0.0,w
4r3/B2b1k1p/R1pb2p1/3p4/3N2n1/2P5/8/3B2K1 w - - 0 40,0.0,w
4r3/B4k1p/2R3p1/3pb3/3N2b1/2P5/8/6K1 w - - 1 42,0.0,w
5r2/B5kp/2R3p1/3pb3/6b1/2P5/2N2K2/8 w - - 5 44,0.0,w
8/B5kp/2R2rp1/3pb3/8/2P2b2/2N5/6K1 w - - 9 46,0.0,w
8/7p/5kp1/3pb3/3Bb3/2P5/2N5/6K1 w - - 2 48,0.0,w
8/7p/3k2p1/3p4/3Nb3/2P5/8/6K1 w - - 2 50,0.0,w
8/7p/2k3p1/3p4/4b3/1NP5/5K2/8 w - - 6 52,0.0,w
8/7p/2k3p1/3p4/4b3/2P3K1/3N4/8 w - - 10 54,0.0,w
8/7p/3k2p1/3p1b2/8/2P2N2/5K2/8 w - - 14 56,0.0,w
8/3k1N2/6p1/3p1b1p/8/2P5/5K2/8 w - - 2 58,0.0,w
5k2/8/2N3p1/3p1b1p/8/2P5/5K2/8 w - - 6 60,0.0,w
6k1/4N3/6p1/3p1b1p/8/2P5/5K2/8 b - - 10 62,0.0,b
8/6k1/8/5bpp/8/2P1N3/5K2/8 b - - 1 64,0.0,b
8/6k1/8/6p1/4b2p/2P5/5K1N/8 b - - 1 66,0.0,b
8/5k2/8/3b2p1/6N1/2P4p/5K2/8 w - - 3 69,0.0,w
8/8/4b1k1/6p1/6N1/2P4p/5K2/8 b - - 7 71,0.0,b
8/5k2/8/6p1/6b1/2P4p/7K/8 b - - 3 73,0.0,b
8/5k2/8/6p1/6b1/2P4p/7K/8 b - - 7 75,0.0,b
8/3b4/6k1/6p1/8/2P4p/7K/8 b - - 11 77,0.0,b
8/8/6k1/5bp1/8/2P4p/5K2/8 b - - 15 79,0.0,b
8/8/6k1/3b2p1/8/2P4p/7K/8 b - - 19 81,0.0,b
8/8/8/3b2k1/6p1/2P4p/7K/8 w - - 3 84,0.0,w
8/8/5k2/8/4b1p1/2P4p/7K/8 w - - 7 86,0.0,w
8/8/8/6k1/2P3p1/3b2Kp/8/8 w - - 3 88,0.0,w
8/8/2b5/2P3k1/6p1/7p/5K2/8 w - - 3 90,0.0,w
8/8/2b5/2P3k1/6p1/7p/7K/8 w - - 7 92,0.0,w
8/1b6/8/2P5/5kp1/7p/7K/8 w - - 11 94,0.0,w
8/1b6/8/2P5/5k2/7p/6p1/5K2 w - - 0 96,0.0,w
8/8/2b5/8/5k2/8/4K1pp/8 w - - 0 98,0.0,w
8/8/2b5/8/5k2/8/2K5/6qq w - - 0 100,0.0,w
8/8/8/3b4/3q1k2/8/K7/7q w - - 4 102,0.0,w
8/8/8/8/3q1k2/8/K7/q7 w - - 1 104,0.0,w
8/8/8/8/3q1k2/K7/8/q7 w - - 5 106,0.0,w
8/8/8/8/3q1k2/K7/1q6/8 w - - 9 108,0.0,w
r3r1k1/pp1bbpnp/2p1P1p1/3p4/6P1/2P5/PPBN3P/R1B2R1K b - - 0 20,1.0,b
r3r1k1/pp1bbp1p/2p3p1/2np4/6P1/2P5/PP1N2KP/RBB2R2 b - - 3 22,1.0,b
r3r1k1/pp1b1p1p/2p3p1/2np2P1/8/2P2K2/PP1N3b/RBB2R2 b - - 0 24,1.0,b
r3r1k1/pp1bbp1p/2p3p1/2np2P1/8/1NP2K2/PP6/RBB4R b - - 4 26,1.0,b
r3r1k1/pp2bp1p/2p3p1/3p1BP1/8/1PP2K2/1P6/R1B4R b - - 0 28,1.0,b
r3r1k1/pp3p1p/2pb4/3p1KP1/8/1PP5/1P6/R1B4R b - - 0 30,1.0,b
r3r3/pp2bpkp/2p5/3pBKP1/8/1PP5/1P6/R6R b - - 4 32,1.0,b
r3r1k1/pp3p1R/2p2B2/3p1KP1/8/1PP5/1P6/R7 b - - 0 34,1.0,b
r5k1/pp3p1R/2p2B2/3p1KP1/4r3/1PP5/1P6/R7 b - - 4 36,1.0,b
r7/pp3p1k/2p2B2/3p1KP1/7R/1PP5/1P6/8 b - - 0 38,1.0,b
r5k1/pp3p2/2p2B2/5KP1/1P1P3R/8/1P6/8 b - - 0 40,1.0,b
r4k1R/pp3p2/5B2/2P2KP1/1P6/8/1P6/8 b - - 2 42,1.0,b
2b1r1k1/1p5p/2pb2p1/P2p4/2nB2P1/1NP5/6K1/R2B4 b - - 7 37,1.0,b
1bb3k1/1P5p/2p3p1/3p4/2nB2P1/1NP5/6K1/R2Br3 b - - 0 39,1.0,b
1b4k1/1b2r2p/2p3p1/3p4/2nB2P1/1NP5/4BK2/R7 b - - 3 41,1.0,b
1b4k1/1b5p/2p5/3p2p1/2nBr1P1/2P2B2/5K2/R1N5 b - - 3 43,1.0,b
1b6/1b3k1p/2p5/3p2p1/2nP2P1/5B2/5K2/1RN5 b - - 2 45,1.0,b
8/bb3k1p/2pn4/3pN1p1/3P2P1/5B2/5K2/1R6 b - - 6 47,1.0,b
8/bb3k1p/2pn4/2Np2p1/3P2P1/5B2/5K2/1R6 b - - 10 49,1.0,b
2b5/5k1p/2pn4/2Pp2p1/6P1/5B2/5K2/7R b - - 0 51,1.0,b
2b5/5k1R/2p5/2P3p1/4p1P1/8/5K2/8 b - - 0 53,1.0,b
8/2Rb4/2p1k3/2P3p1/4p1P1/4K3/8/8 b - - 4 55,1.0,b
3k4/R2b4/2p5/2P3p1/4K1P1/8/8/8 b - - 2 57,1.0,b
3k4/R2b4/2pK4/2P3p1/6P1/8/8/8 b - - 6 59,1.0,b
2k5/6R1/2p5/2P1K1p1/6b1/8/8/8 b - - 3 61,1.0,b
8/3k4/2p5/2P1K1R1/2b5/8/8/8 w - - 2 64,1.0,w
3k4/7R/2p5/2PbK3/8/8/8/8 w - - 6 66,1.0,w
4k3/R7/2p5/2PbK3/8/8/8/8 b - - 10 68,1.0,b
R5b1/5k2/2pK4/2P5/8/8/8/8 w - - 14 71,1.0,w
R7/5bk1/3K4/2P5/8/8/8/8 w - - 3 73,1.0,w
R7/2P3k1/3K4/5b2/8/8/8/8 w - - 1 75,1.0,w
2R5/8/3K1k2/8/8/8/8/8 w - - 1 77,1.0,w
8/8/3K2k1/8/8/8/2R5/8 w - - 5 79,1.0,w
8/8/8/4K3/7k/8/6R1/8 w - - 9 81,1.0,w
8/8/8/8/5K1k/8/2R5/8 w - - 13 83,1.0,w
4rrk1/1pb1qppp/p1p2nb1/P1Pp1P2/1P1Bn3/3BPR2/2Q3PP/RN4K1 b - - 0 17,1.0,b
4rrk1/1pb1qppp/p1p2n2/P1Pp1P1b/1P1B4/2QBPR2/6PP/R5K1 b - - 0 19,1.0,b
4rrk1/1p2qppp/p1p2n2/P1PpbP2/1P1B4/2QBPP2/5K1P/R7 b - - 2 21,1.0,b
4rrk1/1pq2ppp/p1p2B2/P1Pp1P2/1P6/2QBPP2/5K1b/7R b - - 0 23,1.0,b
4rrk1/1p3ppp/p1p2B2/P1Pp1P2/1P6/2QBPP2/6qb/3K3R b - - 4 25,1.0,b
4rrk1/1p3ppp/p1p2B2/P1Pp1P2/1P6/1KQBPP2/6qb/8 b - - 3 27,1.0,b
5rk1/1p3ppp/p1p2P2/P1Pp4/1P1B4/1KQB1r2/6qb/8 b - - 0 29,1.0,b
5rk1/1p3p1p/p1p2p2/PPPp4/3B4/1K1Q4/6qb/8 b - - 0 31,1.0,b
5rk1/1p3p1p/2p2p2/PpPp1Q2/3B4/6q1/1K5b/8 b - - 3 33,1.0,b
5rk1/1p3p1p/2p2p2/P1Pp1Q2/1K1B4/8/6qb/8 b - - 0 35,1.0,b
5rk1/1p3p1p/2p2Q2/PqPp4/3B4/2K5/7b/8 b - - 2 37,1.0,b
5rk1/1p3p1p/2p2Q2/q1PpB3/8/3K4/8/8 b - - 0 39,1.0,b
5k2/p4p2/1p1n1p1p/1P1P4/3K1PP1/P2B4/7P/8 b - - 0 35,1.0,b
8/p2k1p2/1p1n1p1p/1P1P4/5PP1/P1K5/4B2P/8 b - - 4 37,1.0,b
8/p4p2/1p1k1p1p/1P1P4/4KPP1/P7/4B2P/8 w - - 1 40,1.0,w
8/p4p2/1p3p1p/1P3K2/3k1PP1/P7/7P/3B4 w - - 2 42,1.0,w
8/p4K2/1p5p/1P6/4kPP1/P7/7P/3B4 w - - 1 44,1.0,w
8/p4K2/1p6/1P3k1P/8/P7/7P/3B4 w - - 0 46,1.0,w
8/p4K1P/1p6/1P6/8/P3k3/7P/3B4 w - - 1 48,1.0,w
8/p4K2/1p6/1P6/8/P1Q5/7P/3B2k1 w - - 3 50,1.0,w
8/5K2/pp6/1P6/6B1/P5Q1/7P/5k2 w - - 0 52,1.0,w
8/5K2/1p6/1p6/8/P4Q1B/7P/6k1 w - - 0 54,1.0,w
rnb2rk1/pp3ppp/2p2n2/3pp3/2P5/1P2P3/q1BPNPPP/2RQ1RK1 w - - 0 11,1.0,w
rnb2rk1/pp3ppp/2pq1n2/3pp3/2P5/1PN1P3/2BP1PPP/R2Q1RK1 w - - 4 13,1.0,w
rnbr2k1/pp3ppp/3q1n2/3pp3/8/1PN1PQ2/2BP1PPP/R4RK1 w - - 0 15,1.0,w
rnbrq1k1/pp3ppp/5n2/3pp3/8/1P2PQ2/2BPNPPP/R1R3K1 w - - 4 17,1.0,w
rn1rq1k1/pp1b1ppp/8/3pp2n/8/1P1BP1Q1/3PNPPP/R1R3K1 w - - 8 19,1.0,w
rn1rq1k1/pp1b2pp/5p2/3p3n/4p2Q/1P1BP3/3PNPPP/R1R3K1 w - - 0 21,1.0,w
rn1rq1k1/pp4pp/5p2/1b1p3n/7Q/1P1pP1N1/3P1PPP/R1R2K2 w - - 2 23,1.0,w
r2r2k1/pp1n1qpp/5p2/1b1Q4/8/1P1pP1N1/3P1PPP/R1R2K2 w - - 1 25,1.0,w
r3r1k1/pQ1n2pp/4qp2/8/8/1P1pP1N1/3P1PPP/R1R2K2 w - - 1 27,1.0,w
4r1k1/Q5pp/1n2qp2/8/8/1P1pP1N1/3P1PPP/2R2K2 w - - 1 29,1.0,w
7k/4r1pp/1n2qp2/Q6N/8/1P1pP3/3P1PPP/2R2K2 w - - 5 31,1.0,w
5q1k/4r1pp/1Q3p2/8/5N2/1P1pP3/3P1PPP/2R2K2 w - - 1 33,1.0,w
1q5k/4r2p/5p2/6p1/5N2/1P1QP3/3P1PPP/2R2K2 w - g6 0 35,1.0,w
7k/7p/5p2/1q1N2p1/8/1P2Q3/3P1PPP/2R2K2 w - - 1 37,1.0,w
2R5/6kp/5p2/3q2p1/8/1P2Q3/3P1PPP/5K2 w - - 2 39,1.0,w
8/5k1p/5p2/6p1/8/1P2Q3/3P1PPP/5K2 w - - 0 41,1.0,w
8/6kp/5p2/8/4Q1p1/1P6/3PKPPP/8 w - - 0 43,1.0,w
8/5k2/5p1p/8/6Q1/1P6/3PKPPP/8 w - - 1 45,1.0,w
8/6Q1/3k1p1p/8/1P6/8/3PKPPP/8 w - - 3 47,1.0,w
8/8/7Q/8/1Pk5/8/3PKPPP/8 w - - 1 49,1.0,w
8/8/8/8/kP1Q4/8/3PKPPP/8 w - - 5 51,1.0,w
8/8/8/8/kP6/2Q5/3PKPPP/8 w - - 9 53,1.0,w
8/8/8/1P6/2Q5/8/1k1PKPPP/8 w - - 1 55,1.0,w
8/8/8/1P6/1Q6/4K3/3P1PPP/2k5 w - - 5 57,1.0,w
8/8/8/1P6/1Q6/4K3/3P1PPP/2k5 w - - 9 59,1.0,w
8/8/8/1P6/1Q6/4KPP1/3P3P/3k4 w - - 1 61,1.0,w
r2qkb1r/pp1n1ppp/2p1bn2/3pp3/4P3/1B1P1P2/PPPNQ1PP/R1B2RK1 b kq - 4 8,1.0,b
r2qk2r/pp1n1ppp/2p1bn2/b2Pp3/8/1BPP1P2/PP1NQ1PP/R1B2RK1 b kq - 0 10,1.0,b
r2qk2r/pp1n1ppp/1bp2n2/3bp3/3P4/1BP2P2/PP1NQRPP/R1B3K1 b kq - 0 12,1.0,b
r2q1rk1/pp1n1ppp/1b3n2/3pP3/8/2P2P2/PP1NQRPP/R1B3K1 b - - 0 14,1.0,b
r3r1k1/pp1n1ppp/1b3q2/3p4/8/2P2P2/PP1N1RPP/R1BQ2K1 w - - 0 17,1.0,w
r3r1k1/pp1n1ppp/6q1/3p4/5B2/1NP2P2/PP3bPP/R2Q2K1 w - - 0 19,1.0,w
2r1r1k1/pp3ppp/6q1/2nQ4/5B2/1NP2P2/PP3KPP/R7 w - - 1 21,1.0,w
2r4k/pN2rppp/6q1/3Q4/5B2/2P2P2/PP3KPP/R7 w - - 1 23,1.0,w
2r4k/pN2Qppp/8/5q2/5B2/2P2P2/PP3KPP/R7 w - - 1 25,1.0,w
2rN3k/p3Qppp/8/8/5B2/2P2P2/PP4qP/R3K3 w - - 0 27,1.0,w
2r1r1k1/ppn2p1p/5p2/8/2P5/2N5/PP1R1PPP/5BK1 w - - 3 21,0.5,w
2r1r3/pp1R1pkp/5p2/3n4/2P5/8/PP3PPP/5BK1 w - - 0 23,0.5,w
1r6/pp1R1pkp/5p2/3P4/8/3B4/PP3PPP/4r1K1 w - - 3 25,0.5,w
1r6/ppR2pkp/5p2/3P4/8/8/Pr3PPP/5BK1 w - - 0 27,0.5,w
1r6/pp3k1p/3P1p2/8/8/8/r4PPP/5BK1 w - - 0 29,0.5,w
1r6/pp1k3p/3P1p2/8/8/8/B4PPP/6K1 w - - 1 31,0.5,w
3r4/pp5p/3k1p2/8/8/8/5PPP/1B3K2 w - - 2 33,0.5,w
8/pp6/3k1p2/8/4B3/8/5PPr/5K2 w - - 0 35,0.5,w
8/pBk5/5p1r/8/8/8/5PP1/6K1 w - - 3 37,0.5,w
8/p1k1r3/5p2/8/8/5BP1/5P2/6K1 w - - 1 39,0.5,w
8/p1r5/3k1p2/8/8/5BP1/5P2/6K1 w - - 5 41,0.5,w
8/p7/3krp2/8/8/5BP1/5P2/6K1 w - - 9 43,0.5,w
8/p5r1/3k1p2/8/6P1/5B2/5PK1/8 w - - 3 45,0.5,w
8/p5r1/5p2/4k3/6P1/5K2/5P2/3B4 w - - 7 47,0.5,w
8/p5r1/5p2/4k3/6P1/5BK1/5P2/8 w - - 11 49,0.5,w
8/p5r1/5p2/8/6P1/3k2K1/5P2/3B4 w - - 15 51,0.5,w
8/p5r1/2B5/5p2/6P1/6K1/3k1P2/8 w - - 0 53,0.5,w
8/p5r1/8/8/6B1/2k3K1/5P2/8 w - - 1 55,0.5,w
8/p7/5r2/8/6B1/2k1K3/5P2/8 w - - 5 57,0.5,w
8/p7/5r2/3k4/8/8/4KP2/3B4 w - - 9 59,0.5,w
8/p7/8/3k4/B4r2/8/4KP2/8 w - - 13 61,0.5,w
8/p7/8/3k4/B4r2/8/4KP2/8 w - - 17 63,0.5,w
8/p7/8/4k3/3r4/8/4KP2/1B6 w - - 21 65,0.5,w
3r4/p7/5k2/8/8/3B4/3K1P2/8 w - - 25 67,0.5,w
6r1/p7/5k2/8/5K2/3B4/5P2/8 w - - 29 69,0.5,w
8/p7/5k2/5r2/2B1K3/8/5P2/8 w - - 33 71,0.5,w
8/p7/6k1/5r2/5P2/3B1K2/8/8 b - - 3 73,0.5,b
8/p7/8/5k2/5P2/4K3/8/8 b - - 1 75,0.5,b
8/8/p7/2K5/5k2/8/8/8 b - - 1 77,0.5,b
8/8/pK6/8/3k4/8/8/8 b - - 5 79,0.5,b
8/8/8/4k3/1K6/8/8/8 b - - 2 81,0.5,b
8/8/8/4k3/8/3K4/8/8 b - - 6 83,0.5,b
8/8/8/4k3/8/8/5K2/8 b - - 10 85,0.5,b
8/8/4k3/8/8/6K1/8/8 b - - 14 87,0.5,b
8/6k1/8/8/8/8/5K2/8 b - - 18 89,0.5,b
8/8/4k3/8/8/6K1/8/8 b - - 22 91,0.5,b
5rk1/1pb2pp1/p1p1r3/P1Pp1b1n/1P1BnPq1/3BPN1p/R5PP/3QR1K1 b - - 7 26,0.0,b
5rk1/1pb2pp1/p1p1rn2/P1Pp2N1/1P1BbPq1/4P2p/R5PP/3QR1K1 b - - 1 28,0.0,b
5rk1/1pb2pp1/p1p1Nn2/P1Pp4/1P1B1Pq1/4Pb1p/R6P/3QRK2 b - - 2 30,0.0,b
5rk1/1pN2pp1/p1p2B2/P1Pp4/1P3Pq1/1b2P2p/R6P/4RK2 b - - 0 32,0.0,b
5rk1/1pN2pp1/p1p2B2/P1Pp4/1P3P2/4Pq1p/b6P/2R3K1 b - - 3 34,0.0,b
4rrk1/1pb2pp1/p1p1q3/P1Pp1b1n/1P1BnP1p/3BPR2/R5PP/2Q1N1K1 b - - 3 22,0.0,b
4rrk1/1pb2pp1/p1p2B2/P1Pp1q1n/1P3P1p/4PR2/R5PP/2Q1N1K1 b - - 0 24,0.0,b
4rr1k/1pb2pp1/p1p2n2/P1Pp1q2/1P3P1p/4PR2/2NR2PP/2Q3K1 b - - 3 26,0.0,b
4rr1k/1pb2pp1/p1p1qn2/P1Pp4/1P3P1p/4PR1P/2NR2P1/4Q1K1 b - - 2 28,0.0,b
4rr1k/1pb2ppQ/p1p2n2/P1Pp4/1P3P2/4PR1P/2NR2P1/6K1 b - - 0 30,0.0,b
4r2r/1pb2ppk/p1p2n2/P1Pp4/1P3P2/4PR1P/2N2KP1/3R4 b - - 3 32,0.0,b
4r2r/1pb2ppk/p7/P1Pp4/1P3P2/4PR1P/2N2nP1/8 w - - 0 35,0.0,w
7r/1pb2ppk/p7/P1P5/1P1p1P2/4N2P/5RP1/8 w - - 0 37,0.0,w
3r2k1/pb2rppp/1p3n2/1B2q3/1p2P2n/P5NP/4QPP1/2R1R1K1 w - - 2 28,1.0,w
7k/pb1rrppp/1p3n2/4q3/1PB1P2n/6NP/4QPP1/2R1R1K1 w - - 3 30,1.0,w
1q5k/pb1rrppp/1p3nn1/8/1PB1P3/5QNP/5PP1/2R1R1K1 w - - 7 32,1.0,w
1q4k1/pb1r1ppp/1p3nn1/8/1PB1P3/5QNP/5PP1/2R3K1 w - - 0 34,1.0,w
5q1k/pb1r1ppp/1p3nn1/8/1P2P3/1B3QNP/2R2PP1/6K1 w - - 4 36,1.0,w
5q1k/p2r1ppp/1pb2n2/8/1P2Pn2/1BQ3NP/R4PP1/6K1 w - - 8 38,1.0,w
5q1k/p1r2ppp/1pQ2n2/8/1P2P3/1B4NP/R4P2/6K1 w - - 1 40,1.0,w
7k/p1Q2ppp/1p6/8/1q2N3/1B5P/R4P2/6K1 w - - 0 42,1.0,w
r1b2rk1/pp3ppp/1np2n2/3pp3/2P5/qP2P3/P2PNPPP/1BRQ1RK1 w - - 4 12,0.5,w
r4rk1/pp3ppp/1np5/3np3/6b1/qP2P1N1/P2P1PPP/1BRQ1RK1 w - - 2 14,0.5,w
r2r2k1/pp3ppp/1np5/4p3/6Q1/qP2n1N1/P2P1PPP/1BRR2K1 w - - 0 16,0.5,w
r2r4/pp3ppk/2p5/3np3/6Q1/qP2P1N1/P2P2PP/2RR2K1 w - - 0 18,0.5,w
r2r1qk1/pp3pp1/2p5/3np3/Q7/1P2P1N1/P2P2PP/2RR2K1 w - - 4 20,0.5,w
r2r1qk1/pp3pp1/2p5/3np3/6Q1/1P2P1N1/P2P1KPP/2RR4 w - - 8 22,0.5,w
r2rq1k1/pp4p1/2p2p2/3np3/6Q1/1P2P1N1/P2P1KPP/2RR4 w - - 2 24,0.5,w
r2rq3/pp3kp1/2p2p2/4p3/1n2P1Q1/1P4N1/P1RP1KPP/3R4 w - - 1 26,0.5,w
r2rq3/pp5Q/2p1kpp1/4p3/1n2P3/1P4N1/P1RP1KPP/3R4 w - - 2 28,0.5,w
r2rq3/pp6/2pk1pp1/4p3/4P3/PP4NQ/2nP1KPP/3R4 w - - 0 30,0.5,w
r2rq3/pp6/2pk1pp1/4p3/4P3/1P4NQ/2nP1KPP/R7 w - - 2 32,0.5,w
r2rq3/pp6/2pk1pp1/4p3/4P3/1P4NQ/2nP1KPP/R7 w - - 6 34,0.5,w
r1b1r1k1/pp1n1ppp/2p2n2/3Pp3/8/qP2P3/P2PNPPP/1BRQ1RK1 b - - 0 12,0.5,b
r1br2k1/pP3ppp/1n3n2/4p3/8/qP2P3/P2PNPPP/1BRQ1RK1 b - - 0 14,0.5,b
r2r2k1/pb3ppp/1n3n2/8/4p3/qPN1P3/P2P1PPP/1BRQR1K1 b - - 1 16,0.5,b
2rr2k1/pb3ppp/1n3n2/1N6/4p3/1P2P3/P2P1PPP/1BQ1R1K1 b - - 0 18,0.5,b
6k1/Nb3ppp/1n3n2/8/4p3/1P2P3/P2r1PPP/1BR3K1 b - - 0 20,0.5,b
6k1/3r1ppp/bn3n2/8/3Np3/1P2P3/P4PPP/1BR3K1 b - - 4 22,0.5,b
5k2/1b1r1ppp/1n3n2/8/4pN2/1P2P3/P4PPP/1BR3K1 b - - 8 24,0.5,b
8/1b1rkppp/1n6/8/4pNn1/1P2P2P/P4PP1/1BR2K2 b - - 0 26,0.5,b
8/1b1rkppp/5n2/3N4/4p3/1P2P2P/P4PP1/1BR1K3 b - - 0 28,0.5,b
3r4/4kppp/5n2/3b4/4p3/1PR1P2P/P3KPP1/1B6 b - - 3 30,0.5,b
1r6/3k1ppp/5n2/2Rb4/4p3/1P2P2P/P2K1PP1/1B6 b - - 7 32,0.5,b
8/3k1ppp/5n2/2R5/4p3/1r2P2P/2BK1PP1/8 b - - 1 34,0.5,b
1r6/5ppp/3k1n2/8/2R1B3/4P2P/3K1PP1/8 b - - 0 36,0.5,b
1r6/5ppB/3k1n2/8/2R5/4P2P/3K1PP1/8 b - - 0 38,0.5,b
1r6/5ppn/8/4k3/3R4/2K1P2P/5PP1/8 b - - 3 40,0.5,b
8/5ppn/8/4k3/2K5/4P2P/5PP1/8 w - - 0 43,0.5,w
8/5ppn/8/5P2/2K5/4k2P/6P1/8 w - - 0 45,0.5,w
8/5ppn/8/1K3P2/7P/8/6k1/8 w - - 0 47,0.5,w
8/5ppn/3K4/5P1P/8/5k2/8/8 b - - 3 49,0.5,b
8/5p2/3K1n1p/5P2/4k3/8/8/8 w - - 1 52,0.5,w
8/5p2/5K2/5P2/4k2p/8/8/8 w - - 0 54,0.5,w
8/4K3/8/5k2/8/7p/8/8 w - - 0 56,0.5,w
8/8/8/2K2k2/8/8/8/7q w - - 0 58,0.5,w
8/8/8/5k2/3q4/1K6/8/8 w - - 4 60,0.5,w
8/8/6k1/2q5/8/1K6/8/8 w - - 8 62,0.5,w
8/8/6k1/2q5/8/1K6/8/8 w - - 12 64,0.5,w
8/8/6k1/8/8/8/8/K1q5 w - - 16 66,0.5,w
8/8/6k1/8/8/8/3q4/1K6 w - - 20 68,0.5,w
8/8/6k1/8/8/8/K1q5/8 w - - 24 70,0.5,w
8/8/6k1/8/K7/8/1q6/8 w - - 28 72,0.5,w
8/8/1q4k1/8/K7/8/8/8 w - - 32 74,0.5,w
8/8/6k1/8/1q6/8/K7/8 w - - 36 76,0.5,w
8/8/6k1/8/8/8/3q4/1K6 w - - 40 78,0.5,w
8/8/1q4k1/8/8/8/K7/8 w - - 44 80,0.5,w
8/8/6k1/8/1q6/8/K7/8 w - - 48 82,0.5,w
8/8/8/5k2/8/8/K7/4q3 w - - 52 84,0.5,w
8/8/8/5k2/8/4q3/2K5/8 w - - 56 86,0.5,w
8/8/8/5k2/8/8/4q3/2K5 w - - 60 88,0.5,w
8/8/8/5k2/8/8/4q3/K7 w - - 64 90,0.5,w
8/8/8/5k2/8/8/4q3/K7 w - - 68 92,0.5,w
5r1k/2p3bn/1p1p2pp/pPnPp3/P3Pq2/3P1P2/5RBP/3QR2K b - - 1 37,0.0,b
5r1k/2p3b1/1p1p1npp/pPnPp1q1/P2PP3/5P2/2R3BP/3QR2K b - - 0 39,0.0,b
5r1k/2p3bn/1p1p2pp/pPnP2q1/P3P3/5P2/2R3BP/4R1QK b - - 2 41,0.0,b
5r1k/2p3b1/1p1p1npp/pPnP4/P3Pq2/5P2/2R3BP/R4Q1K b - - 6 43,0.0,b
4r1k1/2p3b1/1p1p1npp/pPnP4/P3Pq2/5P2/2RQ2BP/R6K b - - 10 45,0.0,b
4r1k1/2p3b1/1p1p2pp/pPnP4/P3P3/8/3R2BP/R6K b - - 0 47,0.0,b
4r1k1/2p5/1p1p2pp/pPnPb3/P3P3/5B2/2R4P/7K b - - 3 49,0.0,b
4r1k1/2R5/1p1p2pp/pPnPb3/4P3/5B1P/8/7K b - - 0 51,0.0,b
1r4k1/8/1pRp2pp/pP1Pb3/4P3/3n1B1P/6K1/8 b - - 4 53,0.0,b
1r4k1/8/1pRp2pp/pP1Pb3/4P1K1/3n1B1P/8/8 b - - 8 55,0.0,b
1r4k1/8/1pRp3p/pP1Pb1pK/4P3/5B1P/5n2/8 b - - 1 57,0.0,b
1r6/2R2k2/1p1p3K/pP1Pb1p1/4P3/5B1n/8/8 b - - 2 59,0.0,b
5r2/2R5/1p1p1k1K/pP1Pb1p1/4P3/7n/8/5B2 b - - 6 61,0.0,b
7r/7R/1p1p1k1K/pP1Pb1p1/2B1Pn2/8/8/8 b - - 10 63,0.0,b
7r/7R/1p1p1k1K/pP1Pb1p1/2B1Pn2/8/8/8 w - - 14 66,0.0,w
1R6/5k2/1p1p3K/pP1Pb1p1/2B1P3/8/6n1/8 w - - 3 68,0.0,w
8/1R3k2/1p1p3K/pP1P2p1/4Pb2/4n3/B7/8 b - - 7 70,0.0,b
8/8/1R1p1k2/pP1P3K/4Pbp1/4n3/B7/8 b - - 1 72,0.0,b
5R2/8/3p1k2/pP1Pb2K/4P3/4n1p1/B7/8 b - - 3 74,0.0,b
8/6k1/3p4/pP1Pb2K/4P3/4R3/B5p1/8 b - - 0 76,0.0,b
8/6k1/3p2q1/pP1Pb3/4P2K/5R2/B7/8 b - - 3 78,0.0,b
8/6k1/3p4/pP1Pb3/5q2/7K/B7/8 b - - 1 80,0.0,b
8/5k2/3p4/pP1Pb1K1/8/5q2/B7/8 w - - 5 83,0.0,w
8/5k2/3p3K/pP1P1q2/5b2/8/8/1B6 b - - 9 85,0.0,b
rnbqkb1r/pp3ppp/2p2n2/3Pp3/2B5/3P4/PPP1QPPP/RNB1K2R b KQkq - 0 5,0.0,b
r1bqkb1r/pp1n1ppp/5n2/1B1pp3/8/2NP4/PPP1QPPP/R1B1K2R b KQkq - 3 7,0.0,b
r1bqkb1r/pp1n1p1p/5np1/1B2Q1B1/3p4/2NP4/PPP2PPP/R3K2R b KQkq - 0 9,0.0,b
r1bqk2B/pp1nbp1p/6p1/1B2Q3/8/2pP4/PPP2PPP/R3K2R b KQq - 0 11,0.0,b
r1bqk3/pp1n1p1p/3b2p1/1B6/3B4/3P4/PQP2PPP/R3K2R b KQq - 2 13,0.0,b
r1b1k3/pp1B1p1p/3b2p1/8/3B1P2/3P4/PQP3qP/R3K2R b KQq - 0 15,0.0,b
r1b5/pp1k1p1p/3b2p1/8/3B1P2/1Q1P4/P1PK3P/R6q b - - 1 17,0.0,b
r1b5/pp1k1p1p/3b2p1/1Q6/3B1q2/2KP4/P1P5/R7 b - - 1 19,0.0,b
r1bk4/pp3pBp/3b2p1/5Q2/8/2KP4/P1P5/R7 b - - 0 21,0.0,b
2rk4/pp3pBp/3b2p1/5b2/8/3P4/PKP5/1R6 b - - 3 23,0.0,b
1br5/pp1k1p1p/6p1/5b2/3B4/3P4/PKP5/4R3 b - - 7 25,0.0,b
1b1r4/pp3p1p/4k1p1/5b2/8/3P4/PKP5/6BR b - - 11 27,0.0,b
3r4/Bp3p1p/4k1p1/4b3/8/1K1b4/P1P5/7R b - - 0 29,0.0,b
2r5/Bp3R2/4k1p1/4b3/4b3/1K6/P1P5/8 b - - 0 31,0.0,b
2r5/1p3k2/6p1/4b3/1K6/4B3/P1b5/8 b - - 1 33,0.0,b
8/1p3k2/6p1/2K1b3/8/8/r1b5/6B1 b - - 1 35,0.0,b
r7/1p6/4k1p1/2K1b3/8/8/2b5/4B3 b - - 5 37,0.0,b
2r5/1p6/4k1p1/4b3/1K2b2B/8/8/8 b - - 9 39,0.0,b
2r5/1p6/3bk1p1/3b4/7B/8/1K6/8 b - - 13 41,0.0,b
8/1p6/4k1p1/3bb3/1K5B/2r5/8/8 b - - 17 43,0.0,b
8/1p6/6p1/K2bbk2/7B/1r6/8/8 w - - 21 46,0.0,w
8/2b5/6p1/1p1b1kB1/K7/1r6/8/8 w - b6 0 49,0.0,w
3rr1k1/pb3ppp/1p3n2/2p1q3/2B1P2n/PP4NP/4QPP1/2R1R1K1 b - - 2 26,1.0,b
4r1k1/pb3ppp/1p3nn1/2p1q3/2B1P3/PP4NP/4QPP1/3R2K1 b - - 0 28,1.0,b
1q4k1/pb2rppp/1p3nn1/2p2Q2/2B1P3/PP4NP/5PP1/3R2K1 b - - 4 30,1.0,b
q4k2/pb2rppp/1p3nn1/2p3Q1/2B1P3/PP4NP/5PP1/3R1K2 b - - 8 32,1.0,b
q4k2/pb2rp1p/1p3Qp1/2p1nN2/2B1P3/PP5P/5PP1/3R1K2 b - - 0 34,1.0,b
8/pp2kp2/3n1p1p/1P1P4/8/P2B4/4KPPP/8 b - - 0 31,0.0,b
8/pp2kp2/3n1p1p/1P1P4/5K2/P2B4/5PPP/8 b - - 4 33,0.0,b
8/pp2kp2/3n1p1p/1P1P4/5K2/P2B4/5PPP/8 w - - 8 36,0.0,w
8/1p1k1p2/1p1n1p1p/3P4/5K2/P7/5PPP/5B2 w - - 0 38,0.0,w
4n3/1pk2p2/1p3p1p/3P4/6K1/P2B4/5PPP/8 w - - 4 40,0.0,w
4n3/1p3p2/1p1k3p/3P1p1K/4B3/P7/5PPP/8 w - - 0 42,0.0,w
8/1p3p2/1p1k3K/3P1p2/6n1/P4B2/5PPP/8 w - - 1 44,0.0,w
8/1p3p2/1p5K/3Pk3/8/P6B/5PPP/8 b - - 2 46,0.0,b
8/1p3K2/1pk5/8/8/P6B/5PPP/8 w - - 1 49,0.0,w
8/1p3K2/1pk5/8/8/PB6/5PPP/8 w - - 5 51,0.0,w
8/1pk5/4K3/1p1B4/8/P7/5PPP/8 w - - 0 53,0.0,w
8/1p6/3K4/kp6/4B3/P7/5PPP/8 w - - 4 55,0.0,w
8/8/3K4/k7/4B3/p7/5PPP/8 w - - 0 57,0.0,w
8/8/8/k7/3KB3/8/5PPP/q7 w - - 0 59,0.0,w
8/8/8/1k6/4B1P1/4K3/5P1P/4q3 w - - 1 61,0.0,w
8/8/8/1k6/4B1P1/4K3/5P1q/8 w - - 0 63,0.0,w
8/3q4/8/1k4P1/4B3/8/3K1P2/8 w - - 3 65,0.0,w
8/8/8/1kq3P1/4B3/5P2/2K5/8 w - - 1 67,0.0,w
8/8/8/1k4q1/4B3/5P2/K7/8 w - - 0 69,0.0,w
8/6q1/8/8/1k2B3/5P2/2K5/8 w - - 4 71,0.0,w
8/8/8/8/1k1qB3/5P2/4K3/8 w - - 8 73,0.0,w
8/8/8/8/1k2B3/5P2/3q2K1/8 w - - 12 75,0.0,w
8/8/8/8/4B3/1k3PK1/3q4/8 b - - 16 77,0.0,b
8/8/8/6q1/4B3/2k2P2/8/5K2 b - - 20 79,0.0,b
8/8/7q/8/8/2k2P2/6K1/1B6 b - - 24 81,0.0,b
8/8/8/5B2/8/2k2P1K/8/6q1 b - - 28 83,0.0,b
8/8/8/4qB2/6K1/2k2P2/8/8 b - - 32 85,0.0,b
8/8/8/5B2/6P1/8/1k6/8 w - - 1 88,0.0,w
8/8/6B1/6P1/8/8/k7/8 w - - 3 90,0.0,w
8/8/6P1/8/8/8/2k5/8 w - - 1 92,0.0,w
6Q1/8/8/8/8/8/2k5/8 w - - 1 94,0.0,w
8/8/8/8/8/8/8/3k4 w - - 0 96,0.0,w
r1bqkb1r/pp2pppp/1nn5/2p5/8/PBP5/1P1PNPPP/R1BQK2R b KQkq - 0 7,1.0,b
r2q1b1r/pp1kpBpp/1nn5/2p5/6b1/P1P5/1P1PNPPP/R1BQ1K1R b - - 0 9,1.0,b
r2q1b1r/pp1kp1pp/1nn1B3/8/2p5/P1P5/1PQPNPPP/R1B2K1R b - - 0 11,1.0,b
r2q1b1r/pp2p1pp/1nnk4/8/2p1Q3/P1P3N1/1P1P1PPP/R1B2K1R b - - 3 13,1.0,b
r4b1r/pp2p1pp/1nnk2q1/5N2/2p1Q3/P1P5/1P1P1PPP/1RB2K1R b - - 7 15,1.0,b
r4b1r/pp2p1pp/2n3q1/2kn1N2/2p3P1/P1P5/1P1P1PQP/1RB2K1R b - - 2 17,1.0,b
3r1b1r/pp2p1pp/1kn3q1/5N2/2p1Q1P1/P1P5/1P1P1P1P/1RB2K1R b - - 2 19,1.0,b
3r1b1r/pp2p1p1/1k4q1/5NPp/2pPQ3/P7/1P1P1P1P/1RB2K1R b - - 0 21,1.0,b
3r1br1/pp2p1p1/1k4q1/5NP1/2pPQ2p/P4P2/1P1PK2P/1RB4R b - - 0 23,1.0,b
3r1bQ1/pp2p1p1/8/k4Nq1/2pP3p/P4P2/1P1PK2P/1RB4R b - - 0 25,1.0,b
3r1b2/pp2p1p1/8/k4N2/2QP3p/P3KP2/1P1P3P/1RB4q b - - 0 27,1.0,b
3r1b2/pp2p3/8/k4NK1/2QP3p/P4P2/1P1P3P/1RB1q3 b - - 0 29,1.0,b
3r4/pp2p3/7K/k7/2QP3p/P4PN1/1P1P3P/1RB3q1 b - - 0 31,1.0,b
8/pp2p3/7K/k7/1P1r3p/P4PN1/3P3P/1RB5 b - b3 0 33,1.0,b
8/pp1rp3/1k5K/8/1P5N/P4P2/3P3P/1RB5 w - - 0 36,1.0,w
8/ppr1p3/6K1/1k3N2/1P6/P4P2/3P3P/1RB5 w - - 4 38,1.0,w
8/ppN1p3/6K1/8/1Pk5/P4P2/3P3P/1RB5 b - - 0 40,1.0,b
8/pp2p3/6K1/3N4/1P6/PR3P2/3Pk2P/2B5 b - - 4 42,1.0,b
8/ppN5/4p1K1/8/1P6/P1R2P2/3P3P/2Bk4 b - - 1 44,1.0,b
8/Np6/6K1/4p3/1P6/P1R2P2/3P3P/2B1k3 b - - 0 46,1.0,b
8/NR6/6K1/4p3/1P6/P4k2/3P3P/2B5 b - - 0 48,1.0,b
8/7R/2N3K1/8/1P2p3/P7/3P2kP/2B5 b - - 1 50,1.0,b
8/7R/8/6K1/1P1Np3/P7/3P2kP/2B5 b - - 5 52,1.0,b
8/8/8/8/1P1NpK1R/P7/3P3P/2B3k1 b - - 9 54,1.0,b
8/8/8/8/1P1NK1R1/P7/3P2kP/2B5 b - - 2 56,1.0,b
8/8/8/8/1P1N4/P3K3/3P3P/2B1k1R1 b - - 6 58,1.0,b
3rr1kb/p3pp1p/1p1n2pP/8/P2P4/2PqR3/3B1PP1/1RQ3K1 b - - 3 27,1.0,b
2qrr1kb/p3pp1p/1p1n2pP/8/PR1P4/2P5/3B1PP1/2Q1R1K1 b - - 7 29,1.0,b
3r2kb/p3rp1p/1p1n2pP/6B1/PR1P2q1/2P5/5PP1/2Q3K1 b - - 1 31,1.0,b
3r2kb/p4p1p/1p1n2pP/6q1/PR1P4/2P5/5PP1/1Q4K1 b - - 1 33,1.0,b
3r2kb/p4p1p/1p1n2p1/6q1/PR1P4/2P5/5PP1/1Q4K1 b - - 3 35,1.0,b
3r1k1b/p4p1p/1p4p1/1R4q1/P1nP4/2P5/5PP1/1Q4K1 b - - 7 37,1.0,b
3r1k1b/p4p1p/1pq3p1/1R6/P1nP4/2P4Q/5PP1/6K1 b - - 11 39,1.0,b
3r1k1Q/p2q1p2/1p1n2p1/1R6/P2P4/2P5/5PP1/6K1 b - - 0 41,1.0,b
3r4/p3kp2/1p1nq1p1/4R3/P2P3Q/2P5/5PP1/6K1 b - - 4 43,1.0,b
4rRk1/pp1b2np/2pb2p1/P2p4/6P1/2P5/1P1N2K1/R1BB4 b - - 0 27,1.0,b
4rk2/p2b2np/P1pb2p1/1p1p4/6P1/2P5/1P1N1K2/R1BB4 b - - 1 29,1.0,b
4r3/p2b1knp/P1p3p1/1pbp4/6P1/1NP5/1P6/R1BB1K2 b - - 5 31,1.0,b
4r3/p2b1k1p/Pbp1n1p1/1p1p4/6P1/1NP3B1/1P6/R2B1K2 b - - 9 33,1.0,b
8/p1nbrk1p/Pbp3p1/1p1p4/6P1/1NP2BB1/1P4K1/R7 b - - 13 35,1.0,b
8/p1nb2rp/PbpB1kp1/1p1p4/6P1/1NP2B2/1P4K1/4R3 b - - 17 37,1.0,b
8/p1nb1r1p/Pbp3p1/1p1pB1k1/6P1/1NP2BK1/1P6/4R3 b - - 21 39,1.0,b
8/p1n2r1p/P1p3p1/1p1pB1k1/3N2b1/2P2B2/1P3K2/4R3 b - - 1 41,1.0,b
8/p1n2r1p/P1p3p1/1p1pBk2/3N4/2P5/1P3K2/4R3 b - - 2 43,1.0,b
8/p1n2r1p/P1p3p1/3pB3/1p1N2k1/2P5/1P2K3/6R1 b - - 1 45,1.0,b
8/p1n2r1p/P1p3p1/3pB3/1p5k/2P2NR1/1P2K3/8 b - - 5 47,1.0,b
8/p1n2r1p/P1p3p1/4B1Rk/1pp5/5N2/1P2K3/8 b - - 1 49,1.0,b
8/p1n2r1p/P1p3pk/4B3/1p4R1/1p3N2/4K3/8 b - - 1 51,1.0,b
3r2k1/pb3ppp/1p3n2/4q3/1PB1P2n/4Q1NP/3r1PP1/2R1R1K1 b - - 2 30,0.0,b
3r2k1/pb3ppp/1p1q1n2/4P3/1PBr3n/4Q1NP/5PP1/2R1R2K b - - 0 32,0.0,b
3r2k1/pb3ppp/1p3n2/4P3/2Br3n/4Q1NP/5PP1/4R1K1 b - - 0 34,0.0,b
3r2k1/pb3Bpp/1p3n2/4P3/3r4/1Q4NP/5P2/4n1K1 b - - 0 36,0.0,b
3r1k2/pb3Bpp/1p3P2/8/3r4/5QNP/5P2/6K1 b - - 0 38,0.0,b
3r1k2/p6p/1p3p2/8/3r4/5bNP/2B2P2/6K1 b - - 1 40,0.0,b
5k2/p2r3p/1p3p2/5B2/8/5bNP/5P1K/3r4 b - - 5 42,0.0,b
5k2/p6p/1p3p2/8/4B3/7P/3r1P1K/3r4 b - - 0 44,0.0,b
5k2/p6B/1p3p2/8/8/6KP/r7/3r4 b - - 0 46,0.0,b
5k2/p6B/1p3p2/5K2/3r4/r6P/8/8 b - - 4 48,0.0,b
6B1/p3k3/1p3pK1/8/3r4/7r/8/8 b - - 1 50,0.0,b
8/p3k3/5pK1/1p6/3r2B1/6r1/8/8 b - - 3 52,0.0,b
8/p2k4/5K2/1p6/6r1/6r1/8/8 b - - 0 54,0.0,b
r1bqkb1r/pp2pppp/2n2n2/2pp4/5P2/2PPBN2/PP2P1PP/R2QKB1R b KQkq - 3 5,0.5,b
r1b1kb1r/pp2pppp/2n2n2/2qp4/5P2/2PP1N2/PP2P1PP/R1Q1KB1R b KQkq - 1 7,0.5,b
r3kb1r/pp1bpppp/2n2n2/2qp1P2/8/2PP1NP1/PP2P2P/R1Q1KB1R b KQkq - 0 9,0.5,b
2kr1b1r/pp2pppp/2n2n2/2qp1Q2/8/2PP1NP1/PP2P2P/R3KB1R b KQ - 0 11,0.5,b
3r1b1r/ppk1pppp/1qn2n2/3p1Q2/3P4/2P2NP1/PP1KP2P/R4B1R b - - 2 13,0.5,b
3r1b1r/ppk1pppp/1qn5/3p4/3P1Q2/2P2NP1/PP2Pn1P/R1K2B1R b - - 6 15,0.5,b
2kr1b1r/pp2pQpp/1qn5/3p4/3P4/2P2NP1/PP2Pn1P/R1K2BR1 b - - 0 17,0.5,b
k2r1b1r/pp2p1pp/1qn5/3p2N1/3P1Q2/2P3P1/PP2Pn1P/R1K2BR1 b - - 4 19,0.5,b
k2r1b1N/pp2p1pp/1qn5/3pn3/3P1Q2/2P3P1/PP2P2P/R1K2BR1 b - - 0 21,0.5,b
k2r1b1N/pp2p1pp/1qnn4/3p4/3P1Q2/2P3P1/PP1KP2P/1R3BR1 b - - 4 23,0.5,b
k2r1b1N/pp4pp/1qn5/3pP3/4nQ2/2P3P1/PP2P2P/1R1K1BR1 b - - 0 25,0.5,b
k2r1b2/pp3N1p/2n5/3pPQp1/4n3/2P3P1/PP2P2P/1R1K1Bq1 b - - 1 27,0.5,b
k2r1b2/pp3N1p/2n5/3pPQp1/4n3/1KP3P1/PP1qP2P/1R3B2 b - - 5 29,0.5,b
k4b2/pp1r3p/2n5/2npPQN1/8/K1P3P1/PP1qP2P/1R3B2 b - - 2 31,0.5,b
kn6/pp1r3p/2n5/3pP1N1/5Q2/K1P3P1/PP1qP2P/1R3B2 b - - 2 33,0.5,b
k7/pp1r3p/n1n5/3pP1N1/5P2/K1P5/PP2P2P/3R1B2 b - - 2 35,0.5,b
k7/ppn3rp/2n1N3/3pP3/5P2/K1P4B/PP2P2P/3R4 b - - 6 37,0.5,b
k7/pp4rp/2n1B3/4P3/3P1P2/K7/PP2P2P/3R4 b - - 0 39,0.5,b
1k6/pp4rp/4B3/3PP3/8/K7/PP2P2P/3R4 b - - 0 41,0.5,b
1k6/p6p/1p1PB3/4P1r1/1K6/8/PP2P2P/3R4 b - - 0 43,0.5,b
2k5/p2P3p/1p6/4r3/1KB5/8/PP2P2P/3R4 b - - 0 45,0.5,b
3k2B1/p2P3p/1p6/8/1K5P/8/PP2r3/3R4 b - h3 0 47,0.5,b
3k4/p2P3B/1p6/8/7P/2K5/P6r/3R4 b - - 0 49,0.5,b
3k4/p2P4/1p4B1/r7/7P/2K5/8/3R4 b - - 3 51,0.5,b
3k4/p2P4/1p6/5B2/7P/7r/1K6/3R4 b - - 7 53,0.5,b
3k4/p2P4/1p6/8/5r2/2K5/2B5/3R4 b - - 3 55,0.5,b
3k4/p2r4/1p4B1/8/8/2K5/8/4R3 b - - 1 57,0.5,b
3k4/p7/1pr5/5B2/3K4/8/8/4R3 b - - 5 59,0.5,b
3k4/p7/8/1p2RB2/2r5/4K3/8/8 b - - 3 61,0.5,b
8/p1k5/8/1R6/8/2rBK3/8/8 b - - 2 63,0.5,b
8/2k5/p1r5/8/8/4K3/1R6/5B2 b - - 3 65,0.5,b
8/2k5/4r3/p7/8/8/1R1K2B1/8 b - - 1 67,0.5,b
3r4/2k5/8/p7/8/2K2B2/1R6/8 b - - 5 69,0.5,b
8/2k5/8/p7/4B3/2K5/1R6/5r2 w - - 9 72,0.5,w
2k5/R7/8/p7/4B3/2K5/8/r7 w - - 13 74,0.5,w
8/2k5/8/r7/4B3/1K6/8/8 w - - 2 76,0.5,w
8/8/3k4/2r5/8/1K6/8/3B4 w - - 6 78,0.5,w
8/8/3k4/4r3/4B3/1K6/8/8 w - - 10 80,0.5,w
8/8/8/2k5/8/8/1K6/4r2B w - - 14 82,0.5,w
7r/8/8/2k4B/8/8/1K6/8 w - - 18 84,0.5,w
5k2/p1rr1ppp/1p3n2/1P2P3/5P1n/R5NP/4b1P1/R5K1 w - - 0 40,0.0,w
5k2/p1rr2pp/1p2p3/1P1n4/5P1n/R6P/4N1P1/R5K1 w - - 0 42,0.0,w
8/p1rrk1pp/1p2p3/1P1n1n2/5P2/3R2PP/4N3/R5K1 w - - 1 44,0.0,w
8/p1rrk1pp/1p2p3/1P6/3R1P2/2n3PP/8/R5K1 w - - 1 46,0.0,w
8/p2rk1pp/1p2p3/1n6/5P2/6PP/5K2/R7 w - - 0 48,0.0,w
8/p3k1pp/1p2p3/1n1r4/5P2/4K1PP/8/1R6 w - - 4 50,0.0,w
8/p3k1pp/1p2p3/3r4/4nP2/6PP/1R3K2/8 w - - 8 52,0.0,w
8/p3k1pp/1p2p3/2n5/5P2/3r1KPP/R7/8 w - - 12 54,0.0,w
8/4k1pp/1p2p3/p1n5/5P2/6rP/2R1K3/8 w - - 0 56,0.0,w
8/4k1pp/1p2p3/p1n5/5P2/1r6/2R3K1/8 w - - 2 58,0.0,w
8/4k1pp/1p2p3/2n2P2/8/pr6/4R1K1/8 w - - 0 60,0.0,w
8/4k1pp/1p2P3/2n5/8/p7/4r3/5K2 w - - 0 62,0.0,w
8/4k1pp/1p2P3/2n5/8/5K2/8/q7 w - - 0 64,0.0,w
8/6pp/1p2k3/2n5/8/8/5K2/3q4 w - - 2 66,0.0,w
8/6pp/1p2k3/2n5/8/8/3K2q1/8 w - - 6 68,0.0,w
8/6pp/1p2k3/8/n7/8/1q6/1K6 w - - 10 70,0.0,w
4rrk1/1pb2pp1/p1p1q3/P1Pp1b1n/1P1B1P2/3BP1np/R3Q1PP/4NRK1 w - - 2 24,0.0,w
4rrk1/1pb2pp1/p1p3q1/P1Pp3n/1P1B1P2/3QP1Pp/R5P1/4NRK1 w - - 1 26,0.0,w
4rrk1/1pb3p1/p1p3p1/P1Pp4/1P1B1P2/3NP1np/R5P1/5RK1 w - - 0 28,0.0,w
4r1k1/1pb2rp1/p1p3p1/P1Pp1n2/1P1B1P2/3NP2P/R7/1R4K1 w - - 1 30,0.0,w
5k2/1pb2rp1/p1p1r1p1/P1Pp1n2/1P1B1P2/3NP2P/6R1/4R1K1 w - - 5 32,0.0,w
5k2/1pb2rp1/p1p3p1/P1Pp2R1/1P1P1P2/3N3P/8/4r1K1 w - - 0 34,0.0,w
5k2/1p3rp1/p1p3R1/P1Pp4/1P1P4/7P/3b4/4N1K1 w - - 1 36,0.0,w
5k2/1p3rp1/p1p3R1/P1Pp4/1P1b4/3N3P/6K1/8 w - - 0 38,0.0,w
5k2/1p3rp1/p1p4b/P1Pp4/1P6/3N2RP/6K1/8 w - - 4 40,0.0,w
5k2/6p1/p1p4b/P1Pp1r2/1P6/6RP/6K1/8 w - - 0 42,0.0,w
5k2/6p1/p1p5/P1Pp2b1/1P6/7P/6K1/8 w - - 0 44,0.0,w
8/5kp1/p1p2b2/P1Pp4/1P6/7P/4K3/8 w - - 4 46,0.0,w
8/5kp1/p7/PpPpb3/8/7P/3K4/8 w - - 0 48,0.0,w
8/2b2kp1/p1P5/Pp6/3p4/3K3P/8/8 w - - 2 50,0.0,w
8/2b2kp1/p7/1p6/3K4/7P/8/8 w - - 0 52,0.0,w
8/2b3p1/p1K2k2/8/1p6/7P/8/8 w - - 0 54,0.0,w
8/6p1/pK3k2/8/8/7P/1p6/8 w - - 0 56,0.0,w
8/6p1/K4k2/8/1q5P/8/8/8 w - - 1 58,0.0,w
8/K5p1/8/1q3k1P/8/8/8/8 w - - 3 60,0.0,w
K7/6p1/7q/5k2/8/8/8/8 w - - 0 62,0.0,w
8/2K5/7q/5k2/6p1/8/8/8 b - - 1 64,0.0,b
4K3/8/7q/5k2/8/8/6p1/8 b - - 1 66,0.0,b
4K3/6q1/8/5k2/8/8/8/6q1 b - - 1 68,0.0,b
4K3/6q1/8/5k2/8/8/8/2q5 b - - 5 70,0.0,b
5rk1/1pb2pp1/p1p1r3/P1Pp1Bnn/1P1B1P2/4P3/6RP/3R2K1 b - - 0 29,0.0,b
5rk1/1pb2pp1/p1p1B3/P1Pp3n/1P1n1P2/4P3/5KRP/3R4 b - - 0 31,0.0,b
3n1rk1/1pb2pp1/p1p5/P1Pp1P1n/1P2P3/8/5KRP/3R4 b - - 0 33,0.0,b
3n1rk1/1pb2pp1/p1p2n2/P1P2P2/1P2p3/8/5KRP/3R4 b - - 3 35,0.0,b
3n1rk1/1p3pp1/p1P2n2/Pp3P2/4p3/8/5KRb/3R4 b - - 0 37,0.0,b
5rk1/1p3pp1/p1n2n2/Pp2bP2/4p3/8/5KR1/3R4 b - - 3 39,0.0,b
4r3/1p3ppk/p4n2/np2bP2/4p3/8/5K2/3R2R1 w - - 3 42,0.0,w
4r1k1/1p3pp1/p4n2/1p2bP2/2n1p3/8/5K2/3R2R1 w - - 7 44,0.0,w
4r1k1/1p3pp1/p4n2/1p2bn2/4p3/8/5K2/1R5R w - - 0 46,0.0,w
4r1k1/1p3pp1/p4n2/1p3n2/4p3/2b5/8/1R2KR2 w - - 4 48,0.0,w
4r1k1/1p3pp1/p4n2/1p6/4p3/2b5/5K2/1R3n2 w - - 0 50,0.0,w
4r1k1/1p3pp1/p4n2/1p6/3b4/4p3/6K1/5R2 w - - 0 52,0.0,w
4r1k1/1p3pp1/p4n2/8/1R1b4/8/4p1K1/8 w - - 0 54,0.0,w
6k1/1p3pp1/p4n2/8/5R2/8/4r1K1/4q3 w - - 2 56,0.0,w
4r1k1/1pb2pp1/p1p1r3/P1np4/1P3P1P/3RPB2/6R1/5K2 w - - 0 37,1.0,w
6k1/1pb2pp1/p1p5/P1Pp4/5P1P/4rB2/6R1/5K2 w - - 0 39,1.0,w
6k1/1p2rpp1/p1p5/b1Pp3B/5P1P/8/1R6/5K2 w - - 0 41,1.0,w
8/1R2rppk/p1p5/b1Pp4/5P1P/5B2/6K1/8 b - - 0 43,1.0,b
3b4/4Rpp1/p1p3k1/2Pp3P/5P2/5B2/6K1/8 b - - 0 45,1.0,b
3b4/R4pp1/2p2k2/p1Pp3P/5P2/5BK1/8/8 b - - 1 47,1.0,b
8/4bpp1/2R5/p1Pp1k1P/5P2/5BK1/8/8 w - - 0 50,1.0,w
8/6p1/2R2p2/p1bB1k1P/5P2/5K2/8/8 w - - 0 52,1.0,w
r1bqkb1r/pp2pp1p/2n2np1/2pp4/5P2/2PPBNP1/PP2P2P/R2QKB1R b KQkq - 1 6,0.0,b
r1b1kb1r/pp2pp1p/2n2np1/2qp4/5P2/2PP1NP1/PP2P1BP/R2QK2R b KQkq - 1 8,0.0,b
r1bk1b1r/pp2pp1p/2Nq1np1/3p4/5P2/2PP2P1/PP2P1BP/R2QK2R b KQ - 0 10,0.0,b
1rbk1b1r/p3pp1p/2pq1np1/3p4/2P2P2/3P2P1/PP2PKBP/R2Q3R b - - 0 12,0.0,b
1r1k1b1r/p3pp1p/3q1np1/3p1b2/2P2P2/3P2P1/PP2PK1P/R1Q4R b - - 1 14,0.0,b
1r1k1b1r/p3pp1p/5np1/3q1b2/4PP2/3P2P1/PP3K1P/R1Q4R b - e3 0 16,0.0,b
1r1k1b1r/p3pp1p/5np1/5b2/4PP2/3P2P1/PQ4KP/R6R b - - 0 18,0.0,b
3k1b1r/p3pp1p/4bnp1/8/4PP2/P2P2P1/1r5P/R5KR b - - 0 20,0.0,b
3k1b1r/p3pp1p/4b1p1/4PP1n/8/P2P2P1/3r3P/R5KR b - - 0 22,0.0,b
1R1k1b1r/p3pp1p/6p1/4P2n/8/P2b2P1/3r3P/6KR b - - 1 24,0.0,b
5b1r/p3pp1p/2k3p1/4P2n/8/PR1b2P1/3r3P/6KR b - - 5 26,0.0,b
5b1r/p3pp1p/2k3p1/4P2n/2b5/P1R3P1/6KP/3r3R b - - 9 28,0.0,b
5b1r/p3pp1p/6p1/1k2P2n/2b5/P1R3P1/6KP/8 b - - 2 30,0.0,b
7r/p3ppbp/6p1/4P2n/2k3P1/P7/6KP/8 b - - 0 32,0.0,b
r7/p3ppbp/6p1/4P3/2k2nP1/P7/5K1P/8 b - - 4 34,0.0,b
r7/p3pp1p/4n1p1/4b3/2k3P1/P4K1P/8/8 b - - 0 36,0.0,b
3r4/p3pp1p/6p1/4b1n1/2k3PP/P7/6K1/8 b - - 0 38,0.0,b
8/p3pp1p/6p1/4b3/2k3PP/P4n2/3r4/5K2 w - - 4 41,0.0,w
rnb2rk1/pp3ppp/2p2n2/3pp3/2P5/qPN1P3/P1BP1PPP/2RQK2R b K - 1 10,0.0,b
rnbr2k1/pp3ppp/2p2n2/3pp3/2P5/1PN1P3/PqBPKPPP/1R1Q3R b - - 5 12,0.0,b
rnbr2k1/pp3ppp/q1p2n2/3pp3/2P5/1PNPP3/P1B1KPPP/1RQ4R b - - 0 14,0.0,b
rn1r2k1/pp3ppp/q1p5/3Npb2/8/1P1PP3/P1B1KPPP/1RQ4R b - - 0 16,0.0,b
r2r2k1/pp1n1ppp/q7/3ppb2/8/1P1PPK2/P1B2PPP/R1Q4R b - - 3 18,0.0,b
r1r3k1/pp1n1ppp/q3b3/3pp3/4P3/1P1P1K2/P1B2PPP/RQ5R b - - 2 20,0.0,b
r1r3k1/pp3ppp/q3bn2/4p3/4P3/1P3K2/P1B2PPP/RQR5 b - - 0 22,0.0,b
r5k1/pp3ppp/3qbn2/4p3/4P3/1PrB1K2/P4PPP/RQ2R3 b - - 4 24,0.0,b
r5k1/pp3ppp/3q1n2/4p3/4P1b1/1P1rR1K1/P4PPP/RQ6 b - - 3 26,0.0,b
r5k1/pp1q1ppp/5n2/4p3/1P2P1b1/4P1K1/P5PP/RQ6 b - - 0 28,0.0,b
2r3k1/pp1q1ppp/8/4p3/1P2n1bK/4P3/PQ4PP/R7 b - - 1 30,0.0,b
3r2k1/pb3ppp/5n2/1p6/1PBrP2n/5PNP/6P1/2R1R1K1 w - - 0 33,0.0,w
3r2k1/pb3ppp/5n2/1B6/1r2P3/5PNP/6K1/2R1R3 w - - 0 35,0.0,w
r5k1/pb3ppp/5n2/8/4P3/5PNP/1r2B1K1/R3R3 w - - 4 37,0.0,w
r2r2k1/pb3ppp/5n2/5N2/4P3/5P1P/4BK2/R3R3 w - - 8 39,0.0,w
r2r1k2/p4ppp/5n2/8/4b3/4NP1P/4BK2/RR6 w - - 0 41,0.0,w
r2r1k2/p4ppp/8/8/8/2n1N2P/4B1K1/RR6 w - - 2 43,0.0,w
r2r4/p3kppp/8/8/8/4N2P/4R1K1/R7 w - - 1 45,0.0,w
2rr4/p2k1ppp/8/8/2N5/7P/4R1K1/4R3 w - - 5 47,0.0,w
3r4/p4ppp/2k5/8/2N5/7P/6K1/4R3 w - - 0 49,0.0,w
3r4/p4ppp/8/2k1N3/8/7P/6K1/1R6 w - - 4 51,0.0,w
8/p4Npp/8/2k5/3r4/7P/8/1R3K2 w - - 3 53,0.0,w
8/p5pp/8/2k2rN1/8/7P/8/1R4K1 w - - 7 55,0.0,w
5N2/p5p1/8/2k5/8/7r/8/1R4K1 w - - 0 57,0.0,w
5N2/p5p1/1k5r/8/8/8/6K1/R7 w - - 4 59,0.0,w
8/p5p1/2k4r/2N5/8/8/6K1/R7 w - - 8 61,0.0,w
8/p5p1/6r1/3k4/8/8/3N2K1/R7 w - - 12 63,0.0,w
8/R5p1/6r1/8/3k3K/8/3N4/8 b - - 0 65,0.0,b
8/6R1/8/8/3k3K/8/r7/8 w - - 1 68,0.0,w
8/4R3/8/8/7K/3k4/r7/8 w - - 5 70,0.0,w
8/8/8/8/6K1/4k3/r7/8 w - - 2 72,0.0,w
8/8/8/1r2K3/8/4k3/8/8 w - - 6 74,0.0,w
8/8/1r1K4/8/3k4/8/8/8 w - - 10 76,0.0,w
1K6/8/7r/2k5/8/8/8/8 w - - 14 78,0.0,w
1K6/7r/2k5/8/8/8/8/8 w - - 18 80,0.0,w
1K5r/8/1k6/8/8/8/8/8 w - - 22 82,0.0,w
r3rnk1/pp1b1ppp/2p5/3pPPbn/8/2P5/PPBN2PP/R1B2R1K w - - 1 18,0.0,w
r4nk1/pp1b1ppp/2p5/3prP1P/8/2P1b3/PPBN3P/R1B2R1K w - - 0 20,0.0,w
4rnk1/pp1b1ppp/2p5/3prP1P/8/2P5/PPBb2KP/R1B1R3 w - - 0 22,0.0,w
5nk1/pp1b1ppp/2p5/3p1P1P/8/2P5/PPBBr1KP/R7 w - - 1 24,0.0,w
5nk1/pp1b1ppp/2p5/3p1P1P/8/2P3K1/PPB1r2P/2R5 w - - 2 26,0.0,w
6k1/pp1b1p1p/2p1np1P/3p4/8/2P3K1/PPB1r2P/2R5 w - - 1 28,0.0,w
8/pp1b1p1k/2p1np1P/3p4/8/2P3K1/Pr5P/5R2 w - - 0 30,0.0,w
4b3/pp3p1k/2p1n2P/3p4/8/2P3K1/P4r1P/8 w - - 0 32,0.0,w
4b3/pp3p2/2p1n2k/8/3p4/2P5/P3K2P/8 w - - 0 34,0.0,w
4b3/pp3p2/7k/2p5/3n4/8/P6P/4K3 w - - 0 36,0.0,w
8/pp3p2/2b3k1/2p5/3n4/P7/5K1P/8 w - - 1 38,0.0,w
8/pp3p2/2b3k1/8/2p5/P7/2n2K1P/8 w - - 0 40,0.0,w
8/pp3p2/6k1/P7/4b3/2p5/2n2K1P/8 w - - 1 42,0.0,w
8/1p3p2/p5k1/P7/3nb3/2p4P/4K3/8 w - - 1 44,0.0,w
8/1p3p2/p5k1/P4n2/4K3/7P/2p5/8 w - - 1 46,0.0,w
8/1p3p2/p5k1/P4n2/8/4qK1P/8/8 w - - 2 48,0.0,w
8/1p3p2/p5k1/P7/3n4/6qP/8/5K2 w - - 6 50,0.0,w
8/1p3p2/p6k/P6P/3n4/8/7q/5K2 w - - 1 52,0.0,w
